customer_id,name,email,city,joined_on,membership,_ingestion_timestamp,_source_file
1,Aadhya Chauhan,aadhyachauhan@rediffmail.com,Pune,2022-03-05,BASIC,2026-08-12T13:29:33.514031,customers.csv
1863,Jyoti Banerjee,jyotibanerjee@outlook.com,Allahabad,2020-05-04,BASIC,2026-08-12T13:29:33.514031,customers.csv
1864,Girish Mehta,girishmehta@gmail.com,Gurugram,2022-02-10,LIBRARY,2026-08-12T13:29:33.514031,customers.csv
1865,Aadhya Sarkar,aadhyasarkar@gmail.com,Ahmedabad,2022-07-20,PREMIUM,2026-08-12T13:29:33.514031,customers.csv
1866,Diya Roy,diyaroy@hotmail.com,Surat,2023-07-10,BASIC,2026-08-12T13:29:33.514031,customers.csv
1867,Isha Mehta,ishamehta@yahoo.com,Meerut,2024-08-16,BASIC,2026-08-12T13:29:33.514031,customers.csv
1868,Chinmay Khanna,chinmaykhanna@gmail.com,Nagpur,2022-02-02,PREMIUM,2026-08-12T13:29:33.514031,customers.csv
1869,Kiara Rajan,kiararajan@gmail.com,Guwahati,2019-01-14,BASIC,2026-08-12T13:29:33.514031,customers.csv
1870,Riya Bhaduri,riyabhaduri@gmail.com,Ahmedabad,2019-12-19,PREMIUM,2026-08-12T13:29:33.514031,customers.csv
1871,Vinod Rao,vinodrao@gmail.com,Chennai,2019-12-20,BASIC,2026-08-12T13:29:33.514031,customers.csv
1872,Rahul Roy,rahulroy@gmail.com,Kota,2019-02-12,BASIC,2026-08-12T13:29:33.514031,customers.csv
1873,Aisha Awasthi,aishaawasthi@gmail.com,Mysuru,2021-10-07,BASIC,2026-08-12T13:29:33.514031,customers.csv
1874,Isha Tripathi,ishatripathi@gmail.com,Pune,2023-04-03,PREMIUM,2026-08-12T13:29:33.514031,customers.csv
1875,Shreya Pandey,shreyapandey@gmail.com,Coimbatore,2023-08-23,BASIC,2026-08-12T13:29:33.514031,customers.csv
1876,Himani Tripathi,himani.tripathi@yahoo.com,Hyderabad,2022-04-23,BASIC,2026-08-12T13:29:33.514031,customers.csv
1877,Aliya Deshpande,aliyadeshpande@gmail.com,Patna,2023-01-29,BASIC,2026-08-12T13:29:33.514031,customers.csv
1878,Sachin Balaji,sachinbalaji@gmail.com,Mumbai,2023-04-29,BASIC,2026-08-12T13:29:33.514031,customers.csv
1879,Sushma Chakraborty,sushmachakraborty@outlook.com,Ahmedabad,2022-03-28,BASIC,2026-08-12T13:29:33.514031,customers.csv
1862,Vihaan Sarkar,vihaansarkar@gmail.com,Nashik,2020-12-25,LIBRARY,2026-08-12T13:29:33.514031,customers.csv
1861,Saanvi Krishnan,saanvikrishnan@ymail.com,Chittorgarh,2019-06-06,BASIC,2026-08-12T13:29:33.514031,customers.csv
1860,Garima Kumar,garimakumar@rediffmail.com,Dhanbad,2024-02-05,BASIC,2026-08-12T13:29:33.514031,customers.csv
1859,Sunita Desai,sunitadesai@yahoo.co.in,Pune,2019-08-23,PREMIUM,2026-08-12T13:29:33.514031,customers.csv
1841,Ayaan Biswas,ayaanbiswas@gmail.com,Delhi,2021-07-14,BASIC,2026-08-12T13:29:33.514031,customers.csv
1842,Zara Verma,zaraverma@yahoo.co.in,Pune,2023-10-12,PREMIUM,2026-08-12T13:29:33.514031,customers.csv
1843,Chinmay Sethi,chinmaysethi@outlook.com,Guntur,2021-04-09,BASIC,2026-08-12T13:29:33.514031,customers.csv
1844,Kunal Bose,kunalbose@yahoo.com,Pune,2021-12-12,PREMIUM,2026-08-12T13:29:33.514031,customers.csv
1845,Dhruv Banerjee,dhruvbanerjee@outlook.com,Ahmedabad,2022-02-09,LIBRARY,2026-08-12T13:29:33.514031,customers.csv
1846,Shubham Sarkar,shubhamsarkar@rediffmail.com,Chennai,2019-01-11,LIBRARY,2026-08-12T13:29:33.514031,customers.csv
1847,Nisha Chauhan,nisha.chauhan@gmail.com,Hyderabad,2024-05-01,LIBRARY,2026-08-12T13:29:33.514031,customers.csv
1848,Aarav Saxena,aaravsaxena@gmail.com,Hyderabad,2023-12-06,BASIC,2026-08-12T13:29:33.514031,customers.csv
1880,Vikram Rajan,vikramrajan@yahoo.co.in,Delhi,2021-05-13,BASIC,2026-08-12T13:29:33.514031,customers.csv
1849,Laila Krishnan,lailakrishnan@yahoo.co.in,Patna,2020-04-25,BASIC,2026-08-12T13:29:33.514031,customers.csv
1851,Isha Balaji,ishabalaji@ymail.com,Delhi,2021-05-26,BASIC,2026-08-12T13:29:33.514031,customers.csv
1852,Aisha Kapoor,aishakapoor@gmail.com,Ghaziabad,2023-12-14,BASIC,2026-08-12T13:29:33.514031,customers.csv
1853,Ruhi Mittal,ruhimittal@gmail.com,Coimbatore,2023-11-19,PREMIUM,2026-08-12T13:29:33.514031,customers.csv
1854,Suresh Pandey,sureshpandey@hotmail.com,Faridabad,2022-11-18,PREMIUM,2026-08-12T13:29:33.514031,customers.csv
1855,Ramesh Chauhan,rameshchauhan@ymail.com,Rohtak,2021-02-21,BASIC,2026-08-12T13:29:33.514031,customers.csv
1856,Gaurav Pandey,gauravpandey@gmail.com,Chennai,2023-01-18,PREMIUM,2026-08-12T13:29:33.514031,customers.csv
1857,Aadhya Sharma,aadhyasharma@yahoo.co.in,Ahmedabad,2023-02-19,BASIC,2026-08-12T13:29:33.514031,customers.csv
1858,Savita Verma,savitaverma@yahoo.co.in,Mumbai,2022-01-31,PREMIUM,2026-08-12T13:29:33.514031,customers.csv
1850,Aakash Desai,aakashdesai@outlook.com,Nashik,2022-12-25,BASIC,2026-08-12T13:29:33.514031,customers.csv
1840,Aliya Tripathi,aliyatripathi@gmail.com,Vadodara,2022-09-17,BASIC,2026-08-12T13:29:33.514031,customers.csv
1881,Navya Mane,navyamane@gmail.com,Davangere,2021-02-02,BASIC,2026-08-12T13:29:33.514031,customers.csv
1883,Kunal Patel,kunalpatel@gmail.com,Guwahati,2019-02-02,BASIC,2026-08-12T13:29:33.514031,customers.csv
1907,Sana Jadhav,sanajadhav@rediffmail.com,Bhubaneswar,2023-07-04,BASIC,2026-08-12T13:29:33.514031,customers.csv
1908,Sachin Gupta,sachingupta@outlook.com,Kolkata,2020-04-19,PREMIUM,2026-08-12T13:29:33.514031,customers.csv
1909,Ekta Patil,ektapatil@hotmail.com,Sikar,2022-10-04,LIBRARY,2026-08-12T13:29:33.514031,customers.csv
1910,Sushma Bajpai,sushmabajpai@gmail.com,Raipur,2023-04-20,LIBRARY,2026-08-12T13:29:33.514031,customers.csv
1911,Hira Reddy,hirareddy@gmail.com,Ahmedabad,2021-11-22,BASIC,2026-08-12T13:29:33.514031,customers.csv
1912,Kamala Sarkar,kamalasarkar@rediffmail.com,Nagpur,2024-03-18,BASIC,2026-08-12T13:29:33.514031,customers.csv
1913,Sai Chatterjee,saichatterjee@rediffmail.com,Jaipur,2023-02-21,BASIC,2026-08-12T13:29:33.514031,customers.csv
1914,Ramesh Chaturvedi,ramesh.chaturvedi@yahoo.co.in,Kota,2019-04-07,PREMIUM,2026-08-12T13:29:33.514031,customers.csv
1915,Avni Pandey,avnipandey@hotmail.com,Kanpur,2024-01-04,BASIC,2026-08-12T13:29:33.514031,customers.csv
1916,Tanvi Patel,tanvipatel@gmail.com,Ahmedabad,2019-05-30,PREMIUM,2026-08-12T13:29:33.514031,customers.csv
1917,Shubham Desai,shubham.desai@gmail.com,Delhi,2020-01-23,BASIC,2026-08-12T13:29:33.514031,customers.csv
1918,Chinmay Das,chinmaydas@rediffmail.com,Nagpur,2022-01-30,BASIC,2026-08-12T13:29:33.514031,customers.csv
1919,Santosh Biswas,santoshbiswas@ymail.com,Coimbatore,2019-06-16,BASIC,2026-08-12T13:29:33.514031,customers.csv
1920,Rohit Awasthi,rohitawasthi@gmail.com,Chandigarh,2020-02-19,BASIC,2026-08-12T13:29:33.514031,customers.csv
1921,Kamala Reddy,kamalareddy@yahoo.co.in,Kanpur,2019-04-02,BASIC,2026-08-12T13:29:33.514031,customers.csv
1922,Prasad Mittal,prasadmittal@gmail.com,Ghaziabad,2023-11-11,BASIC,2026-08-12T13:29:33.514031,customers.csv
1923,Chetna Tripathi,chetnatripathi@yahoo.co.in,Dhanbad,2021-09-25,PREMIUM,2026-08-12T13:29:33.514031,customers.csv
1906,Ekta Verma,ektaverma@hotmail.com,Bengaluru,2024-09-07,BASIC,2026-08-12T13:29:33.514031,customers.csv
1905,Ekta Reddy,ektareddy@gmail.com,Bhubaneswar,2023-07-15,LIBRARY,2026-08-12T13:29:33.514031,customers.csv
1904,Ishita Trivedi,ishitatrivedi@gmail.com,Lucknow,2020-03-11,BASIC,2026-08-12T13:29:33.514031,customers.csv
1903,Rudra Malhotra,rudramalhotra@outlook.com,Thiruvananthapuram,2024-05-22,BASIC,2026-08-12T13:29:33.514031,customers.csv
1884,Sundar Krishnan,sundarkrishnan@hotmail.com,Bhubaneswar,2020-02-15,BASIC,2026-08-12T13:29:33.514031,customers.csv
1885,Rajesh Sethi,rajeshsethi@rediffmail.com,Vadodara,2019-03-31,BASIC,2026-08-12T13:29:33.514031,customers.csv
1887,Meera Mittal,meeramittal@hotmail.com,Chandigarh,2024-05-30,PREMIUM,2026-08-12T13:29:33.514031,customers.csv
1888,Manish Bhatia,manishbhatia@yahoo.com,Kota,2024-09-07,BASIC,2026-08-12T13:29:33.514031,customers.csv
1889,Sundar Bhatt,sundarbhatt@outlook.com,Kochi,2020-11-02,PREMIUM,2026-08-12T13:29:33.514031,customers.csv
1890,Diya Bhatia,diyabhatia@ymail.com,Chennai,2020-07-25,BASIC,2026-08-12T13:29:33.514031,customers.csv
1891,Nadia Srivastava,nadiasrivastava@gmail.com,Pune,2020-08-02,LIBRARY,2026-08-12T13:29:33.514031,customers.csv
1892,Suresh Jadhav,sureshjadhav@gmail.com,Indore,2020-08-27,BASIC,2026-08-12T13:29:33.514031,customers.csv
1882,Pranav Mane,pranavmane@hotmail.com,Jaipur,2023-03-28,PREMIUM,2026-08-12T13:29:33.514031,customers.csv
1893,Saanvi Bhatia,saanvibhatia@gmail.com,Chennai,2021-04-12,BASIC,2026-08-12T13:29:33.514031,customers.csv
1895,Sunita Mishra,sunitamishra@gmail.com,Bhopal,2023-06-03,PREMIUM,2026-08-12T13:29:33.514031,customers.csv
1896,Navya Krishnan,navyakrishnan@outlook.com,Allahabad,2021-09-21,LIBRARY,2026-08-12T13:29:33.514031,customers.csv
1897,Advaith Vyas,advaithvyas@hotmail.com,Kota,2020-06-30,BASIC,2026-08-12T13:29:33.514031,customers.csv
1898,Sachin Saxena,sachinsaxena@outlook.com,Chandigarh,2019-10-21,BASIC,2026-08-12T13:29:33.514031,customers.csv
1899,Geeta Roy,geetaroy@yahoo.com,Mangaluru,2020-12-30,LIBRARY,2026-08-12T13:29:33.514031,customers.csv
1900,Priya Awasthi,priyaawasthi@hotmail.com,Patna,2019-01-07,PREMIUM,2026-08-12T13:29:33.514031,customers.csv
1901,Mihir Desai,mihirdesai@yahoo.com,Hyderabad,2021-02-08,BASIC,2026-08-12T13:29:33.514031,customers.csv
1902,Navya Bhatia,navyabhatia@gmail.com,Ahmedabad,2021-01-06,BASIC,2026-08-12T13:29:33.514031,customers.csv
1894,Atharva Garg,atharvagarg@ymail.com,Noida,2023-03-13,BASIC,2026-08-12T13:29:33.514031,customers.csv
1924,Dipali Gupta,dipaligupta@rediffmail.com,Chennai,2023-11-25,BASIC,2026-08-12T13:29:33.514031,customers.csv
1839,Rahul Trivedi,rahultrivedi@gmail.com,Bhopal,2019-01-23,BASIC,2026-08-12T13:29:33.514031,customers.csv
1837,Harsh Awasthi,harshawasthi@yahoo.co.in,Bhopal,2021-05-12,BASIC,2026-08-12T13:29:33.514031,customers.csv
1777,Sachin Roy,sachinroy@gmail.com,Hyderabad,2019-02-01,PREMIUM,2026-08-12T13:29:33.514031,customers.csv
1778,Kunal Awasthi,kunalawasthi@rediffmail.com,Jaipur,2023-12-02,BASIC,2026-08-12T13:29:33.514031,customers.csv
1779,Kamala Roy,kamalaroy@gmail.com,Kolkata,2024-07-13,BASIC,2026-08-12T13:29:33.514031,customers.csv
1780,Reyansh Chakraborty,reyanshchakraborty@ymail.com,Kochi,2023-10-14,BASIC,2026-08-12T13:29:33.514031,customers.csv
1781,Rohit Vyas,rohitvyas@gmail.com,Salem,2019-06-21,LIBRARY,2026-08-12T13:29:33.514031,customers.csv
1782,Shubham Yadav,shubhamyadav@ymail.com,Pune,2022-07-11,BASIC,2026-08-12T13:29:33.514031,customers.csv
1783,Suresh Malhotra,sureshmalhotra@gmail.com,Pune,2024-06-16,BASIC,2026-08-12T13:29:33.514031,customers.csv
1784,Angel Tiwari,angeltiwari@yahoo.co.in,Ranchi,2020-03-10,BASIC,2026-08-12T13:29:33.514031,customers.csv
1785,Laila Kapoor,lailakapoor@gmail.com,Chennai,2024-09-14,LIBRARY,2026-08-12T13:29:33.514031,customers.csv
1786,Diya Kumar,diyakumar@gmail.com,Vellore,2021-03-10,BASIC,2026-08-12T13:29:33.514031,customers.csv
1787,Geeta Kumar,geetakumar@yahoo.com,Pune,2023-10-13,PREMIUM,2026-08-12T13:29:33.514031,customers.csv
1788,Girish Balaji,girishbalaji@rediffmail.com,Pune,2020-03-24,PREMIUM,2026-08-12T13:29:33.514031,customers.csv
1789,Tushar Chatterjee,tusharchatterjee@outlook.com,Patna,2019-12-22,LIBRARY,2026-08-12T13:29:33.514031,customers.csv
1790,Pranav Kapoor,pranavkapoor@gmail.com,Erode,2019-11-20,PREMIUM,2026-08-12T13:29:33.514031,customers.csv
1791,Chetna Thakur,chetnathakur@gmail.com,Ahmedabad,2024-09-07,BASIC,2026-08-12T13:29:33.514031,customers.csv
1792,Riya Jadhav,riyajadhav@ymail.com,Thiruvananthapuram,2019-10-31,PREMIUM,2026-08-12T13:29:33.514031,customers.csv
1793,Ruhi Sinha,ruhisinha@outlook.com,Bengaluru,2022-07-24,BASIC,2026-08-12T13:29:33.514031,customers.csv
1776,Prakash Kulkarni,prakashkulkarni@rediffmail.com,Nashik,2021-01-21,PREMIUM,2026-08-12T13:29:33.514031,customers.csv
1775,Sai Nair,sainair@hotmail.com,Tiruchirappalli,2023-08-02,PREMIUM,2026-08-12T13:29:33.514031,customers.csv
1774,Pooja Chatterjee,poojachatterjee@hotmail.com,Kochi,2020-03-17,PREMIUM,2026-08-12T13:29:33.514031,customers.csv
1773,Rekha Vyas,rekhavyas@hotmail.com,Bengaluru,2021-09-15,PREMIUM,2026-08-12T13:29:33.514031,customers.csv
1755,Gaurav Trivedi,gauravtrivedi@outlook.com,Rohtak,2020-08-09,BASIC,2026-08-12T13:29:33.514031,customers.csv
1756,Rohit Mondal,rohitmondal@hotmail.com,Tirunelveli,2023-03-15,BASIC,2026-08-12T13:29:33.514031,customers.csv
1757,Pooja Biswas,pooja.biswas@gmail.com,Jaipur,2022-04-06,BASIC,2026-08-12T13:29:33.514031,customers.csv
1758,Kunal Kumar,kunalkumar@yahoo.com,Chittorgarh,2024-09-23,PREMIUM,2026-08-12T13:29:33.514031,customers.csv
1759,Ajay Sundaram,ajaysundaram@hotmail.com,Madurai,2023-04-01,LIBRARY,2026-08-12T13:29:33.514031,customers.csv
1760,Rohan Patel,rohanpatel@gmail.com,Jaipur,2019-11-18,BASIC,2026-08-12T13:29:33.514031,customers.csv
1761,Angel Chakraborty,angelchakraborty@ymail.com,Aurangabad,2020-05-11,LIBRARY,2026-08-12T13:29:33.514031,customers.csv
1762,Rekha Gupta,rekhagupta@rediffmail.com,Thiruvananthapuram,2023-12-12,BASIC,2026-08-12T13:29:33.514031,customers.csv
1794,Isha Bhaduri,ishabhaduri@gmail.com,Tiruchirappalli,2019-02-02,BASIC,2026-08-12T13:29:33.514031,customers.csv
1763,Avni Tripathi,avnitripathi@yahoo.co.in,Shivamogga,2022-09-08,BASIC,2026-08-12T13:29:33.514031,customers.csv
1765,Priya Deshpande,priyadeshpande@outlook.com,Ahmedabad,2022-12-12,PREMIUM,2026-08-12T13:29:33.514031,customers.csv
1766,Savita Nair,savitanair@rediffmail.com,Chandigarh,2024-01-13,LIBRARY,2026-08-12T13:29:33.514031,customers.csv
1767,Sundar Rajput,sundarrajput@gmail.com,Vijayawada,2021-09-30,LIBRARY,2026-08-12T13:29:33.514031,customers.csv
1768,Anil Sen,anilsen@gmail.com,Chandigarh,2022-03-21,BASIC,2026-08-12T13:29:33.514031,customers.csv
1769,Rahul Chatterjee,rahulchatterjee@outlook.com,Kanpur,2020-08-30,PREMIUM,2026-08-12T13:29:33.514031,customers.csv
1770,Radha Dubey,radhadubey@rediffmail.com,Mumbai,2020-05-09,BASIC,2026-08-12T13:29:33.514031,customers.csv
1771,Ishita Choudhary,ishitachoudhary@rediffmail.com,Jodhpur,2020-06-01,LIBRARY,2026-08-12T13:29:33.514031,customers.csv
1772,Arjun Kulkarni,arjunkulkarni@gmail.com,Ranchi,2020-06-26,PREMIUM,2026-08-12T13:29:33.514031,customers.csv
1764,Dipali Bajpai,dipalibajpai@rediffmail.com,Pune,2020-04-17,PREMIUM,2026-08-12T13:29:33.514031,customers.csv
1838,Prasad Mukherjee,prasad.mukherjee@ymail.com,Nashik,2024-04-24,BASIC,2026-08-12T13:29:33.514031,customers.csv
1795,Pranav Roy,pranavroy@yahoo.com,Thiruvananthapuram,2021-12-22,BASIC,2026-08-12T13:29:33.514031,customers.csv
1797,Atharva Balaji,atharvabalaji@yahoo.com,Mumbai,2019-10-03,BASIC,2026-08-12T13:29:33.514031,customers.csv
1820,Rohit Bhatt,rohitbhatt@gmail.com,Pune,2024-02-23,BASIC,2026-08-12T13:29:33.514031,customers.csv
1821,Advaith Jain,advaithjain@rediffmail.com,Jaipur,2023-10-26,BASIC,2026-08-12T13:29:33.514031,customers.csv
1822,Angel Modi,angelmodi@yahoo.co.in,Bhopal,2024-09-06,BASIC,2026-08-12T13:29:33.514031,customers.csv
1823,Varun Singh,varunsingh@outlook.com,Tiruchirappalli,2020-03-19,BASIC,2026-08-12T13:29:33.514031,customers.csv
1824,Angel Ghosh,angelghosh@outlook.com,Bikaner,2024-01-06,BASIC,2026-08-12T13:29:33.514031,customers.csv
1825,Sunita Chakraborty,sunita.chakraborty@yahoo.co.in,Ahmedabad,2019-12-09,BASIC,2026-08-12T13:29:33.514031,customers.csv
1826,Aakash Tiwari,aakashtiwari@rediffmail.com,Kochi,2019-12-10,BASIC,2026-08-12T13:29:33.514031,customers.csv
1827,Manish Sarkar,manishsarkar@ymail.com,Aurangabad,2021-08-10,BASIC,2026-08-12T13:29:33.514031,customers.csv
1828,Sachin Narayanan,sachinnarayanan@outlook.com,Pune,2022-10-15,LIBRARY,2026-08-12T13:29:33.514031,customers.csv
1829,Rudra Patel,rudrapatel@outlook.com,Rohtak,2022-01-03,PREMIUM,2026-08-12T13:29:33.514031,customers.csv
1830,Pari Bhaduri,paribhaduri@ymail.com,Patna,2021-08-23,BASIC,2026-08-12T13:29:33.514031,customers.csv
1831,Vinod Venkatesh,vinodvenkatesh@ymail.com,Gurugram,2019-11-30,BASIC,2026-08-12T13:29:33.514031,customers.csv
1832,Ramesh Nair,rameshnair@gmail.com,Ajmer,2020-10-25,PREMIUM,2026-08-12T13:29:33.514031,customers.csv
1833,Prasad Chatterjee,prasadchatterjee@yahoo.com,Nagpur,2020-04-10,BASIC,2026-08-12T13:29:33.514031,customers.csv
1834,Ramesh Narayanan,rameshnarayanan@ymail.com,Bhopal,2023-09-09,BASIC,2026-08-12T13:29:33.514031,customers.csv
1835,Vivaan Chopra,vivaanchopra@outlook.com,Dhanbad,2022-01-15,PREMIUM,2026-08-12T13:29:33.514031,customers.csv
1836,Rohit Sarkar,rohitsarkar@gmail.com,Hyderabad,2021-04-17,LIBRARY,2026-08-12T13:29:33.514031,customers.csv
1819,Shubham Roy,shubhamroy@yahoo.com,Allahabad,2022-07-02,LIBRARY,2026-08-12T13:29:33.514031,customers.csv
1818,Savita Trivedi,savitatrivedi@gmail.com,Jodhpur,2020-09-13,BASIC,2026-08-12T13:29:33.514031,customers.csv
1817,Manish Banerjee,manishbanerjee@yahoo.co.in,Gurugram,2019-11-10,BASIC,2026-08-12T13:29:33.514031,customers.csv
1816,Sachin Garg,sachingarg@yahoo.co.in,Udaipur,2023-03-28,PREMIUM,2026-08-12T13:29:33.514031,customers.csv
1798,Aakash Sarkar,aakashsarkar@gmail.com,Mumbai,2021-12-13,PREMIUM,2026-08-12T13:29:33.514031,customers.csv
1799,Varun Sen,varunsen@hotmail.com,Bhopal,2021-01-07,BASIC,2026-08-12T13:29:33.514031,customers.csv
1800,Isha Rajput,isharajput@rediffmail.com,Patna,2023-05-26,PREMIUM,2026-08-12T13:29:33.514031,customers.csv
1801,Rajesh Murthy,rajeshmurthy@yahoo.co.in,Bengaluru,2020-04-05,LIBRARY,2026-08-12T13:29:33.514031,customers.csv
1802,Nitin Malhotra,nitinmalhotra@rediffmail.com,Ahmedabad,2023-10-07,BASIC,2026-08-12T13:29:33.514031,customers.csv
1803,Saanvi Mane,saanvimane@gmail.com,Ahmedabad,2023-06-19,PREMIUM,2026-08-12T13:29:33.514031,customers.csv
1804,Aadhav Venkatesh,aadhavvenkatesh@outlook.com,Visakhapatnam,2019-04-29,BASIC,2026-08-12T13:29:33.514031,customers.csv
1805,Avni Rajan,avnirajan@outlook.com,Delhi,2022-08-16,BASIC,2026-08-12T13:29:33.514031,customers.csv
1796,Rudra Subramaniam,rudrasubramaniam@rediffmail.com,Pune,2021-03-24,PREMIUM,2026-08-12T13:29:33.514031,customers.csv
1806,Hira Sinha,hirasinha@outlook.com,Varanasi,2023-10-08,BASIC,2026-08-12T13:29:33.514031,customers.csv
1808,Falak Shah,falakshah@rediffmail.com,Kanpur,2020-11-13,PREMIUM,2026-08-12T13:29:33.514031,customers.csv
1809,Pari Menon,parimenon@hotmail.com,Bengaluru,2019-03-23,PREMIUM,2026-08-12T13:29:33.514031,customers.csv
1810,Aditya Dixit,adityadixit@hotmail.com,Tumakuru,2019-09-17,PREMIUM,2026-08-12T13:29:33.514031,customers.csv
1811,Reyansh Balaji,reyanshbalaji@hotmail.com,Vadodara,2020-10-05,LIBRARY,2026-08-12T13:29:33.514031,customers.csv
1812,Sushma Desai,sushmadesai@yahoo.com,Pune,2020-10-23,BASIC,2026-08-12T13:29:33.514031,customers.csv
1813,Amit Modi,amitmodi@ymail.com,Aurangabad,2019-02-25,BASIC,2026-08-12T13:29:33.514031,customers.csv
1814,Jyoti Singh,jyotis@ymail.com,Bengaluru,2023-06-18,LIBRARY,2026-08-12T13:29:33.514031,customers.csv
1815,Geeta Shah,geetashah@yahoo.co.in,Pune,2021-07-31,PREMIUM,2026-08-12T13:29:33.514031,customers.csv
1807,Ishita Gupta,ishitagupta@rediffmail.com,Aurangabad,2022-10-23,PREMIUM,2026-08-12T13:29:33.514031,customers.csv
1925,Prasad Shukla,prasadshukla@ymail.com,Thiruvananthapuram,2023-06-21,BASIC,2026-08-12T13:29:33.514031,customers.csv
1926,Hira Malhotra,hiramalhotra@gmail.com,Kanpur,2019-03-18,LIBRARY,2026-08-12T13:29:33.514031,customers.csv
1927,Sundar Banerjee,sundarbanerjee@yahoo.co.in,Indore,2022-07-27,BASIC,2026-08-12T13:29:33.514031,customers.csv
2037,Sara Vyas,saravyas@gmail.com,Tiruchirappalli,2022-01-30,PREMIUM,2026-08-12T13:29:33.514031,customers.csv
2038,Sara Saxena,sarasaxena@gmail.com,Noida,2020-12-27,PREMIUM,2026-08-12T13:29:33.514031,customers.csv
2039,Vivaan Banerjee,vivaanbanerjee@gmail.com,Hyderabad,2024-04-08,LIBRARY,2026-08-12T13:29:33.514031,customers.csv
2040,Arjun Mehta,arjunmehta@yahoo.com,Ambala,2022-04-15,BASIC,2026-08-12T13:29:33.514031,customers.csv
2041,Neil Trivedi,neiltrivedi@outlook.com,Hyderabad,2020-09-12,PREMIUM,2026-08-12T13:29:33.514031,customers.csv
2042,Ekta Shukla,ekta.shukla@gmail.com,Alwar,2019-05-03,BASIC,2026-08-12T13:29:33.514031,customers.csv
2043,Pari Sethi,parisethi@hotmail.com,Shivamogga,2021-12-22,PREMIUM,2026-08-12T13:29:33.514031,customers.csv
2044,Rohit Kumar,rohitkumar@hotmail.com,Mumbai,2024-04-11,BASIC,2026-08-12T13:29:33.514031,customers.csv
2045,Shubham Das,shubhamdas@gmail.com,Vadodara,2020-11-26,BASIC,2026-08-12T13:29:33.514031,customers.csv
2046,Advaith Verma,advaithverma@yahoo.com,Bengaluru,2019-09-29,BASIC,2026-08-12T13:29:33.514031,customers.csv
2047,Lakshmi Mane,lakshmimane@ymail.com,Nagpur,2019-01-03,BASIC,2026-08-12T13:29:33.514031,customers.csv
2048,Lakshmi Krishnan,lakshmikrishnan@gmail.com,Ahmedabad,2023-02-06,PREMIUM,2026-08-12T13:29:33.514031,customers.csv
2049,Laila Iyer,lailaiyer@rediffmail.com,Udaipur,2021-03-14,BASIC,2026-08-12T13:29:33.514031,customers.csv
2050,Angel Sundaram,angelsundaram@gmail.com,Chennai,2019-12-03,PREMIUM,2026-08-12T13:29:33.514031,customers.csv
2051,Advaith Parikh,advaithparikh@gmail.com,Kolkata,2021-10-23,BASIC,2026-08-12T13:29:33.514031,customers.csv
2053,Aadhav Saxena,aadhavsaxena@hotmail.com,Thiruvananthapuram,2019-05-21,PREMIUM,2026-08-12T13:29:33.514031,customers.csv
2054,Dipali Vyas,dipalivyas@gmail.com,Bharatpur,2021-01-16,BASIC,2026-08-12T13:29:33.514031,customers.csv
2036,Krishna Kulkarni,krishnakulkarni@yahoo.co.in,Kolkata,2019-12-12,PREMIUM,2026-08-12T13:29:33.514031,customers.csv
2035,Varun Trivedi,varuntrivedi@gmail.com,Ahmedabad,2022-06-23,LIBRARY,2026-08-12T13:29:33.514031,customers.csv
2034,Sunita Mittal,sunitamittal@gmail.com,Madurai,2019-03-08,BASIC,2026-08-12T13:29:33.514031,customers.csv
2033,Rahul Trivedi,rahultrivedi@yahoo.com,Raipur,2024-09-07,BASIC,2026-08-12T13:29:33.514031,customers.csv
2015,Aditya Chakraborty,adityachakraborty@gmail.com,Vellore,2022-09-01,LIBRARY,2026-08-12T13:29:33.514031,customers.csv
2016,Sushma Subramaniam,sushmasubramaniam@hotmail.com,Guwahati,2019-11-06,PREMIUM,2026-08-12T13:29:33.514031,customers.csv
2017,Atharva Bhaduri,atharvabhaduri@ymail.com,Hyderabad,2019-12-26,PREMIUM,2026-08-12T13:29:33.514031,customers.csv
2018,Vinod Sarkar,vinodsarkar@yahoo.com,Udaipur,2023-11-01,LIBRARY,2026-08-12T13:29:33.514031,customers.csv
2019,Riya Mane,riyamane@gmail.com,Bhubaneswar,2019-10-27,BASIC,2026-08-12T13:29:33.514031,customers.csv
2020,Sara Ghosh,saraghosh@rediffmail.com,Surat,2023-11-07,BASIC,2026-08-12T13:29:33.514031,customers.csv
2021,Manish Ghosh,manishghosh@gmail.com,Guwahati,2023-05-17,BASIC,2026-08-12T13:29:33.514031,customers.csv
2022,Vivaan Thakur,vivaanthakur@outlook.com,Hyderabad,2021-07-01,PREMIUM,2026-08-12T13:29:33.514031,customers.csv
2055,Siddharth Patel,siddharthpatel@gmail.com,Lucknow,2019-02-17,PREMIUM,2026-08-12T13:29:33.514031,customers.csv
2023,Hira Saxena,hirasaxena@rediffmail.com,Bhubaneswar,2021-03-31,LIBRARY,2026-08-12T13:29:33.514031,customers.csv
2025,Swara Shukla,swarashukla@gmail.com,Vadodara,2019-06-11,LIBRARY,2026-08-12T13:29:33.514031,customers.csv
2026,Aadhav Murthy,aadhavmurthy@gmail.com,Ahmedabad,2022-07-15,BASIC,2026-08-12T13:29:33.514031,customers.csv
2027,Nadia Yadav,nadiayadav@yahoo.co.in,Hyderabad,2022-01-15,BASIC,2026-08-12T13:29:33.514031,customers.csv
2028,Navya Upadhyay,navyaupadhyay@gmail.com,Mysuru,2023-12-06,BASIC,2026-08-12T13:29:33.514031,customers.csv
2029,Himani Dixit,himanidixit@rediffmail.com,Ambala,2021-05-04,BASIC,2026-08-12T13:29:33.514031,customers.csv
2030,Reyansh Patil,reyanshpatil@outlook.com,Chennai,2023-04-08,PREMIUM,2026-08-12T13:29:33.514031,customers.csv
2031,Falak Chatterjee,falakchatterjee@gmail.com,Patna,2020-05-13,BASIC,2026-08-12T13:29:33.514031,customers.csv
2032,Tejas Yadav,tejasyadav@rediffmail.com,Jodhpur,2023-01-07,PREMIUM,2026-08-12T13:29:33.514031,customers.csv
2024,Garima Ghosh,garimaghosh@gmail.com,Chennai,2020-08-30,BASIC,2026-08-12T13:29:33.514031,customers.csv
2014,Deepak Subramaniam,deepaksubramaniam@ymail.com,Delhi,2024-09-29,BASIC,2026-08-12T13:29:33.514031,customers.csv
2056,Sunita Venkatesh,sunitavenkatesh@yahoo.com,Guwahati,2023-07-20,BASIC,2026-08-12T13:29:33.514031,customers.csv
2058,Riya Sundaram,riyasundaram@hotmail.com,Dhanbad,2021-02-02,BASIC,2026-08-12T13:29:33.514031,customers.csv
2082,Sachin Kapoor,sachinkapoor@yahoo.co.in,Shivamogga,2024-09-11,BASIC,2026-08-12T13:29:33.514031,customers.csv
2083,Sundar Mittal,sundarmittal@gmail.com,Mumbai,2024-06-11,BASIC,2026-08-12T13:29:33.514031,customers.csv
2085,Garima Subramaniam,garimasubramaniam@outlook.com,Chandigarh,2023-04-17,BASIC,2026-08-12T13:29:33.514031,customers.csv
2086,Dev Pillai,devpillai@gmail.com,Kochi,2020-04-26,LIBRARY,2026-08-12T13:29:33.514031,customers.csv
2087,Priya Bajpai,priyabajpai@outlook.com,Varanasi,2019-06-13,BASIC,2026-08-12T13:29:33.514031,customers.csv
2088,Sara Deshpande,saradeshpande@ymail.com,Mumbai,2023-06-22,LIBRARY,2026-08-12T13:29:33.514031,customers.csv
2089,Ekta Kulkarni,ektakulkarni@gmail.com,Chennai,2021-01-10,BASIC,2026-08-12T13:29:33.514031,customers.csv
2090,Zara Srivastava,zarasrivastava@yahoo.co.in,Davangere,2019-04-27,PREMIUM,2026-08-12T13:29:33.514031,customers.csv
2091,Santosh Mittal,santoshmittal@hotmail.com,Ahmedabad,2021-10-15,BASIC,2026-08-12T13:29:33.514031,customers.csv
2093,Chetna Mishra,chetnamishra@ymail.com,Bikaner,2022-08-11,PREMIUM,2026-08-12T13:29:33.514031,customers.csv
2094,Manish Dwivedi,manishdwivedi@rediffmail.com,Gurugram,2022-09-29,BASIC,2026-08-12T13:29:33.514031,customers.csv
2095,Harsh Raman,harshraman@yahoo.com,Pune,2022-06-06,BASIC,2026-08-12T13:29:33.514031,customers.csv
2096,Omkar Rao,omkarrao@outlook.com,Pune,2024-07-29,PREMIUM,2026-08-12T13:29:33.514031,customers.csv
2097,Aanya Dixit,aanyadixit@yahoo.co.in,Faridabad,2024-06-11,BASIC,2026-08-12T13:29:33.514031,customers.csv
2098,Vikram Deshpande,vikramdeshpande@gmail.com,Vellore,2022-08-15,BASIC,2026-08-12T13:29:33.514031,customers.csv
2099,Kabir Tripathi,kabirtripathi@yahoo.co.in,Shivamogga,2022-04-28,LIBRARY,2026-08-12T13:29:33.514031,customers.csv
2100,Aakash Raman,aakashraman@outlook.com,Guwahati,2019-11-08,BASIC,2026-08-12T13:29:33.514031,customers.csv
2081,Jyoti Narayanan,jyotinarayanan@outlook.com,Kanpur,2020-03-06,LIBRARY,2026-08-12T13:29:33.514031,customers.csv
2080,Pooja Thakur,poojathakur@gmail.com,Delhi,2023-01-25,BASIC,2026-08-12T13:29:33.514031,customers.csv
2079,Zara Mane,zaramane@gmail.com,Rohtak,2024-06-18,LIBRARY,2026-08-12T13:29:33.514031,customers.csv
2078,Ishaan Chaturvedi,ishaanchaturvedi@gmail.com,Jaipur,2021-11-12,BASIC,2026-08-12T13:29:33.514031,customers.csv
2059,Vikram Subramaniam,vikramsubramaniam@ymail.com,Indore,2020-01-31,PREMIUM,2026-08-12T13:29:33.514031,customers.csv
2060,Komal Chaturvedi,komalchaturvedi@ymail.com,Kolkata,2023-02-05,BASIC,2026-08-12T13:29:33.514031,customers.csv
2061,Sara Kumar,sarakumar@gmail.com,Bengaluru,2024-02-17,LIBRARY,2026-08-12T13:29:33.514031,customers.csv
2062,Kabir Chatterjee,kabirchatterjee@yahoo.co.in,Bengaluru,2022-11-24,BASIC,2026-08-12T13:29:33.514031,customers.csv
2063,Prakash Kulkarni,prakashkulkarni@gmail.com,Erode,2024-08-29,BASIC,2026-08-12T13:29:33.514031,customers.csv
2064,Deepak Sundaram,deepaksundaram@gmail.com,Ghaziabad,2021-06-27,LIBRARY,2026-08-12T13:29:33.514031,customers.csv
2065,Aditya Dubey,adityadubey@hotmail.com,Surat,2020-09-13,PREMIUM,2026-08-12T13:29:33.514031,customers.csv
2066,Rekha Anand,rekhaanand@ymail.com,Ahmedabad,2021-08-01,PREMIUM,2026-08-12T13:29:33.514031,customers.csv
2057,Navya Jadhav,navyajadhav@yahoo.co.in,Vadodara,2020-04-27,PREMIUM,2026-08-12T13:29:33.514031,customers.csv
2067,Rekha Tiwari,rekha.tiwari@gmail.com,Bengaluru,2020-11-09,PREMIUM,2026-08-12T13:29:33.514031,customers.csv
2070,Vinod Saxena,vinodsaxena@yahoo.co.in,Mumbai,2021-10-26,PREMIUM,2026-08-12T13:29:33.514031,customers.csv
2071,Aakash Sethi,aakashsethi@gmail.com,Delhi,2023-08-08,BASIC,2026-08-12T13:29:33.514031,customers.csv
2072,Siddharth Venkatesh,siddharthvenkatesh@yahoo.com,Lucknow,2020-10-15,PREMIUM,2026-08-12T13:29:33.514031,customers.csv
2073,Sundar Desai,sundardesai@yahoo.com,Kolkata,2022-12-06,BASIC,2026-08-12T13:29:33.514031,customers.csv
2074,Angel Kapoor,angelkapoor@outlook.com,Bengaluru,2020-09-13,BASIC,2026-08-12T13:29:33.514031,customers.csv
2075,Girish Das,girishdas@yahoo.co.in,Ajmer,2019-02-14,PREMIUM,2026-08-12T13:29:33.514031,customers.csv
2076,Ritvik Balaji,ritvikbalaji@ymail.com,Bengaluru,2024-04-13,BASIC,2026-08-12T13:29:33.514031,customers.csv
2077,Nadia Deshpande,nadiadeshpande@gmail.com,Vadodara,2024-02-05,BASIC,2026-08-12T13:29:33.514031,customers.csv
2069,Kiara Kapoor,kiarakapoor@outlook.com,Pune,2023-09-22,BASIC,2026-08-12T13:29:33.514031,customers.csv
2013,Tushar Jain,tusharjain@gmail.com,Hyderabad,2023-08-10,BASIC,2026-08-12T13:29:33.514031,customers.csv
2012,Rohit Mane,rohitmane@rediffmail.com,Ahmedabad,2021-03-26,PREMIUM,2026-08-12T13:29:33.514031,customers.csv
2011,Bhavna Sinha,bhavnasinha@rediffmail.com,Udaipur,2021-05-29,BASIC,2026-08-12T13:29:33.514031,customers.csv
1950,Ananya Jadhav,ananyajadhav@yahoo.com,Hyderabad,2021-03-29,BASIC,2026-08-12T13:29:33.514031,customers.csv
1951,Aadhav Chopra,aadhavchopra@gmail.com,Chennai,2024-03-03,BASIC,2026-08-12T13:29:33.514031,customers.csv
1952,Meera Mondal,meeramondal@yahoo.com,Pali,2024-03-04,PREMIUM,2026-08-12T13:29:33.514031,customers.csv
1953,Sara Menon,saramenon@hotmail.com,Rohtak,2020-10-14,BASIC,2026-08-12T13:29:33.514031,customers.csv
1954,Vinod Joshi,vinodjoshi@gmail.com,Visakhapatnam,2023-07-23,LIBRARY,2026-08-12T13:29:33.514031,customers.csv
1955,Usha Krishnan,ushakrishnan@gmail.com,Alwar,2021-12-01,PREMIUM,2026-08-12T13:29:33.514031,customers.csv
1956,Sushma Chatterjee,sushmachatterjee@ymail.com,Nashik,2023-12-02,BASIC,2026-08-12T13:29:33.514031,customers.csv
1957,Garima Mehta,garimamehta@outlook.com,Meerut,2019-06-13,BASIC,2026-08-12T13:29:33.514031,customers.csv
1958,Manish Sundaram,manishsundaram@rediffmail.com,Nagpur,2020-05-23,BASIC,2026-08-12T13:29:33.514031,customers.csv
1959,Siddharth Jain,siddharthjain@gmail.com,Aurangabad,2023-02-10,BASIC,2026-08-12T13:29:33.514031,customers.csv
1960,Nadia Chaturvedi,nadiachaturvedi@yahoo.com,Pali,2021-05-10,BASIC,2026-08-12T13:29:33.514031,customers.csv
1961,Advaith Srivastava,advaithsrivastava@gmail.com,Indore,2024-07-06,LIBRARY,2026-08-12T13:29:33.514031,customers.csv
1962,Meera Jain,meerajain@yahoo.co.in,Visakhapatnam,2022-09-16,LIBRARY,2026-08-12T13:29:33.514031,customers.csv
1963,Prakash Jain,prakashjain@yahoo.co.in,Chandigarh,2020-07-27,BASIC,2026-08-12T13:29:33.514031,customers.csv
1964,Usha Malhotra,ushamalhotra@yahoo.com,Mysuru,2023-01-25,PREMIUM,2026-08-12T13:29:33.514031,customers.csv
1965,Pooja Sethi,poojasethi@gmail.com,Coimbatore,2022-06-02,BASIC,2026-08-12T13:29:33.514031,customers.csv
1966,Pranit Deshpande,pranitdeshpande@yahoo.co.in,Hyderabad,2020-06-10,BASIC,2026-08-12T13:29:33.514031,customers.csv
1949,Prasad Dey,prasaddey@outlook.com,Vadodara,2021-03-01,LIBRARY,2026-08-12T13:29:33.514031,customers.csv
1948,Meera Tiwari,meeratiwari@rediffmail.com,Visakhapatnam,2023-02-25,BASIC,2026-08-12T13:29:33.514031,customers.csv
1947,Mihir Ghosh,mihirghosh@outlook.com,Tiruchirappalli,2022-08-24,PREMIUM,2026-08-12T13:29:33.514031,customers.csv
1946,Aisha Kumar,aishakumar@yahoo.com,Hyderabad,2024-08-23,BASIC,2026-08-12T13:29:33.514031,customers.csv
1928,Angel Thakur,angelthakur@hotmail.com,Chennai,2022-03-24,PREMIUM,2026-08-12T13:29:33.514031,customers.csv
1929,Pranit Mondal,pranitmondal@outlook.com,Guwahati,2022-09-08,PREMIUM,2026-08-12T13:29:33.514031,customers.csv
1930,Karan Krishnan,karankrishnan@gmail.com,Ahmedabad,2022-08-02,BASIC,2026-08-12T13:29:33.514031,customers.csv
1931,Garima Deshpande,garimadeshpande@rediffmail.com,Faridabad,2024-08-05,BASIC,2026-08-12T13:29:33.514031,customers.csv
1932,Sushma Tiwari,sushmatiwari@outlook.com,Kolkata,2019-05-13,PREMIUM,2026-08-12T13:29:33.514031,customers.csv
1933,Komal Ghosh,komalghosh@rediffmail.com,Coimbatore,2022-11-15,BASIC,2026-08-12T13:29:33.514031,customers.csv
1934,Pari Anand,parianand@yahoo.co.in,Pune,2022-07-15,BASIC,2026-08-12T13:29:33.514031,customers.csv
1935,Hira Mane,hiramane@gmail.com,Guwahati,2020-11-13,PREMIUM,2026-08-12T13:29:33.514031,customers.csv
1967,Dev Chopra,devchopra@yahoo.co.in,Bhubaneswar,2019-04-25,LIBRARY,2026-08-12T13:29:33.514031,customers.csv
1936,Rajesh Chakraborty,rajeshchakraborty@outlook.com,Dhanbad,2019-04-06,LIBRARY,2026-08-12T13:29:33.514031,customers.csv
1938,Aadhav Dixit,aadhavdixit@gmail.com,Bengaluru,2021-06-13,BASIC,2026-08-12T13:29:33.514031,customers.csv
1939,Kabir Ghosh,kabirghosh@gmail.com,Ambala,2023-07-01,PREMIUM,2026-08-12T13:29:33.514031,customers.csv
1940,Anil Upadhyay,anilupadhyay@yahoo.com,Kanpur,2022-02-16,BASIC,2026-08-12T13:29:33.514031,customers.csv
1941,Sachin Bajpai,sachinbajpai@gmail.com,Thiruvananthapuram,2022-07-25,PREMIUM,2026-08-12T13:29:33.514031,customers.csv
1942,Sushma Raman,sushmaraman@yahoo.com,Gurugram,2024-07-19,LIBRARY,2026-08-12T13:29:33.514031,customers.csv
1943,Vinod Malhotra,vinodmalhotra@gmail.com,Davangere,2020-12-28,BASIC,2026-08-12T13:29:33.514031,customers.csv
1944,Shreya Sharma,shreyasharma@hotmail.com,Kota,2020-12-06,PREMIUM,2026-08-12T13:29:33.514031,customers.csv
1945,Advaith Vyas,advaithvyas@outlook.com,Tirunelveli,2023-08-08,BASIC,2026-08-12T13:29:33.514031,customers.csv
1937,Shreya Bhaduri,shreyabhaduri@rediffmail.com,Ranchi,2023-03-18,PREMIUM,2026-08-12T13:29:33.514031,customers.csv
1968,Navya Sen,navyasen@gmail.com,Kochi,2021-11-28,BASIC,2026-08-12T13:29:33.514031,customers.csv
1969,Omkar Sundaram,omkarsundaram@ymail.com,Lucknow,2020-11-28,BASIC,2026-08-12T13:29:33.514031,customers.csv
1970,Sara Bose,sarabose@ymail.com,Pune,2023-03-14,BASIC,2026-08-12T13:29:33.514031,customers.csv
1993,Rekha Krishnan,rekhakrishnan@yahoo.co.in,Vijayawada,2021-05-11,PREMIUM,2026-08-12T13:29:33.514031,customers.csv
1994,Hira Bose,hirabose@gmail.com,Chennai,2023-06-11,LIBRARY,2026-08-12T13:29:33.514031,customers.csv
1995,Diya Mishra,diyamishra@gmail.com,Ahmedabad,2024-04-24,PREMIUM,2026-08-12T13:29:33.514031,customers.csv
1996,Mihir Trivedi,mihirtrivedi@yahoo.co.in,Kolkata,2021-12-12,BASIC,2026-08-12T13:29:33.514031,customers.csv
1997,Komal Bhatia,komalbhatia@gmail.com,Pune,2022-12-20,LIBRARY,2026-08-12T13:29:33.514031,customers.csv
1998,Prasad Sinha,prasadsinha@yahoo.co.in,Kanpur,2023-05-31,LIBRARY,2026-08-12T13:29:33.514031,customers.csv
1999,Sundar Sharma,sundarsharma@outlook.com,Delhi,2023-08-02,BASIC,2026-08-12T13:29:33.514031,customers.csv
2000,Sara Mukherjee,saramukherjee@yahoo.co.in,Mumbai,2021-04-08,BASIC,2026-08-12T13:29:33.514031,customers.csv
1992,Dhruv Rajput,dhruvrajput@yahoo.co.in,Patna,2022-08-03,LIBRARY,2026-08-12T13:29:33.514031,customers.csv
2001,Nadia Mittal,nadiamittal@hotmail.com,Mumbai,2023-10-18,LIBRARY,2026-08-12T13:29:33.514031,customers.csv
2003,Savita Deshpande,savitadeshpande@gmail.com,Delhi,2020-10-19,BASIC,2026-08-12T13:29:33.514031,customers.csv
2004,Omkar Venkatesh,omkarvenkatesh@rediffmail.com,Tiruchirappalli,2019-07-08,LIBRARY,2026-08-12T13:29:33.514031,customers.csv
2005,Nadia Vyas,nadiavyas@rediffmail.com,Kolkata,2023-03-17,BASIC,2026-08-12T13:29:33.514031,customers.csv
2006,Advaith Mehta,advaithmehta@hotmail.com,Pune,2023-02-22,BASIC,2026-08-12T13:29:33.514031,customers.csv
2007,Shreya Menon,shreyamenon@gmail.com,Mysuru,2019-10-31,BASIC,2026-08-12T13:29:33.514031,customers.csv
2008,Ajay Modi,ajaymodi@gmail.com,Kochi,2021-03-30,PREMIUM,2026-08-12T13:29:33.514031,customers.csv
2009,Atharva Deshpande,atharva.deshpande@hotmail.com,Coimbatore,2021-12-03,PREMIUM,2026-08-12T13:29:33.514031,customers.csv
2010,Rekha Chopra,rekhachopra@gmail.com,Hyderabad,2019-10-06,LIBRARY,2026-08-12T13:29:33.514031,customers.csv
2002,Varun Saxena,varunsaxena@ymail.com,Aurangabad,2021-05-30,PREMIUM,2026-08-12T13:29:33.514031,customers.csv
1754,Girish Menon,girishmenon@gmail.com,Kolkata,2022-08-27,PREMIUM,2026-08-12T13:29:33.514031,customers.csv
1991,Girish Chaturvedi,girishchaturvedi@ymail.com,Meerut,2021-03-03,LIBRARY,2026-08-12T13:29:33.514031,customers.csv
1989,Aanya Subramaniam,aanyasubramaniam@hotmail.com,Hubballi,2024-09-18,BASIC,2026-08-12T13:29:33.514031,customers.csv
1971,Geeta Tiwari,geetatiwari@rediffmail.com,Hyderabad,2023-04-05,BASIC,2026-08-12T13:29:33.514031,customers.csv
1972,Laila Joshi,lailajoshi@yahoo.com,Pune,2021-07-07,BASIC,2026-08-12T13:29:33.514031,customers.csv
1973,Riya Mondal,riyamondal@gmail.com,Bhubaneswar,2022-12-31,BASIC,2026-08-12T13:29:33.514031,customers.csv
1974,Santosh Chakraborty,santoshchakraborty@gmail.com,Ghaziabad,2021-07-24,PREMIUM,2026-08-12T13:29:33.514031,customers.csv
1975,Kiara Bajpai,kiara.bajpai@gmail.com,Lucknow,2020-02-09,BASIC,2026-08-12T13:29:33.514031,customers.csv
1976,Savita Joshi,savitajoshi@ymail.com,Vellore,2019-11-22,LIBRARY,2026-08-12T13:29:33.514031,customers.csv
1977,Ayaan Patil,ayaanpatil@ymail.com,Kolkata,2021-11-14,LIBRARY,2026-08-12T13:29:33.514031,customers.csv
1978,Shubham Shukla,shubhamshukla@yahoo.com,Kolkata,2024-02-12,BASIC,2026-08-12T13:29:33.514031,customers.csv
1990,Radha Mishra,radhamishra@gmail.com,Ajmer,2022-06-01,BASIC,2026-08-12T13:29:33.514031,customers.csv
1979,Sai Mondal,saimondal@ymail.com,Pune,2021-02-17,PREMIUM,2026-08-12T13:29:33.514031,customers.csv
1981,Meera Sen,meerasen@rediffmail.com,Indore,2019-07-29,BASIC,2026-08-12T13:29:33.514031,customers.csv
1982,Chetna Nair,chetnanair@rediffmail.com,Bengaluru,2019-12-08,BASIC,2026-08-12T13:29:33.514031,customers.csv
1983,Kiara Iyer,kiaraiyer@yahoo.com,Chandigarh,2022-05-13,PREMIUM,2026-08-12T13:29:33.514031,customers.csv
1984,Vivaan Sen,vivaansen@gmail.com,Aurangabad,2023-12-19,LIBRARY,2026-08-12T13:29:33.514031,customers.csv
1985,Sara Tripathi,saratripathi@rediffmail.com,Ranchi,2021-10-28,LIBRARY,2026-08-12T13:29:33.514031,customers.csv
1986,Anil Dey,anildey@rediffmail.com,Guwahati,2022-09-08,PREMIUM,2026-08-12T13:29:33.514031,customers.csv
1987,Sunita Sundaram,sunitasundaram@yahoo.co.in,Kolkata,2021-10-16,BASIC,2026-08-12T13:29:33.514031,customers.csv
1988,Riya Bhaduri,riyabhaduri@yahoo.co.in,Guwahati,2020-04-01,LIBRARY,2026-08-12T13:29:33.514031,customers.csv
1980,Himani Joshi,himanijoshi@ymail.com,Pune,2021-04-30,BASIC,2026-08-12T13:29:33.514031,customers.csv
1753,Pranit Shah,pranitshah@yahoo.com,Ahmedabad,2019-11-14,PREMIUM,2026-08-12T13:29:33.514031,customers.csv
1752,Pranit Jain,pranitjain@gmail.com,Visakhapatnam,2022-12-18,PREMIUM,2026-08-12T13:29:33.514031,customers.csv
1751,Savita Deshpande,savitadeshpande@hotmail.com,Mumbai,2021-07-22,BASIC,2026-08-12T13:29:33.514031,customers.csv
1516,Prasad Mukherjee,prasadmukherjee@ymail.com,Nashik,2022-05-11,BASIC,2026-08-12T13:29:33.514031,customers.csv
1517,Anil Chaturvedi,anil.chaturvedi@gmail.com,Pune,2020-09-30,BASIC,2026-08-12T13:29:33.514031,customers.csv
1518,Sara Patel,sarapatel@gmail.com,Patna,2019-02-14,BASIC,2026-08-12T13:29:33.514031,customers.csv
1519,Himani Bhatt,himanibhatt@rediffmail.com,Coimbatore,2021-11-22,PREMIUM,2026-08-12T13:29:33.514031,customers.csv
1520,Savita Sethi,savitasethi@yahoo.com,Kanpur,2020-10-04,BASIC,2026-08-12T13:29:33.514031,customers.csv
1521,Atharva Balaji,atharvabalaji@gmail.com,Jodhpur,2023-06-29,PREMIUM,2026-08-12T13:29:33.514031,customers.csv
1522,Ayaan Thakur,ayaanthakur@gmail.com,Meerut,2019-11-13,LIBRARY,2026-08-12T13:29:33.514031,customers.csv
1523,Ruhi Mane,ruhimane@hotmail.com,Bhubaneswar,2023-07-18,LIBRARY,2026-08-12T13:29:33.514031,customers.csv
1524,Varun Tiwari,varuntiwari@hotmail.com,Bhubaneswar,2021-03-08,BASIC,2026-08-12T13:29:33.514031,customers.csv
1525,Dhruv Pillai,dhruvpillai@hotmail.com,Chandigarh,2022-10-06,BASIC,2026-08-12T13:29:33.514031,customers.csv
1526,Priya Malhotra,priyamalhotra@ymail.com,Bengaluru,2021-05-17,PREMIUM,2026-08-12T13:29:33.514031,customers.csv
1527,Vivaan Sethi,vivaansethi@ymail.com,Chennai,2019-05-13,BASIC,2026-08-12T13:29:33.514031,customers.csv
1529,Reyansh Sinha,reyanshsinha@yahoo.co.in,Mumbai,2022-12-31,LIBRARY,2026-08-12T13:29:33.514031,customers.csv
1530,Shreya Desai,shreyadesai@yahoo.com,Pune,2023-05-20,PREMIUM,2026-08-12T13:29:33.514031,customers.csv
1531,Rajesh Banerjee,rajeshbanerjee@gmail.com,Ahmedabad,2024-08-24,BASIC,2026-08-12T13:29:33.514031,customers.csv
1532,Savita Bose,savitabose@outlook.com,Bhopal,2019-06-03,BASIC,2026-08-12T13:29:33.514031,customers.csv
1533,Ananya Bose,ananyabose@rediffmail.com,Delhi,2020-01-18,PREMIUM,2026-08-12T13:29:33.514031,customers.csv
1515,Meera Nair,meeranair@outlook.com,Hyderabad,2021-01-17,BASIC,2026-08-12T13:29:33.514031,customers.csv
1514,Isha Dey,ishadey@gmail.com,Hyderabad,2020-08-01,BASIC,2026-08-12T13:29:33.514031,customers.csv
1513,Ramesh Awasthi,rameshawasthi@gmail.com,Thiruvananthapuram,2019-10-30,BASIC,2026-08-12T13:29:33.514031,customers.csv
1512,Prasad Mukherjee,prasadmukherjee@gmail.com,Jaipur,2019-04-18,PREMIUM,2026-08-12T13:29:33.514031,customers.csv
1494,Garima Shah,garimashah@ymail.com,Pune,2024-09-26,LIBRARY,2026-08-12T13:29:33.514031,customers.csv
1495,Sundar Das,sundardas@yahoo.com,Mumbai,2023-10-16,BASIC,2026-08-12T13:29:33.514031,customers.csv
1496,Siddharth Upadhyay,siddharthupadhyay@yahoo.co.in,Chennai,2023-04-25,PREMIUM,2026-08-12T13:29:33.514031,customers.csv
1497,Pranit Menon,pranitmenon@gmail.com,Ranchi,2021-07-08,BASIC,2026-08-12T13:29:33.514031,customers.csv
1498,Shreya Upadhyay,shreyaupadhyay@hotmail.com,Bengaluru,2019-12-14,BASIC,2026-08-12T13:29:33.514031,customers.csv
1499,Dev Bose,devbose@outlook.com,Surat,2021-01-12,PREMIUM,2026-08-12T13:29:33.514031,customers.csv
1500,Ramesh Bose,rameshbose@yahoo.co.in,Guwahati,2022-03-21,BASIC,2026-08-12T13:29:33.514031,customers.csv
1501,Dhruv Khanna,dhruvkhanna@hotmail.com,Guntur,2019-11-09,LIBRARY,2026-08-12T13:29:33.514031,customers.csv
1534,Nisha Chauhan,nishachauhan@gmail.com,Bikaner,2020-10-21,PREMIUM,2026-08-12T13:29:33.514031,customers.csv
1502,Aarav Bose,aaravbose@gmail.com,Ahmedabad,2023-05-19,BASIC,2026-08-12T13:29:33.514031,customers.csv
1504,Atharva Saxena,atharvasaxena@gmail.com,Kota,2022-12-15,BASIC,2026-08-12T13:29:33.514031,customers.csv
1505,Radha Bhatt,radhabhatt@outlook.com,Chandigarh,2022-09-27,BASIC,2026-08-12T13:29:33.514031,customers.csv
1506,Dipali Garg,dipaligarg@outlook.com,Vadodara,2024-07-10,PREMIUM,2026-08-12T13:29:33.514031,customers.csv
1507,Sushma Rajput,sushmarajput@gmail.com,Kochi,2023-09-24,PREMIUM,2026-08-12T13:29:33.514031,customers.csv
1508,Yash Thakur,yashthakur@gmail.com,Kolkata,2019-01-12,BASIC,2026-08-12T13:29:33.514031,customers.csv
1509,Jyoti Singh,jyoti.singh@ymail.com,Bhopal,2020-07-01,BASIC,2026-08-12T13:29:33.514031,customers.csv
1510,Ayaan Dwivedi,ayaandwivedi@gmail.com,Pune,2020-08-13,LIBRARY,2026-08-12T13:29:33.514031,customers.csv
1511,Komal Choudhary,komalchoudhary@yahoo.com,Chennai,2021-07-08,BASIC,2026-08-12T13:29:33.514031,customers.csv
1503,Omkar Venkatesh,omkarvenkatesh@gmail.com,Kochi,2022-02-14,BASIC,2026-08-12T13:29:33.514031,customers.csv
1493,Ayaan Murthy,ayaanmurthy@yahoo.co.in,Guwahati,2020-05-19,BASIC,2026-08-12T13:29:33.514031,customers.csv
1535,Usha Mondal,ushamondal@ymail.com,Vijayawada,2022-10-30,BASIC,2026-08-12T13:29:33.514031,customers.csv
1537,Pranit Vyas,pranitvyas@yahoo.com,Dhanbad,2019-11-04,BASIC,2026-08-12T13:29:33.514031,customers.csv
1560,Ruhi Ghosh,ruhighosh@gmail.com,Coimbatore,2021-03-24,BASIC,2026-08-12T13:29:33.514031,customers.csv
1561,Omkar Sen,omkarsen@gmail.com,Ahmedabad,2022-07-20,BASIC,2026-08-12T13:29:33.514031,customers.csv
1562,Rudra Jadhav,rudrajadhav@rediffmail.com,Ambala,2020-04-10,LIBRARY,2026-08-12T13:29:33.514031,customers.csv
1563,Hira Modi,hiramodi@ymail.com,Aurangabad,2024-01-20,LIBRARY,2026-08-12T13:29:33.514031,customers.csv
1564,Komal Banerjee,komalbanerjee@rediffmail.com,Bhubaneswar,2020-02-04,BASIC,2026-08-12T13:29:33.514031,customers.csv
1565,Navya Tripathi,navyatripathi@ymail.com,Bikaner,2023-03-27,BASIC,2026-08-12T13:29:33.514031,customers.csv
1566,Suresh Yadav,sureshyadav@gmail.com,Jaipur,2023-01-30,BASIC,2026-08-12T13:29:33.514031,customers.csv
1567,Tanvi Sethi,tanvisethi@gmail.com,Nashik,2024-02-11,BASIC,2026-08-12T13:29:33.514031,customers.csv
1568,Anil Upadhyay,anilupadhyay@ymail.com,Kanpur,2022-10-07,BASIC,2026-08-12T13:29:33.514031,customers.csv
1569,Saanvi Jadhav,saanvijadhav@hotmail.com,Hyderabad,2020-10-28,PREMIUM,2026-08-12T13:29:33.514031,customers.csv
1570,Harish Dixit,harishdixit@outlook.com,Guwahati,2020-02-11,BASIC,2026-08-12T13:29:33.514031,customers.csv
1571,Ekta Pillai,ektapillai@gmail.com,Guwahati,2023-08-12,BASIC,2026-08-12T13:29:33.514031,customers.csv
1572,Radha Biswas,radhabiswas@gmail.com,Guwahati,2024-08-23,PREMIUM,2026-08-12T13:29:33.514031,customers.csv
1573,Ekta Patel,ektapatel@yahoo.co.in,Faridabad,2021-05-17,BASIC,2026-08-12T13:29:33.514031,customers.csv
1574,Ajay Jadhav,ajayjadhav@outlook.com,Bengaluru,2024-04-07,BASIC,2026-08-12T13:29:33.514031,customers.csv
1575,Suresh Mane,sureshmane@outlook.com,Mumbai,2023-03-15,LIBRARY,2026-08-12T13:29:33.514031,customers.csv
1576,Angel Rajan,angelrajan@yahoo.co.in,Mysuru,2021-12-19,BASIC,2026-08-12T13:29:33.514031,customers.csv
1559,Sunita Krishnan,sunitakrishnan@gmail.com,Vellore,2023-11-25,BASIC,2026-08-12T13:29:33.514031,customers.csv
1558,Ramesh Chaturvedi,rameshchaturvedi@yahoo.co.in,Hyderabad,2022-12-01,BASIC,2026-08-12T13:29:33.514031,customers.csv
1557,Sundar Anand,sundaranand@yahoo.co.in,Chennai,2019-08-09,BASIC,2026-08-12T13:29:33.514031,customers.csv
1556,Krishna Kapoor,krishnakapoor@gmail.com,Pune,2024-01-24,LIBRARY,2026-08-12T13:29:33.514031,customers.csv
1538,Parth Narayanan,parthnarayanan@gmail.com,Hyderabad,2022-06-21,PREMIUM,2026-08-12T13:29:33.514031,customers.csv
1539,Dipali Rao,dipalirao@gmail.com,Indore,2020-11-26,BASIC,2026-08-12T13:29:33.514031,customers.csv
1540,Ananya Joshi,ananyajoshi@hotmail.com,Ahmedabad,2019-10-19,BASIC,2026-08-12T13:29:33.514031,customers.csv
1541,Tushar Jadhav,tusharjadhav@rediffmail.com,Tirunelveli,2023-12-16,PREMIUM,2026-08-12T13:29:33.514031,customers.csv
1542,Pranav Chatterjee,pranavchatterjee@rediffmail.com,Mumbai,2022-03-20,BASIC,2026-08-12T13:29:33.514031,customers.csv
1543,Anil Biswas,anilbiswas@gmail.com,Nagpur,2024-09-30,LIBRARY,2026-08-12T13:29:33.514031,customers.csv
1544,Neil Sinha,neilsinha@gmail.com,Visakhapatnam,2024-09-03,BASIC,2026-08-12T13:29:33.514031,customers.csv
1545,Ishita Shah,ishitashah@gmail.com,Jodhpur,2021-09-29,PREMIUM,2026-08-12T13:29:33.514031,customers.csv
1536,Bhavna Banerjee,bhavnabanerjee@yahoo.co.in,Ahmedabad,2023-10-31,BASIC,2026-08-12T13:29:33.514031,customers.csv
1546,Garima Bhaduri,garimabhaduri@gmail.com,Faridabad,2022-04-05,BASIC,2026-08-12T13:29:33.514031,customers.csv
1548,Atharva Dwivedi,atharvadwivedi@rediffmail.com,Bhubaneswar,2024-03-19,BASIC,2026-08-12T13:29:33.514031,customers.csv
1549,Shaurya Shukla,shauryashukla@gmail.com,Tumakuru,2023-06-14,LIBRARY,2026-08-12T13:29:33.514031,customers.csv
1550,Harish Dubey,harishdubey@hotmail.com,Delhi,2022-11-03,PREMIUM,2026-08-12T13:29:33.514031,customers.csv
1551,Geeta Chauhan,geetachauhan@rediffmail.com,Bengaluru,2024-02-05,BASIC,2026-08-12T13:29:33.514031,customers.csv
1552,Vandana Bose,vandanabose@gmail.com,Bhubaneswar,2022-08-04,PREMIUM,2026-08-12T13:29:33.514031,customers.csv
1553,Arjun Dey,arjundey@gmail.com,Guntur,2023-01-20,LIBRARY,2026-08-12T13:29:33.514031,customers.csv
1554,Harish Krishnan,harishkrishnan@gmail.com,Chennai,2019-04-04,LIBRARY,2026-08-12T13:29:33.514031,customers.csv
1555,Sana Bhatt,sanabhatt@yahoo.co.in,Guwahati,2019-12-09,BASIC,2026-08-12T13:29:33.514031,customers.csv
1547,Ananya Chakraborty,ananyachakraborty@gmail.com,Chennai,2024-03-08,PREMIUM,2026-08-12T13:29:33.514031,customers.csv
1492,Parth Deshpande,parthdeshpande@yahoo.co.in,Ahmedabad,2020-09-24,BASIC,2026-08-12T13:29:33.514031,customers.csv
1491,Shubham Chaturvedi,shubhamchaturvedi@gmail.com,Chennai,2024-05-21,LIBRARY,2026-08-12T13:29:33.514031,customers.csv
1490,Zara Dey,zaradey@gmail.com,Salem,2020-03-11,BASIC,2026-08-12T13:29:33.514031,customers.csv
1428,Vivaan Bhatt,vivaanbhatt@ymail.com,Guntur,2020-07-12,BASIC,2026-08-12T13:29:33.514031,customers.csv
1429,Radha Sundaram,radhasundaram@ymail.com,Visakhapatnam,2023-07-19,BASIC,2026-08-12T13:29:33.514031,customers.csv
1430,Harsh Tripathi,harshtripathi@gmail.com,Nashik,2022-11-14,BASIC,2026-08-12T13:29:33.514031,customers.csv
1431,Shubham Anand,shubhamanand@gmail.com,Chandigarh,2020-11-21,PREMIUM,2026-08-12T13:29:33.514031,customers.csv
1432,Nitin Anand,nitinanand@gmail.com,Delhi,2020-06-30,PREMIUM,2026-08-12T13:29:33.514031,customers.csv
1433,Rajesh Gupta,rajeshgupta@rediffmail.com,Jaipur,2023-03-09,BASIC,2026-08-12T13:29:33.514031,customers.csv
1434,Vikram Garg,vikramgarg@gmail.com,Pune,2024-06-01,BASIC,2026-08-12T13:29:33.514031,customers.csv
1435,Ishita Chauhan,ishitachauhan@outlook.com,Chennai,2022-06-02,PREMIUM,2026-08-12T13:29:33.514031,customers.csv
1436,Kamala Patel,kamalapatel@rediffmail.com,Delhi,2019-01-25,PREMIUM,2026-08-12T13:29:33.514031,customers.csv
1437,Santosh Srivastava,santoshsrivastava@hotmail.com,Bengaluru,2022-12-03,PREMIUM,2026-08-12T13:29:33.514031,customers.csv
1438,Aanya Parikh,aanyaparikh@gmail.com,Bengaluru,2024-07-08,BASIC,2026-08-12T13:29:33.514031,customers.csv
1439,Shaurya Anand,shauryaanand@gmail.com,Kanpur,2024-06-19,BASIC,2026-08-12T13:29:33.514031,customers.csv
1440,Rudra Mittal,rudramittal@rediffmail.com,Lucknow,2022-05-10,BASIC,2026-08-12T13:29:33.514031,customers.csv
1441,Ramesh Shukla,rameshshukla@yahoo.co.in,Bengaluru,2023-12-02,PREMIUM,2026-08-12T13:29:33.514031,customers.csv
1442,Isha Deshpande,ishadeshpande@gmail.com,Ahmedabad,2023-11-13,BASIC,2026-08-12T13:29:33.514031,customers.csv
1443,Rajesh Dubey,rajeshdubey@yahoo.com,Pune,2020-07-01,BASIC,2026-08-12T13:29:33.514031,customers.csv
1444,Sundar Srivastava,sundarsrivastava@gmail.com,Thiruvananthapuram,2024-05-17,PREMIUM,2026-08-12T13:29:33.514031,customers.csv
1427,Ayaan Reddy,ayaanreddy@yahoo.co.in,Coimbatore,2024-07-11,LIBRARY,2026-08-12T13:29:33.514031,customers.csv
1426,Shaurya Nair,shauryanair@yahoo.com,Madurai,2020-11-07,PREMIUM,2026-08-12T13:29:33.514031,customers.csv
1425,Aisha Rao,aisharao@outlook.com,Bikaner,2020-01-05,PREMIUM,2026-08-12T13:29:33.514031,customers.csv
1424,Vinod Rajan,vinodrajan@yahoo.co.in,Salem,2021-07-26,BASIC,2026-08-12T13:29:33.514031,customers.csv
1406,Sushma Sundaram,sushmasundaram@gmail.com,Thiruvananthapuram,2019-07-03,BASIC,2026-08-12T13:29:33.514031,customers.csv
1407,Arjun Tripathi,arjuntripathi@yahoo.co.in,Faridabad,2021-05-31,BASIC,2026-08-12T13:29:33.514031,customers.csv
1408,Dev Choudhary,devchoudhary@hotmail.com,Pune,2023-09-25,BASIC,2026-08-12T13:29:33.514031,customers.csv
1409,Aryan Mittal,aryanmittal@outlook.com,Bhubaneswar,2020-10-30,BASIC,2026-08-12T13:29:33.514031,customers.csv
1410,Santosh Reddy,santoshreddy@outlook.com,Madurai,2020-08-09,PREMIUM,2026-08-12T13:29:33.514031,customers.csv
1411,Pari Nair,parinair@yahoo.co.in,Dhanbad,2021-02-28,PREMIUM,2026-08-12T13:29:33.514031,customers.csv
1412,Gaurav Chakraborty,gauravchakraborty@ymail.com,Chandigarh,2023-09-16,LIBRARY,2026-08-12T13:29:33.514031,customers.csv
1413,Rudra Sinha,rudrasinha@outlook.com,Mumbai,2021-10-10,BASIC,2026-08-12T13:29:33.514031,customers.csv
1445,Avni Chatterjee,avnichatterjee@rediffmail.com,Vadodara,2020-06-05,BASIC,2026-08-12T13:29:33.514031,customers.csv
1414,Avni Chatterjee,avnichatterjee@gmail.com,Visakhapatnam,2023-07-25,BASIC,2026-08-12T13:29:33.514031,customers.csv
1416,Dipali Thakur,dipalithakur@gmail.com,Bengaluru,2021-06-29,BASIC,2026-08-12T13:29:33.514031,customers.csv
1417,Dhruv Chatterjee,dhruvchatterjee@ymail.com,Aurangabad,2022-06-09,PREMIUM,2026-08-12T13:29:33.514031,customers.csv
1418,Garima Subramaniam,garimasubramaniam@ymail.com,Ahmedabad,2022-03-01,PREMIUM,2026-08-12T13:29:33.514031,customers.csv
1419,Avni Mondal,avnimondal@gmail.com,Hyderabad,2023-05-15,BASIC,2026-08-12T13:29:33.514031,customers.csv
1420,Suresh Raman,sureshraman@outlook.com,Bhopal,2020-06-06,BASIC,2026-08-12T13:29:33.514031,customers.csv
1421,Vivaan Sundaram,vivaansundaram@gmail.com,Thiruvananthapuram,2020-08-07,BASIC,2026-08-12T13:29:33.514031,customers.csv
1422,Parth Khanna,parthkhanna@hotmail.com,Nashik,2021-10-17,PREMIUM,2026-08-12T13:29:33.514031,customers.csv
1423,Dev Trivedi,devtrivedi@rediffmail.com,Chennai,2022-12-20,LIBRARY,2026-08-12T13:29:33.514031,customers.csv
1415,Amit Rao,amitrao@hotmail.com,Sikar,2020-08-22,LIBRARY,2026-08-12T13:29:33.514031,customers.csv
1446,Tejas Parikh,tejasparikh@outlook.com,Bengaluru,2020-03-17,LIBRARY,2026-08-12T13:29:33.514031,customers.csv
1447,Aditya Banerjee,adityabanerjee@hotmail.com,Patna,2021-08-26,BASIC,2026-08-12T13:29:33.514031,customers.csv
1448,Hira Chaturvedi,hirachaturvedi@gmail.com,Nagpur,2022-03-31,BASIC,2026-08-12T13:29:33.514031,customers.csv
1472,Yash Chauhan,yashchauhan@gmail.com,Mysuru,2024-10-01,BASIC,2026-08-12T13:29:33.514031,customers.csv
1473,Savita Anand,savitaanand@yahoo.co.in,Faridabad,2022-04-28,PREMIUM,2026-08-12T13:29:33.514031,customers.csv
1474,Avni Choudhary,avnichoudhary@gmail.com,Chennai,2021-09-02,BASIC,2026-08-12T13:29:33.514031,customers.csv
1475,Sai Das,saidas@gmail.com,Kolkata,2019-07-31,PREMIUM,2026-08-12T13:29:33.514031,customers.csv
1476,Meera Yadav,meera.yadav@gmail.com,Mumbai,2022-11-24,PREMIUM,2026-08-12T13:29:33.514031,customers.csv
1477,Dev Awasthi,devawasthi@gmail.com,Tiruchirappalli,2021-12-17,PREMIUM,2026-08-12T13:29:33.514031,customers.csv
1478,Pranav Modi,pranavmodi@yahoo.co.in,Ahmedabad,2019-08-23,PREMIUM,2026-08-12T13:29:33.514031,customers.csv
1479,Falak Verma,falakverma@yahoo.com,Aurangabad,2022-02-19,BASIC,2026-08-12T13:29:33.514031,customers.csv
1471,Aakash Vyas,aakashvyas@yahoo.co.in,Chennai,2019-01-15,BASIC,2026-08-12T13:29:33.514031,customers.csv
1480,Kavya Singh,kavyasingh@gmail.com,Aurangabad,2023-04-14,PREMIUM,2026-08-12T13:29:33.514031,customers.csv
1482,Avni Yadav,avniyadav@outlook.com,Hyderabad,2021-08-07,PREMIUM,2026-08-12T13:29:33.514031,customers.csv
1483,Omkar Kulkarni,omkarkulkarni@gmail.com,Belagavi,2020-01-19,BASIC,2026-08-12T13:29:33.514031,customers.csv
1484,Aanya Jadhav,aanyajadhav@gmail.com,Chennai,2024-07-02,PREMIUM,2026-08-12T13:29:33.514031,customers.csv
1485,Aanya Malhotra,aanyamalhotra@yahoo.co.in,Hyderabad,2020-12-28,LIBRARY,2026-08-12T13:29:33.514031,customers.csv
1486,Deepak Mondal,deepakmondal@gmail.com,Hyderabad,2023-10-13,BASIC,2026-08-12T13:29:33.514031,customers.csv
1487,Santosh Parikh,santoshparikh@ymail.com,Hyderabad,2019-02-18,PREMIUM,2026-08-12T13:29:33.514031,customers.csv
1488,Advaith Dixit,advaithdixit@gmail.com,Bengaluru,2019-02-25,LIBRARY,2026-08-12T13:29:33.514031,customers.csv
1489,Himani Shah,himanishah@yahoo.com,Bikaner,2022-01-01,BASIC,2026-08-12T13:29:33.514031,customers.csv
1481,Kavya Mondal,kavyamondal@yahoo.com,Agra,2021-06-22,BASIC,2026-08-12T13:29:33.514031,customers.csv
1577,Isha Trivedi,ishatrivedi@yahoo.com,Mumbai,2023-08-26,BASIC,2026-08-12T13:29:33.514031,customers.csv
1470,Sana Raman,sanaraman@gmail.com,Hyderabad,2024-09-17,BASIC,2026-08-12T13:29:33.514031,customers.csv
1468,Aditya Tiwari,adityatiwari@yahoo.co.in,Visakhapatnam,2020-06-12,BASIC,2026-08-12T13:29:33.514031,customers.csv
1449,Geeta Reddy,geetareddy@outlook.com,Kolkata,2020-09-16,PREMIUM,2026-08-12T13:29:33.514031,customers.csv
1450,Kamala Shukla,kamalashukla@yahoo.co.in,Kota,2021-12-15,PREMIUM,2026-08-12T13:29:33.514031,customers.csv
1451,Meera Bhatt,meerabhatt@rediffmail.com,Nashik,2020-02-27,PREMIUM,2026-08-12T13:29:33.514031,customers.csv
1452,Chinmay Rajan,chinmayrajan@gmail.com,Chennai,2020-09-01,BASIC,2026-08-12T13:29:33.514031,customers.csv
1453,Ritvik Banerjee,ritvikbanerjee@gmail.com,Pune,2021-02-26,BASIC,2026-08-12T13:29:33.514031,customers.csv
1454,Ramesh Singh,rameshsingh@yahoo.com,Delhi,2019-07-28,BASIC,2026-08-12T13:29:33.514031,customers.csv
1455,Anil Anand,anilanand@yahoo.com,Chennai,2023-10-12,BASIC,2026-08-12T13:29:33.514031,customers.csv
1456,Ayaan Sundaram,ayaansundaram@gmail.com,Pune,2022-01-07,BASIC,2026-08-12T13:29:33.514031,customers.csv
1469,Sai Chakraborty,saichakraborty@yahoo.com,Jodhpur,2023-06-17,BASIC,2026-08-12T13:29:33.514031,customers.csv
1457,Riya Dwivedi,riyadwivedi@outlook.com,Kolkata,2019-07-14,BASIC,2026-08-12T13:29:33.514031,customers.csv
1459,Dev Iyer,deviyer@gmail.com,Kolkata,2024-07-05,BASIC,2026-08-12T13:29:33.514031,customers.csv
1460,Amit Bhatia,amitbhatia@gmail.com,Thiruvananthapuram,2020-06-17,BASIC,2026-08-12T13:29:33.514031,customers.csv
1461,Nikhil Bajpai,nikhilbajpai@ymail.com,Chandigarh,2021-09-02,PREMIUM,2026-08-12T13:29:33.514031,customers.csv
1462,Riya Yadav,riyayadav@outlook.com,Delhi,2020-03-11,BASIC,2026-08-12T13:29:33.514031,customers.csv
1463,Zara Mondal,zaramondal@gmail.com,Kochi,2021-02-19,BASIC,2026-08-12T13:29:33.514031,customers.csv
1464,Tushar Patil,tusharpatil@gmail.com,Madurai,2022-11-05,BASIC,2026-08-12T13:29:33.514031,customers.csv
1465,Omkar Krishnan,omkarkrishnan@yahoo.com,Vadodara,2020-09-21,BASIC,2026-08-12T13:29:33.514031,customers.csv
1467,Prakash Chatterjee,prakashchatterjee@gmail.com,Bhopal,2024-08-25,LIBRARY,2026-08-12T13:29:33.514031,customers.csv
1458,Sai Sharma,saisharma@hotmail.com,Chennai,2024-04-17,BASIC,2026-08-12T13:29:33.514031,customers.csv
2101,Atharva Rao,atharvarao@outlook.com,Faridabad,2020-08-20,PREMIUM,2026-08-12T13:29:33.514031,customers.csv
1578,Vivaan Kumar,vivaankumar@hotmail.com,Ghaziabad,2022-07-24,BASIC,2026-08-12T13:29:33.514031,customers.csv
1580,Harsh Desai,harshdesai@outlook.com,Bengaluru,2023-05-19,PREMIUM,2026-08-12T13:29:33.514031,customers.csv
1691,Rajesh Mukherjee,rajeshmukherjee@rediffmail.com,Pune,2020-10-10,BASIC,2026-08-12T13:29:33.514031,customers.csv
1692,Savita Rajan,savitarajan@hotmail.com,Belagavi,2023-05-19,PREMIUM,2026-08-12T13:29:33.514031,customers.csv
1693,Krishna Pandey,krishnapandey@gmail.com,Ahmedabad,2022-10-21,BASIC,2026-08-12T13:29:33.514031,customers.csv
1694,Pranit Mukherjee,pranitmukherjee@yahoo.co.in,Davangere,2019-10-07,LIBRARY,2026-08-12T13:29:33.514031,customers.csv
1695,Sara Venkatesh,saravenkatesh@rediffmail.com,Chandigarh,2021-01-08,PREMIUM,2026-08-12T13:29:33.514031,customers.csv
1696,Tushar Rajan,tusharrajan@ymail.com,Kolkata,2022-08-20,PREMIUM,2026-08-12T13:29:33.514031,customers.csv
1697,Rohan Dwivedi,rohandwivedi@outlook.com,Delhi,2019-05-01,LIBRARY,2026-08-12T13:29:33.514031,customers.csv
1698,Chinmay Mishra,chinmaymishra@gmail.com,Thiruvananthapuram,2024-08-07,PREMIUM,2026-08-12T13:29:33.514031,customers.csv
1699,Lakshmi Saxena,lakshmisaxena@yahoo.com,Raipur,2021-08-27,BASIC,2026-08-12T13:29:33.514031,customers.csv
1700,Saanvi Vyas,saanvivyas@outlook.com,Davangere,2019-09-11,PREMIUM,2026-08-12T13:29:33.514031,customers.csv
1701,Kavya Menon,kavyamenon@gmail.com,Nagpur,2023-03-14,PREMIUM,2026-08-12T13:29:33.514031,customers.csv
1702,Zara Kumar,zarakumar@hotmail.com,Bengaluru,2024-01-16,BASIC,2026-08-12T13:29:33.514031,customers.csv
1703,Pranav Ghosh,pranavghosh@yahoo.com,Chennai,2024-07-04,BASIC,2026-08-12T13:29:33.514031,customers.csv
1704,Hira Malhotra,hiramalhotra@yahoo.com,Jodhpur,2023-11-13,LIBRARY,2026-08-12T13:29:33.514031,customers.csv
1705,Rekha Tripathi,rekhatripathi@gmail.com,Guwahati,2020-01-30,BASIC,2026-08-12T13:29:33.514031,customers.csv
1706,Arjun Mukherjee,arjun.mukherjee@hotmail.com,Bikaner,2019-10-22,BASIC,2026-08-12T13:29:33.514031,customers.csv
1707,Aanya Anand,aanyaanand@yahoo.com,Allahabad,2024-04-24,PREMIUM,2026-08-12T13:29:33.514031,customers.csv
1690,Karan Verma,karanverma@yahoo.co.in,Mumbai,2023-12-26,BASIC,2026-08-12T13:29:33.514031,customers.csv
1689,Sundar Bhatt,sundarbhatt@gmail.com,Pune,2020-05-07,PREMIUM,2026-08-12T13:29:33.514031,customers.csv
1688,Laila Kapoor,lailakapoor@outlook.com,Visakhapatnam,2020-03-15,BASIC,2026-08-12T13:29:33.514031,customers.csv
1687,Sunita Chopra,sunitachopra@gmail.com,Vellore,2024-07-12,BASIC,2026-08-12T13:29:33.514031,customers.csv
1669,Pranav Trivedi,pranavtrivedi@yahoo.com,Pune,2019-12-17,BASIC,2026-08-12T13:29:33.514031,customers.csv
1670,Parth Mane,parthmane@gmail.com,Jaipur,2023-11-25,BASIC,2026-08-12T13:29:33.514031,customers.csv
1671,Pranav Anand,pranavanand@hotmail.com,Patna,2023-01-04,BASIC,2026-08-12T13:29:33.514031,customers.csv
1672,Rajesh Bhatt,rajeshbhatt@outlook.com,Vellore,2024-03-04,BASIC,2026-08-12T13:29:33.514031,customers.csv
1673,Aakash Kumar,aakashkumar@outlook.com,Delhi,2020-07-29,PREMIUM,2026-08-12T13:29:33.514031,customers.csv
1674,Tanvi Garg,tanvigarg@ymail.com,Jaipur,2022-04-16,BASIC,2026-08-12T13:29:33.514031,customers.csv
1675,Tejas Desai,tejasdesai@outlook.com,Thiruvananthapuram,2024-03-10,LIBRARY,2026-08-12T13:29:33.514031,customers.csv
1676,Nitin Balaji,nitinbalaji@gmail.com,Delhi,2022-01-11,LIBRARY,2026-08-12T13:29:33.514031,customers.csv
1708,Rajesh Upadhyay,rajeshupadhyay@ymail.com,Faridabad,2019-10-03,BASIC,2026-08-12T13:29:33.514031,customers.csv
1677,Fatima Pillai,fatimapillai@gmail.com,Agra,2024-05-26,PREMIUM,2026-08-12T13:29:33.514031,customers.csv
1679,Pari Balaji,paribalaji@ymail.com,Jodhpur,2024-07-21,BASIC,2026-08-12T13:29:33.514031,customers.csv
1680,Angel Bose,angelbose@yahoo.co.in,Nashik,2019-01-27,LIBRARY,2026-08-12T13:29:33.514031,customers.csv
1681,Geeta Biswas,geetabiswas@yahoo.com,Bengaluru,2019-01-01,BASIC,2026-08-12T13:29:33.514031,customers.csv
1682,Dev Chatterjee,devchatterjee@gmail.com,Kolkata,2020-02-29,BASIC,2026-08-12T13:29:33.514031,customers.csv
1683,Vihaan Rajan,vihaanrajan@outlook.com,Delhi,2020-05-13,BASIC,2026-08-12T13:29:33.514031,customers.csv
1684,Manish Venkatesh,manishvenkatesh@yahoo.com,Ghaziabad,2021-12-02,LIBRARY,2026-08-12T13:29:33.514031,customers.csv
1685,Harsh Deshpande,harshdeshpande@gmail.com,Nagpur,2019-03-30,BASIC,2026-08-12T13:29:33.514031,customers.csv
1686,Siddharth Agarwal,siddharthagarwal@ymail.com,Jodhpur,2021-03-31,BASIC,2026-08-12T13:29:33.514031,customers.csv
1678,Amit Mehta,amitmehta@ymail.com,Aurangabad,2019-08-06,PREMIUM,2026-08-12T13:29:33.514031,customers.csv
1668,Harish Saxena,harishsaxena@gmail.com,Visakhapatnam,2021-03-28,BASIC,2026-08-12T13:29:33.514031,customers.csv
1709,Ramesh Dixit,rameshdixit@gmail.com,Bengaluru,2022-05-06,BASIC,2026-08-12T13:29:33.514031,customers.csv
1711,Angel Chopra,angelchopra@outlook.com,Nashik,2019-10-06,LIBRARY,2026-08-12T13:29:33.514031,customers.csv
1734,Aditya Narayanan,adityanarayanan@yahoo.co.in,Pune,2023-04-23,BASIC,2026-08-12T13:29:33.514031,customers.csv
1735,Garima Reddy,garimareddy@yahoo.co.in,Faridabad,2023-04-22,BASIC,2026-08-12T13:29:33.514031,customers.csv
1736,Aditya Dixit,adityadixit@rediffmail.com,Mumbai,2021-04-22,BASIC,2026-08-12T13:29:33.514031,customers.csv
1737,Aanya Kulkarni,aanyakulkarni@gmail.com,Thiruvananthapuram,2019-05-09,PREMIUM,2026-08-12T13:29:33.514031,customers.csv
1738,Nitin Dwivedi,nitindwivedi@hotmail.com,Davangere,2021-12-11,LIBRARY,2026-08-12T13:29:33.514031,customers.csv
1739,Tejas Roy,tejasroy@gmail.com,Ahmedabad,2023-11-13,LIBRARY,2026-08-12T13:29:33.514031,customers.csv
1740,Ramesh Mehta,rameshmehta@ymail.com,Lucknow,2022-03-23,LIBRARY,2026-08-12T13:29:33.514031,customers.csv
1741,Sushma Mane,sushmamane@ymail.com,Kolkata,2023-04-11,BASIC,2026-08-12T13:29:33.514031,customers.csv
1742,Prasad Agarwal,prasadagarwal@gmail.com,Pune,2022-01-28,BASIC,2026-08-12T13:29:33.514031,customers.csv
1743,Meera Murthy,meeramurthy@hotmail.com,Coimbatore,2019-06-08,PREMIUM,2026-08-12T13:29:33.514031,customers.csv
1744,Riya Bajpai,riyabajpai@yahoo.co.in,Alwar,2019-02-20,BASIC,2026-08-12T13:29:33.514031,customers.csv
1745,Swara Chakraborty,swarachakraborty@hotmail.com,Ghaziabad,2021-01-02,BASIC,2026-08-12T13:29:33.514031,customers.csv
1746,Vinod Singh,vinodsingh@gmail.com,Indore,2023-01-09,BASIC,2026-08-12T13:29:33.514031,customers.csv
1747,Aisha Bhaduri,aishabhaduri@outlook.com,Delhi,2019-11-22,BASIC,2026-08-12T13:29:33.514031,customers.csv
1748,Harsh Choudhary,harshchoudhary@gmail.com,Nagpur,2021-11-22,LIBRARY,2026-08-12T13:29:33.514031,customers.csv
1749,Bhavna Kapoor,bhavnakapoor@rediffmail.com,Bengaluru,2020-12-15,BASIC,2026-08-12T13:29:33.514031,customers.csv
1750,Neil Gupta,neilgupta@gmail.com,Bhubaneswar,2021-01-24,PREMIUM,2026-08-12T13:29:33.514031,customers.csv
1733,Gaurav Das,gauravdas@yahoo.com,Visakhapatnam,2024-02-02,BASIC,2026-08-12T13:29:33.514031,customers.csv
1732,Isha Balaji,ishabalaji@yahoo.co.in,Jodhpur,2021-05-13,BASIC,2026-08-12T13:29:33.514031,customers.csv
1731,Reyansh Dwivedi,reyanshdwivedi@rediffmail.com,Pune,2021-04-13,BASIC,2026-08-12T13:29:33.514031,customers.csv
1730,Fatima Garg,fatimagarg@yahoo.co.in,Pune,2024-08-24,BASIC,2026-08-12T13:29:33.514031,customers.csv
1712,Ananya Malhotra,ananyamalhotra@ymail.com,Kochi,2024-08-10,BASIC,2026-08-12T13:29:33.514031,customers.csv
1713,Manish Biswas,manishbiswas@ymail.com,Visakhapatnam,2020-03-30,PREMIUM,2026-08-12T13:29:33.514031,customers.csv
1714,Lakshmi Jain,lakshmijain@gmail.com,Mumbai,2023-09-23,BASIC,2026-08-12T13:29:33.514031,customers.csv
1715,Kiara Srivastava,kiarasrivastava@gmail.com,Hyderabad,2022-09-12,LIBRARY,2026-08-12T13:29:33.514031,customers.csv
1716,Nadia Mehta,nadiamehta@rediffmail.com,Delhi,2019-05-25,BASIC,2026-08-12T13:29:33.514031,customers.csv
1717,Ishaan Trivedi,ishaantrivedi@gmail.com,Mangaluru,2024-05-15,BASIC,2026-08-12T13:29:33.514031,customers.csv
1718,Avni Shah,avnishah@gmail.com,Patna,2021-07-11,PREMIUM,2026-08-12T13:29:33.514031,customers.csv
1719,Suresh Kulkarni,sureshkulkarni@yahoo.co.in,Alwar,2021-07-21,BASIC,2026-08-12T13:29:33.514031,customers.csv
1710,Ritvik Narayanan,ritviknarayanan@gmail.com,Chandigarh,2022-09-17,BASIC,2026-08-12T13:29:33.514031,customers.csv
1720,Ayaan Kumar,ayaankumar@ymail.com,Chandigarh,2023-04-03,PREMIUM,2026-08-12T13:29:33.514031,customers.csv
1722,Aadhav Kulkarni,aadhavkulkarni@outlook.com,Vadodara,2020-04-18,BASIC,2026-08-12T13:29:33.514031,customers.csv
1723,Ritvik Sarkar,ritviksarkar@hotmail.com,Chennai,2023-11-24,BASIC,2026-08-12T13:29:33.514031,customers.csv
1724,Priya Rajput,priyarajput@gmail.com,Chennai,2019-07-07,LIBRARY,2026-08-12T13:29:33.514031,customers.csv
1725,Vivaan Garg,vivaangarg@gmail.com,Delhi,2023-12-02,BASIC,2026-08-12T13:29:33.514031,customers.csv
1726,Shreya Shah,shreyashah@hotmail.com,Chandigarh,2021-09-27,BASIC,2026-08-12T13:29:33.514031,customers.csv
1727,Aadhav Mondal,aadhavmondal@rediffmail.com,Thiruvananthapuram,2019-11-11,BASIC,2026-08-12T13:29:33.514031,customers.csv
1728,Kavya Murthy,kavyamurthy@rediffmail.com,Nashik,2023-01-02,LIBRARY,2026-08-12T13:29:33.514031,customers.csv
1729,Angel Deshpande,angeldeshpande@yahoo.co.in,Madurai,2022-04-13,LIBRARY,2026-08-12T13:29:33.514031,customers.csv
1721,Sana Singh,sanasingh@rediffmail.com,Delhi,2023-03-26,PREMIUM,2026-08-12T13:29:33.514031,customers.csv
1667,Manish Iyer,manishiyer@yahoo.co.in,Chandigarh,2020-12-10,PREMIUM,2026-08-12T13:29:33.514031,customers.csv
1666,Angel Patel,angelpatel@hotmail.com,Kolkata,2023-05-02,BASIC,2026-08-12T13:29:33.514031,customers.csv
1665,Avni Das,avnidas@yahoo.com,Nagpur,2019-11-27,BASIC,2026-08-12T13:29:33.514031,customers.csv
1604,Diya Patel,diya.patel@yahoo.co.in,Kochi,2022-04-17,PREMIUM,2026-08-12T13:29:33.514031,customers.csv
1605,Garima Anand,garimaanand@outlook.com,Mumbai,2021-01-06,LIBRARY,2026-08-12T13:29:33.514031,customers.csv
1606,Rohit Bhatt,rohitbhatt@hotmail.com,Kolkata,2021-05-31,PREMIUM,2026-08-12T13:29:33.514031,customers.csv
1607,Gaurav Awasthi,gauravawasthi@hotmail.com,Bengaluru,2022-07-28,PREMIUM,2026-08-12T13:29:33.514031,customers.csv
1608,Vivaan Srivastava,vivaansrivastava@rediffmail.com,Coimbatore,2022-08-10,BASIC,2026-08-12T13:29:33.514031,customers.csv
1609,Aakash Joshi,aakashjoshi@yahoo.co.in,Chandigarh,2021-06-09,BASIC,2026-08-12T13:29:33.514031,customers.csv
1610,Aakash Kapoor,aakashkapoor@gmail.com,Kochi,2023-09-24,PREMIUM,2026-08-12T13:29:33.514031,customers.csv
1611,Tejas Kulkarni,tejaskulkarni@hotmail.com,Chennai,2019-07-23,LIBRARY,2026-08-12T13:29:33.514031,customers.csv
1612,Radha Narayanan,radhanarayanan@yahoo.co.in,Kanpur,2020-05-23,BASIC,2026-08-12T13:29:33.514031,customers.csv
1613,Diya Dey,diyadey@outlook.com,Kolkata,2019-03-29,BASIC,2026-08-12T13:29:33.514031,customers.csv
1614,Aditya Ghosh,adityaghosh@rediffmail.com,Pune,2023-07-08,BASIC,2026-08-12T13:29:33.514031,customers.csv
1615,Sushma Anand,sushmaanand@hotmail.com,Bhubaneswar,2019-10-12,BASIC,2026-08-12T13:29:33.514031,customers.csv
1616,Advaith Trivedi,advaithtrivedi@yahoo.co.in,Pune,2022-11-17,BASIC,2026-08-12T13:29:33.514031,customers.csv
1617,Shaurya Bhaduri,shauryabhaduri@rediffmail.com,Chandigarh,2023-05-31,BASIC,2026-08-12T13:29:33.514031,customers.csv
1618,Aliya Jadhav,aliyajadhav@gmail.com,Noida,2020-02-25,BASIC,2026-08-12T13:29:33.514031,customers.csv
1619,Angel Gupta,angelgupta@gmail.com,Bengaluru,2022-08-15,LIBRARY,2026-08-12T13:29:33.514031,customers.csv
1620,Ruhi Kulkarni,ruhikulkarni@gmail.com,Delhi,2023-02-19,LIBRARY,2026-08-12T13:29:33.514031,customers.csv
1603,Karan Bhatt,karan.bhatt@hotmail.com,Jaipur,2019-09-21,BASIC,2026-08-12T13:29:33.514031,customers.csv
1602,Prakash Bhatt,prakashbhatt@yahoo.co.in,Agra,2020-03-16,PREMIUM,2026-08-12T13:29:33.514031,customers.csv
1601,Chetna Roy,chetnaroy@gmail.com,Bharatpur,2024-06-21,BASIC,2026-08-12T13:29:33.514031,customers.csv
1600,Saanvi Dubey,saanvidubey@yahoo.co.in,Vellore,2020-02-26,PREMIUM,2026-08-12T13:29:33.514031,customers.csv
1581,Saanvi Parikh,saanviparikh@ymail.com,Hyderabad,2021-08-04,BASIC,2026-08-12T13:29:33.514031,customers.csv
1582,Tushar Banerjee,tusharbanerjee@gmail.com,Guwahati,2023-05-25,LIBRARY,2026-08-12T13:29:33.514031,customers.csv
1583,Nitin Jain,nitinjain@gmail.com,Tiruchirappalli,2021-04-14,BASIC,2026-08-12T13:29:33.514031,customers.csv
1584,Atharva Kumar,atharvakumar@gmail.com,Guwahati,2020-09-18,BASIC,2026-08-12T13:29:33.514031,customers.csv
1585,Neil Murthy,neilmurthy@outlook.com,Mumbai,2020-06-18,BASIC,2026-08-12T13:29:33.514031,customers.csv
1586,Aisha Upadhyay,aishaupadhyay@yahoo.com,Bhubaneswar,2021-06-27,BASIC,2026-08-12T13:29:33.514031,customers.csv
1587,Aadhya Raman,aadhyaraman@outlook.com,Bikaner,2019-07-31,BASIC,2026-08-12T13:29:33.514031,customers.csv
1589,Santosh Dey,santoshdey@gmail.com,Hyderabad,2021-12-09,BASIC,2026-08-12T13:29:33.514031,customers.csv
1621,Sushma Sharma,sushmasharma@gmail.com,Kolkata,2019-06-26,BASIC,2026-08-12T13:29:33.514031,customers.csv
1590,Atharva Nair,atharvanair@hotmail.com,Tumakuru,2021-05-01,BASIC,2026-08-12T13:29:33.514031,customers.csv
1592,Sana Trivedi,sanatrivedi@hotmail.com,Guwahati,2024-01-21,LIBRARY,2026-08-12T13:29:33.514031,customers.csv
1593,Ananya Shukla,ananyashukla@gmail.com,Belagavi,2019-05-09,BASIC,2026-08-12T13:29:33.514031,customers.csv
1594,Vikram Dwivedi,vikramdwivedi@ymail.com,Mumbai,2021-11-08,BASIC,2026-08-12T13:29:33.514031,customers.csv
1595,Aadhya Mondal,aadhyamondal@ymail.com,Mumbai,2024-09-27,LIBRARY,2026-08-12T13:29:33.514031,customers.csv
1596,Rudra Chauhan,rudrachauhan@gmail.com,Belagavi,2019-05-01,BASIC,2026-08-12T13:29:33.514031,customers.csv
1597,Pranav Thakur,pranavthakur@gmail.com,Kolkata,2024-05-26,BASIC,2026-08-12T13:29:33.514031,customers.csv
1598,Atharva Dwivedi,atharvadwivedi@ymail.com,Bhubaneswar,2024-03-28,PREMIUM,2026-08-12T13:29:33.514031,customers.csv
1599,Ekta Narayanan,ektanarayanan@ymail.com,Tiruchirappalli,2021-03-01,BASIC,2026-08-12T13:29:33.514031,customers.csv
1591,Advaith Subramaniam,advaithsubramaniam@outlook.com,Delhi,2019-11-09,BASIC,2026-08-12T13:29:33.514031,customers.csv
1622,Reyansh Bhatia,reyanshbhatia@yahoo.co.in,Ahmedabad,2023-04-04,BASIC,2026-08-12T13:29:33.514031,customers.csv
1623,Aliya Tiwari,aliyatiwari@rediffmail.com,Bengaluru,2022-07-31,LIBRARY,2026-08-12T13:29:33.514031,customers.csv
1624,Siddharth Sen,siddharthsen@rediffmail.com,Thiruvananthapuram,2021-09-12,PREMIUM,2026-08-12T13:29:33.514031,customers.csv
1647,Diya Verma,diyaverma@hotmail.com,Erode,2019-01-05,BASIC,2026-08-12T13:29:33.514031,customers.csv
1648,Meera Krishnan,meerakrishnan@gmail.com,Agra,2022-04-05,LIBRARY,2026-08-12T13:29:33.514031,customers.csv
1649,Nisha Anand,nishaanand@gmail.com,Ajmer,2020-01-20,BASIC,2026-08-12T13:29:33.514031,customers.csv
1650,Tanvi Srivastava,tanvisrivastava@rediffmail.com,Aurangabad,2021-11-20,PREMIUM,2026-08-12T13:29:33.514031,customers.csv
1651,Geeta Mittal,geetamittal@rediffmail.com,Mumbai,2022-12-15,BASIC,2026-08-12T13:29:33.514031,customers.csv
1652,Tushar Srivastava,tusharsrivastava@rediffmail.com,Bengaluru,2019-03-26,BASIC,2026-08-12T13:29:33.514031,customers.csv
1653,Anil Thakur,anilthakur@gmail.com,Ahmedabad,2019-05-07,BASIC,2026-08-12T13:29:33.514031,customers.csv
1654,Yash Kulkarni,yashkulkarni@yahoo.com,Jodhpur,2021-03-04,BASIC,2026-08-12T13:29:33.514031,customers.csv
1646,Vivaan Krishnan,vivaankrishnan@hotmail.com,Mumbai,2021-12-16,BASIC,2026-08-12T13:29:33.514031,customers.csv
1655,Aisha Pillai,aishapillai@ymail.com,Belagavi,2024-01-15,PREMIUM,2026-08-12T13:29:33.514031,customers.csv
1657,Sundar Kapoor,sundarkapoor@yahoo.com,Mumbai,2022-11-07,LIBRARY,2026-08-12T13:29:33.514031,customers.csv
1658,Harsh Chatterjee,harshchatterjee@rediffmail.com,Coimbatore,2022-11-22,BASIC,2026-08-12T13:29:33.514031,customers.csv
1659,Kabir Verma,kabirverma@gmail.com,Indore,2020-09-07,PREMIUM,2026-08-12T13:29:33.514031,customers.csv
1660,Pooja Biswas,poojabiswas@gmail.com,Pune,2022-03-26,BASIC,2026-08-12T13:29:33.514031,customers.csv
1661,Dipali Chopra,dipalichopra@rediffmail.com,Mumbai,2022-03-05,LIBRARY,2026-08-12T13:29:33.514031,customers.csv
1662,Kunal Chatterjee,kunalchatterjee@rediffmail.com,Pune,2023-10-29,BASIC,2026-08-12T13:29:33.514031,customers.csv
1663,Nadia Sharma,nadiasharma@yahoo.co.in,Hyderabad,2022-03-06,LIBRARY,2026-08-12T13:29:33.514031,customers.csv
1664,Komal Rajan,komalrajan@ymail.com,Hyderabad,2019-12-19,PREMIUM,2026-08-12T13:29:33.514031,customers.csv
1656,Saanvi Jain,saanvijain@hotmail.com,Mangaluru,2023-05-21,PREMIUM,2026-08-12T13:29:33.514031,customers.csv
1579,Diya Ghosh,diyaghosh@yahoo.com,Coimbatore,2023-05-23,BASIC,2026-08-12T13:29:33.514031,customers.csv
1645,Rahul Joshi,rahuljoshi@gmail.com,Ahmedabad,2024-02-08,BASIC,2026-08-12T13:29:33.514031,customers.csv
1643,Aisha Malhotra,aishamalhotra@yahoo.co.in,Aurangabad,2020-01-22,BASIC,2026-08-12T13:29:33.514031,customers.csv
1625,Sunita Subramaniam,sunitasubramaniam@hotmail.com,Bikaner,2024-05-31,BASIC,2026-08-12T13:29:33.514031,customers.csv
1626,Atharva Jain,atharvajain@yahoo.co.in,Nashik,2022-12-16,PREMIUM,2026-08-12T13:29:33.514031,customers.csv
1627,Himani Garg,himanigarg@yahoo.com,Visakhapatnam,2019-11-04,BASIC,2026-08-12T13:29:33.514031,customers.csv
1628,Ayaan Chauhan,ayaanchauhan@yahoo.com,Indore,2023-04-27,BASIC,2026-08-12T13:29:33.514031,customers.csv
1629,Geeta Pillai,geetapillai@yahoo.com,Varanasi,2022-07-07,LIBRARY,2026-08-12T13:29:33.514031,customers.csv
1630,Swara Jadhav,swarajadhav@gmail.com,Noida,2020-03-08,BASIC,2026-08-12T13:29:33.514031,customers.csv
1631,Angel Bajpai,angelbajpai@rediffmail.com,Ambala,2021-04-11,LIBRARY,2026-08-12T13:29:33.514031,customers.csv
1632,Manish Tripathi,manishtripathi@yahoo.co.in,Kanpur,2022-06-12,LIBRARY,2026-08-12T13:29:33.514031,customers.csv
1644,Savita Biswas,savitabiswas@yahoo.co.in,Faridabad,2021-09-04,BASIC,2026-08-12T13:29:33.514031,customers.csv
1633,Yash Pillai,yashpillai@rediffmail.com,Rohtak,2020-03-27,BASIC,2026-08-12T13:29:33.514031,customers.csv
1635,Ishita Chatterjee,ishitachatterjee@gmail.com,Ahmedabad,2021-05-18,BASIC,2026-08-12T13:29:33.514031,customers.csv
1636,Deepak Rajan,deepak.rajan@ymail.com,Ahmedabad,2023-12-13,BASIC,2026-08-12T13:29:33.514031,customers.csv
1637,Gaurav Iyer,gauraviyer@outlook.com,Aurangabad,2023-09-27,BASIC,2026-08-12T13:29:33.514031,customers.csv
1638,Pooja Tripathi,pooja.tripathi@gmail.com,Kochi,2024-07-14,PREMIUM,2026-08-12T13:29:33.514031,customers.csv
1639,Harish Pillai,harishpillai@gmail.com,Bhubaneswar,2020-03-30,BASIC,2026-08-12T13:29:33.514031,customers.csv
1640,Kabir Gupta,kabirgupta@yahoo.co.in,Kolkata,2020-02-18,BASIC,2026-08-12T13:29:33.514031,customers.csv
1641,Angel Biswas,angelbiswas@outlook.com,Lucknow,2020-02-19,BASIC,2026-08-12T13:29:33.514031,customers.csv
1642,Chinmay Khanna,chinmaykhanna@yahoo.com,Hyderabad,2021-04-13,BASIC,2026-08-12T13:29:33.514031,customers.csv
1634,Aditya Jadhav,adityajadhav@yahoo.co.in,Mumbai,2024-01-29,BASIC,2026-08-12T13:29:33.514031,customers.csv
2102,Vikram Raman,vikramraman@outlook.com,Bengaluru,2023-04-27,BASIC,2026-08-12T13:29:33.514031,customers.csv
2103,Jyoti Chopra,jyotichopra@gmail.com,Ahmedabad,2021-07-09,BASIC,2026-08-12T13:29:33.514031,customers.csv
2104,Garima Shah,garima.shah@ymail.com,Hyderabad,2022-01-26,BASIC,2026-08-12T13:29:33.514031,customers.csv
2561,Ramesh Murthy,rameshmurthy@hotmail.com,Indore,2022-02-05,LIBRARY,2026-08-12T13:29:33.514031,customers.csv
2562,Vikram Kumar,vikramkumar@gmail.com,Sikar,2019-04-10,LIBRARY,2026-08-12T13:29:33.514031,customers.csv
2563,Ekta Kumar,ektakumar@hotmail.com,Hyderabad,2019-11-29,BASIC,2026-08-12T13:29:33.514031,customers.csv
2564,Ruhi Tripathi,ruhitripathi@gmail.com,Nagpur,2023-03-02,BASIC,2026-08-12T13:29:33.514031,customers.csv
2565,Bhavna Mondal,bhavnamondal@gmail.com,Ranchi,2022-07-05,BASIC,2026-08-12T13:29:33.514031,customers.csv
2566,Hira Menon,hiramenon@yahoo.co.in,Udaipur,2021-12-04,BASIC,2026-08-12T13:29:33.514031,customers.csv
2567,Shaurya Murthy,shauryamurthy@ymail.com,Bhopal,2024-07-04,PREMIUM,2026-08-12T13:29:33.514031,customers.csv
2568,Sachin Nair,sachinnair@gmail.com,Meerut,2022-03-29,PREMIUM,2026-08-12T13:29:33.514031,customers.csv
2569,Neil Shah,neilshah@outlook.com,Bhopal,2024-09-08,BASIC,2026-08-12T13:29:33.514031,customers.csv
2570,Vinod Kumar,vinodkumar@gmail.com,Mumbai,2021-12-06,BASIC,2026-08-12T13:29:33.514031,customers.csv
2571,Varun Dwivedi,varundwivedi@hotmail.com,Delhi,2022-01-31,PREMIUM,2026-08-12T13:29:33.514031,customers.csv
2572,Rudra Parikh,rudraparikh@gmail.com,Kolkata,2020-09-03,LIBRARY,2026-08-12T13:29:33.514031,customers.csv
2573,Avni Sundaram,avnisundaram@hotmail.com,Jaipur,2019-07-20,BASIC,2026-08-12T13:29:33.514031,customers.csv
2574,Swara Tiwari,swaratiwari@outlook.com,Aurangabad,2019-06-11,PREMIUM,2026-08-12T13:29:33.514031,customers.csv
2575,Lakshmi Gupta,lakshmigupta@yahoo.com,Kolkata,2024-02-28,PREMIUM,2026-08-12T13:29:33.514031,customers.csv
2576,Rajesh Singh,rajeshsingh@ymail.com,Chennai,2019-09-22,BASIC,2026-08-12T13:29:33.514031,customers.csv
2577,Avni Gupta,avnigupta@outlook.com,Kolkata,2020-05-23,PREMIUM,2026-08-12T13:29:33.514031,customers.csv
2560,Dipali Thakur,dipali.thakur@gmail.com,Surat,2023-12-17,BASIC,2026-08-12T13:29:33.514031,customers.csv
2559,Saanvi Shah,saanvishah@rediffmail.com,Faridabad,2021-04-20,BASIC,2026-08-12T13:29:33.514031,customers.csv
2558,Rekha Raman,rekharaman@yahoo.co.in,Kolkata,2020-07-11,LIBRARY,2026-08-12T13:29:33.514031,customers.csv
2557,Kamala Mondal,kamalamondal@gmail.com,Kolkata,2019-12-09,BASIC,2026-08-12T13:29:33.514031,customers.csv
2539,Geeta Chauhan,geetachauhan@hotmail.com,Bengaluru,2024-08-25,PREMIUM,2026-08-12T13:29:33.514031,customers.csv
2540,Nisha Ghosh,nisha.ghosh@gmail.com,Kanpur,2022-11-30,BASIC,2026-08-12T13:29:33.514031,customers.csv
2541,Tejas Patil,tejas.patil@gmail.com,Mumbai,2020-02-04,PREMIUM,2026-08-12T13:29:33.514031,customers.csv
2542,Yash Singh,yashsingh@yahoo.co.in,Chennai,2020-10-04,BASIC,2026-08-12T13:29:33.514031,customers.csv
2543,Shubham Shah,shubhamshah@gmail.com,Chennai,2021-05-06,BASIC,2026-08-12T13:29:33.514031,customers.csv
2544,Aadhav Chopra,aadhav.chopra@gmail.com,Thiruvananthapuram,2021-07-13,PREMIUM,2026-08-12T13:29:33.514031,customers.csv
2545,Pranav Patel,pranavpatel@yahoo.com,Jaipur,2022-05-12,LIBRARY,2026-08-12T13:29:33.514031,customers.csv
2546,Sana Kulkarni,sanakulkarni@gmail.com,Allahabad,2020-10-13,BASIC,2026-08-12T13:29:33.514031,customers.csv
2578,Rekha Sharma,rekhasharma@yahoo.co.in,Vellore,2020-12-27,PREMIUM,2026-08-12T13:29:33.514031,customers.csv
2547,Varun Sharma,varunsharma@hotmail.com,Mumbai,2020-12-18,PREMIUM,2026-08-12T13:29:33.514031,customers.csv
2549,Rudra Trivedi,rudratrivedi@outlook.com,Kolkata,2020-11-11,BASIC,2026-08-12T13:29:33.514031,customers.csv
2550,Pranit Balaji,pranitbalaji@ymail.com,Mangaluru,2022-09-13,BASIC,2026-08-12T13:29:33.514031,customers.csv
2551,Ananya Dey,ananyadey@yahoo.com,Salem,2023-10-07,BASIC,2026-08-12T13:29:33.514031,customers.csv
2552,Harsh Deshpande,harshdeshpande@hotmail.com,Kolkata,2021-05-27,PREMIUM,2026-08-12T13:29:33.514031,customers.csv
2553,Dipali Singh,dipalisingh@outlook.com,Pune,2024-03-19,BASIC,2026-08-12T13:29:33.514031,customers.csv
2554,Rohan Menon,rohanmenon@gmail.com,Belagavi,2021-07-30,PREMIUM,2026-08-12T13:29:33.514031,customers.csv
2555,Aliya Raman,aliyaraman@ymail.com,Bhopal,2020-07-07,BASIC,2026-08-12T13:29:33.514031,customers.csv
2556,Usha Shukla,ushashukla@yahoo.com,Pali,2021-09-12,BASIC,2026-08-12T13:29:33.514031,customers.csv
2548,Isha Trivedi,ishatrivedi@gmail.com,Kota,2021-05-17,BASIC,2026-08-12T13:29:33.514031,customers.csv
2538,Lakshmi Kapoor,lakshmikapoor@gmail.com,Thiruvananthapuram,2019-01-27,LIBRARY,2026-08-12T13:29:33.514031,customers.csv
2580,Sara Joshi,sarajoshi@yahoo.co.in,Kolkata,2019-09-26,BASIC,2026-08-12T13:29:33.514031,customers.csv
2583,Omkar Anand,omkaranand@yahoo.com,Bengaluru,2021-10-28,BASIC,2026-08-12T13:29:33.514031,customers.csv
2606,Vandana Chopra,vandanachopra@yahoo.com,Lucknow,2024-05-09,BASIC,2026-08-12T13:29:33.514031,customers.csv
2607,Isha Kumar,ishakumar@gmail.com,Ajmer,2023-07-27,BASIC,2026-08-12T13:29:33.514031,customers.csv
2608,Diya Mishra,diyamishra@ymail.com,Hyderabad,2021-09-10,BASIC,2026-08-12T13:29:33.514031,customers.csv
2609,Riya Srivastava,riyasrivastava@outlook.com,Delhi,2021-11-11,BASIC,2026-08-12T13:29:33.514031,customers.csv
2610,Aliya Chopra,aliyachopra@ymail.com,Vadodara,2019-06-25,LIBRARY,2026-08-12T13:29:33.514031,customers.csv
2611,Nikhil Singh,nikhilsingh@yahoo.com,Patna,2023-06-08,BASIC,2026-08-12T13:29:33.514031,customers.csv
2612,Harish Shah,harishshah@gmail.com,Bengaluru,2020-06-11,BASIC,2026-08-12T13:29:33.514031,customers.csv
2613,Ajay Singh,ajaysingh@yahoo.com,Rohtak,2019-08-15,PREMIUM,2026-08-12T13:29:33.514031,customers.csv
2614,Pari Bajpai,paribajpai@outlook.com,Mangaluru,2019-12-29,LIBRARY,2026-08-12T13:29:33.514031,customers.csv
2615,Nitin Kumar,nitinkumar@gmail.com,Visakhapatnam,2019-10-25,BASIC,2026-08-12T13:29:33.514031,customers.csv
2616,Prasad Chauhan,prasadchauhan@gmail.com,Kota,2021-11-06,BASIC,2026-08-12T13:29:33.514031,customers.csv
2617,Rajesh Gupta,rajeshgupta@ymail.com,Vadodara,2023-11-22,PREMIUM,2026-08-12T13:29:33.514031,customers.csv
2618,Dhruv Subramaniam,dhruvsubramaniam@rediffmail.com,Kanpur,2020-08-07,PREMIUM,2026-08-12T13:29:33.514031,customers.csv
2619,Pari Anand,pari.anand@yahoo.co.in,Udaipur,2019-06-15,BASIC,2026-08-12T13:29:33.514031,customers.csv
2620,Priya Bhatia,priyabhatia@gmail.com,Bharatpur,2024-01-07,LIBRARY,2026-08-12T13:29:33.514031,customers.csv
2621,Aadhya Chaturvedi,aadhyachaturvedi@yahoo.com,Bhopal,2020-07-13,BASIC,2026-08-12T13:29:33.514031,customers.csv
2622,Sai Chauhan,saichauhan@hotmail.com,Chandigarh,2020-05-23,BASIC,2026-08-12T13:29:33.514031,customers.csv
2605,Ayaan Nair,ayaannair@gmail.com,Chittorgarh,2022-03-20,BASIC,2026-08-12T13:29:33.514031,customers.csv
2604,Neil Chauhan,neilchauhan@hotmail.com,Chandigarh,2022-11-17,BASIC,2026-08-12T13:29:33.514031,customers.csv
2603,Chinmay Malhotra,chinmaymalhotra@gmail.com,Vellore,2023-08-29,BASIC,2026-08-12T13:29:33.514031,customers.csv
2602,Ruhi Dixit,ruhidixit@rediffmail.com,Bhubaneswar,2024-07-30,BASIC,2026-08-12T13:29:33.514031,customers.csv
2584,Vinod Shah,vinodshah@yahoo.co.in,Tiruchirappalli,2023-05-16,BASIC,2026-08-12T13:29:33.514031,customers.csv
2585,Rajesh Awasthi,rajeshawasthi@yahoo.co.in,Ambala,2019-06-23,BASIC,2026-08-12T13:29:33.514031,customers.csv
2586,Manish Rajput,manishrajput@hotmail.com,Ahmedabad,2021-02-04,BASIC,2026-08-12T13:29:33.514031,customers.csv
2587,Aadhya Singh,aadhyasingh@gmail.com,Bhopal,2022-06-14,BASIC,2026-08-12T13:29:33.514031,customers.csv
2588,Chetna Kapoor,chetnakapoor@ymail.com,Kochi,2024-08-31,BASIC,2026-08-12T13:29:33.514031,customers.csv
2589,Sachin Thakur,sachinthakur@gmail.com,Jaipur,2024-08-13,PREMIUM,2026-08-12T13:29:33.514031,customers.csv
2590,Saanvi Kapoor,saanvikapoor@gmail.com,Indore,2019-09-10,PREMIUM,2026-08-12T13:29:33.514031,customers.csv
2591,Ruhi Chaturvedi,ruhichaturvedi@yahoo.co.in,Visakhapatnam,2019-08-24,LIBRARY,2026-08-12T13:29:33.514031,customers.csv
2581,Aliya Parikh,aliyaparikh@yahoo.co.in,Aurangabad,2022-06-13,BASIC,2026-08-12T13:29:33.514031,customers.csv
2592,Pooja Agarwal,poojaagarwal@yahoo.com,Chennai,2022-12-25,BASIC,2026-08-12T13:29:33.514031,customers.csv
2594,Chinmay Thakur,chinmaythakur@gmail.com,Delhi,2024-02-06,PREMIUM,2026-08-12T13:29:33.514031,customers.csv
2595,Vinod Chatterjee,vinodchatterjee@gmail.com,Chandigarh,2021-03-24,BASIC,2026-08-12T13:29:33.514031,customers.csv
2596,Kunal Rao,kunalrao@yahoo.com,Patna,2020-07-05,BASIC,2026-08-12T13:29:33.514031,customers.csv
2597,Sara Saxena,sara.saxena@gmail.com,Mysuru,2019-05-23,PREMIUM,2026-08-12T13:29:33.514031,customers.csv
2598,Ishaan Reddy,ishaanreddy@ymail.com,Patna,2022-09-03,BASIC,2026-08-12T13:29:33.514031,customers.csv
2599,Advaith Mane,advaithmane@outlook.com,Sikar,2019-02-04,BASIC,2026-08-12T13:29:33.514031,customers.csv
2600,Aanya Yadav,aanyayadav@gmail.com,Kochi,2022-10-02,LIBRARY,2026-08-12T13:29:33.514031,customers.csv
2601,Sundar Menon,sundarmenon@gmail.com,Ghaziabad,2019-02-23,BASIC,2026-08-12T13:29:33.514031,customers.csv
2593,Himani Anand,himanianand@hotmail.com,Mysuru,2020-05-15,BASIC,2026-08-12T13:29:33.514031,customers.csv
2537,Ritvik Rao,ritvikrao@ymail.com,Jodhpur,2021-09-14,BASIC,2026-08-12T13:29:33.514031,customers.csv
2536,Kunal Patil,kunalpatil@gmail.com,Ahmedabad,2021-08-27,PREMIUM,2026-08-12T13:29:33.514031,customers.csv
2535,Kavya Verma,kavyaverma@outlook.com,Bengaluru,2022-02-22,PREMIUM,2026-08-12T13:29:33.514031,customers.csv
2474,Advaith Malhotra,advaithmalhotra@ymail.com,Visakhapatnam,2019-10-08,BASIC,2026-08-12T13:29:33.514031,customers.csv
2475,Rudra Chatterjee,rudrachatterjee@yahoo.com,Delhi,2022-01-11,BASIC,2026-08-12T13:29:33.514031,customers.csv
2476,Kabir Patil,kabirpatil@gmail.com,Patna,2024-03-20,PREMIUM,2026-08-12T13:29:33.514031,customers.csv
2477,Ritvik Venkatesh,ritvikvenkatesh@yahoo.co.in,Alwar,2022-12-30,LIBRARY,2026-08-12T13:29:33.514031,customers.csv
2478,Atharva Upadhyay,atharvaupadhyay@outlook.com,Chittorgarh,2021-10-22,PREMIUM,2026-08-12T13:29:33.514031,customers.csv
2479,Aditya Biswas,adityabiswas@gmail.com,Ranchi,2020-10-26,BASIC,2026-08-12T13:29:33.514031,customers.csv
2480,Vikram Mishra,vikrammishra@ymail.com,Chennai,2022-12-10,BASIC,2026-08-12T13:29:33.514031,customers.csv
2481,Vikram Vyas,vikramvyas@outlook.com,Bengaluru,2024-09-29,LIBRARY,2026-08-12T13:29:33.514031,customers.csv
2482,Ekta Parikh,ektaparikh@gmail.com,Chennai,2024-06-03,LIBRARY,2026-08-12T13:29:33.514031,customers.csv
2483,Kunal Joshi,kunaljoshi@yahoo.com,Allahabad,2024-07-17,PREMIUM,2026-08-12T13:29:33.514031,customers.csv
2484,Sachin Jadhav,sachinjadhav@hotmail.com,Bhubaneswar,2021-03-26,BASIC,2026-08-12T13:29:33.514031,customers.csv
2485,Arjun Patil,arjunpatil@gmail.com,Coimbatore,2019-03-12,PREMIUM,2026-08-12T13:29:33.514031,customers.csv
2486,Gaurav Chaturvedi,gauravchaturvedi@gmail.com,Erode,2024-03-13,BASIC,2026-08-12T13:29:33.514031,customers.csv
2487,Pranav Iyer,pranaviyer@ymail.com,Coimbatore,2020-04-22,PREMIUM,2026-08-12T13:29:33.514031,customers.csv
2488,Pranav Krishnan,pranavkrishnan@ymail.com,Dhanbad,2022-10-27,BASIC,2026-08-12T13:29:33.514031,customers.csv
2489,Neil Patel,neilpatel@hotmail.com,Kolkata,2023-10-10,BASIC,2026-08-12T13:29:33.514031,customers.csv
2490,Arjun Pillai,arjunpillai@yahoo.co.in,Thiruvananthapuram,2020-07-14,PREMIUM,2026-08-12T13:29:33.514031,customers.csv
2473,Kavya Trivedi,kavyatrivedi@outlook.com,Chennai,2020-11-02,BASIC,2026-08-12T13:29:33.514031,customers.csv
2472,Aditya Iyer,adityaiyer@yahoo.co.in,Hyderabad,2022-04-12,PREMIUM,2026-08-12T13:29:33.514031,customers.csv
2471,Fatima Dubey,fatimadubey@outlook.com,Delhi,2021-10-02,BASIC,2026-08-12T13:29:33.514031,customers.csv
2470,Kabir Agarwal,kabiragarwal@ymail.com,Aurangabad,2020-12-26,PREMIUM,2026-08-12T13:29:33.514031,customers.csv
2451,Ritvik Choudhary,ritvikchoudhary@yahoo.co.in,Guntur,2021-05-09,BASIC,2026-08-12T13:29:33.514031,customers.csv
2452,Fatima Patel,fatimapatel@gmail.com,Lucknow,2022-11-14,BASIC,2026-08-12T13:29:33.514031,customers.csv
2453,Reyansh Patel,reyanshpatel@outlook.com,Chennai,2024-07-31,BASIC,2026-08-12T13:29:33.514031,customers.csv
2454,Nadia Desai,nadia.desai@hotmail.com,Indore,2022-09-01,PREMIUM,2026-08-12T13:29:33.514031,customers.csv
2455,Tushar Bhatt,tusharbhatt@hotmail.com,Salem,2021-01-23,BASIC,2026-08-12T13:29:33.514031,customers.csv
2457,Sai Mukherjee,saimukherjee@ymail.com,Chandigarh,2022-02-12,BASIC,2026-08-12T13:29:33.514031,customers.csv
2458,Omkar Shukla,omkarshukla@gmail.com,Bikaner,2023-01-17,PREMIUM,2026-08-12T13:29:33.514031,customers.csv
2459,Vikram Sarkar,vikram.sarkar@hotmail.com,Mumbai,2024-05-31,LIBRARY,2026-08-12T13:29:33.514031,customers.csv
2491,Ishita Dixit,ishitadixit@yahoo.co.in,Ahmedabad,2023-08-15,BASIC,2026-08-12T13:29:33.514031,customers.csv
2460,Garima Rajan,garimarajan@yahoo.com,Hyderabad,2024-08-30,BASIC,2026-08-12T13:29:33.514031,customers.csv
2462,Omkar Roy,omkarroy@yahoo.co.in,Vadodara,2024-02-13,BASIC,2026-08-12T13:29:33.514031,customers.csv
2463,Shreya Srivastava,shreyasrivastava@outlook.com,Kochi,2019-09-15,BASIC,2026-08-12T13:29:33.514031,customers.csv
2464,Himani Trivedi,himanitrivedi@yahoo.com,Davangere,2021-07-01,BASIC,2026-08-12T13:29:33.514031,customers.csv
2465,Ishita Bhatia,ishitabhatia@gmail.com,Agra,2021-11-06,BASIC,2026-08-12T13:29:33.514031,customers.csv
2466,Ishita Sharma,ishitasharma@yahoo.com,Mumbai,2024-01-15,BASIC,2026-08-12T13:29:33.514031,customers.csv
2467,Deepak Sharma,deepaksharma@gmail.com,Salem,2022-01-25,PREMIUM,2026-08-12T13:29:33.514031,customers.csv
2468,Falak Murthy,falakmurthy@gmail.com,Patna,2022-06-08,LIBRARY,2026-08-12T13:29:33.514031,customers.csv
2469,Mihir Gupta,mihirgupta@yahoo.com,Vadodara,2022-03-23,LIBRARY,2026-08-12T13:29:33.514031,customers.csv
2461,Rekha Desai,rekhadesai@yahoo.com,Nagpur,2019-06-11,BASIC,2026-08-12T13:29:33.514031,customers.csv
2492,Rekha Bajpai,rekhabajpai@rediffmail.com,Pune,2022-05-13,BASIC,2026-08-12T13:29:33.514031,customers.csv
2493,Aditya Kumar,adityakumar@hotmail.com,Chennai,2020-01-17,LIBRARY,2026-08-12T13:29:33.514031,customers.csv
2494,Pranav Anand,pranavanand@gmail.com,Ahmedabad,2020-01-25,BASIC,2026-08-12T13:29:33.514031,customers.csv
2517,Himani Mehta,himanimehta@rediffmail.com,Surat,2021-04-14,BASIC,2026-08-12T13:29:33.514031,customers.csv
2518,Kabir Malhotra,kabirmalhotra@yahoo.co.in,Pune,2023-10-12,LIBRARY,2026-08-12T13:29:33.514031,customers.csv
2519,Vivaan Krishnan,vivaankrishnan@ymail.com,Delhi,2024-02-05,BASIC,2026-08-12T13:29:33.514031,customers.csv
2520,Tanvi Thakur,tanvithakur@yahoo.com,Visakhapatnam,2022-02-02,LIBRARY,2026-08-12T13:29:33.514031,customers.csv
2521,Sunita Vyas,sunita.vyas@gmail.com,Bhopal,2023-11-30,BASIC,2026-08-12T13:29:33.514031,customers.csv
2522,Aditya Agarwal,adityaagarwal@rediffmail.com,Jaipur,2024-09-18,PREMIUM,2026-08-12T13:29:33.514031,customers.csv
2523,Siddharth Menon,siddharthmenon@hotmail.com,Surat,2020-02-09,BASIC,2026-08-12T13:29:33.514031,customers.csv
2524,Nadia Balaji,nadiabalaji@outlook.com,Mumbai,2020-03-14,BASIC,2026-08-12T13:29:33.514031,customers.csv
2516,Reyansh Mittal,reyanshmittal@outlook.com,Indore,2019-09-09,LIBRARY,2026-08-12T13:29:33.514031,customers.csv
2525,Shreya Mittal,shreyamittal@ymail.com,Faridabad,2021-01-19,PREMIUM,2026-08-12T13:29:33.514031,customers.csv
2527,Ruhi Choudhary,ruhichoudhary@hotmail.com,Mumbai,2021-03-03,BASIC,2026-08-12T13:29:33.514031,customers.csv
2528,Dhruv Sethi,dhruvsethi@outlook.com,Kolkata,2022-01-18,PREMIUM,2026-08-12T13:29:33.514031,customers.csv
2529,Kiara Parikh,kiaraparikh@hotmail.com,Bengaluru,2024-04-16,PREMIUM,2026-08-12T13:29:33.514031,customers.csv
2530,Kiara Garg,kiaragarg@gmail.com,Gurugram,2023-01-01,BASIC,2026-08-12T13:29:33.514031,customers.csv
2531,Nitin Agarwal,nitinagarwal@hotmail.com,Patna,2023-10-31,PREMIUM,2026-08-12T13:29:33.514031,customers.csv
2532,Aditya Nair,adityanair@gmail.com,Kolkata,2019-06-29,BASIC,2026-08-12T13:29:33.514031,customers.csv
2533,Vinod Modi,vinodmodi@gmail.com,Bengaluru,2023-12-13,PREMIUM,2026-08-12T13:29:33.514031,customers.csv
2534,Pranav Thakur,pranavthakur@yahoo.com,Chennai,2020-02-01,BASIC,2026-08-12T13:29:33.514031,customers.csv
2526,Radha Anand,radhaanand@gmail.com,Salem,2022-09-02,LIBRARY,2026-08-12T13:29:33.514031,customers.csv
2623,Dhruv Awasthi,dhruvawasthi@gmail.com,Chandigarh,2019-07-14,PREMIUM,2026-08-12T13:29:33.514031,customers.csv
2515,Karan Upadhyay,karanupadhyay@yahoo.com,Patna,2022-01-26,BASIC,2026-08-12T13:29:33.514031,customers.csv
2513,Siddharth Chatterjee,siddharthchatterjee@hotmail.com,Tirunelveli,2023-04-01,PREMIUM,2026-08-12T13:29:33.514031,customers.csv
2495,Sachin Srivastava,sachinsrivastava@gmail.com,Chennai,2021-05-19,PREMIUM,2026-08-12T13:29:33.514031,customers.csv
2496,Dipali Reddy,dipalireddy@gmail.com,Pune,2019-11-23,LIBRARY,2026-08-12T13:29:33.514031,customers.csv
2497,Pranit Choudhary,pranitchoudhary@ymail.com,Pune,2022-05-03,BASIC,2026-08-12T13:29:33.514031,customers.csv
2498,Manish Shah,manishshah@outlook.com,Bengaluru,2022-09-27,BASIC,2026-08-12T13:29:33.514031,customers.csv
2499,Shubham Gupta,shubhamgupta@gmail.com,Bengaluru,2019-01-17,BASIC,2026-08-12T13:29:33.514031,customers.csv
2500,Sunita Shah,sunitashah@hotmail.com,Lucknow,2020-03-13,BASIC,2026-08-12T13:29:33.514031,customers.csv
2501,Ananya Roy,ananyaroy@yahoo.com,Delhi,2020-11-20,BASIC,2026-08-12T13:29:33.514031,customers.csv
2502,Fatima Chakraborty,fatimachakraborty@gmail.com,Guwahati,2019-03-10,BASIC,2026-08-12T13:29:33.514031,customers.csv
2514,Usha Kapoor,ushakapoor@yahoo.com,Gurugram,2020-08-20,BASIC,2026-08-12T13:29:33.514031,customers.csv
2503,Navya Banerjee,navyabanerjee@ymail.com,Kolkata,2023-07-29,BASIC,2026-08-12T13:29:33.514031,customers.csv
2505,Harish Chauhan,harishchauhan@outlook.com,Chennai,2022-04-13,BASIC,2026-08-12T13:29:33.514031,customers.csv
2506,Pranav Parikh,pranavparikh@outlook.com,Shivamogga,2022-03-24,BASIC,2026-08-12T13:29:33.514031,customers.csv
2507,Meera Sarkar,meerasarkar@outlook.com,Kolkata,2024-07-31,BASIC,2026-08-12T13:29:33.514031,customers.csv
2508,Kabir Parikh,kabirparikh@yahoo.com,Jodhpur,2020-06-09,PREMIUM,2026-08-12T13:29:33.514031,customers.csv
2509,Aanya Sen,aanyasen@yahoo.com,Bengaluru,2019-06-14,BASIC,2026-08-12T13:29:33.514031,customers.csv
2510,Meera Shah,meerashah@gmail.com,Visakhapatnam,2020-06-28,BASIC,2026-08-12T13:29:33.514031,customers.csv
2511,Riya Menon,riyamenon@gmail.com,Bhubaneswar,2020-03-29,LIBRARY,2026-08-12T13:29:33.514031,customers.csv
2512,Aliya Verma,aliyaverma@gmail.com,Ahmedabad,2024-01-06,BASIC,2026-08-12T13:29:33.514031,customers.csv
2504,Sana Balaji,sanabalaji@yahoo.com,Patna,2021-09-01,BASIC,2026-08-12T13:29:33.514031,customers.csv
2450,Amit Sinha,amitsinha@yahoo.com,Nashik,2023-11-19,BASIC,2026-08-12T13:29:33.514031,customers.csv
2624,Gaurav Chakraborty,gauravchakraborty@gmail.com,Chittorgarh,2022-03-16,PREMIUM,2026-08-12T13:29:33.514031,customers.csv
2626,Tejas Dey,tejasdey@outlook.com,Kota,2023-03-20,LIBRARY,2026-08-12T13:29:33.514031,customers.csv
2738,Varun Verma,varunverma@ymail.com,Kolkata,2021-12-10,BASIC,2026-08-12T13:29:33.514031,customers.csv
2739,Ananya Yadav,ananyayadav@ymail.com,Indore,2019-04-10,PREMIUM,2026-08-12T13:29:33.514031,customers.csv
2740,Diya Krishnan,diyakrishnan@ymail.com,Nashik,2024-02-11,BASIC,2026-08-12T13:29:33.514031,customers.csv
2741,Bhavna Shukla,bhavnashukla@rediffmail.com,Indore,2021-12-02,PREMIUM,2026-08-12T13:29:33.514031,customers.csv
2742,Nikhil Bhaduri,nikhilbhaduri@yahoo.co.in,Bhopal,2023-04-02,BASIC,2026-08-12T13:29:33.514031,customers.csv
2743,Yash Patel,yashpatel@gmail.com,Guwahati,2024-09-23,LIBRARY,2026-08-12T13:29:33.514031,customers.csv
2744,Ajay Jadhav,ajayjadhav@ymail.com,Kolkata,2020-02-23,BASIC,2026-08-12T13:29:33.514031,customers.csv
2745,Reyansh Choudhary,reyanshchoudhary@rediffmail.com,Vellore,2024-04-04,BASIC,2026-08-12T13:29:33.514031,customers.csv
2746,Krishna Jadhav,krishnajadhav@yahoo.com,Chennai,2021-06-08,PREMIUM,2026-08-12T13:29:33.514031,customers.csv
2747,Fatima Sen,fatimasen@gmail.com,Ahmedabad,2020-12-07,BASIC,2026-08-12T13:29:33.514031,customers.csv
2748,Yash Chakraborty,yashchakraborty@yahoo.com,Jodhpur,2020-12-02,BASIC,2026-08-12T13:29:33.514031,customers.csv
2749,Chinmay Bhatt,chinmaybhatt@gmail.com,Bhubaneswar,2021-08-25,PREMIUM,2026-08-12T13:29:33.514031,customers.csv
2750,Aryan Das,aryandas@gmail.com,Ahmedabad,2023-01-29,PREMIUM,2026-08-12T13:29:33.514031,customers.csv
2751,Meera Ghosh,meeraghosh@yahoo.com,Ahmedabad,2022-06-15,BASIC,2026-08-12T13:29:33.514031,customers.csv
2752,Sundar Chatterjee,sundarchatterjee@rediffmail.com,Aurangabad,2024-07-12,BASIC,2026-08-12T13:29:33.514031,customers.csv
2753,Ananya Desai,ananyadesai@yahoo.com,Madurai,2022-09-24,BASIC,2026-08-12T13:29:33.514031,customers.csv
2754,Kavya Ghosh,kavyaghosh@gmail.com,Hyderabad,2024-01-05,PREMIUM,2026-08-12T13:29:33.514031,customers.csv
2737,Kiara Mondal,kiaramondal@gmail.com,Guwahati,2020-01-15,BASIC,2026-08-12T13:29:33.514031,customers.csv
2736,Vandana Pillai,vandanapillai@gmail.com,Chennai,2019-09-15,BASIC,2026-08-12T13:29:33.514031,customers.csv
2735,Shreya Yadav,shreyayadav@ymail.com,Chennai,2020-12-09,PREMIUM,2026-08-12T13:29:33.514031,customers.csv
2734,Pooja Modi,poojamodi@gmail.com,Bengaluru,2020-11-17,BASIC,2026-08-12T13:29:33.514031,customers.csv
2716,Rahul Shah,rahulshah@yahoo.co.in,Salem,2020-09-05,PREMIUM,2026-08-12T13:29:33.514031,customers.csv
2717,Sara Pillai,sarapillai@gmail.com,Mumbai,2022-12-20,BASIC,2026-08-12T13:29:33.514031,customers.csv
2718,Santosh Vyas,santoshvyas@ymail.com,Tiruchirappalli,2020-05-14,PREMIUM,2026-08-12T13:29:33.514031,customers.csv
2719,Kunal Anand,kunalanand@ymail.com,Delhi,2020-06-23,LIBRARY,2026-08-12T13:29:33.514031,customers.csv
2720,Sunita Sharma,sunitasharma@hotmail.com,Bengaluru,2022-11-27,PREMIUM,2026-08-12T13:29:33.514031,customers.csv
2721,Ananya Mukherjee,ananyamukherjee@ymail.com,Varanasi,2023-10-20,BASIC,2026-08-12T13:29:33.514031,customers.csv
2722,Ayaan Saxena,ayaansaxena@ymail.com,Kanpur,2024-01-17,PREMIUM,2026-08-12T13:29:33.514031,customers.csv
2723,Girish Kapoor,girishkapoor@gmail.com,Hyderabad,2022-10-15,PREMIUM,2026-08-12T13:29:33.514031,customers.csv
2755,Garima Sen,garimasen@gmail.com,Chennai,2020-12-15,BASIC,2026-08-12T13:29:33.514031,customers.csv
2724,Vikram Kapoor,vikramkapoor@hotmail.com,Aurangabad,2023-09-25,BASIC,2026-08-12T13:29:33.514031,customers.csv
2726,Harsh Chatterjee,harshchatterjee@outlook.com,Raipur,2019-04-15,BASIC,2026-08-12T13:29:33.514031,customers.csv
2727,Jyoti Sharma,jyotisharma@gmail.com,Hyderabad,2022-06-10,BASIC,2026-08-12T13:29:33.514031,customers.csv
2728,Aisha Rajput,aisharajput@yahoo.com,Delhi,2021-08-26,BASIC,2026-08-12T13:29:33.514031,customers.csv
2729,Sara Menon,sara.menon@hotmail.com,Delhi,2019-01-23,BASIC,2026-08-12T13:29:33.514031,customers.csv
2730,Vikram Venkatesh,vikramvenkatesh@ymail.com,Chennai,2023-10-10,PREMIUM,2026-08-12T13:29:33.514031,customers.csv
2731,Shubham Shukla,shubhamshukla@gmail.com,Pune,2022-03-10,LIBRARY,2026-08-12T13:29:33.514031,customers.csv
2732,Usha Anand,ushaanand@outlook.com,Lucknow,2024-07-02,BASIC,2026-08-12T13:29:33.514031,customers.csv
2733,Radha Thakur,radhathakur@rediffmail.com,Belagavi,2023-12-12,PREMIUM,2026-08-12T13:29:33.514031,customers.csv
2725,Chetna Sinha,chetnasinha@yahoo.co.in,Hyderabad,2020-06-11,BASIC,2026-08-12T13:29:33.514031,customers.csv
2715,Jyoti Anand,jyotianand@yahoo.com,Pali,2024-01-07,LIBRARY,2026-08-12T13:29:33.514031,customers.csv
2756,Krishna Mishra,krishnamishra@hotmail.com,Kolkata,2024-04-03,LIBRARY,2026-08-12T13:29:33.514031,customers.csv
2758,Rohan Bhaduri,rohanbhaduri@yahoo.com,Bengaluru,2019-04-26,LIBRARY,2026-08-12T13:29:33.514031,customers.csv
2782,Jyoti Bajpai,jyotibajpai@outlook.com,Ghaziabad,2019-09-28,LIBRARY,2026-08-12T13:29:33.514031,customers.csv
2783,Shubham Sharma,shubhamsharma@hotmail.com,Bengaluru,2024-07-26,LIBRARY,2026-08-12T13:29:33.514031,customers.csv
2784,Aditya Iyer,adityaiyer@rediffmail.com,Bengaluru,2022-02-02,BASIC,2026-08-12T13:29:33.514031,customers.csv
2785,Ramesh Upadhyay,rameshupadhyay@hotmail.com,Vadodara,2023-05-06,BASIC,2026-08-12T13:29:33.514031,customers.csv
2786,Nitin Banerjee,nitinbanerjee@gmail.com,Kolkata,2019-11-03,PREMIUM,2026-08-12T13:29:33.514031,customers.csv
2787,Ajay Bose,ajaybose@gmail.com,Ranchi,2019-08-09,BASIC,2026-08-12T13:29:33.514031,customers.csv
2788,Ritvik Bajpai,ritvikbajpai@gmail.com,Bhopal,2024-07-19,BASIC,2026-08-12T13:29:33.514031,customers.csv
2789,Ayaan Tiwari,ayaantiwari@gmail.com,Nagpur,2019-12-16,BASIC,2026-08-12T13:29:33.514031,customers.csv
2790,Ramesh Roy,rameshroy@outlook.com,Kolkata,2020-06-02,LIBRARY,2026-08-12T13:29:33.514031,customers.csv
2791,Shreya Anand,shreyaanand@gmail.com,Ahmedabad,2021-12-05,LIBRARY,2026-08-12T13:29:33.514031,customers.csv
2792,Ananya Sharma,ananyasharma@yahoo.co.in,Mumbai,2019-08-29,BASIC,2026-08-12T13:29:33.514031,customers.csv
2793,Aditya Sarkar,adityasarkar@outlook.com,Salem,2024-01-24,BASIC,2026-08-12T13:29:33.514031,customers.csv
2794,Ramesh Sethi,rameshsethi@gmail.com,Jaipur,2022-11-26,BASIC,2026-08-12T13:29:33.514031,customers.csv
2795,Shreya Bhatt,shreyabhatt@yahoo.com,Kolkata,2020-03-11,BASIC,2026-08-12T13:29:33.514031,customers.csv
2796,Isha Mittal,ishamittal@outlook.com,Mumbai,2019-06-30,PREMIUM,2026-08-12T13:29:33.514031,customers.csv
2797,Ayaan Chatterjee,ayaanchatterjee@gmail.com,Mumbai,2019-04-20,LIBRARY,2026-08-12T13:29:33.514031,customers.csv
2798,Shubham Modi,shubhammodi@yahoo.com,Bengaluru,2023-06-21,BASIC,2026-08-12T13:29:33.514031,customers.csv
2781,Rudra Dey,rudradey@outlook.com,Bengaluru,2021-03-04,PREMIUM,2026-08-12T13:29:33.514031,customers.csv
2780,Rekha Mukherjee,rekhamukherjee@gmail.com,Kochi,2022-08-30,BASIC,2026-08-12T13:29:33.514031,customers.csv
2779,Advaith Rao,advaithrao@gmail.com,Bharatpur,2023-06-06,PREMIUM,2026-08-12T13:29:33.514031,customers.csv
2778,Laila Bhatia,lailabhatia@gmail.com,Hyderabad,2022-03-01,BASIC,2026-08-12T13:29:33.514031,customers.csv
2759,Hira Iyer,hiraiyer@hotmail.com,Lucknow,2019-08-11,PREMIUM,2026-08-12T13:29:33.514031,customers.csv
2761,Ekta Mane,ektamane@ymail.com,Patna,2023-12-01,BASIC,2026-08-12T13:29:33.514031,customers.csv
2762,Sana Yadav,sanayadav@hotmail.com,Thiruvananthapuram,2023-01-03,BASIC,2026-08-12T13:29:33.514031,customers.csv
2763,Priya Raman,priyaraman@gmail.com,Pali,2019-06-15,BASIC,2026-08-12T13:29:33.514031,customers.csv
2764,Aditya Kapoor,adityakapoor@yahoo.com,Davangere,2019-12-02,LIBRARY,2026-08-12T13:29:33.514031,customers.csv
2765,Yash Ghosh,yash.ghosh@gmail.com,Indore,2022-11-21,LIBRARY,2026-08-12T13:29:33.514031,customers.csv
2766,Ananya Yadav,ananyayadav@gmail.com,Mumbai,2020-09-03,PREMIUM,2026-08-12T13:29:33.514031,customers.csv
2767,Yash Tiwari,yashtiwari@hotmail.com,Thiruvananthapuram,2020-01-14,BASIC,2026-08-12T13:29:33.514031,customers.csv
2757,Rekha Narayanan,rekhanarayanan@gmail.com,Chennai,2022-08-31,BASIC,2026-08-12T13:29:33.514031,customers.csv
2768,Kiara Venkatesh,kiaravenkatesh@ymail.com,Chennai,2021-03-15,BASIC,2026-08-12T13:29:33.514031,customers.csv
2770,Dev Menon,devmenon@outlook.com,Delhi,2020-09-10,PREMIUM,2026-08-12T13:29:33.514031,customers.csv
2771,Rudra Menon,rudramenon@gmail.com,Bengaluru,2024-02-29,BASIC,2026-08-12T13:29:33.514031,customers.csv
2772,Vinod Mukherjee,vinodmukherjee@gmail.com,Chandigarh,2020-01-01,BASIC,2026-08-12T13:29:33.514031,customers.csv
2773,Kabir Dixit,kabirdixit@gmail.com,Bengaluru,2021-01-10,BASIC,2026-08-12T13:29:33.514031,customers.csv
2774,Ritvik Biswas,ritvikbiswas@gmail.com,Nagpur,2022-11-05,PREMIUM,2026-08-12T13:29:33.514031,customers.csv
2775,Prasad Anand,prasadanand@rediffmail.com,Guntur,2021-03-21,PREMIUM,2026-08-12T13:29:33.514031,customers.csv
2776,Prasad Chauhan,prasadchauhan@yahoo.co.in,Coimbatore,2023-11-03,BASIC,2026-08-12T13:29:33.514031,customers.csv
2777,Vikram Yadav,vikramyadav@gmail.com,Thiruvananthapuram,2024-02-09,PREMIUM,2026-08-12T13:29:33.514031,customers.csv
2769,Yash Trivedi,yashtrivedi@gmail.com,Chennai,2024-08-09,BASIC,2026-08-12T13:29:33.514031,customers.csv
2714,Navya Pandey,navyapandey@yahoo.com,Agra,2024-05-03,PREMIUM,2026-08-12T13:29:33.514031,customers.csv
2713,Pooja Jadhav,poojajadhav@hotmail.com,Meerut,2021-04-08,BASIC,2026-08-12T13:29:33.514031,customers.csv
2712,Arjun Rao,arjunrao@yahoo.com,Lucknow,2019-12-28,BASIC,2026-08-12T13:29:33.514031,customers.csv
2649,Pooja Mondal,poojamondal@hotmail.com,Delhi,2023-07-29,LIBRARY,2026-08-12T13:29:33.514031,customers.csv
2650,Saanvi Balaji,saanvibalaji@rediffmail.com,Bhubaneswar,2020-08-11,BASIC,2026-08-12T13:29:33.514031,customers.csv
2651,Chinmay Awasthi,chinmayawasthi@yahoo.co.in,Kolkata,2024-07-21,BASIC,2026-08-12T13:29:33.514031,customers.csv
2652,Girish Dey,girishdey@outlook.com,Hyderabad,2024-01-14,BASIC,2026-08-12T13:29:33.514031,customers.csv
2653,Omkar Parikh,omkarparikh@outlook.com,Thiruvananthapuram,2020-07-15,BASIC,2026-08-12T13:29:33.514031,customers.csv
2654,Aditya Bhaduri,adityabhaduri@rediffmail.com,Aurangabad,2024-04-26,BASIC,2026-08-12T13:29:33.514031,customers.csv
2655,Reyansh Mishra,reyanshmishra@gmail.com,Bikaner,2021-12-15,BASIC,2026-08-12T13:29:33.514031,customers.csv
2656,Deepak Anand,deepakanand@ymail.com,Kolkata,2021-03-10,BASIC,2026-08-12T13:29:33.514031,customers.csv
2657,Kiara Jadhav,kiarajadhav@gmail.com,Guntur,2022-07-10,BASIC,2026-08-12T13:29:33.514031,customers.csv
2658,Pranit Tiwari,pranittiwari@hotmail.com,Tumakuru,2023-07-02,BASIC,2026-08-12T13:29:33.514031,customers.csv
2659,Vinod Murthy,vinodmurthy@rediffmail.com,Mumbai,2020-11-03,PREMIUM,2026-08-12T13:29:33.514031,customers.csv
2660,Dhruv Reddy,dhruvreddy@gmail.com,Mumbai,2020-04-06,BASIC,2026-08-12T13:29:33.514031,customers.csv
2661,Tejas Bhatt,tejasbhatt@ymail.com,Raipur,2022-07-25,BASIC,2026-08-12T13:29:33.514031,customers.csv
2662,Vinod Narayanan,vinodnarayanan@hotmail.com,Jaipur,2021-02-18,BASIC,2026-08-12T13:29:33.514031,customers.csv
2663,Prakash Nair,prakashnair@ymail.com,Pune,2021-12-19,PREMIUM,2026-08-12T13:29:33.514031,customers.csv
2664,Reyansh Tiwari,reyanshtiwari@hotmail.com,Delhi,2023-06-09,BASIC,2026-08-12T13:29:33.514031,customers.csv
2665,Kamala Shah,kamalashah@outlook.com,Pune,2019-08-05,BASIC,2026-08-12T13:29:33.514031,customers.csv
2648,Krishna Dixit,krishnadixit@gmail.com,Chandigarh,2022-02-17,BASIC,2026-08-12T13:29:33.514031,customers.csv
2647,Laila Tripathi,lailatripathi@hotmail.com,Meerut,2019-04-15,BASIC,2026-08-12T13:29:33.514031,customers.csv
2646,Ayaan Menon,ayaanmenon@outlook.com,Patna,2019-11-04,BASIC,2026-08-12T13:29:33.514031,customers.csv
2645,Laila Sundaram,lailasundaram@outlook.com,Shivamogga,2023-05-14,BASIC,2026-08-12T13:29:33.514031,customers.csv
2627,Ajay Chopra,ajaychopra@rediffmail.com,Delhi,2022-04-25,BASIC,2026-08-12T13:29:33.514031,customers.csv
2628,Sushma Bajpai,sushmabajpai@outlook.com,Bhubaneswar,2021-10-13,BASIC,2026-08-12T13:29:33.514031,customers.csv
2629,Amit Chakraborty,amitchakraborty@yahoo.co.in,Mumbai,2024-08-11,BASIC,2026-08-12T13:29:33.514031,customers.csv
2630,Parth Biswas,parthbiswas@gmail.com,Mangaluru,2020-03-19,BASIC,2026-08-12T13:29:33.514031,customers.csv
2631,Isha Thakur,ishathakur@gmail.com,Sikar,2023-10-27,BASIC,2026-08-12T13:29:33.514031,customers.csv
2632,Parth Bhaduri,parthbhaduri@outlook.com,Guwahati,2019-04-05,PREMIUM,2026-08-12T13:29:33.514031,customers.csv
2633,Lakshmi Bose,lakshmibose@gmail.com,Indore,2023-09-07,BASIC,2026-08-12T13:29:33.514031,customers.csv
2634,Sara Deshpande,saradeshpande@yahoo.com,Pune,2021-07-23,PREMIUM,2026-08-12T13:29:33.514031,customers.csv
2666,Prakash Yadav,prakashyadav@yahoo.co.in,Allahabad,2023-06-20,BASIC,2026-08-12T13:29:33.514031,customers.csv
2635,Dev Thakur,devthakur@hotmail.com,Bhubaneswar,2020-07-21,PREMIUM,2026-08-12T13:29:33.514031,customers.csv
2637,Ritvik Das,ritvikdas@outlook.com,Ahmedabad,2020-08-26,BASIC,2026-08-12T13:29:33.514031,customers.csv
2638,Kunal Upadhyay,kunalupadhyay@gmail.com,Nagpur,2021-12-25,BASIC,2026-08-12T13:29:33.514031,customers.csv
2639,Bhavna Choudhary,bhavnachoudhary@outlook.com,Ahmedabad,2019-10-26,LIBRARY,2026-08-12T13:29:33.514031,customers.csv
2640,Navya Verma,navyaverma@rediffmail.com,Varanasi,2020-02-07,PREMIUM,2026-08-12T13:29:33.514031,customers.csv
2641,Himani Das,himanidas@yahoo.com,Chittorgarh,2022-07-08,PREMIUM,2026-08-12T13:29:33.514031,customers.csv
2642,Vikram Chatterjee,vikramchatterjee@yahoo.com,Sikar,2023-06-21,PREMIUM,2026-08-12T13:29:33.514031,customers.csv
2643,Rudra Agarwal,rudraagarwal@yahoo.co.in,Faridabad,2022-01-18,PREMIUM,2026-08-12T13:29:33.514031,customers.csv
2644,Sai Kumar,saikumar@rediffmail.com,Udaipur,2019-01-05,BASIC,2026-08-12T13:29:33.514031,customers.csv
2636,Aakash Singh,aakashsingh@gmail.com,Hubballi,2023-07-28,PREMIUM,2026-08-12T13:29:33.514031,customers.csv
2667,Sushma Pillai,sushma.pillai@rediffmail.com,Jodhpur,2024-08-08,PREMIUM,2026-08-12T13:29:33.514031,customers.csv
2668,Kamala Tiwari,kamalatiwari@gmail.com,Mumbai,2020-10-23,PREMIUM,2026-08-12T13:29:33.514031,customers.csv
2669,Atharva Subramaniam,atharvasubramaniam@ymail.com,Meerut,2020-02-24,PREMIUM,2026-08-12T13:29:33.514031,customers.csv
2694,Prasad Patel,prasadpatel@ymail.com,Pune,2019-01-03,BASIC,2026-08-12T13:29:33.514031,customers.csv
2695,Sara Shukla,sarashukla@yahoo.com,Jaipur,2022-01-08,BASIC,2026-08-12T13:29:33.514031,customers.csv
2696,Nadia Bajpai,nadiabajpai@outlook.com,Jaipur,2022-09-21,PREMIUM,2026-08-12T13:29:33.514031,customers.csv
2697,Santosh Chakraborty,santosh.chakraborty@gmail.com,Thiruvananthapuram,2020-11-18,BASIC,2026-08-12T13:29:33.514031,customers.csv
2698,Vandana Pandey,vandanapandey@hotmail.com,Faridabad,2022-01-04,BASIC,2026-08-12T13:29:33.514031,customers.csv
2699,Aanya Anand,aanyaanand@rediffmail.com,Kochi,2021-03-14,BASIC,2026-08-12T13:29:33.514031,customers.csv
2700,Rajesh Sarkar,rajeshsarkar@gmail.com,Bhubaneswar,2020-06-29,PREMIUM,2026-08-12T13:29:33.514031,customers.csv
2701,Sushma Ghosh,sushmaghosh@outlook.com,Allahabad,2021-06-29,LIBRARY,2026-08-12T13:29:33.514031,customers.csv
2693,Radha Bose,radhabose@hotmail.com,Surat,2021-03-14,BASIC,2026-08-12T13:29:33.514031,customers.csv
2702,Aadhya Murthy,aadhyamurthy@gmail.com,Ahmedabad,2020-11-04,BASIC,2026-08-12T13:29:33.514031,customers.csv
2704,Vikram Vyas,vikramvyas@gmail.com,Lucknow,2021-06-26,LIBRARY,2026-08-12T13:29:33.514031,customers.csv
2705,Ruhi Thakur,ruhithakur@ymail.com,Chandigarh,2023-02-24,BASIC,2026-08-12T13:29:33.514031,customers.csv
2706,Angel Rajan,angelrajan@ymail.com,Nashik,2023-02-21,BASIC,2026-08-12T13:29:33.514031,customers.csv
2707,Vihaan Subramaniam,vihaansubramaniam@yahoo.co.in,Salem,2022-08-21,BASIC,2026-08-12T13:29:33.514031,customers.csv
2708,Harsh Saxena,harshsaxena@rediffmail.com,Bikaner,2022-03-22,LIBRARY,2026-08-12T13:29:33.514031,customers.csv
2709,Ishita Thakur,ishitathakur@yahoo.com,Pune,2020-05-06,PREMIUM,2026-08-12T13:29:33.514031,customers.csv
2710,Kamala Ghosh,kamalaghosh@gmail.com,Tumakuru,2024-06-06,BASIC,2026-08-12T13:29:33.514031,customers.csv
2711,Reyansh Dubey,reyanshdubey@hotmail.com,Kochi,2022-01-07,LIBRARY,2026-08-12T13:29:33.514031,customers.csv
2703,Shaurya Saxena,shauryasaxena@ymail.com,Kota,2024-06-02,BASIC,2026-08-12T13:29:33.514031,customers.csv
2625,Aanya Singh,aanyasingh@rediffmail.com,Ranchi,2020-11-09,BASIC,2026-08-12T13:29:33.514031,customers.csv
2692,Harsh Raman,harshraman@outlook.com,Vadodara,2023-11-23,PREMIUM,2026-08-12T13:29:33.514031,customers.csv
2690,Kiara Murthy,kiaramurthy@gmail.com,Mumbai,2024-01-26,BASIC,2026-08-12T13:29:33.514031,customers.csv
2670,Aadhya Jain,aadhyajain@outlook.com,Hyderabad,2022-10-25,PREMIUM,2026-08-12T13:29:33.514031,customers.csv
2671,Himani Subramaniam,himanisubramaniam@rediffmail.com,Kolkata,2023-10-11,LIBRARY,2026-08-12T13:29:33.514031,customers.csv
2672,Garima Rajput,garimarajput@yahoo.com,Rohtak,2020-12-26,PREMIUM,2026-08-12T13:29:33.514031,customers.csv
2673,Sana Sinha,sanasinha@gmail.com,Ahmedabad,2024-01-16,PREMIUM,2026-08-12T13:29:33.514031,customers.csv
2675,Sana Chatterjee,sanachatterjee@rediffmail.com,Nashik,2023-07-08,LIBRARY,2026-08-12T13:29:33.514031,customers.csv
2676,Radha Agarwal,radhaagarwal@ymail.com,Sikar,2020-08-23,LIBRARY,2026-08-12T13:29:33.514031,customers.csv
2677,Chetna Verma,chetnaverma@gmail.com,Jaipur,2020-08-11,BASIC,2026-08-12T13:29:33.514031,customers.csv
2678,Nadia Tiwari,nadiatiwari@yahoo.com,Guwahati,2022-09-05,PREMIUM,2026-08-12T13:29:33.514031,customers.csv
2691,Varun Nair,varunnair@gmail.com,Nashik,2024-03-04,BASIC,2026-08-12T13:29:33.514031,customers.csv
2679,Ananya Rao,ananyarao@hotmail.com,Mumbai,2022-10-04,PREMIUM,2026-08-12T13:29:33.514031,customers.csv
2681,Ishaan Balaji,ishaanbalaji@gmail.com,Delhi,2020-07-22,BASIC,2026-08-12T13:29:33.514031,customers.csv
2682,Parth Desai,parthdesai@gmail.com,Coimbatore,2022-01-04,BASIC,2026-08-12T13:29:33.514031,customers.csv
2683,Harish Biswas,harishbiswas@ymail.com,Pune,2019-03-08,BASIC,2026-08-12T13:29:33.514031,customers.csv
2684,Aadhav Patel,aadhav.patel@gmail.com,Tiruchirappalli,2021-07-30,PREMIUM,2026-08-12T13:29:33.514031,customers.csv
2685,Isha Murthy,ishamurthy@yahoo.co.in,Patna,2022-04-10,PREMIUM,2026-08-12T13:29:33.514031,customers.csv
2687,Zara Joshi,zarajoshi@gmail.com,Pune,2024-01-25,PREMIUM,2026-08-12T13:29:33.514031,customers.csv
2688,Vandana Rajan,vandanarajan@gmail.com,Visakhapatnam,2023-12-13,BASIC,2026-08-12T13:29:33.514031,customers.csv
2689,Rajesh Pandey,rajeshpandey@ymail.com,Lucknow,2023-05-19,BASIC,2026-08-12T13:29:33.514031,customers.csv
2680,Prakash Pillai,prakashpillai@yahoo.co.in,Lucknow,2020-09-07,PREMIUM,2026-08-12T13:29:33.514031,customers.csv
1405,Yash Subramaniam,yashsubramaniam@hotmail.com,Surat,2022-12-13,PREMIUM,2026-08-12T13:29:33.514031,customers.csv
2449,Dhruv Patil,dhruv.patil@gmail.com,Aurangabad,2022-03-03,LIBRARY,2026-08-12T13:29:33.514031,customers.csv
2447,Ekta Agarwal,ektaagarwal@hotmail.com,Chennai,2024-03-04,BASIC,2026-08-12T13:29:33.514031,customers.csv
2214,Ekta Banerjee,ektabanerjee@gmail.com,Kolkata,2020-12-26,BASIC,2026-08-12T13:29:33.514031,customers.csv
2215,Krishna Bose,krishnabose@yahoo.com,Sikar,2019-11-05,BASIC,2026-08-12T13:29:33.514031,customers.csv
2216,Omkar Verma,omkarverma@hotmail.com,Rohtak,2019-10-16,BASIC,2026-08-12T13:29:33.514031,customers.csv
2217,Rohan Jadhav,rohanjadhav@hotmail.com,Alwar,2020-03-09,PREMIUM,2026-08-12T13:29:33.514031,customers.csv
2218,Ritvik Mehta,ritvikmehta@gmail.com,Chennai,2019-11-29,BASIC,2026-08-12T13:29:33.514031,customers.csv
2219,Atharva Rao,atharva.rao@outlook.com,Bharatpur,2021-08-12,BASIC,2026-08-12T13:29:33.514031,customers.csv
2220,Reyansh Reddy,reyanshreddy@hotmail.com,Guwahati,2021-02-28,BASIC,2026-08-12T13:29:33.514031,customers.csv
2221,Falak Dubey,falakdubey@rediffmail.com,Chandigarh,2021-02-01,BASIC,2026-08-12T13:29:33.514031,customers.csv
2222,Shreya Roy,shreyaroy@rediffmail.com,Chennai,2019-01-26,BASIC,2026-08-12T13:29:33.514031,customers.csv
2223,Saanvi Dubey,saanvidubey@gmail.com,Mysuru,2021-02-14,PREMIUM,2026-08-12T13:29:33.514031,customers.csv
2224,Ritvik Nair,ritviknair@gmail.com,Noida,2021-07-21,BASIC,2026-08-12T13:29:33.514031,customers.csv
2225,Deepak Roy,deepakroy@outlook.com,Patna,2022-03-15,BASIC,2026-08-12T13:29:33.514031,customers.csv
2226,Ramesh Mittal,rameshmittal@yahoo.com,Surat,2021-10-27,BASIC,2026-08-12T13:29:33.514031,customers.csv
2227,Tejas Mishra,tejasmishra@gmail.com,Delhi,2022-11-10,PREMIUM,2026-08-12T13:29:33.514031,customers.csv
2228,Ayaan Biswas,ayaanbiswas@outlook.com,Delhi,2024-01-01,BASIC,2026-08-12T13:29:33.514031,customers.csv
2229,Prasad Rao,prasadrao@hotmail.com,Visakhapatnam,2019-09-27,PREMIUM,2026-08-12T13:29:33.514031,customers.csv
2230,Ishita Sinha,ishitasinha@hotmail.com,Jodhpur,2024-05-21,BASIC,2026-08-12T13:29:33.514031,customers.csv
2213,Prakash Reddy,prakashreddy@hotmail.com,Gurugram,2020-04-09,BASIC,2026-08-12T13:29:33.514031,customers.csv
2212,Omkar Jain,omkarjain@yahoo.com,Bhopal,2021-12-28,BASIC,2026-08-12T13:29:33.514031,customers.csv
2211,Dipali Sundaram,dipalisundaram@outlook.com,Nashik,2020-06-26,BASIC,2026-08-12T13:29:33.514031,customers.csv
2210,Karan Patel,karanpatel@yahoo.co.in,Visakhapatnam,2022-10-06,BASIC,2026-08-12T13:29:33.514031,customers.csv
2192,Advaith Joshi,advaithjoshi@gmail.com,Mumbai,2019-08-05,BASIC,2026-08-12T13:29:33.514031,customers.csv
2193,Komal Rao,komalrao@hotmail.com,Chennai,2020-09-08,BASIC,2026-08-12T13:29:33.514031,customers.csv
2194,Swara Joshi,swarajoshi@hotmail.com,Kochi,2024-01-04,BASIC,2026-08-12T13:29:33.514031,customers.csv
2195,Vikram Pandey,vikrampandey@yahoo.co.in,Bengaluru,2020-10-16,BASIC,2026-08-12T13:29:33.514031,customers.csv
2196,Ananya Trivedi,ananyatrivedi@ymail.com,Shivamogga,2023-08-06,BASIC,2026-08-12T13:29:33.514031,customers.csv
2197,Aakash Choudhary,aakashchoudhary@rediffmail.com,Nashik,2022-02-25,PREMIUM,2026-08-12T13:29:33.514031,customers.csv
2198,Jyoti Garg,jyotigarg@gmail.com,Shivamogga,2020-02-02,LIBRARY,2026-08-12T13:29:33.514031,customers.csv
2199,Sai Mukherjee,saimukherjee@rediffmail.com,Jaipur,2020-11-29,LIBRARY,2026-08-12T13:29:33.514031,customers.csv
2231,Radha Bhatia,radhabhatia@rediffmail.com,Pune,2021-02-18,BASIC,2026-08-12T13:29:33.514031,customers.csv
2200,Aditya Roy,adityaroy@hotmail.com,Vijayawada,2021-01-14,BASIC,2026-08-12T13:29:33.514031,customers.csv
2202,Krishna Pandey,krishnapandey@yahoo.co.in,Thiruvananthapuram,2020-09-04,BASIC,2026-08-12T13:29:33.514031,customers.csv
2203,Chetna Dubey,chetna.dubey@hotmail.com,Pune,2019-12-07,BASIC,2026-08-12T13:29:33.514031,customers.csv
2204,Dev Narayanan,devnarayanan@outlook.com,Ranchi,2023-02-04,LIBRARY,2026-08-12T13:29:33.514031,customers.csv
2205,Kavya Tripathi,kavyatripathi@yahoo.co.in,Raipur,2019-04-07,BASIC,2026-08-12T13:29:33.514031,customers.csv
2206,Rahul Tiwari,rahultiwari@yahoo.com,Nashik,2021-12-13,BASIC,2026-08-12T13:29:33.514031,customers.csv
2207,Harish Chaturvedi,harishchaturvedi@yahoo.co.in,Udaipur,2024-02-20,PREMIUM,2026-08-12T13:29:33.514031,customers.csv
2208,Shaurya Srivastava,shauryasrivastava@gmail.com,Bengaluru,2019-02-13,PREMIUM,2026-08-12T13:29:33.514031,customers.csv
2209,Yash Singh,yashsingh@outlook.com,Chennai,2024-04-09,BASIC,2026-08-12T13:29:33.514031,customers.csv
2201,Aditya Subramaniam,adityasubramaniam@hotmail.com,Mangaluru,2019-12-15,BASIC,2026-08-12T13:29:33.514031,customers.csv
2191,Geeta Sinha,geeta.sinha@ymail.com,Aurangabad,2019-05-25,PREMIUM,2026-08-12T13:29:33.514031,customers.csv
2232,Kunal Tiwari,kunaltiwari@hotmail.com,Kanpur,2024-03-05,BASIC,2026-08-12T13:29:33.514031,customers.csv
2234,Tejas Vyas,tejasvyas@gmail.com,Rohtak,2022-07-21,BASIC,2026-08-12T13:29:33.514031,customers.csv
2257,Vihaan Trivedi,vihaantrivedi@hotmail.com,Indore,2020-08-27,BASIC,2026-08-12T13:29:33.514031,customers.csv
2258,Zara Dixit,zaradixit@gmail.com,Kochi,2022-07-10,BASIC,2026-08-12T13:29:33.514031,customers.csv
2259,Riya Jadhav,riyajadhav@yahoo.com,Nashik,2024-01-31,BASIC,2026-08-12T13:29:33.514031,customers.csv
2260,Ananya Roy,ananyaroy@hotmail.com,Salem,2020-05-22,BASIC,2026-08-12T13:29:33.514031,customers.csv
2261,Rohit Choudhary,rohitchoudhary@hotmail.com,Hyderabad,2023-03-17,PREMIUM,2026-08-12T13:29:33.514031,customers.csv
2262,Vihaan Kulkarni,vihaankulkarni@hotmail.com,Lucknow,2022-08-30,PREMIUM,2026-08-12T13:29:33.514031,customers.csv
2263,Isha Patel,ishapatel@yahoo.co.in,Ahmedabad,2019-06-11,PREMIUM,2026-08-12T13:29:33.514031,customers.csv
2264,Ayaan Banerjee,ayaanbanerjee@gmail.com,Vijayawada,2020-07-27,BASIC,2026-08-12T13:29:33.514031,customers.csv
2265,Dhruv Balaji,dhruvbalaji@yahoo.com,Bengaluru,2023-01-15,BASIC,2026-08-12T13:29:33.514031,customers.csv
2266,Vikram Reddy,vikramreddy@hotmail.com,Udaipur,2024-07-10,BASIC,2026-08-12T13:29:33.514031,customers.csv
2267,Vandana Mehta,vandanamehta@outlook.com,Bhubaneswar,2023-06-10,PREMIUM,2026-08-12T13:29:33.514031,customers.csv
2268,Rudra Choudhary,rudrachoudhary@yahoo.com,Indore,2020-04-17,LIBRARY,2026-08-12T13:29:33.514031,customers.csv
2269,Ishita Rajput,ishitarajput@gmail.com,Bhubaneswar,2019-04-10,BASIC,2026-08-12T13:29:33.514031,customers.csv
2270,Sara Thakur,sarathakur@gmail.com,Mumbai,2021-08-10,BASIC,2026-08-12T13:29:33.514031,customers.csv
2271,Pranav Rajan,pranavrajan@hotmail.com,Lucknow,2023-06-10,BASIC,2026-08-12T13:29:33.514031,customers.csv
2272,Kamala Chopra,kamalachopra@gmail.com,Thiruvananthapuram,2023-08-27,PREMIUM,2026-08-12T13:29:33.514031,customers.csv
2273,Krishna Shah,krishnashah@gmail.com,Chennai,2024-07-06,BASIC,2026-08-12T13:29:33.514031,customers.csv
2256,Aliya Verma,aliyaverma@yahoo.co.in,Chennai,2022-04-27,BASIC,2026-08-12T13:29:33.514031,customers.csv
2255,Aadhya Anand,aadhyaanand@yahoo.co.in,Kolkata,2023-03-21,BASIC,2026-08-12T13:29:33.514031,customers.csv
2254,Ekta Tripathi,ektatripathi@gmail.com,Pune,2019-09-06,PREMIUM,2026-08-12T13:29:33.514031,customers.csv
2253,Siddharth Khanna,siddharthkhanna@rediffmail.com,Raipur,2021-03-30,LIBRARY,2026-08-12T13:29:33.514031,customers.csv
2235,Zara Bose,zarabose@hotmail.com,Mumbai,2020-12-08,BASIC,2026-08-12T13:29:33.514031,customers.csv
2236,Kunal Shukla,kunalshukla@gmail.com,Mumbai,2024-04-18,BASIC,2026-08-12T13:29:33.514031,customers.csv
2237,Avni Chaturvedi,avnichaturvedi@gmail.com,Patna,2020-10-10,BASIC,2026-08-12T13:29:33.514031,customers.csv
2238,Himani Choudhary,himanic@yahoo.com,Chennai,2024-08-06,BASIC,2026-08-12T13:29:33.514031,customers.csv
2239,Harish Mishra,harishmishra@gmail.com,Ahmedabad,2020-03-10,BASIC,2026-08-12T13:29:33.514031,customers.csv
2240,Rohit Venkatesh,rohitvenkatesh@yahoo.co.in,Hyderabad,2024-07-17,LIBRARY,2026-08-12T13:29:33.514031,customers.csv
2241,Navya Trivedi,navyatrivedi@gmail.com,Salem,2020-10-11,BASIC,2026-08-12T13:29:33.514031,customers.csv
2242,Zara Sethi,zarasethi@outlook.com,Chandigarh,2020-06-14,PREMIUM,2026-08-12T13:29:33.514031,customers.csv
2233,Chetna Parikh,chetna.parikh@rediffmail.com,Indore,2020-08-04,PREMIUM,2026-08-12T13:29:33.514031,customers.csv
2243,Shreya Chaturvedi,shreyachaturvedi@hotmail.com,Chittorgarh,2020-06-08,BASIC,2026-08-12T13:29:33.514031,customers.csv
2245,Pari Saxena,parisaxena@yahoo.com,Shivamogga,2022-07-04,PREMIUM,2026-08-12T13:29:33.514031,customers.csv
2246,Lakshmi Kapoor,lakshmikapoor@hotmail.com,Kochi,2022-09-18,PREMIUM,2026-08-12T13:29:33.514031,customers.csv
2247,Aadhya Banerjee,aadhyabanerjee@yahoo.com,Nashik,2021-08-28,LIBRARY,2026-08-12T13:29:33.514031,customers.csv
2248,Falak Garg,falakgarg@rediffmail.com,Mangaluru,2022-07-07,PREMIUM,2026-08-12T13:29:33.514031,customers.csv
2249,Advaith Vyas,advaithvyas@gmail.com,Guwahati,2019-11-30,PREMIUM,2026-08-12T13:29:33.514031,customers.csv
2250,Geeta Mane,geetamane@yahoo.co.in,Delhi,2023-05-15,LIBRARY,2026-08-12T13:29:33.514031,customers.csv
2251,Aadhya Kapoor,aadhyakapoor@gmail.com,Ahmedabad,2019-08-30,BASIC,2026-08-12T13:29:33.514031,customers.csv
2252,Meera Thakur,meerathakur@gmail.com,Ahmedabad,2024-05-30,PREMIUM,2026-08-12T13:29:33.514031,customers.csv
2244,Parth Krishnan,parthkrishnan@gmail.com,Nagpur,2023-09-05,BASIC,2026-08-12T13:29:33.514031,customers.csv
2190,Anil Sinha,anilsinha@yahoo.com,Ambala,2020-06-18,LIBRARY,2026-08-12T13:29:33.514031,customers.csv
2189,Prasad Chakraborty,prasadchakraborty@gmail.com,Bhubaneswar,2021-03-21,BASIC,2026-08-12T13:29:33.514031,customers.csv
2188,Girish Kumar,girishkumar@yahoo.com,Lucknow,2020-12-06,BASIC,2026-08-12T13:29:33.514031,customers.csv
2127,Aisha Reddy,aishareddy@rediffmail.com,Udaipur,2021-11-21,BASIC,2026-08-12T13:29:33.514031,customers.csv
2128,Dev Mehta,devmehta@gmail.com,Visakhapatnam,2020-01-27,BASIC,2026-08-12T13:29:33.514031,customers.csv
2129,Aarav Anand,aarav.anand@gmail.com,Ahmedabad,2022-06-08,BASIC,2026-08-12T13:29:33.514031,customers.csv
2130,Dipali Chakraborty,dipalichakraborty@hotmail.com,Gurugram,2020-12-07,BASIC,2026-08-12T13:29:33.514031,customers.csv
2131,Aisha Biswas,aishab@gmail.com,Vadodara,2022-11-15,BASIC,2026-08-12T13:29:33.514031,customers.csv
2132,Sana Bose,sanabose@hotmail.com,Kochi,2023-12-11,PREMIUM,2026-08-12T13:29:33.514031,customers.csv
2133,Jyoti Pandey,jyotipandey@gmail.com,Varanasi,2023-12-29,BASIC,2026-08-12T13:29:33.514031,customers.csv
2134,Neil Patel,neilpatel@gmail.com,Chittorgarh,2022-06-30,BASIC,2026-08-12T13:29:33.514031,customers.csv
2135,Dhruv Dwivedi,dhruvdwivedi@gmail.com,Kochi,2020-11-16,BASIC,2026-08-12T13:29:33.514031,customers.csv
2136,Radha Tripathi,radhatripathi@gmail.com,Dhanbad,2022-10-13,BASIC,2026-08-12T13:29:33.514031,customers.csv
2137,Nadia Choudhary,nadiachoudhary@rediffmail.com,Madurai,2019-09-26,BASIC,2026-08-12T13:29:33.514031,customers.csv
2138,Meera Bajpai,meerabajpai@yahoo.com,Vellore,2024-07-03,BASIC,2026-08-12T13:29:33.514031,customers.csv
2139,Chetna Parikh,chetnaparikh@hotmail.com,Delhi,2024-05-21,LIBRARY,2026-08-12T13:29:33.514031,customers.csv
2140,Isha Roy,isharoy@ymail.com,Delhi,2022-08-05,PREMIUM,2026-08-12T13:29:33.514031,customers.csv
2141,Parth Ghosh,parthghosh@ymail.com,Surat,2021-04-03,BASIC,2026-08-12T13:29:33.514031,customers.csv
2142,Rohit Mukherjee,rohitmukherjee@yahoo.com,Pune,2023-10-13,BASIC,2026-08-12T13:29:33.514031,customers.csv
2143,Harish Dixit,harishdixit@rediffmail.com,Mumbai,2020-03-03,BASIC,2026-08-12T13:29:33.514031,customers.csv
2126,Atharva Shukla,atharvashukla@outlook.com,Chennai,2022-12-09,PREMIUM,2026-08-12T13:29:33.514031,customers.csv
2125,Advaith Sethi,advaithsethi@gmail.com,Nashik,2021-10-29,BASIC,2026-08-12T13:29:33.514031,customers.csv
2124,Anil Dixit,anildixit@rediffmail.com,Hyderabad,2022-11-07,BASIC,2026-08-12T13:29:33.514031,customers.csv
2123,Ritvik Srivastava,ritviksrivastava@gmail.com,Tiruchirappalli,2023-05-06,LIBRARY,2026-08-12T13:29:33.514031,customers.csv
2105,Radha Thakur,radhathakur@yahoo.com,Kolkata,2021-07-14,BASIC,2026-08-12T13:29:33.514031,customers.csv
2106,Sara Chauhan,sarachauhan@gmail.com,Pune,2019-03-27,LIBRARY,2026-08-12T13:29:33.514031,customers.csv
2107,Harsh Venkatesh,harshvenkatesh@outlook.com,Coimbatore,2021-02-26,BASIC,2026-08-12T13:29:33.514031,customers.csv
2108,Aanya Balaji,aanyabalaji@outlook.com,Guwahati,2023-05-05,PREMIUM,2026-08-12T13:29:33.514031,customers.csv
2109,Ishita Bajpai,ishitabajpai@outlook.com,Jaipur,2021-08-19,BASIC,2026-08-12T13:29:33.514031,customers.csv
2110,Vandana Upadhyay,vandanaupadhyay@gmail.com,Ahmedabad,2021-10-08,LIBRARY,2026-08-12T13:29:33.514031,customers.csv
2111,Sushma Sen,sushma.sen@gmail.com,Raipur,2024-09-09,PREMIUM,2026-08-12T13:29:33.514031,customers.csv
2112,Lakshmi Raman,lakshmiraman@gmail.com,Chittorgarh,2021-07-22,PREMIUM,2026-08-12T13:29:33.514031,customers.csv
2144,Aakash Venkatesh,aakashvenkatesh@outlook.com,Pune,2022-03-22,LIBRARY,2026-08-12T13:29:33.514031,customers.csv
2113,Suresh Choudhary,sureshchoudhary@rediffmail.com,Kolkata,2019-08-06,BASIC,2026-08-12T13:29:33.514031,customers.csv
2115,Aakash Patil,aakashpatil@gmail.com,Hubballi,2024-05-06,LIBRARY,2026-08-12T13:29:33.514031,customers.csv
2116,Tushar Das,tushardas@hotmail.com,Delhi,2022-02-04,PREMIUM,2026-08-12T13:29:33.514031,customers.csv
2117,Kavya Kumar,kavyakumar@rediffmail.com,Nagpur,2020-06-30,BASIC,2026-08-12T13:29:33.514031,customers.csv
2118,Navya Patil,navyapatil@ymail.com,Visakhapatnam,2022-06-01,BASIC,2026-08-12T13:29:33.514031,customers.csv
2119,Nisha Chakraborty,nishachakraborty@outlook.com,Hyderabad,2022-07-12,LIBRARY,2026-08-12T13:29:33.514031,customers.csv
2120,Aarav Sarkar,aaravsarkar@hotmail.com,Kochi,2019-10-18,PREMIUM,2026-08-12T13:29:33.514031,customers.csv
2121,Krishna Anand,krishnaanand@gmail.com,Aurangabad,2021-10-16,PREMIUM,2026-08-12T13:29:33.514031,customers.csv
2122,Ajay Pandey,ajaypandey@gmail.com,Bhubaneswar,2024-07-20,PREMIUM,2026-08-12T13:29:33.514031,customers.csv
2114,Neil Deshpande,neildeshpande@outlook.com,Delhi,2020-12-02,BASIC,2026-08-12T13:29:33.514031,customers.csv
2145,Sana Mehta,sanamehta@gmail.com,Chennai,2020-01-01,BASIC,2026-08-12T13:29:33.514031,customers.csv
2146,Kunal Ghosh,kunalghosh@gmail.com,Bhubaneswar,2019-07-16,PREMIUM,2026-08-12T13:29:33.514031,customers.csv
2147,Vihaan Gupta,vihaangupta@outlook.com,Chennai,2019-08-03,LIBRARY,2026-08-12T13:29:33.514031,customers.csv
2170,Aryan Sinha,aryansinha@gmail.com,Visakhapatnam,2023-08-07,PREMIUM,2026-08-12T13:29:33.514031,customers.csv
2171,Sushma Singh,sushmasingh@gmail.com,Aurangabad,2022-08-10,BASIC,2026-08-12T13:29:33.514031,customers.csv
2172,Arjun Das,arjundas@yahoo.com,Mumbai,2019-01-15,PREMIUM,2026-08-12T13:29:33.514031,customers.csv
2173,Ayaan Vyas,ayaanvyas@gmail.com,Gurugram,2019-05-25,PREMIUM,2026-08-12T13:29:33.514031,customers.csv
2174,Vandana Nair,vandananair@rediffmail.com,Guntur,2023-05-01,BASIC,2026-08-12T13:29:33.514031,customers.csv
2175,Sana Sarkar,sanasarkar@rediffmail.com,Shivamogga,2021-08-31,PREMIUM,2026-08-12T13:29:33.514031,customers.csv
2176,Geeta Sarkar,geetasarkar@hotmail.com,Raipur,2024-02-07,BASIC,2026-08-12T13:29:33.514031,customers.csv
2177,Rudra Jadhav,rudra.jadhav@hotmail.com,Chennai,2022-03-20,PREMIUM,2026-08-12T13:29:33.514031,customers.csv
2169,Isha Garg,ishagarg@ymail.com,Pune,2020-10-21,BASIC,2026-08-12T13:29:33.514031,customers.csv
2178,Chinmay Pandey,chinmaypandey@yahoo.co.in,Mysuru,2023-02-16,PREMIUM,2026-08-12T13:29:33.514031,customers.csv
2180,Vandana Rajput,vandanarajput@gmail.com,Ghaziabad,2022-12-16,BASIC,2026-08-12T13:29:33.514031,customers.csv
2181,Manish Trivedi,manishtrivedi@rediffmail.com,Aurangabad,2023-12-24,BASIC,2026-08-12T13:29:33.514031,customers.csv
2182,Vinod Bajpai,vinodbajpai@hotmail.com,Thiruvananthapuram,2020-06-29,PREMIUM,2026-08-12T13:29:33.514031,customers.csv
2183,Rekha Yadav,rekhayadav@yahoo.com,Nashik,2021-03-08,LIBRARY,2026-08-12T13:29:33.514031,customers.csv
2184,Chinmay Biswas,chinmaybiswas@rediffmail.com,Vadodara,2023-07-31,BASIC,2026-08-12T13:29:33.514031,customers.csv
2185,Sara Sethi,sarasethi@outlook.com,Hyderabad,2020-03-21,PREMIUM,2026-08-12T13:29:33.514031,customers.csv
2186,Fatima Patil,fatimapatil@outlook.com,Delhi,2021-06-08,BASIC,2026-08-12T13:29:33.514031,customers.csv
2187,Aryan Mishra,aryanmishra@outlook.com,Guntur,2023-11-04,PREMIUM,2026-08-12T13:29:33.514031,customers.csv
2179,Aditya Kulkarni,adityakulkarni@gmail.com,Mumbai,2023-08-08,PREMIUM,2026-08-12T13:29:33.514031,customers.csv
2274,Suresh Reddy,sureshreddy@hotmail.com,Patna,2020-11-03,BASIC,2026-08-12T13:29:33.514031,customers.csv
2168,Aadhya Srivastava,aadhyasrivastava@rediffmail.com,Mumbai,2023-12-10,BASIC,2026-08-12T13:29:33.514031,customers.csv
2166,Kavya Pandey,kavyapandey@rediffmail.com,Chennai,2019-08-20,BASIC,2026-08-12T13:29:33.514031,customers.csv
2148,Garima Kulkarni,garimakulkarni@ymail.com,Surat,2020-12-31,PREMIUM,2026-08-12T13:29:33.514031,customers.csv
2149,Gaurav Shah,gauravshah@gmail.com,Indore,2021-01-30,BASIC,2026-08-12T13:29:33.514031,customers.csv
2150,Pranit Sinha,pranitsinha@yahoo.com,Patna,2019-03-05,BASIC,2026-08-12T13:29:33.514031,customers.csv
2151,Varun Yadav,varunyadav@gmail.com,Davangere,2019-01-20,BASIC,2026-08-12T13:29:33.514031,customers.csv
2152,Nadia Srivastava,nadiasrivastava@outlook.com,Meerut,2023-03-03,LIBRARY,2026-08-12T13:29:33.514031,customers.csv
2153,Manish Shah,manishshah@gmail.com,Chandigarh,2021-11-23,BASIC,2026-08-12T13:29:33.514031,customers.csv
2154,Sana Ghosh,sanaghosh@yahoo.co.in,Chennai,2022-01-21,BASIC,2026-08-12T13:29:33.514031,customers.csv
2155,Ruhi Verma,ruhiverma@outlook.com,Jaipur,2021-02-15,LIBRARY,2026-08-12T13:29:33.514031,customers.csv
2167,Varun Bose,varunbose@ymail.com,Delhi,2021-01-23,PREMIUM,2026-08-12T13:29:33.514031,customers.csv
2156,Ajay Subramaniam,ajaysubramaniam@gmail.com,Guwahati,2023-06-08,BASIC,2026-08-12T13:29:33.514031,customers.csv
2158,Ananya Subramaniam,ananyasubramaniam@gmail.com,Vadodara,2020-11-16,PREMIUM,2026-08-12T13:29:33.514031,customers.csv
2159,Kavya Desai,kavyadesai@ymail.com,Pune,2021-12-07,BASIC,2026-08-12T13:29:33.514031,customers.csv
2160,Nitin Chatterjee,nitinchatterjee@yahoo.com,Tiruchirappalli,2024-08-01,BASIC,2026-08-12T13:29:33.514031,customers.csv
2161,Aadhav Balaji,aadhavbalaji@rediffmail.com,Bhopal,2020-04-01,BASIC,2026-08-12T13:29:33.514031,customers.csv
2162,Arjun Vyas,arjunvyas@gmail.com,Kota,2019-10-04,BASIC,2026-08-12T13:29:33.514031,customers.csv
2163,Harish Sarkar,harishsarkar@rediffmail.com,Aurangabad,2023-12-16,PREMIUM,2026-08-12T13:29:33.514031,customers.csv
2164,Sachin Shah,sachinshah@ymail.com,Kota,2021-02-13,LIBRARY,2026-08-12T13:29:33.514031,customers.csv
2165,Pari Sinha,parisinha@gmail.com,Tiruchirappalli,2022-10-30,LIBRARY,2026-08-12T13:29:33.514031,customers.csv
2157,Aliya Patil,aliyapatil@yahoo.com,Delhi,2020-04-13,BASIC,2026-08-12T13:29:33.514031,customers.csv
2448,Tushar Bose,tusharbose@gmail.com,Delhi,2020-04-27,BASIC,2026-08-12T13:29:33.514031,customers.csv
2275,Navya Bose,navyabose@gmail.com,Tumakuru,2022-02-26,BASIC,2026-08-12T13:29:33.514031,customers.csv
2277,Dev Mittal,devmittal@yahoo.com,Ahmedabad,2021-12-02,BASIC,2026-08-12T13:29:33.514031,customers.csv
2387,Rohan Balaji,rohanbalaji@ymail.com,Varanasi,2019-05-29,BASIC,2026-08-12T13:29:33.514031,customers.csv
2388,Nikhil Gupta,nikhilgupta@yahoo.com,Delhi,2020-10-12,BASIC,2026-08-12T13:29:33.514031,customers.csv
2389,Harsh Choudhary,harshchoudhary@yahoo.co.in,Delhi,2021-11-11,BASIC,2026-08-12T13:29:33.514031,customers.csv
2390,Rudra Chopra,rudrachopra@outlook.com,Pune,2021-01-31,BASIC,2026-08-12T13:29:33.514031,customers.csv
2391,Anil Sethi,anilsethi@ymail.com,Delhi,2020-01-13,PREMIUM,2026-08-12T13:29:33.514031,customers.csv
2392,Reyansh Ghosh,reyanshghosh@gmail.com,Pune,2024-04-10,BASIC,2026-08-12T13:29:33.514031,customers.csv
2393,Diya Agarwal,diyaagarwal@yahoo.com,Chandigarh,2019-11-12,BASIC,2026-08-12T13:29:33.514031,customers.csv
2394,Sachin Iyer,sachiniyer@gmail.com,Vadodara,2024-03-09,PREMIUM,2026-08-12T13:29:33.514031,customers.csv
2395,Nitin Awasthi,nitinawasthi@gmail.com,Hyderabad,2021-02-04,BASIC,2026-08-12T13:29:33.514031,customers.csv
2396,Bhavna Verma,bhavnaverma@gmail.com,Kota,2019-03-26,PREMIUM,2026-08-12T13:29:33.514031,customers.csv
2397,Savita Mehta,savitamehta@gmail.com,Hyderabad,2024-04-05,BASIC,2026-08-12T13:29:33.514031,customers.csv
2398,Jyoti Banerjee,jyotibanerjee@hotmail.com,Kochi,2022-02-17,BASIC,2026-08-12T13:29:33.514031,customers.csv
2399,Meera Jadhav,meerajadhav@gmail.com,Nashik,2020-10-25,PREMIUM,2026-08-12T13:29:33.514031,customers.csv
2400,Dev Shah,devshah@outlook.com,Bengaluru,2022-03-22,BASIC,2026-08-12T13:29:33.514031,customers.csv
2401,Rekha Subramaniam,rekhasubramaniam@outlook.com,Vadodara,2023-07-13,PREMIUM,2026-08-12T13:29:33.514031,customers.csv
2402,Vinod Balaji,vinodbalaji@outlook.com,Udaipur,2023-07-28,BASIC,2026-08-12T13:29:33.514031,customers.csv
2403,Savita Narayanan,savitanarayanan@gmail.com,Chennai,2023-02-14,LIBRARY,2026-08-12T13:29:33.514031,customers.csv
2386,Avni Bajpai,avnibajpai@rediffmail.com,Hyderabad,2021-06-16,LIBRARY,2026-08-12T13:29:33.514031,customers.csv
2385,Harish Patil,harishpatil@gmail.com,Nagpur,2022-11-27,BASIC,2026-08-12T13:29:33.514031,customers.csv
2384,Pranit Singh,pranitsingh@hotmail.com,Ahmedabad,2019-03-25,BASIC,2026-08-12T13:29:33.514031,customers.csv
2383,Lakshmi Kumar,lakshmikumar@yahoo.com,Bhubaneswar,2019-09-22,BASIC,2026-08-12T13:29:33.514031,customers.csv
2365,Avni Gupta,avnigupta@rediffmail.com,Chandigarh,2024-05-05,BASIC,2026-08-12T13:29:33.514031,customers.csv
2366,Karan Sinha,karan.sinha@gmail.com,Hyderabad,2023-01-20,LIBRARY,2026-08-12T13:29:33.514031,customers.csv
2367,Dipali Gupta,dipaligupta@gmail.com,Pune,2022-01-04,BASIC,2026-08-12T13:29:33.514031,customers.csv
2368,Bhavna Iyer,bhavnaiyer@outlook.com,Chennai,2019-09-03,BASIC,2026-08-12T13:29:33.514031,customers.csv
2369,Kabir Chaturvedi,kabirchaturvedi@yahoo.co.in,Pune,2021-09-12,BASIC,2026-08-12T13:29:33.514031,customers.csv
2370,Angel Biswas,angelbiswas@yahoo.co.in,Vijayawada,2022-12-19,LIBRARY,2026-08-12T13:29:33.514031,customers.csv
2371,Priya Bose,priyabose@ymail.com,Kochi,2021-06-19,BASIC,2026-08-12T13:29:33.514031,customers.csv
2372,Ekta Vyas,ektavyas@ymail.com,Guwahati,2020-10-18,BASIC,2026-08-12T13:29:33.514031,customers.csv
2404,Tanvi Menon,tanvimenon@outlook.com,Jaipur,2022-05-11,BASIC,2026-08-12T13:29:33.514031,customers.csv
2373,Yash Sarkar,yashsarkar@rediffmail.com,Bengaluru,2021-10-05,LIBRARY,2026-08-12T13:29:33.514031,customers.csv
2375,Riya Pillai,riyapillai@yahoo.com,Thiruvananthapuram,2023-11-18,PREMIUM,2026-08-12T13:29:33.514031,customers.csv
2376,Mihir Vyas,mihirvyas@yahoo.com,Kolkata,2019-12-02,BASIC,2026-08-12T13:29:33.514031,customers.csv
2377,Pranit Deshpande,pranitdeshpande@gmail.com,Aurangabad,2023-04-24,LIBRARY,2026-08-12T13:29:33.514031,customers.csv
2378,Harsh Dixit,harshdixit@ymail.com,Kota,2021-04-20,PREMIUM,2026-08-12T13:29:33.514031,customers.csv
2379,Geeta Kulkarni,geetakulkarni@hotmail.com,Ahmedabad,2024-08-06,PREMIUM,2026-08-12T13:29:33.514031,customers.csv
2380,Harsh Vyas,harshvyas@yahoo.com,Jaipur,2019-11-13,PREMIUM,2026-08-12T13:29:33.514031,customers.csv
2381,Isha Dixit,ishadixit@outlook.com,Chennai,2022-07-11,BASIC,2026-08-12T13:29:33.514031,customers.csv
2382,Manish Kapoor,manishkapoor@yahoo.co.in,Belagavi,2023-04-04,PREMIUM,2026-08-12T13:29:33.514031,customers.csv
2374,Anil Thakur,anilthakur@rediffmail.com,Chandigarh,2020-12-11,BASIC,2026-08-12T13:29:33.514031,customers.csv
2364,Santosh Choudhary,santoshchoudhary@yahoo.co.in,Surat,2023-09-19,BASIC,2026-08-12T13:29:33.514031,customers.csv
2405,Vihaan Sinha,vihaansinha@yahoo.com,Udaipur,2021-06-01,BASIC,2026-08-12T13:29:33.514031,customers.csv
2407,Meera Das,meeradas@yahoo.com,Belagavi,2021-11-01,BASIC,2026-08-12T13:29:33.514031,customers.csv
2430,Vinod Bose,vinodbose@ymail.com,Patna,2023-08-18,PREMIUM,2026-08-12T13:29:33.514031,customers.csv
2431,Manish Trivedi,manishtrivedi@hotmail.com,Pune,2021-09-20,BASIC,2026-08-12T13:29:33.514031,customers.csv
2432,Neil Venkatesh,neilvenkatesh@gmail.com,Sikar,2019-08-22,BASIC,2026-08-12T13:29:33.514031,customers.csv
2433,Manish Kulkarni,manishkulkarni@outlook.com,Bhopal,2019-05-06,BASIC,2026-08-12T13:29:33.514031,customers.csv
2434,Gaurav Chatterjee,gauravchatterjee@yahoo.com,Bhopal,2024-07-07,BASIC,2026-08-12T13:29:33.514031,customers.csv
2435,Kunal Chauhan,kunalchauhan@outlook.com,Noida,2022-03-19,BASIC,2026-08-12T13:29:33.514031,customers.csv
2436,Harsh Tiwari,harshtiwari@gmail.com,Chandigarh,2023-03-24,LIBRARY,2026-08-12T13:29:33.514031,customers.csv
2437,Shaurya Iyer,shauryaiyer@gmail.com,Pali,2019-02-04,BASIC,2026-08-12T13:29:33.514031,customers.csv
2438,Vandana Bhatt,vandanabhatt@gmail.com,Guntur,2020-09-14,BASIC,2026-08-12T13:29:33.514031,customers.csv
2439,Aarav Krishnan,aaravkrishnan@gmail.com,Bengaluru,2023-02-11,PREMIUM,2026-08-12T13:29:33.514031,customers.csv
2440,Sana Upadhyay,sanaupadhyay@gmail.com,Mumbai,2022-06-22,BASIC,2026-08-12T13:29:33.514031,customers.csv
2441,Advaith Patel,advaithpatel@gmail.com,Ranchi,2019-01-01,LIBRARY,2026-08-12T13:29:33.514031,customers.csv
2442,Aadhya Tiwari,aadhyatiwari@rediffmail.com,Bengaluru,2022-04-08,PREMIUM,2026-08-12T13:29:33.514031,customers.csv
2443,Isha Anand,ishaanand@yahoo.co.in,Hyderabad,2024-03-08,PREMIUM,2026-08-12T13:29:33.514031,customers.csv
2444,Komal Jain,komaljain@ymail.com,Bengaluru,2021-07-05,PREMIUM,2026-08-12T13:29:33.514031,customers.csv
2445,Shreya Patel,shreyapatel@hotmail.com,Thiruvananthapuram,2024-04-20,LIBRARY,2026-08-12T13:29:33.514031,customers.csv
2446,Prakash Upadhyay,prakashupadhyay@yahoo.co.in,Pune,2023-07-01,BASIC,2026-08-12T13:29:33.514031,customers.csv
2429,Garima Das,garimadas@yahoo.com,Noida,2021-06-15,BASIC,2026-08-12T13:29:33.514031,customers.csv
2428,Radha Parikh,radhaparikh@yahoo.co.in,Pali,2021-11-21,BASIC,2026-08-12T13:29:33.514031,customers.csv
2427,Falak Singh,falaksingh@rediffmail.com,Kolkata,2024-09-15,BASIC,2026-08-12T13:29:33.514031,customers.csv
2426,Rudra Roy,rudraroy@yahoo.co.in,Chittorgarh,2021-10-01,BASIC,2026-08-12T13:29:33.514031,customers.csv
2408,Manish Mane,manishmane@rediffmail.com,Jaipur,2021-04-18,BASIC,2026-08-12T13:29:33.514031,customers.csv
2409,Aadhav Trivedi,aadhavtrivedi@yahoo.com,Tiruchirappalli,2020-02-19,BASIC,2026-08-12T13:29:33.514031,customers.csv
2410,Gaurav Gupta,gauravgupta@rediffmail.com,Shivamogga,2023-11-11,BASIC,2026-08-12T13:29:33.514031,customers.csv
2411,Mihir Chopra,mihirchopra@ymail.com,Vadodara,2019-06-15,LIBRARY,2026-08-12T13:29:33.514031,customers.csv
2412,Jyoti Venkatesh,jyotivenkatesh@hotmail.com,Ahmedabad,2022-06-25,PREMIUM,2026-08-12T13:29:33.514031,customers.csv
2413,Diya Verma,diyaverma@gmail.com,Jodhpur,2022-01-09,BASIC,2026-08-12T13:29:33.514031,customers.csv
2414,Vihaan Sundaram,vihaansundaram@ymail.com,Jaipur,2024-01-11,BASIC,2026-08-12T13:29:33.514031,customers.csv
2415,Amit Sarkar,amitsarkar@hotmail.com,Guwahati,2022-03-13,BASIC,2026-08-12T13:29:33.514031,customers.csv
2406,Ajay Das,ajay.das@gmail.com,Bhubaneswar,2022-05-21,BASIC,2026-08-12T13:29:33.514031,customers.csv
2416,Reyansh Balaji,reyanshbalaji@gmail.com,Mysuru,2024-06-19,BASIC,2026-08-12T13:29:33.514031,customers.csv
2418,Rudra Dixit,rudradixit@rediffmail.com,Aurangabad,2021-12-30,BASIC,2026-08-12T13:29:33.514031,customers.csv
2419,Siddharth Dubey,siddharthdubey@outlook.com,Pune,2021-06-21,BASIC,2026-08-12T13:29:33.514031,customers.csv
2420,Sai Bhatia,saibhatia@gmail.com,Chennai,2021-03-04,BASIC,2026-08-12T13:29:33.514031,customers.csv
2421,Dipali Bose,dipalibose@ymail.com,Coimbatore,2021-05-12,BASIC,2026-08-12T13:29:33.514031,customers.csv
2422,Krishna Mishra,krishnamishra@yahoo.co.in,Aurangabad,2019-09-28,BASIC,2026-08-12T13:29:33.514031,customers.csv
2423,Vinod Tiwari,vinodtiwari@rediffmail.com,Bengaluru,2024-02-26,LIBRARY,2026-08-12T13:29:33.514031,customers.csv
2424,Vikram Sarkar,vikramsarkar@hotmail.com,Faridabad,2021-11-23,PREMIUM,2026-08-12T13:29:33.514031,customers.csv
2425,Aakash Choudhary,aakashchoudhary@hotmail.com,Guwahati,2022-08-30,PREMIUM,2026-08-12T13:29:33.514031,customers.csv
2417,Nitin Sundaram,nitinsundaram@ymail.com,Aurangabad,2024-09-03,BASIC,2026-08-12T13:29:33.514031,customers.csv
2363,Aryan Desai,aryandesai@gmail.com,Chennai,2021-11-09,BASIC,2026-08-12T13:29:33.514031,customers.csv
2362,Vikram Das,vikramdas@gmail.com,Kolkata,2023-03-23,LIBRARY,2026-08-12T13:29:33.514031,customers.csv
2361,Meera Desai,meeradesai@yahoo.co.in,Guntur,2024-02-24,PREMIUM,2026-08-12T13:29:33.514031,customers.csv
2300,Aryan Murthy,aryanmurthy@hotmail.com,Aurangabad,2022-11-21,BASIC,2026-08-12T13:29:33.514031,customers.csv
2301,Saanvi Sen,saanvisen@hotmail.com,Indore,2022-11-24,LIBRARY,2026-08-12T13:29:33.514031,customers.csv
2302,Pooja Das,poojadas@rediffmail.com,Thiruvananthapuram,2023-07-29,BASIC,2026-08-12T13:29:33.514031,customers.csv
2303,Harish Rao,harishrao@yahoo.co.in,Mangaluru,2022-09-25,BASIC,2026-08-12T13:29:33.514031,customers.csv
2304,Sara Mane,saramane@ymail.com,Gurugram,2020-11-03,BASIC,2026-08-12T13:29:33.514031,customers.csv
2305,Vikram Rajan,vikramrajan@gmail.com,Chandigarh,2020-10-15,LIBRARY,2026-08-12T13:29:33.514031,customers.csv
2306,Dipali Ghosh,dipalighosh@yahoo.com,Meerut,2023-06-12,BASIC,2026-08-12T13:29:33.514031,customers.csv
2307,Garima Trivedi,garimatrivedi@ymail.com,Vadodara,2020-03-01,PREMIUM,2026-08-12T13:29:33.514031,customers.csv
2308,Aarav Mittal,aaravmittal@gmail.com,Aurangabad,2022-10-03,BASIC,2026-08-12T13:29:33.514031,customers.csv
2309,Kabir Saxena,kabirsaxena@hotmail.com,Vadodara,2023-06-06,PREMIUM,2026-08-12T13:29:33.514031,customers.csv
2310,Nadia Desai,nadiadesai@hotmail.com,Udaipur,2020-03-11,BASIC,2026-08-12T13:29:33.514031,customers.csv
2311,Aisha Jadhav,aishajadhav@yahoo.com,Nashik,2024-08-28,LIBRARY,2026-08-12T13:29:33.514031,customers.csv
2312,Dhruv Narayanan,dhruvnarayanan@gmail.com,Visakhapatnam,2022-06-09,BASIC,2026-08-12T13:29:33.514031,customers.csv
2313,Tejas Parikh,tejasparikh@yahoo.com,Vadodara,2020-01-31,LIBRARY,2026-08-12T13:29:33.514031,customers.csv
2314,Aadhya Kumar,aadhyakumar@gmail.com,Pune,2021-04-28,BASIC,2026-08-12T13:29:33.514031,customers.csv
2315,Garima Nair,garimanair@yahoo.co.in,Indore,2020-05-02,BASIC,2026-08-12T13:29:33.514031,customers.csv
2316,Rajesh Parikh,rajeshparikh@yahoo.co.in,Ahmedabad,2023-03-16,BASIC,2026-08-12T13:29:33.514031,customers.csv
2299,Gaurav Jadhav,gauravjadhav@ymail.com,Hyderabad,2023-03-01,PREMIUM,2026-08-12T13:29:33.514031,customers.csv
2298,Aliya Subramaniam,aliyasubramaniam@gmail.com,Pune,2019-12-29,PREMIUM,2026-08-12T13:29:33.514031,customers.csv
2297,Ruhi Patil,ruhipatil@gmail.com,Rohtak,2023-11-19,PREMIUM,2026-08-12T13:29:33.514031,customers.csv
2296,Dipali Khanna,dipalikhanna@yahoo.co.in,Vellore,2021-02-09,BASIC,2026-08-12T13:29:33.514031,customers.csv
2278,Ritvik Malhotra,ritvikmalhotra@gmail.com,Nagpur,2024-09-27,LIBRARY,2026-08-12T13:29:33.514031,customers.csv
2279,Manish Yadav,manishyadav@gmail.com,Mumbai,2020-03-13,PREMIUM,2026-08-12T13:29:33.514031,customers.csv
2280,Pari Dubey,paridubey@yahoo.co.in,Allahabad,2021-05-27,PREMIUM,2026-08-12T13:29:33.514031,customers.csv
2281,Falak Bhatia,falakbhatia@rediffmail.com,Delhi,2021-07-30,PREMIUM,2026-08-12T13:29:33.514031,customers.csv
2282,Isha Mittal,ishamittal@ymail.com,Mumbai,2019-02-20,BASIC,2026-08-12T13:29:33.514031,customers.csv
2283,Himani Shukla,himanishukla@yahoo.com,Patna,2023-05-11,PREMIUM,2026-08-12T13:29:33.514031,customers.csv
2284,Rohit Jadhav,rohit.jadhav@gmail.com,Davangere,2024-05-20,PREMIUM,2026-08-12T13:29:33.514031,customers.csv
2285,Mihir Malhotra,mihirmalhotra@yahoo.com,Delhi,2020-03-15,BASIC,2026-08-12T13:29:33.514031,customers.csv
2317,Tanvi Bhatt,tanvibhatt@rediffmail.com,Guwahati,2019-06-21,PREMIUM,2026-08-12T13:29:33.514031,customers.csv
2286,Komal Kumar,komalkumar@gmail.com,Gurugram,2022-01-28,BASIC,2026-08-12T13:29:33.514031,customers.csv
2288,Sara Tripathi,saratripathi@hotmail.com,Delhi,2023-09-07,PREMIUM,2026-08-12T13:29:33.514031,customers.csv
2289,Aditya Bhatia,adityabhatia@gmail.com,Belagavi,2022-05-22,BASIC,2026-08-12T13:29:33.514031,customers.csv
2290,Ishita Jadhav,ishitajadhav@gmail.com,Davangere,2019-05-05,BASIC,2026-08-12T13:29:33.514031,customers.csv
2291,Saanvi Verma,saanviverma@gmail.com,Aurangabad,2024-02-08,LIBRARY,2026-08-12T13:29:33.514031,customers.csv
2292,Rohan Bhaduri,rohanbhaduri@yahoo.co.in,Mumbai,2024-05-18,BASIC,2026-08-12T13:29:33.514031,customers.csv
2293,Chinmay Bose,chinmaybose@gmail.com,Lucknow,2023-03-26,BASIC,2026-08-12T13:29:33.514031,customers.csv
2294,Arjun Narayanan,arjunnarayanan@rediffmail.com,Kanpur,2019-02-24,PREMIUM,2026-08-12T13:29:33.514031,customers.csv
2295,Sai Joshi,saijoshi@yahoo.co.in,Nashik,2024-05-16,BASIC,2026-08-12T13:29:33.514031,customers.csv
2287,Tanvi Deshpande,tanvideshpande@gmail.com,Bengaluru,2023-02-16,BASIC,2026-08-12T13:29:33.514031,customers.csv
2318,Geeta Patel,geetapatel@hotmail.com,Ahmedabad,2021-11-13,PREMIUM,2026-08-12T13:29:33.514031,customers.csv
2319,Lakshmi Vyas,lakshmivyas@ymail.com,Bikaner,2023-09-28,PREMIUM,2026-08-12T13:29:33.514031,customers.csv
2320,Kunal Biswas,kunalbiswas@rediffmail.com,Dhanbad,2023-04-06,BASIC,2026-08-12T13:29:33.514031,customers.csv
2343,Laila Banerjee,lailabanerjee@gmail.com,Gurugram,2019-10-06,BASIC,2026-08-12T13:29:33.514031,customers.csv
2344,Kamala Nair,kamala.nair@gmail.com,Kolkata,2023-08-21,LIBRARY,2026-08-12T13:29:33.514031,customers.csv
2345,Zara Bajpai,zarabajpai@yahoo.co.in,Kanpur,2023-11-04,BASIC,2026-08-12T13:29:33.514031,customers.csv
2346,Rohit Desai,rohitdesai@yahoo.com,Thiruvananthapuram,2023-03-11,BASIC,2026-08-12T13:29:33.514031,customers.csv
2347,Prakash Mondal,prakashmondal@gmail.com,Bhopal,2024-09-18,BASIC,2026-08-12T13:29:33.514031,customers.csv
2348,Sara Mishra,saramishra@ymail.com,Pune,2019-11-04,BASIC,2026-08-12T13:29:33.514031,customers.csv
2349,Mihir Kumar,mihirkumar@gmail.com,Coimbatore,2020-08-19,LIBRARY,2026-08-12T13:29:33.514031,customers.csv
2350,Sara Shah,sarashah@yahoo.co.in,Lucknow,2024-03-17,PREMIUM,2026-08-12T13:29:33.514031,customers.csv
2342,Saanvi Vyas,saanvivyas@ymail.com,Gurugram,2019-10-18,BASIC,2026-08-12T13:29:33.514031,customers.csv
2351,Ekta Chaturvedi,ektachaturvedi@ymail.com,Chandigarh,2022-06-16,LIBRARY,2026-08-12T13:29:33.514031,customers.csv
2353,Vikram Rao,vikramrao@rediffmail.com,Tirunelveli,2019-09-15,BASIC,2026-08-12T13:29:33.514031,customers.csv
2354,Zara Khanna,zarakhanna@yahoo.co.in,Chandigarh,2021-07-22,BASIC,2026-08-12T13:29:33.514031,customers.csv
2355,Rohit Agarwal,rohitagarwal@yahoo.com,Ahmedabad,2022-06-08,BASIC,2026-08-12T13:29:33.514031,customers.csv
2356,Garima Srivastava,garimasrivastava@outlook.com,Pune,2023-10-03,PREMIUM,2026-08-12T13:29:33.514031,customers.csv
2357,Nadia Tripathi,nadiatripathi@gmail.com,Chittorgarh,2022-04-23,BASIC,2026-08-12T13:29:33.514031,customers.csv
2358,Sana Bajpai,sanabajpai@ymail.com,Coimbatore,2021-04-17,LIBRARY,2026-08-12T13:29:33.514031,customers.csv
2359,Vinod Sen,vinodsen@gmail.com,Bengaluru,2022-04-08,PREMIUM,2026-08-12T13:29:33.514031,customers.csv
2360,Meera Yadav,meerayadav@hotmail.com,Chennai,2024-07-28,BASIC,2026-08-12T13:29:33.514031,customers.csv
2352,Lakshmi Sundaram,lakshmisundaram@outlook.com,Ajmer,2020-07-16,BASIC,2026-08-12T13:29:33.514031,customers.csv
2276,Aakash Awasthi,aakashawasthi@outlook.com,Hyderabad,2021-04-05,LIBRARY,2026-08-12T13:29:33.514031,customers.csv
2341,Sunita Chauhan,sunitachauhan@rediffmail.com,Bhopal,2021-05-27,BASIC,2026-08-12T13:29:33.514031,customers.csv
2339,Gaurav Mehta,gauravmehta@gmail.com,Bengaluru,2021-12-25,PREMIUM,2026-08-12T13:29:33.514031,customers.csv
2321,Geeta Rao,geetarao@yahoo.co.in,Vadodara,2019-12-06,BASIC,2026-08-12T13:29:33.514031,customers.csv
2322,Omkar Iyer,omkariyer@outlook.com,Udaipur,2021-09-15,PREMIUM,2026-08-12T13:29:33.514031,customers.csv
2323,Lakshmi Patel,lakshmipatel@yahoo.co.in,Coimbatore,2024-01-23,BASIC,2026-08-12T13:29:33.514031,customers.csv
2324,Harsh Modi,harshmodi@gmail.com,Visakhapatnam,2019-04-26,PREMIUM,2026-08-12T13:29:33.514031,customers.csv
2325,Girish Joshi,girishjoshi@gmail.com,Indore,2023-05-09,LIBRARY,2026-08-12T13:29:33.514031,customers.csv
2326,Sushma Gupta,sushmagupta@gmail.com,Visakhapatnam,2024-07-04,BASIC,2026-08-12T13:29:33.514031,customers.csv
2327,Prakash Chopra,prakashchopra@gmail.com,Pune,2022-09-19,BASIC,2026-08-12T13:29:33.514031,customers.csv
2328,Kabir Bose,kabirbose@yahoo.com,Bhopal,2021-10-17,BASIC,2026-08-12T13:29:33.514031,customers.csv
2340,Rekha Verma,rekhaverma@gmail.com,Ahmedabad,2021-09-25,LIBRARY,2026-08-12T13:29:33.514031,customers.csv
2329,Karan Pandey,karanpandey@outlook.com,Mumbai,2021-01-18,BASIC,2026-08-12T13:29:33.514031,customers.csv
2331,Diya Mukherjee,diyamukherjee@gmail.com,Nagpur,2023-02-10,LIBRARY,2026-08-12T13:29:33.514031,customers.csv
2332,Aliya Kulkarni,aliyakulkarni@ymail.com,Belagavi,2023-02-17,PREMIUM,2026-08-12T13:29:33.514031,customers.csv
2333,Vandana Pillai,vandanapillai@rediffmail.com,Mumbai,2023-11-23,PREMIUM,2026-08-12T13:29:33.514031,customers.csv
2334,Aliya Bhatt,aliyabhatt@gmail.com,Delhi,2023-01-04,BASIC,2026-08-12T13:29:33.514031,customers.csv
2335,Manish Rajan,manishrajan@gmail.com,Bengaluru,2020-10-25,BASIC,2026-08-12T13:29:33.514031,customers.csv
2336,Yash Shukla,yashshukla@yahoo.com,Nagpur,2023-03-10,PREMIUM,2026-08-12T13:29:33.514031,customers.csv
2337,Ishita Venkatesh,ishitavenkatesh@gmail.com,Kochi,2020-04-19,PREMIUM,2026-08-12T13:29:33.514031,customers.csv
2338,Sai Rajput,sairajput@gmail.com,Pune,2023-05-20,BASIC,2026-08-12T13:29:33.514031,customers.csv
2330,Vikram Sen,vikramsen@yahoo.com,Nashik,2020-04-20,BASIC,2026-08-12T13:29:33.514031,customers.csv
1404,Tanvi Shah,tanvishah@yahoo.co.in,Thiruvananthapuram,2023-12-28,BASIC,2026-08-12T13:29:33.514031,customers.csv
1403,Tanvi Bajpai,tanvibajpai@gmail.com,Kanpur,2019-01-01,BASIC,2026-08-12T13:29:33.514031,customers.csv
1402,Aakash Mittal,aakash.mittal@gmail.com,Delhi,2020-05-25,PREMIUM,2026-08-12T13:29:33.514031,customers.csv
462,Anil Subramaniam,anilsubramaniam@ymail.com,Ambala,2019-08-19,PREMIUM,2026-08-12T13:29:33.514031,customers.csv
463,Chetna Mishra,chetnamishra@yahoo.co.in,Nashik,2023-07-11,BASIC,2026-08-12T13:29:33.514031,customers.csv
464,Ajay Anand,ajayanand@gmail.com,Hyderabad,2021-04-02,LIBRARY,2026-08-12T13:29:33.514031,customers.csv
465,Ayaan Garg,ayaangarg@rediffmail.com,Delhi,2023-01-16,PREMIUM,2026-08-12T13:29:33.514031,customers.csv
466,Kiara Kapoor,kiarakapoor@rediffmail.com,Patna,2020-05-22,PREMIUM,2026-08-12T13:29:33.514031,customers.csv
467,Vihaan Agarwal,vihaanagarwal@rediffmail.com,Kochi,2020-12-28,LIBRARY,2026-08-12T13:29:33.514031,customers.csv
468,Lakshmi Roy,lakshmiroy@hotmail.com,Ahmedabad,2021-11-25,PREMIUM,2026-08-12T13:29:33.514031,customers.csv
469,Himani Rao,himanirao@gmail.com,Lucknow,2020-10-29,LIBRARY,2026-08-12T13:29:33.514031,customers.csv
470,Yash Chauhan,yashchauhan@yahoo.com,Visakhapatnam,2022-01-07,PREMIUM,2026-08-12T13:29:33.514031,customers.csv
471,Anil Sundaram,anilsundaram@gmail.com,Bhopal,2020-06-25,PREMIUM,2026-08-12T13:29:33.514031,customers.csv
472,Saanvi Dey,saanvidey@yahoo.com,Kolkata,2022-06-05,PREMIUM,2026-08-12T13:29:33.514031,customers.csv
473,Tushar Kapoor,tusharkapoor@outlook.com,Faridabad,2024-02-24,BASIC,2026-08-12T13:29:33.514031,customers.csv
474,Navya Mane,navyamane@ymail.com,Meerut,2023-06-15,PREMIUM,2026-08-12T13:29:33.514031,customers.csv
475,Dhruv Sharma,dhruvsharma@hotmail.com,Coimbatore,2022-03-03,BASIC,2026-08-12T13:29:33.514031,customers.csv
477,Rohit Kapoor,rohitkapoor@yahoo.co.in,Chennai,2021-09-11,BASIC,2026-08-12T13:29:33.514031,customers.csv
478,Ekta Dey,ektadey@hotmail.com,Visakhapatnam,2019-04-15,PREMIUM,2026-08-12T13:29:33.514031,customers.csv
479,Radha Chopra,radhachopra@outlook.com,Lucknow,2019-05-25,PREMIUM,2026-08-12T13:29:33.514031,customers.csv
461,Chinmay Trivedi,chinmaytrivedi@gmail.com,Chennai,2021-05-15,LIBRARY,2026-08-12T13:29:33.514031,customers.csv
460,Nisha Mukherjee,nishamukherjee@rediffmail.com,Bikaner,2022-08-07,BASIC,2026-08-12T13:29:33.514031,customers.csv
459,Vikram Bhatia,vikrambhatia@yahoo.co.in,Noida,2020-02-07,LIBRARY,2026-08-12T13:29:33.514031,customers.csv
458,Priya Gupta,priyagupta@rediffmail.com,Davangere,2023-03-06,BASIC,2026-08-12T13:29:33.514031,customers.csv
440,Ramesh Rao,rameshrao@rediffmail.com,Chennai,2019-04-16,BASIC,2026-08-12T13:29:33.514031,customers.csv
441,Diya Chopra,diyachopra@rediffmail.com,Noida,2022-06-17,LIBRARY,2026-08-12T13:29:33.514031,customers.csv
442,Deepak Krishnan,deepakkrishnan@yahoo.co.in,Bengaluru,2023-05-07,BASIC,2026-08-12T13:29:33.514031,customers.csv
443,Gaurav Dixit,gauravdixit@gmail.com,Nagpur,2021-12-14,BASIC,2026-08-12T13:29:33.514031,customers.csv
444,Vinod Jain,vinodjain@yahoo.co.in,Coimbatore,2020-09-11,LIBRARY,2026-08-12T13:29:33.514031,customers.csv
445,Aliya Iyer,aliyaiyer@hotmail.com,Chittorgarh,2023-08-23,LIBRARY,2026-08-12T13:29:33.514031,customers.csv
446,Kunal Rajput,kunalrajput@gmail.com,Ghaziabad,2023-09-11,PREMIUM,2026-08-12T13:29:33.514031,customers.csv
447,Sana Krishnan,sanakrishnan@yahoo.com,Bhopal,2019-11-20,BASIC,2026-08-12T13:29:33.514031,customers.csv
480,Tushar Ghosh,tusharghosh@hotmail.com,Aurangabad,2021-06-29,PREMIUM,2026-08-12T13:29:33.514031,customers.csv
448,Komal Patel,komalpatel@ymail.com,Pali,2020-08-26,BASIC,2026-08-12T13:29:33.514031,customers.csv
450,Sai Bhatt,saibhatt@outlook.com,Chennai,2020-08-28,LIBRARY,2026-08-12T13:29:33.514031,customers.csv
451,Mihir Jain,mihirjain@gmail.com,Delhi,2023-06-16,PREMIUM,2026-08-12T13:29:33.514031,customers.csv
452,Rohit Kapoor,rohitkapoor@rediffmail.com,Tumakuru,2019-02-20,LIBRARY,2026-08-12T13:29:33.514031,customers.csv
453,Aliya Biswas,aliyabiswas@ymail.com,Alwar,2020-04-05,BASIC,2026-08-12T13:29:33.514031,customers.csv
454,Rudra Das,rudradas@gmail.com,Vijayawada,2020-02-18,LIBRARY,2026-08-12T13:29:33.514031,customers.csv
455,Shreya Raman,shreyaraman@outlook.com,Kolkata,2024-06-11,PREMIUM,2026-08-12T13:29:33.514031,customers.csv
456,Dev Krishnan,devkrishnan@gmail.com,Pune,2020-08-12,PREMIUM,2026-08-12T13:29:33.514031,customers.csv
457,Dev Parikh,devparikh@outlook.com,Mangaluru,2022-09-19,PREMIUM,2026-08-12T13:29:33.514031,customers.csv
449,Tejas Patil,tejaspatil@gmail.com,Erode,2021-02-28,BASIC,2026-08-12T13:29:33.514031,customers.csv
439,Deepak Ghosh,deepakghosh@rediffmail.com,Hyderabad,2023-01-17,BASIC,2026-08-12T13:29:33.514031,customers.csv
481,Sushma Krishnan,sushmakrishnan@hotmail.com,Patna,2020-11-27,LIBRARY,2026-08-12T13:29:33.514031,customers.csv
483,Ishita Bhaduri,ishitabhaduri@gmail.com,Tiruchirappalli,2022-10-06,PREMIUM,2026-08-12T13:29:33.514031,customers.csv
508,Himani Ghosh,himanighosh@rediffmail.com,Hyderabad,2020-01-04,LIBRARY,2026-08-12T13:29:33.514031,customers.csv
509,Kamala Nair,kamalanair@gmail.com,Shivamogga,2021-08-04,BASIC,2026-08-12T13:29:33.514031,customers.csv
510,Pooja Jain,poojajain@gmail.com,Bengaluru,2020-12-16,LIBRARY,2026-08-12T13:29:33.514031,customers.csv
511,Sai Chopra,saichopra@hotmail.com,Kanpur,2020-04-19,BASIC,2026-08-12T13:29:33.514031,customers.csv
512,Jyoti Shah,jyotishah@gmail.com,Thiruvananthapuram,2020-11-29,BASIC,2026-08-12T13:29:33.514031,customers.csv
513,Rajesh Deshpande,rajeshdeshpande@yahoo.co.in,Mysuru,2020-01-16,BASIC,2026-08-12T13:29:33.514031,customers.csv
514,Falak Chaturvedi,falakchaturvedi@gmail.com,Lucknow,2024-02-13,BASIC,2026-08-12T13:29:33.514031,customers.csv
515,Himani Vyas,himanivyas@rediffmail.com,Pali,2020-11-14,BASIC,2026-08-12T13:29:33.514031,customers.csv
516,Aadhav Mehta,aadhavmehta@gmail.com,Kanpur,2024-05-31,LIBRARY,2026-08-12T13:29:33.514031,customers.csv
517,Parth Deshpande,parthdeshpande@outlook.com,Sikar,2019-04-29,LIBRARY,2026-08-12T13:29:33.514031,customers.csv
518,Sana Banerjee,sanabanerjee@rediffmail.com,Bengaluru,2023-08-12,BASIC,2026-08-12T13:29:33.514031,customers.csv
519,Sai Joshi,saijoshi@hotmail.com,Mumbai,2021-07-06,PREMIUM,2026-08-12T13:29:33.514031,customers.csv
520,Vikram Balaji,vikrambalaji@gmail.com,Nagpur,2021-10-15,BASIC,2026-08-12T13:29:33.514031,customers.csv
521,Suresh Vyas,sureshvyas@ymail.com,Hubballi,2019-08-12,BASIC,2026-08-12T13:29:33.514031,customers.csv
522,Sara Mishra,saramishra@rediffmail.com,Faridabad,2020-11-08,BASIC,2026-08-12T13:29:33.514031,customers.csv
523,Tejas Subramaniam,tejassubramaniam@yahoo.com,Ahmedabad,2022-02-13,BASIC,2026-08-12T13:29:33.514031,customers.csv
524,Savita Thakur,savitathakur@outlook.com,Lucknow,2021-08-20,BASIC,2026-08-12T13:29:33.514031,customers.csv
507,Ruhi Venkatesh,ruhivenkatesh@yahoo.com,Mumbai,2019-12-31,BASIC,2026-08-12T13:29:33.514031,customers.csv
506,Tushar Modi,tusharmodi@gmail.com,Mumbai,2024-07-26,BASIC,2026-08-12T13:29:33.514031,customers.csv
505,Kiara Mondal,kiaramondal@yahoo.co.in,Allahabad,2021-04-06,BASIC,2026-08-12T13:29:33.514031,customers.csv
504,Himani Pillai,himanipillai@gmail.com,Pune,2020-03-11,BASIC,2026-08-12T13:29:33.514031,customers.csv
484,Atharva Thakur,atharvathakur@yahoo.com,Jodhpur,2022-06-11,BASIC,2026-08-12T13:29:33.514031,customers.csv
485,Bhavna Srivastava,bhavnasrivastava@yahoo.co.in,Kochi,2024-03-14,LIBRARY,2026-08-12T13:29:33.514031,customers.csv
486,Ritvik Krishnan,ritvikkrishnan@gmail.com,Bhopal,2021-03-07,PREMIUM,2026-08-12T13:29:33.514031,customers.csv
487,Ritvik Dixit,ritvikdixit@yahoo.co.in,Kanpur,2020-09-09,BASIC,2026-08-12T13:29:33.514031,customers.csv
488,Kiara Chaturvedi,kiarachaturvedi@rediffmail.com,Hyderabad,2021-01-08,LIBRARY,2026-08-12T13:29:33.514031,customers.csv
489,Shaurya Subramaniam,shauryasubramaniam@gmail.com,Pune,2019-08-26,BASIC,2026-08-12T13:29:33.514031,customers.csv
490,Prakash Kapoor,prakashkapoor@gmail.com,Kochi,2020-10-10,BASIC,2026-08-12T13:29:33.514031,customers.csv
491,Bhavna Rao,bhavnarao@outlook.com,Guwahati,2023-07-11,BASIC,2026-08-12T13:29:33.514031,customers.csv
482,Nadia Bhaduri,nadiabhaduri@yahoo.co.in,Bengaluru,2020-06-08,PREMIUM,2026-08-12T13:29:33.514031,customers.csv
492,Sunita Vyas,sunitavyas@gmail.com,Vadodara,2023-03-09,BASIC,2026-08-12T13:29:33.514031,customers.csv
495,Swara Tiwari,swaratiwari@gmail.com,Pune,2022-04-06,BASIC,2026-08-12T13:29:33.514031,customers.csv
496,Chinmay Balaji,chinmaybalaji@ymail.com,Ahmedabad,2020-07-02,BASIC,2026-08-12T13:29:33.514031,customers.csv
498,Nisha Thakur,nishathakur@gmail.com,Chennai,2019-03-31,PREMIUM,2026-08-12T13:29:33.514031,customers.csv
499,Savita Tiwari,savitatiwari@hotmail.com,Nashik,2019-06-03,BASIC,2026-08-12T13:29:33.514031,customers.csv
500,Aisha Mittal,aishamittal@ymail.com,Guwahati,2019-07-16,PREMIUM,2026-08-12T13:29:33.514031,customers.csv
501,Dhruv Singh,dhruvsingh@gmail.com,Kanpur,2023-04-07,BASIC,2026-08-12T13:29:33.514031,customers.csv
502,Aryan Mittal,aryanmittal@gmail.com,Chennai,2019-02-08,BASIC,2026-08-12T13:29:33.514031,customers.csv
503,Sundar Iyer,sundariyer@ymail.com,Kolkata,2020-07-15,BASIC,2026-08-12T13:29:33.514031,customers.csv
493,Rohit Anand,rohitanand@gmail.com,Thiruvananthapuram,2021-10-16,BASIC,2026-08-12T13:29:33.514031,customers.csv
438,Aryan Murthy,aryanmurthy@yahoo.co.in,Pune,2020-01-28,BASIC,2026-08-12T13:29:33.514031,customers.csv
437,Reyansh Iyer,reyanshiyer@yahoo.com,Tirunelveli,2023-08-04,PREMIUM,2026-08-12T13:29:33.514031,customers.csv
436,Vihaan Kulkarni,vihaankulkarni@gmail.com,Chandigarh,2023-11-14,BASIC,2026-08-12T13:29:33.514031,customers.csv
374,Jyoti Agarwal,jyotiagarwal@yahoo.com,Delhi,2023-11-15,BASIC,2026-08-12T13:29:33.514031,customers.csv
375,Santosh Sarkar,santoshsarkar@gmail.com,Pune,2020-12-20,BASIC,2026-08-12T13:29:33.514031,customers.csv
376,Vivaan Mukherjee,vivaanmukherjee@gmail.com,Hyderabad,2022-11-21,PREMIUM,2026-08-12T13:29:33.514031,customers.csv
377,Usha Jain,ushajain@hotmail.com,Bengaluru,2022-01-05,PREMIUM,2026-08-12T13:29:33.514031,customers.csv
378,Ritvik Kumar,ritvikkumar@outlook.com,Kolkata,2019-09-19,BASIC,2026-08-12T13:29:33.514031,customers.csv
379,Pranit Ghosh,pranitghosh@gmail.com,Patna,2024-09-23,BASIC,2026-08-12T13:29:33.514031,customers.csv
380,Ayaan Narayanan,ayaannarayanan@gmail.com,Jaipur,2021-11-10,LIBRARY,2026-08-12T13:29:33.514031,customers.csv
381,Dhruv Ghosh,dhruvghosh@gmail.com,Kolkata,2024-09-15,BASIC,2026-08-12T13:29:33.514031,customers.csv
382,Sai Verma,saiverma@gmail.com,Bhopal,2023-04-18,BASIC,2026-08-12T13:29:33.514031,customers.csv
383,Saanvi Patel,saanvipatel@outlook.com,Chennai,2021-10-13,BASIC,2026-08-12T13:29:33.514031,customers.csv
384,Omkar Sinha,omkarsinha@gmail.com,Coimbatore,2020-05-04,PREMIUM,2026-08-12T13:29:33.514031,customers.csv
385,Hira Gupta,hiragupta@yahoo.com,Chittorgarh,2019-07-08,PREMIUM,2026-08-12T13:29:33.514031,customers.csv
386,Krishna Mane,krishnamane@yahoo.co.in,Ahmedabad,2024-02-14,BASIC,2026-08-12T13:29:33.514031,customers.csv
387,Gaurav Dubey,gauravdubey@yahoo.co.in,Aurangabad,2021-09-20,BASIC,2026-08-12T13:29:33.514031,customers.csv
388,Gaurav Roy,gauravroy@yahoo.com,Aurangabad,2021-10-01,BASIC,2026-08-12T13:29:33.514031,customers.csv
389,Aarav Modi,aaravmodi@yahoo.com,Vadodara,2019-02-09,BASIC,2026-08-12T13:29:33.514031,customers.csv
390,Aarav Dixit,aaravdixit@yahoo.co.in,Bengaluru,2021-09-02,BASIC,2026-08-12T13:29:33.514031,customers.csv
373,Rohit Desai,rohitdesai@gmail.com,Pune,2023-11-27,PREMIUM,2026-08-12T13:29:33.514031,customers.csv
372,Shaurya Sethi,shauryasethi@ymail.com,Davangere,2020-09-28,PREMIUM,2026-08-12T13:29:33.514031,customers.csv
371,Manish Reddy,manishreddy@ymail.com,Vadodara,2020-09-17,BASIC,2026-08-12T13:29:33.514031,customers.csv
370,Deepak Rajan,deepakrajan@ymail.com,Kota,2023-10-01,PREMIUM,2026-08-12T13:29:33.514031,customers.csv
351,Santosh Sharma,santoshsharma@yahoo.com,Dhanbad,2020-06-24,PREMIUM,2026-08-12T13:29:33.514031,customers.csv
352,Tanvi Mishra,tanvimishra@gmail.com,Bhubaneswar,2021-10-22,BASIC,2026-08-12T13:29:33.514031,customers.csv
353,Gaurav Tiwari,gauravtiwari@outlook.com,Guwahati,2021-08-17,BASIC,2026-08-12T13:29:33.514031,customers.csv
355,Aadhav Roy,aadhavroy@ymail.com,Visakhapatnam,2019-02-08,BASIC,2026-08-12T13:29:33.514031,customers.csv
356,Aliya Chaturvedi,aliyachaturvedi@outlook.com,Visakhapatnam,2024-05-10,BASIC,2026-08-12T13:29:33.514031,customers.csv
357,Nisha Vyas,nishavyas@gmail.com,Bengaluru,2023-02-14,BASIC,2026-08-12T13:29:33.514031,customers.csv
358,Pranav Dixit,pranavdixit@gmail.com,Bhubaneswar,2020-08-08,BASIC,2026-08-12T13:29:33.514031,customers.csv
359,Rekha Chakraborty,rekhachakraborty@gmail.com,Nagpur,2021-05-22,PREMIUM,2026-08-12T13:29:33.514031,customers.csv
391,Geeta Mehta,geetamehta@yahoo.co.in,Bengaluru,2021-08-06,LIBRARY,2026-08-12T13:29:33.514031,customers.csv
360,Prasad Bose,prasadbose@rediffmail.com,Gurugram,2019-12-22,BASIC,2026-08-12T13:29:33.514031,customers.csv
362,Chetna Mukherjee,chetnamukherjee@yahoo.co.in,Bhubaneswar,2021-10-13,PREMIUM,2026-08-12T13:29:33.514031,customers.csv
363,Mihir Dey,mihirdey@yahoo.co.in,Sikar,2019-04-20,LIBRARY,2026-08-12T13:29:33.514031,customers.csv
364,Jyoti Bhatia,jyotibhatia@ymail.com,Chandigarh,2021-02-11,PREMIUM,2026-08-12T13:29:33.514031,customers.csv
365,Deepak Chopra,deepakchopra@gmail.com,Alwar,2021-09-07,BASIC,2026-08-12T13:29:33.514031,customers.csv
366,Karan Menon,karanmenon@rediffmail.com,Bhubaneswar,2019-10-18,PREMIUM,2026-08-12T13:29:33.514031,customers.csv
367,Vivaan Bajpai,vivaanbajpai@gmail.com,Lucknow,2023-09-20,BASIC,2026-08-12T13:29:33.514031,customers.csv
368,Vandana Pandey,vandanapandey@rediffmail.com,Salem,2019-10-26,BASIC,2026-08-12T13:29:33.514031,customers.csv
369,Kunal Joshi,kunaljoshi@yahoo.co.in,Chennai,2019-09-05,LIBRARY,2026-08-12T13:29:33.514031,customers.csv
361,Pranav Chatterjee,pranavchatterjee@outlook.com,Ahmedabad,2023-10-25,BASIC,2026-08-12T13:29:33.514031,customers.csv
392,Usha Modi,ushamodi@hotmail.com,Indore,2019-12-14,PREMIUM,2026-08-12T13:29:33.514031,customers.csv
393,Advaith Rajan,advaithrajan@outlook.com,Delhi,2019-09-13,BASIC,2026-08-12T13:29:33.514031,customers.csv
394,Nadia Banerjee,nadiabanerjee@yahoo.co.in,Kolkata,2022-07-14,LIBRARY,2026-08-12T13:29:33.514031,customers.csv
418,Ekta Narayanan,ektanarayanan@yahoo.co.in,Hyderabad,2019-06-05,BASIC,2026-08-12T13:29:33.514031,customers.csv
419,Ayaan Rajput,ayaanrajput@yahoo.com,Mumbai,2024-05-11,BASIC,2026-08-12T13:29:33.514031,customers.csv
420,Amit Sarkar,amitsarkar@gmail.com,Ahmedabad,2020-12-27,LIBRARY,2026-08-12T13:29:33.514031,customers.csv
421,Jyoti Saxena,jyotisaxena@gmail.com,Hyderabad,2020-08-03,LIBRARY,2026-08-12T13:29:33.514031,customers.csv
422,Kabir Anand,kabiranand@gmail.com,Jaipur,2023-06-09,PREMIUM,2026-08-12T13:29:33.514031,customers.csv
423,Advaith Chaturvedi,advaithchaturvedi@hotmail.com,Bengaluru,2020-10-07,PREMIUM,2026-08-12T13:29:33.514031,customers.csv
424,Harish Subramaniam,harishsubramaniam@hotmail.com,Hyderabad,2023-01-01,BASIC,2026-08-12T13:29:33.514031,customers.csv
425,Laila Roy,lailaroy@outlook.com,Pune,2022-04-21,BASIC,2026-08-12T13:29:33.514031,customers.csv
417,Vihaan Upadhyay,vihaanupadhyay@gmail.com,Coimbatore,2021-02-10,LIBRARY,2026-08-12T13:29:33.514031,customers.csv
426,Saanvi Sharma,saanvisharma@outlook.com,Faridabad,2019-05-13,BASIC,2026-08-12T13:29:33.514031,customers.csv
428,Siddharth Srivastava,siddharthsrivastava@gmail.com,Kolkata,2022-08-01,BASIC,2026-08-12T13:29:33.514031,customers.csv
429,Aisha Rao,aisharao@hotmail.com,Nagpur,2021-12-22,BASIC,2026-08-12T13:29:33.514031,customers.csv
430,Meera Joshi,meerajoshi@yahoo.co.in,Alwar,2019-01-06,BASIC,2026-08-12T13:29:33.514031,customers.csv
431,Karan Deshpande,karandeshpande@outlook.com,Erode,2023-08-23,BASIC,2026-08-12T13:29:33.514031,customers.csv
432,Varun Dwivedi,varundwivedi@outlook.com,Bengaluru,2024-05-17,LIBRARY,2026-08-12T13:29:33.514031,customers.csv
433,Yash Thakur,yashthakur@rediffmail.com,Delhi,2019-05-17,BASIC,2026-08-12T13:29:33.514031,customers.csv
434,Aditya Sinha,adityasinha@gmail.com,Delhi,2020-11-27,BASIC,2026-08-12T13:29:33.514031,customers.csv
435,Ananya Nair,ananyanair@gmail.com,Ahmedabad,2024-05-31,PREMIUM,2026-08-12T13:29:33.514031,customers.csv
427,Dev Sinha,devsinha@yahoo.com,Bhubaneswar,2020-03-02,BASIC,2026-08-12T13:29:33.514031,customers.csv
525,Santosh Deshpande,santoshdeshpande@rediffmail.com,Delhi,2024-08-03,BASIC,2026-08-12T13:29:33.514031,customers.csv
416,Isha Pandey,ishapandey@yahoo.com,Kochi,2023-01-09,PREMIUM,2026-08-12T13:29:33.514031,customers.csv
414,Rajesh Sen,rajeshsen@gmail.com,Bengaluru,2021-09-14,BASIC,2026-08-12T13:29:33.514031,customers.csv
395,Deepak Saxena,deepaksaxena@rediffmail.com,Kolkata,2019-11-02,BASIC,2026-08-12T13:29:33.514031,customers.csv
396,Pranav Sen,pranavsen@gmail.com,Bengaluru,2024-01-16,BASIC,2026-08-12T13:29:33.514031,customers.csv
397,Rahul Modi,rahulmodi@ymail.com,Ahmedabad,2021-04-30,BASIC,2026-08-12T13:29:33.514031,customers.csv
398,Swara Mane,swaramane@gmail.com,Delhi,2022-05-31,LIBRARY,2026-08-12T13:29:33.514031,customers.csv
399,Tushar Mondal,tusharmondal@yahoo.com,Allahabad,2022-09-04,BASIC,2026-08-12T13:29:33.514031,customers.csv
400,Atharva Garg,atharvagarg@outlook.com,Surat,2022-05-09,BASIC,2026-08-12T13:29:33.514031,customers.csv
401,Falak Pandey,falakpandey@outlook.com,Faridabad,2021-10-20,BASIC,2026-08-12T13:29:33.514031,customers.csv
403,Kiara Parikh,kiaraparikh@gmail.com,Kochi,2021-11-26,LIBRARY,2026-08-12T13:29:33.514031,customers.csv
415,Sushma Mehta,sushmamehta@yahoo.com,Kochi,2023-05-10,BASIC,2026-08-12T13:29:33.514031,customers.csv
404,Ishaan Singh,ishaansingh@yahoo.com,Belagavi,2023-12-22,LIBRARY,2026-08-12T13:29:33.514031,customers.csv
406,Diya Ghosh,diyaghosh@outlook.com,Patna,2023-04-17,PREMIUM,2026-08-12T13:29:33.514031,customers.csv
407,Ramesh Pandey,rameshpandey@yahoo.com,Shivamogga,2022-01-31,BASIC,2026-08-12T13:29:33.514031,customers.csv
408,Prakash Bose,prakashbose@yahoo.com,Bhubaneswar,2024-08-05,BASIC,2026-08-12T13:29:33.514031,customers.csv
409,Aryan Venkatesh,aryanvenkatesh@gmail.com,Pune,2020-07-16,BASIC,2026-08-12T13:29:33.514031,customers.csv
410,Kiara Anand,kiaraanand@ymail.com,Bharatpur,2023-04-16,LIBRARY,2026-08-12T13:29:33.514031,customers.csv
411,Pranit Upadhyay,pranitupadhyay@ymail.com,Alwar,2022-11-10,PREMIUM,2026-08-12T13:29:33.514031,customers.csv
412,Savita Saxena,savitasaxena@yahoo.co.in,Hyderabad,2022-07-30,PREMIUM,2026-08-12T13:29:33.514031,customers.csv
413,Angel Kumar,angelkumar@gmail.com,Chittorgarh,2024-04-16,PREMIUM,2026-08-12T13:29:33.514031,customers.csv
405,Aadhav Rao,aadhavrao@gmail.com,Mumbai,2024-03-03,BASIC,2026-08-12T13:29:33.514031,customers.csv
350,Advaith Jadhav,advaithjadhav@gmail.com,Vijayawada,2020-10-09,BASIC,2026-08-12T13:29:33.514031,customers.csv
526,Rahul Chatterjee,rahulchatterjee@gmail.com,Bengaluru,2023-08-16,BASIC,2026-08-12T13:29:33.514031,customers.csv
528,Aakash Yadav,aakashyadav@rediffmail.com,Tiruchirappalli,2023-01-28,LIBRARY,2026-08-12T13:29:33.514031,customers.csv
639,Santosh Jadhav,santoshjadhav@gmail.com,Bhopal,2021-11-22,BASIC,2026-08-12T13:29:33.514031,customers.csv
640,Varun Thakur,varunthakur@yahoo.com,Pali,2023-08-17,BASIC,2026-08-12T13:29:33.514031,customers.csv
641,Usha Raman,usharaman@yahoo.co.in,Kolkata,2020-01-16,BASIC,2026-08-12T13:29:33.514031,customers.csv
642,Hira Chaturvedi,hirachaturvedi@ymail.com,Vijayawada,2024-05-05,BASIC,2026-08-12T13:29:33.514031,customers.csv
643,Rajesh Chauhan,rajeshchauhan@yahoo.co.in,Chennai,2021-02-17,BASIC,2026-08-12T13:29:33.514031,customers.csv
644,Shubham Dubey,shubhamdubey@yahoo.com,Rohtak,2021-04-26,BASIC,2026-08-12T13:29:33.514031,customers.csv
645,Kiara Garg,kiaragarg@hotmail.com,Hyderabad,2020-03-12,BASIC,2026-08-12T13:29:33.514031,customers.csv
646,Shaurya Narayanan,shauryanarayanan@gmail.com,Kota,2019-06-23,LIBRARY,2026-08-12T13:29:33.514031,customers.csv
647,Sunita Awasthi,sunitaawasthi@hotmail.com,Patna,2022-01-30,BASIC,2026-08-12T13:29:33.514031,customers.csv
648,Aanya Sundaram,aanyasundaram@outlook.com,Chennai,2020-06-09,BASIC,2026-08-12T13:29:33.514031,customers.csv
649,Rekha Bhatt,rekhabhatt@ymail.com,Mumbai,2022-11-23,BASIC,2026-08-12T13:29:33.514031,customers.csv
650,Sana Pandey,sanapandey@gmail.com,Visakhapatnam,2024-02-28,BASIC,2026-08-12T13:29:33.514031,customers.csv
651,Ruhi Verma,ruhiverma@yahoo.com,Jaipur,2020-02-17,BASIC,2026-08-12T13:29:33.514031,customers.csv
652,Nikhil Sarkar,nikhilsarkar@gmail.com,Vadodara,2021-08-29,BASIC,2026-08-12T13:29:33.514031,customers.csv
653,Lakshmi Sarkar,lakshmisarkar@hotmail.com,Chennai,2023-10-03,BASIC,2026-08-12T13:29:33.514031,customers.csv
654,Sundar Awasthi,sundarawasthi@outlook.com,Pune,2021-01-06,PREMIUM,2026-08-12T13:29:33.514031,customers.csv
655,Aadhav Ghosh,aadhavghosh@yahoo.com,Varanasi,2022-01-10,LIBRARY,2026-08-12T13:29:33.514031,customers.csv
638,Girish Dixit,girishdixit@rediffmail.com,Bikaner,2022-10-23,LIBRARY,2026-08-12T13:29:33.514031,customers.csv
637,Pooja Chaturvedi,poojachaturvedi@ymail.com,Salem,2021-10-21,PREMIUM,2026-08-12T13:29:33.514031,customers.csv
636,Aarav Jain,aaravjain@outlook.com,Patna,2019-10-24,PREMIUM,2026-08-12T13:29:33.514031,customers.csv
635,Falak Kapoor,falakkapoor@yahoo.com,Indore,2023-07-13,PREMIUM,2026-08-12T13:29:33.514031,customers.csv
616,Sachin Dixit,sachindixit@gmail.com,Kanpur,2021-11-08,BASIC,2026-08-12T13:29:33.514031,customers.csv
617,Sachin Rajput,sachinrajput@yahoo.co.in,Chandigarh,2023-08-01,BASIC,2026-08-12T13:29:33.514031,customers.csv
619,Aarav Dixit,aaravdixit@yahoo.com,Visakhapatnam,2022-07-17,BASIC,2026-08-12T13:29:33.514031,customers.csv
620,Nikhil Pillai,nikhilpillai@outlook.com,Bhubaneswar,2021-11-04,BASIC,2026-08-12T13:29:33.514031,customers.csv
621,Komal Raman,komalraman@hotmail.com,Chandigarh,2023-06-16,LIBRARY,2026-08-12T13:29:33.514031,customers.csv
622,Pari Modi,parimodi@ymail.com,Bhopal,2023-02-25,PREMIUM,2026-08-12T13:29:33.514031,customers.csv
623,Aakash Venkatesh,aakashvenkatesh@yahoo.co.in,Kochi,2023-06-19,PREMIUM,2026-08-12T13:29:33.514031,customers.csv
624,Pranav Chatterjee,pranavchatterjee@yahoo.com,Nagpur,2020-10-24,BASIC,2026-08-12T13:29:33.514031,customers.csv
656,Priya Bhaduri,priyabhaduri@outlook.com,Chennai,2020-09-04,BASIC,2026-08-12T13:29:33.514031,customers.csv
625,Navya Sundaram,navyasundaram@hotmail.com,Pali,2019-08-02,BASIC,2026-08-12T13:29:33.514031,customers.csv
627,Krishna Jain,krishnajain@hotmail.com,Delhi,2019-06-04,PREMIUM,2026-08-12T13:29:33.514031,customers.csv
628,Karan Parikh,karanparikh@ymail.com,Pune,2019-08-24,LIBRARY,2026-08-12T13:29:33.514031,customers.csv
629,Falak Pandey,falakpandey@rediffmail.com,Nagpur,2021-04-06,LIBRARY,2026-08-12T13:29:33.514031,customers.csv
630,Nadia Balaji,nadiabalaji@yahoo.com,Mumbai,2024-09-22,PREMIUM,2026-08-12T13:29:33.514031,customers.csv
631,Aliya Rajput,aliyarajput@gmail.com,Thiruvananthapuram,2023-01-13,BASIC,2026-08-12T13:29:33.514031,customers.csv
632,Fatima Sharma,fatimasharma@gmail.com,Dhanbad,2023-06-25,BASIC,2026-08-12T13:29:33.514031,customers.csv
633,Laila Desai,lailadesai@yahoo.com,Surat,2019-10-09,BASIC,2026-08-12T13:29:33.514031,customers.csv
634,Aryan Malhotra,aryanmalhotra@ymail.com,Tumakuru,2022-11-26,BASIC,2026-08-12T13:29:33.514031,customers.csv
626,Karan Sharma,karansharma@gmail.com,Bhopal,2023-11-19,BASIC,2026-08-12T13:29:33.514031,customers.csv
615,Sai Anand,saianand@yahoo.com,Guntur,2024-05-28,LIBRARY,2026-08-12T13:29:33.514031,customers.csv
657,Ekta Verma,ektaverma@outlook.com,Patna,2022-07-17,LIBRARY,2026-08-12T13:29:33.514031,customers.csv
659,Advaith Mishra,advaithmishra@yahoo.com,Varanasi,2024-05-05,LIBRARY,2026-08-12T13:29:33.514031,customers.csv
683,Varun Thakur,varunthakur@gmail.com,Kanpur,2021-09-08,PREMIUM,2026-08-12T13:29:33.514031,customers.csv
684,Nitin Sarkar,nitinsarkar@yahoo.co.in,Pune,2022-01-06,BASIC,2026-08-12T13:29:33.514031,customers.csv
685,Aadhya Joshi,aadhyajoshi@gmail.com,Pune,2024-02-09,PREMIUM,2026-08-12T13:29:33.514031,customers.csv
686,Prakash Khanna,prakashkhanna@rediffmail.com,Chennai,2019-03-21,BASIC,2026-08-12T13:29:33.514031,customers.csv
687,Reyansh Raman,reyanshraman@gmail.com,Erode,2022-03-01,BASIC,2026-08-12T13:29:33.514031,customers.csv
688,Aadhav Deshpande,aadhavdeshpande@gmail.com,Kolkata,2020-09-09,BASIC,2026-08-12T13:29:33.514031,customers.csv
689,Radha Chauhan,radhachauhan@outlook.com,Pune,2024-08-03,BASIC,2026-08-12T13:29:33.514031,customers.csv
690,Vinod Patel,vinodpatel@gmail.com,Noida,2020-08-21,BASIC,2026-08-12T13:29:33.514031,customers.csv
691,Avni Desai,avnidesai@ymail.com,Bhopal,2021-02-26,LIBRARY,2026-08-12T13:29:33.514031,customers.csv
692,Kavya Dixit,kavyadixit@gmail.com,Tirunelveli,2021-10-16,BASIC,2026-08-12T13:29:33.514031,customers.csv
693,Sachin Deshpande,sachindeshpande@gmail.com,Chennai,2020-01-20,PREMIUM,2026-08-12T13:29:33.514031,customers.csv
694,Laila Yadav,lailayadav@outlook.com,Visakhapatnam,2022-07-02,BASIC,2026-08-12T13:29:33.514031,customers.csv
695,Ananya Shah,ananyashah@ymail.com,Surat,2021-11-03,BASIC,2026-08-12T13:29:33.514031,customers.csv
696,Aisha Bhatia,aishabhatia@hotmail.com,Mangaluru,2021-06-11,BASIC,2026-08-12T13:29:33.514031,customers.csv
697,Priya Kulkarni,priyakulkarni@gmail.com,Hyderabad,2022-02-04,PREMIUM,2026-08-12T13:29:33.514031,customers.csv
698,Ritvik Desai,ritvikdesai@gmail.com,Erode,2024-04-30,PREMIUM,2026-08-12T13:29:33.514031,customers.csv
699,Mihir Bose,mihirbose@gmail.com,Kolkata,2024-08-09,BASIC,2026-08-12T13:29:33.514031,customers.csv
682,Aakash Kulkarni,aakashkulkarni@yahoo.com,Hyderabad,2023-05-16,LIBRARY,2026-08-12T13:29:33.514031,customers.csv
681,Pooja Dey,poojadey@gmail.com,Vadodara,2021-02-11,BASIC,2026-08-12T13:29:33.514031,customers.csv
680,Vivaan Subramaniam,vivaansubramaniam@rediffmail.com,Pune,2023-10-30,LIBRARY,2026-08-12T13:29:33.514031,customers.csv
679,Vivaan Sharma,vivaansharma@gmail.com,Ahmedabad,2024-04-05,PREMIUM,2026-08-12T13:29:33.514031,customers.csv
660,Zara Iyer,zaraiyer@hotmail.com,Kolkata,2023-01-15,PREMIUM,2026-08-12T13:29:33.514031,customers.csv
661,Aakash Mittal,aakashmittal@gmail.com,Kanpur,2022-12-09,LIBRARY,2026-08-12T13:29:33.514031,customers.csv
662,Hira Mondal,hiramondal@ymail.com,Hyderabad,2022-03-11,BASIC,2026-08-12T13:29:33.514031,customers.csv
663,Rohit Sundaram,rohitsundaram@rediffmail.com,Mangaluru,2023-04-10,PREMIUM,2026-08-12T13:29:33.514031,customers.csv
664,Shreya Mane,shreyamane@gmail.com,Ambala,2022-10-13,BASIC,2026-08-12T13:29:33.514031,customers.csv
665,Zara Sarkar,zarasarkar@outlook.com,Noida,2019-10-20,BASIC,2026-08-12T13:29:33.514031,customers.csv
666,Ananya Chaturvedi,ananyachaturvedi@hotmail.com,Pune,2022-04-08,PREMIUM,2026-08-12T13:29:33.514031,customers.csv
667,Avni Mondal,avnimondal@outlook.com,Kolkata,2023-12-28,LIBRARY,2026-08-12T13:29:33.514031,customers.csv
658,Geeta Bhatia,geetabhatia@ymail.com,Gurugram,2019-07-15,BASIC,2026-08-12T13:29:33.514031,customers.csv
668,Nikhil Roy,nikhilroy@rediffmail.com,Kanpur,2021-01-23,LIBRARY,2026-08-12T13:29:33.514031,customers.csv
670,Diya Desai,diyadesai@gmail.com,Delhi,2024-04-22,PREMIUM,2026-08-12T13:29:33.514031,customers.csv
671,Reyansh Kumar,reyanshkumar@outlook.com,Surat,2019-12-07,BASIC,2026-08-12T13:29:33.514031,customers.csv
672,Ishita Biswas,ishitabiswas@gmail.com,Bhubaneswar,2023-05-16,BASIC,2026-08-12T13:29:33.514031,customers.csv
674,Rekha Tiwari,rekhatiwari@gmail.com,Thiruvananthapuram,2022-08-25,LIBRARY,2026-08-12T13:29:33.514031,customers.csv
675,Lakshmi Mane,lakshmimane@yahoo.co.in,Vadodara,2020-07-07,PREMIUM,2026-08-12T13:29:33.514031,customers.csv
676,Vandana Pandey,vandana.pandey@rediffmail.com,Guwahati,2023-11-17,PREMIUM,2026-08-12T13:29:33.514031,customers.csv
677,Aisha Raman,aisharaman@hotmail.com,Bhopal,2021-07-19,LIBRARY,2026-08-12T13:29:33.514031,customers.csv
678,Atharva Deshpande,atharvadeshpande@hotmail.com,Kanpur,2020-09-29,BASIC,2026-08-12T13:29:33.514031,customers.csv
669,Aditya Banerjee,adityabanerjee@yahoo.com,Thiruvananthapuram,2019-11-24,BASIC,2026-08-12T13:29:33.514031,customers.csv
614,Vandana Sharma,vandanasharma@outlook.com,Surat,2023-02-26,LIBRARY,2026-08-12T13:29:33.514031,customers.csv
613,Sushma Rajan,sushmarajan@gmail.com,Bengaluru,2020-06-17,PREMIUM,2026-08-12T13:29:33.514031,customers.csv
612,Sundar Bose,sundarbose@gmail.com,Hyderabad,2019-06-09,LIBRARY,2026-08-12T13:29:33.514031,customers.csv
551,Bhavna Sinha,bhavnasinha@gmail.com,Mumbai,2021-10-26,BASIC,2026-08-12T13:29:33.514031,customers.csv
552,Neil Deshpande,neildeshpande@hotmail.com,Ajmer,2021-03-15,LIBRARY,2026-08-12T13:29:33.514031,customers.csv
553,Omkar Tripathi,omkartripathi@rediffmail.com,Hyderabad,2019-11-02,BASIC,2026-08-12T13:29:33.514031,customers.csv
554,Saanvi Sundaram,saanvisundaram@outlook.com,Mumbai,2022-02-17,PREMIUM,2026-08-12T13:29:33.514031,customers.csv
555,Ishita Banerjee,ishitabanerjee@yahoo.co.in,Mumbai,2024-03-25,PREMIUM,2026-08-12T13:29:33.514031,customers.csv
556,Rudra Shah,rudrashah@hotmail.com,Chandigarh,2022-05-18,BASIC,2026-08-12T13:29:33.514031,customers.csv
557,Chetna Ghosh,chetnaghosh@hotmail.com,Delhi,2022-07-25,PREMIUM,2026-08-12T13:29:33.514031,customers.csv
558,Angel Shukla,angelshukla@gmail.com,Alwar,2020-10-14,BASIC,2026-08-12T13:29:33.514031,customers.csv
559,Vandana Raman,vandanaraman@gmail.com,Ahmedabad,2021-05-23,PREMIUM,2026-08-12T13:29:33.514031,customers.csv
560,Amit Srivastava,amitsrivastava@yahoo.co.in,Chennai,2024-04-29,BASIC,2026-08-12T13:29:33.514031,customers.csv
561,Garima Verma,garimaverma@hotmail.com,Nagpur,2021-09-25,BASIC,2026-08-12T13:29:33.514031,customers.csv
562,Sana Saxena,sanasaxena@gmail.com,Lucknow,2022-03-04,BASIC,2026-08-12T13:29:33.514031,customers.csv
563,Usha Awasthi,ushaawasthi@ymail.com,Nagpur,2019-06-29,BASIC,2026-08-12T13:29:33.514031,customers.csv
564,Fatima Tripathi,fatimatripathi@ymail.com,Delhi,2020-01-29,BASIC,2026-08-12T13:29:33.514031,customers.csv
565,Sachin Raman,sachinraman@gmail.com,Guwahati,2021-05-13,PREMIUM,2026-08-12T13:29:33.514031,customers.csv
566,Zara Chauhan,zarachauhan@outlook.com,Allahabad,2021-04-22,PREMIUM,2026-08-12T13:29:33.514031,customers.csv
567,Himani Kulkarni,himanikulkarni@gmail.com,Jodhpur,2020-09-21,BASIC,2026-08-12T13:29:33.514031,customers.csv
550,Chetna Malhotra,chetnamalhotra@gmail.com,Vijayawada,2023-05-07,BASIC,2026-08-12T13:29:33.514031,customers.csv
549,Hira Bhaduri,hirabhaduri@ymail.com,Lucknow,2024-09-23,LIBRARY,2026-08-12T13:29:33.514031,customers.csv
548,Tejas Murthy,tejasmurthy@hotmail.com,Varanasi,2020-02-24,PREMIUM,2026-08-12T13:29:33.514031,customers.csv
547,Sana Mittal,sanamittal@gmail.com,Visakhapatnam,2022-04-23,BASIC,2026-08-12T13:29:33.514031,customers.csv
529,Reyansh Thakur,reyanshthakur@hotmail.com,Coimbatore,2024-04-21,PREMIUM,2026-08-12T13:29:33.514031,customers.csv
530,Nadia Bajpai,nadiabajpai@rediffmail.com,Bengaluru,2021-06-27,BASIC,2026-08-12T13:29:33.514031,customers.csv
531,Vikram Upadhyay,vikramupadhyay@yahoo.co.in,Vadodara,2023-03-12,PREMIUM,2026-08-12T13:29:33.514031,customers.csv
532,Dhruv Shah,dhruvshah@rediffmail.com,Hyderabad,2023-08-04,BASIC,2026-08-12T13:29:33.514031,customers.csv
533,Kavya Sarkar,kavyasarkar@yahoo.com,Bengaluru,2023-05-29,BASIC,2026-08-12T13:29:33.514031,customers.csv
534,Santosh Tripathi,santoshtripathi@hotmail.com,Bengaluru,2023-08-25,BASIC,2026-08-12T13:29:33.514031,customers.csv
535,Aisha Roy,aisharoy@rediffmail.com,Indore,2024-08-27,BASIC,2026-08-12T13:29:33.514031,customers.csv
536,Radha Sharma,radhasharma@gmail.com,Coimbatore,2023-11-08,LIBRARY,2026-08-12T13:29:33.514031,customers.csv
568,Santosh Srivastava,santoshsrivastava@gmail.com,Delhi,2020-12-30,LIBRARY,2026-08-12T13:29:33.514031,customers.csv
537,Rohan Venkatesh,rohanvenkatesh@gmail.com,Visakhapatnam,2020-12-12,PREMIUM,2026-08-12T13:29:33.514031,customers.csv
539,Karan Trivedi,karantrivedi@yahoo.com,Pune,2022-11-05,BASIC,2026-08-12T13:29:33.514031,customers.csv
540,Prakash Mukherjee,prakashmukherjee@outlook.com,Chandigarh,2024-09-29,BASIC,2026-08-12T13:29:33.514031,customers.csv
541,Isha Choudhary,ishachoudhary@ymail.com,Guwahati,2021-04-02,BASIC,2026-08-12T13:29:33.514031,customers.csv
542,Neil Chopra,neilchopra@hotmail.com,Davangere,2020-06-27,PREMIUM,2026-08-12T13:29:33.514031,customers.csv
543,Fatima Pandey,fatimapandey@ymail.com,Visakhapatnam,2022-08-13,PREMIUM,2026-08-12T13:29:33.514031,customers.csv
544,Kabir Upadhyay,kabirupadhyay@rediffmail.com,Kochi,2023-09-06,PREMIUM,2026-08-12T13:29:33.514031,customers.csv
545,Prasad Raman,prasadraman@outlook.com,Chittorgarh,2020-03-12,BASIC,2026-08-12T13:29:33.514031,customers.csv
546,Varun Das,varundas@gmail.com,Chennai,2020-10-21,BASIC,2026-08-12T13:29:33.514031,customers.csv
538,Falak Banerjee,falakbanerjee@outlook.com,Thiruvananthapuram,2022-08-11,PREMIUM,2026-08-12T13:29:33.514031,customers.csv
569,Kavya Bhaduri,kavyabhaduri@yahoo.com,Shivamogga,2023-07-28,BASIC,2026-08-12T13:29:33.514031,customers.csv
570,Prakash Parikh,prakashparikh@hotmail.com,Mumbai,2020-04-29,PREMIUM,2026-08-12T13:29:33.514031,customers.csv
571,Aarav Biswas,aaravbiswas@gmail.com,Nashik,2019-10-25,BASIC,2026-08-12T13:29:33.514031,customers.csv
594,Sai Thakur,saithakur@rediffmail.com,Kolkata,2021-12-18,BASIC,2026-08-12T13:29:33.514031,customers.csv
595,Nisha Shah,nishashah@yahoo.com,Surat,2023-01-19,BASIC,2026-08-12T13:29:33.514031,customers.csv
596,Lakshmi Jadhav,lakshmijadhav@gmail.com,Raipur,2022-08-20,BASIC,2026-08-12T13:29:33.514031,customers.csv
597,Tushar Balaji,tusharbalaji@yahoo.co.in,Allahabad,2021-12-14,PREMIUM,2026-08-12T13:29:33.514031,customers.csv
598,Vandana Chakraborty,vandanachakraborty@outlook.com,Bhubaneswar,2023-02-05,PREMIUM,2026-08-12T13:29:33.514031,customers.csv
599,Fatima Nair,fatimanair@yahoo.co.in,Jaipur,2021-07-01,PREMIUM,2026-08-12T13:29:33.514031,customers.csv
600,Manish Upadhyay,manishupadhyay@rediffmail.com,Bharatpur,2019-01-28,PREMIUM,2026-08-12T13:29:33.514031,customers.csv
601,Pranav Deshpande,pranavdeshpande@yahoo.com,Delhi,2022-02-24,BASIC,2026-08-12T13:29:33.514031,customers.csv
593,Ananya Pandey,ananyapandey@gmail.com,Aurangabad,2024-06-03,BASIC,2026-08-12T13:29:33.514031,customers.csv
602,Rudra Shukla,rudrashukla@hotmail.com,Chandigarh,2020-04-29,PREMIUM,2026-08-12T13:29:33.514031,customers.csv
604,Pari Roy,pariroy@outlook.com,Mumbai,2019-06-26,BASIC,2026-08-12T13:29:33.514031,customers.csv
605,Yash Roy,yashroy@gmail.com,Guwahati,2019-06-10,PREMIUM,2026-08-12T13:29:33.514031,customers.csv
606,Siddharth Mehta,siddharthmehta@yahoo.co.in,Davangere,2023-07-19,PREMIUM,2026-08-12T13:29:33.514031,customers.csv
607,Parth Singh,parthsingh@yahoo.co.in,Tiruchirappalli,2021-06-06,BASIC,2026-08-12T13:29:33.514031,customers.csv
608,Dev Krishnan,dev.krishnan@gmail.com,Chennai,2023-08-10,PREMIUM,2026-08-12T13:29:33.514031,customers.csv
609,Siddharth Sen,siddharthsen@gmail.com,Guwahati,2024-09-23,BASIC,2026-08-12T13:29:33.514031,customers.csv
610,Diya Chaturvedi,diyachaturvedi@gmail.com,Kolkata,2023-04-28,BASIC,2026-08-12T13:29:33.514031,customers.csv
611,Dhruv Singh,dhruvsingh@ymail.com,Gurugram,2024-08-27,PREMIUM,2026-08-12T13:29:33.514031,customers.csv
603,Nisha Trivedi,nishatrivedi@gmail.com,Bhopal,2024-05-15,BASIC,2026-08-12T13:29:33.514031,customers.csv
527,Aakash Choudhary,aakashchoudhary@gmail.com,Bharatpur,2022-06-01,PREMIUM,2026-08-12T13:29:33.514031,customers.csv
592,Nadia Agarwal,nadiaagarwal@gmail.com,Ajmer,2020-07-28,BASIC,2026-08-12T13:29:33.514031,customers.csv
590,Ajay Bose,ajaybose@outlook.com,Chennai,2022-04-06,BASIC,2026-08-12T13:29:33.514031,customers.csv
572,Savita Pillai,savitapillai@yahoo.co.in,Chandigarh,2022-02-27,LIBRARY,2026-08-12T13:29:33.514031,customers.csv
573,Girish Dixit,girishdixit@gmail.com,Bhopal,2021-06-19,BASIC,2026-08-12T13:29:33.514031,customers.csv
574,Prasad Desai,prasaddesai@yahoo.co.in,Vellore,2020-08-13,BASIC,2026-08-12T13:29:33.514031,customers.csv
575,Hira Awasthi,hiraawasthi@ymail.com,Rohtak,2020-08-02,BASIC,2026-08-12T13:29:33.514031,customers.csv
576,Sai Sharma,saisharma@outlook.com,Vadodara,2019-12-15,BASIC,2026-08-12T13:29:33.514031,customers.csv
577,Pari Dwivedi,paridwivedi@outlook.com,Shivamogga,2024-09-30,BASIC,2026-08-12T13:29:33.514031,customers.csv
578,Ananya Shukla,ananyashukla@yahoo.co.in,Chennai,2021-01-12,PREMIUM,2026-08-12T13:29:33.514031,customers.csv
579,Dipali Chakraborty,dipalichakraborty@ymail.com,Indore,2019-10-27,BASIC,2026-08-12T13:29:33.514031,customers.csv
591,Vinod Rajan,vinodrajan@gmail.com,Lucknow,2024-08-18,BASIC,2026-08-12T13:29:33.514031,customers.csv
580,Laila Joshi,lailajoshi@gmail.com,Chennai,2024-06-18,BASIC,2026-08-12T13:29:33.514031,customers.csv
582,Rahul Subramaniam,rahulsubramaniam@hotmail.com,Guwahati,2022-06-06,PREMIUM,2026-08-12T13:29:33.514031,customers.csv
583,Rohan Bose,rohanbose@hotmail.com,Chittorgarh,2023-10-21,BASIC,2026-08-12T13:29:33.514031,customers.csv
584,Aarav Sinha,aaravsinha@yahoo.com,Nashik,2023-11-22,BASIC,2026-08-12T13:29:33.514031,customers.csv
585,Isha Bajpai,ishabajpai@hotmail.com,Mysuru,2024-03-10,BASIC,2026-08-12T13:29:33.514031,customers.csv
586,Rajesh Sethi,rajeshsethi@ymail.com,Bengaluru,2019-12-02,LIBRARY,2026-08-12T13:29:33.514031,customers.csv
587,Riya Mukherjee,riyamukherjee@yahoo.com,Kolkata,2019-11-10,PREMIUM,2026-08-12T13:29:33.514031,customers.csv
588,Ishaan Singh,ishaansingh@gmail.com,Varanasi,2023-07-18,LIBRARY,2026-08-12T13:29:33.514031,customers.csv
589,Kunal Chauhan,kunalchauhan@ymail.com,Kolkata,2024-04-17,PREMIUM,2026-08-12T13:29:33.514031,customers.csv
581,Rajesh Banerjee,rajeshbanerjee@yahoo.com,Bengaluru,2019-10-13,BASIC,2026-08-12T13:29:33.514031,customers.csv
700,Sana Biswas,sanabiswas@gmail.com,Delhi,2020-09-22,PREMIUM,2026-08-12T13:29:33.514031,customers.csv
349,Yash Banerjee,yashbanerjee@rediffmail.com,Bharatpur,2019-07-18,BASIC,2026-08-12T13:29:33.514031,customers.csv
347,Laila Upadhyay,lailaupadhyay@ymail.com,Lucknow,2023-10-26,LIBRARY,2026-08-12T13:29:33.514031,customers.csv
113,Girish Bhatia,girishbhatia@gmail.com,Ahmedabad,2019-10-31,BASIC,2026-08-12T13:29:33.514031,customers.csv
114,Vinod Patil,vinodpatil@gmail.com,Jaipur,2022-03-21,BASIC,2026-08-12T13:29:33.514031,customers.csv
115,Sara Rao,sararao@ymail.com,Jaipur,2019-06-18,BASIC,2026-08-12T13:29:33.514031,customers.csv
116,Ekta Ghosh,ektaghosh@yahoo.com,Ahmedabad,2024-05-02,PREMIUM,2026-08-12T13:29:33.514031,customers.csv
117,Rudra Mehta,rudramehta@gmail.com,Varanasi,2022-11-07,PREMIUM,2026-08-12T13:29:33.514031,customers.csv
118,Shaurya Rajan,shauryarajan@gmail.com,Mumbai,2023-11-29,BASIC,2026-08-12T13:29:33.514031,customers.csv
119,Rekha Balaji,rekhabalaji@gmail.com,Ahmedabad,2022-03-04,BASIC,2026-08-12T13:29:33.514031,customers.csv
120,Anil Chaturvedi,anilchaturvedi@gmail.com,Bharatpur,2022-10-02,BASIC,2026-08-12T13:29:33.514031,customers.csv
121,Amit Iyer,amitiyer@outlook.com,Pune,2020-09-07,BASIC,2026-08-12T13:29:33.514031,customers.csv
122,Shaurya Sen,shauryasen@gmail.com,Tumakuru,2022-06-24,PREMIUM,2026-08-12T13:29:33.514031,customers.csv
123,Aliya Desai,aliyadesai@gmail.com,Pune,2023-03-23,PREMIUM,2026-08-12T13:29:33.514031,customers.csv
124,Chetna Srivastava,chetnasrivastava@ymail.com,Bengaluru,2023-10-01,PREMIUM,2026-08-12T13:29:33.514031,customers.csv
125,Nikhil Singh,nikhilsingh@yahoo.co.in,Hyderabad,2021-05-27,BASIC,2026-08-12T13:29:33.514031,customers.csv
126,Sachin Subramaniam,sachinsubramaniam@yahoo.com,Dhanbad,2020-09-26,BASIC,2026-08-12T13:29:33.514031,customers.csv
127,Pooja Iyer,poojaiyer@ymail.com,Allahabad,2019-06-04,PREMIUM,2026-08-12T13:29:33.514031,customers.csv
128,Vikram Biswas,vikrambiswas@outlook.com,Hyderabad,2021-01-10,LIBRARY,2026-08-12T13:29:33.514031,customers.csv
129,Ruhi Biswas,ruhibiswas@rediffmail.com,Mumbai,2023-02-01,PREMIUM,2026-08-12T13:29:33.514031,customers.csv
112,Parth Biswas,parthbiswas@hotmail.com,Hyderabad,2019-10-07,BASIC,2026-08-12T13:29:33.514031,customers.csv
111,Nitin Nair,nitinnair@rediffmail.com,Indore,2024-01-13,PREMIUM,2026-08-12T13:29:33.514031,customers.csv
110,Dhruv Das,dhruvdas@yahoo.com,Hyderabad,2020-09-18,LIBRARY,2026-08-12T13:29:33.514031,customers.csv
109,Kamala Tripathi,kamalatripathi@hotmail.com,Aurangabad,2020-08-27,BASIC,2026-08-12T13:29:33.514031,customers.csv
91,Angel Bhatt,angelbhatt@ymail.com,Mumbai,2021-12-31,BASIC,2026-08-12T13:29:33.514031,customers.csv
92,Aanya Khanna,aanyakhanna@yahoo.co.in,Davangere,2022-12-08,BASIC,2026-08-12T13:29:33.514031,customers.csv
93,Aanya Das,aanyadas@outlook.com,Delhi,2019-05-06,BASIC,2026-08-12T13:29:33.514031,customers.csv
94,Prasad Anand,prasadanand@outlook.com,Kanpur,2022-10-28,BASIC,2026-08-12T13:29:33.514031,customers.csv
95,Gaurav Sethi,gauravsethi@hotmail.com,Sikar,2019-12-14,BASIC,2026-08-12T13:29:33.514031,customers.csv
96,Rudra Mishra,rudramishra@gmail.com,Thiruvananthapuram,2022-01-19,BASIC,2026-08-12T13:29:33.514031,customers.csv
97,Nadia Bhatt,nadiabhatt@rediffmail.com,Kanpur,2021-06-01,LIBRARY,2026-08-12T13:29:33.514031,customers.csv
98,Kamala Menon,kamalamenon@outlook.com,Bengaluru,2024-06-16,PREMIUM,2026-08-12T13:29:33.514031,customers.csv
131,Sushma Agarwal,sushmaagarwal@rediffmail.com,Belagavi,2021-03-05,BASIC,2026-08-12T13:29:33.514031,customers.csv
99,Laila Sethi,lailasethi@yahoo.com,Lucknow,2019-08-13,BASIC,2026-08-12T13:29:33.514031,customers.csv
101,Ritvik Sharma,ritviksharma@outlook.com,Hyderabad,2023-04-07,PREMIUM,2026-08-12T13:29:33.514031,customers.csv
102,Tushar Rajput,tusharrajput@ymail.com,Allahabad,2022-12-21,BASIC,2026-08-12T13:29:33.514031,customers.csv
103,Deepak Shah,deepakshah@gmail.com,Indore,2019-11-15,LIBRARY,2026-08-12T13:29:33.514031,customers.csv
104,Rahul Ghosh,rahulghosh@outlook.com,Nashik,2023-09-07,BASIC,2026-08-12T13:29:33.514031,customers.csv
105,Kabir Parikh,kabirparikh@hotmail.com,Hyderabad,2024-02-28,LIBRARY,2026-08-12T13:29:33.514031,customers.csv
106,Ruhi Bajpai,ruhibajpai@outlook.com,Noida,2021-09-23,BASIC,2026-08-12T13:29:33.514031,customers.csv
107,Kunal Parikh,kunalparikh@gmail.com,Lucknow,2022-06-24,PREMIUM,2026-08-12T13:29:33.514031,customers.csv
108,Vikram Thakur,vikramthakur@gmail.com,Delhi,2020-04-12,PREMIUM,2026-08-12T13:29:33.514031,customers.csv
100,Pari Bhatia,paribhatia@gmail.com,Kota,2022-03-31,BASIC,2026-08-12T13:29:33.514031,customers.csv
90,Jyoti Pillai,jyotipillai@ymail.com,Jaipur,2022-02-15,PREMIUM,2026-08-12T13:29:33.514031,customers.csv
132,Hira Ghosh,hiraghosh@rediffmail.com,Bikaner,2023-04-14,PREMIUM,2026-08-12T13:29:33.514031,customers.csv
134,Kavya Gupta,kavyagupta@rediffmail.com,Rohtak,2020-02-25,PREMIUM,2026-08-12T13:29:33.514031,customers.csv
157,Harish Mondal,harishmondal@ymail.com,Pune,2020-02-25,BASIC,2026-08-12T13:29:33.514031,customers.csv
158,Rohit Chopra,rohitchopra@rediffmail.com,Chandigarh,2023-10-12,BASIC,2026-08-12T13:29:33.514031,customers.csv
159,Ruhi Deshpande,ruhideshpande@rediffmail.com,Mumbai,2022-12-15,PREMIUM,2026-08-12T13:29:33.514031,customers.csv
160,Harish Kapoor,harishkapoor@gmail.com,Delhi,2023-07-22,BASIC,2026-08-12T13:29:33.514031,customers.csv
161,Kamala Mishra,kamalamishra@gmail.com,Noida,2023-11-30,BASIC,2026-08-12T13:29:33.514031,customers.csv
162,Aadhav Joshi,aadhavjoshi@hotmail.com,Ahmedabad,2019-05-13,PREMIUM,2026-08-12T13:29:33.514031,customers.csv
163,Rudra Patil,rudrapatil@hotmail.com,Nagpur,2019-11-11,PREMIUM,2026-08-12T13:29:33.514031,customers.csv
164,Pranav Anand,pranavanand@outlook.com,Pune,2022-02-15,BASIC,2026-08-12T13:29:33.514031,customers.csv
165,Kabir Kumar,kabirkumar@gmail.com,Patna,2023-05-05,PREMIUM,2026-08-12T13:29:33.514031,customers.csv
166,Ritvik Jain,ritvikjain@rediffmail.com,Chennai,2022-03-15,PREMIUM,2026-08-12T13:29:33.514031,customers.csv
167,Geeta Dubey,geetadubey@gmail.com,Faridabad,2024-01-26,BASIC,2026-08-12T13:29:33.514031,customers.csv
168,Pranit Deshpande,pranitdeshpande@hotmail.com,Thiruvananthapuram,2019-09-23,PREMIUM,2026-08-12T13:29:33.514031,customers.csv
169,Vandana Chopra,vandanachopra@gmail.com,Nashik,2020-12-14,LIBRARY,2026-08-12T13:29:33.514031,customers.csv
170,Nikhil Sundaram,nikhilsundaram@gmail.com,Raipur,2020-07-22,BASIC,2026-08-12T13:29:33.514031,customers.csv
171,Chetna Narayanan,chetnanarayanan@hotmail.com,Coimbatore,2023-02-20,BASIC,2026-08-12T13:29:33.514031,customers.csv
172,Dipali Choudhary,dipalichoudhary@gmail.com,Delhi,2023-06-19,PREMIUM,2026-08-12T13:29:33.514031,customers.csv
173,Omkar Venkatesh,omkarvenkatesh@outlook.com,Bikaner,2019-10-30,BASIC,2026-08-12T13:29:33.514031,customers.csv
156,Radha Awasthi,radhaawasthi@yahoo.co.in,Pali,2023-10-05,BASIC,2026-08-12T13:29:33.514031,customers.csv
155,Manish Deshpande,manishdeshpande@hotmail.com,Tirunelveli,2024-07-25,PREMIUM,2026-08-12T13:29:33.514031,customers.csv
154,Rajesh Gupta,rajeshgupta@hotmail.com,Kolkata,2023-02-16,BASIC,2026-08-12T13:29:33.514031,customers.csv
153,Vandana Krishnan,vandanakrishnan@gmail.com,Udaipur,2021-02-21,BASIC,2026-08-12T13:29:33.514031,customers.csv
135,Jyoti Balaji,jyotibalaji@yahoo.co.in,Delhi,2020-10-18,BASIC,2026-08-12T13:29:33.514031,customers.csv
136,Prakash Sundaram,prakashsundaram@outlook.com,Bengaluru,2021-06-28,LIBRARY,2026-08-12T13:29:33.514031,customers.csv
137,Prakash Dwivedi,prakashdwivedi@outlook.com,Delhi,2024-08-18,BASIC,2026-08-12T13:29:33.514031,customers.csv
138,Priya Vyas,priyavyas@hotmail.com,Chennai,2022-07-29,BASIC,2026-08-12T13:29:33.514031,customers.csv
139,Isha Srivastava,ishasrivastava@gmail.com,Mumbai,2024-04-19,PREMIUM,2026-08-12T13:29:33.514031,customers.csv
140,Himani Mukherjee,himanimukherjee@rediffmail.com,Indore,2019-01-22,BASIC,2026-08-12T13:29:33.514031,customers.csv
141,Aditya Mittal,adityamittal@gmail.com,Vadodara,2023-09-30,BASIC,2026-08-12T13:29:33.514031,customers.csv
142,Ajay Malhotra,ajaymalhotra@yahoo.co.in,Bengaluru,2021-09-03,BASIC,2026-08-12T13:29:33.514031,customers.csv
133,Rekha Trivedi,rekhatrivedi@yahoo.com,Pali,2020-07-20,LIBRARY,2026-08-12T13:29:33.514031,customers.csv
143,Aisha Biswas,aishabiswas@gmail.com,Bengaluru,2024-08-09,PREMIUM,2026-08-12T13:29:33.514031,customers.csv
145,Ramesh Sharma,rameshsharma@hotmail.com,Kolkata,2023-09-03,BASIC,2026-08-12T13:29:33.514031,customers.csv
146,Laila Reddy,lailareddy@hotmail.com,Delhi,2024-09-09,LIBRARY,2026-08-12T13:29:33.514031,customers.csv
147,Savita Choudhary,savitachoudhary@outlook.com,Rohtak,2019-06-28,PREMIUM,2026-08-12T13:29:33.514031,customers.csv
148,Karan Awasthi,karanawasthi@gmail.com,Ahmedabad,2019-10-04,BASIC,2026-08-12T13:29:33.514031,customers.csv
149,Priya Pillai,priyapillai@hotmail.com,Bengaluru,2022-12-14,PREMIUM,2026-08-12T13:29:33.514031,customers.csv
150,Vikram Pandey,vikrampandey@rediffmail.com,Raipur,2024-05-14,PREMIUM,2026-08-12T13:29:33.514031,customers.csv
151,Aanya Mukherjee,aanyamukherjee@rediffmail.com,Mumbai,2021-04-05,BASIC,2026-08-12T13:29:33.514031,customers.csv
152,Chetna Dubey,chetnadubey@hotmail.com,Guntur,2023-06-20,LIBRARY,2026-08-12T13:29:33.514031,customers.csv
144,Sushma Singh,sushmasingh@ymail.com,Kochi,2020-08-11,BASIC,2026-08-12T13:29:33.514031,customers.csv
89,Dhruv Ghosh,dhruvghosh@yahoo.com,Hyderabad,2024-05-29,BASIC,2026-08-12T13:29:33.514031,customers.csv
88,Rajesh Bhatt,rajeshbhatt@gmail.com,Erode,2022-07-03,BASIC,2026-08-12T13:29:33.514031,customers.csv
87,Aadhav Bhaduri,aadhavbhaduri@ymail.com,Coimbatore,2020-05-15,BASIC,2026-08-12T13:29:33.514031,customers.csv
25,Kamala Sharma,kamalasharma@ymail.com,Indore,2019-08-11,BASIC,2026-08-12T13:29:33.514031,customers.csv
26,Usha Bajpai,ushabajpai@rediffmail.com,Guwahati,2019-07-31,BASIC,2026-08-12T13:29:33.514031,customers.csv
27,Avni Choudhary,avnichoudhary@yahoo.co.in,Nagpur,2024-06-08,BASIC,2026-08-12T13:29:33.514031,customers.csv
28,Vihaan Mondal,vihaanmondal@gmail.com,Pune,2019-02-26,PREMIUM,2026-08-12T13:29:33.514031,customers.csv
29,Anil Rao,anilrao@gmail.com,Indore,2020-04-26,PREMIUM,2026-08-12T13:29:33.514031,customers.csv
30,Himani Bose,himanibose@yahoo.co.in,Patna,2022-01-24,BASIC,2026-08-12T13:29:33.514031,customers.csv
31,Himani Venkatesh,himanivenkatesh@yahoo.com,Indore,2020-08-15,BASIC,2026-08-12T13:29:33.514031,customers.csv
32,Aadhya Dey,aadhyadey@gmail.com,Ambala,2022-02-05,LIBRARY,2026-08-12T13:29:33.514031,customers.csv
33,Chetna Trivedi,chetnatrivedi@ymail.com,Kolkata,2019-01-11,BASIC,2026-08-12T13:29:33.514031,customers.csv
34,Omkar Bhatia,omkarbhatia@rediffmail.com,Ambala,2024-01-04,PREMIUM,2026-08-12T13:29:33.514031,customers.csv
35,Sunita Dwivedi,sunitadwivedi@ymail.com,Kota,2023-03-26,BASIC,2026-08-12T13:29:33.514031,customers.csv
36,Rohit Tripathi,rohittripathi@yahoo.com,Coimbatore,2021-08-14,LIBRARY,2026-08-12T13:29:33.514031,customers.csv
37,Ajay Modi,ajaymodi@hotmail.com,Jodhpur,2023-04-11,BASIC,2026-08-12T13:29:33.514031,customers.csv
38,Nadia Bose,nadiabose@gmail.com,Bengaluru,2022-09-21,LIBRARY,2026-08-12T13:29:33.514031,customers.csv
39,Advaith Deshpande,advaithdeshpande@ymail.com,Shivamogga,2019-03-04,PREMIUM,2026-08-12T13:29:33.514031,customers.csv
40,Siddharth Modi,siddharthmodi@gmail.com,Delhi,2021-12-21,BASIC,2026-08-12T13:29:33.514031,customers.csv
41,Neil Desai,neildesai@gmail.com,Faridabad,2023-04-06,BASIC,2026-08-12T13:29:33.514031,customers.csv
24,Atharva Sinha,atharvasinha@hotmail.com,Bengaluru,2023-07-14,LIBRARY,2026-08-12T13:29:33.514031,customers.csv
23,Ruhi Narayanan,ruhinarayanan@outlook.com,Varanasi,2019-05-31,BASIC,2026-08-12T13:29:33.514031,customers.csv
22,Anil Srivastava,anilsrivastava@gmail.com,Gurugram,2022-09-12,BASIC,2026-08-12T13:29:33.514031,customers.csv
21,Rohan Kulkarni,rohankulkarni@rediffmail.com,Erode,2024-04-09,BASIC,2026-08-12T13:29:33.514031,customers.csv
2,Himani Tripathi,himanitripathi@yahoo.com,Ahmedabad,2022-05-23,BASIC,2026-08-12T13:29:33.514031,customers.csv
3,Tushar Raman,tusharraman@yahoo.co.in,Mumbai,2019-08-12,PREMIUM,2026-08-12T13:29:33.514031,customers.csv
4,Pooja Banerjee,poojabanerjee@rediffmail.com,Bengaluru,2019-02-20,PREMIUM,2026-08-12T13:29:33.514031,customers.csv
5,Shreya Krishnan,shreyakrishnan@rediffmail.com,Ahmedabad,2019-07-30,BASIC,2026-08-12T13:29:33.514031,customers.csv
6,Sunita Menon,sunitamenon@outlook.com,Patna,2019-08-08,BASIC,2026-08-12T13:29:33.514031,customers.csv
7,Rudra Chakraborty,rudrachakraborty@gmail.com,Dhanbad,2020-04-30,PREMIUM,2026-08-12T13:29:33.514031,customers.csv
8,Nitin Trivedi,nitintrivedi@yahoo.com,Sikar,2023-04-08,BASIC,2026-08-12T13:29:33.514031,customers.csv
9,Girish Bhatia,girishbhatia@outlook.com,Pune,2019-09-04,PREMIUM,2026-08-12T13:29:33.514031,customers.csv
42,Zara Subramaniam,zarasubramaniam@gmail.com,Guwahati,2021-08-19,PREMIUM,2026-08-12T13:29:33.514031,customers.csv
10,Shubham Iyer,shubhamiyer@yahoo.com,Guwahati,2021-12-19,PREMIUM,2026-08-12T13:29:33.514031,customers.csv
13,Tushar Malhotra,tusharmalhotra@rediffmail.com,Delhi,2021-08-14,BASIC,2026-08-12T13:29:33.514031,customers.csv
14,Bhavna Roy,bhavnaroy@yahoo.com,Kanpur,2021-07-09,PREMIUM,2026-08-12T13:29:33.514031,customers.csv
15,Rudra Khanna,rudrakhanna@gmail.com,Delhi,2022-06-13,PREMIUM,2026-08-12T13:29:33.514031,customers.csv
16,Prasad Chakraborty,prasadchakraborty@rediffmail.com,Bengaluru,2022-05-30,PREMIUM,2026-08-12T13:29:33.514031,customers.csv
17,Manish Khanna,manishkhanna@ymail.com,Patna,2019-11-26,PREMIUM,2026-08-12T13:29:33.514031,customers.csv
18,Sai Kulkarni,saikulkarni@hotmail.com,Chandigarh,2019-04-16,BASIC,2026-08-12T13:29:33.514031,customers.csv
19,Nisha Ghosh,nishaghosh@gmail.com,Dhanbad,2022-01-08,PREMIUM,2026-08-12T13:29:33.514031,customers.csv
20,Sai Pandey,saipandey@ymail.com,Bhubaneswar,2022-02-13,BASIC,2026-08-12T13:29:33.514031,customers.csv
11,Shaurya Mishra,shauryamishra@gmail.com,Vadodara,2020-10-03,BASIC,2026-08-12T13:29:33.514031,customers.csv
43,Sana Malhotra,sanamalhotra@gmail.com,Nagpur,2020-02-08,LIBRARY,2026-08-12T13:29:33.514031,customers.csv
44,Aisha Iyer,aishaiyer@gmail.com,Visakhapatnam,2019-04-29,BASIC,2026-08-12T13:29:33.514031,customers.csv
45,Rohit Mehta,rohitmehta@hotmail.com,Jaipur,2020-08-19,BASIC,2026-08-12T13:29:33.514031,customers.csv
68,Girish Deshpande,girishdeshpande@hotmail.com,Bengaluru,2023-02-13,PREMIUM,2026-08-12T13:29:33.514031,customers.csv
69,Sara Upadhyay,saraupadhyay@outlook.com,Pune,2020-05-15,LIBRARY,2026-08-12T13:29:33.514031,customers.csv
71,Bhavna Srivastava,bhavnasrivastava@gmail.com,Alwar,2021-04-20,BASIC,2026-08-12T13:29:33.514031,customers.csv
72,Himani Choudhary,himanichoudhary@yahoo.com,Varanasi,2021-08-12,BASIC,2026-08-12T13:29:33.514031,customers.csv
73,Ajay Das,ajaydas@gmail.com,Pune,2020-08-15,BASIC,2026-08-12T13:29:33.514031,customers.csv
74,Vandana Mittal,vandanamittal@gmail.com,Thiruvananthapuram,2019-04-16,BASIC,2026-08-12T13:29:33.514031,customers.csv
75,Vivaan Upadhyay,vivaanupadhyay@hotmail.com,Mumbai,2021-12-22,BASIC,2026-08-12T13:29:33.514031,customers.csv
76,Aadhav Trivedi,aadhavtrivedi@gmail.com,Jodhpur,2024-05-04,BASIC,2026-08-12T13:29:33.514031,customers.csv
67,Geeta Sarkar,geetasarkar@yahoo.co.in,Mumbai,2023-02-26,BASIC,2026-08-12T13:29:33.514031,customers.csv
77,Ajay Bajpai,ajaybajpai@gmail.com,Indore,2021-06-26,PREMIUM,2026-08-12T13:29:33.514031,customers.csv
79,Sunita Parikh,sunitaparikh@gmail.com,Patna,2023-12-22,BASIC,2026-08-12T13:29:33.514031,customers.csv
80,Shaurya Saxena,shauryasaxena@gmail.com,Delhi,2022-01-31,PREMIUM,2026-08-12T13:29:33.514031,customers.csv
81,Aisha Sen,aishasen@hotmail.com,Jaipur,2022-04-22,BASIC,2026-08-12T13:29:33.514031,customers.csv
82,Savita Mondal,savitamondal@gmail.com,Bharatpur,2020-04-13,LIBRARY,2026-08-12T13:29:33.514031,customers.csv
83,Fatima Choudhary,fatimachoudhary@yahoo.com,Nagpur,2021-07-24,BASIC,2026-08-12T13:29:33.514031,customers.csv
84,Vikram Jadhav,vikramjadhav@outlook.com,Aurangabad,2022-07-04,BASIC,2026-08-12T13:29:33.514031,customers.csv
85,Rahul Mittal,rahulmittal@gmail.com,Visakhapatnam,2024-04-26,BASIC,2026-08-12T13:29:33.514031,customers.csv
86,Atharva Reddy,atharvareddy@outlook.com,Bengaluru,2023-03-07,LIBRARY,2026-08-12T13:29:33.514031,customers.csv
78,Sai Balaji,saibalaji@rediffmail.com,Bhubaneswar,2019-05-08,BASIC,2026-08-12T13:29:33.514031,customers.csv
174,Rahul Nair,rahulnair@rediffmail.com,Visakhapatnam,2022-11-12,BASIC,2026-08-12T13:29:33.514031,customers.csv
66,Laila Murthy,lailamurthy@gmail.com,Mangaluru,2020-02-10,LIBRARY,2026-08-12T13:29:33.514031,customers.csv
64,Anil Menon,anilmenon@gmail.com,Tiruchirappalli,2022-05-31,BASIC,2026-08-12T13:29:33.514031,customers.csv
46,Rekha Modi,rekhamodi@gmail.com,Hyderabad,2019-11-20,PREMIUM,2026-08-12T13:29:33.514031,customers.csv
47,Varun Biswas,varunbiswas@yahoo.com,Patna,2020-08-09,BASIC,2026-08-12T13:29:33.514031,customers.csv
48,Vinod Mittal,vinodmittal@yahoo.co.in,Thiruvananthapuram,2024-03-20,BASIC,2026-08-12T13:29:33.514031,customers.csv
49,Hira Murthy,hiramurthy@gmail.com,Nagpur,2022-11-16,PREMIUM,2026-08-12T13:29:33.514031,customers.csv
50,Tanvi Bhatt,tanvibhatt@yahoo.co.in,Indore,2022-05-22,BASIC,2026-08-12T13:29:33.514031,customers.csv
51,Karan Venkatesh,karanvenkatesh@yahoo.com,Jaipur,2023-01-10,PREMIUM,2026-08-12T13:29:33.514031,customers.csv
52,Pooja Chopra,poojachopra@outlook.com,Pune,2019-07-20,PREMIUM,2026-08-12T13:29:33.514031,customers.csv
53,Prasad Narayanan,prasadnarayanan@yahoo.com,Chandigarh,2022-12-14,BASIC,2026-08-12T13:29:33.514031,customers.csv
65,Kabir Iyer,kabiriyer@ymail.com,Bengaluru,2024-02-02,BASIC,2026-08-12T13:29:33.514031,customers.csv
54,Aisha Tripathi,aishatripathi@yahoo.co.in,Visakhapatnam,2020-07-14,PREMIUM,2026-08-12T13:29:33.514031,customers.csv
56,Aadhav Rao,aadhavrao@hotmail.com,Udaipur,2020-12-20,BASIC,2026-08-12T13:29:33.514031,customers.csv
57,Aadhav Murthy,aadhavmurthy@ymail.com,Patna,2022-01-21,LIBRARY,2026-08-12T13:29:33.514031,customers.csv
58,Diya Mittal,diyamittal@yahoo.co.in,Jodhpur,2022-10-19,LIBRARY,2026-08-12T13:29:33.514031,customers.csv
59,Kabir Mane,kabirmane@gmail.com,Ajmer,2021-07-13,LIBRARY,2026-08-12T13:29:33.514031,customers.csv
60,Hira Desai,hiradesai@hotmail.com,Delhi,2023-06-05,BASIC,2026-08-12T13:29:33.514031,customers.csv
61,Ishita Raman,ishitaraman@rediffmail.com,Jaipur,2021-12-09,PREMIUM,2026-08-12T13:29:33.514031,customers.csv
62,Varun Awasthi,varunawasthi@yahoo.com,Bhopal,2022-09-05,PREMIUM,2026-08-12T13:29:33.514031,customers.csv
63,Angel Joshi,angeljoshi@rediffmail.com,Shivamogga,2022-05-22,PREMIUM,2026-08-12T13:29:33.514031,customers.csv
55,Advaith Shah,advaithshah@rediffmail.com,Mumbai,2023-02-03,PREMIUM,2026-08-12T13:29:33.514031,customers.csv
348,Navya Narayanan,navyanarayanan@hotmail.com,Meerut,2022-10-15,PREMIUM,2026-08-12T13:29:33.514031,customers.csv
175,Himani Choudhary,himanichoudhary@gmail.com,Bikaner,2020-06-12,BASIC,2026-08-12T13:29:33.514031,customers.csv
177,Rohit Thakur,rohitthakur@ymail.com,Hubballi,2019-11-20,BASIC,2026-08-12T13:29:33.514031,customers.csv
287,Dev Sarkar,devsarkar@outlook.com,Erode,2022-08-29,BASIC,2026-08-12T13:29:33.514031,customers.csv
288,Aisha Khanna,aishakhanna@rediffmail.com,Kolkata,2023-03-18,BASIC,2026-08-12T13:29:33.514031,customers.csv
289,Aanya Sen,aanyasen@outlook.com,Delhi,2022-04-24,LIBRARY,2026-08-12T13:29:33.514031,customers.csv
290,Meera Nair,meeranair@yahoo.co.in,Hyderabad,2020-09-23,PREMIUM,2026-08-12T13:29:33.514031,customers.csv
291,Karan Sinha,karansinha@gmail.com,Bengaluru,2022-06-16,BASIC,2026-08-12T13:29:33.514031,customers.csv
292,Nikhil Khanna,nikhilkhanna@gmail.com,Delhi,2023-11-01,BASIC,2026-08-12T13:29:33.514031,customers.csv
293,Aakash Bhaduri,aakashbhaduri@outlook.com,Bengaluru,2020-01-03,BASIC,2026-08-12T13:29:33.514031,customers.csv
294,Aryan Rao,aryanrao@hotmail.com,Ambala,2019-02-20,BASIC,2026-08-12T13:29:33.514031,customers.csv
295,Anil Vyas,anilvyas@ymail.com,Shivamogga,2021-09-21,PREMIUM,2026-08-12T13:29:33.514031,customers.csv
296,Usha Tiwari,ushatiwari@outlook.com,Hyderabad,2022-01-06,BASIC,2026-08-12T13:29:33.514031,customers.csv
297,Avni Narayanan,avninarayanan@gmail.com,Hyderabad,2022-02-04,BASIC,2026-08-12T13:29:33.514031,customers.csv
298,Tanvi Venkatesh,tanvivenkatesh@hotmail.com,Kolkata,2021-10-07,PREMIUM,2026-08-12T13:29:33.514031,customers.csv
299,Zara Narayanan,zaranarayanan@yahoo.com,Indore,2020-07-08,BASIC,2026-08-12T13:29:33.514031,customers.csv
300,Aarav Desai,aaravdesai@outlook.com,Chittorgarh,2022-09-11,BASIC,2026-08-12T13:29:33.514031,customers.csv
301,Amit Kulkarni,amitkulkarni@gmail.com,Pune,2021-04-02,BASIC,2026-08-12T13:29:33.514031,customers.csv
302,Rahul Pandey,rahulpandey@hotmail.com,Pune,2024-07-04,PREMIUM,2026-08-12T13:29:33.514031,customers.csv
303,Bhavna Garg,bhavnagarg@outlook.com,Pune,2023-05-29,BASIC,2026-08-12T13:29:33.514031,customers.csv
286,Prasad Dwivedi,prasaddwivedi@gmail.com,Nagpur,2019-11-08,BASIC,2026-08-12T13:29:33.514031,customers.csv
285,Vandana Srivastava,vandanasrivastava@gmail.com,Bharatpur,2019-11-18,PREMIUM,2026-08-12T13:29:33.514031,customers.csv
284,Tanvi Mishra,tanvimishra@yahoo.com,Coimbatore,2023-05-13,PREMIUM,2026-08-12T13:29:33.514031,customers.csv
283,Jyoti Sinha,jyotisinha@yahoo.com,Kochi,2023-06-20,BASIC,2026-08-12T13:29:33.514031,customers.csv
265,Isha Sinha,ishasinha@hotmail.com,Pune,2019-07-07,PREMIUM,2026-08-12T13:29:33.514031,customers.csv
266,Angel Das,angeldas@yahoo.co.in,Coimbatore,2023-09-07,BASIC,2026-08-12T13:29:33.514031,customers.csv
267,Rudra Dubey,rudradubey@yahoo.com,Jaipur,2021-10-03,BASIC,2026-08-12T13:29:33.514031,customers.csv
268,Aryan Chaturvedi,aryanchaturvedi@rediffmail.com,Erode,2024-07-02,BASIC,2026-08-12T13:29:33.514031,customers.csv
269,Diya Upadhyay,diyaupadhyay@gmail.com,Aurangabad,2024-06-23,BASIC,2026-08-12T13:29:33.514031,customers.csv
270,Vandana Mehta,vandanamehta@gmail.com,Ghaziabad,2019-11-01,LIBRARY,2026-08-12T13:29:33.514031,customers.csv
271,Laila Gupta,lailagupta@gmail.com,Kanpur,2021-08-05,BASIC,2026-08-12T13:29:33.514031,customers.csv
272,Tushar Bose,tusharbose@yahoo.com,Patna,2023-03-09,BASIC,2026-08-12T13:29:33.514031,customers.csv
304,Kabir Chakraborty,kabirchakraborty@ymail.com,Hyderabad,2019-04-21,PREMIUM,2026-08-12T13:29:33.514031,customers.csv
273,Neil Sarkar,neilsarkar@rediffmail.com,Mumbai,2023-08-12,BASIC,2026-08-12T13:29:33.514031,customers.csv
275,Savita Kulkarni,savitakulkarni@gmail.com,Davangere,2020-09-01,BASIC,2026-08-12T13:29:33.514031,customers.csv
276,Aadhya Biswas,aadhyabiswas@yahoo.co.in,Varanasi,2021-12-30,LIBRARY,2026-08-12T13:29:33.514031,customers.csv
277,Deepak Reddy,deepakreddy@outlook.com,Indore,2021-09-23,PREMIUM,2026-08-12T13:29:33.514031,customers.csv
278,Angel Bhatia,angelbhatia@gmail.com,Bhubaneswar,2019-05-10,BASIC,2026-08-12T13:29:33.514031,customers.csv
279,Manish Dixit,manishdixit@ymail.com,Bhopal,2019-02-08,PREMIUM,2026-08-12T13:29:33.514031,customers.csv
280,Diya Reddy,diyareddy@outlook.com,Bhubaneswar,2022-09-18,PREMIUM,2026-08-12T13:29:33.514031,customers.csv
281,Komal Iyer,komaliyer@gmail.com,Kolkata,2024-05-01,BASIC,2026-08-12T13:29:33.514031,customers.csv
282,Sai Nair,sainair@yahoo.co.in,Belagavi,2019-05-15,BASIC,2026-08-12T13:29:33.514031,customers.csv
274,Aditya Anand,adityaanand@yahoo.co.in,Vadodara,2022-03-20,BASIC,2026-08-12T13:29:33.514031,customers.csv
264,Ishita Bajpai,ishitabajpai@rediffmail.com,Indore,2024-04-07,LIBRARY,2026-08-12T13:29:33.514031,customers.csv
305,Vinod Yadav,vinodyadav@yahoo.co.in,Allahabad,2019-10-11,LIBRARY,2026-08-12T13:29:33.514031,customers.csv
307,Kavya Bose,kavyabose@outlook.com,Bharatpur,2019-10-30,BASIC,2026-08-12T13:29:33.514031,customers.csv
330,Savita Narayanan,savitanarayanan@rediffmail.com,Kanpur,2023-12-24,BASIC,2026-08-12T13:29:33.514031,customers.csv
331,Diya Reddy,diyareddy@gmail.com,Pali,2021-06-22,BASIC,2026-08-12T13:29:33.514031,customers.csv
332,Arjun Kapoor,arjunkapoor@ymail.com,Pune,2024-02-17,PREMIUM,2026-08-12T13:29:33.514031,customers.csv
333,Prasad Narayanan,prasadnarayanan@ymail.com,Bengaluru,2020-04-12,BASIC,2026-08-12T13:29:33.514031,customers.csv
334,Ajay Murthy,ajaymurthy@ymail.com,Meerut,2019-06-20,LIBRARY,2026-08-12T13:29:33.514031,customers.csv
335,Omkar Deshpande,omkardeshpande@yahoo.com,Ranchi,2020-02-24,PREMIUM,2026-08-12T13:29:33.514031,customers.csv
336,Himani Garg,himanigarg@gmail.com,Indore,2022-11-28,LIBRARY,2026-08-12T13:29:33.514031,customers.csv
337,Falak Rao,falakrao@gmail.com,Sikar,2021-08-28,BASIC,2026-08-12T13:29:33.514031,customers.csv
338,Ekta Roy,ektaroy@hotmail.com,Gurugram,2023-10-20,BASIC,2026-08-12T13:29:33.514031,customers.csv
339,Harsh Mukherjee,harshmukherjee@yahoo.com,Chittorgarh,2022-12-07,PREMIUM,2026-08-12T13:29:33.514031,customers.csv
340,Riya Dey,riyadey@gmail.com,Ahmedabad,2022-04-13,BASIC,2026-08-12T13:29:33.514031,customers.csv
341,Yash Khanna,yashkhanna@gmail.com,Bengaluru,2023-08-13,BASIC,2026-08-12T13:29:33.514031,customers.csv
342,Riya Banerjee,riyabanerjee@gmail.com,Kolkata,2022-08-12,LIBRARY,2026-08-12T13:29:33.514031,customers.csv
343,Meera Desai,meeradesai@gmail.com,Kochi,2022-01-05,PREMIUM,2026-08-12T13:29:33.514031,customers.csv
344,Sundar Dixit,sundardixit@gmail.com,Guwahati,2020-01-17,BASIC,2026-08-12T13:29:33.514031,customers.csv
345,Kamala Kapoor,kamalakapoor@hotmail.com,Indore,2024-06-22,BASIC,2026-08-12T13:29:33.514031,customers.csv
346,Rohan Sharma,rohansharma@gmail.com,Aurangabad,2024-02-21,PREMIUM,2026-08-12T13:29:33.514031,customers.csv
329,Reyansh Upadhyay,reyanshupadhyay@rediffmail.com,Bengaluru,2023-04-22,PREMIUM,2026-08-12T13:29:33.514031,customers.csv
328,Diya Subramaniam,diyasubramaniam@gmail.com,Chennai,2024-01-22,PREMIUM,2026-08-12T13:29:33.514031,customers.csv
327,Pranav Ghosh,pranavghosh@outlook.com,Chennai,2020-12-10,PREMIUM,2026-08-12T13:29:33.514031,customers.csv
326,Kabir Shukla,kabirshukla@gmail.com,Surat,2023-09-10,PREMIUM,2026-08-12T13:29:33.514031,customers.csv
308,Mihir Venkatesh,mihirvenkatesh@outlook.com,Vadodara,2023-09-10,PREMIUM,2026-08-12T13:29:33.514031,customers.csv
309,Arjun Bajpai,arjunbajpai@ymail.com,Kochi,2019-12-15,BASIC,2026-08-12T13:29:33.514031,customers.csv
310,Sachin Garg,sachingarg@hotmail.com,Hyderabad,2019-07-01,PREMIUM,2026-08-12T13:29:33.514031,customers.csv
311,Sara Parikh,saraparikh@hotmail.com,Vellore,2023-10-30,BASIC,2026-08-12T13:29:33.514031,customers.csv
312,Vivaan Iyer,vivaaniyer@yahoo.com,Surat,2021-06-24,BASIC,2026-08-12T13:29:33.514031,customers.csv
313,Gaurav Desai,gauravdesai@ymail.com,Hyderabad,2019-04-11,BASIC,2026-08-12T13:29:33.514031,customers.csv
314,Dhruv Chopra,dhruvchopra@gmail.com,Bengaluru,2020-08-03,BASIC,2026-08-12T13:29:33.514031,customers.csv
315,Swara Chaturvedi,swarachaturvedi@yahoo.com,Surat,2022-11-27,BASIC,2026-08-12T13:29:33.514031,customers.csv
306,Jyoti Modi,jyotimodi@rediffmail.com,Hyderabad,2022-05-25,BASIC,2026-08-12T13:29:33.514031,customers.csv
316,Advaith Deshpande,advaithdeshpande@rediffmail.com,Ahmedabad,2022-05-14,BASIC,2026-08-12T13:29:33.514031,customers.csv
318,Meera Balaji,meerabalaji@ymail.com,Hyderabad,2023-10-13,BASIC,2026-08-12T13:29:33.514031,customers.csv
319,Nisha Parikh,nishaparikh@gmail.com,Chennai,2023-11-06,BASIC,2026-08-12T13:29:33.514031,customers.csv
320,Vihaan Sarkar,vihaansarkar@rediffmail.com,Kochi,2023-05-12,BASIC,2026-08-12T13:29:33.514031,customers.csv
321,Tushar Chauhan,tusharchauhan@yahoo.co.in,Udaipur,2019-09-14,PREMIUM,2026-08-12T13:29:33.514031,customers.csv
322,Dhruv Raman,dhruvraman@hotmail.com,Ahmedabad,2024-02-18,BASIC,2026-08-12T13:29:33.514031,customers.csv
323,Ishita Subramaniam,ishitasubramaniam@hotmail.com,Chandigarh,2023-05-27,PREMIUM,2026-08-12T13:29:33.514031,customers.csv
324,Kabir Dwivedi,kabirdwivedi@rediffmail.com,Guwahati,2022-05-03,PREMIUM,2026-08-12T13:29:33.514031,customers.csv
325,Kunal Reddy,kunalreddy@gmail.com,Pune,2021-09-04,BASIC,2026-08-12T13:29:33.514031,customers.csv
317,Ekta Menon,ektamenon@hotmail.com,Bhubaneswar,2020-11-04,PREMIUM,2026-08-12T13:29:33.514031,customers.csv
263,Rohit Malhotra,rohitmalhotra@rediffmail.com,Vadodara,2023-01-11,BASIC,2026-08-12T13:29:33.514031,customers.csv
262,Tejas Venkatesh,tejasvenkatesh@yahoo.com,Lucknow,2021-09-07,PREMIUM,2026-08-12T13:29:33.514031,customers.csv
261,Amit Bhatia,amitbhatia@yahoo.com,Guntur,2020-04-25,PREMIUM,2026-08-12T13:29:33.514031,customers.csv
200,Kamala Raman,kamalaraman@yahoo.co.in,Bhopal,2019-03-10,BASIC,2026-08-12T13:29:33.514031,customers.csv
201,Amit Menon,amitmenon@yahoo.co.in,Pali,2019-04-20,PREMIUM,2026-08-12T13:29:33.514031,customers.csv
202,Lakshmi Jain,lakshmijain@yahoo.com,Aurangabad,2024-05-21,BASIC,2026-08-12T13:29:33.514031,customers.csv
203,Rekha Biswas,rekhabiswas@gmail.com,Agra,2021-09-19,BASIC,2026-08-12T13:29:33.514031,customers.csv
204,Yash Menon,yashmenon@gmail.com,Nagpur,2023-09-12,BASIC,2026-08-12T13:29:33.514031,customers.csv
205,Anil Yadav,anilyadav@ymail.com,Sikar,2024-04-15,LIBRARY,2026-08-12T13:29:33.514031,customers.csv
206,Jyoti Mehta,jyotimehta@gmail.com,Surat,2022-08-24,PREMIUM,2026-08-12T13:29:33.514031,customers.csv
207,Sunita Anand,sunitaanand@hotmail.com,Salem,2024-02-26,PREMIUM,2026-08-12T13:29:33.514031,customers.csv
208,Vikram Murthy,vikrammurthy@yahoo.co.in,Chandigarh,2021-02-26,BASIC,2026-08-12T13:29:33.514031,customers.csv
209,Riya Bhaduri,riyabhaduri@yahoo.com,Madurai,2022-05-04,LIBRARY,2026-08-12T13:29:33.514031,customers.csv
210,Shreya Yadav,shreyayadav@rediffmail.com,Pune,2022-11-29,PREMIUM,2026-08-12T13:29:33.514031,customers.csv
211,Chetna Kapoor,chetnakapoor@gmail.com,Kochi,2023-04-05,BASIC,2026-08-12T13:29:33.514031,customers.csv
212,Falak Dwivedi,falakdwivedi@gmail.com,Pune,2022-03-24,PREMIUM,2026-08-12T13:29:33.514031,customers.csv
213,Shaurya Dwivedi,shauryadwivedi@yahoo.co.in,Udaipur,2021-05-26,BASIC,2026-08-12T13:29:33.514031,customers.csv
214,Garima Raman,garimaraman@ymail.com,Visakhapatnam,2020-07-16,BASIC,2026-08-12T13:29:33.514031,customers.csv
215,Harsh Roy,harshroy@yahoo.com,Delhi,2021-07-13,PREMIUM,2026-08-12T13:29:33.514031,customers.csv
216,Nisha Gupta,nishagupta@outlook.com,Ahmedabad,2024-04-18,BASIC,2026-08-12T13:29:33.514031,customers.csv
199,Deepak Sarkar,deepaksarkar@yahoo.co.in,Kochi,2024-09-08,LIBRARY,2026-08-12T13:29:33.514031,customers.csv
198,Dev Sundaram,devsundaram@hotmail.com,Vijayawada,2022-07-28,BASIC,2026-08-12T13:29:33.514031,customers.csv
197,Arjun Mukherjee,arjunmukherjee@hotmail.com,Chittorgarh,2024-02-15,BASIC,2026-08-12T13:29:33.514031,customers.csv
196,Siddharth Dubey,siddharthdubey@ymail.com,Lucknow,2019-06-14,BASIC,2026-08-12T13:29:33.514031,customers.csv
178,Kiara Choudhary,kiarachoudhary@gmail.com,Guwahati,2020-01-18,PREMIUM,2026-08-12T13:29:33.514031,customers.csv
179,Sara Tiwari,saratiwari@gmail.com,Hyderabad,2022-10-14,LIBRARY,2026-08-12T13:29:33.514031,customers.csv
180,Parth Shah,parthshah@gmail.com,Mumbai,2021-12-20,PREMIUM,2026-08-12T13:29:33.514031,customers.csv
181,Pari Ghosh,parighosh@gmail.com,Patna,2022-04-01,PREMIUM,2026-08-12T13:29:33.514031,customers.csv
182,Tanvi Venkatesh,tanvivenkatesh@outlook.com,Pune,2019-10-26,PREMIUM,2026-08-12T13:29:33.514031,customers.csv
183,Ayaan Mishra,ayaanmishra@outlook.com,Bhopal,2021-04-15,BASIC,2026-08-12T13:29:33.514031,customers.csv
184,Dev Das,devdas@hotmail.com,Aurangabad,2022-11-15,BASIC,2026-08-12T13:29:33.514031,customers.csv
185,Aadhav Awasthi,aadhavawasthi@ymail.com,Bengaluru,2021-09-17,BASIC,2026-08-12T13:29:33.514031,customers.csv
217,Sana Mukherjee,sanamukherjee@ymail.com,Tirunelveli,2020-10-08,BASIC,2026-08-12T13:29:33.514031,customers.csv
186,Ritvik Khanna,ritvikkhanna@yahoo.com,Hyderabad,2019-07-27,BASIC,2026-08-12T13:29:33.514031,customers.csv
188,Rohit Ghosh,rohitghosh@hotmail.com,Chennai,2020-10-14,BASIC,2026-08-12T13:29:33.514031,customers.csv
189,Kamala Mane,kamalamane@yahoo.co.in,Patna,2020-01-04,BASIC,2026-08-12T13:29:33.514031,customers.csv
190,Savita Jadhav,savitajadhav@yahoo.com,Kochi,2019-07-19,BASIC,2026-08-12T13:29:33.514031,customers.csv
191,Shreya Narayanan,shreyanarayanan@rediffmail.com,Pune,2019-02-03,LIBRARY,2026-08-12T13:29:33.514031,customers.csv
192,Dhruv Kulkarni,dhruvkulkarni@yahoo.co.in,Aurangabad,2023-07-10,BASIC,2026-08-12T13:29:33.514031,customers.csv
193,Sai Parikh,saiparikh@ymail.com,Chennai,2022-03-28,BASIC,2026-08-12T13:29:33.514031,customers.csv
194,Karan Rajan,karanrajan@ymail.com,Pune,2020-05-01,BASIC,2026-08-12T13:29:33.514031,customers.csv
195,Advaith Desai,advaithdesai@hotmail.com,Coimbatore,2023-02-06,LIBRARY,2026-08-12T13:29:33.514031,customers.csv
187,Karan Sarkar,karansarkar@yahoo.com,Vellore,2020-10-16,LIBRARY,2026-08-12T13:29:33.514031,customers.csv
218,Fatima Krishnan,fatimakrishnan@yahoo.com,Ajmer,2022-03-22,BASIC,2026-08-12T13:29:33.514031,customers.csv
219,Shreya Mehta,shreyamehta@gmail.com,Bhubaneswar,2021-08-09,PREMIUM,2026-08-12T13:29:33.514031,customers.csv
220,Shubham Patel,shubhampatel@outlook.com,Mysuru,2020-12-21,BASIC,2026-08-12T13:29:33.514031,customers.csv
243,Sara Trivedi,saratrivedi@outlook.com,Indore,2023-03-27,BASIC,2026-08-12T13:29:33.514031,customers.csv
244,Shaurya Murthy,shauryamurthy@hotmail.com,Bengaluru,2023-05-29,PREMIUM,2026-08-12T13:29:33.514031,customers.csv
245,Aadhav Thakur,aadhavthakur@gmail.com,Tirunelveli,2024-03-11,PREMIUM,2026-08-12T13:29:33.514031,customers.csv
246,Omkar Murthy,omkarmurthy@ymail.com,Jaipur,2021-07-29,BASIC,2026-08-12T13:29:33.514031,customers.csv
247,Santosh Dwivedi,santoshdwivedi@yahoo.co.in,Chennai,2020-04-07,BASIC,2026-08-12T13:29:33.514031,customers.csv
248,Ekta Trivedi,ektatrivedi@gmail.com,Kolkata,2019-10-03,BASIC,2026-08-12T13:29:33.514031,customers.csv
249,Mihir Patel,mihirpatel@gmail.com,Kolkata,2019-07-01,BASIC,2026-08-12T13:29:33.514031,customers.csv
250,Girish Rajput,girishrajput@yahoo.com,Ajmer,2019-08-20,BASIC,2026-08-12T13:29:33.514031,customers.csv
242,Lakshmi Patel,lakshmipatel@outlook.com,Hyderabad,2020-07-08,LIBRARY,2026-08-12T13:29:33.514031,customers.csv
251,Savita Chopra,savitachopra@hotmail.com,Kochi,2022-08-06,BASIC,2026-08-12T13:29:33.514031,customers.csv
253,Ayaan Bhaduri,ayaanbhaduri@gmail.com,Guwahati,2023-10-16,PREMIUM,2026-08-12T13:29:33.514031,customers.csv
254,Radha Gupta,radhagupta@outlook.com,Alwar,2022-07-29,PREMIUM,2026-08-12T13:29:33.514031,customers.csv
255,Sundar Modi,sundarmodi@yahoo.co.in,Jaipur,2024-04-23,BASIC,2026-08-12T13:29:33.514031,customers.csv
256,Jyoti Thakur,jyotithakur@gmail.com,Chittorgarh,2019-08-25,PREMIUM,2026-08-12T13:29:33.514031,customers.csv
257,Anil Trivedi,aniltrivedi@ymail.com,Bengaluru,2021-09-21,BASIC,2026-08-12T13:29:33.514031,customers.csv
258,Pari Srivastava,parisrivastava@gmail.com,Davangere,2023-02-28,BASIC,2026-08-12T13:29:33.514031,customers.csv
259,Sushma Tripathi,sushmatripathi@yahoo.co.in,Jaipur,2019-06-11,LIBRARY,2026-08-12T13:29:33.514031,customers.csv
260,Ishaan Tripathi,ishaantripathi@ymail.com,Chennai,2021-05-05,LIBRARY,2026-08-12T13:29:33.514031,customers.csv
252,Tanvi Das,tanvidas@ymail.com,Chennai,2022-05-15,BASIC,2026-08-12T13:29:33.514031,customers.csv
176,Savita Mehta,savitamehta@ymail.com,Hyderabad,2020-11-05,BASIC,2026-08-12T13:29:33.514031,customers.csv
241,Ramesh Dwivedi,rameshdwivedi@gmail.com,Vadodara,2019-09-04,BASIC,2026-08-12T13:29:33.514031,customers.csv
239,Parth Mehta,parthmehta@rediffmail.com,Thiruvananthapuram,2022-06-16,PREMIUM,2026-08-12T13:29:33.514031,customers.csv
221,Isha Desai,ishadesai@gmail.com,Guntur,2022-03-31,BASIC,2026-08-12T13:29:33.514031,customers.csv
222,Vivaan Bhatia,vivaanbhatia@gmail.com,Vijayawada,2022-10-04,BASIC,2026-08-12T13:29:33.514031,customers.csv
223,Santosh Murthy,santoshmurthy@rediffmail.com,Mangaluru,2020-07-03,LIBRARY,2026-08-12T13:29:33.514031,customers.csv
224,Savita Mane,savitamane@yahoo.com,Varanasi,2022-09-16,BASIC,2026-08-12T13:29:33.514031,customers.csv
225,Chinmay Jadhav,chinmayjadhav@yahoo.co.in,Nashik,2019-02-27,PREMIUM,2026-08-12T13:29:33.514031,customers.csv
226,Vikram Chopra,vikramchopra@yahoo.com,Hyderabad,2023-07-19,LIBRARY,2026-08-12T13:29:33.514031,customers.csv
227,Ramesh Sundaram,rameshsundaram@gmail.com,Lucknow,2020-01-26,BASIC,2026-08-12T13:29:33.514031,customers.csv
228,Pranav Venkatesh,pranavvenkatesh@yahoo.com,Mumbai,2023-04-21,BASIC,2026-08-12T13:29:33.514031,customers.csv
240,Aditya Desai,adityadesai@gmail.com,Jodhpur,2019-10-27,BASIC,2026-08-12T13:29:33.514031,customers.csv
229,Prakash Khanna,prakashkhanna@yahoo.co.in,Kochi,2019-02-16,BASIC,2026-08-12T13:29:33.514031,customers.csv
231,Swara Mishra,swaramishra@ymail.com,Davangere,2022-06-27,PREMIUM,2026-08-12T13:29:33.514031,customers.csv
232,Ritvik Chopra,ritvikchopra@yahoo.com,Chennai,2020-07-01,BASIC,2026-08-12T13:29:33.514031,customers.csv
233,Rudra Jadhav,rudrajadhav@hotmail.com,Kanpur,2024-04-12,LIBRARY,2026-08-12T13:29:33.514031,customers.csv
234,Sushma Chauhan,sushmachauhan@yahoo.com,Visakhapatnam,2019-12-02,PREMIUM,2026-08-12T13:29:33.514031,customers.csv
235,Prakash Anand,prakashanand@hotmail.com,Delhi,2020-04-04,BASIC,2026-08-12T13:29:33.514031,customers.csv
236,Himani Choudhary,himani.choudhary@yahoo.com,Coimbatore,2020-09-05,BASIC,2026-08-12T13:29:33.514031,customers.csv
237,Rohit Balaji,rohitbalaji@gmail.com,Visakhapatnam,2024-06-25,BASIC,2026-08-12T13:29:33.514031,customers.csv
238,Kamala Patil,kamalapatil@rediffmail.com,Bengaluru,2023-08-29,BASIC,2026-08-12T13:29:33.514031,customers.csv
230,Fatima Bajpai,fatimabajpai@yahoo.com,Delhi,2020-04-29,BASIC,2026-08-12T13:29:33.514031,customers.csv
2799,Nitin Rao,nitinrao@gmail.com,Kanpur,2019-06-24,PREMIUM,2026-08-12T13:29:33.514031,customers.csv
701,Sushma Pillai,sushmapillai@rediffmail.com,Kolkata,2022-11-23,LIBRARY,2026-08-12T13:29:33.514031,customers.csv
703,Sai Subramaniam,saisubramaniam@rediffmail.com,Coimbatore,2024-06-30,BASIC,2026-08-12T13:29:33.514031,customers.csv
1167,Hira Anand,hiraanand@ymail.com,Surat,2023-06-06,LIBRARY,2026-08-12T13:29:33.514031,customers.csv
1168,Ishita Sen,ishitasen@outlook.com,Dhanbad,2024-06-28,PREMIUM,2026-08-12T13:29:33.514031,customers.csv
1169,Sundar Mishra,sundarmishra@ymail.com,Bengaluru,2024-02-18,BASIC,2026-08-12T13:29:33.514031,customers.csv
1170,Tushar Sundaram,tusharsundaram@gmail.com,Visakhapatnam,2024-02-09,BASIC,2026-08-12T13:29:33.514031,customers.csv
1171,Arjun Mishra,arjunmishra@hotmail.com,Davangere,2020-05-01,PREMIUM,2026-08-12T13:29:33.514031,customers.csv
1172,Komal Modi,komalmodi@gmail.com,Jaipur,2022-04-01,BASIC,2026-08-12T13:29:33.514031,customers.csv
1173,Usha Bose,ushabose@hotmail.com,Pune,2023-03-14,BASIC,2026-08-12T13:29:33.514031,customers.csv
1174,Pooja Subramaniam,poojasubramaniam@gmail.com,Hyderabad,2023-09-24,BASIC,2026-08-12T13:29:33.514031,customers.csv
1175,Swara Malhotra,swaramalhotra@gmail.com,Agra,2024-06-25,BASIC,2026-08-12T13:29:33.514031,customers.csv
1176,Ritvik Choudhary,ritvikchoudhary@gmail.com,Rohtak,2023-09-07,BASIC,2026-08-12T13:29:33.514031,customers.csv
1177,Yash Sethi,yashsethi@rediffmail.com,Belagavi,2023-03-26,BASIC,2026-08-12T13:29:33.514031,customers.csv
1178,Himani Mondal,himanimondal@gmail.com,Patna,2024-03-02,LIBRARY,2026-08-12T13:29:33.514031,customers.csv
1179,Prakash Patil,prakashpatil@hotmail.com,Delhi,2023-08-05,BASIC,2026-08-12T13:29:33.514031,customers.csv
1180,Nisha Desai,nishadesai@ymail.com,Delhi,2023-12-20,PREMIUM,2026-08-12T13:29:33.514031,customers.csv
1181,Riya Rao,riyarao@gmail.com,Coimbatore,2022-06-19,PREMIUM,2026-08-12T13:29:33.514031,customers.csv
1182,Sara Chatterjee,sarachatterjee@ymail.com,Delhi,2019-08-05,PREMIUM,2026-08-12T13:29:33.514031,customers.csv
1183,Usha Tripathi,ushatripathi@rediffmail.com,Patna,2019-03-18,BASIC,2026-08-12T13:29:33.514031,customers.csv
1166,Ayaan Bhatt,ayaanbhatt@rediffmail.com,Chennai,2019-11-16,BASIC,2026-08-12T13:29:33.514031,customers.csv
1165,Advaith Das,advaithdas@outlook.com,Meerut,2019-12-02,BASIC,2026-08-12T13:29:33.514031,customers.csv
1164,Rohit Balaji,rohitbalaji@yahoo.com,Meerut,2023-01-19,BASIC,2026-08-12T13:29:33.514031,customers.csv
1163,Tanvi Malhotra,tanvimalhotra@gmail.com,Nashik,2021-10-11,BASIC,2026-08-12T13:29:33.514031,customers.csv
1145,Jyoti Dubey,jyotidubey@outlook.com,Bikaner,2019-01-27,BASIC,2026-08-12T13:29:33.514031,customers.csv
1146,Himani Krishnan,himanikrishnan@yahoo.co.in,Patna,2019-12-16,BASIC,2026-08-12T13:29:33.514031,customers.csv
1147,Gaurav Trivedi,gauravtrivedi@yahoo.com,Hyderabad,2023-09-24,LIBRARY,2026-08-12T13:29:33.514031,customers.csv
1148,Nisha Mukherjee,nishamukherjee@outlook.com,Davangere,2024-02-23,LIBRARY,2026-08-12T13:29:33.514031,customers.csv
1149,Usha Bajpai,usha.bajpai@rediffmail.com,Hyderabad,2019-02-10,PREMIUM,2026-08-12T13:29:33.514031,customers.csv
1150,Ekta Balaji,ektabalaji@gmail.com,Ahmedabad,2023-07-04,LIBRARY,2026-08-12T13:29:33.514031,customers.csv
1151,Diya Kulkarni,diyakulkarni@outlook.com,Ajmer,2020-09-10,PREMIUM,2026-08-12T13:29:33.514031,customers.csv
1152,Ayaan Balaji,ayaanbalaji@outlook.com,Lucknow,2022-05-31,PREMIUM,2026-08-12T13:29:33.514031,customers.csv
1184,Nadia Raman,nadiaraman@gmail.com,Pune,2021-04-22,BASIC,2026-08-12T13:29:33.514031,customers.csv
1153,Prasad Sinha,prasadsinha@gmail.com,Meerut,2020-08-24,PREMIUM,2026-08-12T13:29:33.514031,customers.csv
1155,Suresh Parikh,sureshparikh@yahoo.co.in,Delhi,2022-10-02,BASIC,2026-08-12T13:29:33.514031,customers.csv
1156,Omkar Banerjee,omkarbanerjee@ymail.com,Pune,2020-01-16,PREMIUM,2026-08-12T13:29:33.514031,customers.csv
1157,Aryan Sethi,aryansethi@hotmail.com,Ajmer,2020-10-17,BASIC,2026-08-12T13:29:33.514031,customers.csv
1158,Vihaan Murthy,vihaanmurthy@yahoo.co.in,Kolkata,2022-05-29,PREMIUM,2026-08-12T13:29:33.514031,customers.csv
1159,Ramesh Rajan,rameshrajan@gmail.com,Ghaziabad,2021-11-29,PREMIUM,2026-08-12T13:29:33.514031,customers.csv
1160,Savita Upadhyay,savitaupadhyay@gmail.com,Ajmer,2020-05-25,BASIC,2026-08-12T13:29:33.514031,customers.csv
1161,Tanvi Ghosh,tanvighosh@gmail.com,Indore,2021-08-25,LIBRARY,2026-08-12T13:29:33.514031,customers.csv
1162,Prasad Sen,prasadsen@ymail.com,Noida,2021-08-15,BASIC,2026-08-12T13:29:33.514031,customers.csv
1154,Manish Patil,manishpatil@yahoo.com,Mangaluru,2023-12-17,PREMIUM,2026-08-12T13:29:33.514031,customers.csv
1144,Chinmay Iyer,chinmayiyer@hotmail.com,Ahmedabad,2020-07-18,BASIC,2026-08-12T13:29:33.514031,customers.csv
1185,Himani Sen,himanisen@gmail.com,Chittorgarh,2022-08-05,BASIC,2026-08-12T13:29:33.514031,customers.csv
1187,Vihaan Anand,vihaananand@outlook.com,Kolkata,2020-04-14,BASIC,2026-08-12T13:29:33.514031,customers.csv
1210,Vinod Awasthi,vinodawasthi@rediffmail.com,Mumbai,2019-03-23,LIBRARY,2026-08-12T13:29:33.514031,customers.csv
1211,Riya Upadhyay,riyaupadhyay@gmail.com,Agra,2022-05-26,LIBRARY,2026-08-12T13:29:33.514031,customers.csv
1212,Pranit Thakur,pranitthakur@rediffmail.com,Erode,2019-05-31,BASIC,2026-08-12T13:29:33.514031,customers.csv
1213,Radha Mondal,radhamondal@gmail.com,Chennai,2023-06-11,BASIC,2026-08-12T13:29:33.514031,customers.csv
1214,Riya Chakraborty,riyachakraborty@rediffmail.com,Hyderabad,2021-03-04,PREMIUM,2026-08-12T13:29:33.514031,customers.csv
1215,Shubham Chakraborty,shubhamchakraborty@gmail.com,Delhi,2020-06-09,PREMIUM,2026-08-12T13:29:33.514031,customers.csv
1216,Krishna Banerjee,krishnabanerjee@yahoo.com,Mysuru,2022-01-28,BASIC,2026-08-12T13:29:33.514031,customers.csv
1217,Jyoti Singh,jyotisingh@ymail.com,Chandigarh,2024-02-03,BASIC,2026-08-12T13:29:33.514031,customers.csv
1218,Ramesh Gupta,rameshgupta@outlook.com,Noida,2023-07-25,BASIC,2026-08-12T13:29:33.514031,customers.csv
1219,Ritvik Balaji,ritvikbalaji@rediffmail.com,Ahmedabad,2019-06-28,PREMIUM,2026-08-12T13:29:33.514031,customers.csv
1220,Angel Gupta,angelgupta@outlook.com,Vadodara,2022-07-19,BASIC,2026-08-12T13:29:33.514031,customers.csv
1221,Deepak Tripathi,deepaktripathi@gmail.com,Mysuru,2019-04-14,PREMIUM,2026-08-12T13:29:33.514031,customers.csv
1222,Angel Bhatt,angelbhatt@yahoo.com,Chennai,2022-09-10,BASIC,2026-08-12T13:29:33.514031,customers.csv
1223,Krishna Iyer,krishnaiyer@rediffmail.com,Nagpur,2019-04-09,PREMIUM,2026-08-12T13:29:33.514031,customers.csv
1224,Dipali Srivastava,dipalisrivastava@yahoo.com,Bengaluru,2021-09-03,BASIC,2026-08-12T13:29:33.514031,customers.csv
1225,Himani Gupta,himanigupta@ymail.com,Bharatpur,2019-10-26,LIBRARY,2026-08-12T13:29:33.514031,customers.csv
1226,Mihir Biswas,mihirbiswas@gmail.com,Guwahati,2020-05-26,BASIC,2026-08-12T13:29:33.514031,customers.csv
1209,Mihir Upadhyay,mihirupadhyay@gmail.com,Ghaziabad,2019-02-04,BASIC,2026-08-12T13:29:33.514031,customers.csv
1208,Vihaan Deshpande,vihaandeshpande@gmail.com,Ahmedabad,2023-03-22,LIBRARY,2026-08-12T13:29:33.514031,customers.csv
1207,Aakash Subramaniam,aakashsubramaniam@outlook.com,Vadodara,2019-11-14,PREMIUM,2026-08-12T13:29:33.514031,customers.csv
1206,Aarav Mondal,aaravmondal@gmail.com,Belagavi,2020-12-11,BASIC,2026-08-12T13:29:33.514031,customers.csv
1188,Vandana Tiwari,vandanatiwari@gmail.com,Chennai,2020-01-03,BASIC,2026-08-12T13:29:33.514031,customers.csv
1189,Swara Modi,swaramodi@gmail.com,Delhi,2022-08-25,BASIC,2026-08-12T13:29:33.514031,customers.csv
1190,Vihaan Mehta,vihaanmehta@outlook.com,Bengaluru,2020-08-06,BASIC,2026-08-12T13:29:33.514031,customers.csv
1191,Rohit Jain,rohitjain@gmail.com,Delhi,2021-09-08,LIBRARY,2026-08-12T13:29:33.514031,customers.csv
1192,Mihir Roy,mihirroy@rediffmail.com,Patna,2024-08-28,BASIC,2026-08-12T13:29:33.514031,customers.csv
1193,Kabir Khanna,kabirkhanna@hotmail.com,Indore,2023-07-26,BASIC,2026-08-12T13:29:33.514031,customers.csv
1194,Sunita Kumar,sunitakumar@yahoo.com,Tumakuru,2019-03-18,BASIC,2026-08-12T13:29:33.514031,customers.csv
1195,Aryan Roy,aryanroy@gmail.com,Kolkata,2020-05-29,BASIC,2026-08-12T13:29:33.514031,customers.csv
1186,Kunal Shah,kunalshah@gmail.com,Ahmedabad,2021-01-09,BASIC,2026-08-12T13:29:33.514031,customers.csv
1196,Parth Modi,parthmodi@gmail.com,Noida,2024-08-11,BASIC,2026-08-12T13:29:33.514031,customers.csv
1198,Ramesh Bhaduri,rameshbhaduri@gmail.com,Mumbai,2024-03-18,LIBRARY,2026-08-12T13:29:33.514031,customers.csv
1199,Neil Chopra,neilchopra@gmail.com,Mumbai,2024-05-29,BASIC,2026-08-12T13:29:33.514031,customers.csv
1200,Mihir Mittal,mihirmittal@outlook.com,Dhanbad,2021-05-21,PREMIUM,2026-08-12T13:29:33.514031,customers.csv
1201,Isha Sundaram,ishasundaram@gmail.com,Hyderabad,2019-10-14,BASIC,2026-08-12T13:29:33.514031,customers.csv
1202,Atharva Desai,atharvadesai@gmail.com,Allahabad,2022-02-18,BASIC,2026-08-12T13:29:33.514031,customers.csv
1203,Pari Sarkar,parisarkar@hotmail.com,Mangaluru,2022-11-04,PREMIUM,2026-08-12T13:29:33.514031,customers.csv
1204,Ishita Patil,ishitapatil@yahoo.com,Thiruvananthapuram,2022-08-10,BASIC,2026-08-12T13:29:33.514031,customers.csv
1205,Pari Jadhav,parijadhav@hotmail.com,Mumbai,2020-07-01,PREMIUM,2026-08-12T13:29:33.514031,customers.csv
1197,Bhavna Das,bhavnadas@ymail.com,Raipur,2021-10-01,PREMIUM,2026-08-12T13:29:33.514031,customers.csv
1143,Pari Bajpai,paribajpai@yahoo.co.in,Nashik,2024-09-03,BASIC,2026-08-12T13:29:33.514031,customers.csv
1142,Aakash Shah,aakashshah@gmail.com,Hyderabad,2020-04-28,LIBRARY,2026-08-12T13:29:33.514031,customers.csv
1141,Reyansh Deshpande,reyanshdeshpande@gmail.com,Tirunelveli,2020-02-22,LIBRARY,2026-08-12T13:29:33.514031,customers.csv
1078,Sana Jadhav,sanajadhav@gmail.com,Bhopal,2022-08-17,PREMIUM,2026-08-12T13:29:33.514031,customers.csv
1079,Deepak Chauhan,deepakchauhan@outlook.com,Nashik,2021-11-15,BASIC,2026-08-12T13:29:33.514031,customers.csv
1080,Advaith Bhaduri,advaithbhaduri@gmail.com,Ahmedabad,2021-08-19,BASIC,2026-08-12T13:29:33.514031,customers.csv
1081,Rajesh Mondal,rajeshmondal@gmail.com,Mumbai,2024-08-28,PREMIUM,2026-08-12T13:29:33.514031,customers.csv
1082,Varun Bhatia,varunbhatia@hotmail.com,Bengaluru,2019-06-18,PREMIUM,2026-08-12T13:29:33.514031,customers.csv
1083,Saanvi Jain,saanvijain@ymail.com,Patna,2022-10-21,BASIC,2026-08-12T13:29:33.514031,customers.csv
1084,Aadhav Rao,aadhavrao@ymail.com,Nagpur,2021-12-02,BASIC,2026-08-12T13:29:33.514031,customers.csv
1085,Rahul Shah,rahulshah@rediffmail.com,Rohtak,2022-02-24,PREMIUM,2026-08-12T13:29:33.514031,customers.csv
1086,Nikhil Kulkarni,nikhilkulkarni@yahoo.co.in,Chandigarh,2021-12-16,PREMIUM,2026-08-12T13:29:33.514031,customers.csv
1087,Rahul Kulkarni,rahulkulkarni@hotmail.com,Aurangabad,2024-07-05,LIBRARY,2026-08-12T13:29:33.514031,customers.csv
1088,Rudra Bhaduri,rudrabhaduri@rediffmail.com,Delhi,2020-08-31,BASIC,2026-08-12T13:29:33.514031,customers.csv
1089,Nisha Shukla,nishashukla@rediffmail.com,Kolkata,2024-03-28,BASIC,2026-08-12T13:29:33.514031,customers.csv
1090,Kabir Narayanan,kabirnarayanan@rediffmail.com,Ahmedabad,2024-06-10,BASIC,2026-08-12T13:29:33.514031,customers.csv
1091,Radha Menon,radhamenon@gmail.com,Bengaluru,2020-01-19,BASIC,2026-08-12T13:29:33.514031,customers.csv
1092,Shreya Shukla,shreyashukla@ymail.com,Meerut,2021-05-19,PREMIUM,2026-08-12T13:29:33.514031,customers.csv
1093,Aarav Anand,aaravanand@gmail.com,Kanpur,2019-11-11,BASIC,2026-08-12T13:29:33.514031,customers.csv
1094,Sachin Narayanan,sachinnarayanan@gmail.com,Mangaluru,2019-04-17,BASIC,2026-08-12T13:29:33.514031,customers.csv
1077,Pooja Jain,poojajain@rediffmail.com,Shivamogga,2023-02-23,PREMIUM,2026-08-12T13:29:33.514031,customers.csv
1076,Hira Tripathi,hiratripathi@gmail.com,Kanpur,2020-08-20,BASIC,2026-08-12T13:29:33.514031,customers.csv
1075,Aadhav Kulkarni,aadhavkulkarni@yahoo.com,Dhanbad,2022-03-05,PREMIUM,2026-08-12T13:29:33.514031,customers.csv
1074,Angel Yadav,angelyadav@yahoo.co.in,Pune,2024-07-17,BASIC,2026-08-12T13:29:33.514031,customers.csv
1056,Sana Garg,sanagarg@gmail.com,Ahmedabad,2023-02-15,LIBRARY,2026-08-12T13:29:33.514031,customers.csv
1057,Swara Singh,swarasingh@gmail.com,Ghaziabad,2019-08-12,PREMIUM,2026-08-12T13:29:33.514031,customers.csv
1058,Bhavna Agarwal,bhavnaagarwal@ymail.com,Jaipur,2023-01-26,LIBRARY,2026-08-12T13:29:33.514031,customers.csv
1059,Sana Chatterjee,sanachatterjee@yahoo.com,Gurugram,2023-05-11,BASIC,2026-08-12T13:29:33.514031,customers.csv
1060,Deepak Mittal,deepakmittal@gmail.com,Guntur,2021-08-22,BASIC,2026-08-12T13:29:33.514031,customers.csv
1061,Pari Mishra,parimishra@hotmail.com,Mysuru,2023-07-23,LIBRARY,2026-08-12T13:29:33.514031,customers.csv
1062,Arjun Kapoor,arjunkapoor@rediffmail.com,Bhopal,2023-08-19,LIBRARY,2026-08-12T13:29:33.514031,customers.csv
1063,Amit Bhatt,amitbhatt@gmail.com,Visakhapatnam,2024-09-04,BASIC,2026-08-12T13:29:33.514031,customers.csv
1095,Sana Chatterjee,sanachatterjee@hotmail.com,Kochi,2020-03-10,LIBRARY,2026-08-12T13:29:33.514031,customers.csv
1064,Rajesh Trivedi,rajeshtrivedi@ymail.com,Aurangabad,2024-01-31,PREMIUM,2026-08-12T13:29:33.514031,customers.csv
1066,Manish Dubey,manishdubey@yahoo.co.in,Pune,2019-12-03,BASIC,2026-08-12T13:29:33.514031,customers.csv
1067,Ananya Garg,ananyagarg@gmail.com,Noida,2023-08-08,LIBRARY,2026-08-12T13:29:33.514031,customers.csv
1068,Rahul Patil,rahulpatil@gmail.com,Kolkata,2022-09-03,LIBRARY,2026-08-12T13:29:33.514031,customers.csv
1069,Shreya Dubey,shreyadubey@outlook.com,Jaipur,2023-05-31,BASIC,2026-08-12T13:29:33.514031,customers.csv
1070,Himani Ghosh,himanighosh@gmail.com,Tiruchirappalli,2021-07-25,BASIC,2026-08-12T13:29:33.514031,customers.csv
1071,Vinod Dubey,vinoddubey@gmail.com,Delhi,2023-10-23,PREMIUM,2026-08-12T13:29:33.514031,customers.csv
1072,Ishita Bose,ishitabose@hotmail.com,Hyderabad,2020-04-25,BASIC,2026-08-12T13:29:33.514031,customers.csv
1073,Pranit Anand,pranitanand@rediffmail.com,Meerut,2024-07-17,BASIC,2026-08-12T13:29:33.514031,customers.csv
1065,Vihaan Gupta,vihaangupta@gmail.com,Guwahati,2020-07-11,BASIC,2026-08-12T13:29:33.514031,customers.csv
1096,Rohit Bose,rohitbose@gmail.com,Indore,2024-05-19,BASIC,2026-08-12T13:29:33.514031,customers.csv
1098,Neil Patil,neilpatil@gmail.com,Chennai,2019-07-19,LIBRARY,2026-08-12T13:29:33.514031,customers.csv
1099,Sara Malhotra,saramalhotra@gmail.com,Jodhpur,2023-04-12,BASIC,2026-08-12T13:29:33.514031,customers.csv
1123,Tanvi Mane,tanvimane@rediffmail.com,Kanpur,2020-04-22,BASIC,2026-08-12T13:29:33.514031,customers.csv
1124,Rudra Deshpande,rudradeshpande@rediffmail.com,Mumbai,2024-01-16,PREMIUM,2026-08-12T13:29:33.514031,customers.csv
1125,Meera Dubey,meeradubey@outlook.com,Delhi,2019-02-02,BASIC,2026-08-12T13:29:33.514031,customers.csv
1126,Zara Kulkarni,zarakulkarni@rediffmail.com,Aurangabad,2022-04-06,BASIC,2026-08-12T13:29:33.514031,customers.csv
1127,Geeta Parikh,geetaparikh@ymail.com,Kochi,2024-06-21,BASIC,2026-08-12T13:29:33.514031,customers.csv
1128,Pranit Mehta,pranitmehta@gmail.com,Kanpur,2022-07-17,PREMIUM,2026-08-12T13:29:33.514031,customers.csv
1129,Krishna Khanna,krishnakhanna@outlook.com,Mangaluru,2020-04-23,BASIC,2026-08-12T13:29:33.514031,customers.csv
1130,Neil Dwivedi,neildwivedi@outlook.com,Mumbai,2022-03-25,PREMIUM,2026-08-12T13:29:33.514031,customers.csv
1122,Fatima Das,fatimadas@yahoo.com,Nagpur,2021-02-20,BASIC,2026-08-12T13:29:33.514031,customers.csv
1131,Aadhya Krishnan,aadhyakrishnan@rediffmail.com,Kolkata,2021-06-18,PREMIUM,2026-08-12T13:29:33.514031,customers.csv
1133,Pranit Vyas,pranitvyas@hotmail.com,Pali,2020-10-25,PREMIUM,2026-08-12T13:29:33.514031,customers.csv
1134,Pari Malhotra,parimalhotra@gmail.com,Thiruvananthapuram,2020-06-12,BASIC,2026-08-12T13:29:33.514031,customers.csv
1135,Kiara Mishra,kiaramishra@rediffmail.com,Bengaluru,2023-08-31,BASIC,2026-08-12T13:29:33.514031,customers.csv
1136,Tanvi Agarwal,tanviagarwal@ymail.com,Delhi,2019-03-16,BASIC,2026-08-12T13:29:33.514031,customers.csv
1137,Ishita Upadhyay,ishitaupadhyay@gmail.com,Hyderabad,2024-08-24,BASIC,2026-08-12T13:29:33.514031,customers.csv
1138,Ekta Joshi,ektajoshi@outlook.com,Bengaluru,2021-07-17,BASIC,2026-08-12T13:29:33.514031,customers.csv
1139,Aakash Thakur,aakashthakur@yahoo.co.in,Dhanbad,2022-12-26,LIBRARY,2026-08-12T13:29:33.514031,customers.csv
1140,Sai Bhaduri,saibhaduri@gmail.com,Faridabad,2020-03-02,PREMIUM,2026-08-12T13:29:33.514031,customers.csv
1132,Sana Chaturvedi,sanachaturvedi@rediffmail.com,Bengaluru,2022-04-16,PREMIUM,2026-08-12T13:29:33.514031,customers.csv
1227,Ayaan Patel,ayaanpatel@hotmail.com,Mangaluru,2019-09-24,LIBRARY,2026-08-12T13:29:33.514031,customers.csv
1121,Kabir Singh,kabirsingh@yahoo.com,Gurugram,2021-05-07,BASIC,2026-08-12T13:29:33.514031,customers.csv
1119,Nadia Mondal,nadiamondal@rediffmail.com,Pune,2023-01-17,PREMIUM,2026-08-12T13:29:33.514031,customers.csv
1100,Manish Mittal,manishmittal@yahoo.com,Vellore,2023-06-22,BASIC,2026-08-12T13:29:33.514031,customers.csv
1101,Aditya Yadav,adityayadav@outlook.com,Sikar,2022-03-13,PREMIUM,2026-08-12T13:29:33.514031,customers.csv
1102,Tejas Bose,tejasbose@yahoo.co.in,Patna,2023-11-06,PREMIUM,2026-08-12T13:29:33.514031,customers.csv
1103,Ekta Sethi,ektasethi@gmail.com,Ahmedabad,2020-01-29,LIBRARY,2026-08-12T13:29:33.514031,customers.csv
1104,Gaurav Sundaram,gauravsundaram@rediffmail.com,Nagpur,2023-05-09,BASIC,2026-08-12T13:29:33.514031,customers.csv
1105,Avni Chakraborty,avnichakraborty@outlook.com,Delhi,2023-09-27,LIBRARY,2026-08-12T13:29:33.514031,customers.csv
1106,Gaurav Sarkar,gauravsarkar@outlook.com,Guwahati,2020-01-16,BASIC,2026-08-12T13:29:33.514031,customers.csv
1107,Kamala Chaturvedi,kamalachaturvedi@yahoo.com,Bhubaneswar,2020-09-27,BASIC,2026-08-12T13:29:33.514031,customers.csv
1120,Hira Desai,hiradesai@gmail.com,Bengaluru,2019-02-26,BASIC,2026-08-12T13:29:33.514031,customers.csv
1108,Rekha Anand,rekhaanand@yahoo.co.in,Indore,2019-11-21,LIBRARY,2026-08-12T13:29:33.514031,customers.csv
1110,Meera Balaji,meerabalaji@yahoo.co.in,Coimbatore,2019-11-10,BASIC,2026-08-12T13:29:33.514031,customers.csv
1111,Kamala Pillai,kamalapillai@outlook.com,Kanpur,2024-03-18,PREMIUM,2026-08-12T13:29:33.514031,customers.csv
1112,Omkar Chakraborty,omkarchakraborty@hotmail.com,Kolkata,2019-12-01,LIBRARY,2026-08-12T13:29:33.514031,customers.csv
1113,Savita Singh,savitasingh@rediffmail.com,Hyderabad,2021-01-16,LIBRARY,2026-08-12T13:29:33.514031,customers.csv
1114,Deepak Shah,deepakshah@outlook.com,Rohtak,2022-05-04,BASIC,2026-08-12T13:29:33.514031,customers.csv
1115,Kunal Jadhav,kunaljadhav@rediffmail.com,Guwahati,2021-12-21,BASIC,2026-08-12T13:29:33.514031,customers.csv
1117,Hira Pillai,hirapillai@ymail.com,Mumbai,2023-06-06,BASIC,2026-08-12T13:29:33.514031,customers.csv
1118,Vivaan Tiwari,vivaantiwari@rediffmail.com,Indore,2023-07-18,LIBRARY,2026-08-12T13:29:33.514031,customers.csv
1109,Sunita Bhatia,sunitabhatia@gmail.com,Visakhapatnam,2022-05-15,LIBRARY,2026-08-12T13:29:33.514031,customers.csv
1055,Sushma Awasthi,sushmaawasthi@gmail.com,Pune,2023-10-02,BASIC,2026-08-12T13:29:33.514031,customers.csv
1228,Aadhav Mehta,aadhav.mehta@gmail.com,Pune,2023-11-04,BASIC,2026-08-12T13:29:33.514031,customers.csv
1230,Advaith Biswas,advaithbiswas@outlook.com,Kolkata,2019-02-13,BASIC,2026-08-12T13:29:33.514031,customers.csv
1342,Pranit Vyas,pranit.vyas@gmail.com,Surat,2021-02-12,BASIC,2026-08-12T13:29:33.514031,customers.csv
1343,Diya Bhatt,diyabhatt@yahoo.co.in,Patna,2023-04-17,PREMIUM,2026-08-12T13:29:33.514031,customers.csv
1344,Swara Modi,swara.modi@gmail.com,Bengaluru,2022-11-11,LIBRARY,2026-08-12T13:29:33.514031,customers.csv
1345,Siddharth Khanna,siddharthkhanna@yahoo.com,Vijayawada,2023-06-19,PREMIUM,2026-08-12T13:29:33.514031,customers.csv
1346,Swara Sharma,swarasharma@rediffmail.com,Mumbai,2019-10-14,LIBRARY,2026-08-12T13:29:33.514031,customers.csv
1347,Aliya Trivedi,aliyatrivedi@outlook.com,Bhubaneswar,2023-11-01,BASIC,2026-08-12T13:29:33.514031,customers.csv
1348,Saanvi Awasthi,saanviawasthi@gmail.com,Chennai,2021-01-15,PREMIUM,2026-08-12T13:29:33.514031,customers.csv
1349,Kabir Patil,kabirpatil@yahoo.com,Chennai,2019-08-30,PREMIUM,2026-08-12T13:29:33.514031,customers.csv
1350,Aanya Tripathi,aanyatripathi@outlook.com,Nagpur,2020-03-23,LIBRARY,2026-08-12T13:29:33.514031,customers.csv
1351,Aisha Tiwari,aishatiwari@yahoo.co.in,Delhi,2020-05-25,BASIC,2026-08-12T13:29:33.514031,customers.csv
1352,Krishna Chaturvedi,krishnachaturvedi@yahoo.com,Bhopal,2020-02-17,BASIC,2026-08-12T13:29:33.514031,customers.csv
1353,Ayaan Khanna,ayaankhanna@gmail.com,Thiruvananthapuram,2019-06-21,BASIC,2026-08-12T13:29:33.514031,customers.csv
1354,Navya Balaji,navyabalaji@outlook.com,Chandigarh,2021-12-24,BASIC,2026-08-12T13:29:33.514031,customers.csv
1355,Lakshmi Chaturvedi,lakshmichaturvedi@outlook.com,Ahmedabad,2022-11-06,BASIC,2026-08-12T13:29:33.514031,customers.csv
1356,Falak Agarwal,falakagarwal@outlook.com,Jaipur,2019-08-23,BASIC,2026-08-12T13:29:33.514031,customers.csv
1357,Amit Iyer,amitiyer@rediffmail.com,Rohtak,2023-07-04,PREMIUM,2026-08-12T13:29:33.514031,customers.csv
1358,Himani Mukherjee,himanimukherjee@gmail.com,Ambala,2022-02-18,PREMIUM,2026-08-12T13:29:33.514031,customers.csv
1341,Siddharth Mittal,siddharthmittal@gmail.com,Mumbai,2020-01-14,PREMIUM,2026-08-12T13:29:33.514031,customers.csv
1340,Nikhil Kumar,nikhilkumar@gmail.com,Kolkata,2024-02-09,PREMIUM,2026-08-12T13:29:33.514031,customers.csv
1339,Ayaan Vyas,ayaanvyas@yahoo.com,Kolkata,2019-05-22,LIBRARY,2026-08-12T13:29:33.514031,customers.csv
1338,Sachin Dwivedi,sachindwivedi@rediffmail.com,Guwahati,2023-02-17,PREMIUM,2026-08-12T13:29:33.514031,customers.csv
1320,Arjun Agarwal,arjunagarwal@rediffmail.com,Aurangabad,2022-09-08,BASIC,2026-08-12T13:29:33.514031,customers.csv
1321,Riya Sinha,riyasinha@gmail.com,Surat,2023-08-27,PREMIUM,2026-08-12T13:29:33.514031,customers.csv
1322,Falak Malhotra,falakmalhotra@gmail.com,Kolkata,2022-09-18,BASIC,2026-08-12T13:29:33.514031,customers.csv
1323,Meera Yadav,meerayadav@gmail.com,Shivamogga,2021-10-14,LIBRARY,2026-08-12T13:29:33.514031,customers.csv
1324,Sana Thakur,sanathakur@outlook.com,Surat,2021-01-21,BASIC,2026-08-12T13:29:33.514031,customers.csv
1325,Zara Sharma,zarasharma@rediffmail.com,Delhi,2021-02-27,BASIC,2026-08-12T13:29:33.514031,customers.csv
1326,Aisha Das,aishadas@gmail.com,Bengaluru,2021-04-17,BASIC,2026-08-12T13:29:33.514031,customers.csv
1327,Savita Reddy,savitareddy@rediffmail.com,Pune,2021-03-20,BASIC,2026-08-12T13:29:33.514031,customers.csv
1359,Tejas Garg,tejasgarg@rediffmail.com,Guwahati,2024-04-30,PREMIUM,2026-08-12T13:29:33.514031,customers.csv
1328,Ramesh Pandey,ramesh.pandey@yahoo.com,Pune,2024-01-11,PREMIUM,2026-08-12T13:29:33.514031,customers.csv
1330,Varun Tiwari,varuntiwari@rediffmail.com,Kanpur,2023-11-11,LIBRARY,2026-08-12T13:29:33.514031,customers.csv
1331,Rudra Venkatesh,rudravenkatesh@outlook.com,Nagpur,2019-12-07,PREMIUM,2026-08-12T13:29:33.514031,customers.csv
1332,Tanvi Dey,tanvi.dey@gmail.com,Coimbatore,2020-12-20,BASIC,2026-08-12T13:29:33.514031,customers.csv
1333,Varun Mane,varunmane@rediffmail.com,Pune,2024-05-23,BASIC,2026-08-12T13:29:33.514031,customers.csv
1334,Amit Mukherjee,amitmukherjee@rediffmail.com,Chennai,2021-02-15,BASIC,2026-08-12T13:29:33.514031,customers.csv
1335,Vivaan Rajan,vivaanrajan@hotmail.com,Patna,2023-08-31,BASIC,2026-08-12T13:29:33.514031,customers.csv
1336,Prasad Awasthi,prasadawasthi@rediffmail.com,Pune,2019-10-19,BASIC,2026-08-12T13:29:33.514031,customers.csv
1337,Arjun Chatterjee,arjunchatterjee@gmail.com,Chennai,2023-11-23,BASIC,2026-08-12T13:29:33.514031,customers.csv
1329,Kiara Khanna,kiarakhanna@gmail.com,Tiruchirappalli,2023-01-12,BASIC,2026-08-12T13:29:33.514031,customers.csv
1319,Gaurav Narayanan,gauravnarayanan@yahoo.com,Hyderabad,2021-04-17,PREMIUM,2026-08-12T13:29:33.514031,customers.csv
1360,Anil Tripathi,aniltripathi@hotmail.com,Mumbai,2023-01-15,LIBRARY,2026-08-12T13:29:33.514031,customers.csv
1362,Shubham Sarkar,shubhamsarkar@hotmail.com,Nagpur,2024-05-04,PREMIUM,2026-08-12T13:29:33.514031,customers.csv
1385,Aliya Tripathi,aliyatripathi@ymail.com,Lucknow,2020-06-20,BASIC,2026-08-12T13:29:33.514031,customers.csv
1386,Tejas Sen,tejassen@yahoo.co.in,Indore,2020-11-01,PREMIUM,2026-08-12T13:29:33.514031,customers.csv
1387,Pranav Deshpande,pranavdeshpande@rediffmail.com,Pune,2020-08-16,BASIC,2026-08-12T13:29:33.514031,customers.csv
1388,Navya Dubey,navyadubey@gmail.com,Ahmedabad,2020-02-22,PREMIUM,2026-08-12T13:29:33.514031,customers.csv
1389,Bhavna Das,bhavnadas@outlook.com,Visakhapatnam,2020-11-20,BASIC,2026-08-12T13:29:33.514031,customers.csv
1390,Advaith Upadhyay,advaithupadhyay@gmail.com,Madurai,2020-04-25,PREMIUM,2026-08-12T13:29:33.514031,customers.csv
1391,Fatima Chaturvedi,fatimachaturvedi@outlook.com,Erode,2023-07-13,BASIC,2026-08-12T13:29:33.514031,customers.csv
1392,Arjun Chatterjee,arjunchatterjee@outlook.com,Bhopal,2020-12-07,PREMIUM,2026-08-12T13:29:33.514031,customers.csv
1393,Prasad Dixit,prasaddixit@gmail.com,Sikar,2023-04-15,BASIC,2026-08-12T13:29:33.514031,customers.csv
1394,Zara Deshpande,zaradeshpande@gmail.com,Bengaluru,2019-12-05,BASIC,2026-08-12T13:29:33.514031,customers.csv
1395,Geeta Sundaram,geetasundaram@gmail.com,Kochi,2024-05-18,BASIC,2026-08-12T13:29:33.514031,customers.csv
1396,Ruhi Iyer,ruhiiyer@gmail.com,Jaipur,2023-11-12,BASIC,2026-08-12T13:29:33.514031,customers.csv
1397,Yash Banerjee,yashbanerjee@hotmail.com,Delhi,2021-01-27,BASIC,2026-08-12T13:29:33.514031,customers.csv
1398,Falak Singh,falaksingh@ymail.com,Agra,2024-06-24,BASIC,2026-08-12T13:29:33.514031,customers.csv
1399,Usha Sen,ushasen@gmail.com,Udaipur,2021-04-29,PREMIUM,2026-08-12T13:29:33.514031,customers.csv
1400,Ritvik Shukla,ritvikshukla@gmail.com,Mumbai,2024-01-06,LIBRARY,2026-08-12T13:29:33.514031,customers.csv
1401,Rahul Chatterjee,rahul.chatterjee@gmail.com,Kochi,2020-10-22,BASIC,2026-08-12T13:29:33.514031,customers.csv
1384,Lakshmi Dwivedi,lakshmidwivedi@outlook.com,Lucknow,2022-03-05,BASIC,2026-08-12T13:29:33.514031,customers.csv
1383,Nadia Mishra,nadiamishra@ymail.com,Lucknow,2023-09-27,PREMIUM,2026-08-12T13:29:33.514031,customers.csv
1382,Shubham Gupta,shubhamgupta@rediffmail.com,Aurangabad,2022-05-10,LIBRARY,2026-08-12T13:29:33.514031,customers.csv
1381,Ekta Srivastava,ektasrivastava@yahoo.com,Noida,2021-07-10,PREMIUM,2026-08-12T13:29:33.514031,customers.csv
1363,Komal Iyer,komaliyer@outlook.com,Pune,2021-03-10,PREMIUM,2026-08-12T13:29:33.514031,customers.csv
1364,Siddharth Balaji,siddharthbalaji@ymail.com,Mumbai,2024-08-01,LIBRARY,2026-08-12T13:29:33.514031,customers.csv
1365,Atharva Bhatia,atharvabhatia@ymail.com,Ranchi,2024-03-27,BASIC,2026-08-12T13:29:33.514031,customers.csv
1366,Prakash Menon,prakashmenon@ymail.com,Kolkata,2021-05-16,BASIC,2026-08-12T13:29:33.514031,customers.csv
1367,Tejas Rao,tejasrao@outlook.com,Dhanbad,2019-04-30,BASIC,2026-08-12T13:29:33.514031,customers.csv
1368,Rohit Vyas,rohitvyas@yahoo.co.in,Chennai,2021-11-21,PREMIUM,2026-08-12T13:29:33.514031,customers.csv
1369,Lakshmi Chatterjee,lakshmichatterjee@gmail.com,Davangere,2024-07-08,BASIC,2026-08-12T13:29:33.514031,customers.csv
1370,Chetna Srivastava,chetnasrivastava@gmail.com,Bhubaneswar,2023-03-25,PREMIUM,2026-08-12T13:29:33.514031,customers.csv
1361,Sai Saxena,saisaxena@rediffmail.com,Kolkata,2024-06-07,BASIC,2026-08-12T13:29:33.514031,customers.csv
1371,Prasad Dixit,prasaddixit@ymail.com,Erode,2023-11-25,LIBRARY,2026-08-12T13:29:33.514031,customers.csv
1373,Vikram Roy,vikramroy@gmail.com,Coimbatore,2020-06-05,LIBRARY,2026-08-12T13:29:33.514031,customers.csv
1374,Rahul Dixit,rahuldixit@gmail.com,Pune,2021-02-16,LIBRARY,2026-08-12T13:29:33.514031,customers.csv
1375,Karan Bhatt,karanbhatt@hotmail.com,Pali,2020-06-01,PREMIUM,2026-08-12T13:29:33.514031,customers.csv
1376,Nadia Mondal,nadiamondal@yahoo.com,Bengaluru,2019-02-07,PREMIUM,2026-08-12T13:29:33.514031,customers.csv
1377,Komal Jadhav,komaljadhav@gmail.com,Agra,2022-04-30,LIBRARY,2026-08-12T13:29:33.514031,customers.csv
1378,Angel Narayanan,angelnarayanan@rediffmail.com,Hyderabad,2022-03-06,BASIC,2026-08-12T13:29:33.514031,customers.csv
1379,Prasad Patel,prasadpatel@hotmail.com,Pune,2020-05-20,BASIC,2026-08-12T13:29:33.514031,customers.csv
1380,Jyoti Ghosh,jyotighosh@yahoo.com,Patna,2023-03-23,BASIC,2026-08-12T13:29:33.514031,customers.csv
1372,Nisha Thakur,nisha.thakur@gmail.com,Pune,2020-04-01,BASIC,2026-08-12T13:29:33.514031,customers.csv
1318,Priya Bhatt,priyabhatt@yahoo.com,Guwahati,2019-09-03,BASIC,2026-08-12T13:29:33.514031,customers.csv
1317,Kunal Verma,kunalverma@gmail.com,Guwahati,2020-05-23,BASIC,2026-08-12T13:29:33.514031,customers.csv
1316,Rohan Patil,rohanpatil@ymail.com,Bhubaneswar,2021-08-10,PREMIUM,2026-08-12T13:29:33.514031,customers.csv
1254,Sushma Chopra,sushmachopra@hotmail.com,Kolkata,2022-02-21,LIBRARY,2026-08-12T13:29:33.514031,customers.csv
1255,Aadhav Sundaram,aadhavsundaram@rediffmail.com,Chennai,2019-11-30,LIBRARY,2026-08-12T13:29:33.514031,customers.csv
1256,Lakshmi Sarkar,lakshmisarkar@gmail.com,Patna,2024-09-16,BASIC,2026-08-12T13:29:33.514031,customers.csv
1257,Radha Balaji,radhabalaji@gmail.com,Ahmedabad,2023-03-12,PREMIUM,2026-08-12T13:29:33.514031,customers.csv
1258,Ruhi Venkatesh,ruhivenkatesh@rediffmail.com,Bhopal,2023-07-01,PREMIUM,2026-08-12T13:29:33.514031,customers.csv
1259,Chetna Sen,chetnasen@gmail.com,Chennai,2021-04-11,BASIC,2026-08-12T13:29:33.514031,customers.csv
1260,Priya Desai,priyadesai@yahoo.co.in,Kanpur,2023-03-25,PREMIUM,2026-08-12T13:29:33.514031,customers.csv
1261,Ananya Awasthi,ananyaawasthi@ymail.com,Delhi,2019-12-11,BASIC,2026-08-12T13:29:33.514031,customers.csv
1262,Girish Balaji,girishbalaji@yahoo.com,Kochi,2024-03-20,PREMIUM,2026-08-12T13:29:33.514031,customers.csv
1263,Neil Chaturvedi,neilchaturvedi@rediffmail.com,Indore,2023-08-03,BASIC,2026-08-12T13:29:33.514031,customers.csv
1264,Dipali Narayanan,dipalinarayanan@yahoo.co.in,Jaipur,2021-01-05,BASIC,2026-08-12T13:29:33.514031,customers.csv
1265,Nisha Jain,nishajain@gmail.com,Ahmedabad,2019-12-04,BASIC,2026-08-12T13:29:33.514031,customers.csv
1266,Isha Rajan,isharajan@ymail.com,Bhubaneswar,2022-02-06,BASIC,2026-08-12T13:29:33.514031,customers.csv
1267,Advaith Chatterjee,advaithchatterjee@hotmail.com,Mumbai,2021-03-31,BASIC,2026-08-12T13:29:33.514031,customers.csv
1268,Kiara Srivastava,kiarasrivastava@yahoo.co.in,Jodhpur,2022-01-29,BASIC,2026-08-12T13:29:33.514031,customers.csv
1269,Tushar Mondal,tusharmondal@ymail.com,Tumakuru,2019-02-04,LIBRARY,2026-08-12T13:29:33.514031,customers.csv
1270,Tanvi Malhotra,tanvimalhotra@outlook.com,Tiruchirappalli,2019-02-18,BASIC,2026-08-12T13:29:33.514031,customers.csv
1253,Mihir Bhatt,mihirbhatt@yahoo.com,Davangere,2021-02-13,LIBRARY,2026-08-12T13:29:33.514031,customers.csv
1252,Siddharth Banerjee,siddharthbanerjee@yahoo.com,Vadodara,2023-03-13,BASIC,2026-08-12T13:29:33.514031,customers.csv
1251,Diya Anand,diyaanand@outlook.com,Mysuru,2019-09-25,BASIC,2026-08-12T13:29:33.514031,customers.csv
1250,Pari Sethi,parisethi@yahoo.com,Jaipur,2023-03-06,PREMIUM,2026-08-12T13:29:33.514031,customers.csv
1231,Karan Mane,karanmane@gmail.com,Ahmedabad,2019-04-17,BASIC,2026-08-12T13:29:33.514031,customers.csv
1232,Usha Srivastava,ushasrivastava@yahoo.com,Bengaluru,2019-02-20,PREMIUM,2026-08-12T13:29:33.514031,customers.csv
1233,Pranit Joshi,pranitjoshi@yahoo.com,Shivamogga,2020-05-31,PREMIUM,2026-08-12T13:29:33.514031,customers.csv
1234,Kamala Mittal,kamalamittal@outlook.com,Bhopal,2023-12-27,BASIC,2026-08-12T13:29:33.514031,customers.csv
1236,Fatima Upadhyay,fatimaupadhyay@ymail.com,Sikar,2020-08-26,BASIC,2026-08-12T13:29:33.514031,customers.csv
1237,Swara Mondal,swaramondal@yahoo.co.in,Jaipur,2019-02-03,PREMIUM,2026-08-12T13:29:33.514031,customers.csv
1238,Kunal Das,kunaldas@yahoo.com,Patna,2019-08-12,BASIC,2026-08-12T13:29:33.514031,customers.csv
1239,Suresh Dubey,sureshdubey@yahoo.com,Alwar,2022-10-30,BASIC,2026-08-12T13:29:33.514031,customers.csv
1271,Fatima Sundaram,fatimasundaram@gmail.com,Ambala,2021-07-21,BASIC,2026-08-12T13:29:33.514031,customers.csv
1240,Laila Krishnan,lailakrishnan@rediffmail.com,Chandigarh,2022-09-18,LIBRARY,2026-08-12T13:29:33.514031,customers.csv
1242,Santosh Shah,santoshshah@yahoo.com,Davangere,2021-07-02,PREMIUM,2026-08-12T13:29:33.514031,customers.csv
1243,Nisha Mane,nishamane@yahoo.com,Kolkata,2022-09-19,LIBRARY,2026-08-12T13:29:33.514031,customers.csv
1244,Shubham Dixit,shubhamdixit@outlook.com,Chennai,2019-01-28,BASIC,2026-08-12T13:29:33.514031,customers.csv
1245,Vivaan Nair,vivaan.nair@gmail.com,Coimbatore,2020-08-06,BASIC,2026-08-12T13:29:33.514031,customers.csv
1246,Girish Tripathi,girishtripathi@hotmail.com,Mumbai,2019-05-02,BASIC,2026-08-12T13:29:33.514031,customers.csv
1247,Kiara Malhotra,kiaramalhotra@yahoo.com,Mangaluru,2020-12-14,BASIC,2026-08-12T13:29:33.514031,customers.csv
1248,Jyoti Choudhary,jyotichoudhary@gmail.com,Chennai,2020-12-22,LIBRARY,2026-08-12T13:29:33.514031,customers.csv
1249,Ishita Iyer,ishitaiyer@gmail.com,Jaipur,2020-03-30,BASIC,2026-08-12T13:29:33.514031,customers.csv
1241,Rohan Chakraborty,rohanchakraborty@yahoo.co.in,Kanpur,2020-10-26,BASIC,2026-08-12T13:29:33.514031,customers.csv
1272,Omkar Yadav,omkaryadav@yahoo.com,Surat,2024-04-03,PREMIUM,2026-08-12T13:29:33.514031,customers.csv
1273,Falak Mane,falakmane@gmail.com,Pune,2021-02-08,BASIC,2026-08-12T13:29:33.514031,customers.csv
1274,Sachin Trivedi,sachintrivedi@rediffmail.com,Indore,2019-05-04,BASIC,2026-08-12T13:29:33.514031,customers.csv
1298,Tushar Mukherjee,tusharmukherjee@rediffmail.com,Bhopal,2019-10-07,BASIC,2026-08-12T13:29:33.514031,customers.csv
1299,Aryan Garg,aryangarg@rediffmail.com,Hyderabad,2022-02-17,LIBRARY,2026-08-12T13:29:33.514031,customers.csv
1300,Ananya Tiwari,ananyatiwari@gmail.com,Hyderabad,2020-05-23,PREMIUM,2026-08-12T13:29:33.514031,customers.csv
1301,Shubham Desai,shubhamdesai@gmail.com,Thiruvananthapuram,2019-02-15,PREMIUM,2026-08-12T13:29:33.514031,customers.csv
1302,Avni Bose,avnibose@hotmail.com,Hyderabad,2019-05-22,PREMIUM,2026-08-12T13:29:33.514031,customers.csv
1303,Sushma Chauhan,sushmachauhan@gmail.com,Ghaziabad,2020-02-26,BASIC,2026-08-12T13:29:33.514031,customers.csv
1304,Ruhi Sethi,ruhisethi@gmail.com,Chandigarh,2019-07-19,LIBRARY,2026-08-12T13:29:33.514031,customers.csv
1305,Varun Dubey,varundubey@hotmail.com,Shivamogga,2021-03-30,BASIC,2026-08-12T13:29:33.514031,customers.csv
1297,Vikram Parikh,vikramparikh@outlook.com,Mumbai,2021-10-23,BASIC,2026-08-12T13:29:33.514031,customers.csv
1306,Aditya Trivedi,adityatrivedi@gmail.com,Ahmedabad,2021-02-26,PREMIUM,2026-08-12T13:29:33.514031,customers.csv
1308,Diya Shah,diyashah@ymail.com,Bengaluru,2022-09-01,BASIC,2026-08-12T13:29:33.514031,customers.csv
1309,Aakash Tripathi,aakashtripathi@yahoo.com,Guntur,2023-06-07,BASIC,2026-08-12T13:29:33.514031,customers.csv
1310,Ritvik Rajput,ritvikrajput@gmail.com,Ahmedabad,2020-12-12,BASIC,2026-08-12T13:29:33.514031,customers.csv
1311,Manish Sinha,manishsinha@outlook.com,Chennai,2021-06-20,BASIC,2026-08-12T13:29:33.514031,customers.csv
1312,Nadia Kapoor,nadiakapoor@hotmail.com,Mumbai,2021-06-14,BASIC,2026-08-12T13:29:33.514031,customers.csv
1313,Tanvi Dey,tanvidey@gmail.com,Nashik,2020-12-03,BASIC,2026-08-12T13:29:33.514031,customers.csv
1314,Advaith Dey,advaithdey@outlook.com,Visakhapatnam,2020-06-28,BASIC,2026-08-12T13:29:33.514031,customers.csv
1315,Saanvi Sinha,saanvisinha@rediffmail.com,Delhi,2019-03-14,PREMIUM,2026-08-12T13:29:33.514031,customers.csv
1307,Laila Joshi,laila.joshi@gmail.com,Pali,2020-11-18,PREMIUM,2026-08-12T13:29:33.514031,customers.csv
1229,Dhruv Mehta,dhruvmehta@gmail.com,Pune,2023-04-12,BASIC,2026-08-12T13:29:33.514031,customers.csv
1296,Sai Mane,saimane@gmail.com,Bhubaneswar,2024-03-06,BASIC,2026-08-12T13:29:33.514031,customers.csv
1294,Anil Choudhary,anilchoudhary@hotmail.com,Delhi,2020-03-06,PREMIUM,2026-08-12T13:29:33.514031,customers.csv
1275,Pranav Ghosh,pranavghosh@yahoo.co.in,Madurai,2019-02-09,BASIC,2026-08-12T13:29:33.514031,customers.csv
1276,Ekta Upadhyay,ektaupadhyay@yahoo.com,Kanpur,2023-07-11,LIBRARY,2026-08-12T13:29:33.514031,customers.csv
1277,Ajay Raman,ajayraman@hotmail.com,Kochi,2019-05-12,BASIC,2026-08-12T13:29:33.514031,customers.csv
1278,Rudra Srivastava,rudrasrivastava@outlook.com,Raipur,2021-04-16,BASIC,2026-08-12T13:29:33.514031,customers.csv
1279,Krishna Raman,krishnaraman@yahoo.com,Bhopal,2022-09-08,PREMIUM,2026-08-12T13:29:33.514031,customers.csv
1280,Prakash Bhatia,prakashbhatia@gmail.com,Bengaluru,2020-12-28,BASIC,2026-08-12T13:29:33.514031,customers.csv
1281,Garima Mondal,garimamondal@gmail.com,Chennai,2019-10-12,BASIC,2026-08-12T13:29:33.514031,customers.csv
1282,Shreya Yadav,shreyayadav@yahoo.co.in,Thiruvananthapuram,2019-10-14,BASIC,2026-08-12T13:29:33.514031,customers.csv
1295,Sachin Saxena,sachinsaxena@rediffmail.com,Hyderabad,2021-04-29,PREMIUM,2026-08-12T13:29:33.514031,customers.csv
1283,Ayaan Awasthi,ayaanawasthi@gmail.com,Hyderabad,2023-08-10,BASIC,2026-08-12T13:29:33.514031,customers.csv
1285,Pari Banerjee,paribanerjee@yahoo.co.in,Nagpur,2024-04-28,BASIC,2026-08-12T13:29:33.514031,customers.csv
1287,Kiara Sharma,kiarasharma@rediffmail.com,Delhi,2023-06-24,PREMIUM,2026-08-12T13:29:33.514031,customers.csv
1288,Ekta Garg,ektagarg@hotmail.com,Shivamogga,2024-07-03,BASIC,2026-08-12T13:29:33.514031,customers.csv
1289,Vinod Ghosh,vinodghosh@gmail.com,Pune,2024-02-13,BASIC,2026-08-12T13:29:33.514031,customers.csv
1290,Aliya Bhatia,aliyabhatia@gmail.com,Kanpur,2021-01-05,PREMIUM,2026-08-12T13:29:33.514031,customers.csv
1291,Chinmay Kulkarni,chinmaykulkarni@outlook.com,Shivamogga,2021-01-21,PREMIUM,2026-08-12T13:29:33.514031,customers.csv
1292,Parth Iyer,parthiyer@gmail.com,Kolkata,2020-10-08,BASIC,2026-08-12T13:29:33.514031,customers.csv
1293,Zara Raman,zararaman@gmail.com,Visakhapatnam,2021-06-08,BASIC,2026-08-12T13:29:33.514031,customers.csv
1284,Ananya Menon,ananyamenon@ymail.com,Kanpur,2019-10-09,BASIC,2026-08-12T13:29:33.514031,customers.csv
702,Girish Tripathi,girishtripathi@outlook.com,Ahmedabad,2020-07-05,BASIC,2026-08-12T13:29:33.514031,customers.csv
1054,Riya Deshpande,riyadeshpande@yahoo.co.in,Gurugram,2019-08-18,BASIC,2026-08-12T13:29:33.514031,customers.csv
1052,Mihir Chatterjee,mihirchatterjee@hotmail.com,Ahmedabad,2023-05-17,LIBRARY,2026-08-12T13:29:33.514031,customers.csv
817,Usha Sethi,ushasethi@yahoo.co.in,Bhubaneswar,2021-05-09,BASIC,2026-08-12T13:29:33.514031,customers.csv
818,Kiara Tripathi,kiaratripathi@yahoo.co.in,Vadodara,2023-12-12,PREMIUM,2026-08-12T13:29:33.514031,customers.csv
819,Ritvik Khanna,ritvikkhanna@gmail.com,Pune,2019-03-04,PREMIUM,2026-08-12T13:29:33.514031,customers.csv
820,Aakash Sundaram,aakashsundaram@yahoo.com,Vadodara,2022-07-28,BASIC,2026-08-12T13:29:33.514031,customers.csv
821,Siddharth Malhotra,siddharthmalhotra@yahoo.com,Hyderabad,2022-06-29,PREMIUM,2026-08-12T13:29:33.514031,customers.csv
822,Vikram Murthy,vikrammurthy@gmail.com,Bengaluru,2024-04-12,PREMIUM,2026-08-12T13:29:33.514031,customers.csv
823,Reyansh Pillai,reyanshpillai@gmail.com,Delhi,2023-05-25,BASIC,2026-08-12T13:29:33.514031,customers.csv
824,Tushar Dey,tushardey@rediffmail.com,Guwahati,2022-07-03,BASIC,2026-08-12T13:29:33.514031,customers.csv
825,Falak Dubey,falakdubey@ymail.com,Delhi,2024-03-22,PREMIUM,2026-08-12T13:29:33.514031,customers.csv
826,Aadhav Rao,aadhavrao@rediffmail.com,Bengaluru,2022-06-25,PREMIUM,2026-08-12T13:29:33.514031,customers.csv
827,Sara Mane,saramane@yahoo.com,Tiruchirappalli,2020-08-11,LIBRARY,2026-08-12T13:29:33.514031,customers.csv
828,Harsh Jain,harshjain@outlook.com,Chennai,2022-09-15,LIBRARY,2026-08-12T13:29:33.514031,customers.csv
829,Rohit Jadhav,rohitjadhav@gmail.com,Delhi,2020-04-07,BASIC,2026-08-12T13:29:33.514031,customers.csv
830,Sunita Mane,sunitamane@yahoo.co.in,Bikaner,2020-06-05,PREMIUM,2026-08-12T13:29:33.514031,customers.csv
831,Dhruv Parikh,dhruvparikh@gmail.com,Ahmedabad,2019-10-18,LIBRARY,2026-08-12T13:29:33.514031,customers.csv
832,Tanvi Raman,tanviraman@outlook.com,Kochi,2021-09-04,PREMIUM,2026-08-12T13:29:33.514031,customers.csv
833,Meera Choudhary,meerachoudhary@rediffmail.com,Jaipur,2022-10-27,BASIC,2026-08-12T13:29:33.514031,customers.csv
816,Swara Shah,swarashah@gmail.com,Ahmedabad,2019-07-08,BASIC,2026-08-12T13:29:33.514031,customers.csv
815,Usha Banerjee,ushabanerjee@gmail.com,Indore,2020-04-19,BASIC,2026-08-12T13:29:33.514031,customers.csv
814,Rekha Sethi,rekhasethi@gmail.com,Bikaner,2020-02-07,LIBRARY,2026-08-12T13:29:33.514031,customers.csv
813,Sunita Rajan,sunitarajan@yahoo.com,Ahmedabad,2024-06-03,PREMIUM,2026-08-12T13:29:33.514031,customers.csv
795,Omkar Mondal,omkarmondal@yahoo.co.in,Kanpur,2022-07-20,BASIC,2026-08-12T13:29:33.514031,customers.csv
796,Rekha Ghosh,rekhaghosh@hotmail.com,Vijayawada,2024-07-26,PREMIUM,2026-08-12T13:29:33.514031,customers.csv
797,Chinmay Narayanan,chinmaynarayanan@gmail.com,Mysuru,2021-08-11,PREMIUM,2026-08-12T13:29:33.514031,customers.csv
798,Pooja Tripathi,poojatripathi@gmail.com,Mumbai,2020-04-28,PREMIUM,2026-08-12T13:29:33.514031,customers.csv
799,Jyoti Yadav,jyotiyadav@outlook.com,Kanpur,2022-09-29,BASIC,2026-08-12T13:29:33.514031,customers.csv
800,Aakash Chauhan,aakashchauhan@yahoo.com,Visakhapatnam,2021-11-08,LIBRARY,2026-08-12T13:29:33.514031,customers.csv
801,Krishna Sethi,krishnasethi@ymail.com,Vadodara,2019-01-26,BASIC,2026-08-12T13:29:33.514031,customers.csv
802,Sana Srivastava,sanasrivastava@outlook.com,Aurangabad,2019-04-30,LIBRARY,2026-08-12T13:29:33.514031,customers.csv
834,Falak Roy,falakroy@outlook.com,Coimbatore,2022-11-02,PREMIUM,2026-08-12T13:29:33.514031,customers.csv
803,Saanvi Tripathi,saanvitripathi@hotmail.com,Davangere,2024-05-16,BASIC,2026-08-12T13:29:33.514031,customers.csv
805,Sushma Srivastava,sushmasrivastava@outlook.com,Vijayawada,2019-08-18,LIBRARY,2026-08-12T13:29:33.514031,customers.csv
806,Usha Bhatia,ushabhatia@hotmail.com,Coimbatore,2019-03-18,BASIC,2026-08-12T13:29:33.514031,customers.csv
807,Yash Srivastava,yashsrivastava@gmail.com,Erode,2022-02-22,LIBRARY,2026-08-12T13:29:33.514031,customers.csv
808,Vihaan Chaturvedi,vihaanchaturvedi@ymail.com,Ghaziabad,2023-05-15,BASIC,2026-08-12T13:29:33.514031,customers.csv
809,Mihir Menon,mihirmenon@yahoo.co.in,Nashik,2022-07-12,PREMIUM,2026-08-12T13:29:33.514031,customers.csv
810,Arjun Khanna,arjunkhanna@gmail.com,Patna,2021-08-31,BASIC,2026-08-12T13:29:33.514031,customers.csv
811,Prakash Bhatia,prakashbhatia@ymail.com,Pune,2020-04-04,BASIC,2026-08-12T13:29:33.514031,customers.csv
812,Bhavna Patel,bhavnapatel@gmail.com,Nagpur,2019-04-13,LIBRARY,2026-08-12T13:29:33.514031,customers.csv
804,Dipali Patel,dipalipatel@gmail.com,Bhopal,2024-03-01,LIBRARY,2026-08-12T13:29:33.514031,customers.csv
794,Pari Yadav,pariyadav@gmail.com,Bengaluru,2019-12-26,BASIC,2026-08-12T13:29:33.514031,customers.csv
835,Ruhi Agarwal,ruhiagarwal@gmail.com,Aurangabad,2024-06-16,BASIC,2026-08-12T13:29:33.514031,customers.csv
837,Swara Parikh,swaraparikh@gmail.com,Visakhapatnam,2023-04-02,BASIC,2026-08-12T13:29:33.514031,customers.csv
860,Zara Krishnan,zarakrishnan@gmail.com,Coimbatore,2022-04-10,LIBRARY,2026-08-12T13:29:33.514031,customers.csv
861,Shubham Biswas,shubhambiswas@yahoo.co.in,Bhopal,2020-06-03,PREMIUM,2026-08-12T13:29:33.514031,customers.csv
862,Ishaan Kapoor,ishaankapoor@gmail.com,Guwahati,2022-02-01,LIBRARY,2026-08-12T13:29:33.514031,customers.csv
863,Kavya Verma,kavyaverma@gmail.com,Chandigarh,2020-09-11,PREMIUM,2026-08-12T13:29:33.514031,customers.csv
864,Prakash Awasthi,prakashawasthi@yahoo.co.in,Alwar,2021-08-25,BASIC,2026-08-12T13:29:33.514031,customers.csv
865,Aanya Anand,aanyaanand@hotmail.com,Raipur,2020-08-17,PREMIUM,2026-08-12T13:29:33.514031,customers.csv
866,Garima Bose,garimabose@outlook.com,Bikaner,2021-09-01,PREMIUM,2026-08-12T13:29:33.514031,customers.csv
867,Girish Tiwari,girishtiwari@hotmail.com,Delhi,2021-12-18,LIBRARY,2026-08-12T13:29:33.514031,customers.csv
868,Falak Menon,falakmenon@gmail.com,Indore,2024-05-04,BASIC,2026-08-12T13:29:33.514031,customers.csv
869,Lakshmi Raman,lakshmiraman@outlook.com,Visakhapatnam,2023-05-17,BASIC,2026-08-12T13:29:33.514031,customers.csv
870,Ishita Das,ishitadas@outlook.com,Mumbai,2024-01-13,BASIC,2026-08-12T13:29:33.514031,customers.csv
871,Hira Sinha,hirasinha@gmail.com,Bengaluru,2022-12-20,LIBRARY,2026-08-12T13:29:33.514031,customers.csv
872,Harish Sarkar,harishsarkar@yahoo.co.in,Ahmedabad,2021-12-29,LIBRARY,2026-08-12T13:29:33.514031,customers.csv
873,Advaith Mittal,advaithmittal@outlook.com,Indore,2021-09-17,PREMIUM,2026-08-12T13:29:33.514031,customers.csv
874,Hira Roy,hiraroy@yahoo.com,Surat,2021-01-06,BASIC,2026-08-12T13:29:33.514031,customers.csv
875,Aryan Verma,aryanverma@gmail.com,Allahabad,2019-02-18,BASIC,2026-08-12T13:29:33.514031,customers.csv
876,Advaith Anand,advaithanand@rediffmail.com,Ahmedabad,2022-03-06,BASIC,2026-08-12T13:29:33.514031,customers.csv
859,Diya Patel,diyapatel@yahoo.co.in,Aurangabad,2021-12-02,BASIC,2026-08-12T13:29:33.514031,customers.csv
858,Chinmay Srivastava,chinmaysrivastava@hotmail.com,Vellore,2022-04-21,BASIC,2026-08-12T13:29:33.514031,customers.csv
857,Ajay Verma,ajayverma@rediffmail.com,Surat,2024-04-05,PREMIUM,2026-08-12T13:29:33.514031,customers.csv
856,Aisha Murthy,aishamurthy@yahoo.co.in,Chandigarh,2022-11-08,PREMIUM,2026-08-12T13:29:33.514031,customers.csv
838,Radha Mehta,radhamehta@yahoo.com,Agra,2019-01-01,LIBRARY,2026-08-12T13:29:33.514031,customers.csv
839,Siddharth Bose,siddharthbose@ymail.com,Pune,2024-01-06,BASIC,2026-08-12T13:29:33.514031,customers.csv
840,Pari Sinha,parisinha@yahoo.co.in,Davangere,2023-11-16,PREMIUM,2026-08-12T13:29:33.514031,customers.csv
841,Suresh Rao,sureshrao@gmail.com,Chandigarh,2024-09-21,BASIC,2026-08-12T13:29:33.514031,customers.csv
842,Jyoti Banerjee,jyotibanerjee@gmail.com,Jaipur,2019-08-06,BASIC,2026-08-12T13:29:33.514031,customers.csv
843,Tushar Bhaduri,tusharbhaduri@gmail.com,Gurugram,2019-05-08,BASIC,2026-08-12T13:29:33.514031,customers.csv
844,Harish Roy,harishroy@hotmail.com,Nashik,2023-07-22,BASIC,2026-08-12T13:29:33.514031,customers.csv
845,Harish Murthy,harishmurthy@gmail.com,Bhopal,2021-02-09,PREMIUM,2026-08-12T13:29:33.514031,customers.csv
836,Kunal Dey,kunaldey@hotmail.com,Coimbatore,2023-12-29,BASIC,2026-08-12T13:29:33.514031,customers.csv
846,Karan Bajpai,karanbajpai@gmail.com,Pune,2020-05-29,BASIC,2026-08-12T13:29:33.514031,customers.csv
848,Harish Mukherjee,harishmukherjee@gmail.com,Bhubaneswar,2023-08-31,LIBRARY,2026-08-12T13:29:33.514031,customers.csv
849,Santosh Mondal,santoshmondal@gmail.com,Indore,2023-10-04,PREMIUM,2026-08-12T13:29:33.514031,customers.csv
850,Falak Patil,falakpatil@hotmail.com,Chennai,2023-10-06,PREMIUM,2026-08-12T13:29:33.514031,customers.csv
851,Aarav Ghosh,aaravghosh@yahoo.com,Nashik,2022-01-07,BASIC,2026-08-12T13:29:33.514031,customers.csv
852,Vandana Ghosh,vandanaghosh@gmail.com,Tirunelveli,2024-06-02,PREMIUM,2026-08-12T13:29:33.514031,customers.csv
853,Gaurav Menon,gauravmenon@rediffmail.com,Vellore,2019-11-24,BASIC,2026-08-12T13:29:33.514031,customers.csv
854,Chinmay Anand,chinmayanand@yahoo.co.in,Indore,2019-11-17,PREMIUM,2026-08-12T13:29:33.514031,customers.csv
855,Harsh Rao,harshrao@rediffmail.com,Guwahati,2019-11-16,PREMIUM,2026-08-12T13:29:33.514031,customers.csv
847,Vivaan Nair,vivaannair@gmail.com,Hyderabad,2024-06-16,PREMIUM,2026-08-12T13:29:33.514031,customers.csv
793,Lakshmi Mukherjee,lakshmimukherjee@yahoo.co.in,Ahmedabad,2023-08-22,PREMIUM,2026-08-12T13:29:33.514031,customers.csv
792,Varun Joshi,varunjoshi@outlook.com,Noida,2019-09-23,BASIC,2026-08-12T13:29:33.514031,customers.csv
791,Rohan Bajpai,rohanbajpai@gmail.com,Bikaner,2022-08-15,BASIC,2026-08-12T13:29:33.514031,customers.csv
728,Yash Parikh,yashparikh@yahoo.com,Aurangabad,2022-08-22,LIBRARY,2026-08-12T13:29:33.514031,customers.csv
729,Sunita Pandey,sunitapandey@gmail.com,Chandigarh,2022-05-15,BASIC,2026-08-12T13:29:33.514031,customers.csv
730,Chinmay Ghosh,chinmayghosh@gmail.com,Sikar,2022-10-01,BASIC,2026-08-12T13:29:33.514031,customers.csv
731,Falak Kulkarni,falakkulkarni@gmail.com,Ambala,2021-07-17,PREMIUM,2026-08-12T13:29:33.514031,customers.csv
732,Fatima Mondal,fatimamondal@outlook.com,Delhi,2019-06-18,BASIC,2026-08-12T13:29:33.514031,customers.csv
733,Vandana Chakraborty,vandanachakraborty@hotmail.com,Patna,2021-06-23,BASIC,2026-08-12T13:29:33.514031,customers.csv
734,Reyansh Desai,reyanshdesai@ymail.com,Delhi,2023-11-05,BASIC,2026-08-12T13:29:33.514031,customers.csv
735,Bhavna Desai,bhavnadesai@gmail.com,Ahmedabad,2024-05-03,PREMIUM,2026-08-12T13:29:33.514031,customers.csv
736,Prasad Gupta,prasadgupta@outlook.com,Kolkata,2023-06-21,PREMIUM,2026-08-12T13:29:33.514031,customers.csv
737,Harish Banerjee,harishbanerjee@gmail.com,Bhopal,2021-03-22,BASIC,2026-08-12T13:29:33.514031,customers.csv
738,Deepak Ghosh,deepakghosh@ymail.com,Guwahati,2021-10-05,BASIC,2026-08-12T13:29:33.514031,customers.csv
739,Ishaan Khanna,ishaankhanna@hotmail.com,Visakhapatnam,2020-01-02,BASIC,2026-08-12T13:29:33.514031,customers.csv
740,Laila Modi,lailamodi@hotmail.com,Ahmedabad,2022-08-06,BASIC,2026-08-12T13:29:33.514031,customers.csv
741,Mihir Kumar,mihirkumar@yahoo.co.in,Hyderabad,2022-12-03,PREMIUM,2026-08-12T13:29:33.514031,customers.csv
742,Garima Deshpande,garimadeshpande@gmail.com,Nagpur,2021-08-14,BASIC,2026-08-12T13:29:33.514031,customers.csv
743,Sana Awasthi,sanaawasthi@gmail.com,Bengaluru,2019-08-12,BASIC,2026-08-12T13:29:33.514031,customers.csv
744,Neil Das,neildas@gmail.com,Ahmedabad,2020-03-31,BASIC,2026-08-12T13:29:33.514031,customers.csv
727,Pranav Jain,pranavjain@yahoo.com,Kolkata,2022-05-15,BASIC,2026-08-12T13:29:33.514031,customers.csv
726,Yash Ghosh,yashghosh@gmail.com,Mumbai,2022-12-27,BASIC,2026-08-12T13:29:33.514031,customers.csv
725,Komal Sinha,komalsinha@yahoo.co.in,Davangere,2024-09-25,PREMIUM,2026-08-12T13:29:33.514031,customers.csv
724,Aditya Balaji,adityabalaji@yahoo.co.in,Mumbai,2021-06-27,BASIC,2026-08-12T13:29:33.514031,customers.csv
704,Parth Shukla,parthshukla@hotmail.com,Ahmedabad,2024-04-02,BASIC,2026-08-12T13:29:33.514031,customers.csv
705,Himani Dey,himanidey@gmail.com,Delhi,2020-09-26,BASIC,2026-08-12T13:29:33.514031,customers.csv
706,Pooja Jain,poojajain@hotmail.com,Indore,2024-09-03,BASIC,2026-08-12T13:29:33.514031,customers.csv
707,Chinmay Shukla,chinmayshukla@hotmail.com,Sikar,2021-09-05,BASIC,2026-08-12T13:29:33.514031,customers.csv
708,Omkar Joshi,omkarjoshi@ymail.com,Agra,2021-02-16,PREMIUM,2026-08-12T13:29:33.514031,customers.csv
709,Sana Narayanan,sananarayanan@ymail.com,Hyderabad,2022-03-05,BASIC,2026-08-12T13:29:33.514031,customers.csv
710,Anil Saxena,anilsaxena@gmail.com,Surat,2019-10-01,BASIC,2026-08-12T13:29:33.514031,customers.csv
712,Advaith Patel,advaithpatel@outlook.com,Thiruvananthapuram,2021-11-14,BASIC,2026-08-12T13:29:33.514031,customers.csv
745,Prakash Krishnan,prakashkrishnan@hotmail.com,Chennai,2021-05-17,BASIC,2026-08-12T13:29:33.514031,customers.csv
713,Nikhil Thakur,nikhilthakur@gmail.com,Mumbai,2021-05-04,PREMIUM,2026-08-12T13:29:33.514031,customers.csv
716,Tanvi Nair,tanvinair@ymail.com,Bengaluru,2021-08-04,PREMIUM,2026-08-12T13:29:33.514031,customers.csv
717,Karan Tripathi,karantripathi@ymail.com,Thiruvananthapuram,2021-01-02,PREMIUM,2026-08-12T13:29:33.514031,customers.csv
718,Prasad Bhaduri,prasadbhaduri@gmail.com,Kota,2023-01-06,PREMIUM,2026-08-12T13:29:33.514031,customers.csv
719,Santosh Bhatt,santoshbhatt@gmail.com,Bharatpur,2023-07-03,PREMIUM,2026-08-12T13:29:33.514031,customers.csv
720,Vikram Mishra,vikrammishra@rediffmail.com,Guntur,2022-07-14,PREMIUM,2026-08-12T13:29:33.514031,customers.csv
721,Rohit Awasthi,rohitawasthi@outlook.com,Meerut,2022-08-17,PREMIUM,2026-08-12T13:29:33.514031,customers.csv
722,Priya Chakraborty,priyachakraborty@yahoo.com,Jaipur,2021-11-06,BASIC,2026-08-12T13:29:33.514031,customers.csv
723,Prakash Patil,prakashpatil@gmail.com,Aurangabad,2022-03-11,PREMIUM,2026-08-12T13:29:33.514031,customers.csv
715,Gaurav Mehta,gauravmehta@yahoo.co.in,Surat,2019-10-16,LIBRARY,2026-08-12T13:29:33.514031,customers.csv
746,Vandana Balaji,vandanabalaji@yahoo.co.in,Vadodara,2020-08-01,PREMIUM,2026-08-12T13:29:33.514031,customers.csv
747,Aliya Singh,aliyasingh@ymail.com,Mumbai,2020-11-28,BASIC,2026-08-12T13:29:33.514031,customers.csv
748,Shreya Dubey,shreyadubey@yahoo.co.in,Delhi,2019-02-04,BASIC,2026-08-12T13:29:33.514031,customers.csv
772,Dhruv Patil,dhruvpatil@gmail.com,Mysuru,2021-10-03,PREMIUM,2026-08-12T13:29:33.514031,customers.csv
773,Sushma Desai,sushmadesai@gmail.com,Coimbatore,2019-07-21,BASIC,2026-08-12T13:29:33.514031,customers.csv
774,Pooja Deshpande,poojadeshpande@yahoo.co.in,Bikaner,2022-03-17,BASIC,2026-08-12T13:29:33.514031,customers.csv
775,Diya Bhatt,diyabhatt@gmail.com,Visakhapatnam,2020-08-05,BASIC,2026-08-12T13:29:33.514031,customers.csv
776,Himani Patil,himanipatil@ymail.com,Bengaluru,2020-07-08,BASIC,2026-08-12T13:29:33.514031,customers.csv
777,Anil Saxena,anil.saxena@gmail.com,Hyderabad,2021-04-07,BASIC,2026-08-12T13:29:33.514031,customers.csv
779,Kabir Patil,kabirpatil@hotmail.com,Delhi,2023-04-23,PREMIUM,2026-08-12T13:29:33.514031,customers.csv
780,Chetna Sundaram,chetnasundaram@gmail.com,Jaipur,2023-04-08,BASIC,2026-08-12T13:29:33.514031,customers.csv
771,Shubham Dixit,shubhamdixit@hotmail.com,Lucknow,2019-06-07,PREMIUM,2026-08-12T13:29:33.514031,customers.csv
781,Sachin Tiwari,sachintiwari@gmail.com,Hyderabad,2020-08-15,BASIC,2026-08-12T13:29:33.514031,customers.csv
783,Zara Shukla,zarashukla@gmail.com,Vellore,2019-01-15,PREMIUM,2026-08-12T13:29:33.514031,customers.csv
784,Nitin Mittal,nitinmittal@rediffmail.com,Patna,2024-08-04,PREMIUM,2026-08-12T13:29:33.514031,customers.csv
785,Ekta Sharma,ektasharma@rediffmail.com,Kolkata,2024-05-02,BASIC,2026-08-12T13:29:33.514031,customers.csv
786,Anil Deshpande,anildeshpande@gmail.com,Kolkata,2022-02-13,PREMIUM,2026-08-12T13:29:33.514031,customers.csv
787,Zara Bhaduri,zarabhaduri@gmail.com,Chennai,2019-08-14,PREMIUM,2026-08-12T13:29:33.514031,customers.csv
788,Suresh Patel,sureshpatel@gmail.com,Thiruvananthapuram,2022-05-07,BASIC,2026-08-12T13:29:33.514031,customers.csv
789,Atharva Gupta,atharvagupta@outlook.com,Dhanbad,2020-10-22,PREMIUM,2026-08-12T13:29:33.514031,customers.csv
790,Shreya Sarkar,shreyasarkar@ymail.com,Hyderabad,2024-02-09,PREMIUM,2026-08-12T13:29:33.514031,customers.csv
782,Sachin Gupta,sachingupta@yahoo.co.in,Pune,2024-01-02,BASIC,2026-08-12T13:29:33.514031,customers.csv
877,Aadhya Patel,aadhyapatel@gmail.com,Delhi,2021-06-07,PREMIUM,2026-08-12T13:29:33.514031,customers.csv
770,Rohit Jadhav,rohitjadhav@outlook.com,Lucknow,2019-06-21,PREMIUM,2026-08-12T13:29:33.514031,customers.csv
768,Vivaan Khanna,vivaankhanna@yahoo.com,Jodhpur,2021-04-10,LIBRARY,2026-08-12T13:29:33.514031,customers.csv
749,Karan Khanna,karankhanna@hotmail.com,Ambala,2019-03-20,BASIC,2026-08-12T13:29:33.514031,customers.csv
750,Fatima Vyas,fatimavyas@outlook.com,Patna,2020-02-12,BASIC,2026-08-12T13:29:33.514031,customers.csv
751,Geeta Dey,geetadey@gmail.com,Chennai,2024-08-12,BASIC,2026-08-12T13:29:33.514031,customers.csv
752,Aakash Singh,aakashsingh@yahoo.com,Davangere,2022-06-02,BASIC,2026-08-12T13:29:33.514031,customers.csv
753,Geeta Desai,geetadesai@gmail.com,Mumbai,2022-12-12,BASIC,2026-08-12T13:29:33.514031,customers.csv
754,Zara Bhatia,zarabhatia@ymail.com,Pune,2019-09-11,PREMIUM,2026-08-12T13:29:33.514031,customers.csv
755,Kavya Vyas,kavyavyas@ymail.com,Tiruchirappalli,2021-07-12,BASIC,2026-08-12T13:29:33.514031,customers.csv
756,Vikram Desai,vikramdesai@gmail.com,Delhi,2023-04-15,PREMIUM,2026-08-12T13:29:33.514031,customers.csv
769,Pari Joshi,parijoshi@rediffmail.com,Ambala,2024-06-29,PREMIUM,2026-08-12T13:29:33.514031,customers.csv
757,Hira Sarkar,hirasarkar@yahoo.com,Kanpur,2020-09-17,BASIC,2026-08-12T13:29:33.514031,customers.csv
759,Pranav Sen,pranavsen@yahoo.com,Gurugram,2022-06-19,PREMIUM,2026-08-12T13:29:33.514031,customers.csv
760,Tushar Anand,tusharanand@outlook.com,Dhanbad,2020-08-17,PREMIUM,2026-08-12T13:29:33.514031,customers.csv
761,Parth Mishra,parthmishra@gmail.com,Coimbatore,2020-04-29,BASIC,2026-08-12T13:29:33.514031,customers.csv
762,Rahul Das,rahuldas@gmail.com,Kota,2023-08-23,BASIC,2026-08-12T13:29:33.514031,customers.csv
764,Aadhav Shukla,aadhavshukla@yahoo.co.in,Chandigarh,2021-08-03,PREMIUM,2026-08-12T13:29:33.514031,customers.csv
765,Nisha Rajput,nisharajput@gmail.com,Ahmedabad,2024-05-06,BASIC,2026-08-12T13:29:33.514031,customers.csv
766,Savita Mondal,savitamondal@hotmail.com,Chennai,2023-05-07,BASIC,2026-08-12T13:29:33.514031,customers.csv
767,Lakshmi Mukherjee,lakshmimukherjee@yahoo.com,Chennai,2023-08-01,LIBRARY,2026-08-12T13:29:33.514031,customers.csv
758,Swara Mondal,swaramondal@rediffmail.com,Vadodara,2021-04-26,PREMIUM,2026-08-12T13:29:33.514031,customers.csv
1053,Prasad Agarwal,prasadagarwal@yahoo.com,Hyderabad,2020-12-18,BASIC,2026-08-12T13:29:33.514031,customers.csv
878,Aisha Chatterjee,aishachatterjee@gmail.com,Delhi,2020-06-16,BASIC,2026-08-12T13:29:33.514031,customers.csv
880,Vinod Nair,vinodnair@rediffmail.com,Davangere,2022-02-06,LIBRARY,2026-08-12T13:29:33.514031,customers.csv
991,Nisha Sethi,nishasethi@yahoo.com,Bengaluru,2019-11-18,BASIC,2026-08-12T13:29:33.514031,customers.csv
992,Ruhi Menon,ruhimenon@gmail.com,Sikar,2023-11-02,BASIC,2026-08-12T13:29:33.514031,customers.csv
993,Kiara Pillai,kiarapillai@ymail.com,Kochi,2024-04-05,BASIC,2026-08-12T13:29:33.514031,customers.csv
994,Kavya Shah,kavyashah@yahoo.co.in,Thiruvananthapuram,2020-01-31,LIBRARY,2026-08-12T13:29:33.514031,customers.csv
995,Ritvik Mondal,ritvikmondal@yahoo.com,Chennai,2022-12-10,BASIC,2026-08-12T13:29:33.514031,customers.csv
996,Atharva Das,atharvadas@yahoo.co.in,Tiruchirappalli,2022-11-25,BASIC,2026-08-12T13:29:33.514031,customers.csv
997,Ananya Rajan,ananyarajan@yahoo.com,Patna,2019-10-07,BASIC,2026-08-12T13:29:33.514031,customers.csv
998,Falak Sen,falaksen@gmail.com,Surat,2021-02-23,BASIC,2026-08-12T13:29:33.514031,customers.csv
999,Diya Raman,diyaraman@gmail.com,Davangere,2024-08-27,LIBRARY,2026-08-12T13:29:33.514031,customers.csv
1000,Tushar Krishnan,tusharkrishnan@gmail.com,Nagpur,2020-03-15,BASIC,2026-08-12T13:29:33.514031,customers.csv
1001,Himani Upadhyay,himaniupadhyay@outlook.com,Chennai,2021-07-21,BASIC,2026-08-12T13:29:33.514031,customers.csv
1002,Kabir Sinha,kabirsinha@rediffmail.com,Bengaluru,2020-07-10,BASIC,2026-08-12T13:29:33.514031,customers.csv
1003,Nitin Bajpai,nitinbajpai@yahoo.co.in,Coimbatore,2019-06-16,BASIC,2026-08-12T13:29:33.514031,customers.csv
1004,Rohit Narayanan,rohitnarayanan@outlook.com,Pune,2022-07-01,PREMIUM,2026-08-12T13:29:33.514031,customers.csv
1005,Isha Deshpande,ishadeshpande@ymail.com,Kanpur,2023-10-19,BASIC,2026-08-12T13:29:33.514031,customers.csv
1006,Komal Joshi,komaljoshi@hotmail.com,Hyderabad,2024-07-06,PREMIUM,2026-08-12T13:29:33.514031,customers.csv
1007,Dhruv Desai,dhruvdesai@ymail.com,Thiruvananthapuram,2019-12-15,BASIC,2026-08-12T13:29:33.514031,customers.csv
990,Tushar Bhatia,tusharbhatia@gmail.com,Chennai,2020-08-06,PREMIUM,2026-08-12T13:29:33.514031,customers.csv
989,Swara Bajpai,swarabajpai@rediffmail.com,Mangaluru,2022-11-02,BASIC,2026-08-12T13:29:33.514031,customers.csv
988,Santosh Nair,santoshnair@gmail.com,Davangere,2024-05-18,BASIC,2026-08-12T13:29:33.514031,customers.csv
987,Navya Bose,navyabose@yahoo.com,Allahabad,2020-04-11,BASIC,2026-08-12T13:29:33.514031,customers.csv
969,Sundar Deshpande,sundardeshpande@gmail.com,Chittorgarh,2023-10-03,PREMIUM,2026-08-12T13:29:33.514031,customers.csv
970,Sundar Mukherjee,sundarmukherjee@gmail.com,Hyderabad,2022-05-27,BASIC,2026-08-12T13:29:33.514031,customers.csv
971,Rekha Srivastava,rekhasrivastava@outlook.com,Delhi,2023-08-05,PREMIUM,2026-08-12T13:29:33.514031,customers.csv
972,Avni Trivedi,avnitrivedi@ymail.com,Indore,2020-07-14,BASIC,2026-08-12T13:29:33.514031,customers.csv
973,Aanya Dixit,aanyadixit@ymail.com,Patna,2022-05-21,LIBRARY,2026-08-12T13:29:33.514031,customers.csv
974,Rohan Bhatia,rohanbhatia@ymail.com,Aurangabad,2021-07-08,BASIC,2026-08-12T13:29:33.514031,customers.csv
975,Chetna Sharma,chetnasharma@yahoo.co.in,Pune,2024-04-19,BASIC,2026-08-12T13:29:33.514031,customers.csv
976,Fatima Malhotra,fatimamalhotra@gmail.com,Patna,2021-09-29,BASIC,2026-08-12T13:29:33.514031,customers.csv
1008,Siddharth Desai,siddharthdesai@gmail.com,Jodhpur,2020-11-22,BASIC,2026-08-12T13:29:33.514031,customers.csv
977,Ritvik Kapoor,ritvikkapoor@gmail.com,Chandigarh,2023-01-21,PREMIUM,2026-08-12T13:29:33.514031,customers.csv
979,Falak Chatterjee,falakchatterjee@ymail.com,Aurangabad,2019-03-13,LIBRARY,2026-08-12T13:29:33.514031,customers.csv
980,Ishita Mishra,ishitamishra@gmail.com,Hyderabad,2024-03-03,PREMIUM,2026-08-12T13:29:33.514031,customers.csv
981,Pranav Upadhyay,pranavupadhyay@gmail.com,Kolkata,2023-09-15,PREMIUM,2026-08-12T13:29:33.514031,customers.csv
982,Rajesh Gupta,rajeshgupta@yahoo.co.in,Surat,2019-11-11,PREMIUM,2026-08-12T13:29:33.514031,customers.csv
983,Aadhya Shukla,aadhyashukla@gmail.com,Chandigarh,2020-11-15,PREMIUM,2026-08-12T13:29:33.514031,customers.csv
984,Rohit Sinha,rohitsinha@yahoo.co.in,Kolkata,2023-01-24,BASIC,2026-08-12T13:29:33.514031,customers.csv
985,Sushma Sen,sushmasen@gmail.com,Mumbai,2022-02-26,BASIC,2026-08-12T13:29:33.514031,customers.csv
986,Ajay Subramaniam,ajaysubramaniam@hotmail.com,Davangere,2020-10-29,BASIC,2026-08-12T13:29:33.514031,customers.csv
978,Sunita Chakraborty,sunitachakraborty@yahoo.co.in,Guwahati,2024-05-03,PREMIUM,2026-08-12T13:29:33.514031,customers.csv
968,Suresh Sethi,sureshsethi@ymail.com,Delhi,2023-12-25,PREMIUM,2026-08-12T13:29:33.514031,customers.csv
1009,Nikhil Dubey,nikhildubey@yahoo.com,Chandigarh,2023-07-14,BASIC,2026-08-12T13:29:33.514031,customers.csv
1011,Chetna Parikh,chetnaparikh@rediffmail.com,Thiruvananthapuram,2023-07-15,BASIC,2026-08-12T13:29:33.514031,customers.csv
1034,Jyoti Raman,jyotiraman@yahoo.co.in,Kolkata,2022-05-02,PREMIUM,2026-08-12T13:29:33.514031,customers.csv
1035,Manish Thakur,manishthakur@gmail.com,Nashik,2020-01-24,PREMIUM,2026-08-12T13:29:33.514031,customers.csv
1036,Vikram Khanna,vikramkhanna@ymail.com,Bhopal,2021-05-09,BASIC,2026-08-12T13:29:33.514031,customers.csv
1037,Chetna Nair,chetnanair@yahoo.co.in,Patna,2022-05-13,BASIC,2026-08-12T13:29:33.514031,customers.csv
1039,Kamala Jadhav,kamalajadhav@ymail.com,Hyderabad,2019-03-18,PREMIUM,2026-08-12T13:29:33.514031,customers.csv
1040,Tushar Balaji,tusharbalaji@rediffmail.com,Chennai,2024-03-29,BASIC,2026-08-12T13:29:33.514031,customers.csv
1041,Aisha Raman,aisharaman@outlook.com,Guntur,2019-09-03,PREMIUM,2026-08-12T13:29:33.514031,customers.csv
1042,Kiara Bajpai,kiarabajpai@gmail.com,Kolkata,2022-05-14,LIBRARY,2026-08-12T13:29:33.514031,customers.csv
1043,Harish Modi,harishmodi@gmail.com,Guwahati,2023-08-17,BASIC,2026-08-12T13:29:33.514031,customers.csv
1044,Garima Malhotra,garimamalhotra@gmail.com,Kolkata,2021-08-25,BASIC,2026-08-12T13:29:33.514031,customers.csv
1045,Priya Menon,priyamenon@yahoo.com,Mumbai,2022-06-25,BASIC,2026-08-12T13:29:33.514031,customers.csv
1046,Geeta Bhaduri,geetabhaduri@outlook.com,Bhubaneswar,2019-06-01,BASIC,2026-08-12T13:29:33.514031,customers.csv
1047,Ananya Khanna,ananyakhanna@gmail.com,Kolkata,2022-02-11,PREMIUM,2026-08-12T13:29:33.514031,customers.csv
1048,Aryan Pandey,aryanpandey@gmail.com,Vellore,2024-06-13,LIBRARY,2026-08-12T13:29:33.514031,customers.csv
1049,Aditya Mehta,adityamehta@hotmail.com,Chandigarh,2019-09-18,BASIC,2026-08-12T13:29:33.514031,customers.csv
1050,Nikhil Rao,nikhilrao@gmail.com,Kolkata,2024-08-11,BASIC,2026-08-12T13:29:33.514031,customers.csv
1051,Usha Sen,ushasen@yahoo.co.in,Patna,2020-01-05,BASIC,2026-08-12T13:29:33.514031,customers.csv
1033,Harsh Bhatia,harshbhatia@outlook.com,Chennai,2019-11-05,LIBRARY,2026-08-12T13:29:33.514031,customers.csv
1032,Hira Yadav,hirayadav@rediffmail.com,Patna,2022-10-22,BASIC,2026-08-12T13:29:33.514031,customers.csv
1031,Karan Saxena,karansaxena@gmail.com,Chittorgarh,2020-02-14,PREMIUM,2026-08-12T13:29:33.514031,customers.csv
1030,Aditya Krishnan,aditya.krishnan@gmail.com,Raipur,2023-03-28,PREMIUM,2026-08-12T13:29:33.514031,customers.csv
1012,Kamala Kapoor,kamalakapoor@rediffmail.com,Bengaluru,2021-10-23,BASIC,2026-08-12T13:29:33.514031,customers.csv
1013,Radha Rajput,radharajput@gmail.com,Mumbai,2019-08-05,LIBRARY,2026-08-12T13:29:33.514031,customers.csv
1014,Krishna Narayanan,krishnanarayanan@gmail.com,Erode,2023-04-17,PREMIUM,2026-08-12T13:29:33.514031,customers.csv
1015,Hira Saxena,hirasaxena@yahoo.co.in,Guwahati,2020-01-30,LIBRARY,2026-08-12T13:29:33.514031,customers.csv
1016,Ishaan Balaji,ishaanbalaji@rediffmail.com,Bharatpur,2021-04-07,BASIC,2026-08-12T13:29:33.514031,customers.csv
1017,Nadia Narayanan,nadianarayanan@ymail.com,Kolkata,2022-11-08,LIBRARY,2026-08-12T13:29:33.514031,customers.csv
1018,Vandana Murthy,vandanamurthy@gmail.com,Ranchi,2020-05-02,BASIC,2026-08-12T13:29:33.514031,customers.csv
1019,Prakash Sinha,prakashsinha@rediffmail.com,Indore,2019-05-15,BASIC,2026-08-12T13:29:33.514031,customers.csv
1010,Nisha Bhatt,nishabhatt@rediffmail.com,Pune,2022-01-23,LIBRARY,2026-08-12T13:29:33.514031,customers.csv
1020,Aakash Bhatia,aakashbhatia@gmail.com,Patna,2020-07-04,BASIC,2026-08-12T13:29:33.514031,customers.csv
1022,Aryan Murthy,aryanmurthy@rediffmail.com,Bhopal,2020-10-02,PREMIUM,2026-08-12T13:29:33.514031,customers.csv
1023,Ayaan Desai,ayaandesai@rediffmail.com,Kochi,2023-03-28,PREMIUM,2026-08-12T13:29:33.514031,customers.csv
1024,Hira Upadhyay,hiraupadhyay@yahoo.co.in,Ahmedabad,2019-04-26,PREMIUM,2026-08-12T13:29:33.514031,customers.csv
1025,Sai Banerjee,saibanerjee@hotmail.com,Varanasi,2019-04-21,LIBRARY,2026-08-12T13:29:33.514031,customers.csv
1026,Zara Chaturvedi,zarachaturvedi@gmail.com,Nagpur,2023-01-03,BASIC,2026-08-12T13:29:33.514031,customers.csv
1027,Suresh Mehta,sureshmehta@yahoo.com,Kolkata,2022-07-02,PREMIUM,2026-08-12T13:29:33.514031,customers.csv
1028,Shaurya Joshi,shauryajoshi@gmail.com,Ahmedabad,2019-03-22,PREMIUM,2026-08-12T13:29:33.514031,customers.csv
1029,Rohit Patel,rohitpatel@outlook.com,Coimbatore,2023-09-22,BASIC,2026-08-12T13:29:33.514031,customers.csv
1021,Pranit Vyas,pranitvyas@gmail.com,Coimbatore,2024-07-02,PREMIUM,2026-08-12T13:29:33.514031,customers.csv
967,Siddharth Bhatt,siddharthbhatt@outlook.com,Jaipur,2022-03-11,BASIC,2026-08-12T13:29:33.514031,customers.csv
965,Jyoti Patil,jyotipatil@gmail.com,Tirunelveli,2023-06-04,BASIC,2026-08-12T13:29:33.514031,customers.csv
964,Rekha Thakur,rekhathakur@yahoo.co.in,Chennai,2019-12-09,PREMIUM,2026-08-12T13:29:33.514031,customers.csv
903,Dipali Dubey,dipalidubey@hotmail.com,Varanasi,2023-07-05,BASIC,2026-08-12T13:29:33.514031,customers.csv
904,Ritvik Ghosh,ritvikghosh@gmail.com,Ahmedabad,2021-05-23,LIBRARY,2026-08-12T13:29:33.514031,customers.csv
905,Sai Roy,sairoy@hotmail.com,Delhi,2022-01-26,BASIC,2026-08-12T13:29:33.514031,customers.csv
906,Tejas Trivedi,tejastrivedi@hotmail.com,Coimbatore,2023-12-02,BASIC,2026-08-12T13:29:33.514031,customers.csv
907,Rohan Shah,rohanshah@gmail.com,Bharatpur,2023-03-21,LIBRARY,2026-08-12T13:29:33.514031,customers.csv
908,Ananya Singh,ananyasingh@gmail.com,Mumbai,2021-01-04,BASIC,2026-08-12T13:29:33.514031,customers.csv
909,Tushar Roy,tusharroy@outlook.com,Visakhapatnam,2024-05-03,PREMIUM,2026-08-12T13:29:33.514031,customers.csv
910,Aadhav Yadav,aadhavyadav@yahoo.co.in,Surat,2023-08-15,BASIC,2026-08-12T13:29:33.514031,customers.csv
911,Saanvi Sarkar,saanvisarkar@gmail.com,Chandigarh,2024-08-09,PREMIUM,2026-08-12T13:29:33.514031,customers.csv
912,Atharva Bhatia,atharvabhatia@outlook.com,Mumbai,2021-08-23,BASIC,2026-08-12T13:29:33.514031,customers.csv
913,Ritvik Anand,ritvikanand@hotmail.com,Gurugram,2024-09-09,BASIC,2026-08-12T13:29:33.514031,customers.csv
914,Vinod Yadav,vinodyadav@gmail.com,Chennai,2020-09-03,PREMIUM,2026-08-12T13:29:33.514031,customers.csv
915,Jyoti Krishnan,jyotikrishnan@gmail.com,Hyderabad,2019-06-26,BASIC,2026-08-12T13:29:33.514031,customers.csv
916,Sara Bajpai,sarabajpai@yahoo.com,Nagpur,2022-10-01,PREMIUM,2026-08-12T13:29:33.514031,customers.csv
917,Ekta Jadhav,ektajadhav@gmail.com,Jodhpur,2020-12-21,BASIC,2026-08-12T13:29:33.514031,customers.csv
918,Bhavna Kumar,bhavnakumar@ymail.com,Bengaluru,2021-08-21,PREMIUM,2026-08-12T13:29:33.514031,customers.csv
919,Girish Roy,girishroy@hotmail.com,Kanpur,2022-08-27,BASIC,2026-08-12T13:29:33.514031,customers.csv
902,Kunal Joshi,kunaljoshi@gmail.com,Patna,2021-06-22,BASIC,2026-08-12T13:29:33.514031,customers.csv
901,Saanvi Gupta,saanvigupta@gmail.com,Indore,2020-11-30,LIBRARY,2026-08-12T13:29:33.514031,customers.csv
900,Aditya Krishnan,adityakrishnan@gmail.com,Kolkata,2020-06-18,BASIC,2026-08-12T13:29:33.514031,customers.csv
899,Rohan Rajput,rohanrajput@gmail.com,Aurangabad,2024-06-25,PREMIUM,2026-08-12T13:29:33.514031,customers.csv
881,Ramesh Saxena,rameshsaxena@gmail.com,Sikar,2022-02-09,LIBRARY,2026-08-12T13:29:33.514031,customers.csv
882,Ayaan Dixit,ayaandixit@hotmail.com,Dhanbad,2021-11-23,LIBRARY,2026-08-12T13:29:33.514031,customers.csv
883,Ishita Pandey,ishitapandey@gmail.com,Patna,2021-04-01,PREMIUM,2026-08-12T13:29:33.514031,customers.csv
884,Deepak Pandey,deepakpandey@rediffmail.com,Bengaluru,2023-11-02,BASIC,2026-08-12T13:29:33.514031,customers.csv
885,Harsh Pillai,harshpillai@yahoo.co.in,Bengaluru,2019-10-26,BASIC,2026-08-12T13:29:33.514031,customers.csv
886,Yash Mittal,yashmittal@gmail.com,Hubballi,2020-09-01,PREMIUM,2026-08-12T13:29:33.514031,customers.csv
887,Aisha Sharma,aishasharma@outlook.com,Kolkata,2022-09-12,BASIC,2026-08-12T13:29:33.514031,customers.csv
888,Yash Sharma,yashsharma@rediffmail.com,Bhopal,2023-07-13,LIBRARY,2026-08-12T13:29:33.514031,customers.csv
920,Ajay Menon,ajaymenon@yahoo.com,Bengaluru,2023-08-17,LIBRARY,2026-08-12T13:29:33.514031,customers.csv
889,Chinmay Joshi,chinmayjoshi@yahoo.com,Mumbai,2024-05-28,BASIC,2026-08-12T13:29:33.514031,customers.csv
891,Zara Rao,zararao@ymail.com,Faridabad,2022-10-24,BASIC,2026-08-12T13:29:33.514031,customers.csv
892,Isha Jadhav,ishajadhav@yahoo.co.in,Bhubaneswar,2020-12-24,PREMIUM,2026-08-12T13:29:33.514031,customers.csv
893,Sai Vyas,saivyas@yahoo.com,Pune,2023-05-17,BASIC,2026-08-12T13:29:33.514031,customers.csv
894,Zara Upadhyay,zaraupadhyay@gmail.com,Mangaluru,2023-11-29,PREMIUM,2026-08-12T13:29:33.514031,customers.csv
895,Aadhya Mukherjee,aadhyamukherjee@yahoo.com,Mumbai,2021-09-03,BASIC,2026-08-12T13:29:33.514031,customers.csv
896,Karan Joshi,karanjoshi@yahoo.co.in,Patna,2024-01-15,BASIC,2026-08-12T13:29:33.514031,customers.csv
897,Arjun Chaturvedi,arjunchaturvedi@hotmail.com,Alwar,2019-06-25,BASIC,2026-08-12T13:29:33.514031,customers.csv
898,Ritvik Chauhan,ritvikchauhan@ymail.com,Indore,2020-09-02,PREMIUM,2026-08-12T13:29:33.514031,customers.csv
890,Parth Raman,parthraman@hotmail.com,Visakhapatnam,2023-06-29,BASIC,2026-08-12T13:29:33.514031,customers.csv
921,Kiara Dixit,kiaradixit@gmail.com,Bhopal,2024-06-07,BASIC,2026-08-12T13:29:33.514031,customers.csv
922,Harish Das,harishdas@rediffmail.com,Hyderabad,2023-03-10,BASIC,2026-08-12T13:29:33.514031,customers.csv
923,Santosh Tripathi,santosh.tripathi@hotmail.com,Tirunelveli,2021-04-08,BASIC,2026-08-12T13:29:33.514031,customers.csv
946,Gaurav Joshi,gauravjoshi@rediffmail.com,Delhi,2023-05-20,BASIC,2026-08-12T13:29:33.514031,customers.csv
947,Shreya Nair,shreyanair@gmail.com,Pune,2020-08-29,BASIC,2026-08-12T13:29:33.514031,customers.csv
948,Rudra Yadav,rudrayadav@gmail.com,Pune,2020-06-24,BASIC,2026-08-12T13:29:33.514031,customers.csv
949,Suresh Trivedi,sureshtrivedi@gmail.com,Pune,2019-09-15,BASIC,2026-08-12T13:29:33.514031,customers.csv
950,Dipali Rajput,dipalirajput@hotmail.com,Kanpur,2022-11-05,PREMIUM,2026-08-12T13:29:33.514031,customers.csv
951,Sara Saxena,sarasaxena@ymail.com,Ghaziabad,2023-12-29,BASIC,2026-08-12T13:29:33.514031,customers.csv
952,Tanvi Chakraborty,tanvichakraborty@yahoo.co.in,Hyderabad,2021-11-30,BASIC,2026-08-12T13:29:33.514031,customers.csv
953,Sunita Awasthi,sunitaawasthi@gmail.com,Hyderabad,2022-03-10,BASIC,2026-08-12T13:29:33.514031,customers.csv
945,Tushar Raman,tusharraman@ymail.com,Belagavi,2024-01-26,PREMIUM,2026-08-12T13:29:33.514031,customers.csv
954,Diya Biswas,diyabiswas@ymail.com,Pune,2020-12-19,LIBRARY,2026-08-12T13:29:33.514031,customers.csv
956,Aadhav Deshpande,aadhavdeshpande@hotmail.com,Chennai,2019-05-23,PREMIUM,2026-08-12T13:29:33.514031,customers.csv
957,Rahul Dwivedi,rahuldwivedi@hotmail.com,Indore,2020-10-27,PREMIUM,2026-08-12T13:29:33.514031,customers.csv
958,Tanvi Chatterjee,tanvichatterjee@outlook.com,Vijayawada,2020-08-18,BASIC,2026-08-12T13:29:33.514031,customers.csv
959,Rahul Bose,rahulbose@ymail.com,Tirunelveli,2022-09-18,PREMIUM,2026-08-12T13:29:33.514031,customers.csv
960,Tushar Chopra,tusharchopra@yahoo.co.in,Erode,2020-08-25,LIBRARY,2026-08-12T13:29:33.514031,customers.csv
961,Parth Deshpande,parthdeshpande@gmail.com,Aurangabad,2019-06-14,BASIC,2026-08-12T13:29:33.514031,customers.csv
962,Hira Choudhary,hirachoudhary@yahoo.co.in,Mumbai,2021-06-21,BASIC,2026-08-12T13:29:33.514031,customers.csv
963,Rajesh Rao,rajeshrao@gmail.com,Chandigarh,2021-03-10,PREMIUM,2026-08-12T13:29:33.514031,customers.csv
955,Tushar Bose,tushar.bose@yahoo.com,Bengaluru,2022-07-20,PREMIUM,2026-08-12T13:29:33.514031,customers.csv
879,Nadia Chakraborty,nadiachakraborty@gmail.com,Visakhapatnam,2021-11-03,BASIC,2026-08-12T13:29:33.514031,customers.csv
944,Suresh Patil,sureshpatil@ymail.com,Surat,2020-05-17,BASIC,2026-08-12T13:29:33.514031,customers.csv
942,Sunita Sen,sunitasen@yahoo.com,Udaipur,2021-07-12,BASIC,2026-08-12T13:29:33.514031,customers.csv
924,Aadhav Patel,aadhavpatel@gmail.com,Pune,2020-03-31,LIBRARY,2026-08-12T13:29:33.514031,customers.csv
925,Vinod Jadhav,vinodjadhav@gmail.com,Ajmer,2021-06-19,BASIC,2026-08-12T13:29:33.514031,customers.csv
926,Dev Mishra,devmishra@gmail.com,Kochi,2021-07-29,BASIC,2026-08-12T13:29:33.514031,customers.csv
927,Anil Balaji,anilbalaji@yahoo.com,Kochi,2024-03-10,BASIC,2026-08-12T13:29:33.514031,customers.csv
928,Vivaan Bhatt,vivaanbhatt@yahoo.com,Kolkata,2023-11-14,PREMIUM,2026-08-12T13:29:33.514031,customers.csv
929,Angel Roy,angelroy@gmail.com,Kanpur,2019-07-01,BASIC,2026-08-12T13:29:33.514031,customers.csv
930,Lakshmi Rajan,lakshmirajan@outlook.com,Surat,2024-05-17,LIBRARY,2026-08-12T13:29:33.514031,customers.csv
931,Dipali Iyer,dipaliiyer@rediffmail.com,Kolkata,2019-02-20,PREMIUM,2026-08-12T13:29:33.514031,customers.csv
943,Rajesh Khanna,rajeshkhanna@outlook.com,Pune,2019-09-17,BASIC,2026-08-12T13:29:33.514031,customers.csv
932,Chinmay Modi,chinmaymodi@gmail.com,Ahmedabad,2021-09-06,PREMIUM,2026-08-12T13:29:33.514031,customers.csv
934,Yash Sen,yashsen@rediffmail.com,Indore,2020-07-21,LIBRARY,2026-08-12T13:29:33.514031,customers.csv
935,Tushar Parikh,tusharparikh@hotmail.com,Guwahati,2019-01-06,LIBRARY,2026-08-12T13:29:33.514031,customers.csv
936,Zara Nair,zaranair@hotmail.com,Surat,2022-04-29,BASIC,2026-08-12T13:29:33.514031,customers.csv
937,Tejas Khanna,tejaskhanna@ymail.com,Kochi,2021-04-28,LIBRARY,2026-08-12T13:29:33.514031,customers.csv
938,Sana Reddy,sanareddy@hotmail.com,Aurangabad,2019-08-13,PREMIUM,2026-08-12T13:29:33.514031,customers.csv
939,Hira Bajpai,hirabajpai@gmail.com,Jaipur,2024-03-21,PREMIUM,2026-08-12T13:29:33.514031,customers.csv
940,Sai Bajpai,saibajpai@gmail.com,Bhubaneswar,2019-10-02,PREMIUM,2026-08-12T13:29:33.514031,customers.csv
941,Tushar Yadav,tusharyadav@hotmail.com,Kolkata,2020-04-10,PREMIUM,2026-08-12T13:29:33.514031,customers.csv
933,Atharva Singh,atharvasingh@yahoo.co.in,Hyderabad,2024-02-25,LIBRARY,2026-08-12T13:29:33.514031,customers.csv
2800,Vivaan Balaji,vivaanbalaji@hotmail.com,Nagpur,2020-08-29,PREMIUM,2026-08-12T13:29:33.514031,customers.csv
