loan_id,customer_id,book_id,loan_date,due_date,return_date,_ingestion_timestamp,_source_file,days_overdue,overdue_category
5197,103,1,2020-01-09,2020-01-23,2020-01-15,2026-08-12T13:29:33.699965,loans.csv,0,ON TIME
1575,2260,12,2021-07-02,2021-07-16,2021-07-07,2026-08-12T13:29:33.699965,loans.csv,0,ON TIME
663,1912,1,2024-05-01,2024-05-15,,2026-08-12T13:29:33.699965,loans.csv,819,CRITICAL
4484,2786,12,2021-04-28,2021-05-12,2021-05-16,2026-08-12T13:29:33.699965,loans.csv,4,MILD
6803,456,2,2020-08-27,2020-09-10,2020-09-08,2026-08-12T13:29:33.699965,loans.csv,0,ON TIME
1525,2116,1,2024-10-08,2024-10-29,2024-10-11,2026-08-12T13:29:33.699965,loans.csv,0,ON TIME
6630,2294,7,2022-09-12,2022-09-26,2022-09-18,2026-08-12T13:29:33.699965,loans.csv,0,ON TIME
6413,2109,1,2022-07-10,2022-07-24,2022-07-27,2026-08-12T13:29:33.699965,loans.csv,3,MILD
8854,549,1,2024-11-21,2024-12-05,2024-11-27,2026-08-12T13:29:33.699965,loans.csv,0,ON TIME
4409,936,108,2024-01-03,2024-01-17,,2026-08-12T13:29:33.699965,loans.csv,938,CRITICAL
3958,266,7,2023-11-02,2023-11-16,2023-11-22,2026-08-12T13:29:33.699965,loans.csv,6,MILD
7909,2424,1,2022-05-04,2022-05-18,2022-05-22,2026-08-12T13:29:33.699965,loans.csv,4,MILD
8470,2109,5,2024-12-25,2025-01-08,,2026-08-12T13:29:33.699965,loans.csv,581,CRITICAL
7588,1147,1,2024-09-23,2024-10-07,2024-09-28,2026-08-12T13:29:33.699965,loans.csv,0,ON TIME
4960,871,20,2024-05-04,2024-05-18,2024-05-11,2026-08-12T13:29:33.699965,loans.csv,0,ON TIME
304,2688,6,2024-02-24,2024-03-09,2024-03-04,2026-08-12T13:29:33.699965,loans.csv,0,ON TIME
7471,2291,43,2024-07-24,2024-08-07,2024-08-10,2026-08-12T13:29:33.699965,loans.csv,3,MILD
3863,2430,1,2024-08-12,2024-08-26,,2026-08-12T13:29:33.699965,loans.csv,716,CRITICAL
1794,572,3,2023-04-19,2023-05-03,2023-06-15,2026-08-12T13:29:33.699965,loans.csv,43,CRITICAL
3533,1509,2,2020-12-17,2020-12-31,2021-01-07,2026-08-12T13:29:33.699965,loans.csv,7,MILD
7530,1501,3,2022-03-04,2022-03-18,2022-03-09,2026-08-12T13:29:33.699965,loans.csv,0,ON TIME
4235,2352,1,2022-12-23,2023-01-06,2022-12-31,2026-08-12T13:29:33.699965,loans.csv,0,ON TIME
7154,2650,12,2021-05-26,2021-06-09,2021-05-31,2026-08-12T13:29:33.699965,loans.csv,0,ON TIME
3375,547,2,2023-02-18,2023-03-04,,2026-08-12T13:29:33.699965,loans.csv,1257,CRITICAL
9540,1748,4,2022-04-23,2022-05-07,2022-05-02,2026-08-12T13:29:33.699965,loans.csv,0,ON TIME
6057,1631,3,2022-11-18,2022-12-02,2022-12-20,2026-08-12T13:29:33.699965,loans.csv,18,SEVERE
6747,117,1,2024-03-31,2024-04-14,2024-04-03,2026-08-12T13:29:33.699965,loans.csv,0,ON TIME
9215,1595,2,2024-10-04,2024-10-18,2024-10-14,2026-08-12T13:29:33.699965,loans.csv,0,ON TIME
6415,1225,4,2020-11-14,2020-11-28,2020-11-16,2026-08-12T13:29:33.699965,loans.csv,0,ON TIME
2090,1167,1,2024-11-30,2024-12-14,2024-12-17,2026-08-12T13:29:33.699965,loans.csv,3,MILD
8328,930,9,2024-10-13,2024-10-27,2024-10-28,2026-08-12T13:29:33.699965,loans.csv,1,MILD
1414,1105,2,2024-08-05,2024-08-19,2024-08-23,2026-08-12T13:29:33.699965,loans.csv,4,MILD
1154,1685,1,2022-11-18,2022-12-02,2022-12-01,2026-08-12T13:29:33.699965,loans.csv,0,ON TIME
6386,2510,5,2020-11-06,2020-11-20,2020-11-11,2026-08-12T13:29:33.699965,loans.csv,0,ON TIME
942,1998,1,2024-02-26,2024-03-11,2024-02-29,2026-08-12T13:29:33.699965,loans.csv,0,ON TIME
2146,2147,8,2022-02-17,2022-03-03,2022-02-25,2026-08-12T13:29:33.699965,loans.csv,0,ON TIME
823,2708,1,2022-09-25,2022-10-09,2022-10-14,2026-08-12T13:29:33.699965,loans.csv,5,MILD
7363,1341,3,2022-04-17,2022-05-08,2022-04-21,2026-08-12T13:29:33.699965,loans.csv,0,ON TIME
821,1514,1,2023-07-01,2023-07-15,2023-07-14,2026-08-12T13:29:33.699965,loans.csv,0,ON TIME
6089,935,3,2024-03-09,2024-03-23,2024-03-19,2026-08-12T13:29:33.699965,loans.csv,0,ON TIME
3515,1899,2,2024-07-17,2024-07-31,2024-07-30,2026-08-12T13:29:33.699965,loans.csv,0,ON TIME
3127,1330,1,2024-03-22,2024-04-05,2024-04-06,2026-08-12T13:29:33.699965,loans.csv,1,MILD
5892,1928,2,2022-07-20,2022-08-03,2022-07-27,2026-08-12T13:29:33.699965,loans.csv,0,ON TIME
8416,1845,23,2022-02-11,2022-02-25,2022-02-23,2026-08-12T13:29:33.699965,loans.csv,0,ON TIME
7893,1411,17,2021-11-21,2021-12-05,2021-12-01,2026-08-12T13:29:33.699965,loans.csv,0,ON TIME
3476,2279,1,2020-12-30,2021-01-13,2021-01-02,2026-08-12T13:29:33.699965,loans.csv,0,ON TIME
2247,1195,57,2021-01-06,2021-01-20,,2026-08-12T13:29:33.699965,loans.csv,2030,CRITICAL
3552,1510,2,2023-01-25,2023-02-08,2023-02-11,2026-08-12T13:29:33.699965,loans.csv,3,MILD
3571,2119,17,2023-12-08,2023-12-22,2024-01-26,2026-08-12T13:29:33.699965,loans.csv,35,CRITICAL
2246,1632,1,2023-07-21,2023-08-04,2023-07-24,2026-08-12T13:29:33.699965,loans.csv,0,ON TIME
6622,1350,5,2024-12-04,2024-12-18,2024-12-13,2026-08-12T13:29:33.699965,loans.csv,0,ON TIME
1746,674,1,2024-11-10,2024-11-24,2024-12-18,2026-08-12T13:29:33.699965,loans.csv,24,SEVERE
8018,632,1,2024-08-18,2024-09-01,2024-08-22,2026-08-12T13:29:33.699965,loans.csv,0,ON TIME
8598,1879,6,2022-08-17,2022-09-07,2022-09-04,2026-08-12T13:29:33.699965,loans.csv,0,ON TIME
1681,1330,127,2024-02-07,2024-02-21,2024-02-11,2026-08-12T13:29:33.699965,loans.csv,0,ON TIME
5190,2374,5,2023-09-14,2023-09-28,2023-10-05,2026-08-12T13:29:33.699965,loans.csv,7,MILD
5000,1809,2,2021-09-13,2021-09-27,2021-09-30,2026-08-12T13:29:33.699965,loans.csv,3,MILD
6967,1889,6,2022-08-08,2022-08-22,2022-08-12,2026-08-12T13:29:33.699965,loans.csv,0,ON TIME
472,807,1,2023-07-29,2023-08-12,2023-08-15,2026-08-12T13:29:33.699965,loans.csv,3,MILD
6465,2472,6,2023-12-09,2023-12-23,2023-12-19,2026-08-12T13:29:33.699965,loans.csv,0,ON TIME
7304,1809,1,2020-12-24,2021-01-07,2021-01-09,2026-08-12T13:29:33.699965,loans.csv,2,MILD
1777,836,1,2024-05-16,2024-05-30,,2026-08-12T13:29:33.699965,loans.csv,804,CRITICAL
3288,1344,10,2023-11-09,2023-11-23,2023-11-26,2026-08-12T13:29:33.699965,loans.csv,3,MILD
3496,1202,1,2022-04-24,2022-05-08,,2026-08-12T13:29:33.699965,loans.csv,1557,CRITICAL
5129,2173,5,2022-12-22,2023-01-05,2022-12-24,2026-08-12T13:29:33.699965,loans.csv,0,ON TIME
1022,1360,4,2024-08-01,2024-08-15,2024-08-02,2026-08-12T13:29:33.699965,loans.csv,0,ON TIME
5056,1834,3,2024-05-11,2024-05-25,2024-05-23,2026-08-12T13:29:33.699965,loans.csv,0,ON TIME
6656,657,1,2023-06-09,2023-06-23,2023-06-20,2026-08-12T13:29:33.699965,loans.csv,0,ON TIME
6456,2373,1,2024-03-09,2024-03-30,2024-03-27,2026-08-12T13:29:33.699965,loans.csv,0,ON TIME
9255,1169,1,2024-09-13,2024-09-27,2024-09-25,2026-08-12T13:29:33.699965,loans.csv,0,ON TIME
6989,527,1,2023-07-13,2023-07-27,2023-07-24,2026-08-12T13:29:33.699965,loans.csv,0,ON TIME
8787,525,58,2024-12-13,2024-12-27,,2026-08-12T13:29:33.699965,loans.csv,593,CRITICAL
1654,1461,2,2024-11-06,2024-11-20,2024-11-15,2026-08-12T13:29:33.699965,loans.csv,0,ON TIME
4524,2196,22,2023-09-30,2023-10-14,2023-10-11,2026-08-12T13:29:33.699965,loans.csv,0,ON TIME
4694,2483,1,2024-08-14,2024-09-04,2024-08-30,2026-08-12T13:29:33.699965,loans.csv,0,ON TIME
8921,2577,1,2023-01-09,2023-01-23,2023-01-30,2026-08-12T13:29:33.699965,loans.csv,7,MILD
5238,133,1,2022-07-07,2022-07-21,2022-07-11,2026-08-12T13:29:33.699965,loans.csv,0,ON TIME
5077,2733,4,2024-06-16,2024-06-30,2024-06-20,2026-08-12T13:29:33.699965,loans.csv,0,ON TIME
5185,2012,18,2022-05-04,2022-05-18,2022-05-14,2026-08-12T13:29:33.699965,loans.csv,0,ON TIME
8187,861,1,2024-07-23,2024-08-06,2024-08-11,2026-08-12T13:29:33.699965,loans.csv,5,MILD
4013,1955,1,2022-06-22,2022-07-06,2022-07-02,2026-08-12T13:29:33.699965,loans.csv,0,ON TIME
1165,2456,2,2024-01-14,2024-01-28,2024-01-19,2026-08-12T13:29:33.699965,loans.csv,0,ON TIME
4627,1329,4,2024-10-31,2024-11-14,,2026-08-12T13:29:33.699965,loans.csv,636,CRITICAL
7667,888,40,2023-11-14,2023-11-28,2023-12-02,2026-08-12T13:29:33.699965,loans.csv,4,MILD
6037,1137,1,2024-09-16,2024-09-30,2024-09-17,2026-08-12T13:29:33.699965,loans.csv,0,ON TIME
2672,2747,4,2023-09-02,2023-09-16,2023-09-17,2026-08-12T13:29:33.699965,loans.csv,1,MILD
7450,1473,30,2023-07-10,2023-07-24,2023-07-22,2026-08-12T13:29:33.699965,loans.csv,0,ON TIME
1921,1607,29,2023-06-13,2023-06-27,2023-06-23,2026-08-12T13:29:33.699965,loans.csv,0,ON TIME
1690,943,1,2023-12-16,2023-12-30,2024-01-04,2026-08-12T13:29:33.699965,loans.csv,5,MILD
8298,57,2,2022-12-15,2022-12-29,2022-12-29,2026-08-12T13:29:33.699965,loans.csv,0,ON TIME
1704,268,5,2024-09-15,2024-09-29,2024-09-27,2026-08-12T13:29:33.699965,loans.csv,0,ON TIME
6032,2192,1,2022-06-12,2022-06-26,2022-07-11,2026-08-12T13:29:33.699965,loans.csv,15,SEVERE
2846,646,1,2020-11-17,2020-12-01,2020-12-03,2026-08-12T13:29:33.699965,loans.csv,2,MILD
6756,1819,1,2024-07-18,2024-08-01,2024-07-27,2026-08-12T13:29:33.699965,loans.csv,0,ON TIME
8574,2122,2,2024-10-03,2024-10-17,2024-10-19,2026-08-12T13:29:33.699965,loans.csv,2,MILD
400,1783,7,2024-11-09,2024-11-23,2024-11-14,2026-08-12T13:29:33.699965,loans.csv,0,ON TIME
5204,572,2,2022-03-19,2022-04-02,2022-03-27,2026-08-12T13:29:33.699965,loans.csv,0,ON TIME
512,1523,1,2024-07-15,2024-08-05,2024-07-27,2026-08-12T13:29:33.699965,loans.csv,0,ON TIME
1664,1375,1,2022-07-24,2022-08-07,2022-07-26,2026-08-12T13:29:33.699965,loans.csv,0,ON TIME
283,581,35,2021-08-17,2021-08-31,2021-09-05,2026-08-12T13:29:33.699965,loans.csv,5,MILD
7928,381,2,2024-12-21,2025-01-11,,2026-08-12T13:29:33.699965,loans.csv,578,CRITICAL
4502,2755,1,2022-02-17,2022-03-03,2022-02-24,2026-08-12T13:29:33.699965,loans.csv,0,ON TIME
596,1726,1,2023-10-14,2023-11-04,2023-10-31,2026-08-12T13:29:33.699965,loans.csv,0,ON TIME
9055,528,1,2024-05-03,2024-05-17,,2026-08-12T13:29:33.699965,loans.csv,817,CRITICAL
1600,1801,2,2024-02-19,2024-03-04,2024-02-27,2026-08-12T13:29:33.699965,loans.csv,0,ON TIME
5690,1087,1,2024-08-12,2024-08-26,2024-08-26,2026-08-12T13:29:33.699965,loans.csv,0,ON TIME
8683,2639,86,2023-03-14,2023-04-04,2023-05-16,2026-08-12T13:29:33.699965,loans.csv,42,CRITICAL
674,614,17,2024-02-28,2024-03-13,2024-03-18,2026-08-12T13:29:33.699965,loans.csv,5,MILD
9155,368,9,2020-11-12,2020-11-26,2020-11-24,2026-08-12T13:29:33.699965,loans.csv,0,ON TIME
4609,934,1,2021-04-25,2021-05-09,2021-05-12,2026-08-12T13:29:33.699965,loans.csv,3,MILD
4378,1448,7,2022-11-29,2022-12-13,2022-12-17,2026-08-12T13:29:33.699965,loans.csv,4,MILD
7991,459,5,2020-08-13,2020-08-27,2020-08-19,2026-08-12T13:29:33.699965,loans.csv,0,ON TIME
4659,461,2,2022-12-08,2022-12-22,2022-12-11,2026-08-12T13:29:33.699965,loans.csv,0,ON TIME
6399,930,1,2024-06-18,2024-07-02,2024-06-24,2026-08-12T13:29:33.699965,loans.csv,0,ON TIME
7818,2250,1,2024-01-26,2024-02-16,2024-02-22,2026-08-12T13:29:33.699965,loans.csv,6,MILD
1262,1961,16,2024-09-01,2024-09-15,2024-09-12,2026-08-12T13:29:33.699965,loans.csv,0,ON TIME
4448,2009,1,2024-07-23,2024-08-06,2024-07-31,2026-08-12T13:29:33.699965,loans.csv,0,ON TIME
6427,551,1,2021-12-03,2021-12-17,2021-12-17,2026-08-12T13:29:33.699965,loans.csv,0,ON TIME
4149,2030,1,2023-06-20,2023-07-04,2023-07-10,2026-08-12T13:29:33.699965,loans.csv,6,MILD
5471,2701,3,2021-07-02,2021-07-16,2021-07-16,2026-08-12T13:29:33.699965,loans.csv,0,ON TIME
5068,2268,6,2024-05-11,2024-05-25,2024-05-16,2026-08-12T13:29:33.699965,loans.csv,0,ON TIME
8957,636,1,2020-01-31,2020-02-14,,2026-08-12T13:29:33.699965,loans.csv,2371,CRITICAL
3617,1088,2,2021-08-16,2021-08-30,2021-08-24,2026-08-12T13:29:33.699965,loans.csv,0,ON TIME
8475,2263,42,2021-08-11,2021-08-25,2021-08-29,2026-08-12T13:29:33.699965,loans.csv,4,MILD
3961,479,5,2020-07-09,2020-07-23,2020-07-28,2026-08-12T13:29:33.699965,loans.csv,5,MILD
7244,655,8,2022-05-11,2022-05-25,2022-05-26,2026-08-12T13:29:33.699965,loans.csv,1,MILD
51,1047,4,2022-12-15,2023-01-05,2023-01-02,2026-08-12T13:29:33.699965,loans.csv,0,ON TIME
194,2240,1,2024-11-13,2024-11-27,2024-12-04,2026-08-12T13:29:33.699965,loans.csv,7,MILD
5704,2324,1,2021-05-14,2021-05-28,2021-05-16,2026-08-12T13:29:33.699965,loans.csv,0,ON TIME
98,2528,1,2024-09-06,2024-09-27,2024-09-12,2026-08-12T13:29:33.699965,loans.csv,0,ON TIME
1933,49,1,2024-02-13,2024-02-27,2024-03-18,2026-08-12T13:29:33.699965,loans.csv,20,SEVERE
5916,675,25,2023-06-19,2023-07-10,2023-07-01,2026-08-12T13:29:33.699965,loans.csv,0,ON TIME
3534,105,27,2024-04-21,2024-05-05,2024-04-22,2026-08-12T13:29:33.699965,loans.csv,0,ON TIME
8240,2526,2,2024-10-28,2024-11-11,2024-11-03,2026-08-12T13:29:33.699965,loans.csv,0,ON TIME
1136,2719,1,2024-04-28,2024-05-12,2024-05-08,2026-08-12T13:29:33.699965,loans.csv,0,ON TIME
8618,555,1,2024-06-14,2024-07-05,,2026-08-12T13:29:33.699965,loans.csv,768,CRITICAL
3813,1005,1,2024-11-20,2024-12-04,2024-11-29,2026-08-12T13:29:33.699965,loans.csv,0,ON TIME
2353,2250,2,2023-10-20,2023-11-03,2023-11-02,2026-08-12T13:29:33.699965,loans.csv,0,ON TIME
7511,2144,32,2023-12-30,2024-01-13,2024-01-12,2026-08-12T13:29:33.699965,loans.csv,0,ON TIME
6752,2002,1,2022-08-12,2022-09-02,2022-08-25,2026-08-12T13:29:33.699965,loans.csv,0,ON TIME
2550,982,1,2020-01-02,2020-01-16,2020-02-10,2026-08-12T13:29:33.699965,loans.csv,25,SEVERE
448,205,1,2024-06-12,2024-06-26,2024-07-02,2026-08-12T13:29:33.699965,loans.csv,6,MILD
9173,954,2,2023-02-24,2023-03-10,2023-02-25,2026-08-12T13:29:33.699965,loans.csv,0,ON TIME
4783,2572,10,2024-01-18,2024-02-01,2024-02-04,2026-08-12T13:29:33.699965,loans.csv,3,MILD
9100,1778,23,2024-07-15,2024-08-05,2024-09-13,2026-08-12T13:29:33.699965,loans.csv,39,CRITICAL
6670,24,1,2023-10-21,2023-11-11,2023-10-27,2026-08-12T13:29:33.699965,loans.csv,0,ON TIME
6728,1532,1,2024-04-21,2024-05-05,2024-04-25,2026-08-12T13:29:33.699965,loans.csv,0,ON TIME
6957,1491,7,2024-10-03,2024-10-24,2024-10-19,2026-08-12T13:29:33.699965,loans.csv,0,ON TIME
1282,1799,1,2022-12-07,2022-12-21,2022-12-14,2026-08-12T13:29:33.699965,loans.csv,0,ON TIME
2735,1,12,2022-10-28,2022-11-11,2022-11-05,2026-08-12T13:29:33.699965,loans.csv,0,ON TIME
7245,907,2,2024-05-01,2024-05-15,2024-05-08,2026-08-12T13:29:33.699965,loans.csv,0,ON TIME
1471,2086,2,2021-03-22,2021-04-05,2021-03-27,2026-08-12T13:29:33.699965,loans.csv,0,ON TIME
3228,1846,1,2021-09-21,2021-10-12,2021-09-25,2026-08-12T13:29:33.699965,loans.csv,0,ON TIME
7374,1801,1,2022-03-26,2022-04-09,2022-04-03,2026-08-12T13:29:33.699965,loans.csv,0,ON TIME
5804,1616,4,2023-10-26,2023-11-09,2023-12-24,2026-08-12T13:29:33.699965,loans.csv,45,CRITICAL
262,1781,6,2020-11-20,2020-12-04,2020-11-30,2026-08-12T13:29:33.699965,loans.csv,0,ON TIME
2799,1346,7,2024-08-14,2024-08-28,2024-09-01,2026-08-12T13:29:33.699965,loans.csv,4,MILD
164,1295,3,2022-05-08,2022-05-22,2022-05-20,2026-08-12T13:29:33.699965,loans.csv,0,ON TIME
1411,1882,4,2023-07-03,2023-07-24,2023-07-09,2026-08-12T13:29:33.699965,loans.csv,0,ON TIME
728,862,44,2024-02-09,2024-02-23,2024-02-26,2026-08-12T13:29:33.699965,loans.csv,3,MILD
8096,113,1,2023-05-19,2023-06-02,2023-05-26,2026-08-12T13:29:33.699965,loans.csv,0,ON TIME
6040,403,2,2023-12-17,2023-12-31,2024-01-05,2026-08-12T13:29:33.699965,loans.csv,5,MILD
1223,1660,2,2023-01-20,2023-02-03,2023-02-01,2026-08-12T13:29:33.699965,loans.csv,0,ON TIME
6749,356,2,2024-11-07,2024-11-28,2024-11-12,2026-08-12T13:29:33.699965,loans.csv,0,ON TIME
6310,302,6,2024-11-30,2024-12-14,2024-12-11,2026-08-12T13:29:33.699965,loans.csv,0,ON TIME
1565,2377,2,2024-07-16,2024-07-30,2024-07-21,2026-08-12T13:29:33.699965,loans.csv,0,ON TIME
9056,1632,9,2024-07-22,2024-08-05,2024-07-29,2026-08-12T13:29:33.699965,loans.csv,0,ON TIME
9304,2072,9,2024-09-17,2024-10-01,2024-11-08,2026-08-12T13:29:33.699965,loans.csv,38,CRITICAL
5660,404,5,2024-01-01,2024-01-15,2024-01-12,2026-08-12T13:29:33.699965,loans.csv,0,ON TIME
590,2563,1,2020-08-06,2020-08-20,2020-08-18,2026-08-12T13:29:33.699965,loans.csv,0,ON TIME
5800,2732,8,2024-10-19,2024-11-02,2024-11-02,2026-08-12T13:29:33.699965,loans.csv,0,ON TIME
6642,2396,1,2022-08-01,2022-08-22,2022-08-25,2026-08-12T13:29:33.699965,loans.csv,3,MILD
2407,1684,1,2024-05-07,2024-05-21,2024-05-28,2026-08-12T13:29:33.699965,loans.csv,7,MILD
6111,2619,2,2024-12-09,2024-12-23,2025-01-05,2026-08-12T13:29:33.699965,loans.csv,13,SEVERE
3695,2190,1,2020-11-18,2020-12-02,2020-11-20,2026-08-12T13:29:33.699965,loans.csv,0,ON TIME
6554,270,1,2024-04-26,2024-05-10,2024-04-29,2026-08-12T13:29:33.699965,loans.csv,0,ON TIME
1996,146,5,2024-12-26,2025-01-09,,2026-08-12T13:29:33.699965,loans.csv,580,CRITICAL
8042,1152,1,2023-12-19,2024-01-02,2024-01-03,2026-08-12T13:29:33.699965,loans.csv,1,MILD
7007,2217,1,2021-03-16,2021-04-06,2021-03-24,2026-08-12T13:29:33.699965,loans.csv,0,ON TIME
7866,2092,4,2023-12-26,2024-01-09,2023-12-31,2026-08-12T13:29:33.699965,loans.csv,0,ON TIME
2199,378,15,2020-08-31,2020-09-14,2020-09-05,2026-08-12T13:29:33.699965,loans.csv,0,ON TIME
2857,40,1,2024-01-27,2024-02-10,2024-02-15,2026-08-12T13:29:33.699965,loans.csv,5,MILD
800,103,156,2023-11-05,2023-11-19,2023-11-15,2026-08-12T13:29:33.699965,loans.csv,0,ON TIME
7026,979,14,2021-05-09,2021-05-23,2021-05-12,2026-08-12T13:29:33.699965,loans.csv,0,ON TIME
6623,1519,4,2023-10-29,2023-11-12,2023-11-13,2026-08-12T13:29:33.699965,loans.csv,1,MILD
8593,1835,1,2023-08-02,2023-08-16,2023-08-10,2026-08-12T13:29:33.699965,loans.csv,0,ON TIME
8281,2240,4,2024-07-26,2024-08-09,2024-07-30,2026-08-12T13:29:33.699965,loans.csv,0,ON TIME
4727,572,9,2023-08-23,2023-09-06,2023-08-31,2026-08-12T13:29:33.699965,loans.csv,0,ON TIME
1439,2351,3,2022-10-28,2022-11-11,2022-11-01,2026-08-12T13:29:33.699965,loans.csv,0,ON TIME
6810,1991,1,2021-11-09,2021-11-23,2021-11-30,2026-08-12T13:29:33.699965,loans.csv,7,MILD
5387,2344,7,2024-01-25,2024-02-08,2024-02-11,2026-08-12T13:29:33.699965,loans.csv,3,MILD
7784,369,2,2024-07-21,2024-08-04,2024-07-31,2026-08-12T13:29:33.699965,loans.csv,0,ON TIME
6328,2436,12,2024-06-24,2024-07-08,2024-07-11,2026-08-12T13:29:33.699965,loans.csv,3,MILD
9381,363,1,2022-04-19,2022-05-03,2022-04-20,2026-08-12T13:29:33.699965,loans.csv,0,ON TIME
1810,168,3,2020-09-05,2020-09-26,2020-09-12,2026-08-12T13:29:33.699965,loans.csv,0,ON TIME
8389,1760,1,2020-11-05,2020-11-19,,2026-08-12T13:29:33.699965,loans.csv,2092,CRITICAL
7577,400,24,2024-05-24,2024-06-07,2024-06-06,2026-08-12T13:29:33.699965,loans.csv,0,ON TIME
3511,1739,1,2024-10-02,2024-10-16,2024-10-04,2026-08-12T13:29:33.699965,loans.csv,0,ON TIME
808,2567,7,2024-12-14,2024-12-28,,2026-08-12T13:29:33.699965,loans.csv,592,CRITICAL
3993,2198,1,2024-02-04,2024-02-18,,2026-08-12T13:29:33.699965,loans.csv,906,CRITICAL
3484,2305,1,2023-02-28,2023-03-14,2023-03-15,2026-08-12T13:29:33.699965,loans.csv,1,MILD
8832,50,1,2024-11-18,2024-12-09,2024-11-28,2026-08-12T13:29:33.699965,loans.csv,0,ON TIME
7604,2610,1,2021-09-21,2021-10-05,2021-10-09,2026-08-12T13:29:33.699965,loans.csv,4,MILD
6690,1161,1,2024-09-06,2024-09-27,2024-10-04,2026-08-12T13:29:33.699965,loans.csv,7,MILD
1431,2379,8,2024-08-27,2024-09-10,2024-09-11,2026-08-12T13:29:33.699965,loans.csv,1,MILD
2767,1695,1,2021-05-11,2021-05-25,2021-05-22,2026-08-12T13:29:33.699965,loans.csv,0,ON TIME
6963,2786,13,2023-05-18,2023-06-08,,2026-08-12T13:29:33.699965,loans.csv,1161,CRITICAL
2499,1865,27,2024-06-06,2024-06-20,2024-06-22,2026-08-12T13:29:33.699965,loans.csv,2,MILD
6222,2247,3,2024-05-12,2024-05-26,2024-05-20,2026-08-12T13:29:33.699965,loans.csv,0,ON TIME
8337,2023,5,2023-09-25,2023-10-09,2023-10-09,2026-08-12T13:29:33.699965,loans.csv,0,ON TIME
9593,336,6,2023-05-28,2023-06-11,2023-06-07,2026-08-12T13:29:33.699965,loans.csv,0,ON TIME
5488,260,5,2021-08-09,2021-08-23,2021-08-29,2026-08-12T13:29:33.699965,loans.csv,6,MILD
4690,2086,1,2021-06-18,2021-07-02,2021-07-08,2026-08-12T13:29:33.699965,loans.csv,6,MILD
4542,2152,1,2023-03-25,2023-04-08,2023-03-27,2026-08-12T13:29:33.699965,loans.csv,0,ON TIME
785,1387,30,2023-07-06,2023-07-20,2023-07-11,2026-08-12T13:29:33.699965,loans.csv,0,ON TIME
8445,107,3,2022-06-24,2022-07-08,2022-07-02,2026-08-12T13:29:33.699965,loans.csv,0,ON TIME
8165,671,39,2024-03-28,2024-04-11,2024-04-18,2026-08-12T13:29:33.699965,loans.csv,7,MILD
4980,873,4,2022-06-13,2022-06-27,2022-06-28,2026-08-12T13:29:33.699965,loans.csv,1,MILD
7132,205,2,2024-07-28,2024-08-11,2024-07-31,2026-08-12T13:29:33.699965,loans.csv,0,ON TIME
1353,276,1,2023-10-04,2023-10-18,2023-10-17,2026-08-12T13:29:33.699965,loans.csv,0,ON TIME
6137,881,1,2022-05-18,2022-06-01,2022-05-23,2026-08-12T13:29:33.699965,loans.csv,0,ON TIME
2212,1210,17,2023-07-07,2023-07-21,,2026-08-12T13:29:33.699965,loans.csv,1118,CRITICAL
7715,2755,29,2022-03-15,2022-04-05,,2026-08-12T13:29:33.699965,loans.csv,1590,CRITICAL
329,2086,11,2020-12-08,2020-12-22,2020-12-16,2026-08-12T13:29:33.699965,loans.csv,0,ON TIME
8879,1087,45,2024-11-30,2024-12-14,2024-12-02,2026-08-12T13:29:33.699965,loans.csv,0,ON TIME
9109,802,10,2023-01-08,2023-01-22,2023-01-14,2026-08-12T13:29:33.699965,loans.csv,0,ON TIME
170,881,1,2023-09-17,2023-10-01,2023-09-19,2026-08-12T13:29:33.699965,loans.csv,0,ON TIME
8341,2277,1,2024-05-22,2024-06-05,2024-06-03,2026-08-12T13:29:33.699965,loans.csv,0,ON TIME
3022,2558,1,2021-11-19,2021-12-03,2021-12-09,2026-08-12T13:29:33.699965,loans.csv,6,MILD
2556,1703,1,2024-08-06,2024-08-27,2024-08-26,2026-08-12T13:29:33.699965,loans.csv,0,ON TIME
7899,2322,1,2024-06-12,2024-06-26,2024-06-18,2026-08-12T13:29:33.699965,loans.csv,0,ON TIME
5465,2783,1,2024-07-28,2024-08-11,2024-08-01,2026-08-12T13:29:33.699965,loans.csv,0,ON TIME
8478,1244,1,2023-07-16,2023-07-30,2023-07-17,2026-08-12T13:29:33.699965,loans.csv,0,ON TIME
8844,1521,1,2024-05-15,2024-05-29,2024-05-18,2026-08-12T13:29:33.699965,loans.csv,0,ON TIME
5728,934,1,2023-05-25,2023-06-08,2023-06-11,2026-08-12T13:29:33.699965,loans.csv,3,MILD
804,1043,92,2023-09-02,2023-09-16,2023-09-08,2026-08-12T13:29:33.699965,loans.csv,0,ON TIME
5053,2541,8,2020-04-05,2020-04-19,2020-04-23,2026-08-12T13:29:33.699965,loans.csv,4,MILD
3130,1051,3,2021-12-17,2021-12-31,2022-01-19,2026-08-12T13:29:33.699965,loans.csv,19,SEVERE
8800,1077,4,2024-03-19,2024-04-02,2024-05-10,2026-08-12T13:29:33.699965,loans.csv,38,CRITICAL
5126,1181,1,2024-02-29,2024-03-14,2024-03-19,2026-08-12T13:29:33.699965,loans.csv,5,MILD
3414,2015,1,2023-08-07,2023-08-21,2023-08-14,2026-08-12T13:29:33.699965,loans.csv,0,ON TIME
3122,898,3,2023-07-03,2023-07-17,2023-07-13,2026-08-12T13:29:33.699965,loans.csv,0,ON TIME
1444,124,6,2023-10-30,2023-11-20,2023-11-21,2026-08-12T13:29:33.699965,loans.csv,1,MILD
4326,2147,2,2023-12-27,2024-01-10,2024-01-13,2026-08-12T13:29:33.699965,loans.csv,3,MILD
5856,1962,1,2023-05-31,2023-06-14,2023-06-14,2026-08-12T13:29:33.699965,loans.csv,0,ON TIME
8567,1828,1,2024-07-08,2024-07-22,,2026-08-12T13:29:33.699965,loans.csv,751,CRITICAL
5050,2589,1,2024-09-30,2024-10-14,2024-10-08,2026-08-12T13:29:33.699965,loans.csv,0,ON TIME
3042,2777,12,2024-12-12,2024-12-26,,2026-08-12T13:29:33.699965,loans.csv,594,CRITICAL
4682,1606,1,2021-10-05,2021-10-19,2021-10-20,2026-08-12T13:29:33.699965,loans.csv,1,MILD
8535,615,1,2024-07-13,2024-07-27,2024-07-20,2026-08-12T13:29:33.699965,loans.csv,0,ON TIME
6167,1861,10,2024-07-25,2024-08-08,2024-08-14,2026-08-12T13:29:33.699965,loans.csv,6,MILD
2118,1097,1,2021-06-30,2021-07-14,,2026-08-12T13:29:33.699965,loans.csv,1855,CRITICAL
2380,1038,2,2024-01-10,2024-01-24,2024-01-16,2026-08-12T13:29:33.699965,loans.csv,0,ON TIME
4528,2018,1,2024-06-25,2024-07-16,2024-07-14,2026-08-12T13:29:33.699965,loans.csv,0,ON TIME
2820,1362,1,2024-08-29,2024-09-19,,2026-08-12T13:29:33.699965,loans.csv,692,CRITICAL
3108,2227,2,2023-10-28,2023-11-11,2023-11-02,2026-08-12T13:29:33.699965,loans.csv,0,ON TIME
870,1763,1,2023-04-19,2023-05-03,2023-04-23,2026-08-12T13:29:33.699965,loans.csv,0,ON TIME
103,482,1,2024-02-15,2024-02-29,2024-02-17,2026-08-12T13:29:33.699965,loans.csv,0,ON TIME
2569,459,12,2022-09-25,2022-10-09,2022-11-06,2026-08-12T13:29:33.699965,loans.csv,28,SEVERE
9153,2119,4,2022-08-16,2022-08-30,2022-08-21,2026-08-12T13:29:33.699965,loans.csv,0,ON TIME
856,1729,1,2022-06-13,2022-06-27,2022-06-18,2026-08-12T13:29:33.699965,loans.csv,0,ON TIME
43,452,17,2021-01-05,2021-01-19,2021-01-21,2026-08-12T13:29:33.699965,loans.csv,2,MILD
4045,1276,1,2024-12-24,2025-01-14,,2026-08-12T13:29:33.699965,loans.csv,575,CRITICAL
8551,2416,5,2024-08-04,2024-08-18,2024-08-24,2026-08-12T13:29:33.699965,loans.csv,6,MILD
3845,444,5,2022-11-04,2022-11-18,2022-11-05,2026-08-12T13:29:33.699965,loans.csv,0,ON TIME
3804,2799,1,2020-10-14,2020-10-28,2020-11-03,2026-08-12T13:29:33.699965,loans.csv,6,MILD
3024,2520,1,2022-05-30,2022-06-13,2022-05-31,2026-08-12T13:29:33.699965,loans.csv,0,ON TIME
5356,805,1,2020-11-15,2020-11-29,2020-11-24,2026-08-12T13:29:33.699965,loans.csv,0,ON TIME
1738,2209,1,2024-10-24,2024-11-14,2024-11-09,2026-08-12T13:29:33.699965,loans.csv,0,ON TIME
1181,641,1,2023-10-06,2023-10-20,2023-10-16,2026-08-12T13:29:33.699965,loans.csv,0,ON TIME
1014,2029,1,2021-10-27,2021-11-17,2021-11-05,2026-08-12T13:29:33.699965,loans.csv,0,ON TIME
3395,1210,17,2020-12-28,2021-01-11,2021-01-07,2026-08-12T13:29:33.699965,loans.csv,0,ON TIME
6828,2340,3,2022-08-18,2022-09-08,2022-09-02,2026-08-12T13:29:33.699965,loans.csv,0,ON TIME
7834,1116,2,2024-07-29,2024-08-12,2024-08-17,2026-08-12T13:29:33.699965,loans.csv,5,MILD
4453,380,17,2022-04-29,2022-05-13,2022-05-03,2026-08-12T13:29:33.699965,loans.csv,0,ON TIME
3801,1734,1,2023-10-13,2023-10-27,2023-10-24,2026-08-12T13:29:33.699965,loans.csv,0,ON TIME
6529,1962,3,2023-02-05,2023-02-19,2023-02-26,2026-08-12T13:29:33.699965,loans.csv,7,MILD
322,2359,1,2022-05-25,2022-06-15,2022-05-29,2026-08-12T13:29:33.699965,loans.csv,0,ON TIME
4032,1369,6,2024-09-22,2024-10-06,,2026-08-12T13:29:33.699965,loans.csv,675,CRITICAL
3396,1423,1,2024-05-15,2024-05-29,,2026-08-12T13:29:33.699965,loans.csv,805,CRITICAL
7211,1098,50,2021-09-01,2021-09-15,2021-09-03,2026-08-12T13:29:33.699965,loans.csv,0,ON TIME
9402,309,2,2023-02-21,2023-03-07,,2026-08-12T13:29:33.699965,loans.csv,1254,CRITICAL
4071,1483,3,2023-10-27,2023-11-10,,2026-08-12T13:29:33.699965,loans.csv,1006,CRITICAL
8532,2577,3,2023-06-03,2023-06-17,2023-06-10,2026-08-12T13:29:33.699965,loans.csv,0,ON TIME
8824,2378,9,2022-04-06,2022-04-20,2022-04-19,2026-08-12T13:29:33.699965,loans.csv,0,ON TIME
8024,958,98,2021-07-27,2021-08-10,2021-08-07,2026-08-12T13:29:33.699965,loans.csv,0,ON TIME
518,1529,62,2023-09-27,2023-10-11,2023-10-03,2026-08-12T13:29:33.699965,loans.csv,0,ON TIME
6435,58,2,2024-04-04,2024-04-18,2024-04-14,2026-08-12T13:29:33.699965,loans.csv,0,ON TIME
4787,373,1,2024-07-02,2024-07-16,,2026-08-12T13:29:33.699965,loans.csv,757,CRITICAL
9606,591,2,2024-09-06,2024-09-20,2024-09-11,2026-08-12T13:29:33.699965,loans.csv,0,ON TIME
8544,2690,7,2024-11-14,2024-11-28,2024-11-16,2026-08-12T13:29:33.699965,loans.csv,0,ON TIME
3632,1722,2,2022-02-19,2022-03-05,2022-02-25,2026-08-12T13:29:33.699965,loans.csv,0,ON TIME
114,2106,2,2021-10-19,2021-11-09,2021-10-28,2026-08-12T13:29:33.699965,loans.csv,0,ON TIME
6281,1244,1,2020-07-18,2020-08-01,,2026-08-12T13:29:33.699965,loans.csv,2202,CRITICAL
7144,347,10,2024-02-03,2024-02-17,2024-02-16,2026-08-12T13:29:33.699965,loans.csv,0,ON TIME
4918,1482,1,2024-08-14,2024-08-28,2024-08-24,2026-08-12T13:29:33.699965,loans.csv,0,ON TIME
7646,452,4,2020-08-17,2020-08-31,,2026-08-12T13:29:33.699965,loans.csv,2172,CRITICAL
4254,1994,1,2024-12-09,2024-12-23,2024-12-24,2026-08-12T13:29:33.699965,loans.csv,1,MILD
6876,2413,1,2024-11-11,2024-11-25,2024-11-15,2026-08-12T13:29:33.699965,loans.csv,0,ON TIME
1236,2211,1,2021-01-28,2021-02-18,2021-02-19,2026-08-12T13:29:33.699965,loans.csv,1,MILD
3702,547,1,2024-11-12,2024-11-26,2024-11-26,2026-08-12T13:29:33.699965,loans.csv,0,ON TIME
5799,1068,1,2024-11-23,2024-12-07,2024-12-02,2026-08-12T13:29:33.699965,loans.csv,0,ON TIME
4212,1431,1,2024-08-17,2024-08-31,,2026-08-12T13:29:33.699965,loans.csv,711,CRITICAL
5479,2157,18,2024-07-14,2024-07-28,,2026-08-12T13:29:33.699965,loans.csv,745,CRITICAL
8649,982,1,2023-11-19,2023-12-03,2023-12-08,2026-08-12T13:29:33.699965,loans.csv,5,MILD
2270,1657,9,2024-05-06,2024-05-20,2024-05-10,2026-08-12T13:29:33.699965,loans.csv,0,ON TIME
7098,2568,1,2024-04-28,2024-05-12,2024-05-13,2026-08-12T13:29:33.699965,loans.csv,1,MILD
4636,2633,1,2023-12-08,2023-12-22,2023-12-27,2026-08-12T13:29:33.699965,loans.csv,5,MILD
3748,848,1,2024-10-09,2024-10-23,2024-10-24,2026-08-12T13:29:33.699965,loans.csv,1,MILD
7583,907,1,2024-08-14,2024-08-28,2024-08-30,2026-08-12T13:29:33.699965,loans.csv,2,MILD
1757,1360,1,2024-06-22,2024-07-06,2024-07-20,2026-08-12T13:29:33.699965,loans.csv,14,SEVERE
3556,1750,1,2023-10-05,2023-10-19,2023-10-16,2026-08-12T13:29:33.699965,loans.csv,0,ON TIME
6697,1142,3,2022-07-23,2022-08-06,2022-07-28,2026-08-12T13:29:33.699965,loans.csv,0,ON TIME
3181,1331,1,2024-08-15,2024-08-29,2024-08-20,2026-08-12T13:29:33.699965,loans.csv,0,ON TIME
1237,1991,2,2022-01-09,2022-01-23,2022-02-03,2026-08-12T13:29:33.699965,loans.csv,11,SEVERE
9442,1149,12,2022-06-10,2022-06-24,2022-06-23,2026-08-12T13:29:33.699965,loans.csv,0,ON TIME
8730,814,6,2024-04-14,2024-04-28,2024-04-20,2026-08-12T13:29:33.699965,loans.csv,0,ON TIME
1576,746,2,2021-08-21,2021-09-04,2021-08-29,2026-08-12T13:29:33.699965,loans.csv,0,ON TIME
1508,809,7,2022-11-18,2022-12-02,,2026-08-12T13:29:33.699965,loans.csv,1349,CRITICAL
8851,1801,5,2024-04-06,2024-04-20,2024-04-07,2026-08-12T13:29:33.699965,loans.csv,0,ON TIME
8192,2377,1,2024-10-13,2024-10-27,2024-10-24,2026-08-12T13:29:33.699965,loans.csv,0,ON TIME
4389,483,4,2024-08-13,2024-08-27,2024-08-14,2026-08-12T13:29:33.699965,loans.csv,0,ON TIME
391,691,7,2022-07-25,2022-08-08,2022-09-06,2026-08-12T13:29:33.699965,loans.csv,29,SEVERE
1087,2023,2,2022-07-07,2022-07-21,2022-07-11,2026-08-12T13:29:33.699965,loans.csv,0,ON TIME
9261,1147,12,2024-11-09,2024-11-23,2024-11-16,2026-08-12T13:29:33.699965,loans.csv,0,ON TIME
4848,685,1,2024-06-18,2024-07-02,2024-07-04,2026-08-12T13:29:33.699965,loans.csv,2,MILD
8509,464,11,2021-06-20,2021-07-04,2021-06-28,2026-08-12T13:29:33.699965,loans.csv,0,ON TIME
1550,205,9,2024-11-17,2024-12-01,2024-11-21,2026-08-12T13:29:33.699965,loans.csv,0,ON TIME
5099,2055,41,2021-10-02,2021-10-23,2021-10-26,2026-08-12T13:29:33.699965,loans.csv,3,MILD
7552,1888,1,2024-09-13,2024-09-27,2024-09-26,2026-08-12T13:29:33.699965,loans.csv,0,ON TIME
7158,1412,52,2024-04-19,2024-05-03,2024-04-25,2026-08-12T13:29:33.699965,loans.csv,0,ON TIME
4707,673,2,2023-12-04,2023-12-18,2023-12-25,2026-08-12T13:29:33.699965,loans.csv,7,MILD
7631,1623,2,2023-04-03,2023-04-17,2023-04-10,2026-08-12T13:29:33.699965,loans.csv,0,ON TIME
6304,2633,24,2024-01-08,2024-01-22,2024-01-12,2026-08-12T13:29:33.699965,loans.csv,0,ON TIME
3661,336,1,2024-04-27,2024-05-11,2024-04-30,2026-08-12T13:29:33.699965,loans.csv,0,ON TIME
8059,223,1,2024-04-11,2024-04-25,2024-04-30,2026-08-12T13:29:33.699965,loans.csv,5,MILD
3390,1738,2,2022-12-08,2022-12-22,2022-12-29,2026-08-12T13:29:33.699965,loans.csv,7,MILD
8719,305,55,2022-04-18,2022-05-02,,2026-08-12T13:29:33.699965,loans.csv,1563,CRITICAL
9188,2387,2,2020-09-23,2020-10-07,2020-09-29,2026-08-12T13:29:33.699965,loans.csv,0,ON TIME
6878,1248,3,2024-06-07,2024-06-21,2024-06-08,2026-08-12T13:29:33.699965,loans.csv,0,ON TIME
4143,55,12,2023-03-19,2023-04-02,,2026-08-12T13:29:33.699965,loans.csv,1228,CRITICAL
7415,1208,10,2024-02-09,2024-02-23,2024-02-13,2026-08-12T13:29:33.699965,loans.csv,0,ON TIME
8479,1977,1,2023-08-16,2023-08-30,2023-08-18,2026-08-12T13:29:33.699965,loans.csv,0,ON TIME
2180,1693,26,2022-10-28,2022-11-18,2022-11-12,2026-08-12T13:29:33.699965,loans.csv,0,ON TIME
6311,2558,3,2024-06-20,2024-07-04,2024-06-30,2026-08-12T13:29:33.699965,loans.csv,0,ON TIME
8885,1447,2,2023-08-01,2023-08-15,2023-08-06,2026-08-12T13:29:33.699965,loans.csv,0,ON TIME
5972,1013,2,2021-10-24,2021-11-07,2021-11-04,2026-08-12T13:29:33.699965,loans.csv,0,ON TIME
8858,1997,1,2023-09-26,2023-10-10,2023-10-10,2026-08-12T13:29:33.699965,loans.csv,0,ON TIME
2124,1700,10,2021-09-09,2021-09-23,2021-09-13,2026-08-12T13:29:33.699965,loans.csv,0,ON TIME
6202,382,3,2024-01-20,2024-02-03,2024-02-09,2026-08-12T13:29:33.699965,loans.csv,6,MILD
6366,18,61,2022-06-29,2022-07-13,,2026-08-12T13:29:33.699965,loans.csv,1491,CRITICAL
4187,179,1,2024-05-19,2024-06-02,2024-05-28,2026-08-12T13:29:33.699965,loans.csv,0,ON TIME
5023,1105,12,2024-05-04,2024-05-18,2024-05-09,2026-08-12T13:29:33.699965,loans.csv,0,ON TIME
3528,1759,4,2024-08-01,2024-08-15,2024-08-06,2026-08-12T13:29:33.699965,loans.csv,0,ON TIME
9047,726,1,2024-06-24,2024-07-08,2024-07-07,2026-08-12T13:29:33.699965,loans.csv,0,ON TIME
92,2630,1,2020-08-11,2020-08-25,,2026-08-12T13:29:33.699965,loans.csv,2178,CRITICAL
6608,1967,6,2020-01-08,2020-01-22,,2026-08-12T13:29:33.699965,loans.csv,2394,CRITICAL
5343,525,12,2024-11-28,2024-12-19,2024-12-26,2026-08-12T13:29:33.699965,loans.csv,7,MILD
7613,1011,1,2023-11-26,2023-12-10,2023-12-09,2026-08-12T13:29:33.699965,loans.csv,0,ON TIME
5662,1087,2,2024-07-14,2024-07-28,2024-07-27,2026-08-12T13:29:33.699965,loans.csv,0,ON TIME
5929,1025,2,2024-11-26,2024-12-17,2024-11-30,2026-08-12T13:29:33.699965,loans.csv,0,ON TIME
7618,1940,2,2024-07-19,2024-08-02,,2026-08-12T13:29:33.699965,loans.csv,740,CRITICAL
5962,1600,1,2021-10-25,2021-11-08,,2026-08-12T13:29:33.699965,loans.csv,1738,CRITICAL
4510,1336,1,2021-04-26,2021-05-10,,2026-08-12T13:29:33.699965,loans.csv,1920,CRITICAL
1715,1336,1,2022-08-15,2022-08-29,2022-08-24,2026-08-12T13:29:33.699965,loans.csv,0,ON TIME
7554,1400,1,2024-12-12,2024-12-26,,2026-08-12T13:29:33.699965,loans.csv,594,CRITICAL
3966,1211,2,2024-08-12,2024-09-02,2024-08-23,2026-08-12T13:29:33.699965,loans.csv,0,ON TIME
7910,2677,2,2024-03-09,2024-03-23,2024-03-14,2026-08-12T13:29:33.699965,loans.csv,0,ON TIME
4249,904,2,2022-02-03,2022-02-17,2022-02-13,2026-08-12T13:29:33.699965,loans.csv,0,ON TIME
3717,2572,1,2022-01-15,2022-01-29,2022-01-23,2026-08-12T13:29:33.699965,loans.csv,0,ON TIME
6254,475,1,2022-05-01,2022-05-15,2022-05-16,2026-08-12T13:29:33.699965,loans.csv,1,MILD
3051,105,1,2024-09-21,2024-10-05,,2026-08-12T13:29:33.699965,loans.csv,676,CRITICAL
6082,1729,1,2024-11-10,2024-11-24,2024-11-14,2026-08-12T13:29:33.699965,loans.csv,0,ON TIME
3822,1422,2,2024-09-24,2024-10-08,2024-10-14,2026-08-12T13:29:33.699965,loans.csv,6,MILD
6452,2159,2,2024-03-16,2024-03-30,2024-05-10,2026-08-12T13:29:33.699965,loans.csv,41,CRITICAL
1397,1983,1,2023-05-11,2023-05-25,2023-05-31,2026-08-12T13:29:33.699965,loans.csv,6,MILD
8911,832,12,2023-01-14,2023-01-28,2023-01-18,2026-08-12T13:29:33.699965,loans.csv,0,ON TIME
4643,1124,1,2024-02-13,2024-02-27,2024-03-03,2026-08-12T13:29:33.699965,loans.csv,5,MILD
9154,417,1,2022-07-15,2022-08-05,2022-07-17,2026-08-12T13:29:33.699965,loans.csv,0,ON TIME
996,2520,108,2022-10-21,2022-11-04,2022-10-30,2026-08-12T13:29:33.699965,loans.csv,0,ON TIME
4965,1897,1,2022-10-30,2022-11-13,,2026-08-12T13:29:33.699965,loans.csv,1368,CRITICAL
343,2710,71,2024-07-22,2024-08-05,2024-07-30,2026-08-12T13:29:33.699965,loans.csv,0,ON TIME
2695,1160,19,2021-08-26,2021-09-09,2021-09-07,2026-08-12T13:29:33.699965,loans.csv,0,ON TIME
3163,1859,1,2021-05-06,2021-05-20,2021-05-18,2026-08-12T13:29:33.699965,loans.csv,0,ON TIME
6931,1350,1,2020-12-29,2021-01-12,2021-01-14,2026-08-12T13:29:33.699965,loans.csv,2,MILD
1274,316,59,2024-12-01,2024-12-15,2024-12-12,2026-08-12T13:29:33.699965,loans.csv,0,ON TIME
1784,2170,2,2024-09-08,2024-09-22,2024-09-12,2026-08-12T13:29:33.699965,loans.csv,0,ON TIME
8713,715,1,2023-11-10,2023-11-24,2023-11-24,2026-08-12T13:29:33.699965,loans.csv,0,ON TIME
8667,1922,15,2024-03-13,2024-03-27,2024-03-17,2026-08-12T13:29:33.699965,loans.csv,0,ON TIME
2931,1513,10,2020-12-06,2020-12-27,2020-12-30,2026-08-12T13:29:33.699965,loans.csv,3,MILD
2114,788,2,2023-06-30,2023-07-21,2023-07-19,2026-08-12T13:29:33.699965,loans.csv,0,ON TIME
1672,1659,1,2020-09-26,2020-10-17,2020-10-16,2026-08-12T13:29:33.699965,loans.csv,0,ON TIME
5251,2115,1,2024-08-19,2024-09-02,2024-08-28,2026-08-12T13:29:33.699965,loans.csv,0,ON TIME
5436,1258,3,2024-07-13,2024-07-27,2024-07-21,2026-08-12T13:29:33.699965,loans.csv,0,ON TIME
6454,201,1,2021-11-30,2021-12-14,2021-12-04,2026-08-12T13:29:33.699965,loans.csv,0,ON TIME
116,1501,2,2021-02-19,2021-03-05,2021-02-22,2026-08-12T13:29:33.699965,loans.csv,0,ON TIME
762,1715,2,2023-09-30,2023-10-21,2023-10-20,2026-08-12T13:29:33.699965,loans.csv,0,ON TIME
5340,2711,7,2022-09-04,2022-09-18,2022-09-08,2026-08-12T13:29:33.699965,loans.csv,0,ON TIME
2415,1825,14,2022-09-19,2022-10-03,2022-09-22,2026-08-12T13:29:33.699965,loans.csv,0,ON TIME
8736,755,12,2021-10-04,2021-10-18,2021-10-23,2026-08-12T13:29:33.699965,loans.csv,5,MILD
3833,659,5,2024-08-11,2024-08-25,2024-08-24,2026-08-12T13:29:33.699965,loans.csv,0,ON TIME
3638,1072,1,2023-11-25,2023-12-09,2023-12-10,2026-08-12T13:29:33.699965,loans.csv,1,MILD
7439,1506,13,2024-07-12,2024-08-02,2024-09-02,2026-08-12T13:29:33.699965,loans.csv,31,CRITICAL
3573,731,2,2023-07-31,2023-08-14,2023-08-11,2026-08-12T13:29:33.699965,loans.csv,0,ON TIME
6322,159,2,2024-06-23,2024-07-07,2024-08-02,2026-08-12T13:29:33.699965,loans.csv,26,SEVERE
6613,1845,1,2022-03-20,2022-04-03,2022-03-23,2026-08-12T13:29:33.699965,loans.csv,0,ON TIME
6159,2119,3,2024-01-09,2024-01-30,2024-02-03,2026-08-12T13:29:33.699965,loans.csv,4,MILD
8771,2253,1,2021-04-13,2021-04-27,2021-04-22,2026-08-12T13:29:33.699965,loans.csv,0,ON TIME
3190,2649,9,2024-01-20,2024-02-03,2024-02-02,2026-08-12T13:29:33.699965,loans.csv,0,ON TIME
3443,2191,2,2023-11-10,2023-11-24,2023-11-12,2026-08-12T13:29:33.699965,loans.csv,0,ON TIME
7935,2414,1,2024-05-05,2024-05-19,2024-05-21,2026-08-12T13:29:33.699965,loans.csv,2,MILD
2044,1854,38,2024-11-03,2024-11-17,2024-11-10,2026-08-12T13:29:33.699965,loans.csv,0,ON TIME
7711,59,1,2023-06-05,2023-06-19,2023-06-11,2026-08-12T13:29:33.699965,loans.csv,0,ON TIME
9068,316,1,2024-01-28,2024-02-11,,2026-08-12T13:29:33.699965,loans.csv,913,CRITICAL
2960,2684,4,2023-04-15,2023-04-29,2023-04-19,2026-08-12T13:29:33.699965,loans.csv,0,ON TIME
8109,236,3,2021-02-03,2021-02-17,2021-02-16,2026-08-12T13:29:33.699965,loans.csv,0,ON TIME
6348,838,2,2024-08-24,2024-09-07,2024-08-25,2026-08-12T13:29:33.699965,loans.csv,0,ON TIME
1947,832,1,2022-09-05,2022-09-26,2022-09-24,2026-08-12T13:29:33.699965,loans.csv,0,ON TIME
302,270,4,2020-11-27,2020-12-11,2020-12-07,2026-08-12T13:29:33.699965,loans.csv,0,ON TIME
5463,955,1,2024-02-28,2024-03-13,2024-03-03,2026-08-12T13:29:33.699965,loans.csv,0,ON TIME
1904,1991,1,2022-01-28,2022-02-11,2022-02-27,2026-08-12T13:29:33.699965,loans.csv,16,SEVERE
2065,2655,12,2023-08-09,2023-08-30,2023-09-04,2026-08-12T13:29:33.699965,loans.csv,5,MILD
6863,553,2,2020-02-11,2020-02-25,2020-02-18,2026-08-12T13:29:33.699965,loans.csv,0,ON TIME
8062,802,4,2023-08-26,2023-09-09,2023-09-02,2026-08-12T13:29:33.699965,loans.csv,0,ON TIME
4243,1661,5,2022-05-25,2022-06-08,2022-06-04,2026-08-12T13:29:33.699965,loans.csv,0,ON TIME
3366,993,6,2024-05-25,2024-06-08,2024-06-09,2026-08-12T13:29:33.699965,loans.csv,1,MILD
7456,1125,1,2024-03-06,2024-03-20,2024-03-24,2026-08-12T13:29:33.699965,loans.csv,4,MILD
6479,1758,37,2024-10-07,2024-10-21,2024-10-19,2026-08-12T13:29:33.699965,loans.csv,0,ON TIME
9438,838,1,2021-09-18,2021-10-02,2021-09-23,2026-08-12T13:29:33.699965,loans.csv,0,ON TIME
1002,136,95,2022-03-09,2022-03-23,2022-03-21,2026-08-12T13:29:33.699965,loans.csv,0,ON TIME
5491,1364,28,2024-09-16,2024-09-30,2024-09-18,2026-08-12T13:29:33.699965,loans.csv,0,ON TIME
8693,1095,38,2021-11-25,2021-12-09,2021-12-01,2026-08-12T13:29:33.699965,loans.csv,0,ON TIME
9587,1686,2,2024-10-17,2024-10-31,2024-11-02,2026-08-12T13:29:33.699965,loans.csv,2,MILD
4624,618,7,2020-11-03,2020-11-17,2020-11-11,2026-08-12T13:29:33.699965,loans.csv,0,ON TIME
3405,1087,1,2024-11-27,2024-12-11,2024-12-12,2026-08-12T13:29:33.699965,loans.csv,1,MILD
4976,289,5,2023-04-13,2023-04-27,2023-05-03,2026-08-12T13:29:33.699965,loans.csv,6,MILD
8265,2336,8,2024-01-27,2024-02-10,2024-02-15,2026-08-12T13:29:33.699965,loans.csv,5,MILD
1299,2395,1,2023-02-13,2023-02-27,2023-02-19,2026-08-12T13:29:33.699965,loans.csv,0,ON TIME
8896,1015,68,2022-12-05,2022-12-19,2022-12-07,2026-08-12T13:29:33.699965,loans.csv,0,ON TIME
1856,1704,10,2024-01-09,2024-01-23,2024-01-22,2026-08-12T13:29:33.699965,loans.csv,0,ON TIME
7459,2301,1,2024-11-04,2024-11-18,,2026-08-12T13:29:33.699965,loans.csv,632,CRITICAL
655,2126,3,2023-07-18,2023-08-01,2023-07-27,2026-08-12T13:29:33.699965,loans.csv,0,ON TIME
7216,69,1,2022-12-26,2023-01-09,2023-01-05,2026-08-12T13:29:33.699965,loans.csv,0,ON TIME
9550,1987,1,2022-09-29,2022-10-13,2022-10-19,2026-08-12T13:29:33.699965,loans.csv,6,MILD
8331,612,2,2021-09-29,2021-10-13,2021-10-09,2026-08-12T13:29:33.699965,loans.csv,0,ON TIME
6790,1112,1,2024-11-11,2024-11-25,2024-11-27,2026-08-12T13:29:33.699965,loans.csv,2,MILD
5045,2159,1,2022-11-19,2022-12-03,,2026-08-12T13:29:33.699965,loans.csv,1348,CRITICAL
281,1272,1,2024-06-22,2024-07-06,2024-07-05,2026-08-12T13:29:33.699965,loans.csv,0,ON TIME
6553,1620,16,2024-05-23,2024-06-06,2024-06-03,2026-08-12T13:29:33.699965,loans.csv,0,ON TIME
6809,2160,1,2024-10-25,2024-11-08,2024-10-26,2026-08-12T13:29:33.699965,loans.csv,0,ON TIME
4297,1715,3,2024-07-26,2024-08-09,2024-08-05,2026-08-12T13:29:33.699965,loans.csv,0,ON TIME
1945,1301,5,2020-02-08,2020-02-22,,2026-08-12T13:29:33.699965,loans.csv,2363,CRITICAL
1394,2149,53,2021-10-21,2021-11-04,2021-11-06,2026-08-12T13:29:33.699965,loans.csv,2,MILD
5111,2675,106,2024-06-09,2024-06-23,2024-06-25,2026-08-12T13:29:33.699965,loans.csv,2,MILD
703,542,3,2021-02-15,2021-03-01,2021-03-04,2026-08-12T13:29:33.699965,loans.csv,3,MILD
8643,2693,1,2023-10-09,2023-10-23,2023-10-14,2026-08-12T13:29:33.699965,loans.csv,0,ON TIME
8334,2592,4,2024-08-24,2024-09-07,,2026-08-12T13:29:33.699965,loans.csv,704,CRITICAL
5294,1068,2,2023-08-25,2023-09-15,2023-09-16,2026-08-12T13:29:33.699965,loans.csv,1,MILD
3742,2326,4,2024-12-02,2024-12-16,2024-12-12,2026-08-12T13:29:33.699965,loans.csv,0,ON TIME
1907,2125,1,2023-07-01,2023-07-15,2023-07-17,2026-08-12T13:29:33.699965,loans.csv,2,MILD
2029,2685,158,2024-10-13,2024-10-27,2024-10-29,2026-08-12T13:29:33.699965,loans.csv,2,MILD
496,1634,1,2024-11-10,2024-11-24,2024-11-12,2026-08-12T13:29:33.699965,loans.csv,0,ON TIME
7105,49,2,2023-08-09,2023-08-23,2023-08-28,2026-08-12T13:29:33.699965,loans.csv,5,MILD
1321,2600,3,2023-11-07,2023-11-21,2024-01-05,2026-08-12T13:29:33.699965,loans.csv,45,CRITICAL
6394,2377,1,2024-04-26,2024-05-10,2024-04-30,2026-08-12T13:29:33.699965,loans.csv,0,ON TIME
3430,421,2,2023-02-09,2023-02-23,2023-02-11,2026-08-12T13:29:33.699965,loans.csv,0,ON TIME
1167,860,18,2022-11-13,2022-11-27,2022-11-22,2026-08-12T13:29:33.699965,loans.csv,0,ON TIME
7725,103,1,2020-08-04,2020-08-18,2020-08-10,2026-08-12T13:29:33.699965,loans.csv,0,ON TIME
955,1125,1,2021-10-18,2021-11-01,2021-10-26,2026-08-12T13:29:33.699965,loans.csv,0,ON TIME
5422,2477,1,2023-06-17,2023-07-01,2023-08-09,2026-08-12T13:29:33.699965,loans.csv,39,CRITICAL
6342,1284,1,2023-10-15,2023-10-29,2023-10-27,2026-08-12T13:29:33.699965,loans.csv,0,ON TIME
1991,2614,25,2022-05-12,2022-05-26,2022-05-14,2026-08-12T13:29:33.699965,loans.csv,0,ON TIME
6347,1611,6,2024-10-11,2024-10-25,2024-10-24,2026-08-12T13:29:33.699965,loans.csv,0,ON TIME
1723,1510,41,2022-09-04,2022-09-18,2022-09-16,2026-08-12T13:29:33.699965,loans.csv,0,ON TIME
801,1729,25,2022-05-22,2022-06-05,2022-05-30,2026-08-12T13:29:33.699965,loans.csv,0,ON TIME
2683,259,1,2020-11-28,2020-12-12,2020-12-04,2026-08-12T13:29:33.699965,loans.csv,0,ON TIME
8202,1891,1,2020-12-24,2021-01-07,2021-01-04,2026-08-12T13:29:33.699965,loans.csv,0,ON TIME
2801,1909,4,2024-07-15,2024-07-29,2024-07-29,2026-08-12T13:29:33.699965,loans.csv,0,ON TIME
2171,2441,36,2020-02-12,2020-02-26,2020-02-27,2026-08-12T13:29:33.699965,loans.csv,1,MILD
5061,568,9,2023-08-06,2023-08-20,2023-09-25,2026-08-12T13:29:33.699965,loans.csv,36,CRITICAL
9025,1935,11,2024-07-06,2024-07-20,2024-07-14,2026-08-12T13:29:33.699965,loans.csv,0,ON TIME
7809,2004,1,2023-08-16,2023-08-30,2023-10-09,2026-08-12T13:29:33.699965,loans.csv,40,CRITICAL
2798,2298,17,2024-11-13,2024-11-27,2024-12-10,2026-08-12T13:29:33.699965,loans.csv,13,SEVERE
3595,2562,60,2023-06-08,2023-06-22,2023-07-14,2026-08-12T13:29:33.699965,loans.csv,22,SEVERE
9257,943,7,2023-08-15,2023-08-29,2023-08-24,2026-08-12T13:29:33.699965,loans.csv,0,ON TIME
5646,1214,31,2022-10-20,2022-11-03,2022-10-22,2026-08-12T13:29:33.699965,loans.csv,0,ON TIME
749,305,3,2023-04-23,2023-05-07,2023-05-02,2026-08-12T13:29:33.699965,loans.csv,0,ON TIME
3671,918,55,2024-10-28,2024-11-11,2024-11-08,2026-08-12T13:29:33.699965,loans.csv,0,ON TIME
4572,2572,2,2024-12-09,2024-12-23,2024-12-25,2026-08-12T13:29:33.699965,loans.csv,2,MILD
8183,223,17,2022-09-10,2022-09-24,2022-10-28,2026-08-12T13:29:33.699965,loans.csv,34,CRITICAL
6297,2735,24,2024-08-19,2024-09-02,,2026-08-12T13:29:33.699965,loans.csv,709,CRITICAL
1728,534,14,2023-09-27,2023-10-18,2023-10-11,2026-08-12T13:29:33.699965,loans.csv,0,ON TIME
1708,780,1,2024-11-22,2024-12-06,2024-12-03,2026-08-12T13:29:33.699965,loans.csv,0,ON TIME
7277,2092,3,2024-05-19,2024-06-02,2024-06-02,2026-08-12T13:29:33.699965,loans.csv,0,ON TIME
6101,101,1,2023-10-18,2023-11-01,2023-10-27,2026-08-12T13:29:33.699965,loans.csv,0,ON TIME
449,1624,6,2023-03-23,2023-04-06,2023-03-28,2026-08-12T13:29:33.699965,loans.csv,0,ON TIME
5986,2561,3,2022-09-26,2022-10-10,2022-10-06,2026-08-12T13:29:33.699965,loans.csv,0,ON TIME
2121,961,6,2021-05-30,2021-06-13,2021-06-10,2026-08-12T13:29:33.699965,loans.csv,0,ON TIME
412,2518,1,2024-03-17,2024-03-31,2024-05-10,2026-08-12T13:29:33.699965,loans.csv,40,CRITICAL
9474,2353,1,2022-02-06,2022-02-20,2022-02-11,2026-08-12T13:29:33.699965,loans.csv,0,ON TIME
9314,335,45,2022-01-28,2022-02-11,2022-02-07,2026-08-12T13:29:33.699965,loans.csv,0,ON TIME
7746,1947,1,2024-08-02,2024-08-16,2024-08-14,2026-08-12T13:29:33.699965,loans.csv,0,ON TIME
1983,81,156,2022-05-11,2022-05-25,2022-05-15,2026-08-12T13:29:33.699965,loans.csv,0,ON TIME
6307,2436,1,2024-06-06,2024-06-20,2024-06-28,2026-08-12T13:29:33.699965,loans.csv,8,SEVERE
3615,1792,1,2022-10-01,2022-10-15,,2026-08-12T13:29:33.699965,loans.csv,1397,CRITICAL
5950,2743,3,2024-11-08,2024-11-22,2024-11-24,2026-08-12T13:29:33.699965,loans.csv,2,MILD
3974,432,2,2024-07-30,2024-08-13,2024-08-11,2026-08-12T13:29:33.699965,loans.csv,0,ON TIME
330,1917,7,2023-01-09,2023-01-23,2023-01-18,2026-08-12T13:29:33.699965,loans.csv,0,ON TIME
5751,2119,1,2022-10-16,2022-10-30,2022-10-17,2026-08-12T13:29:33.699965,loans.csv,0,ON TIME
6421,403,3,2023-10-24,2023-11-07,2023-11-09,2026-08-12T13:29:33.699965,loans.csv,2,MILD
8566,1984,1,2024-07-03,2024-07-17,2024-07-12,2026-08-12T13:29:33.699965,loans.csv,0,ON TIME
507,968,3,2023-12-29,2024-01-12,2024-01-02,2026-08-12T13:29:33.699965,loans.csv,0,ON TIME
97,1657,1,2024-06-02,2024-06-16,2024-07-13,2026-08-12T13:29:33.699965,loans.csv,27,SEVERE
4970,1523,1,2024-07-09,2024-07-23,2024-07-26,2026-08-12T13:29:33.699965,loans.csv,3,MILD
5981,2014,1,2024-10-10,2024-10-24,2024-11-10,2026-08-12T13:29:33.699965,loans.csv,17,SEVERE
8515,1509,2,2022-01-14,2022-01-28,2022-01-23,2026-08-12T13:29:33.699965,loans.csv,0,ON TIME
6631,485,1,2024-04-12,2024-04-26,2024-04-16,2026-08-12T13:29:33.699965,loans.csv,0,ON TIME
6275,1287,1,2024-12-06,2024-12-20,2024-12-14,2026-08-12T13:29:33.699965,loans.csv,0,ON TIME
3895,1985,2,2023-10-29,2023-11-12,2023-11-18,2026-08-12T13:29:33.699965,loans.csv,6,MILD
3698,2148,1,2024-09-26,2024-10-10,2024-10-10,2026-08-12T13:29:33.699965,loans.csv,0,ON TIME
5918,682,30,2024-10-16,2024-10-30,2024-11-05,2026-08-12T13:29:33.699965,loans.csv,6,MILD
5182,1585,2,2022-10-01,2022-10-15,2022-10-08,2026-08-12T13:29:33.699965,loans.csv,0,ON TIME
8338,1545,1,2024-07-01,2024-07-15,2024-07-15,2026-08-12T13:29:33.699965,loans.csv,0,ON TIME
6616,1994,4,2024-06-28,2024-07-12,2024-07-14,2026-08-12T13:29:33.699965,loans.csv,2,MILD
2349,2072,1,2023-12-11,2023-12-25,2023-12-27,2026-08-12T13:29:33.699965,loans.csv,2,MILD
4956,459,1,2022-08-15,2022-08-29,,2026-08-12T13:29:33.699965,loans.csv,1444,CRITICAL
3114,586,1,2021-03-22,2021-04-12,2021-05-06,2026-08-12T13:29:33.699965,loans.csv,24,SEVERE
4163,731,2,2024-05-17,2024-05-31,2024-05-19,2026-08-12T13:29:33.699965,loans.csv,0,ON TIME
8881,1203,49,2023-10-08,2023-10-22,2023-10-12,2026-08-12T13:29:33.699965,loans.csv,0,ON TIME
8920,2066,1,2021-09-27,2021-10-11,,2026-08-12T13:29:33.699965,loans.csv,1766,CRITICAL
1579,1013,2,2022-02-03,2022-02-17,2022-02-17,2026-08-12T13:29:33.699965,loans.csv,0,ON TIME
204,2416,27,2024-09-12,2024-09-26,2024-09-25,2026-08-12T13:29:33.699965,loans.csv,0,ON TIME
5316,2021,2,2023-12-12,2023-12-26,2023-12-13,2026-08-12T13:29:33.699965,loans.csv,0,ON TIME
7815,341,1,2023-12-20,2024-01-03,2024-01-02,2026-08-12T13:29:33.699965,loans.csv,0,ON TIME
1481,86,1,2023-09-27,2023-10-11,2023-09-29,2026-08-12T13:29:33.699965,loans.csv,0,ON TIME
5105,738,2,2024-06-11,2024-07-02,,2026-08-12T13:29:33.699965,loans.csv,771,CRITICAL
4025,2605,1,2022-09-17,2022-10-01,2022-10-01,2026-08-12T13:29:33.699965,loans.csv,0,ON TIME
236,1662,24,2024-05-19,2024-06-02,2024-05-21,2026-08-12T13:29:33.699965,loans.csv,0,ON TIME
4432,1099,1,2024-06-24,2024-07-15,2024-06-28,2026-08-12T13:29:33.699965,loans.csv,0,ON TIME
9120,832,43,2023-11-19,2023-12-03,2023-11-23,2026-08-12T13:29:33.699965,loans.csv,0,ON TIME
4737,1146,5,2020-11-05,2020-11-19,,2026-08-12T13:29:33.699965,loans.csv,2092,CRITICAL
9049,2492,48,2024-06-10,2024-07-01,,2026-08-12T13:29:33.699965,loans.csv,772,CRITICAL
5739,1686,1,2021-09-13,2021-09-27,2021-09-22,2026-08-12T13:29:33.699965,loans.csv,0,ON TIME
2914,2152,33,2024-07-14,2024-07-28,2024-08-04,2026-08-12T13:29:33.699965,loans.csv,7,MILD
2896,2185,21,2024-03-06,2024-03-20,2024-03-10,2026-08-12T13:29:33.699965,loans.csv,0,ON TIME
7232,1048,4,2024-07-30,2024-08-13,2024-08-05,2026-08-12T13:29:33.699965,loans.csv,0,ON TIME
5677,158,1,2024-07-31,2024-08-14,2024-08-16,2026-08-12T13:29:33.699965,loans.csv,2,MILD
2594,1315,1,2022-05-20,2022-06-03,2022-06-02,2026-08-12T13:29:33.699965,loans.csv,0,ON TIME
3431,134,44,2023-01-03,2023-01-17,2023-01-28,2026-08-12T13:29:33.699965,loans.csv,11,SEVERE
833,2496,1,2021-12-27,2022-01-10,2022-01-02,2026-08-12T13:29:33.699965,loans.csv,0,ON TIME
362,2230,2,2024-08-16,2024-08-30,2024-08-21,2026-08-12T13:29:33.699965,loans.csv,0,ON TIME
6606,2012,1,2022-09-20,2022-10-04,2022-10-04,2026-08-12T13:29:33.699965,loans.csv,0,ON TIME
4904,1161,5,2022-05-31,2022-06-21,2022-06-13,2026-08-12T13:29:33.699965,loans.csv,0,ON TIME
1952,1896,1,2023-05-07,2023-05-21,,2026-08-12T13:29:33.699965,loans.csv,1179,CRITICAL
1355,2210,2,2024-02-29,2024-03-14,,2026-08-12T13:29:33.699965,loans.csv,881,CRITICAL
6621,1237,1,2022-08-03,2022-08-17,2022-08-15,2026-08-12T13:29:33.699965,loans.csv,0,ON TIME
1634,24,1,2024-05-02,2024-05-16,2024-05-16,2026-08-12T13:29:33.699965,loans.csv,0,ON TIME
6433,2349,2,2024-10-14,2024-10-28,2024-10-24,2026-08-12T13:29:33.699965,loans.csv,0,ON TIME
9243,2449,9,2023-08-31,2023-09-14,2023-09-07,2026-08-12T13:29:33.699965,loans.csv,0,ON TIME
9395,2782,1,2024-10-06,2024-10-20,2024-10-08,2026-08-12T13:29:33.699965,loans.csv,0,ON TIME
5584,2253,1,2022-05-31,2022-06-14,2022-06-11,2026-08-12T13:29:33.699965,loans.csv,0,ON TIME
3842,845,2,2024-03-18,2024-04-01,2024-04-21,2026-08-12T13:29:33.699965,loans.csv,20,SEVERE
8189,2208,1,2023-05-25,2023-06-08,2023-05-31,2026-08-12T13:29:33.699965,loans.csv,0,ON TIME
9060,105,10,2024-08-27,2024-09-10,,2026-08-12T13:29:33.699965,loans.csv,701,CRITICAL
9142,38,67,2024-09-30,2024-10-14,,2026-08-12T13:29:33.699965,loans.csv,667,CRITICAL
2612,1711,3,2020-09-12,2020-09-26,2020-09-14,2026-08-12T13:29:33.699965,loans.csv,0,ON TIME
5449,1048,25,2024-12-16,2024-12-30,,2026-08-12T13:29:33.699965,loans.csv,590,CRITICAL
2406,299,1,2021-05-17,2021-05-31,2021-05-26,2026-08-12T13:29:33.699965,loans.csv,0,ON TIME
3432,1846,13,2024-11-16,2024-11-30,2024-11-23,2026-08-12T13:29:33.699965,loans.csv,0,ON TIME
5246,2619,114,2023-05-06,2023-05-27,2023-05-30,2026-08-12T13:29:33.699965,loans.csv,3,MILD
2811,2176,4,2024-09-18,2024-10-02,2024-09-21,2026-08-12T13:29:33.699965,loans.csv,0,ON TIME
715,1650,4,2024-08-25,2024-09-08,2024-09-05,2026-08-12T13:29:33.699965,loans.csv,0,ON TIME
9364,1198,15,2024-06-26,2024-07-10,2024-07-13,2026-08-12T13:29:33.699965,loans.csv,3,MILD
909,1118,100,2023-09-24,2023-10-08,2023-10-06,2026-08-12T13:29:33.699965,loans.csv,0,ON TIME
3397,2278,12,2024-10-19,2024-11-02,2024-11-09,2026-08-12T13:29:33.699965,loans.csv,7,MILD
5871,2483,116,2024-10-23,2024-11-06,2024-11-04,2026-08-12T13:29:33.699965,loans.csv,0,ON TIME
1458,1657,1,2023-01-11,2023-01-25,2023-02-01,2026-08-12T13:29:33.699965,loans.csv,7,MILD
2053,1882,2,2023-09-30,2023-10-14,2023-10-02,2026-08-12T13:29:33.699965,loans.csv,0,ON TIME
552,596,1,2023-03-27,2023-04-10,2023-03-31,2026-08-12T13:29:33.699965,loans.csv,0,ON TIME
6192,1491,1,2024-06-09,2024-06-23,2024-06-22,2026-08-12T13:29:33.699965,loans.csv,0,ON TIME
7612,2349,1,2022-10-24,2022-11-07,2022-10-30,2026-08-12T13:29:33.699965,loans.csv,0,ON TIME
7570,2023,27,2022-12-10,2022-12-24,2022-12-28,2026-08-12T13:29:33.699965,loans.csv,4,MILD
1609,948,3,2024-01-06,2024-01-20,2024-01-23,2026-08-12T13:29:33.699965,loans.csv,3,MILD
5745,925,3,2024-01-23,2024-02-06,2024-02-06,2026-08-12T13:29:33.699965,loans.csv,0,ON TIME
1873,348,1,2022-12-25,2023-01-08,2023-01-07,2026-08-12T13:29:33.699965,loans.csv,0,ON TIME
7006,1148,10,2024-07-17,2024-07-31,2024-07-26,2026-08-12T13:29:33.699965,loans.csv,0,ON TIME
6595,2294,2,2023-03-11,2023-03-25,2023-03-13,2026-08-12T13:29:33.699965,loans.csv,0,ON TIME
6982,1559,15,2024-12-05,2024-12-19,2024-12-15,2026-08-12T13:29:33.699965,loans.csv,0,ON TIME
6146,308,1,2024-05-07,2024-05-21,2024-06-29,2026-08-12T13:29:33.699965,loans.csv,39,CRITICAL
8357,2291,74,2024-08-15,2024-08-29,2024-08-19,2026-08-12T13:29:33.699965,loans.csv,0,ON TIME
722,1105,1,2024-08-08,2024-08-22,2024-08-25,2026-08-12T13:29:33.699965,loans.csv,3,MILD
7481,459,15,2022-02-26,2022-03-12,2022-03-15,2026-08-12T13:29:33.699965,loans.csv,3,MILD
3264,2715,12,2024-02-04,2024-02-18,2024-02-14,2026-08-12T13:29:33.699965,loans.csv,0,ON TIME
1009,2278,1,2024-10-31,2024-11-14,2024-11-16,2026-08-12T13:29:33.699965,loans.csv,2,MILD
8219,187,1,2021-06-28,2021-07-12,2021-07-19,2026-08-12T13:29:33.699965,loans.csv,7,MILD
958,79,1,2024-11-30,2024-12-14,2024-12-16,2026-08-12T13:29:33.699965,loans.csv,2,MILD
1923,2035,1,2022-07-05,2022-07-19,2022-07-24,2026-08-12T13:29:33.699965,loans.csv,5,MILD
8536,963,4,2024-02-02,2024-02-16,2024-02-05,2026-08-12T13:29:33.699965,loans.csv,0,ON TIME
4336,92,6,2023-07-10,2023-07-24,2023-08-01,2026-08-12T13:29:33.699965,loans.csv,8,SEVERE
681,2110,1,2024-01-26,2024-02-09,2024-02-12,2026-08-12T13:29:33.699965,loans.csv,3,MILD
7567,2350,121,2024-06-11,2024-06-25,2024-06-29,2026-08-12T13:29:33.699965,loans.csv,4,MILD
5052,1118,1,2024-08-07,2024-08-28,2024-09-02,2026-08-12T13:29:33.699965,loans.csv,5,MILD
4595,2311,3,2024-11-18,2024-12-02,2024-12-02,2026-08-12T13:29:33.699965,loans.csv,0,ON TIME
1271,1624,25,2021-10-04,2021-10-18,2021-10-06,2026-08-12T13:29:33.699965,loans.csv,0,ON TIME
618,1694,1,2022-05-03,2022-05-17,2022-05-22,2026-08-12T13:29:33.699965,loans.csv,5,MILD
8442,560,1,2024-12-06,2024-12-20,2024-12-13,2026-08-12T13:29:33.699965,loans.csv,0,ON TIME
6293,47,1,2021-05-27,2021-06-10,2021-06-04,2026-08-12T13:29:33.699965,loans.csv,0,ON TIME
4202,2083,1,2024-08-06,2024-08-20,2024-08-08,2026-08-12T13:29:33.699965,loans.csv,0,ON TIME
4878,2174,36,2023-05-05,2023-05-26,,2026-08-12T13:29:33.699965,loans.csv,1174,CRITICAL
7523,473,2,2024-10-26,2024-11-09,2024-12-21,2026-08-12T13:29:33.699965,loans.csv,42,CRITICAL
7344,2285,7,2024-04-07,2024-04-21,2024-04-18,2026-08-12T13:29:33.699965,loans.csv,0,ON TIME
2638,607,2,2021-12-27,2022-01-10,,2026-08-12T13:29:33.699965,loans.csv,1675,CRITICAL
711,549,1,2024-11-22,2024-12-06,2024-12-05,2026-08-12T13:29:33.699965,loans.csv,0,ON TIME
1820,1010,40,2024-04-03,2024-04-17,2024-04-10,2026-08-12T13:29:33.699965,loans.csv,0,ON TIME
4851,1241,1,2022-07-21,2022-08-04,2022-07-25,2026-08-12T13:29:33.699965,loans.csv,0,ON TIME
7476,258,3,2024-07-07,2024-07-21,2024-07-11,2026-08-12T13:29:33.699965,loans.csv,0,ON TIME
1816,2774,3,2023-03-04,2023-03-18,2023-03-21,2026-08-12T13:29:33.699965,loans.csv,3,MILD
4296,2250,2,2024-06-16,2024-06-30,2024-06-18,2026-08-12T13:29:33.699965,loans.csv,0,ON TIME
5622,1389,1,2022-02-23,2022-03-09,2022-03-14,2026-08-12T13:29:33.699965,loans.csv,5,MILD
288,882,1,2022-08-27,2022-09-10,2022-09-12,2026-08-12T13:29:33.699965,loans.csv,2,MILD
5481,1836,1,2024-10-18,2024-11-01,2024-12-11,2026-08-12T13:29:33.699965,loans.csv,40,CRITICAL
7269,1253,54,2024-07-24,2024-08-07,2024-08-07,2026-08-12T13:29:33.699965,loans.csv,0,ON TIME
8969,1673,9,2020-10-17,2020-10-31,2020-10-25,2026-08-12T13:29:33.699965,loans.csv,0,ON TIME
8238,1837,1,2023-05-31,2023-06-14,2023-06-15,2026-08-12T13:29:33.699965,loans.csv,1,MILD
2687,2544,2,2021-08-22,2021-09-05,2021-09-02,2026-08-12T13:29:33.699965,loans.csv,0,ON TIME
5837,39,1,2021-08-11,2021-09-01,2021-08-24,2026-08-12T13:29:33.699965,loans.csv,0,ON TIME
6408,2550,2,2023-08-06,2023-08-20,2023-08-10,2026-08-12T13:29:33.699965,loans.csv,0,ON TIME
222,1677,2,2024-08-22,2024-09-05,2024-08-27,2026-08-12T13:29:33.699965,loans.csv,0,ON TIME
9529,2679,1,2024-01-24,2024-02-07,,2026-08-12T13:29:33.699965,loans.csv,917,CRITICAL
5530,611,1,2024-11-24,2024-12-08,2024-12-09,2026-08-12T13:29:33.699965,loans.csv,1,MILD
1592,2007,60,2020-04-28,2020-05-12,,2026-08-12T13:29:33.699965,loans.csv,2283,CRITICAL
815,2676,1,2023-02-15,2023-03-01,2023-02-24,2026-08-12T13:29:33.699965,loans.csv,0,ON TIME
7984,802,1,2023-01-24,2023-02-07,2023-02-06,2026-08-12T13:29:33.699965,loans.csv,0,ON TIME
1549,1118,16,2023-10-24,2023-11-07,2023-11-02,2026-08-12T13:29:33.699965,loans.csv,0,ON TIME
6187,1703,2,2024-07-09,2024-07-23,2024-07-13,2026-08-12T13:29:33.699965,loans.csv,0,ON TIME
5911,1254,5,2022-11-10,2022-11-24,2022-11-18,2026-08-12T13:29:33.699965,loans.csv,0,ON TIME
8531,2584,1,2023-11-19,2023-12-03,2023-11-23,2026-08-12T13:29:33.699965,loans.csv,0,ON TIME
6867,2289,14,2023-11-14,2023-11-28,2023-11-23,2026-08-12T13:29:33.699965,loans.csv,0,ON TIME
2223,1652,110,2023-09-19,2023-10-03,2023-09-23,2026-08-12T13:29:33.699965,loans.csv,0,ON TIME
2840,528,1,2023-05-26,2023-06-09,2023-06-04,2026-08-12T13:29:33.699965,loans.csv,0,ON TIME
8971,2661,2,2022-08-01,2022-08-15,2022-08-19,2026-08-12T13:29:33.699965,loans.csv,4,MILD
4974,2030,1,2024-01-19,2024-02-02,2024-01-28,2026-08-12T13:29:33.699965,loans.csv,0,ON TIME
3491,1743,8,2021-03-27,2021-04-10,2021-04-02,2026-08-12T13:29:33.699965,loans.csv,0,ON TIME
3585,1253,2,2021-04-06,2021-04-20,2021-04-14,2026-08-12T13:29:33.699965,loans.csv,0,ON TIME
2665,980,1,2024-03-23,2024-04-06,2024-04-12,2026-08-12T13:29:33.699965,loans.csv,6,MILD
1515,2786,1,2023-06-18,2023-07-02,2023-06-19,2026-08-12T13:29:33.699965,loans.csv,0,ON TIME
3180,476,1,2023-05-14,2023-05-28,2023-05-27,2026-08-12T13:29:33.699965,loans.csv,0,ON TIME
7242,1789,39,2021-09-11,2021-09-25,2021-09-30,2026-08-12T13:29:33.699965,loans.csv,5,MILD
7281,1605,1,2022-11-29,2022-12-13,2022-12-11,2026-08-12T13:29:33.699965,loans.csv,0,ON TIME
6634,277,1,2024-07-06,2024-07-20,2024-07-08,2026-08-12T13:29:33.699965,loans.csv,0,ON TIME
1826,1727,2,2023-08-12,2023-08-26,2023-08-25,2026-08-12T13:29:33.699965,loans.csv,0,ON TIME
2700,1984,12,2023-12-27,2024-01-10,2023-12-29,2026-08-12T13:29:33.699965,loans.csv,0,ON TIME
9317,2697,1,2023-07-28,2023-08-11,2023-08-16,2026-08-12T13:29:33.699965,loans.csv,5,MILD
148,973,23,2022-07-30,2022-08-20,2022-08-10,2026-08-12T13:29:33.699965,loans.csv,0,ON TIME
9246,1072,1,2022-01-30,2022-02-13,2022-02-15,2026-08-12T13:29:33.699965,loans.csv,2,MILD
8758,2419,1,2022-04-22,2022-05-06,,2026-08-12T13:29:33.699965,loans.csv,1559,CRITICAL
926,1889,5,2023-10-03,2023-10-17,2023-10-17,2026-08-12T13:29:33.699965,loans.csv,0,ON TIME
2698,2198,170,2023-11-03,2023-11-17,2023-11-08,2026-08-12T13:29:33.699965,loans.csv,0,ON TIME
8829,819,3,2024-05-16,2024-05-30,2024-05-28,2026-08-12T13:29:33.699965,loans.csv,0,ON TIME
9425,2511,1,2022-10-16,2022-10-30,2022-10-18,2026-08-12T13:29:33.699965,loans.csv,0,ON TIME
18,1988,1,2024-01-15,2024-01-29,2024-01-25,2026-08-12T13:29:33.699965,loans.csv,0,ON TIME
5496,1533,2,2023-01-29,2023-02-12,2023-03-28,2026-08-12T13:29:33.699965,loans.csv,44,CRITICAL
2068,1513,74,2023-05-16,2023-05-30,2023-05-26,2026-08-12T13:29:33.699965,loans.csv,0,ON TIME
5151,2198,8,2021-02-17,2021-03-03,2021-02-18,2026-08-12T13:29:33.699965,loans.csv,0,ON TIME
7516,2106,1,2024-07-19,2024-08-02,2024-07-25,2026-08-12T13:29:33.699965,loans.csv,0,ON TIME
4602,2249,8,2021-06-29,2021-07-13,2021-07-20,2026-08-12T13:29:33.699965,loans.csv,7,MILD
231,36,55,2023-05-02,2023-05-16,2023-05-13,2026-08-12T13:29:33.699965,loans.csv,0,ON TIME
689,1422,33,2024-07-24,2024-08-07,2024-08-14,2026-08-12T13:29:33.699965,loans.csv,7,MILD
3883,1095,2,2023-03-08,2023-03-22,2023-03-29,2026-08-12T13:29:33.699965,loans.csv,7,MILD
9463,2153,1,2021-12-25,2022-01-08,2022-01-07,2026-08-12T13:29:33.699965,loans.csv,0,ON TIME
3036,32,11,2024-06-08,2024-06-22,2024-06-22,2026-08-12T13:29:33.699965,loans.csv,0,ON TIME
4846,1809,12,2024-08-05,2024-08-19,2024-08-26,2026-08-12T13:29:33.699965,loans.csv,7,MILD
5820,1047,142,2023-11-22,2023-12-06,2023-12-04,2026-08-12T13:29:33.699965,loans.csv,0,ON TIME
529,1142,1,2024-06-21,2024-07-05,2024-06-22,2026-08-12T13:29:33.699965,loans.csv,0,ON TIME
1707,1260,5,2023-05-26,2023-06-09,2023-06-07,2026-08-12T13:29:33.699965,loans.csv,0,ON TIME
3520,1506,43,2024-08-28,2024-09-11,2024-09-17,2026-08-12T13:29:33.699965,loans.csv,6,MILD
35,1328,1,2024-10-14,2024-10-28,2024-11-06,2026-08-12T13:29:33.699965,loans.csv,9,SEVERE
4383,1697,5,2021-07-18,2021-08-01,2021-07-28,2026-08-12T13:29:33.699965,loans.csv,0,ON TIME
5787,1098,1,2020-06-19,2020-07-03,2020-07-02,2026-08-12T13:29:33.699965,loans.csv,0,ON TIME
2789,481,1,2024-10-25,2024-11-08,2024-11-06,2026-08-12T13:29:33.699965,loans.csv,0,ON TIME
9072,2150,10,2022-10-11,2022-10-25,2022-11-01,2026-08-12T13:29:33.699965,loans.csv,7,MILD
9095,1160,1,2024-09-16,2024-09-30,2024-10-02,2026-08-12T13:29:33.699965,loans.csv,2,MILD
5312,293,55,2024-09-26,2024-10-10,2024-10-02,2026-08-12T13:29:33.699965,loans.csv,0,ON TIME
2386,2247,1,2022-05-19,2022-06-02,2022-06-12,2026-08-12T13:29:33.699965,loans.csv,10,SEVERE
4189,1910,36,2024-12-02,2024-12-16,2024-12-17,2026-08-12T13:29:33.699965,loans.csv,1,MILD
2708,167,15,2024-09-08,2024-09-22,2024-09-13,2026-08-12T13:29:33.699965,loans.csv,0,ON TIME
7080,1661,1,2024-08-03,2024-08-17,2024-08-07,2026-08-12T13:29:33.699965,loans.csv,0,ON TIME
5758,674,2,2023-10-06,2023-10-27,2023-11-16,2026-08-12T13:29:33.699965,loans.csv,20,SEVERE
5406,392,1,2020-02-23,2020-03-15,2020-03-21,2026-08-12T13:29:33.699965,loans.csv,6,MILD
547,39,2,2020-08-02,2020-08-16,2020-08-13,2026-08-12T13:29:33.699965,loans.csv,0,ON TIME
8634,1092,1,2022-03-18,2022-04-01,2022-04-20,2026-08-12T13:29:33.699965,loans.csv,19,SEVERE
3219,2635,7,2021-05-11,2021-05-25,,2026-08-12T13:29:33.699965,loans.csv,1905,CRITICAL
6505,1543,1,2024-11-05,2024-11-19,2024-11-09,2026-08-12T13:29:33.699965,loans.csv,0,ON TIME
8167,1847,3,2024-07-31,2024-08-14,2024-08-01,2026-08-12T13:29:33.699965,loans.csv,0,ON TIME
6460,2018,10,2024-09-01,2024-09-15,2024-09-11,2026-08-12T13:29:33.699965,loans.csv,0,ON TIME
1153,1142,1,2024-02-08,2024-02-22,2024-02-10,2026-08-12T13:29:33.699965,loans.csv,0,ON TIME
982,1467,1,2024-11-06,2024-11-20,2024-11-21,2026-08-12T13:29:33.699965,loans.csv,1,MILD
5579,971,5,2024-05-11,2024-05-25,2024-05-13,2026-08-12T13:29:33.699965,loans.csv,0,ON TIME
9541,2233,139,2024-02-28,2024-03-13,2024-03-11,2026-08-12T13:29:33.699965,loans.csv,0,ON TIME
23,1077,11,2023-03-25,2023-04-08,,2026-08-12T13:29:33.699965,loans.csv,1222,CRITICAL
1390,588,1,2023-11-10,2023-11-24,2023-11-21,2026-08-12T13:29:33.699965,loans.csv,0,ON TIME
5036,1626,5,2023-12-14,2023-12-28,2023-12-16,2026-08-12T13:29:33.699965,loans.csv,0,ON TIME
25,1080,1,2024-04-16,2024-04-30,2024-04-19,2026-08-12T13:29:33.699965,loans.csv,0,ON TIME
3762,1807,1,2024-09-25,2024-10-09,2024-10-08,2026-08-12T13:29:33.699965,loans.csv,0,ON TIME
1854,2613,3,2021-11-10,2021-11-24,2021-11-23,2026-08-12T13:29:33.699965,loans.csv,0,ON TIME
2554,2529,22,2024-10-05,2024-10-19,2024-10-06,2026-08-12T13:29:33.699965,loans.csv,0,ON TIME
8485,1910,1,2024-01-05,2024-01-19,2024-01-20,2026-08-12T13:29:33.699965,loans.csv,1,MILD
7537,831,1,2024-04-08,2024-04-22,2024-04-23,2026-08-12T13:29:33.699965,loans.csv,1,MILD
1885,1880,1,2021-07-16,2021-07-30,2021-07-27,2026-08-12T13:29:33.699965,loans.csv,0,ON TIME
3873,38,147,2024-08-05,2024-08-19,2024-08-16,2026-08-12T13:29:33.699965,loans.csv,0,ON TIME
1504,420,40,2022-02-08,2022-02-22,2022-02-15,2026-08-12T13:29:33.699965,loans.csv,0,ON TIME
943,459,1,2024-07-29,2024-08-12,2024-07-30,2026-08-12T13:29:33.699965,loans.csv,0,ON TIME
4116,1364,1,2024-12-17,2024-12-31,,2026-08-12T13:29:33.699965,loans.csv,589,CRITICAL
1144,939,9,2024-11-08,2024-11-22,2024-11-14,2026-08-12T13:29:33.699965,loans.csv,0,ON TIME
4042,298,1,2023-05-16,2023-05-30,2023-06-04,2026-08-12T13:29:33.699965,loans.csv,5,MILD
2774,2572,40,2023-01-12,2023-01-26,2023-01-22,2026-08-12T13:29:33.699965,loans.csv,0,ON TIME
1380,2583,1,2022-05-06,2022-05-20,2022-05-27,2026-08-12T13:29:33.699965,loans.csv,7,MILD
2359,2224,2,2024-11-02,2024-11-16,2024-11-14,2026-08-12T13:29:33.699965,loans.csv,0,ON TIME
950,1468,9,2022-01-10,2022-01-24,2022-01-13,2026-08-12T13:29:33.699965,loans.csv,0,ON TIME
7113,1871,1,2022-06-24,2022-07-08,2022-07-08,2026-08-12T13:29:33.699965,loans.csv,0,ON TIME
2926,2697,3,2022-03-12,2022-03-26,,2026-08-12T13:29:33.699965,loans.csv,1600,CRITICAL
5058,1822,1,2024-11-12,2024-11-26,2024-11-22,2026-08-12T13:29:33.699965,loans.csv,0,ON TIME
1567,804,15,2024-10-25,2024-11-08,2024-11-05,2026-08-12T13:29:33.699965,loans.csv,0,ON TIME
8381,1427,1,2024-10-01,2024-10-15,2024-10-07,2026-08-12T13:29:33.699965,loans.csv,0,ON TIME
2276,2659,2,2020-12-22,2021-01-05,2021-01-04,2026-08-12T13:29:33.699965,loans.csv,0,ON TIME
845,1684,5,2024-08-25,2024-09-08,2024-09-02,2026-08-12T13:29:33.699965,loans.csv,0,ON TIME
6033,459,1,2023-10-29,2023-11-12,2023-10-30,2026-08-12T13:29:33.699965,loans.csv,0,ON TIME
9403,2711,2,2024-02-09,2024-02-23,2024-02-22,2026-08-12T13:29:33.699965,loans.csv,0,ON TIME
9596,2423,1,2024-04-02,2024-04-16,2024-04-13,2026-08-12T13:29:33.699965,loans.csv,0,ON TIME
6246,1510,2,2023-05-18,2023-06-08,,2026-08-12T13:29:33.699965,loans.csv,1161,CRITICAL
3,1304,31,2020-01-16,2020-02-06,2020-01-30,2026-08-12T13:29:33.699965,loans.csv,0,ON TIME
4133,1582,5,2024-01-10,2024-01-24,2024-01-13,2026-08-12T13:29:33.699965,loans.csv,0,ON TIME
9267,2242,2,2021-09-23,2021-10-07,2021-09-28,2026-08-12T13:29:33.699965,loans.csv,0,ON TIME
3710,2734,1,2022-12-21,2023-01-04,,2026-08-12T13:29:33.699965,loans.csv,1316,CRITICAL
7001,1052,32,2023-06-06,2023-06-20,2023-06-16,2026-08-12T13:29:33.699965,loans.csv,0,ON TIME
5421,1908,13,2021-01-20,2021-02-03,2021-01-30,2026-08-12T13:29:33.699965,loans.csv,0,ON TIME
8036,1862,12,2021-07-31,2021-08-14,2021-08-06,2026-08-12T13:29:33.699965,loans.csv,0,ON TIME
2583,43,55,2023-09-03,2023-09-17,2023-09-05,2026-08-12T13:29:33.699965,loans.csv,0,ON TIME
1843,2297,1,2024-03-19,2024-04-02,,2026-08-12T13:29:33.699965,loans.csv,862,CRITICAL
3128,1190,1,2021-10-10,2021-10-24,,2026-08-12T13:29:33.699965,loans.csv,1753,CRITICAL
3826,1307,1,2022-09-23,2022-10-07,2022-10-07,2026-08-12T13:29:33.699965,loans.csv,0,ON TIME
1889,2324,1,2021-02-08,2021-02-22,2021-02-25,2026-08-12T13:29:33.699965,loans.csv,3,MILD
3281,1269,38,2021-06-30,2021-07-14,2021-07-17,2026-08-12T13:29:33.699965,loans.csv,3,MILD
9431,468,3,2023-09-15,2023-09-29,2023-09-30,2026-08-12T13:29:33.699965,loans.csv,1,MILD
8857,2404,25,2024-10-23,2024-11-06,,2026-08-12T13:29:33.699965,loans.csv,644,CRITICAL
7994,1030,23,2023-12-02,2023-12-16,,2026-08-12T13:29:33.699965,loans.csv,970,CRITICAL
6300,1236,2,2021-01-21,2021-02-04,2021-02-04,2026-08-12T13:29:33.699965,loans.csv,0,ON TIME
5638,1575,1,2023-07-10,2023-07-24,2023-07-11,2026-08-12T13:29:33.699965,loans.csv,0,ON TIME
914,1985,56,2022-08-01,2022-08-15,2022-08-02,2026-08-12T13:29:33.699965,loans.csv,0,ON TIME
1619,2637,3,2022-10-12,2022-10-26,,2026-08-12T13:29:33.699965,loans.csv,1386,CRITICAL
3059,615,45,2024-11-12,2024-11-26,2024-11-30,2026-08-12T13:29:33.699965,loans.csv,4,MILD
916,1113,1,2022-12-03,2022-12-17,2022-12-16,2026-08-12T13:29:33.699965,loans.csv,0,ON TIME
3358,935,3,2022-11-30,2022-12-14,2022-12-12,2026-08-12T13:29:33.699965,loans.csv,0,ON TIME
162,1263,3,2023-08-16,2023-08-30,,2026-08-12T13:29:33.699965,loans.csv,1078,CRITICAL
3525,1350,2,2022-07-10,2022-07-31,2022-07-18,2026-08-12T13:29:33.699965,loans.csv,0,ON TIME
2232,1836,1,2024-10-14,2024-10-28,2024-10-31,2026-08-12T13:29:33.699965,loans.csv,3,MILD
5851,169,1,2021-03-31,2021-04-14,2021-04-16,2026-08-12T13:29:33.699965,loans.csv,2,MILD
2393,38,3,2024-12-22,2025-01-05,,2026-08-12T13:29:33.699965,loans.csv,584,CRITICAL
562,43,4,2022-08-28,2022-09-11,2022-08-31,2026-08-12T13:29:33.699965,loans.csv,0,ON TIME
4942,1496,1,2023-07-03,2023-07-17,,2026-08-12T13:29:33.699965,loans.csv,1122,CRITICAL
9371,2412,4,2022-10-18,2022-11-01,2022-11-07,2026-08-12T13:29:33.699965,loans.csv,6,MILD
3213,105,2,2024-08-29,2024-09-12,2024-09-19,2026-08-12T13:29:33.699965,loans.csv,7,MILD
3798,451,2,2023-07-06,2023-07-20,2023-07-26,2026-08-12T13:29:33.699965,loans.csv,6,MILD
5741,1529,24,2023-06-29,2023-07-13,2023-07-12,2026-08-12T13:29:33.699965,loans.csv,0,ON TIME
4778,2115,1,2024-06-21,2024-07-05,2024-07-02,2026-08-12T13:29:33.699965,loans.csv,0,ON TIME
4673,960,1,2023-09-24,2023-10-08,2023-10-13,2026-08-12T13:29:33.699965,loans.csv,5,MILD
4925,66,4,2022-01-09,2022-01-23,2022-01-18,2026-08-12T13:29:33.699965,loans.csv,0,ON TIME
9086,59,2,2022-06-20,2022-07-04,2022-07-03,2026-08-12T13:29:33.699965,loans.csv,0,ON TIME
8792,334,1,2024-07-31,2024-08-14,2024-08-17,2026-08-12T13:29:33.699965,loans.csv,3,MILD
4927,1871,28,2021-09-25,2021-10-09,2021-10-01,2026-08-12T13:29:33.699965,loans.csv,0,ON TIME
8628,2189,2,2023-01-07,2023-01-21,2023-01-15,2026-08-12T13:29:33.699965,loans.csv,0,ON TIME
4472,614,2,2024-03-23,2024-04-06,2024-04-04,2026-08-12T13:29:33.699965,loans.csv,0,ON TIME
5573,2558,4,2021-09-18,2021-10-02,2021-10-01,2026-08-12T13:29:33.699965,loans.csv,0,ON TIME
7418,873,1,2023-06-18,2023-07-02,,2026-08-12T13:29:33.699965,loans.csv,1137,CRITICAL
8587,2311,1,2024-11-06,2024-11-27,2024-11-30,2026-08-12T13:29:33.699965,loans.csv,3,MILD
1614,1791,6,2024-11-02,2024-11-16,2024-11-18,2026-08-12T13:29:33.699965,loans.csv,2,MILD
3605,384,1,2024-07-12,2024-07-26,2024-07-28,2026-08-12T13:29:33.699965,loans.csv,2,MILD
7228,560,1,2024-10-31,2024-11-14,2024-11-21,2026-08-12T13:29:33.699965,loans.csv,7,MILD
6893,544,4,2024-11-18,2024-12-02,2024-11-23,2026-08-12T13:29:33.699965,loans.csv,0,ON TIME
1086,914,1,2022-01-28,2022-02-11,2022-02-11,2026-08-12T13:29:33.699965,loans.csv,0,ON TIME
5809,979,1,2022-05-23,2022-06-06,2022-05-31,2026-08-12T13:29:33.699965,loans.csv,0,ON TIME
8320,2250,1,2024-09-19,2024-10-03,2024-10-01,2026-08-12T13:29:33.699965,loans.csv,0,ON TIME
3308,924,5,2020-08-27,2020-09-10,2020-09-08,2026-08-12T13:29:33.699965,loans.csv,0,ON TIME
3607,2305,2,2023-06-15,2023-06-29,2023-08-09,2026-08-12T13:29:33.699965,loans.csv,41,CRITICAL
2772,587,1,2020-05-11,2020-05-25,2020-05-20,2026-08-12T13:29:33.699965,loans.csv,0,ON TIME
326,2152,2,2023-07-05,2023-07-19,2023-07-14,2026-08-12T13:29:33.699965,loans.csv,0,ON TIME
4674,2628,5,2021-11-06,2021-11-20,2021-12-21,2026-08-12T13:29:33.699965,loans.csv,31,CRITICAL
8638,319,2,2023-12-28,2024-01-11,,2026-08-12T13:29:33.699965,loans.csv,944,CRITICAL
4858,807,2,2023-12-10,2023-12-31,2023-12-21,2026-08-12T13:29:33.699965,loans.csv,0,ON TIME
8816,422,4,2024-10-07,2024-10-21,2024-10-27,2026-08-12T13:29:33.699965,loans.csv,6,MILD
2316,1767,1,2023-05-04,2023-05-18,2023-05-16,2026-08-12T13:29:33.699965,loans.csv,0,ON TIME
2248,862,1,2023-09-06,2023-09-20,2023-09-17,2026-08-12T13:29:33.699965,loans.csv,0,ON TIME
2412,746,1,2022-04-07,2022-04-21,2022-04-18,2026-08-12T13:29:33.699965,loans.csv,0,ON TIME
7777,1640,1,2021-03-24,2021-04-07,2021-04-02,2026-08-12T13:29:33.699965,loans.csv,0,ON TIME
8415,1967,4,2024-04-25,2024-05-09,2024-04-27,2026-08-12T13:29:33.699965,loans.csv,0,ON TIME
42,1057,7,2024-02-04,2024-02-18,2024-02-07,2026-08-12T13:29:33.699965,loans.csv,0,ON TIME
8029,1896,2,2024-06-15,2024-06-29,2024-06-21,2026-08-12T13:29:33.699965,loans.csv,0,ON TIME
6783,1491,9,2024-11-19,2024-12-03,,2026-08-12T13:29:33.699965,loans.csv,617,CRITICAL
4620,863,1,2022-05-29,2022-06-12,2022-05-30,2026-08-12T13:29:33.699965,loans.csv,0,ON TIME
7814,622,1,2024-10-03,2024-10-24,2024-10-07,2026-08-12T13:29:33.699965,loans.csv,0,ON TIME
7596,1777,3,2024-07-11,2024-08-01,2024-09-05,2026-08-12T13:29:33.699965,loans.csv,35,CRITICAL
8732,2370,1,2024-05-26,2024-06-09,2024-06-04,2026-08-12T13:29:33.699965,loans.csv,0,ON TIME
7531,1279,2,2023-03-31,2023-04-14,2023-04-08,2026-08-12T13:29:33.699965,loans.csv,0,ON TIME
157,2712,9,2022-09-15,2022-10-06,2022-10-11,2026-08-12T13:29:33.699965,loans.csv,5,MILD
7831,2715,1,2024-07-16,2024-07-30,2024-08-20,2026-08-12T13:29:33.699965,loans.csv,21,SEVERE
8635,621,11,2023-09-10,2023-09-24,2023-09-15,2026-08-12T13:29:33.699965,loans.csv,0,ON TIME
5550,574,2,2022-09-14,2022-09-28,2022-09-29,2026-08-12T13:29:33.699965,loans.csv,1,MILD
937,1529,1,2024-10-16,2024-10-30,,2026-08-12T13:29:33.699965,loans.csv,651,CRITICAL
4742,2324,1,2022-09-19,2022-10-03,2022-09-25,2026-08-12T13:29:33.699965,loans.csv,0,ON TIME
9161,2340,1,2023-02-25,2023-03-11,2023-03-01,2026-08-12T13:29:33.699965,loans.csv,0,ON TIME
1266,1661,1,2023-05-05,2023-05-19,2023-05-13,2026-08-12T13:29:33.699965,loans.csv,0,ON TIME
1008,437,1,2023-10-17,2023-11-07,2023-11-09,2026-08-12T13:29:33.699965,loans.csv,2,MILD
4461,2790,2,2024-01-01,2024-01-15,2024-01-16,2026-08-12T13:29:33.699965,loans.csv,1,MILD
1288,240,1,2022-09-15,2022-09-29,2022-09-20,2026-08-12T13:29:33.699965,loans.csv,0,ON TIME
4101,2600,94,2024-05-24,2024-06-07,2024-05-30,2026-08-12T13:29:33.699965,loans.csv,0,ON TIME
6655,13,1,2024-12-17,2024-12-31,,2026-08-12T13:29:33.699965,loans.csv,589,CRITICAL
6211,391,3,2023-03-19,2023-04-09,2023-04-15,2026-08-12T13:29:33.699965,loans.csv,6,MILD
3095,2097,1,2024-10-20,2024-11-03,2024-11-01,2026-08-12T13:29:33.699965,loans.csv,0,ON TIME
4634,2774,1,2024-07-09,2024-07-23,2024-07-31,2026-08-12T13:29:33.699965,loans.csv,8,SEVERE
7146,69,3,2024-03-29,2024-04-12,2024-04-11,2026-08-12T13:29:33.699965,loans.csv,0,ON TIME
89,1377,34,2023-05-29,2023-06-12,2023-06-03,2026-08-12T13:29:33.699965,loans.csv,0,ON TIME
1095,2294,4,2023-09-02,2023-09-16,,2026-08-12T13:29:33.699965,loans.csv,1061,CRITICAL
5018,888,11,2024-03-24,2024-04-07,2024-04-14,2026-08-12T13:29:33.699965,loans.csv,7,MILD
7086,1195,11,2022-01-12,2022-01-26,2022-01-20,2026-08-12T13:29:33.699965,loans.csv,0,ON TIME
9386,2190,4,2021-07-14,2021-07-28,2021-07-15,2026-08-12T13:29:33.699965,loans.csv,0,ON TIME
2285,867,18,2022-03-24,2022-04-07,2022-04-01,2026-08-12T13:29:33.699965,loans.csv,0,ON TIME
7485,146,7,2024-10-27,2024-11-10,2024-11-08,2026-08-12T13:29:33.699965,loans.csv,0,ON TIME
3882,223,1,2023-06-30,2023-07-14,2023-07-10,2026-08-12T13:29:33.699965,loans.csv,0,ON TIME
3140,1139,3,2023-05-19,2023-06-02,2023-06-04,2026-08-12T13:29:33.699965,loans.csv,2,MILD
6652,1834,1,2023-10-22,2023-11-05,2023-11-04,2026-08-12T13:29:33.699965,loans.csv,0,ON TIME
2059,2273,2,2024-10-11,2024-10-25,2024-10-13,2026-08-12T13:29:33.699965,loans.csv,0,ON TIME
8886,2099,1,2022-12-12,2022-12-26,2022-12-29,2026-08-12T13:29:33.699965,loans.csv,3,MILD
5642,2370,35,2024-11-09,2024-11-30,2024-12-11,2026-08-12T13:29:33.699965,loans.csv,11,SEVERE
5687,892,1,2024-08-18,2024-09-01,2024-08-22,2026-08-12T13:29:33.699965,loans.csv,0,ON TIME
1042,743,4,2024-02-23,2024-03-08,2024-03-08,2026-08-12T13:29:33.699965,loans.csv,0,ON TIME
3940,2443,10,2024-05-18,2024-06-01,,2026-08-12T13:29:33.699965,loans.csv,802,CRITICAL
6284,784,1,2024-09-19,2024-10-03,2024-09-20,2026-08-12T13:29:33.699965,loans.csv,0,ON TIME
1855,1452,14,2023-07-31,2023-08-14,2023-08-09,2026-08-12T13:29:33.699965,loans.csv,0,ON TIME
5723,1899,6,2021-12-08,2021-12-22,2021-12-09,2026-08-12T13:29:33.699965,loans.csv,0,ON TIME
4675,1619,1,2024-08-12,2024-09-02,2024-09-05,2026-08-12T13:29:33.699965,loans.csv,3,MILD
6445,417,15,2021-08-12,2021-08-26,2021-08-18,2026-08-12T13:29:33.699965,loans.csv,0,ON TIME
1320,1052,14,2023-10-24,2023-11-14,2023-10-31,2026-08-12T13:29:33.699965,loans.csv,0,ON TIME
790,2791,2,2023-09-25,2023-10-09,2023-10-01,2026-08-12T13:29:33.699965,loans.csv,0,ON TIME
5010,1789,127,2022-03-09,2022-03-23,2022-03-11,2026-08-12T13:29:33.699965,loans.csv,0,ON TIME
7334,2547,10,2021-07-17,2021-07-31,2021-08-04,2026-08-12T13:29:33.699965,loans.csv,4,MILD
8437,2367,12,2022-09-10,2022-09-24,2022-09-22,2026-08-12T13:29:33.699965,loans.csv,0,ON TIME
3252,233,1,2024-06-20,2024-07-11,2024-06-30,2026-08-12T13:29:33.699965,loans.csv,0,ON TIME
5956,2411,1,2022-10-18,2022-11-08,2022-11-07,2026-08-12T13:29:33.699965,loans.csv,0,ON TIME
2166,2311,1,2024-10-23,2024-11-06,2024-10-24,2026-08-12T13:29:33.699965,loans.csv,0,ON TIME
3689,231,1,2024-12-05,2024-12-19,,2026-08-12T13:29:33.699965,loans.csv,601,CRITICAL
5531,2602,23,2024-11-18,2024-12-02,2024-11-20,2026-08-12T13:29:33.699965,loans.csv,0,ON TIME
7787,592,6,2021-03-29,2021-04-12,,2026-08-12T13:29:33.699965,loans.csv,1948,CRITICAL
8134,341,4,2024-01-28,2024-02-11,2024-02-05,2026-08-12T13:29:33.699965,loans.csv,0,ON TIME
6480,343,1,2023-02-19,2023-03-12,2023-02-20,2026-08-12T13:29:33.699965,loans.csv,0,ON TIME
6873,256,1,2022-11-25,2022-12-09,2022-12-08,2026-08-12T13:29:33.699965,loans.csv,0,ON TIME
5113,2542,3,2021-10-20,2021-11-03,2021-11-05,2026-08-12T13:29:33.699965,loans.csv,2,MILD
4924,91,2,2022-06-19,2022-07-03,2022-06-27,2026-08-12T13:29:33.699965,loans.csv,0,ON TIME
7546,700,1,2024-10-28,2024-11-11,2024-11-12,2026-08-12T13:29:33.699965,loans.csv,1,MILD
567,2701,1,2022-03-11,2022-03-25,2022-03-14,2026-08-12T13:29:33.699965,loans.csv,0,ON TIME
653,2651,1,2024-12-07,2024-12-21,,2026-08-12T13:29:33.699965,loans.csv,599,CRITICAL
5277,2511,1,2021-10-14,2021-10-28,2021-10-21,2026-08-12T13:29:33.699965,loans.csv,0,ON TIME
3272,1707,68,2024-07-14,2024-07-28,2024-07-30,2026-08-12T13:29:33.699965,loans.csv,2,MILD
4523,1875,4,2023-09-12,2023-09-26,2023-09-25,2026-08-12T13:29:33.699965,loans.csv,0,ON TIME
5091,2206,23,2024-08-24,2024-09-07,2024-09-06,2026-08-12T13:29:33.699965,loans.csv,0,ON TIME
8126,874,1,2023-04-14,2023-04-28,2023-04-22,2026-08-12T13:29:33.699965,loans.csv,0,ON TIME
9591,920,1,2024-08-31,2024-09-14,,2026-08-12T13:29:33.699965,loans.csv,697,CRITICAL
7687,1087,3,2024-11-12,2024-11-26,2024-11-30,2026-08-12T13:29:33.699965,loans.csv,4,MILD
730,1147,2,2024-08-14,2024-08-28,2024-08-24,2026-08-12T13:29:33.699965,loans.csv,0,ON TIME
8261,2057,1,2023-08-28,2023-09-11,2023-09-11,2026-08-12T13:29:33.699965,loans.csv,0,ON TIME
604,575,4,2021-12-07,2021-12-21,2021-12-15,2026-08-12T13:29:33.699965,loans.csv,0,ON TIME
8145,1631,1,2023-02-02,2023-02-16,2023-02-23,2026-08-12T13:29:33.699965,loans.csv,7,MILD
2677,1405,1,2024-02-02,2024-02-16,2024-02-14,2026-08-12T13:29:33.699965,loans.csv,0,ON TIME
616,1704,4,2024-02-02,2024-02-16,2024-02-09,2026-08-12T13:29:33.699965,loans.csv,0,ON TIME
6087,481,1,2024-06-09,2024-06-23,2024-06-27,2026-08-12T13:29:33.699965,loans.csv,4,MILD
4710,115,37,2021-09-27,2021-10-11,,2026-08-12T13:29:33.699965,loans.csv,1766,CRITICAL
2797,2097,1,2024-08-25,2024-09-08,2024-08-27,2026-08-12T13:29:33.699965,loans.csv,0,ON TIME
8278,924,29,2021-07-05,2021-07-19,2021-07-15,2026-08-12T13:29:33.699965,loans.csv,0,ON TIME
5330,2023,1,2023-11-23,2023-12-07,2023-12-12,2026-08-12T13:29:33.699965,loans.csv,5,MILD
4215,1386,2,2021-10-24,2021-11-07,2021-11-12,2026-08-12T13:29:33.699965,loans.csv,5,MILD
9485,2111,11,2024-10-10,2024-10-24,2024-10-18,2026-08-12T13:29:33.699965,loans.csv,0,ON TIME
5231,1301,1,2020-07-15,2020-07-29,2020-07-18,2026-08-12T13:29:33.699965,loans.csv,0,ON TIME
649,43,4,2024-03-08,2024-03-22,2024-03-29,2026-08-12T13:29:33.699965,loans.csv,7,MILD
17,2191,1,2023-04-28,2023-05-12,,2026-08-12T13:29:33.699965,loans.csv,1188,CRITICAL
1405,2137,149,2020-12-23,2021-01-06,,2026-08-12T13:29:33.699965,loans.csv,2044,CRITICAL
1426,1801,143,2024-03-09,2024-03-23,2024-03-27,2026-08-12T13:29:33.699965,loans.csv,4,MILD
8302,1210,19,2020-01-10,2020-01-24,2020-01-17,2026-08-12T13:29:33.699965,loans.csv,0,ON TIME
409,786,1,2024-01-13,2024-02-03,2024-01-26,2026-08-12T13:29:33.699965,loans.csv,0,ON TIME
2132,2671,4,2024-04-17,2024-05-01,2024-04-18,2026-08-12T13:29:33.699965,loans.csv,0,ON TIME
5250,342,1,2022-12-17,2022-12-31,2022-12-26,2026-08-12T13:29:33.699965,loans.csv,0,ON TIME
7028,1716,3,2020-08-08,2020-08-22,2020-08-17,2026-08-12T13:29:33.699965,loans.csv,0,ON TIME
6916,1696,1,2023-01-12,2023-01-26,2023-01-22,2026-08-12T13:29:33.699965,loans.csv,0,ON TIME
8755,1610,1,2024-07-21,2024-08-04,2024-08-06,2026-08-12T13:29:33.699965,loans.csv,2,MILD
4403,1390,12,2020-05-14,2020-05-28,2020-05-15,2026-08-12T13:29:33.699965,loans.csv,0,ON TIME
1871,1422,51,2021-12-18,2022-01-01,2022-01-02,2026-08-12T13:29:33.699965,loans.csv,1,MILD
1969,674,4,2023-02-28,2023-03-14,2023-03-07,2026-08-12T13:29:33.699965,loans.csv,0,ON TIME
8270,1694,8,2024-12-09,2024-12-23,2024-12-14,2026-08-12T13:29:33.699965,loans.csv,0,ON TIME
6499,1013,3,2020-05-19,2020-06-02,2020-05-24,2026-08-12T13:29:33.699965,loans.csv,0,ON TIME
2787,521,5,2021-08-17,2021-08-31,2021-08-22,2026-08-12T13:29:33.699965,loans.csv,0,ON TIME
4125,2261,11,2023-06-12,2023-07-03,2023-06-22,2026-08-12T13:29:33.699965,loans.csv,0,ON TIME
4246,1415,60,2022-02-21,2022-03-07,2022-02-27,2026-08-12T13:29:33.699965,loans.csv,0,ON TIME
9156,1941,1,2024-12-01,2024-12-22,2024-12-20,2026-08-12T13:29:33.699965,loans.csv,0,ON TIME
7370,2606,2,2024-10-21,2024-11-04,2024-10-25,2026-08-12T13:29:33.699965,loans.csv,0,ON TIME
6958,555,1,2024-10-29,2024-11-19,2024-11-26,2026-08-12T13:29:33.699965,loans.csv,7,MILD
6649,2782,2,2020-10-18,2020-11-01,2020-10-26,2026-08-12T13:29:33.699965,loans.csv,0,ON TIME
1868,2640,3,2023-10-15,2023-10-29,2023-11-03,2026-08-12T13:29:33.699965,loans.csv,5,MILD
1770,1619,8,2024-08-27,2024-09-10,2024-09-11,2026-08-12T13:29:33.699965,loans.csv,1,MILD
3023,2127,8,2022-04-30,2022-05-14,2022-05-15,2026-08-12T13:29:33.699965,loans.csv,1,MILD
9184,2231,3,2024-10-20,2024-11-03,,2026-08-12T13:29:33.699965,loans.csv,647,CRITICAL
296,2468,1,2024-01-06,2024-01-20,2024-01-07,2026-08-12T13:29:33.699965,loans.csv,0,ON TIME
7399,1207,13,2021-09-10,2021-09-24,2021-09-18,2026-08-12T13:29:33.699965,loans.csv,0,ON TIME
7062,480,3,2022-04-12,2022-04-26,2022-04-30,2026-08-12T13:29:33.699965,loans.csv,4,MILD
5217,485,1,2024-12-19,2025-01-09,,2026-08-12T13:29:33.699965,loans.csv,580,CRITICAL
7441,1269,81,2020-10-26,2020-11-09,2020-11-02,2026-08-12T13:29:33.699965,loans.csv,0,ON TIME
4704,1095,2,2024-05-28,2024-06-11,2024-06-06,2026-08-12T13:29:33.699965,loans.csv,0,ON TIME
1221,1405,1,2023-04-03,2023-04-17,2023-04-07,2026-08-12T13:29:33.699965,loans.csv,0,ON TIME
5117,2694,16,2022-12-10,2022-12-24,2022-12-24,2026-08-12T13:29:33.699965,loans.csv,0,ON TIME
3688,222,2,2024-09-10,2024-10-01,2024-09-20,2026-08-12T13:29:33.699965,loans.csv,0,ON TIME
6607,1264,1,2022-03-04,2022-03-18,2022-03-24,2026-08-12T13:29:33.699965,loans.csv,6,MILD
1994,212,2,2024-07-10,2024-07-24,2024-07-14,2026-08-12T13:29:33.699965,loans.csv,0,ON TIME
7283,680,1,2024-03-16,2024-03-30,2024-03-28,2026-08-12T13:29:33.699965,loans.csv,0,ON TIME
3628,1306,1,2021-03-18,2021-04-01,2021-04-05,2026-08-12T13:29:33.699965,loans.csv,4,MILD
5280,1997,1,2024-10-22,2024-11-12,2024-11-11,2026-08-12T13:29:33.699965,loans.csv,0,ON TIME
5875,808,1,2024-10-12,2024-11-02,2024-11-06,2026-08-12T13:29:33.699965,loans.csv,4,MILD
5514,1048,1,2024-07-07,2024-07-21,2024-07-28,2026-08-12T13:29:33.699965,loans.csv,7,MILD
7014,1460,2,2023-10-19,2023-11-02,2023-10-31,2026-08-12T13:29:33.699965,loans.csv,0,ON TIME
7165,1828,1,2024-03-03,2024-03-17,2024-04-01,2026-08-12T13:29:33.699965,loans.csv,15,SEVERE
4000,1340,10,2024-12-23,2025-01-06,,2026-08-12T13:29:33.699965,loans.csv,583,CRITICAL
9323,1139,2,2024-06-10,2024-06-24,2024-06-18,2026-08-12T13:29:33.699965,loans.csv,0,ON TIME
9174,1623,2,2024-09-04,2024-09-18,2024-09-08,2026-08-12T13:29:33.699965,loans.csv,0,ON TIME
8697,98,25,2024-10-20,2024-11-10,2024-11-15,2026-08-12T13:29:33.699965,loans.csv,5,MILD
6414,597,1,2023-08-26,2023-09-09,2023-09-05,2026-08-12T13:29:33.699965,loans.csv,0,ON TIME
2138,993,1,2024-05-13,2024-05-27,2024-06-01,2026-08-12T13:29:33.699965,loans.csv,5,MILD
8386,2639,1,2023-05-14,2023-05-28,2023-05-27,2026-08-12T13:29:33.699965,loans.csv,0,ON TIME
5715,1954,2,2023-11-25,2023-12-09,2023-11-27,2026-08-12T13:29:33.699965,loans.csv,0,ON TIME
2626,1815,1,2024-03-21,2024-04-04,,2026-08-12T13:29:33.699965,loans.csv,860,CRITICAL
3938,1267,5,2024-03-28,2024-04-11,2024-04-05,2026-08-12T13:29:33.699965,loans.csv,0,ON TIME
7741,1326,1,2022-06-02,2022-06-16,2022-06-14,2026-08-12T13:29:33.699965,loans.csv,0,ON TIME
7504,2155,8,2023-04-11,2023-05-02,2023-04-19,2026-08-12T13:29:33.699965,loans.csv,0,ON TIME
4739,872,1,2024-12-08,2024-12-29,2024-12-26,2026-08-12T13:29:33.699965,loans.csv,0,ON TIME
5338,1835,2,2024-11-03,2024-11-17,2024-12-26,2026-08-12T13:29:33.699965,loans.csv,39,CRITICAL
8140,2134,3,2023-04-24,2023-05-08,2023-05-05,2026-08-12T13:29:33.699965,loans.csv,0,ON TIME
8788,315,9,2024-03-08,2024-03-22,2024-03-22,2026-08-12T13:29:33.699965,loans.csv,0,ON TIME
7027,1405,1,2024-06-23,2024-07-07,2024-07-14,2026-08-12T13:29:33.699965,loans.csv,7,MILD
385,73,3,2020-12-30,2021-01-13,2021-02-04,2026-08-12T13:29:33.699965,loans.csv,22,SEVERE
7923,1894,15,2024-06-08,2024-06-29,2024-06-14,2026-08-12T13:29:33.699965,loans.csv,0,ON TIME
9455,2226,73,2022-06-28,2022-07-12,2022-06-29,2026-08-12T13:29:33.699965,loans.csv,0,ON TIME
7887,535,24,2024-12-02,2024-12-16,2024-12-16,2026-08-12T13:29:33.699965,loans.csv,0,ON TIME
8344,1377,2,2024-02-05,2024-02-26,2024-02-19,2026-08-12T13:29:33.699965,loans.csv,0,ON TIME
8047,1138,4,2021-11-05,2021-11-19,2021-12-02,2026-08-12T13:29:33.699965,loans.csv,13,SEVERE
6068,2764,25,2020-09-15,2020-09-29,2020-09-26,2026-08-12T13:29:33.699965,loans.csv,0,ON TIME
6178,308,6,2023-09-26,2023-10-10,2023-10-08,2026-08-12T13:29:33.699965,loans.csv,0,ON TIME
8209,666,2,2024-02-23,2024-03-08,2024-02-29,2026-08-12T13:29:33.699965,loans.csv,0,ON TIME
3489,1248,13,2023-04-22,2023-05-06,2023-05-01,2026-08-12T13:29:33.699965,loans.csv,0,ON TIME
9164,1840,1,2023-03-04,2023-03-18,,2026-08-12T13:29:33.699965,loans.csv,1243,CRITICAL
8552,2592,1,2023-08-12,2023-08-26,2023-08-20,2026-08-12T13:29:33.699965,loans.csv,0,ON TIME
8689,2496,35,2020-03-20,2020-04-03,2020-04-02,2026-08-12T13:29:33.699965,loans.csv,0,ON TIME
6847,882,18,2023-02-04,2023-02-18,2023-02-20,2026-08-12T13:29:33.699965,loans.csv,2,MILD
430,86,3,2023-11-27,2023-12-11,2023-12-15,2026-08-12T13:29:33.699965,loans.csv,4,MILD
9480,2099,53,2022-09-18,2022-10-02,2022-10-09,2026-08-12T13:29:33.699965,loans.csv,7,MILD
7202,210,2,2023-08-03,2023-08-17,2023-08-18,2026-08-12T13:29:33.699965,loans.csv,1,MILD
379,471,1,2023-10-14,2023-10-28,,2026-08-12T13:29:33.699965,loans.csv,1019,CRITICAL
6932,2718,1,2020-10-30,2020-11-13,2020-11-02,2026-08-12T13:29:33.699965,loans.csv,0,ON TIME
2439,2711,1,2024-04-26,2024-05-10,2024-05-11,2026-08-12T13:29:33.699965,loans.csv,1,MILD
972,2039,8,2024-12-14,2025-01-04,,2026-08-12T13:29:33.699965,loans.csv,585,CRITICAL
2518,293,4,2021-04-11,2021-04-25,2021-04-27,2026-08-12T13:29:33.699965,loans.csv,2,MILD
5364,2016,3,2024-04-20,2024-05-04,2024-04-23,2026-08-12T13:29:33.699965,loans.csv,0,ON TIME
8687,1862,2,2021-08-10,2021-08-24,2021-08-25,2026-08-12T13:29:33.699965,loans.csv,1,MILD
969,1729,1,2024-07-28,2024-08-11,2024-08-03,2026-08-12T13:29:33.699965,loans.csv,0,ON TIME
5302,1450,2,2022-06-09,2022-06-23,,2026-08-12T13:29:33.699965,loans.csv,1511,CRITICAL
2075,2732,6,2024-10-17,2024-10-31,2024-10-21,2026-08-12T13:29:33.699965,loans.csv,0,ON TIME
6966,979,79,2023-10-13,2023-10-27,2023-10-22,2026-08-12T13:29:33.699965,loans.csv,0,ON TIME
8843,714,1,2023-09-24,2023-10-08,2023-10-12,2026-08-12T13:29:33.699965,loans.csv,4,MILD
8728,398,1,2024-12-01,2024-12-15,2024-12-06,2026-08-12T13:29:33.699965,loans.csv,0,ON TIME
563,996,1,2023-02-28,2023-03-14,2023-03-12,2026-08-12T13:29:33.699965,loans.csv,0,ON TIME
6472,1052,1,2024-10-24,2024-11-07,2024-11-13,2026-08-12T13:29:33.699965,loans.csv,6,MILD
2144,212,3,2024-10-16,2024-10-30,,2026-08-12T13:29:33.699965,loans.csv,651,CRITICAL
5536,1790,1,2024-03-07,2024-03-21,2024-03-15,2026-08-12T13:29:33.699965,loans.csv,0,ON TIME
4382,80,8,2022-04-21,2022-05-05,2022-05-30,2026-08-12T13:29:33.699965,loans.csv,25,SEVERE
7349,366,1,2024-06-03,2024-06-17,2024-06-14,2026-08-12T13:29:33.699965,loans.csv,0,ON TIME
3568,368,3,2022-09-25,2022-10-09,2022-09-29,2026-08-12T13:29:33.699965,loans.csv,0,ON TIME
795,1462,1,2021-04-27,2021-05-11,2021-05-11,2026-08-12T13:29:33.699965,loans.csv,0,ON TIME
4454,1836,21,2022-12-07,2022-12-21,2022-12-16,2026-08-12T13:29:33.699965,loans.csv,0,ON TIME
1812,242,1,2023-05-15,2023-06-05,2023-05-29,2026-08-12T13:29:33.699965,loans.csv,0,ON TIME
5807,1350,135,2021-06-04,2021-06-18,2021-06-23,2026-08-12T13:29:33.699965,loans.csv,5,MILD
7538,1761,1,2024-03-23,2024-04-06,2024-04-07,2026-08-12T13:29:33.699965,loans.csv,1,MILD
7384,2190,1,2024-05-04,2024-05-18,2024-05-13,2026-08-12T13:29:33.699965,loans.csv,0,ON TIME
9613,1522,8,2021-11-24,2021-12-08,2021-12-05,2026-08-12T13:29:33.699965,loans.csv,0,ON TIME
1289,897,28,2023-05-31,2023-06-14,2023-06-02,2026-08-12T13:29:33.699965,loans.csv,0,ON TIME
242,1319,3,2023-12-26,2024-01-09,2024-01-02,2026-08-12T13:29:33.699965,loans.csv,0,ON TIME
6543,1302,1,2021-08-13,2021-08-27,,2026-08-12T13:29:33.699965,loans.csv,1811,CRITICAL
168,462,4,2022-10-10,2022-10-24,2022-10-29,2026-08-12T13:29:33.699965,loans.csv,5,MILD
3911,1864,2,2023-01-12,2023-01-26,2023-01-20,2026-08-12T13:29:33.699965,loans.csv,0,ON TIME
2432,2618,1,2023-04-30,2023-05-14,,2026-08-12T13:29:33.699965,loans.csv,1186,CRITICAL
493,1321,1,2024-05-11,2024-05-25,2024-05-30,2026-08-12T13:29:33.699965,loans.csv,5,MILD
8288,1723,19,2024-12-14,2024-12-28,,2026-08-12T13:29:33.699965,loans.csv,592,CRITICAL
1806,2510,1,2024-09-11,2024-09-25,2024-09-30,2026-08-12T13:29:33.699965,loans.csv,5,MILD
6136,1594,1,2022-10-26,2022-11-09,,2026-08-12T13:29:33.699965,loans.csv,1372,CRITICAL
8151,776,6,2024-12-21,2025-01-04,,2026-08-12T13:29:33.699965,loans.csv,585,CRITICAL
435,1792,1,2021-04-08,2021-04-22,2021-04-12,2026-08-12T13:29:33.699965,loans.csv,0,ON TIME
620,195,1,2023-04-16,2023-04-30,2023-04-17,2026-08-12T13:29:33.699965,loans.csv,0,ON TIME
8960,2371,17,2024-11-14,2024-11-28,2024-12-03,2026-08-12T13:29:33.699965,loans.csv,5,MILD
8818,1112,1,2021-03-13,2021-03-27,2021-03-23,2026-08-12T13:29:33.699965,loans.csv,0,ON TIME
2706,277,5,2024-05-19,2024-06-02,2024-05-23,2026-08-12T13:29:33.699965,loans.csv,0,ON TIME
4931,2614,1,2022-12-04,2022-12-18,2022-12-08,2026-08-12T13:29:33.699965,loans.csv,0,ON TIME
1821,1739,1,2024-12-24,2025-01-07,,2026-08-12T13:29:33.699965,loans.csv,582,CRITICAL
3242,1046,25,2020-08-24,2020-09-07,2020-08-25,2026-08-12T13:29:33.699965,loans.csv,0,ON TIME
7213,305,6,2020-07-24,2020-08-07,2020-08-01,2026-08-12T13:29:33.699965,loans.csv,0,ON TIME
5844,2453,14,2024-12-04,2024-12-18,2024-12-14,2026-08-12T13:29:33.699965,loans.csv,0,ON TIME
2268,452,3,2021-04-06,2021-04-20,2021-04-13,2026-08-12T13:29:33.699965,loans.csv,0,ON TIME
3487,693,8,2020-08-23,2020-09-06,2020-08-30,2026-08-12T13:29:33.699965,loans.csv,0,ON TIME
7421,405,6,2024-10-22,2024-11-05,2024-11-02,2026-08-12T13:29:33.699965,loans.csv,0,ON TIME
4537,1811,35,2021-03-22,2021-04-05,2021-04-06,2026-08-12T13:29:33.699965,loans.csv,1,MILD
7179,1946,1,2024-10-28,2024-11-18,2024-11-20,2026-08-12T13:29:33.699965,loans.csv,2,MILD
573,2639,1,2020-03-30,2020-04-13,2020-04-04,2026-08-12T13:29:33.699965,loans.csv,0,ON TIME
252,666,85,2022-07-06,2022-07-20,,2026-08-12T13:29:33.699965,loans.csv,1484,CRITICAL
1252,2791,2,2022-11-27,2022-12-11,2022-12-01,2026-08-12T13:29:33.699965,loans.csv,0,ON TIME
8853,2469,3,2023-05-01,2023-05-15,2023-05-04,2026-08-12T13:29:33.699965,loans.csv,0,ON TIME
2855,1534,36,2022-08-31,2022-09-14,2022-09-19,2026-08-12T13:29:33.699965,loans.csv,5,MILD
7817,1015,1,2020-09-16,2020-09-30,2020-10-05,2026-08-12T13:29:33.699965,loans.csv,5,MILD
3557,1867,41,2024-08-29,2024-09-19,2024-09-04,2026-08-12T13:29:33.699965,loans.csv,0,ON TIME
7272,1529,2,2024-02-05,2024-02-19,2024-02-11,2026-08-12T13:29:33.699965,loans.csv,0,ON TIME
631,2268,10,2022-02-28,2022-03-14,2022-03-07,2026-08-12T13:29:33.699965,loans.csv,0,ON TIME
54,1494,1,2024-10-29,2024-11-12,2024-11-06,2026-08-12T13:29:33.699965,loans.csv,0,ON TIME
3594,2001,1,2024-07-10,2024-07-24,2024-07-11,2026-08-12T13:29:33.699965,loans.csv,0,ON TIME
193,790,1,2024-03-27,2024-04-17,2024-04-10,2026-08-12T13:29:33.699965,loans.csv,0,ON TIME
6143,2623,5,2022-10-24,2022-11-07,,2026-08-12T13:29:33.699965,loans.csv,1374,CRITICAL
3700,1482,3,2024-04-05,2024-04-19,,2026-08-12T13:29:33.699965,loans.csv,845,CRITICAL
6450,1494,8,2024-11-22,2024-12-06,2024-11-24,2026-08-12T13:29:33.699965,loans.csv,0,ON TIME
6114,2658,1,2024-01-13,2024-01-27,,2026-08-12T13:29:33.699965,loans.csv,928,CRITICAL
1739,955,12,2024-02-09,2024-02-23,2024-02-22,2026-08-12T13:29:33.699965,loans.csv,0,ON TIME
8757,59,6,2024-09-19,2024-10-03,2024-09-30,2026-08-12T13:29:33.699965,loans.csv,0,ON TIME
7166,1847,4,2024-12-04,2024-12-18,2024-12-14,2026-08-12T13:29:33.699965,loans.csv,0,ON TIME
6020,1085,6,2023-11-18,2023-12-02,2023-11-21,2026-08-12T13:29:33.699965,loans.csv,0,ON TIME
6245,762,1,2024-10-08,2024-10-22,,2026-08-12T13:29:33.699965,loans.csv,659,CRITICAL
4478,691,1,2024-04-17,2024-05-01,2024-06-06,2026-08-12T13:29:33.699965,loans.csv,36,CRITICAL
4327,2198,3,2022-06-27,2022-07-11,2022-07-28,2026-08-12T13:29:33.699965,loans.csv,17,SEVERE
1966,2305,74,2024-08-02,2024-08-16,2024-08-13,2026-08-12T13:29:33.699965,loans.csv,0,ON TIME
3121,2164,5,2023-04-20,2023-05-04,2023-05-08,2026-08-12T13:29:33.699965,loans.csv,4,MILD
3135,105,40,2024-03-23,2024-04-06,2024-05-15,2026-08-12T13:29:33.699965,loans.csv,39,CRITICAL
3479,227,1,2024-04-09,2024-04-23,2024-04-15,2026-08-12T13:29:33.699965,loans.csv,0,ON TIME
4876,2336,10,2023-12-05,2023-12-19,,2026-08-12T13:29:33.699965,loans.csv,967,CRITICAL
9099,1987,27,2024-10-12,2024-10-26,,2026-08-12T13:29:33.699965,loans.csv,655,CRITICAL
9522,954,2,2023-02-24,2023-03-10,2023-02-25,2026-08-12T13:29:33.699965,loans.csv,0,ON TIME
8579,994,6,2022-07-03,2022-07-17,2022-07-15,2026-08-12T13:29:33.699965,loans.csv,0,ON TIME
485,2072,12,2024-06-03,2024-06-17,2024-06-13,2026-08-12T13:29:33.699965,loans.csv,0,ON TIME
2494,1848,1,2024-06-01,2024-06-15,2024-06-18,2026-08-12T13:29:33.699965,loans.csv,3,MILD
2134,2217,1,2021-10-29,2021-11-12,2021-12-14,2026-08-12T13:29:33.699965,loans.csv,32,CRITICAL
8487,629,1,2022-07-28,2022-08-11,2022-09-01,2026-08-12T13:29:33.699965,loans.csv,21,SEVERE
298,2710,1,2024-12-13,2024-12-27,,2026-08-12T13:29:33.699965,loans.csv,593,CRITICAL
4584,1248,2,2022-12-03,2022-12-17,2022-12-10,2026-08-12T13:29:33.699965,loans.csv,0,ON TIME
41,1967,1,2024-06-01,2024-06-15,2024-06-08,2026-08-12T13:29:33.699965,loans.csv,0,ON TIME
24,2173,3,2024-05-17,2024-05-31,2024-05-26,2026-08-12T13:29:33.699965,loans.csv,0,ON TIME
1763,1305,28,2024-06-01,2024-06-15,2024-06-16,2026-08-12T13:29:33.699965,loans.csv,1,MILD
8563,2675,5,2024-12-15,2024-12-29,,2026-08-12T13:29:33.699965,loans.csv,591,CRITICAL
6767,1725,6,2024-06-24,2024-07-08,2024-07-06,2026-08-12T13:29:33.699965,loans.csv,0,ON TIME
476,332,1,2024-08-20,2024-09-03,2024-08-25,2026-08-12T13:29:33.699965,loans.csv,0,ON TIME
4433,2649,1,2023-09-30,2023-10-14,2023-10-07,2026-08-12T13:29:33.699965,loans.csv,0,ON TIME
847,1022,4,2021-10-12,2021-10-26,2021-10-24,2026-08-12T13:29:33.699965,loans.csv,0,ON TIME
6000,2518,146,2024-10-18,2024-11-01,2024-10-25,2026-08-12T13:29:33.699965,loans.csv,0,ON TIME
2164,2658,6,2023-09-03,2023-09-17,2023-09-05,2026-08-12T13:29:33.699965,loans.csv,0,ON TIME
4201,655,1,2023-08-17,2023-08-31,2023-08-21,2026-08-12T13:29:33.699965,loans.csv,0,ON TIME
4084,2771,1,2024-09-30,2024-10-14,2024-10-12,2026-08-12T13:29:33.699965,loans.csv,0,ON TIME
6492,1797,27,2022-09-07,2022-09-21,2022-09-13,2026-08-12T13:29:33.699965,loans.csv,0,ON TIME
8852,1696,1,2024-11-11,2024-11-25,2024-11-18,2026-08-12T13:29:33.699965,loans.csv,0,ON TIME
381,1391,1,2024-06-06,2024-06-20,2024-06-08,2026-08-12T13:29:33.699965,loans.csv,0,ON TIME
2674,538,1,2024-06-20,2024-07-04,,2026-08-12T13:29:33.699965,loans.csv,769,CRITICAL
586,2052,1,2024-09-22,2024-10-06,2024-10-05,2026-08-12T13:29:33.699965,loans.csv,0,ON TIME
4166,1401,1,2024-01-03,2024-01-17,2024-01-04,2026-08-12T13:29:33.699965,loans.csv,0,ON TIME
199,865,1,2024-11-22,2024-12-06,2024-12-29,2026-08-12T13:29:33.699965,loans.csv,23,SEVERE
3544,2417,1,2024-11-06,2024-11-20,,2026-08-12T13:29:33.699965,loans.csv,630,CRITICAL
1586,1014,81,2024-04-23,2024-05-07,2024-05-04,2026-08-12T13:29:33.699965,loans.csv,0,ON TIME
8400,2445,4,2024-04-29,2024-05-13,2024-05-04,2026-08-12T13:29:33.699965,loans.csv,0,ON TIME
7754,1815,1,2022-10-02,2022-10-16,,2026-08-12T13:29:33.699965,loans.csv,1396,CRITICAL
7071,2115,5,2024-07-26,2024-08-09,2024-08-06,2026-08-12T13:29:33.699965,loans.csv,0,ON TIME
5714,632,1,2024-10-04,2024-10-18,,2026-08-12T13:29:33.699965,loans.csv,663,CRITICAL
880,838,1,2023-12-24,2024-01-07,2024-01-01,2026-08-12T13:29:33.699965,loans.csv,0,ON TIME
8798,1714,1,2024-09-21,2024-10-05,2024-10-04,2026-08-12T13:29:33.699965,loans.csv,0,ON TIME
8518,2165,6,2023-10-02,2023-10-16,2023-10-15,2026-08-12T13:29:33.699965,loans.csv,0,ON TIME
1522,146,4,2024-10-31,2024-11-14,2024-11-20,2026-08-12T13:29:33.699965,loans.csv,6,MILD
1512,1357,2,2024-01-29,2024-02-12,,2026-08-12T13:29:33.699965,loans.csv,912,CRITICAL
1306,530,4,2023-08-17,2023-08-31,2023-09-05,2026-08-12T13:29:33.699965,loans.csv,5,MILD
3387,1505,4,2022-09-29,2022-10-13,,2026-08-12T13:29:33.699965,loans.csv,1399,CRITICAL
5933,705,20,2024-01-02,2024-01-16,,2026-08-12T13:29:33.699965,loans.csv,939,CRITICAL
1332,1950,1,2024-09-10,2024-09-24,2024-10-29,2026-08-12T13:29:33.699965,loans.csv,35,CRITICAL
7953,152,1,2024-07-05,2024-07-19,2024-07-29,2026-08-12T13:29:33.699965,loans.csv,10,SEVERE
8947,2526,1,2024-03-08,2024-03-22,2024-03-18,2026-08-12T13:29:33.699965,loans.csv,0,ON TIME
3771,1261,2,2020-06-30,2020-07-14,2020-07-09,2026-08-12T13:29:33.699965,loans.csv,0,ON TIME
5727,2289,3,2023-06-04,2023-06-18,2023-06-18,2026-08-12T13:29:33.699965,loans.csv,0,ON TIME
2652,1985,1,2022-09-18,2022-10-02,2022-10-04,2026-08-12T13:29:33.699965,loans.csv,2,MILD
2905,206,1,2023-05-10,2023-05-24,,2026-08-12T13:29:33.699965,loans.csv,1176,CRITICAL
564,1896,36,2022-09-29,2022-10-13,,2026-08-12T13:29:33.699965,loans.csv,1399,CRITICAL
2058,1313,1,2024-08-25,2024-09-08,2024-08-30,2026-08-12T13:29:33.699965,loans.csv,0,ON TIME
8095,2055,1,2020-06-24,2020-07-08,2020-07-13,2026-08-12T13:29:33.699965,loans.csv,5,MILD
9561,1360,61,2023-12-11,2023-12-25,2023-12-12,2026-08-12T13:29:33.699965,loans.csv,0,ON TIME
740,105,2,2024-12-17,2024-12-31,,2026-08-12T13:29:33.699965,loans.csv,589,CRITICAL
423,1123,16,2024-02-19,2024-03-04,,2026-08-12T13:29:33.699965,loans.csv,891,CRITICAL
6746,931,9,2021-12-05,2021-12-19,2021-12-16,2026-08-12T13:29:33.699965,loans.csv,0,ON TIME
4943,1141,2,2023-08-21,2023-09-04,2023-08-31,2026-08-12T13:29:33.699965,loans.csv,0,ON TIME
8897,150,2,2024-10-30,2024-11-13,2024-10-31,2026-08-12T13:29:33.699965,loans.csv,0,ON TIME
6942,1967,1,2020-03-22,2020-04-05,2020-03-27,2026-08-12T13:29:33.699965,loans.csv,0,ON TIME
5424,2028,35,2024-08-13,2024-08-27,2024-08-15,2026-08-12T13:29:33.699965,loans.csv,0,ON TIME
8831,835,8,2024-11-08,2024-11-29,2024-12-09,2026-08-12T13:29:33.699965,loans.csv,10,SEVERE
8648,369,114,2020-02-03,2020-02-17,2020-02-19,2026-08-12T13:29:33.699965,loans.csv,2,MILD
4612,2008,4,2021-05-02,2021-05-16,2021-05-20,2026-08-12T13:29:33.699965,loans.csv,4,MILD
8097,1639,1,2022-12-28,2023-01-18,,2026-08-12T13:29:33.699965,loans.csv,1302,CRITICAL
4684,2526,1,2022-11-16,2022-11-30,2022-12-05,2026-08-12T13:29:33.699965,loans.csv,5,MILD
8039,2416,1,2024-12-06,2024-12-20,2024-12-07,2026-08-12T13:29:33.699965,loans.csv,0,ON TIME
737,112,2,2022-02-24,2022-03-10,2022-03-14,2026-08-12T13:29:33.699965,loans.csv,4,MILD
6431,150,2,2024-10-26,2024-11-09,2024-11-22,2026-08-12T13:29:33.699965,loans.csv,13,SEVERE
7361,97,1,2021-08-09,2021-08-30,,2026-08-12T13:29:33.699965,loans.csv,1808,CRITICAL
4680,2082,3,2024-11-09,2024-11-23,,2026-08-12T13:29:33.699965,loans.csv,627,CRITICAL
5248,1461,18,2024-01-15,2024-01-29,2024-01-23,2026-08-12T13:29:33.699965,loans.csv,0,ON TIME
1809,898,5,2022-06-15,2022-06-29,2022-06-21,2026-08-12T13:29:33.699965,loans.csv,0,ON TIME
8127,2198,1,2022-12-28,2023-01-11,2022-12-31,2026-08-12T13:29:33.699965,loans.csv,0,ON TIME
7539,1269,1,2021-10-14,2021-10-28,2021-10-17,2026-08-12T13:29:33.699965,loans.csv,0,ON TIME
5200,904,8,2021-06-28,2021-07-12,2021-07-08,2026-08-12T13:29:33.699965,loans.csv,0,ON TIME
8425,1994,3,2024-03-31,2024-04-21,2024-04-11,2026-08-12T13:29:33.699965,loans.csv,0,ON TIME
6535,2142,1,2024-03-28,2024-04-11,2024-04-08,2026-08-12T13:29:33.699965,loans.csv,0,ON TIME
3598,1235,1,2024-07-01,2024-07-15,2024-07-10,2026-08-12T13:29:33.699965,loans.csv,0,ON TIME
6099,287,3,2023-05-16,2023-05-30,2023-05-22,2026-08-12T13:29:33.699965,loans.csv,0,ON TIME
8273,411,25,2023-01-13,2023-01-27,2023-02-01,2026-08-12T13:29:33.699965,loans.csv,5,MILD
2819,2562,3,2021-10-05,2021-10-19,2021-10-18,2026-08-12T13:29:33.699965,loans.csv,0,ON TIME
3786,2790,1,2022-04-25,2022-05-09,2022-04-30,2026-08-12T13:29:33.699965,loans.csv,0,ON TIME
2908,1761,1,2024-12-14,2024-12-28,,2026-08-12T13:29:33.699965,loans.csv,592,CRITICAL
120,2653,4,2021-07-19,2021-08-02,2021-07-21,2026-08-12T13:29:33.699965,loans.csv,0,ON TIME
6877,1220,1,2024-03-14,2024-03-28,2024-03-30,2026-08-12T13:29:33.699965,loans.csv,2,MILD
8778,2632,1,2020-01-01,2020-01-15,2020-01-15,2026-08-12T13:29:33.699965,loans.csv,0,ON TIME
3655,1328,6,2024-12-15,2024-12-29,,2026-08-12T13:29:33.699965,loans.csv,591,CRITICAL
844,1985,1,2022-08-27,2022-09-17,2022-09-13,2026-08-12T13:29:33.699965,loans.csv,0,ON TIME
3037,2010,6,2022-04-03,2022-04-17,2022-04-06,2026-08-12T13:29:33.699965,loans.csv,0,ON TIME
9476,994,1,2020-07-27,2020-08-10,2020-08-08,2026-08-12T13:29:33.699965,loans.csv,0,ON TIME
9565,2739,2,2021-10-20,2021-11-03,2021-10-24,2026-08-12T13:29:33.699965,loans.csv,0,ON TIME
5288,1704,1,2024-10-06,2024-10-20,2024-10-21,2026-08-12T13:29:33.699965,loans.csv,1,MILD
1113,1661,1,2023-07-30,2023-08-13,2023-08-01,2026-08-12T13:29:33.699965,loans.csv,0,ON TIME
1438,334,2,2021-03-24,2021-04-07,2021-03-31,2026-08-12T13:29:33.699965,loans.csv,0,ON TIME
4676,2759,1,2024-11-06,2024-11-20,2024-11-10,2026-08-12T13:29:33.699965,loans.csv,0,ON TIME
9375,1036,1,2023-12-01,2023-12-15,2023-12-07,2026-08-12T13:29:33.699965,loans.csv,0,ON TIME
7093,1225,4,2020-05-11,2020-05-25,,2026-08-12T13:29:33.699965,loans.csv,2270,CRITICAL
5124,2459,69,2024-08-27,2024-09-10,2024-09-09,2026-08-12T13:29:33.699965,loans.csv,0,ON TIME
8043,1688,30,2020-04-12,2020-04-26,2020-05-03,2026-08-12T13:29:33.699965,loans.csv,7,MILD
471,380,48,2024-09-25,2024-10-09,2024-10-02,2026-08-12T13:29:33.699965,loans.csv,0,ON TIME
7257,1431,2,2021-11-24,2021-12-08,,2026-08-12T13:29:33.699965,loans.csv,1708,CRITICAL
2628,2186,15,2022-02-03,2022-02-17,2022-02-23,2026-08-12T13:29:33.699965,loans.csv,6,MILD
5389,48,32,2024-08-19,2024-09-02,,2026-08-12T13:29:33.699965,loans.csv,709,CRITICAL
3997,1842,3,2024-03-28,2024-04-11,2024-04-11,2026-08-12T13:29:33.699965,loans.csv,0,ON TIME
5863,1400,1,2024-04-05,2024-04-19,,2026-08-12T13:29:33.699965,loans.csv,845,CRITICAL
5568,2207,7,2024-05-20,2024-06-03,2024-05-29,2026-08-12T13:29:33.699965,loans.csv,0,ON TIME
7193,393,2,2021-03-11,2021-03-25,2021-03-14,2026-08-12T13:29:33.699965,loans.csv,0,ON TIME
3352,2079,10,2024-08-12,2024-08-26,2024-08-26,2026-08-12T13:29:33.699965,loans.csv,0,ON TIME
8511,1646,130,2024-04-03,2024-04-17,2024-04-16,2026-08-12T13:29:33.699965,loans.csv,0,ON TIME
8733,1964,1,2024-09-28,2024-10-12,2024-10-08,2026-08-12T13:29:33.699965,loans.csv,0,ON TIME
6545,2493,1,2021-08-06,2021-08-27,2021-08-17,2026-08-12T13:29:33.699965,loans.csv,0,ON TIME
2466,1151,3,2022-11-12,2022-11-26,,2026-08-12T13:29:33.699965,loans.csv,1355,CRITICAL
6584,1814,1,2024-03-01,2024-03-15,2024-03-10,2026-08-12T13:29:33.699965,loans.csv,0,ON TIME
7675,58,1,2024-12-20,2025-01-03,,2026-08-12T13:29:33.699965,loans.csv,586,CRITICAL
2874,1846,2,2020-02-05,2020-02-19,2020-02-24,2026-08-12T13:29:33.699965,loans.csv,5,MILD
1496,1888,2,2024-10-31,2024-11-14,2024-11-08,2026-08-12T13:29:33.699965,loans.csv,0,ON TIME
8727,2031,13,2022-03-19,2022-04-02,,2026-08-12T13:29:33.699965,loans.csv,1593,CRITICAL
4222,2332,3,2024-12-12,2024-12-26,,2026-08-12T13:29:33.699965,loans.csv,594,CRITICAL
1050,2479,2,2023-09-30,2023-10-14,,2026-08-12T13:29:33.699965,loans.csv,1033,CRITICAL
788,2288,3,2023-12-18,2024-01-01,2023-12-28,2026-08-12T13:29:33.699965,loans.csv,0,ON TIME
8503,1912,10,2024-09-16,2024-09-30,2024-09-21,2026-08-12T13:29:33.699965,loans.csv,0,ON TIME
2249,1272,3,2024-08-17,2024-08-31,2024-08-30,2026-08-12T13:29:33.699965,loans.csv,0,ON TIME
6871,954,27,2022-04-16,2022-04-30,2022-04-18,2026-08-12T13:29:33.699965,loans.csv,0,ON TIME
36,1239,7,2024-04-07,2024-04-21,,2026-08-12T13:29:33.699965,loans.csv,843,CRITICAL
5165,2781,1,2024-08-08,2024-08-29,2024-08-27,2026-08-12T13:29:33.699965,loans.csv,0,ON TIME
4969,2504,1,2024-08-23,2024-09-06,2024-09-08,2026-08-12T13:29:33.699965,loans.csv,2,MILD
7447,1725,1,2024-03-10,2024-03-24,2024-03-12,2026-08-12T13:29:33.699965,loans.csv,0,ON TIME
6935,280,3,2024-06-08,2024-06-22,2024-06-15,2026-08-12T13:29:33.699965,loans.csv,0,ON TIME
6600,1759,24,2023-04-16,2023-04-30,2023-04-26,2026-08-12T13:29:33.699965,loans.csv,0,ON TIME
2964,1747,8,2024-10-05,2024-10-19,2024-10-19,2026-08-12T13:29:33.699965,loans.csv,0,ON TIME
3708,1124,1,2024-08-12,2024-08-26,2024-09-03,2026-08-12T13:29:33.699965,loans.csv,8,SEVERE
216,702,1,2023-03-31,2023-04-14,2023-04-03,2026-08-12T13:29:33.699965,loans.csv,0,ON TIME
9405,2459,1,2024-06-17,2024-07-01,2024-06-19,2026-08-12T13:29:33.699965,loans.csv,0,ON TIME
3018,863,1,2023-01-06,2023-01-27,2023-01-22,2026-08-12T13:29:33.699965,loans.csv,0,ON TIME
3016,2313,8,2022-06-04,2022-06-18,2022-06-11,2026-08-12T13:29:33.699965,loans.csv,0,ON TIME
5487,2617,10,2024-12-10,2024-12-24,2024-12-19,2026-08-12T13:29:33.699965,loans.csv,0,ON TIME
9146,444,61,2024-08-10,2024-08-24,2024-08-27,2026-08-12T13:29:33.699965,loans.csv,3,MILD
3435,882,5,2023-12-04,2023-12-18,2023-12-22,2026-08-12T13:29:33.699965,loans.csv,4,MILD
1803,1679,16,2024-11-11,2024-11-25,2024-11-15,2026-08-12T13:29:33.699965,loans.csv,0,ON TIME
104,1331,1,2020-08-23,2020-09-06,2020-10-16,2026-08-12T13:29:33.699965,loans.csv,40,CRITICAL
191,1931,1,2024-11-22,2024-12-06,,2026-08-12T13:29:33.699965,loans.csv,614,CRITICAL
424,1491,1,2024-10-24,2024-11-07,2024-10-28,2026-08-12T13:29:33.699965,loans.csv,0,ON TIME
5592,1934,4,2023-06-14,2023-06-28,2023-06-26,2026-08-12T13:29:33.699965,loans.csv,0,ON TIME
6309,2510,17,2022-03-07,2022-03-21,2022-03-25,2026-08-12T13:29:33.699965,loans.csv,4,MILD
1974,343,10,2023-05-30,2023-06-13,,2026-08-12T13:29:33.699965,loans.csv,1156,CRITICAL
5602,1819,49,2024-01-09,2024-01-23,2024-01-24,2026-08-12T13:29:33.699965,loans.csv,1,MILD
2637,1705,22,2021-06-28,2021-07-12,2021-07-04,2026-08-12T13:29:33.699965,loans.csv,0,ON TIME
3837,1205,2,2023-07-27,2023-08-10,2023-08-08,2026-08-12T13:29:33.699965,loans.csv,0,ON TIME
8620,94,1,2024-03-29,2024-04-12,,2026-08-12T13:29:33.699965,loans.csv,852,CRITICAL
8280,933,1,2024-06-03,2024-06-17,2024-06-17,2026-08-12T13:29:33.699965,loans.csv,0,ON TIME
4397,1814,6,2024-11-28,2024-12-12,2024-12-08,2026-08-12T13:29:33.699965,loans.csv,0,ON TIME
4064,1954,3,2024-05-02,2024-05-16,2024-06-21,2026-08-12T13:29:33.699965,loans.csv,36,CRITICAL
2442,1864,1,2024-03-05,2024-03-19,2024-03-17,2026-08-12T13:29:33.699965,loans.csv,0,ON TIME
4507,714,46,2024-12-22,2025-01-05,,2026-08-12T13:29:33.699965,loans.csv,584,CRITICAL
8217,937,1,2022-09-18,2022-10-02,2022-09-20,2026-08-12T13:29:33.699965,loans.csv,0,ON TIME
2920,2764,1,2021-03-16,2021-04-06,2021-03-30,2026-08-12T13:29:33.699965,loans.csv,0,ON TIME
6612,1364,8,2024-09-16,2024-09-30,2024-09-17,2026-08-12T13:29:33.699965,loans.csv,0,ON TIME
8584,334,1,2023-07-18,2023-08-01,2023-07-28,2026-08-12T13:29:33.699965,loans.csv,0,ON TIME
2311,1013,1,2021-07-28,2021-08-11,,2026-08-12T13:29:33.699965,loans.csv,1827,CRITICAL
5420,560,6,2024-06-17,2024-07-01,2024-06-21,2026-08-12T13:29:33.699965,loans.csv,0,ON TIME
9487,814,4,2020-10-14,2020-10-28,2020-10-23,2026-08-12T13:29:33.699965,loans.csv,0,ON TIME
3918,2782,1,2022-12-08,2022-12-22,2022-12-15,2026-08-12T13:29:33.699965,loans.csv,0,ON TIME
8676,1554,4,2022-09-25,2022-10-09,2022-10-02,2026-08-12T13:29:33.699965,loans.csv,0,ON TIME
2365,1147,3,2024-06-25,2024-07-09,2024-07-10,2026-08-12T13:29:33.699965,loans.csv,1,MILD
6429,585,6,2024-09-13,2024-10-04,2024-11-04,2026-08-12T13:29:33.699965,loans.csv,31,CRITICAL
1386,1967,23,2024-09-04,2024-09-18,2024-10-22,2026-08-12T13:29:33.699965,loans.csv,34,CRITICAL
7601,2739,2,2022-06-04,2022-06-18,2022-06-10,2026-08-12T13:29:33.699965,loans.csv,0,ON TIME
9489,2538,20,2022-03-08,2022-03-22,2022-03-10,2026-08-12T13:29:33.699965,loans.csv,0,ON TIME
1398,1020,2,2023-06-20,2023-07-11,2023-07-04,2026-08-12T13:29:33.699965,loans.csv,0,ON TIME
141,730,1,2024-02-10,2024-02-24,2024-02-29,2026-08-12T13:29:33.699965,loans.csv,5,MILD
47,42,1,2021-11-18,2021-12-02,2021-12-07,2026-08-12T13:29:33.699965,loans.csv,5,MILD
7075,823,14,2024-06-22,2024-07-06,2024-07-13,2026-08-12T13:29:33.699965,loans.csv,7,MILD
1890,2135,1,2021-09-15,2021-09-29,2021-10-02,2026-08-12T13:29:33.699965,loans.csv,3,MILD
6213,1423,31,2024-01-03,2024-01-17,2024-01-06,2026-08-12T13:29:33.699965,loans.csv,0,ON TIME
503,1529,1,2023-11-21,2023-12-12,2023-12-19,2026-08-12T13:29:33.699965,loans.csv,7,MILD
8674,268,1,2024-07-04,2024-07-18,2024-07-16,2026-08-12T13:29:33.699965,loans.csv,0,ON TIME
1066,1359,12,2024-07-14,2024-07-28,2024-07-15,2026-08-12T13:29:33.699965,loans.csv,0,ON TIME
1611,1725,92,2024-05-01,2024-05-15,2024-05-02,2026-08-12T13:29:33.699965,loans.csv,0,ON TIME
1778,2086,4,2021-10-05,2021-10-19,2021-10-17,2026-08-12T13:29:33.699965,loans.csv,0,ON TIME
8175,1388,2,2021-02-28,2021-03-21,,2026-08-12T13:29:33.699965,loans.csv,1970,CRITICAL
5205,2536,42,2024-11-13,2024-11-27,2024-12-20,2026-08-12T13:29:33.699965,loans.csv,23,SEVERE
5083,452,1,2023-11-10,2023-11-24,2023-11-30,2026-08-12T13:29:33.699965,loans.csv,6,MILD
2028,233,7,2024-04-13,2024-04-27,2024-05-04,2026-08-12T13:29:33.699965,loans.csv,7,MILD
3332,2672,46,2024-09-22,2024-10-06,2024-10-05,2026-08-12T13:29:33.699965,loans.csv,0,ON TIME
7360,1345,1,2024-07-24,2024-08-07,2024-08-08,2026-08-12T13:29:33.699965,loans.csv,1,MILD
7325,1811,1,2022-09-11,2022-09-25,2022-09-12,2026-08-12T13:29:33.699965,loans.csv,0,ON TIME
1377,1530,13,2024-07-28,2024-08-11,2024-08-01,2026-08-12T13:29:33.699965,loans.csv,0,ON TIME
7906,1694,4,2021-08-26,2021-09-16,2021-09-09,2026-08-12T13:29:33.699965,loans.csv,0,ON TIME
9516,2110,2,2024-06-10,2024-06-24,2024-06-26,2026-08-12T13:29:33.699965,loans.csv,2,MILD
4490,520,13,2024-01-11,2024-02-01,2024-02-07,2026-08-12T13:29:33.699965,loans.csv,6,MILD
3388,676,1,2024-01-24,2024-02-07,2024-02-16,2026-08-12T13:29:33.699965,loans.csv,9,SEVERE
7788,586,2,2023-03-15,2023-04-05,2023-04-08,2026-08-12T13:29:33.699965,loans.csv,3,MILD
3553,66,2,2023-10-12,2023-10-26,2023-10-30,2026-08-12T13:29:33.699965,loans.csv,4,MILD
5008,1063,3,2024-11-04,2024-11-18,2024-11-28,2026-08-12T13:29:33.699965,loans.csv,10,SEVERE
3859,2526,8,2022-11-02,2022-11-16,,2026-08-12T13:29:33.699965,loans.csv,1365,CRITICAL
8956,341,2,2024-11-25,2024-12-09,,2026-08-12T13:29:33.699965,loans.csv,611,CRITICAL
8702,2654,1,2024-05-23,2024-06-06,2024-06-08,2026-08-12T13:29:33.699965,loans.csv,2,MILD
9358,1269,121,2021-02-14,2021-02-28,2021-02-28,2026-08-12T13:29:33.699965,loans.csv,0,ON TIME
1779,526,11,2024-09-01,2024-09-15,2024-09-21,2026-08-12T13:29:33.699965,loans.csv,6,MILD
7387,1375,1,2023-11-18,2023-12-02,,2026-08-12T13:29:33.699965,loans.csv,984,CRITICAL
6292,305,2,2023-02-28,2023-03-14,2023-03-07,2026-08-12T13:29:33.699965,loans.csv,0,ON TIME
1207,584,1,2024-03-26,2024-04-09,2024-04-07,2026-08-12T13:29:33.699965,loans.csv,0,ON TIME
2639,779,65,2024-02-05,2024-02-19,2024-02-24,2026-08-12T13:29:33.699965,loans.csv,5,MILD
6910,1042,3,2023-06-09,2023-06-23,2023-06-30,2026-08-12T13:29:33.699965,loans.csv,7,MILD
8203,165,1,2024-03-17,2024-03-31,2024-03-26,2026-08-12T13:29:33.699965,loans.csv,0,ON TIME
9034,2305,24,2023-04-26,2023-05-10,2023-05-16,2026-08-12T13:29:33.699965,loans.csv,6,MILD
9186,2239,37,2024-01-11,2024-01-25,2024-01-26,2026-08-12T13:29:33.699965,loans.csv,1,MILD
3919,1132,2,2022-07-17,2022-07-31,2022-07-19,2026-08-12T13:29:33.699965,loans.csv,0,ON TIME
8547,881,3,2022-08-21,2022-09-11,2022-09-16,2026-08-12T13:29:33.699965,loans.csv,5,MILD
810,2756,10,2024-06-21,2024-07-05,2024-07-06,2026-08-12T13:29:33.699965,loans.csv,1,MILD
2671,638,2,2024-10-25,2024-11-08,2024-10-29,2026-08-12T13:29:33.699965,loans.csv,0,ON TIME
6359,1942,1,2024-12-13,2024-12-27,,2026-08-12T13:29:33.699965,loans.csv,593,CRITICAL
6761,2311,2,2024-09-03,2024-09-17,2024-09-14,2026-08-12T13:29:33.699965,loans.csv,0,ON TIME
4578,2750,1,2023-10-12,2023-10-26,,2026-08-12T13:29:33.699965,loans.csv,1021,CRITICAL
9002,2443,77,2024-11-16,2024-11-30,2024-12-03,2026-08-12T13:29:33.699965,loans.csv,3,MILD
2658,420,1,2022-06-05,2022-06-19,2022-06-10,2026-08-12T13:29:33.699965,loans.csv,0,ON TIME
6927,2301,3,2023-03-20,2023-04-03,2023-03-22,2026-08-12T13:29:33.699965,loans.csv,0,ON TIME
6569,2120,5,2020-06-10,2020-06-24,2020-06-14,2026-08-12T13:29:33.699965,loans.csv,0,ON TIME
3191,1233,1,2024-05-03,2024-05-17,2024-05-06,2026-08-12T13:29:33.699965,loans.csv,0,ON TIME
9512,1095,1,2023-06-30,2023-07-14,2023-07-19,2026-08-12T13:29:33.699965,loans.csv,5,MILD
7970,2522,3,2024-10-29,2024-11-12,2024-11-03,2026-08-12T13:29:33.699965,loans.csv,0,ON TIME
1019,1598,1,2024-04-01,2024-04-15,2024-04-07,2026-08-12T13:29:33.699965,loans.csv,0,ON TIME
1485,867,22,2024-08-14,2024-08-28,2024-08-22,2026-08-12T13:29:33.699965,loans.csv,0,ON TIME
1418,28,30,2022-05-16,2022-05-30,2022-05-25,2026-08-12T13:29:33.699965,loans.csv,0,ON TIME
9172,2515,1,2023-09-04,2023-09-18,2023-09-13,2026-08-12T13:29:33.699965,loans.csv,0,ON TIME
6572,80,1,2023-06-04,2023-06-18,2023-06-20,2026-08-12T13:29:33.699965,loans.csv,2,MILD
6220,807,1,2023-02-15,2023-03-08,2023-02-23,2026-08-12T13:29:33.699965,loans.csv,0,ON TIME
7628,370,81,2024-01-13,2024-01-27,2024-01-26,2026-08-12T13:29:33.699965,loans.csv,0,ON TIME
2707,2520,9,2023-05-29,2023-06-12,,2026-08-12T13:29:33.699965,loans.csv,1157,CRITICAL
9125,2035,1,2023-06-02,2023-06-16,2023-06-03,2026-08-12T13:29:33.699965,loans.csv,0,ON TIME
8671,485,2,2024-10-20,2024-11-03,,2026-08-12T13:29:33.699965,loans.csv,647,CRITICAL
9187,1178,105,2024-10-18,2024-11-01,2024-10-31,2026-08-12T13:29:33.699965,loans.csv,0,ON TIME
7483,892,1,2023-09-16,2023-09-30,2023-09-21,2026-08-12T13:29:33.699965,loans.csv,0,ON TIME
4977,815,2,2021-04-23,2021-05-07,,2026-08-12T13:29:33.699965,loans.csv,1923,CRITICAL
5737,462,2,2024-09-30,2024-10-14,2024-11-28,2026-08-12T13:29:33.699965,loans.csv,45,CRITICAL
3320,1153,13,2023-03-18,2023-04-01,2023-04-08,2026-08-12T13:29:33.699965,loans.csv,7,MILD
1700,2164,1,2021-03-23,2021-04-06,2021-03-29,2026-08-12T13:29:33.699965,loans.csv,0,ON TIME
6550,999,2,2024-11-15,2024-11-29,2024-11-25,2026-08-12T13:29:33.699965,loans.csv,0,ON TIME
903,2075,1,2021-11-25,2021-12-09,,2026-08-12T13:29:33.699965,loans.csv,1707,CRITICAL
858,1836,8,2024-05-21,2024-06-04,2024-06-10,2026-08-12T13:29:33.699965,loans.csv,6,MILD
180,191,3,2021-12-16,2021-12-30,2021-12-20,2026-08-12T13:29:33.699965,loans.csv,0,ON TIME
8196,2313,4,2021-12-28,2022-01-11,2022-01-04,2026-08-12T13:29:33.699965,loans.csv,0,ON TIME
4306,1814,1,2023-12-24,2024-01-07,2024-01-04,2026-08-12T13:29:33.699965,loans.csv,0,ON TIME
5598,1979,1,2023-09-06,2023-09-20,2023-09-22,2026-08-12T13:29:33.699965,loans.csv,2,MILD
9411,1781,1,2023-09-29,2023-10-13,2023-10-10,2026-08-12T13:29:33.699965,loans.csv,0,ON TIME
2997,1083,15,2023-03-10,2023-03-24,2023-03-12,2026-08-12T13:29:33.699965,loans.csv,0,ON TIME
889,660,20,2023-09-09,2023-09-23,2023-09-14,2026-08-12T13:29:33.699965,loans.csv,0,ON TIME
40,1761,2,2022-07-29,2022-08-12,2022-08-18,2026-08-12T13:29:33.699965,loans.csv,6,MILD
8616,280,1,2023-06-19,2023-07-03,2023-08-03,2026-08-12T13:29:33.699965,loans.csv,31,CRITICAL
5572,1488,3,2023-04-28,2023-05-19,2023-04-29,2026-08-12T13:29:33.699965,loans.csv,0,ON TIME
1790,2331,7,2024-05-06,2024-05-20,2024-05-19,2026-08-12T13:29:33.699965,loans.csv,0,ON TIME
404,1588,2,2022-03-21,2022-04-04,,2026-08-12T13:29:33.699965,loans.csv,1591,CRITICAL
7651,728,21,2022-10-05,2022-10-19,2022-10-08,2026-08-12T13:29:33.699965,loans.csv,0,ON TIME
6406,2326,5,2024-08-13,2024-08-27,,2026-08-12T13:29:33.699965,loans.csv,715,CRITICAL
456,33,3,2024-01-15,2024-01-29,,2026-08-12T13:29:33.699965,loans.csv,926,CRITICAL
8276,1495,2,2024-04-03,2024-04-17,2024-04-10,2026-08-12T13:29:33.699965,loans.csv,0,ON TIME
9129,989,1,2024-02-27,2024-03-12,2024-03-05,2026-08-12T13:29:33.699965,loans.csv,0,ON TIME
7987,265,2,2022-04-09,2022-04-23,2022-04-23,2026-08-12T13:29:33.699965,loans.csv,0,ON TIME
3058,2373,1,2022-12-23,2023-01-06,2023-01-12,2026-08-12T13:29:33.699965,loans.csv,6,MILD
3850,983,1,2021-03-26,2021-04-09,2021-04-02,2026-08-12T13:29:33.699965,loans.csv,0,ON TIME
1028,2084,2,2023-06-22,2023-07-06,2023-07-12,2026-08-12T13:29:33.699965,loans.csv,6,MILD
3521,1839,2,2023-11-08,2023-11-22,,2026-08-12T13:29:33.699965,loans.csv,994,CRITICAL
1756,2715,4,2024-11-22,2024-12-06,2024-12-15,2026-08-12T13:29:33.699965,loans.csv,9,SEVERE
7083,1415,3,2021-10-02,2021-10-16,2021-11-24,2026-08-12T13:29:33.699965,loans.csv,39,CRITICAL
1076,2606,133,2024-07-26,2024-08-09,,2026-08-12T13:29:33.699965,loans.csv,733,CRITICAL
5230,1986,41,2024-02-20,2024-03-05,2024-03-09,2026-08-12T13:29:33.699965,loans.csv,4,MILD
1785,393,2,2020-08-07,2020-08-28,,2026-08-12T13:29:33.699965,loans.csv,2175,CRITICAL
4185,2611,1,2024-09-01,2024-09-15,,2026-08-12T13:29:33.699965,loans.csv,696,CRITICAL
8545,2438,1,2021-10-02,2021-10-16,2021-10-11,2026-08-12T13:29:33.699965,loans.csv,0,ON TIME
5298,2603,6,2024-11-16,2024-11-30,,2026-08-12T13:29:33.699965,loans.csv,620,CRITICAL
347,1281,1,2024-06-09,2024-06-23,2024-06-15,2026-08-12T13:29:33.699965,loans.csv,0,ON TIME
6352,278,1,2021-04-05,2021-04-19,2021-05-10,2026-08-12T13:29:33.699965,loans.csv,21,SEVERE
6236,1729,1,2024-02-01,2024-02-15,2024-02-08,2026-08-12T13:29:33.699965,loans.csv,0,ON TIME
4263,848,2,2024-11-16,2024-11-30,2024-12-15,2026-08-12T13:29:33.699965,loans.csv,15,SEVERE
819,1248,3,2021-10-09,2021-10-23,2021-10-25,2026-08-12T13:29:33.699965,loans.csv,2,MILD
939,340,17,2024-03-12,2024-03-26,2024-03-17,2026-08-12T13:29:33.699965,loans.csv,0,ON TIME
9079,1323,1,2024-09-21,2024-10-05,2024-10-11,2026-08-12T13:29:33.699965,loans.csv,6,MILD
4955,514,72,2024-03-18,2024-04-01,2024-04-05,2026-08-12T13:29:33.699965,loans.csv,4,MILD
3328,1024,4,2024-04-11,2024-05-02,2024-05-05,2026-08-12T13:29:33.699965,loans.csv,3,MILD
4808,2756,1,2024-04-04,2024-04-18,2024-04-21,2026-08-12T13:29:33.699965,loans.csv,3,MILD
8141,2098,9,2022-10-09,2022-10-23,2022-10-24,2026-08-12T13:29:33.699965,loans.csv,1,MILD
7410,2010,2,2021-07-21,2021-08-04,2021-07-23,2026-08-12T13:29:33.699965,loans.csv,0,ON TIME
2150,2090,7,2022-04-26,2022-05-17,2022-05-05,2026-08-12T13:29:33.699965,loans.csv,0,ON TIME
3300,728,1,2023-10-16,2023-10-30,2023-10-23,2026-08-12T13:29:33.699965,loans.csv,0,ON TIME
8355,2711,58,2024-01-09,2024-01-23,2024-01-28,2026-08-12T13:29:33.699965,loans.csv,5,MILD
1529,1715,77,2022-10-01,2022-10-22,2022-10-13,2026-08-12T13:29:33.699965,loans.csv,0,ON TIME
6439,1657,5,2023-09-24,2023-10-08,2023-10-14,2026-08-12T13:29:33.699965,loans.csv,6,MILD
2804,1777,11,2023-05-20,2023-06-10,2023-07-06,2026-08-12T13:29:33.699965,loans.csv,26,SEVERE
9367,1675,1,2024-04-02,2024-04-16,2024-04-06,2026-08-12T13:29:33.699965,loans.csv,0,ON TIME
6503,1619,8,2022-11-27,2022-12-11,2022-12-12,2026-08-12T13:29:33.699965,loans.csv,1,MILD
5239,1415,2,2023-08-03,2023-08-17,2023-08-06,2026-08-12T13:29:33.699965,loans.csv,0,ON TIME
3936,1336,2,2021-12-19,2022-01-02,2021-12-22,2026-08-12T13:29:33.699965,loans.csv,0,ON TIME
7506,131,1,2023-02-03,2023-02-17,2023-02-13,2026-08-12T13:29:33.699965,loans.csv,0,ON TIME
4364,2449,1,2022-03-23,2022-04-06,2022-04-10,2026-08-12T13:29:33.699965,loans.csv,4,MILD
5876,877,3,2024-03-11,2024-03-25,,2026-08-12T13:29:33.699965,loans.csv,870,CRITICAL
5975,2364,10,2024-06-26,2024-07-10,2024-07-17,2026-08-12T13:29:33.699965,loans.csv,7,MILD
7050,2760,1,2024-07-20,2024-08-03,,2026-08-12T13:29:33.699965,loans.csv,739,CRITICAL
7757,2019,120,2023-09-21,2023-10-05,,2026-08-12T13:29:33.699965,loans.csv,1042,CRITICAL
2720,1104,24,2023-12-16,2023-12-30,,2026-08-12T13:29:33.699965,loans.csv,956,CRITICAL
3637,1260,1,2023-05-21,2023-06-04,2023-05-24,2026-08-12T13:29:33.699965,loans.csv,0,ON TIME
2723,1894,3,2024-06-01,2024-06-15,2024-07-20,2026-08-12T13:29:33.699965,loans.csv,35,CRITICAL
7571,1510,2,2022-08-14,2022-08-28,2022-08-28,2026-08-12T13:29:33.699965,loans.csv,0,ON TIME
3676,2112,1,2022-11-26,2022-12-10,,2026-08-12T13:29:33.699965,loans.csv,1341,CRITICAL
6377,1563,1,2024-08-21,2024-09-04,2024-09-06,2026-08-12T13:29:33.699965,loans.csv,2,MILD
7605,2650,2,2022-01-06,2022-01-20,2022-01-08,2026-08-12T13:29:33.699965,loans.csv,0,ON TIME
6303,1565,5,2023-11-07,2023-11-21,2023-11-09,2026-08-12T13:29:33.699965,loans.csv,0,ON TIME
4588,201,3,2024-05-17,2024-05-31,2024-05-24,2026-08-12T13:29:33.699965,loans.csv,0,ON TIME
5582,1214,24,2022-07-25,2022-08-08,2022-08-05,2026-08-12T13:29:33.699965,loans.csv,0,ON TIME
33,1461,1,2022-12-15,2022-12-29,,2026-08-12T13:29:33.699965,loans.csv,1322,CRITICAL
9315,937,13,2022-05-22,2022-06-05,2022-06-03,2026-08-12T13:29:33.699965,loans.csv,0,ON TIME
4,201,1,2021-06-19,2021-07-03,2021-06-25,2026-08-12T13:29:33.699965,loans.csv,0,ON TIME
2573,1243,1,2022-10-22,2022-11-12,2022-11-01,2026-08-12T13:29:33.699965,loans.csv,0,ON TIME
6074,1623,3,2023-12-16,2023-12-30,2023-12-27,2026-08-12T13:29:33.699965,loans.csv,0,ON TIME
2135,862,64,2023-01-09,2023-01-23,2023-01-17,2026-08-12T13:29:33.699965,loans.csv,0,ON TIME
2577,565,26,2022-05-25,2022-06-08,,2026-08-12T13:29:33.699965,loans.csv,1526,CRITICAL
3860,2278,2,2024-12-12,2024-12-26,,2026-08-12T13:29:33.699965,loans.csv,594,CRITICAL
1455,734,1,2024-03-06,2024-03-27,2024-03-18,2026-08-12T13:29:33.699965,loans.csv,0,ON TIME
4749,264,23,2024-07-25,2024-08-08,2024-07-27,2026-08-12T13:29:33.699965,loans.csv,0,ON TIME
2287,707,10,2022-03-19,2022-04-02,2022-04-08,2026-08-12T13:29:33.699965,loans.csv,6,MILD
2168,1889,6,2024-10-10,2024-10-24,2024-10-18,2026-08-12T13:29:33.699965,loans.csv,0,ON TIME
865,2735,1,2024-07-15,2024-07-29,2024-07-16,2026-08-12T13:29:33.699965,loans.csv,0,ON TIME
4797,564,28,2023-04-12,2023-04-26,2023-04-16,2026-08-12T13:29:33.699965,loans.csv,0,ON TIME
422,2638,1,2024-01-14,2024-01-28,2024-01-23,2026-08-12T13:29:33.699965,loans.csv,0,ON TIME
8942,663,1,2024-02-23,2024-03-08,2024-03-07,2026-08-12T13:29:33.699965,loans.csv,0,ON TIME
4238,1785,27,2024-12-16,2024-12-30,,2026-08-12T13:29:33.699965,loans.csv,590,CRITICAL
26,1499,16,2023-03-09,2023-03-23,2023-03-12,2026-08-12T13:29:33.699965,loans.csv,0,ON TIME
5545,2750,8,2024-10-07,2024-10-21,2024-10-21,2026-08-12T13:29:33.699965,loans.csv,0,ON TIME
7356,2152,1,2024-09-03,2024-09-24,2024-09-06,2026-08-12T13:29:33.699965,loans.csv,0,ON TIME
3015,1022,2,2021-11-18,2021-12-02,2021-11-29,2026-08-12T13:29:33.699965,loans.csv,0,ON TIME
3518,1366,1,2023-07-26,2023-08-09,2023-07-31,2026-08-12T13:29:33.699965,loans.csv,0,ON TIME
2744,1942,2,2024-08-27,2024-09-10,2024-08-31,2026-08-12T13:29:33.699965,loans.csv,0,ON TIME
1601,1685,9,2024-02-13,2024-02-27,2024-02-18,2026-08-12T13:29:33.699965,loans.csv,0,ON TIME
9499,634,1,2023-06-08,2023-06-22,2023-06-17,2026-08-12T13:29:33.699965,loans.csv,0,ON TIME
1888,655,1,2024-12-03,2024-12-17,2024-12-04,2026-08-12T13:29:33.699965,loans.csv,0,ON TIME
7942,831,2,2023-04-05,2023-04-19,2023-04-14,2026-08-12T13:29:33.699965,loans.csv,0,ON TIME
8967,1772,1,2022-12-20,2023-01-03,2023-01-02,2026-08-12T13:29:33.699965,loans.csv,0,ON TIME
6881,1661,64,2023-03-24,2023-04-07,2023-04-08,2026-08-12T13:29:33.699965,loans.csv,1,MILD
7514,2069,1,2024-04-15,2024-05-06,2024-05-05,2026-08-12T13:29:33.699965,loans.csv,0,ON TIME
6832,2510,5,2020-09-09,2020-09-23,2020-09-18,2026-08-12T13:29:33.699965,loans.csv,0,ON TIME
7433,2411,1,2021-08-10,2021-08-24,2021-08-16,2026-08-12T13:29:33.699965,loans.csv,0,ON TIME
68,1208,38,2024-04-19,2024-05-03,2024-04-23,2026-08-12T13:29:33.699965,loans.csv,0,ON TIME
2567,1584,1,2022-11-06,2022-11-20,2022-11-07,2026-08-12T13:29:33.699965,loans.csv,0,ON TIME
3143,2331,5,2023-06-23,2023-07-07,2023-06-25,2026-08-12T13:29:33.699965,loans.csv,0,ON TIME
357,866,46,2023-04-07,2023-04-21,,2026-08-12T13:29:33.699965,loans.csv,1209,CRITICAL
2291,833,145,2023-09-18,2023-10-02,,2026-08-12T13:29:33.699965,loans.csv,1045,CRITICAL
5883,2391,1,2021-08-08,2021-08-22,2021-09-01,2026-08-12T13:29:33.699965,loans.csv,10,SEVERE
6837,1801,1,2024-12-11,2025-01-01,,2026-08-12T13:29:33.699965,loans.csv,588,CRITICAL
127,2494,1,2022-06-15,2022-06-29,2022-07-04,2026-08-12T13:29:33.699965,loans.csv,5,MILD
1736,802,1,2022-02-19,2022-03-05,2022-02-25,2026-08-12T13:29:33.699965,loans.csv,0,ON TIME
7505,701,1,2024-10-24,2024-11-07,2024-11-09,2026-08-12T13:29:33.699965,loans.csv,2,MILD
312,1614,1,2023-08-09,2023-08-23,,2026-08-12T13:29:33.699965,loans.csv,1085,CRITICAL
4051,1488,1,2021-01-27,2021-02-10,2021-02-02,2026-08-12T13:29:33.699965,loans.csv,0,ON TIME
7512,1564,23,2020-05-21,2020-06-04,2020-05-29,2026-08-12T13:29:33.699965,loans.csv,0,ON TIME
2794,989,35,2023-12-12,2023-12-26,2023-12-29,2026-08-12T13:29:33.699965,loans.csv,3,MILD
2555,2516,2,2024-02-05,2024-02-19,,2026-08-12T13:29:33.699965,loans.csv,905,CRITICAL
831,466,33,2023-05-11,2023-05-25,,2026-08-12T13:29:33.699965,loans.csv,1175,CRITICAL
1312,1079,44,2022-05-01,2022-05-22,2022-05-22,2026-08-12T13:29:33.699965,loans.csv,0,ON TIME
5884,1803,16,2024-05-26,2024-06-09,2024-06-03,2026-08-12T13:29:33.699965,loans.csv,0,ON TIME
9092,994,1,2021-05-29,2021-06-12,2021-06-01,2026-08-12T13:29:33.699965,loans.csv,0,ON TIME
3048,2591,1,2022-07-15,2022-08-05,,2026-08-12T13:29:33.699965,loans.csv,1468,CRITICAL
2376,365,11,2022-01-25,2022-02-15,2022-02-26,2026-08-12T13:29:33.699965,loans.csv,11,SEVERE
5344,1263,2,2024-05-27,2024-06-10,2024-07-12,2026-08-12T13:29:33.699965,loans.csv,32,CRITICAL
5460,2477,6,2024-11-12,2024-11-26,2024-12-02,2026-08-12T13:29:33.699965,loans.csv,6,MILD
8559,1112,1,2021-02-11,2021-02-25,2021-02-12,2026-08-12T13:29:33.699965,loans.csv,0,ON TIME
4044,1103,25,2020-03-20,2020-04-03,2020-04-09,2026-08-12T13:29:33.699965,loans.csv,6,MILD
8754,1598,3,2024-11-13,2024-11-27,2024-12-03,2026-08-12T13:29:33.699965,loans.csv,6,MILD
9269,629,4,2023-11-01,2023-11-15,2023-11-09,2026-08-12T13:29:33.699965,loans.csv,0,ON TIME
5574,958,1,2024-10-05,2024-10-19,2024-10-16,2026-08-12T13:29:33.699965,loans.csv,0,ON TIME
7400,2669,1,2023-10-23,2023-11-06,2023-12-04,2026-08-12T13:29:33.699965,loans.csv,28,SEVERE
229,2110,2,2024-06-10,2024-06-24,2024-06-26,2026-08-12T13:29:33.699965,loans.csv,2,MILD
892,754,12,2020-09-28,2020-10-12,2020-10-07,2026-08-12T13:29:33.699965,loans.csv,0,ON TIME
3147,178,1,2020-08-17,2020-08-31,2020-08-30,2026-08-12T13:29:33.699965,loans.csv,0,ON TIME
8448,1219,4,2020-01-13,2020-01-27,2020-01-29,2026-08-12T13:29:33.699965,loans.csv,2,MILD
5614,476,4,2022-06-22,2022-07-13,2022-07-03,2026-08-12T13:29:33.699965,loans.csv,0,ON TIME
1430,51,1,2023-11-09,2023-11-23,2023-11-23,2026-08-12T13:29:33.699965,loans.csv,0,ON TIME
1652,1344,138,2024-03-30,2024-04-13,2024-03-31,2026-08-12T13:29:33.699965,loans.csv,0,ON TIME
9035,380,6,2023-01-13,2023-01-27,2023-01-22,2026-08-12T13:29:33.699965,loans.csv,0,ON TIME
2056,1754,1,2024-05-06,2024-05-20,2024-05-08,2026-08-12T13:29:33.699965,loans.csv,0,ON TIME
6944,2130,2,2022-05-13,2022-05-27,2022-05-31,2026-08-12T13:29:33.699965,loans.csv,4,MILD
9366,289,1,2022-06-12,2022-06-26,2022-06-21,2026-08-12T13:29:33.699965,loans.csv,0,ON TIME
2906,2411,7,2023-06-17,2023-07-01,2023-07-07,2026-08-12T13:29:33.699965,loans.csv,6,MILD
2373,1947,1,2024-05-26,2024-06-09,2024-06-08,2026-08-12T13:29:33.699965,loans.csv,0,ON TIME
1639,1681,4,2024-10-07,2024-10-28,2024-10-17,2026-08-12T13:29:33.699965,loans.csv,0,ON TIME
16,86,1,2024-10-15,2024-10-29,2024-10-18,2026-08-12T13:29:33.699965,loans.csv,0,ON TIME
8652,862,1,2024-06-08,2024-06-22,2024-06-21,2026-08-12T13:29:33.699965,loans.csv,0,ON TIME
2589,2249,4,2022-05-18,2022-06-01,2022-05-21,2026-08-12T13:29:33.699965,loans.csv,0,ON TIME
7972,1098,19,2020-04-11,2020-05-02,2020-04-15,2026-08-12T13:29:33.699965,loans.csv,0,ON TIME
117,758,3,2024-12-26,2025-01-09,,2026-08-12T13:29:33.699965,loans.csv,580,CRITICAL
1853,226,1,2023-08-12,2023-08-26,2023-08-15,2026-08-12T13:29:33.699965,loans.csv,0,ON TIME
8889,1731,2,2023-01-30,2023-02-13,2023-02-05,2026-08-12T13:29:33.699965,loans.csv,0,ON TIME
932,1680,7,2020-04-14,2020-04-28,2020-05-05,2026-08-12T13:29:33.699965,loans.csv,7,MILD
4313,1790,4,2020-12-18,2021-01-01,,2026-08-12T13:29:33.699965,loans.csv,2049,CRITICAL
698,201,2,2022-01-27,2022-02-10,2022-02-12,2026-08-12T13:29:33.699965,loans.csv,2,MILD
5957,950,1,2024-12-25,2025-01-08,,2026-08-12T13:29:33.699965,loans.csv,581,CRITICAL
9108,2481,1,2024-10-10,2024-10-24,2024-10-23,2026-08-12T13:29:33.699965,loans.csv,0,ON TIME
8074,1346,1,2024-06-11,2024-06-25,2024-06-14,2026-08-12T13:29:33.699965,loans.csv,0,ON TIME
5830,2591,1,2022-06-18,2022-07-02,2022-06-24,2026-08-12T13:29:33.699965,loans.csv,0,ON TIME
8729,1148,14,2024-06-28,2024-07-19,2024-07-10,2026-08-12T13:29:33.699965,loans.csv,0,ON TIME
7842,464,1,2024-07-04,2024-07-18,2024-07-19,2026-08-12T13:29:33.699965,loans.csv,1,MILD
5719,1418,8,2024-03-29,2024-04-12,2024-05-20,2026-08-12T13:29:33.699965,loans.csv,38,CRITICAL
885,620,1,2023-03-14,2023-03-28,2023-03-29,2026-08-12T13:29:33.699965,loans.csv,1,MILD
4276,613,13,2024-12-02,2024-12-16,2024-12-09,2026-08-12T13:29:33.699965,loans.csv,0,ON TIME
2655,295,129,2023-08-23,2023-09-06,2023-09-28,2026-08-12T13:29:33.699965,loans.csv,22,SEVERE
8199,1085,1,2022-06-05,2022-06-19,2022-06-06,2026-08-12T13:29:33.699965,loans.csv,0,ON TIME
2942,2698,2,2022-12-12,2022-12-26,2022-12-20,2026-08-12T13:29:33.699965,loans.csv,0,ON TIME
3472,549,1,2024-10-09,2024-10-30,2024-10-20,2026-08-12T13:29:33.699965,loans.csv,0,ON TIME
4302,380,5,2022-06-06,2022-06-20,2022-06-14,2026-08-12T13:29:33.699965,loans.csv,0,ON TIME
7903,1721,4,2023-10-21,2023-11-04,2023-10-22,2026-08-12T13:29:33.699965,loans.csv,0,ON TIME
6717,1134,21,2023-02-27,2023-03-13,2023-04-02,2026-08-12T13:29:33.699965,loans.csv,20,SEVERE
7919,1085,2,2022-09-18,2022-10-02,,2026-08-12T13:29:33.699965,loans.csv,1410,CRITICAL
9039,783,1,2020-08-03,2020-08-24,2020-08-26,2026-08-12T13:29:33.699965,loans.csv,2,MILD
306,1773,6,2022-03-13,2022-03-27,2022-03-23,2026-08-12T13:29:33.699965,loans.csv,0,ON TIME
4463,1755,1,2024-03-21,2024-04-04,2024-03-26,2026-08-12T13:29:33.699965,loans.csv,0,ON TIME
5269,1828,5,2024-09-20,2024-10-04,2024-10-04,2026-08-12T13:29:33.699965,loans.csv,0,ON TIME
3749,655,1,2023-10-15,2023-10-29,2023-11-01,2026-08-12T13:29:33.699965,loans.csv,3,MILD
7328,2562,1,2020-03-07,2020-03-21,2020-03-11,2026-08-12T13:29:33.699965,loans.csv,0,ON TIME
7056,756,1,2024-06-17,2024-07-01,2024-06-24,2026-08-12T13:29:33.699965,loans.csv,0,ON TIME
1905,410,61,2023-08-08,2023-08-22,2023-08-23,2026-08-12T13:29:33.699965,loans.csv,1,MILD
5718,232,1,2024-11-01,2024-11-15,2024-11-22,2026-08-12T13:29:33.699965,loans.csv,7,MILD
2482,1571,1,2023-11-17,2023-12-01,2023-11-21,2026-08-12T13:29:33.699965,loans.csv,0,ON TIME
3194,421,9,2024-05-26,2024-06-09,2024-06-12,2026-08-12T13:29:33.699965,loans.csv,3,MILD
2440,1227,75,2024-03-15,2024-03-29,2024-03-23,2026-08-12T13:29:33.699965,loans.csv,0,ON TIME
4577,1663,20,2023-12-11,2023-12-25,2023-12-20,2026-08-12T13:29:33.699965,loans.csv,0,ON TIME
3236,1056,3,2024-02-01,2024-02-22,2024-02-09,2026-08-12T13:29:33.699965,loans.csv,0,ON TIME
2409,1415,1,2023-10-27,2023-11-17,2023-11-14,2026-08-12T13:29:33.699965,loans.csv,0,ON TIME
5067,1118,17,2024-01-28,2024-02-11,2024-02-16,2026-08-12T13:29:33.699965,loans.csv,5,MILD
3468,1861,1,2023-08-27,2023-09-10,2023-08-29,2026-08-12T13:29:33.699965,loans.csv,0,ON TIME
1393,2779,9,2023-09-28,2023-10-12,2023-11-12,2026-08-12T13:29:33.699965,loans.csv,31,CRITICAL
3137,1831,1,2023-02-15,2023-03-08,2023-03-14,2026-08-12T13:29:33.699965,loans.csv,6,MILD
2188,2442,1,2024-03-14,2024-03-28,2024-03-17,2026-08-12T13:29:33.699965,loans.csv,0,ON TIME
2384,1108,10,2023-10-02,2023-10-16,2023-10-08,2026-08-12T13:29:33.699965,loans.csv,0,ON TIME
9003,2370,24,2024-07-08,2024-07-22,2024-07-16,2026-08-12T13:29:33.699965,loans.csv,0,ON TIME
206,511,2,2023-09-26,2023-10-17,,2026-08-12T13:29:33.699965,loans.csv,1030,CRITICAL
1342,508,2,2021-03-17,2021-03-31,2021-04-02,2026-08-12T13:29:33.699965,loans.csv,2,MILD
3174,924,1,2023-01-07,2023-01-28,2023-01-19,2026-08-12T13:29:33.699965,loans.csv,0,ON TIME
3158,2235,8,2023-07-14,2023-07-28,2023-07-31,2026-08-12T13:29:33.699965,loans.csv,3,MILD
5152,1357,1,2024-05-06,2024-05-20,2024-05-18,2026-08-12T13:29:33.699965,loans.csv,0,ON TIME
2863,614,1,2024-08-05,2024-08-19,2024-08-16,2026-08-12T13:29:33.699965,loans.csv,0,ON TIME
5532,225,1,2021-07-24,2021-08-07,2021-07-28,2026-08-12T13:29:33.699965,loans.csv,0,ON TIME
5114,2396,1,2023-11-13,2023-11-27,2023-11-18,2026-08-12T13:29:33.699965,loans.csv,0,ON TIME
2242,1759,1,2024-11-23,2024-12-14,2024-12-21,2026-08-12T13:29:33.699965,loans.csv,7,MILD
5944,308,3,2023-10-21,2023-11-11,2023-11-03,2026-08-12T13:29:33.699965,loans.csv,0,ON TIME
862,116,1,2024-12-17,2024-12-31,,2026-08-12T13:29:33.699965,loans.csv,589,CRITICAL
8847,2296,117,2022-08-17,2022-08-31,2022-08-18,2026-08-12T13:29:33.699965,loans.csv,0,ON TIME
4458,669,2,2024-09-23,2024-10-07,2024-09-24,2026-08-12T13:29:33.699965,loans.csv,0,ON TIME
4015,748,1,2023-08-20,2023-09-03,,2026-08-12T13:29:33.699965,loans.csv,1074,CRITICAL
9468,1346,40,2024-09-17,2024-10-01,2024-09-20,2026-08-12T13:29:33.699965,loans.csv,0,ON TIME
7055,2272,3,2024-08-01,2024-08-15,2024-08-18,2026-08-12T13:29:33.699965,loans.csv,3,MILD
5005,1037,1,2024-07-11,2024-07-25,2024-07-12,2026-08-12T13:29:33.699965,loans.csv,0,ON TIME
5233,1186,7,2023-05-27,2023-06-10,2023-05-30,2026-08-12T13:29:33.699965,loans.csv,0,ON TIME
2356,2783,5,2024-10-19,2024-11-02,2024-10-25,2026-08-12T13:29:33.699965,loans.csv,0,ON TIME
7442,1611,25,2020-08-21,2020-09-04,2020-08-24,2026-08-12T13:29:33.699965,loans.csv,0,ON TIME
5612,1690,4,2024-10-12,2024-10-26,2024-10-16,2026-08-12T13:29:33.699965,loans.csv,0,ON TIME
5653,2250,5,2024-03-25,2024-04-08,2024-03-29,2026-08-12T13:29:33.699965,loans.csv,0,ON TIME
2034,2436,1,2023-12-29,2024-01-12,2024-01-09,2026-08-12T13:29:33.699965,loans.csv,0,ON TIME
8767,2708,25,2023-09-02,2023-09-16,2023-09-09,2026-08-12T13:29:33.699965,loans.csv,0,ON TIME
9571,1292,6,2023-02-04,2023-02-18,2023-02-07,2026-08-12T13:29:33.699965,loans.csv,0,ON TIME
6753,1769,1,2024-10-02,2024-10-16,2024-10-12,2026-08-12T13:29:33.699965,loans.csv,0,ON TIME
8248,2018,1,2024-04-20,2024-05-04,2024-05-03,2026-08-12T13:29:33.699965,loans.csv,0,ON TIME
7079,850,1,2024-10-10,2024-10-24,2024-10-22,2026-08-12T13:29:33.699965,loans.csv,0,ON TIME
2099,16,1,2022-08-03,2022-08-17,2022-08-09,2026-08-12T13:29:33.699965,loans.csv,0,ON TIME
2831,43,1,2021-04-21,2021-05-05,2021-05-03,2026-08-12T13:29:33.699965,loans.csv,0,ON TIME
7205,2698,9,2022-06-11,2022-06-25,2022-06-13,2026-08-12T13:29:33.699965,loans.csv,0,ON TIME
9309,2670,2,2024-01-19,2024-02-02,2024-01-24,2026-08-12T13:29:33.699965,loans.csv,0,ON TIME
7240,1402,1,2023-04-07,2023-04-21,2023-04-27,2026-08-12T13:29:33.699965,loans.csv,6,MILD
9337,579,7,2022-04-19,2022-05-03,,2026-08-12T13:29:33.699965,loans.csv,1562,CRITICAL
7664,2136,1,2024-07-08,2024-07-22,2024-07-28,2026-08-12T13:29:33.699965,loans.csv,6,MILD
6501,1373,1,2020-09-09,2020-09-23,2020-09-22,2026-08-12T13:29:33.699965,loans.csv,0,ON TIME
6782,2240,2,2024-11-29,2024-12-13,2024-12-04,2026-08-12T13:29:33.699965,loans.csv,0,ON TIME
2587,1467,3,2024-09-20,2024-10-04,2024-09-27,2026-08-12T13:29:33.699965,loans.csv,0,ON TIME
645,1689,2,2022-03-16,2022-03-30,2022-03-17,2026-08-12T13:29:33.699965,loans.csv,0,ON TIME
1192,2078,1,2023-02-19,2023-03-05,2023-03-27,2026-08-12T13:29:33.699965,loans.csv,22,SEVERE
8393,1673,1,2023-02-22,2023-03-08,2023-03-06,2026-08-12T13:29:33.699965,loans.csv,0,ON TIME
420,1102,3,2024-07-30,2024-08-13,2024-08-28,2026-08-12T13:29:33.699965,loans.csv,15,SEVERE
9018,1191,1,2022-02-04,2022-02-18,2022-02-14,2026-08-12T13:29:33.699965,loans.csv,0,ON TIME
6674,814,1,2020-11-14,2020-11-28,2020-12-01,2026-08-12T13:29:33.699965,loans.csv,3,MILD
2751,901,5,2021-02-27,2021-03-13,2021-03-02,2026-08-12T13:29:33.699965,loans.csv,0,ON TIME
2071,1208,1,2023-07-21,2023-08-04,2023-08-01,2026-08-12T13:29:33.699965,loans.csv,0,ON TIME
4770,1909,1,2024-01-02,2024-01-16,2024-01-11,2026-08-12T13:29:33.699965,loans.csv,0,ON TIME
8432,816,2,2023-03-08,2023-03-22,2023-03-10,2026-08-12T13:29:33.699965,loans.csv,0,ON TIME
6971,1748,1,2023-11-03,2023-11-24,2023-11-08,2026-08-12T13:29:33.699965,loans.csv,0,ON TIME
2153,2562,1,2022-02-05,2022-02-19,2022-02-10,2026-08-12T13:29:33.699965,loans.csv,0,ON TIME
8953,2441,1,2024-11-18,2024-12-02,2024-12-09,2026-08-12T13:29:33.699965,loans.csv,7,MILD
8608,307,1,2024-01-06,2024-01-20,,2026-08-12T13:29:33.699965,loans.csv,935,CRITICAL
8633,1565,2,2023-04-22,2023-05-06,,2026-08-12T13:29:33.699965,loans.csv,1194,CRITICAL
4644,1582,1,2024-05-29,2024-06-12,2024-06-04,2026-08-12T13:29:33.699965,loans.csv,0,ON TIME
9354,537,5,2021-09-16,2021-09-30,2021-10-03,2026-08-12T13:29:33.699965,loans.csv,3,MILD
8105,2533,1,2024-04-08,2024-04-22,2024-04-14,2026-08-12T13:29:33.699965,loans.csv,0,ON TIME
1577,2761,10,2024-08-01,2024-08-15,2024-08-12,2026-08-12T13:29:33.699965,loans.csv,0,ON TIME
1590,1339,2,2020-03-19,2020-04-02,2020-03-30,2026-08-12T13:29:33.699965,loans.csv,0,ON TIME
3601,1142,1,2023-10-21,2023-11-04,2023-10-30,2026-08-12T13:29:33.699965,loans.csv,0,ON TIME
5046,1523,1,2024-04-11,2024-05-02,2024-04-14,2026-08-12T13:29:33.699965,loans.csv,0,ON TIME
1491,1632,2,2023-02-09,2023-02-23,2023-02-15,2026-08-12T13:29:33.699965,loans.csv,0,ON TIME
9536,2206,23,2024-08-24,2024-09-07,2024-09-06,2026-08-12T13:29:33.699965,loans.csv,0,ON TIME
8949,110,1,2022-09-20,2022-10-04,2022-10-05,2026-08-12T13:29:33.699965,loans.csv,1,MILD
195,421,1,2020-10-10,2020-10-24,2020-11-17,2026-08-12T13:29:33.699965,loans.csv,24,SEVERE
2024,591,1,2024-09-29,2024-10-13,2024-10-14,2026-08-12T13:29:33.699965,loans.csv,1,MILD
3900,335,1,2020-12-27,2021-01-10,2021-01-06,2026-08-12T13:29:33.699965,loans.csv,0,ON TIME
429,485,87,2024-12-25,2025-01-08,,2026-08-12T13:29:33.699965,loans.csv,581,CRITICAL
4250,2380,1,2024-02-17,2024-03-02,,2026-08-12T13:29:33.699965,loans.csv,893,CRITICAL
4319,2620,1,2024-07-15,2024-07-29,2024-07-27,2026-08-12T13:29:33.699965,loans.csv,0,ON TIME
9574,2018,45,2024-06-14,2024-06-28,2024-06-27,2026-08-12T13:29:33.699965,loans.csv,0,ON TIME
633,2176,16,2024-04-11,2024-04-25,2024-05-16,2026-08-12T13:29:33.699965,loans.csv,21,SEVERE
3681,2445,2,2024-10-01,2024-10-15,2024-10-13,2026-08-12T13:29:33.699965,loans.csv,0,ON TIME
3386,1133,1,2022-08-01,2022-08-15,2022-08-05,2026-08-12T13:29:33.699965,loans.csv,0,ON TIME
3578,2798,1,2024-09-04,2024-09-18,2024-09-17,2026-08-12T13:29:33.699965,loans.csv,0,ON TIME
6671,2377,3,2023-11-16,2023-12-07,2023-12-18,2026-08-12T13:29:33.699965,loans.csv,11,SEVERE
650,1704,1,2024-11-06,2024-11-20,2024-11-22,2026-08-12T13:29:33.699965,loans.csv,2,MILD
9406,2011,14,2024-11-29,2024-12-13,2024-12-13,2026-08-12T13:29:33.699965,loans.csv,0,ON TIME
4380,2645,1,2024-04-19,2024-05-10,2024-05-04,2026-08-12T13:29:33.699965,loans.csv,0,ON TIME
310,421,33,2023-08-28,2023-09-11,,2026-08-12T13:29:33.699965,loans.csv,1066,CRITICAL
7865,1609,16,2023-01-02,2023-01-16,2023-01-10,2026-08-12T13:29:33.699965,loans.csv,0,ON TIME
533,15,2,2023-02-14,2023-02-28,2023-02-26,2026-08-12T13:29:33.699965,loans.csv,0,ON TIME
5293,1510,99,2022-05-08,2022-05-22,2022-06-05,2026-08-12T13:29:33.699965,loans.csv,14,SEVERE
5070,132,1,2023-04-28,2023-05-12,2023-05-15,2026-08-12T13:29:33.699965,loans.csv,3,MILD
1490,1553,4,2023-09-19,2023-10-03,2023-09-29,2026-08-12T13:29:33.699965,loans.csv,0,ON TIME
2086,1781,1,2023-10-07,2023-10-28,2023-10-08,2026-08-12T13:29:33.699965,loans.csv,0,ON TIME
941,1327,1,2022-10-14,2022-10-28,2022-11-15,2026-08-12T13:29:33.699965,loans.csv,18,SEVERE
5633,321,4,2024-01-16,2024-02-06,2024-02-04,2026-08-12T13:29:33.699965,loans.csv,0,ON TIME
1692,2065,1,2023-09-27,2023-10-11,2023-10-01,2026-08-12T13:29:33.699965,loans.csv,0,ON TIME
8836,583,10,2024-11-27,2024-12-11,2024-11-29,2026-08-12T13:29:33.699965,loans.csv,0,ON TIME
1071,882,4,2022-09-22,2022-10-06,2022-10-07,2026-08-12T13:29:33.699965,loans.csv,1,MILD
6724,498,147,2023-09-14,2023-10-05,2023-10-09,2026-08-12T13:29:33.699965,loans.csv,4,MILD
3972,2649,1,2024-02-04,2024-02-18,2024-02-05,2026-08-12T13:29:33.699965,loans.csv,0,ON TIME
7820,536,1,2024-04-08,2024-04-22,2024-04-20,2026-08-12T13:29:33.699965,loans.csv,0,ON TIME
978,587,1,2021-05-18,2021-06-01,2021-06-07,2026-08-12T13:29:33.699965,loans.csv,6,MILD
6719,848,1,2024-10-05,2024-10-19,2024-10-06,2026-08-12T13:29:33.699965,loans.csv,0,ON TIME
2429,1221,1,2022-05-05,2022-05-19,2022-05-15,2026-08-12T13:29:33.699965,loans.csv,0,ON TIME
2949,2032,2,2023-06-21,2023-07-05,2023-07-01,2026-08-12T13:29:33.699965,loans.csv,0,ON TIME
789,2276,1,2023-10-24,2023-11-07,2023-11-08,2026-08-12T13:29:33.699965,loans.csv,1,MILD
160,96,1,2022-05-31,2022-06-14,2022-06-15,2026-08-12T13:29:33.699965,loans.csv,1,MILD
5482,624,15,2022-02-23,2022-03-16,2022-03-13,2026-08-12T13:29:33.699965,loans.csv,0,ON TIME
1677,1444,3,2024-09-27,2024-10-11,2024-10-12,2026-08-12T13:29:33.699965,loans.csv,1,MILD
5397,2280,1,2024-07-05,2024-07-19,2024-07-22,2026-08-12T13:29:33.699965,loans.csv,3,MILD
2379,1698,1,2024-10-13,2024-10-27,2024-10-18,2026-08-12T13:29:33.699965,loans.csv,0,ON TIME
1338,544,3,2024-09-24,2024-10-08,2024-10-01,2026-08-12T13:29:33.699965,loans.csv,0,ON TIME
4450,568,1,2022-09-21,2022-10-05,2022-09-29,2026-08-12T13:29:33.699965,loans.csv,0,ON TIME
5767,1485,1,2022-03-25,2022-04-08,2022-04-04,2026-08-12T13:29:33.699965,loans.csv,0,ON TIME
4939,2731,3,2023-04-07,2023-04-28,2023-04-22,2026-08-12T13:29:33.699965,loans.csv,0,ON TIME
4953,2350,7,2024-09-16,2024-09-30,2024-09-25,2026-08-12T13:29:33.699965,loans.csv,0,ON TIME
7678,116,2,2024-05-02,2024-05-16,2024-05-04,2026-08-12T13:29:33.699965,loans.csv,0,ON TIME
7574,1889,1,2022-10-01,2022-10-22,2022-10-29,2026-08-12T13:29:33.699965,loans.csv,7,MILD
3150,363,7,2020-10-24,2020-11-07,,2026-08-12T13:29:33.699965,loans.csv,2104,CRITICAL
5777,552,4,2022-06-12,2022-06-26,2022-06-29,2026-08-12T13:29:33.699965,loans.csv,3,MILD
8996,467,2,2021-07-11,2021-07-25,2021-07-12,2026-08-12T13:29:33.699965,loans.csv,0,ON TIME
8327,2099,7,2022-12-01,2022-12-15,2022-12-21,2026-08-12T13:29:33.699965,loans.csv,6,MILD
2023,356,1,2024-12-08,2024-12-22,2024-12-09,2026-08-12T13:29:33.699965,loans.csv,0,ON TIME
453,2701,1,2024-01-04,2024-01-18,2024-01-14,2026-08-12T13:29:33.699965,loans.csv,0,ON TIME
3330,1963,1,2020-12-18,2021-01-01,2021-01-02,2026-08-12T13:29:33.699965,loans.csv,1,MILD
2048,2600,47,2024-02-25,2024-03-10,2024-03-06,2026-08-12T13:29:33.699965,loans.csv,0,ON TIME
4890,2225,1,2022-07-22,2022-08-05,2022-07-24,2026-08-12T13:29:33.699965,loans.csv,0,ON TIME
8924,1255,9,2024-11-01,2024-11-15,2024-11-17,2026-08-12T13:29:33.699965,loans.csv,2,MILD
6514,2402,3,2024-09-10,2024-09-24,2024-09-12,2026-08-12T13:29:33.699965,loans.csv,0,ON TIME
6214,1426,27,2023-01-10,2023-01-24,,2026-08-12T13:29:33.699965,loans.csv,1296,CRITICAL
8106,549,1,2024-12-02,2024-12-16,2024-12-05,2026-08-12T13:29:33.699965,loans.csv,0,ON TIME
9446,277,27,2022-05-11,2022-05-25,2022-05-18,2026-08-12T13:29:33.699965,loans.csv,0,ON TIME
1450,1341,10,2020-09-07,2020-09-21,2020-09-10,2026-08-12T13:29:33.699965,loans.csv,0,ON TIME
8930,1951,26,2024-03-23,2024-04-06,2024-04-04,2026-08-12T13:29:33.699965,loans.csv,0,ON TIME
1277,2358,1,2022-01-29,2022-02-12,2022-02-17,2026-08-12T13:29:33.699965,loans.csv,5,MILD
6317,705,9,2024-06-15,2024-06-29,2024-06-16,2026-08-12T13:29:33.699965,loans.csv,0,ON TIME
4882,877,163,2021-12-24,2022-01-07,,2026-08-12T13:29:33.699965,loans.csv,1678,CRITICAL
7508,1419,1,2023-05-17,2023-05-31,,2026-08-12T13:29:33.699965,loans.csv,1169,CRITICAL
7008,117,1,2023-08-15,2023-08-29,2023-09-01,2026-08-12T13:29:33.699965,loans.csv,3,MILD
964,1522,3,2024-10-08,2024-10-22,2024-10-13,2026-08-12T13:29:33.699965,loans.csv,0,ON TIME
5947,1050,2,2024-09-08,2024-09-22,2024-09-21,2026-08-12T13:29:33.699965,loans.csv,0,ON TIME
8740,646,23,2024-07-06,2024-07-20,2024-07-22,2026-08-12T13:29:33.699965,loans.csv,2,MILD
2027,872,1,2023-01-25,2023-02-08,2023-02-06,2026-08-12T13:29:33.699965,loans.csv,0,ON TIME
7372,2246,1,2023-05-20,2023-06-03,2023-05-22,2026-08-12T13:29:33.699965,loans.csv,0,ON TIME
3350,1861,1,2023-09-22,2023-10-06,,2026-08-12T13:29:33.699965,loans.csv,1041,CRITICAL
8347,316,40,2022-12-24,2023-01-07,,2026-08-12T13:29:33.699965,loans.csv,1313,CRITICAL
7550,1161,8,2024-03-07,2024-03-21,2024-03-25,2026-08-12T13:29:33.699965,loans.csv,4,MILD
2537,2672,25,2022-08-22,2022-09-12,2022-09-08,2026-08-12T13:29:33.699965,loans.csv,0,ON TIME
2088,2325,5,2023-09-11,2023-09-25,2023-09-25,2026-08-12T13:29:33.699965,loans.csv,0,ON TIME
5240,1275,1,2021-12-03,2021-12-17,2021-12-08,2026-08-12T13:29:33.699965,loans.csv,0,ON TIME
6520,2679,1,2024-01-24,2024-02-07,,2026-08-12T13:29:33.699965,loans.csv,917,CRITICAL
3644,2575,1,2024-06-06,2024-06-20,2024-06-11,2026-08-12T13:29:33.699965,loans.csv,0,ON TIME
2157,2055,87,2020-04-14,2020-05-05,2020-04-24,2026-08-12T13:29:33.699965,loans.csv,0,ON TIME
7330,444,1,2024-12-15,2024-12-29,,2026-08-12T13:29:33.699965,loans.csv,591,CRITICAL
5740,920,4,2024-08-30,2024-09-13,,2026-08-12T13:29:33.699965,loans.csv,698,CRITICAL
1317,2032,1,2023-10-06,2023-10-20,2023-10-08,2026-08-12T13:29:33.699965,loans.csv,0,ON TIME
6915,685,1,2024-05-24,2024-06-07,2024-05-30,2026-08-12T13:29:33.699965,loans.csv,0,ON TIME
5641,1232,1,2023-11-30,2023-12-14,2023-12-11,2026-08-12T13:29:33.699965,loans.csv,0,ON TIME
7369,432,3,2024-08-11,2024-08-25,2024-08-25,2026-08-12T13:29:33.699965,loans.csv,0,ON TIME
8759,1306,1,2024-12-07,2024-12-21,2024-12-08,2026-08-12T13:29:33.699965,loans.csv,0,ON TIME
7463,2760,10,2024-09-15,2024-09-29,2024-09-18,2026-08-12T13:29:33.699965,loans.csv,0,ON TIME
9319,1015,1,2022-09-19,2022-10-03,2022-10-10,2026-08-12T13:29:33.699965,loans.csv,7,MILD
9569,715,9,2022-12-03,2022-12-17,2022-12-10,2026-08-12T13:29:33.699965,loans.csv,0,ON TIME
3796,652,1,2024-02-13,2024-03-05,2024-03-06,2026-08-12T13:29:33.699965,loans.csv,1,MILD
356,702,3,2023-05-22,2023-06-05,2023-06-06,2026-08-12T13:29:33.699965,loans.csv,1,MILD
6986,1509,24,2021-05-11,2021-05-25,2021-05-19,2026-08-12T13:29:33.699965,loans.csv,0,ON TIME
2545,2743,6,2024-11-01,2024-11-15,2024-11-03,2026-08-12T13:29:33.699965,loans.csv,0,ON TIME
8817,1936,24,2020-10-19,2020-11-02,2020-10-26,2026-08-12T13:29:33.699965,loans.csv,0,ON TIME
6964,2563,91,2024-04-01,2024-04-15,2024-04-06,2026-08-12T13:29:33.699965,loans.csv,0,ON TIME
5940,452,2,2023-10-28,2023-11-11,2023-11-08,2026-08-12T13:29:33.699965,loans.csv,0,ON TIME
1638,2545,1,2023-02-15,2023-03-01,2023-03-08,2026-08-12T13:29:33.699965,loans.csv,7,MILD
2411,534,82,2023-09-26,2023-10-17,2023-10-06,2026-08-12T13:29:33.699965,loans.csv,0,ON TIME
1781,2756,1,2024-05-29,2024-06-19,2024-06-14,2026-08-12T13:29:33.699965,loans.csv,0,ON TIME
666,930,1,2024-10-26,2024-11-09,2024-11-01,2026-08-12T13:29:33.699965,loans.csv,0,ON TIME
2130,2167,1,2023-10-07,2023-10-21,2023-10-27,2026-08-12T13:29:33.699965,loans.csv,6,MILD
6977,1643,125,2024-07-05,2024-07-26,,2026-08-12T13:29:33.699965,loans.csv,747,CRITICAL
5480,2028,7,2024-04-24,2024-05-08,2024-05-06,2026-08-12T13:29:33.699965,loans.csv,0,ON TIME
9177,1533,2,2021-04-25,2021-05-09,2021-04-27,2026-08-12T13:29:33.699965,loans.csv,0,ON TIME
1705,2608,5,2022-03-05,2022-03-19,2022-03-14,2026-08-12T13:29:33.699965,loans.csv,0,ON TIME
917,668,1,2024-06-25,2024-07-09,2024-06-26,2026-08-12T13:29:33.699965,loans.csv,0,ON TIME
3233,2731,1,2023-08-25,2023-09-08,2023-09-07,2026-08-12T13:29:33.699965,loans.csv,0,ON TIME
4321,2022,1,2023-09-21,2023-10-12,2023-10-06,2026-08-12T13:29:33.699965,loans.csv,0,ON TIME
6273,44,2,2022-08-15,2022-08-29,2022-08-28,2026-08-12T13:29:33.699965,loans.csv,0,ON TIME
2041,528,3,2023-09-06,2023-09-20,2023-09-12,2026-08-12T13:29:33.699965,loans.csv,0,ON TIME
1224,1910,1,2023-05-04,2023-05-18,2023-05-06,2026-08-12T13:29:33.699965,loans.csv,0,ON TIME
2659,680,4,2024-09-05,2024-09-19,2024-09-19,2026-08-12T13:29:33.699965,loans.csv,0,ON TIME
4950,2373,13,2023-08-07,2023-08-21,2023-08-23,2026-08-12T13:29:33.699965,loans.csv,2,MILD
1658,2146,1,2021-02-23,2021-03-09,2021-03-07,2026-08-12T13:29:33.699965,loans.csv,0,ON TIME
1768,2698,1,2023-01-09,2023-01-23,2023-01-23,2026-08-12T13:29:33.699965,loans.csv,0,ON TIME
987,1255,6,2020-05-07,2020-05-21,2020-05-19,2026-08-12T13:29:33.699965,loans.csv,0,ON TIME
1547,1336,1,2021-03-23,2021-04-06,2021-04-08,2026-08-12T13:29:33.699965,loans.csv,2,MILD
8747,1796,4,2024-11-23,2024-12-07,2024-12-02,2026-08-12T13:29:33.699965,loans.csv,0,ON TIME
9051,2164,1,2023-05-07,2023-05-21,2023-05-08,2026-08-12T13:29:33.699965,loans.csv,0,ON TIME
6070,565,3,2023-09-14,2023-09-28,2023-09-27,2026-08-12T13:29:33.699965,loans.csv,0,ON TIME
7870,2104,3,2024-03-21,2024-04-04,2024-03-29,2026-08-12T13:29:33.699965,loans.csv,0,ON TIME
8113,2344,2,2023-12-31,2024-01-14,2024-01-11,2026-08-12T13:29:33.699965,loans.csv,0,ON TIME
837,2001,1,2024-11-23,2024-12-14,2024-12-09,2026-08-12T13:29:33.699965,loans.csv,0,ON TIME
4641,674,5,2024-11-26,2024-12-10,2024-12-17,2026-08-12T13:29:33.699965,loans.csv,7,MILD
2479,212,2,2022-08-12,2022-08-26,2022-09-22,2026-08-12T13:29:33.699965,loans.csv,27,SEVERE
5202,2511,2,2022-04-10,2022-04-24,2022-04-18,2026-08-12T13:29:33.699965,loans.csv,0,ON TIME
8103,667,6,2024-03-01,2024-03-15,2024-03-06,2026-08-12T13:29:33.699965,loans.csv,0,ON TIME
3318,677,1,2022-11-15,2022-11-29,2023-01-06,2026-08-12T13:29:33.699965,loans.csv,38,CRITICAL
245,2701,41,2021-10-31,2021-11-14,2021-11-14,2026-08-12T13:29:33.699965,loans.csv,0,ON TIME
5093,566,1,2024-12-25,2025-01-08,,2026-08-12T13:29:33.699965,loans.csv,581,CRITICAL
2062,1740,3,2023-07-18,2023-08-01,2023-08-02,2026-08-12T13:29:33.699965,loans.csv,1,MILD
4330,1686,2,2024-10-17,2024-10-31,2024-11-02,2026-08-12T13:29:33.699965,loans.csv,2,MILD
4809,2639,1,2022-12-27,2023-01-10,2023-01-04,2026-08-12T13:29:33.699965,loans.csv,0,ON TIME
1073,767,1,2024-12-10,2024-12-24,2024-12-28,2026-08-12T13:29:33.699965,loans.csv,4,MILD
7198,1761,1,2020-06-29,2020-07-13,2020-07-02,2026-08-12T13:29:33.699965,loans.csv,0,ON TIME
1532,2119,6,2022-11-24,2022-12-08,2023-01-18,2026-08-12T13:29:33.699965,loans.csv,41,CRITICAL
8724,1304,3,2021-03-26,2021-04-09,2021-03-31,2026-08-12T13:29:33.699965,loans.csv,0,ON TIME
2893,2313,80,2022-03-30,2022-04-20,2022-04-06,2026-08-12T13:29:33.699965,loans.csv,0,ON TIME
4355,68,1,2024-07-12,2024-07-26,2024-07-17,2026-08-12T13:29:33.699965,loans.csv,0,ON TIME
7385,1771,1,2023-01-17,2023-01-31,2023-01-20,2026-08-12T13:29:33.699965,loans.csv,0,ON TIME
5339,606,6,2024-04-01,2024-04-15,,2026-08-12T13:29:33.699965,loans.csv,849,CRITICAL
3314,1400,1,2024-09-13,2024-10-04,2024-09-29,2026-08-12T13:29:33.699965,loans.csv,0,ON TIME
1273,2481,2,2024-12-04,2024-12-18,2024-12-18,2026-08-12T13:29:33.699965,loans.csv,0,ON TIME
3152,2743,1,2024-10-19,2024-11-02,2024-10-31,2026-08-12T13:29:33.699965,loans.csv,0,ON TIME
6804,1825,1,2021-05-09,2021-05-23,2021-05-10,2026-08-12T13:29:33.699965,loans.csv,0,ON TIME
2880,1008,4,2023-11-08,2023-11-22,2023-11-17,2026-08-12T13:29:33.699965,loans.csv,0,ON TIME
871,536,31,2023-12-08,2023-12-22,2023-12-11,2026-08-12T13:29:33.699965,loans.csv,0,ON TIME
7278,112,2,2022-05-29,2022-06-12,2022-05-30,2026-08-12T13:29:33.699965,loans.csv,0,ON TIME
4806,24,1,2024-10-22,2024-11-05,2024-10-28,2026-08-12T13:29:33.699965,loans.csv,0,ON TIME
6742,1243,16,2023-08-02,2023-08-16,2023-08-07,2026-08-12T13:29:33.699965,loans.csv,0,ON TIME
8992,1112,1,2021-11-13,2021-11-27,2021-11-17,2026-08-12T13:29:33.699965,loans.csv,0,ON TIME
6171,2343,20,2021-01-28,2021-02-11,2021-02-14,2026-08-12T13:29:33.699965,loans.csv,3,MILD
934,412,1,2024-05-10,2024-05-24,2024-05-21,2026-08-12T13:29:33.699965,loans.csv,0,ON TIME
693,514,1,2024-09-06,2024-09-20,,2026-08-12T13:29:33.699965,loans.csv,691,CRITICAL
2968,1529,3,2024-07-07,2024-07-21,2024-07-09,2026-08-12T13:29:33.699965,loans.csv,0,ON TIME
3403,2507,1,2024-11-19,2024-12-03,2024-11-22,2026-08-12T13:29:33.699965,loans.csv,0,ON TIME
1558,1017,3,2024-01-05,2024-01-19,2024-01-07,2026-08-12T13:29:33.699965,loans.csv,0,ON TIME
6256,629,3,2024-09-23,2024-10-07,2024-10-13,2026-08-12T13:29:33.699965,loans.csv,6,MILD
4270,1970,2,2023-11-12,2023-11-26,,2026-08-12T13:29:33.699965,loans.csv,990,CRITICAL
3445,2481,2,2024-11-04,2024-11-18,2024-11-06,2026-08-12T13:29:33.699965,loans.csv,0,ON TIME
3453,226,5,2023-09-26,2023-10-10,2023-10-01,2026-08-12T13:29:33.699965,loans.csv,0,ON TIME
4646,1060,2,2022-04-23,2022-05-07,2022-05-05,2026-08-12T13:29:33.699965,loans.csv,0,ON TIME
1211,1933,1,2023-11-04,2023-11-18,2023-11-16,2026-08-12T13:29:33.699965,loans.csv,0,ON TIME
5104,1684,1,2023-09-28,2023-10-12,2023-10-05,2026-08-12T13:29:33.699965,loans.csv,0,ON TIME
13,2562,2,2023-01-16,2023-01-30,2023-02-25,2026-08-12T13:29:33.699965,loans.csv,26,SEVERE
5275,2363,4,2023-06-13,2023-06-27,,2026-08-12T13:29:33.699965,loans.csv,1142,CRITICAL
7378,449,1,2021-08-28,2021-09-11,2021-08-29,2026-08-12T13:29:33.699965,loans.csv,0,ON TIME
2417,1605,2,2024-09-26,2024-10-10,2024-09-27,2026-08-12T13:29:33.699965,loans.csv,0,ON TIME
2340,520,112,2021-10-19,2021-11-02,2021-10-26,2026-08-12T13:29:33.699965,loans.csv,0,ON TIME
2769,300,5,2023-11-26,2023-12-10,,2026-08-12T13:29:33.699965,loans.csv,976,CRITICAL
1612,1557,4,2023-03-25,2023-04-08,2023-05-23,2026-08-12T13:29:33.699965,loans.csv,45,CRITICAL
4561,518,1,2024-01-28,2024-02-11,,2026-08-12T13:29:33.699965,loans.csv,913,CRITICAL
6319,968,2,2024-05-01,2024-05-15,2024-05-06,2026-08-12T13:29:33.699965,loans.csv,0,ON TIME
65,924,1,2023-01-22,2023-02-05,2023-01-28,2026-08-12T13:29:33.699965,loans.csv,0,ON TIME
2463,1098,2,2020-06-07,2020-06-21,2020-06-14,2026-08-12T13:29:33.699965,loans.csv,0,ON TIME
6086,1084,25,2022-08-13,2022-09-03,2022-08-27,2026-08-12T13:29:33.699965,loans.csv,0,ON TIME
6331,2287,1,2024-12-26,2025-01-09,,2026-08-12T13:29:33.699965,loans.csv,580,CRITICAL
6385,1412,1,2024-02-15,2024-02-29,2024-03-05,2026-08-12T13:29:33.699965,loans.csv,5,MILD
5948,1554,1,2022-06-06,2022-06-20,2022-06-24,2026-08-12T13:29:33.699965,loans.csv,4,MILD
3774,2313,1,2020-03-28,2020-04-11,2020-03-31,2026-08-12T13:29:33.699965,loans.csv,0,ON TIME
6793,1319,1,2024-04-07,2024-04-21,2024-04-19,2026-08-12T13:29:33.699965,loans.csv,0,ON TIME
1063,226,34,2023-10-02,2023-10-16,2023-10-08,2026-08-12T13:29:33.699965,loans.csv,0,ON TIME
8538,97,1,2023-11-23,2023-12-07,2023-11-30,2026-08-12T13:29:33.699965,loans.csv,0,ON TIME
1898,1154,2,2024-07-27,2024-08-10,2024-08-14,2026-08-12T13:29:33.699965,loans.csv,4,MILD
2342,1452,3,2022-03-24,2022-04-07,,2026-08-12T13:29:33.699965,loans.csv,1588,CRITICAL
6839,2676,2,2023-08-29,2023-09-12,2023-08-31,2026-08-12T13:29:33.699965,loans.csv,0,ON TIME
1596,2560,1,2024-10-04,2024-10-18,,2026-08-12T13:29:33.699965,loans.csv,663,CRITICAL
4975,1663,5,2024-02-29,2024-03-14,2024-03-01,2026-08-12T13:29:33.699965,loans.csv,0,ON TIME
8136,1819,4,2024-09-23,2024-10-14,2024-10-03,2026-08-12T13:29:33.699965,loans.csv,0,ON TIME
4441,1994,1,2023-06-16,2023-06-30,2023-06-20,2026-08-12T13:29:33.699965,loans.csv,0,ON TIME
7359,57,1,2022-07-19,2022-08-02,2022-08-09,2026-08-12T13:29:33.699965,loans.csv,7,MILD
5394,2170,6,2023-10-23,2023-11-13,2023-11-13,2026-08-12T13:29:33.699965,loans.csv,0,ON TIME
8550,422,81,2023-06-12,2023-06-26,2023-06-28,2026-08-12T13:29:33.699965,loans.csv,2,MILD
254,1477,5,2022-12-31,2023-01-14,2023-01-04,2026-08-12T13:29:33.699965,loans.csv,0,ON TIME
1145,2015,1,2023-12-14,2023-12-28,2023-12-20,2026-08-12T13:29:33.699965,loans.csv,0,ON TIME
3360,2189,1,2024-04-28,2024-05-12,2024-05-19,2026-08-12T13:29:33.699965,loans.csv,7,MILD
1671,1553,3,2023-10-11,2023-10-25,2023-10-19,2026-08-12T13:29:33.699965,loans.csv,0,ON TIME
1333,1766,9,2024-04-26,2024-05-10,2024-05-09,2026-08-12T13:29:33.699965,loans.csv,0,ON TIME
3846,1865,4,2022-10-20,2022-11-03,,2026-08-12T13:29:33.699965,loans.csv,1378,CRITICAL
2780,1027,1,2022-09-16,2022-09-30,2022-10-02,2026-08-12T13:29:33.699965,loans.csv,2,MILD
3223,2213,1,2024-08-17,2024-08-31,2024-08-30,2026-08-12T13:29:33.699965,loans.csv,0,ON TIME
4178,2414,3,2024-01-13,2024-01-27,,2026-08-12T13:29:33.699965,loans.csv,928,CRITICAL
9058,1967,1,2020-09-12,2020-10-03,2020-09-19,2026-08-12T13:29:33.699965,loans.csv,0,ON TIME
7797,1176,7,2024-11-14,2024-11-28,2024-11-26,2026-08-12T13:29:33.699965,loans.csv,0,ON TIME
3673,1926,5,2023-06-28,2023-07-12,2023-07-11,2026-08-12T13:29:33.699965,loans.csv,0,ON TIME
9421,2259,5,2024-11-02,2024-11-16,2024-11-04,2026-08-12T13:29:33.699965,loans.csv,0,ON TIME
2253,1648,1,2022-05-24,2022-06-07,2022-05-27,2026-08-12T13:29:33.699965,loans.csv,0,ON TIME
8698,645,11,2022-01-06,2022-01-20,2022-01-15,2026-08-12T13:29:33.699965,loans.csv,0,ON TIME
7351,1025,1,2023-01-26,2023-02-09,2023-02-12,2026-08-12T13:29:33.699965,loans.csv,3,MILD
9285,2064,1,2024-02-25,2024-03-10,2024-03-02,2026-08-12T13:29:33.699965,loans.csv,0,ON TIME
7944,1455,8,2024-07-28,2024-08-11,2024-08-06,2026-08-12T13:29:33.699965,loans.csv,0,ON TIME
8682,1991,1,2023-07-18,2023-08-01,2023-07-23,2026-08-12T13:29:33.699965,loans.csv,0,ON TIME
534,1346,1,2022-07-16,2022-07-30,2022-08-11,2026-08-12T13:29:33.699965,loans.csv,12,SEVERE
2069,1210,16,2021-06-26,2021-07-10,2021-07-06,2026-08-12T13:29:33.699965,loans.csv,0,ON TIME
5839,1350,104,2024-12-25,2025-01-08,,2026-08-12T13:29:33.699965,loans.csv,581,CRITICAL
3089,187,1,2021-01-05,2021-01-19,,2026-08-12T13:29:33.699965,loans.csv,2031,CRITICAL
2158,1166,98,2020-12-30,2021-01-13,,2026-08-12T13:29:33.699965,loans.csv,2037,CRITICAL
7802,492,3,2023-07-29,2023-08-12,2023-08-11,2026-08-12T13:29:33.699965,loans.csv,0,ON TIME
7045,360,1,2020-01-21,2020-02-04,2020-01-27,2026-08-12T13:29:33.699965,loans.csv,0,ON TIME
4416,2165,2,2023-11-01,2023-11-15,2023-11-18,2026-08-12T13:29:33.699965,loans.csv,3,MILD
4147,1656,2,2024-06-08,2024-06-22,,2026-08-12T13:29:33.699965,loans.csv,781,CRITICAL
3950,2670,1,2023-11-19,2023-12-03,2023-11-29,2026-08-12T13:29:33.699965,loans.csv,0,ON TIME
1012,450,51,2023-05-17,2023-06-07,2023-06-14,2026-08-12T13:29:33.699965,loans.csv,7,MILD
9221,881,1,2023-09-28,2023-10-12,2023-10-15,2026-08-12T13:29:33.699965,loans.csv,3,MILD
6538,410,1,2024-01-23,2024-02-06,2024-01-27,2026-08-12T13:29:33.699965,loans.csv,0,ON TIME
8577,243,2,2024-09-14,2024-09-28,2024-09-17,2026-08-12T13:29:33.699965,loans.csv,0,ON TIME
5173,2018,45,2024-06-14,2024-06-28,2024-06-27,2026-08-12T13:29:33.699965,loans.csv,0,ON TIME
4411,69,2,2023-03-27,2023-04-10,2023-04-14,2026-08-12T13:29:33.699965,loans.csv,4,MILD
5049,267,12,2024-05-03,2024-05-17,,2026-08-12T13:29:33.699965,loans.csv,817,CRITICAL
7627,1299,20,2024-11-27,2024-12-11,2024-12-17,2026-08-12T13:29:33.699965,loans.csv,6,MILD
9230,1005,1,2024-05-13,2024-05-27,2024-05-25,2026-08-12T13:29:33.699965,loans.csv,0,ON TIME
1483,2155,2,2024-12-26,2025-01-09,,2026-08-12T13:29:33.699965,loans.csv,580,CRITICAL
5398,24,5,2024-09-13,2024-09-27,2024-10-03,2026-08-12T13:29:33.699965,loans.csv,6,MILD
3389,15,1,2023-02-25,2023-03-11,,2026-08-12T13:29:33.699965,loans.csv,1250,CRITICAL
3867,3,1,2023-04-04,2023-04-18,2023-04-15,2026-08-12T13:29:33.699965,loans.csv,0,ON TIME
4226,2109,3,2021-11-11,2021-11-25,2021-11-29,2026-08-12T13:29:33.699965,loans.csv,4,MILD
5645,472,1,2024-07-17,2024-08-07,2024-07-31,2026-08-12T13:29:33.699965,loans.csv,0,ON TIME
8845,1272,1,2024-08-09,2024-08-23,2024-08-22,2026-08-12T13:29:33.699965,loans.csv,0,ON TIME
2727,543,1,2023-11-09,2023-11-23,2023-11-23,2026-08-12T13:29:33.699965,loans.csv,0,ON TIME
9170,1068,1,2024-07-06,2024-07-20,2024-07-10,2026-08-12T13:29:33.699965,loans.csv,0,ON TIME
4601,858,2,2024-12-16,2024-12-30,,2026-08-12T13:29:33.699965,loans.csv,590,CRITICAL
3633,542,1,2023-02-01,2023-02-15,2023-02-12,2026-08-12T13:29:33.699965,loans.csv,0,ON TIME
5148,1362,1,2024-10-06,2024-10-20,2024-10-08,2026-08-12T13:29:33.699965,loans.csv,0,ON TIME
74,93,6,2023-03-29,2023-04-12,,2026-08-12T13:29:33.699965,loans.csv,1218,CRITICAL
1292,527,11,2023-11-27,2023-12-18,2023-12-22,2026-08-12T13:29:33.699965,loans.csv,4,MILD
5648,1811,3,2022-04-29,2022-05-13,2022-05-11,2026-08-12T13:29:33.699965,loans.csv,0,ON TIME
6933,2073,2,2023-09-04,2023-09-18,2023-09-19,2026-08-12T13:29:33.699965,loans.csv,1,MILD
6179,2797,1,2024-02-15,2024-02-29,2024-03-05,2026-08-12T13:29:33.699965,loans.csv,5,MILD
5192,720,2,2023-01-13,2023-02-03,2023-02-04,2026-08-12T13:29:33.699965,loans.csv,1,MILD
4181,2618,19,2023-03-10,2023-03-24,2023-03-31,2026-08-12T13:29:33.699965,loans.csv,7,MILD
1880,1992,1,2023-01-30,2023-02-13,2023-02-13,2026-08-12T13:29:33.699965,loans.csv,0,ON TIME
3353,895,4,2024-09-30,2024-10-14,2024-10-15,2026-08-12T13:29:33.699965,loans.csv,1,MILD
154,1369,78,2024-07-29,2024-08-12,2024-08-13,2026-08-12T13:29:33.699965,loans.csv,1,MILD
3766,1343,2,2024-12-07,2024-12-21,2024-12-12,2026-08-12T13:29:33.699965,loans.csv,0,ON TIME
5961,298,1,2023-01-10,2023-01-24,2023-01-27,2026-08-12T13:29:33.699965,loans.csv,3,MILD
643,161,36,2024-06-01,2024-06-15,2024-06-11,2026-08-12T13:29:33.699965,loans.csv,0,ON TIME
8035,960,1,2021-03-03,2021-03-17,2021-03-23,2026-08-12T13:29:33.699965,loans.csv,6,MILD
7350,209,5,2023-04-07,2023-04-21,2023-05-01,2026-08-12T13:29:33.699965,loans.csv,10,SEVERE
5521,857,2,2024-10-14,2024-10-28,,2026-08-12T13:29:33.699965,loans.csv,653,CRITICAL
2061,398,1,2024-10-04,2024-10-18,2024-10-13,2026-08-12T13:29:33.699965,loans.csv,0,ON TIME
4400,2305,131,2023-04-11,2023-04-25,2023-04-15,2026-08-12T13:29:33.699965,loans.csv,0,ON TIME
1304,2052,2,2023-12-03,2023-12-17,2023-12-20,2026-08-12T13:29:33.699965,loans.csv,3,MILD
1148,2054,2,2024-07-12,2024-07-26,2024-07-15,2026-08-12T13:29:33.699965,loans.csv,0,ON TIME
770,2351,11,2024-12-01,2024-12-15,2024-12-17,2026-08-12T13:29:33.699965,loans.csv,2,MILD
8333,2515,1,2022-02-24,2022-03-10,,2026-08-12T13:29:33.699965,loans.csv,1616,CRITICAL
483,583,63,2024-07-20,2024-08-03,,2026-08-12T13:29:33.699965,loans.csv,739,CRITICAL
2810,471,8,2022-11-21,2022-12-05,2022-12-02,2026-08-12T13:29:33.699965,loans.csv,0,ON TIME
8242,830,4,2024-05-10,2024-05-24,2024-05-17,2026-08-12T13:29:33.699965,loans.csv,0,ON TIME
5508,454,1,2023-02-14,2023-02-28,2023-02-19,2026-08-12T13:29:33.699965,loans.csv,0,ON TIME
8694,771,2,2022-11-04,2022-11-18,2022-11-15,2026-08-12T13:29:33.699965,loans.csv,0,ON TIME
2947,763,98,2024-07-29,2024-08-12,2024-09-08,2026-08-12T13:29:33.699965,loans.csv,27,SEVERE
7355,602,1,2024-10-06,2024-10-20,2024-10-10,2026-08-12T13:29:33.699965,loans.csv,0,ON TIME
4343,507,1,2024-11-04,2024-11-18,2024-11-09,2026-08-12T13:29:33.699965,loans.csv,0,ON TIME
2129,982,3,2024-12-05,2024-12-19,2024-12-08,2026-08-12T13:29:33.699965,loans.csv,0,ON TIME
5978,2401,1,2023-10-30,2023-11-13,2023-11-14,2026-08-12T13:29:33.699965,loans.csv,1,MILD
6912,2369,2,2024-12-10,2024-12-24,2024-12-25,2026-08-12T13:29:33.699965,loans.csv,1,MILD
2987,91,1,2023-08-09,2023-08-30,2023-08-10,2026-08-12T13:29:33.699965,loans.csv,0,ON TIME
4413,2140,1,2024-11-26,2024-12-10,2024-12-07,2026-08-12T13:29:33.699965,loans.csv,0,ON TIME
5241,935,1,2022-11-21,2022-12-05,2022-12-20,2026-08-12T13:29:33.699965,loans.csv,15,SEVERE
2862,1306,2,2021-09-20,2021-10-04,2021-09-25,2026-08-12T13:29:33.699965,loans.csv,0,ON TIME
4535,1006,1,2024-09-07,2024-09-28,,2026-08-12T13:29:33.699965,loans.csv,683,CRITICAL
7069,1015,9,2024-09-27,2024-10-11,2024-10-06,2026-08-12T13:29:33.699965,loans.csv,0,ON TIME
4325,812,1,2024-03-09,2024-03-30,2024-03-23,2026-08-12T13:29:33.699965,loans.csv,0,ON TIME
6845,495,1,2024-01-23,2024-02-06,2024-01-24,2026-08-12T13:29:33.699965,loans.csv,0,ON TIME
8804,975,1,2024-11-28,2024-12-12,,2026-08-12T13:29:33.699965,loans.csv,608,CRITICAL
2453,166,4,2023-02-21,2023-03-07,2023-02-27,2026-08-12T13:29:33.699965,loans.csv,0,ON TIME
1811,911,91,2024-09-03,2024-09-17,2024-09-08,2026-08-12T13:29:33.699965,loans.csv,0,ON TIME
8336,908,2,2022-04-17,2022-05-01,,2026-08-12T13:29:33.699965,loans.csv,1564,CRITICAL
1953,337,2,2022-04-18,2022-05-02,2022-04-29,2026-08-12T13:29:33.699965,loans.csv,0,ON TIME
2100,2782,1,2020-03-09,2020-03-23,2020-03-12,2026-08-12T13:29:33.699965,loans.csv,0,ON TIME
244,1423,1,2024-08-30,2024-09-13,2024-09-15,2026-08-12T13:29:33.699965,loans.csv,2,MILD
6706,1339,10,2021-07-30,2021-08-13,2021-08-04,2026-08-12T13:29:33.699965,loans.csv,0,ON TIME
7872,866,1,2023-04-25,2023-05-16,2023-06-20,2026-08-12T13:29:33.699965,loans.csv,35,CRITICAL
8395,327,4,2022-12-19,2023-01-02,2023-01-09,2026-08-12T13:29:33.699965,loans.csv,7,MILD
8190,2106,6,2022-08-20,2022-09-03,2022-08-31,2026-08-12T13:29:33.699965,loans.csv,0,ON TIME
213,1211,3,2023-11-26,2023-12-10,2023-12-14,2026-08-12T13:29:33.699965,loans.csv,4,MILD
7234,800,4,2023-09-15,2023-09-29,,2026-08-12T13:29:33.699965,loans.csv,1048,CRITICAL
316,2713,2,2024-02-11,2024-02-25,2024-02-12,2026-08-12T13:29:33.699965,loans.csv,0,ON TIME
3781,1148,6,2024-05-14,2024-05-28,2024-06-01,2026-08-12T13:29:33.699965,loans.csv,4,MILD
8040,239,1,2023-01-13,2023-01-27,2023-01-21,2026-08-12T13:29:33.699965,loans.csv,0,ON TIME
9510,1234,1,2024-09-10,2024-09-24,2024-09-23,2026-08-12T13:29:33.699965,loans.csv,0,ON TIME
1655,2558,1,2022-01-04,2022-01-18,2022-01-10,2026-08-12T13:29:33.699965,loans.csv,0,ON TIME
3448,1244,7,2021-04-29,2021-05-20,2021-05-09,2026-08-12T13:29:33.699965,loans.csv,0,ON TIME
572,275,49,2024-10-01,2024-10-15,2024-10-14,2026-08-12T13:29:33.699965,loans.csv,0,ON TIME
1133,994,8,2022-06-02,2022-06-16,2022-06-09,2026-08-12T13:29:33.699965,loans.csv,0,ON TIME
3857,667,1,2024-05-03,2024-05-17,2024-05-11,2026-08-12T13:29:33.699965,loans.csv,0,ON TIME
4503,2259,9,2024-07-29,2024-08-12,2024-08-02,2026-08-12T13:29:33.699965,loans.csv,0,ON TIME
5079,570,1,2020-05-24,2020-06-07,2020-06-13,2026-08-12T13:29:33.699965,loans.csv,6,MILD
4587,1184,1,2024-03-16,2024-03-30,2024-04-29,2026-08-12T13:29:33.699965,loans.csv,30,SEVERE
9394,2184,15,2023-11-25,2023-12-09,2023-12-10,2026-08-12T13:29:33.699965,loans.csv,1,MILD
321,1488,11,2021-07-07,2021-07-28,2021-07-29,2026-08-12T13:29:33.699965,loans.csv,1,MILD
228,568,64,2024-01-11,2024-01-25,2024-01-16,2026-08-12T13:29:33.699965,loans.csv,0,ON TIME
4583,2252,1,2024-08-03,2024-08-17,2024-08-06,2026-08-12T13:29:33.699965,loans.csv,0,ON TIME
7734,1553,4,2023-05-09,2023-05-23,2023-05-19,2026-08-12T13:29:33.699965,loans.csv,0,ON TIME
405,219,3,2023-11-27,2023-12-11,2023-12-16,2026-08-12T13:29:33.699965,loans.csv,5,MILD
6511,1797,1,2020-02-25,2020-03-10,2020-03-11,2026-08-12T13:29:33.699965,loans.csv,1,MILD
2835,411,2,2024-06-10,2024-07-01,2024-06-15,2026-08-12T13:29:33.699965,loans.csv,0,ON TIME
1024,191,91,2024-01-05,2024-01-19,2024-01-13,2026-08-12T13:29:33.699965,loans.csv,0,ON TIME
7951,260,1,2024-07-17,2024-07-31,2024-07-25,2026-08-12T13:29:33.699965,loans.csv,0,ON TIME
8322,1746,1,2023-09-18,2023-10-02,2023-09-22,2026-08-12T13:29:33.699965,loans.csv,0,ON TIME
9355,5,56,2021-01-22,2021-02-05,,2026-08-12T13:29:33.699965,loans.csv,2014,CRITICAL
7593,459,1,2023-12-18,2024-01-01,2024-01-06,2026-08-12T13:29:33.699965,loans.csv,5,MILD
2295,677,1,2024-04-19,2024-05-03,2024-04-23,2026-08-12T13:29:33.699965,loans.csv,0,ON TIME
7673,1178,5,2024-04-22,2024-05-06,2024-05-03,2026-08-12T13:29:33.699965,loans.csv,0,ON TIME
1900,1976,32,2023-02-03,2023-02-17,2023-02-06,2026-08-12T13:29:33.699965,loans.csv,0,ON TIME
8370,470,1,2023-07-30,2023-08-20,2023-08-23,2026-08-12T13:29:33.699965,loans.csv,3,MILD
7622,1272,19,2024-12-20,2025-01-03,,2026-08-12T13:29:33.699965,loans.csv,586,CRITICAL
4638,455,4,2024-07-28,2024-08-11,2024-08-07,2026-08-12T13:29:33.699965,loans.csv,0,ON TIME
2722,2340,1,2022-06-21,2022-07-05,2022-06-27,2026-08-12T13:29:33.699965,loans.csv,0,ON TIME
2001,1623,2,2023-06-04,2023-06-18,2023-06-14,2026-08-12T13:29:33.699965,loans.csv,0,ON TIME
991,1061,10,2023-11-13,2023-11-27,2023-11-27,2026-08-12T13:29:33.699965,loans.csv,0,ON TIME
1142,2759,6,2023-09-13,2023-09-27,2023-09-21,2026-08-12T13:29:33.699965,loans.csv,0,ON TIME
4197,234,1,2021-02-28,2021-03-14,2021-03-03,2026-08-12T13:29:33.699965,loans.csv,0,ON TIME
679,103,3,2022-11-01,2022-11-15,2022-11-15,2026-08-12T13:29:33.699965,loans.csv,0,ON TIME
4745,1226,1,2021-06-13,2021-06-27,,2026-08-12T13:29:33.699965,loans.csv,1872,CRITICAL
7578,2083,1,2024-06-28,2024-07-12,,2026-08-12T13:29:33.699965,loans.csv,761,CRITICAL
6372,1632,1,2023-07-02,2023-07-16,2023-07-06,2026-08-12T13:29:33.699965,loans.csv,0,ON TIME
908,800,1,2023-02-26,2023-03-12,2023-03-10,2026-08-12T13:29:33.699965,loans.csv,0,ON TIME
7745,1681,9,2024-03-02,2024-03-23,,2026-08-12T13:29:33.699965,loans.csv,872,CRITICAL
1072,982,1,2022-09-24,2022-10-08,2022-10-13,2026-08-12T13:29:33.699965,loans.csv,5,MILD
6537,1485,1,2021-03-09,2021-03-23,2021-03-24,2026-08-12T13:29:33.699965,loans.csv,1,MILD
2829,1499,3,2024-12-25,2025-01-08,,2026-08-12T13:29:33.699965,loans.csv,581,CRITICAL
8243,1439,8,2024-07-30,2024-08-13,,2026-08-12T13:29:33.699965,loans.csv,729,CRITICAL
1819,1796,4,2022-04-06,2022-04-20,2022-05-26,2026-08-12T13:29:33.699965,loans.csv,36,CRITICAL
7250,452,3,2022-11-23,2022-12-07,2022-12-13,2026-08-12T13:29:33.699965,loans.csv,6,MILD
3224,1776,1,2022-08-17,2022-08-31,2022-08-24,2026-08-12T13:29:33.699965,loans.csv,0,ON TIME
4328,934,5,2021-10-20,2021-11-10,2021-11-16,2026-08-12T13:29:33.699965,loans.csv,6,MILD
480,805,2,2024-04-12,2024-04-26,2024-04-17,2026-08-12T13:29:33.699965,loans.csv,0,ON TIME
1944,1351,1,2021-06-13,2021-06-27,2021-06-20,2026-08-12T13:29:33.699965,loans.csv,0,ON TIME
1762,2436,7,2023-12-03,2023-12-17,2023-12-21,2026-08-12T13:29:33.699965,loans.csv,4,MILD
3547,1663,1,2024-02-16,2024-03-08,2024-02-20,2026-08-12T13:29:33.699965,loans.csv,0,ON TIME
1138,758,1,2024-02-06,2024-02-20,2024-02-22,2026-08-12T13:29:33.699965,loans.csv,2,MILD
8994,1913,13,2024-06-27,2024-07-11,2024-07-09,2026-08-12T13:29:33.699965,loans.csv,0,ON TIME
2319,69,2,2024-06-06,2024-06-20,,2026-08-12T13:29:33.699965,loans.csv,783,CRITICAL
1589,1010,1,2024-10-13,2024-10-27,2024-10-23,2026-08-12T13:29:33.699965,loans.csv,0,ON TIME
8026,97,3,2024-03-29,2024-04-12,2024-04-16,2026-08-12T13:29:33.699965,loans.csv,4,MILD
5257,2349,1,2021-10-02,2021-10-23,2021-10-20,2026-08-12T13:29:33.699965,loans.csv,0,ON TIME
7767,2635,2,2023-07-25,2023-08-08,2023-09-03,2026-08-12T13:29:33.699965,loans.csv,26,SEVERE
6770,1844,1,2023-05-22,2023-06-05,2023-06-11,2026-08-12T13:29:33.699965,loans.csv,6,MILD
9452,2428,2,2022-09-24,2022-10-08,2022-09-25,2026-08-12T13:29:33.699965,loans.csv,0,ON TIME
1533,1199,6,2024-12-07,2024-12-21,2024-12-18,2026-08-12T13:29:33.699965,loans.csv,0,ON TIME
2254,387,2,2022-03-21,2022-04-04,2022-03-31,2026-08-12T13:29:33.699965,loans.csv,0,ON TIME
8429,1253,1,2024-11-21,2024-12-12,2024-12-13,2026-08-12T13:29:33.699965,loans.csv,1,MILD
2515,2609,1,2022-10-09,2022-10-30,2022-10-12,2026-08-12T13:29:33.699965,loans.csv,0,ON TIME
2900,1206,18,2024-03-25,2024-04-08,2024-03-28,2026-08-12T13:29:33.699965,loans.csv,0,ON TIME
849,259,1,2021-09-19,2021-10-03,2021-09-27,2026-08-12T13:29:33.699965,loans.csv,0,ON TIME
6495,2086,17,2024-07-18,2024-08-01,2024-07-22,2026-08-12T13:29:33.699965,loans.csv,0,ON TIME
6011,511,1,2024-03-12,2024-03-26,,2026-08-12T13:29:33.699965,loans.csv,869,CRITICAL
2520,504,5,2024-12-23,2025-01-06,,2026-08-12T13:29:33.699965,loans.csv,583,CRITICAL
7629,386,12,2024-03-07,2024-03-21,2024-03-28,2026-08-12T13:29:33.699965,loans.csv,7,MILD
8641,52,1,2022-02-20,2022-03-06,2022-02-28,2026-08-12T13:29:33.699965,loans.csv,0,ON TIME
5329,2504,1,2024-08-29,2024-09-12,2024-09-11,2026-08-12T13:29:33.699965,loans.csv,0,ON TIME
1938,336,14,2023-06-19,2023-07-03,2023-07-16,2026-08-12T13:29:33.699965,loans.csv,13,SEVERE
3189,854,1,2023-09-28,2023-10-12,2023-10-08,2026-08-12T13:29:33.699965,loans.csv,0,ON TIME
736,501,1,2024-12-08,2024-12-22,2024-12-28,2026-08-12T13:29:33.699965,loans.csv,6,MILD
4393,814,74,2023-04-03,2023-04-17,2023-04-23,2026-08-12T13:29:33.699965,loans.csv,6,MILD
5565,1085,2,2022-09-20,2022-10-04,2022-10-11,2026-08-12T13:29:33.699965,loans.csv,7,MILD
2951,2473,5,2021-03-17,2021-03-31,2021-03-20,2026-08-12T13:29:33.699965,loans.csv,0,ON TIME
1285,346,1,2024-11-17,2024-12-01,2024-11-20,2026-08-12T13:29:33.699965,loans.csv,0,ON TIME
7271,1357,69,2024-07-09,2024-07-23,2024-07-21,2026-08-12T13:29:33.699965,loans.csv,0,ON TIME
3040,193,8,2024-10-03,2024-10-17,,2026-08-12T13:29:33.699965,loans.csv,664,CRITICAL
9427,1035,5,2020-03-27,2020-04-10,2020-04-04,2026-08-12T13:29:33.699965,loans.csv,0,ON TIME
6732,1842,3,2024-10-14,2024-10-28,2024-11-01,2026-08-12T13:29:33.699965,loans.csv,4,MILD
7897,995,1,2023-03-12,2023-03-26,2023-03-30,2026-08-12T13:29:33.699965,loans.csv,4,MILD
7263,69,5,2021-08-24,2021-09-07,2021-08-29,2026-08-12T13:29:33.699965,loans.csv,0,ON TIME
2038,423,8,2021-01-26,2021-02-09,2021-02-02,2026-08-12T13:29:33.699965,loans.csv,0,ON TIME
5515,2272,30,2024-03-24,2024-04-14,2024-03-29,2026-08-12T13:29:33.699965,loans.csv,0,ON TIME
7090,2115,1,2024-05-23,2024-06-06,2024-06-06,2026-08-12T13:29:33.699965,loans.csv,0,ON TIME
8262,1345,1,2023-09-17,2023-10-01,2023-09-21,2026-08-12T13:29:33.699965,loans.csv,0,ON TIME
1656,982,1,2024-08-21,2024-09-04,2024-09-04,2026-08-12T13:29:33.699965,loans.csv,0,ON TIME
2616,1191,3,2023-08-19,2023-09-02,2023-10-06,2026-08-12T13:29:33.699965,loans.csv,34,CRITICAL
9588,1191,3,2023-08-19,2023-09-02,2023-10-06,2026-08-12T13:29:33.699965,loans.csv,34,CRITICAL
9589,1056,1,2023-11-20,2023-12-04,2023-11-30,2026-08-12T13:29:33.699965,loans.csv,0,ON TIME
875,1025,1,2021-01-01,2021-01-22,2021-01-24,2026-08-12T13:29:33.699965,loans.csv,2,MILD
6526,341,2,2023-11-22,2023-12-06,,2026-08-12T13:29:33.699965,loans.csv,980,CRITICAL
8170,2001,1,2024-09-14,2024-09-28,2024-09-16,2026-08-12T13:29:33.699965,loans.csv,0,ON TIME
8000,1461,2,2021-11-01,2021-11-15,2021-11-19,2026-08-12T13:29:33.699965,loans.csv,4,MILD
5667,1527,3,2022-09-16,2022-09-30,,2026-08-12T13:29:33.699965,loans.csv,1412,CRITICAL
8286,2313,2,2021-01-13,2021-01-27,2021-01-21,2026-08-12T13:29:33.699965,loans.csv,0,ON TIME
4522,576,2,2021-10-13,2021-10-27,2021-10-28,2026-08-12T13:29:33.699965,loans.csv,1,MILD
5025,1798,8,2022-08-02,2022-08-16,2022-08-08,2026-08-12T13:29:33.699965,loans.csv,0,ON TIME
1347,2623,2,2024-06-06,2024-06-20,2024-06-21,2026-08-12T13:29:33.699965,loans.csv,1,MILD
5694,2006,61,2024-12-24,2025-01-07,,2026-08-12T13:29:33.699965,loans.csv,582,CRITICAL
6762,330,2,2024-06-12,2024-06-26,2024-06-22,2026-08-12T13:29:33.699965,loans.csv,0,ON TIME
6055,2766,1,2023-06-13,2023-06-27,2023-06-25,2026-08-12T13:29:33.699965,loans.csv,0,ON TIME
2842,54,1,2024-02-22,2024-03-07,2024-03-09,2026-08-12T13:29:33.699965,loans.csv,2,MILD
6636,2289,29,2023-12-30,2024-01-13,2024-01-17,2026-08-12T13:29:33.699965,loans.csv,4,MILD
6349,2287,1,2024-12-16,2024-12-30,,2026-08-12T13:29:33.699965,loans.csv,590,CRITICAL
3806,1678,1,2022-11-15,2022-11-29,,2026-08-12T13:29:33.699965,loans.csv,1352,CRITICAL
6490,715,1,2021-04-06,2021-04-20,2021-04-26,2026-08-12T13:29:33.699965,loans.csv,6,MILD
7024,2628,3,2023-10-28,2023-11-11,2023-10-30,2026-08-12T13:29:33.699965,loans.csv,0,ON TIME
1443,1766,5,2024-08-06,2024-08-27,2024-08-24,2026-08-12T13:29:33.699965,loans.csv,0,ON TIME
5905,2351,1,2024-09-03,2024-09-17,2024-09-26,2026-08-12T13:29:33.699965,loans.csv,9,SEVERE
5212,1766,9,2024-09-06,2024-09-20,2024-09-18,2026-08-12T13:29:33.699965,loans.csv,0,ON TIME
1344,978,1,2024-06-23,2024-07-07,2024-07-11,2026-08-12T13:29:33.699965,loans.csv,4,MILD
582,317,1,2022-02-24,2022-03-10,,2026-08-12T13:29:33.699965,loans.csv,1616,CRITICAL
2944,2199,5,2021-06-25,2021-07-09,2021-06-29,2026-08-12T13:29:33.699965,loans.csv,0,ON TIME
5223,1161,27,2023-11-02,2023-11-16,2023-11-17,2026-08-12T13:29:33.699965,loans.csv,1,MILD
5462,2243,3,2021-07-12,2021-07-26,2021-07-14,2026-08-12T13:29:33.699965,loans.csv,0,ON TIME
2523,450,2,2024-02-09,2024-03-01,2024-03-05,2026-08-12T13:29:33.699965,loans.csv,4,MILD
8271,2668,2,2021-11-13,2021-11-27,2022-01-09,2026-08-12T13:29:33.699965,loans.csv,43,CRITICAL
50,773,1,2020-03-20,2020-04-03,2020-04-07,2026-08-12T13:29:33.699965,loans.csv,4,MILD
5553,2247,1,2023-11-18,2023-12-02,2023-12-05,2026-08-12T13:29:33.699965,loans.csv,3,MILD
9238,2352,1,2022-05-25,2022-06-08,2022-06-15,2026-08-12T13:29:33.699965,loans.csv,7,MILD
7756,1886,1,2024-10-22,2024-11-05,2024-10-28,2026-08-12T13:29:33.699965,loans.csv,0,ON TIME
6457,1178,1,2024-07-19,2024-08-02,2024-08-02,2026-08-12T13:29:33.699965,loans.csv,0,ON TIME
5659,1891,1,2024-11-14,2024-11-28,2024-11-15,2026-08-12T13:29:33.699965,loans.csv,0,ON TIME
6225,2687,3,2024-12-12,2024-12-26,,2026-08-12T13:29:33.699965,loans.csv,594,CRITICAL
6946,267,12,2022-07-07,2022-07-21,2022-07-14,2026-08-12T13:29:33.699965,loans.csv,0,ON TIME
6351,1332,1,2021-02-21,2021-03-07,,2026-08-12T13:29:33.699965,loans.csv,1984,CRITICAL
8435,2643,1,2023-04-14,2023-04-28,2023-04-30,2026-08-12T13:29:33.699965,loans.csv,2,MILD
6823,52,16,2023-07-20,2023-08-03,2023-07-24,2026-08-12T13:29:33.699965,loans.csv,0,ON TIME
8934,31,84,2024-02-26,2024-03-11,2024-03-01,2026-08-12T13:29:33.699965,loans.csv,0,ON TIME
678,1235,2,2024-01-19,2024-02-09,2024-02-08,2026-08-12T13:29:33.699965,loans.csv,0,ON TIME
4474,2632,2,2021-07-26,2021-08-09,2021-08-11,2026-08-12T13:29:33.699965,loans.csv,2,MILD
5666,2349,4,2024-07-19,2024-08-02,2024-08-07,2026-08-12T13:29:33.699965,loans.csv,5,MILD
8003,1993,2,2023-03-11,2023-03-25,2023-03-15,2026-08-12T13:29:33.699965,loans.csv,0,ON TIME
1895,1510,3,2022-09-08,2022-09-22,2022-09-18,2026-08-12T13:29:33.699965,loans.csv,0,ON TIME
505,1522,1,2022-03-29,2022-04-12,2022-04-17,2026-08-12T13:29:33.699965,loans.csv,5,MILD
203,2358,1,2021-12-12,2021-12-26,2021-12-24,2026-08-12T13:29:33.699965,loans.csv,0,ON TIME
7920,1254,6,2023-04-19,2023-05-03,2023-04-22,2026-08-12T13:29:33.699965,loans.csv,0,ON TIME
5629,2230,5,2024-10-24,2024-11-07,2024-11-01,2026-08-12T13:29:33.699965,loans.csv,0,ON TIME
6693,242,1,2022-02-24,2022-03-10,2022-03-05,2026-08-12T13:29:33.699965,loans.csv,0,ON TIME
6808,510,1,2023-11-01,2023-11-22,2023-11-21,2026-08-12T13:29:33.699965,loans.csv,0,ON TIME
4425,2084,2,2021-12-21,2022-01-04,2022-01-12,2026-08-12T13:29:33.699965,loans.csv,8,SEVERE
2399,1171,4,2024-09-28,2024-10-12,2024-10-15,2026-08-12T13:29:33.699965,loans.csv,3,MILD
8015,938,1,2020-08-11,2020-08-25,2020-08-26,2026-08-12T13:29:33.699965,loans.csv,1,MILD
8801,1489,15,2024-10-14,2024-10-28,2024-10-21,2026-08-12T13:29:33.699965,loans.csv,0,ON TIME
9254,2386,32,2021-12-10,2021-12-24,2021-12-21,2026-08-12T13:29:33.699965,loans.csv,0,ON TIME
1660,2556,2,2024-05-01,2024-05-15,,2026-08-12T13:29:33.699965,loans.csv,819,CRITICAL
7606,193,1,2024-06-06,2024-06-20,2024-06-12,2026-08-12T13:29:33.699965,loans.csv,0,ON TIME
7371,1221,1,2024-09-14,2024-09-28,2024-09-25,2026-08-12T13:29:33.699965,loans.csv,0,ON TIME
3629,1628,49,2024-03-24,2024-04-07,2024-04-13,2026-08-12T13:29:33.699965,loans.csv,6,MILD
9290,2185,2,2023-04-30,2023-05-14,2023-05-13,2026-08-12T13:29:33.699965,loans.csv,0,ON TIME
7634,682,1,2024-04-10,2024-04-24,2024-04-11,2026-08-12T13:29:33.699965,loans.csv,0,ON TIME
7886,70,16,2023-04-09,2023-04-23,2023-04-13,2026-08-12T13:29:33.699965,loans.csv,0,ON TIME
8433,860,1,2022-10-14,2022-10-28,2022-10-16,2026-08-12T13:29:33.699965,loans.csv,0,ON TIME
7155,1134,1,2022-10-24,2022-11-07,2022-10-31,2026-08-12T13:29:33.699965,loans.csv,0,ON TIME
37,935,160,2021-04-21,2021-05-05,2021-04-30,2026-08-12T13:29:33.699965,loans.csv,0,ON TIME
6920,536,2,2024-08-04,2024-08-25,2024-08-28,2026-08-12T13:29:33.699965,loans.csv,3,MILD
4216,1936,1,2024-01-15,2024-01-29,2024-02-05,2026-08-12T13:29:33.699965,loans.csv,7,MILD
5736,1108,56,2022-09-16,2022-09-30,2022-10-05,2026-08-12T13:29:33.699965,loans.csv,5,MILD
2516,2200,2,2022-03-10,2022-03-24,2022-04-04,2026-08-12T13:29:33.699965,loans.csv,11,SEVERE
694,1321,6,2024-02-19,2024-03-04,2024-02-28,2026-08-12T13:29:33.699965,loans.csv,0,ON TIME
2401,2070,1,2022-02-25,2022-03-11,2022-03-01,2026-08-12T13:29:33.699965,loans.csv,0,ON TIME
4796,1759,1,2023-11-04,2023-11-18,2023-11-22,2026-08-12T13:29:33.699965,loans.csv,4,MILD
3013,1616,1,2024-07-15,2024-08-05,2024-07-18,2026-08-12T13:29:33.699965,loans.csv,0,ON TIME
5895,777,4,2021-04-20,2021-05-04,2021-05-07,2026-08-12T13:29:33.699965,loans.csv,3,MILD
3685,871,1,2024-08-28,2024-09-11,2024-09-04,2026-08-12T13:29:33.699965,loans.csv,0,ON TIME
9143,461,2,2022-11-03,2022-11-17,2022-11-06,2026-08-12T13:29:33.699965,loans.csv,0,ON TIME
8516,113,1,2023-11-04,2023-11-18,2023-11-27,2026-08-12T13:29:33.699965,loans.csv,9,SEVERE
5098,1142,1,2024-08-11,2024-08-25,2024-08-28,2026-08-12T13:29:33.699965,loans.csv,3,MILD
4055,250,3,2024-03-20,2024-04-03,2024-03-26,2026-08-12T13:29:33.699965,loans.csv,0,ON TIME
3370,1582,2,2024-03-20,2024-04-03,2024-03-25,2026-08-12T13:29:33.699965,loans.csv,0,ON TIME
350,977,1,2024-06-09,2024-06-30,2024-06-18,2026-08-12T13:29:33.699965,loans.csv,0,ON TIME
6017,954,1,2022-07-09,2022-07-23,2022-07-25,2026-08-12T13:29:33.699965,loans.csv,2,MILD
2690,2250,1,2024-05-23,2024-06-06,2024-06-01,2026-08-12T13:29:33.699965,loans.csv,0,ON TIME
2910,276,13,2023-09-16,2023-10-07,2023-11-04,2026-08-12T13:29:33.699965,loans.csv,28,SEVERE
820,57,2,2023-06-11,2023-06-25,2023-07-01,2026-08-12T13:29:33.699965,loans.csv,6,MILD
8057,1694,2,2023-09-26,2023-10-10,2023-10-11,2026-08-12T13:29:33.699965,loans.csv,1,MILD
8392,933,3,2024-04-26,2024-05-10,2024-05-16,2026-08-12T13:29:33.699965,loans.csv,6,MILD
2739,1390,2,2024-02-18,2024-03-03,,2026-08-12T13:29:33.699965,loans.csv,892,CRITICAL
3723,14,2,2024-07-17,2024-07-31,2024-07-23,2026-08-12T13:29:33.699965,loans.csv,0,ON TIME
1860,2039,1,2024-04-18,2024-05-02,2024-04-19,2026-08-12T13:29:33.699965,loans.csv,0,ON TIME
7280,2739,2,2021-10-20,2021-11-03,2021-10-24,2026-08-12T13:29:33.699965,loans.csv,0,ON TIME
8305,1827,6,2022-09-06,2022-09-20,2022-09-18,2026-08-12T13:29:33.699965,loans.csv,0,ON TIME
822,1374,5,2022-05-07,2022-05-21,2022-07-04,2026-08-12T13:29:33.699965,loans.csv,44,CRITICAL
8080,2373,1,2022-03-26,2022-04-09,2022-04-11,2026-08-12T13:29:33.699965,loans.csv,2,MILD
834,1368,1,2022-10-29,2022-11-12,2022-11-06,2026-08-12T13:29:33.699965,loans.csv,0,ON TIME
3750,2449,1,2023-12-31,2024-01-14,2024-01-01,2026-08-12T13:29:33.699965,loans.csv,0,ON TIME
570,391,151,2024-02-04,2024-02-18,2024-02-24,2026-08-12T13:29:33.699965,loans.csv,6,MILD
9077,559,7,2024-08-09,2024-08-23,,2026-08-12T13:29:33.699965,loans.csv,719,CRITICAL
8670,163,34,2021-03-16,2021-03-30,2021-03-23,2026-08-12T13:29:33.699965,loans.csv,0,ON TIME
2824,1331,17,2020-02-29,2020-03-14,2020-03-17,2026-08-12T13:29:33.699965,loans.csv,3,MILD
6590,1304,13,2021-10-15,2021-10-29,2021-10-17,2026-08-12T13:29:33.699965,loans.csv,0,ON TIME
4534,1124,1,2024-05-23,2024-06-06,2024-05-28,2026-08-12T13:29:33.699965,loans.csv,0,ON TIME
2354,1692,3,2024-05-18,2024-06-01,,2026-08-12T13:29:33.699965,loans.csv,802,CRITICAL
9015,180,2,2023-12-11,2023-12-25,2023-12-21,2026-08-12T13:29:33.699965,loans.csv,0,ON TIME
7222,1631,6,2023-05-06,2023-05-20,2023-05-27,2026-08-12T13:29:33.699965,loans.csv,7,MILD
3337,2469,3,2024-08-07,2024-08-21,2024-08-24,2026-08-12T13:29:33.699965,loans.csv,3,MILD
3732,957,4,2024-07-05,2024-07-19,2024-07-06,2026-08-12T13:29:33.699965,loans.csv,0,ON TIME
8640,615,177,2024-10-23,2024-11-06,2024-10-26,2026-08-12T13:29:33.699965,loans.csv,0,ON TIME
2929,1650,8,2023-04-15,2023-05-06,2023-05-07,2026-08-12T13:29:33.699965,loans.csv,1,MILD
3307,2690,3,2024-10-30,2024-11-13,2024-11-17,2026-08-12T13:29:33.699965,loans.csv,4,MILD
5040,1615,7,2022-11-08,2022-11-22,2022-11-19,2026-08-12T13:29:33.699965,loans.csv,0,ON TIME
956,118,13,2024-10-29,2024-11-12,2024-10-30,2026-08-12T13:29:33.699965,loans.csv,0,ON TIME
4872,1228,1,2024-09-04,2024-09-18,2024-09-11,2026-08-12T13:29:33.699965,loans.csv,0,ON TIME
1710,552,1,2021-03-25,2021-04-08,2021-04-07,2026-08-12T13:29:33.699965,loans.csv,0,ON TIME
9594,2542,1,2023-06-05,2023-06-26,2023-06-22,2026-08-12T13:29:33.699965,loans.csv,0,ON TIME
6703,1005,4,2024-05-16,2024-05-30,2024-05-19,2026-08-12T13:29:33.699965,loans.csv,0,ON TIME
9239,2623,1,2020-08-21,2020-09-04,,2026-08-12T13:29:33.699965,loans.csv,2168,CRITICAL
7323,444,2,2024-09-13,2024-09-27,2024-09-20,2026-08-12T13:29:33.699965,loans.csv,0,ON TIME
6776,1419,2,2023-08-26,2023-09-09,2023-09-08,2026-08-12T13:29:33.699965,loans.csv,0,ON TIME
3545,608,2,2024-05-17,2024-06-07,2024-06-10,2026-08-12T13:29:33.699965,loans.csv,3,MILD
4259,440,1,2024-08-06,2024-08-20,2024-08-14,2026-08-12T13:29:33.699965,loans.csv,0,ON TIME
6645,83,12,2023-05-04,2023-05-18,2023-05-11,2026-08-12T13:29:33.699965,loans.csv,0,ON TIME
2892,1510,6,2024-08-04,2024-08-18,2024-08-16,2026-08-12T13:29:33.699965,loans.csv,0,ON TIME
6681,2767,1,2022-01-09,2022-01-23,2022-01-21,2026-08-12T13:29:33.699965,loans.csv,0,ON TIME
7100,1475,1,2024-04-17,2024-05-01,,2026-08-12T13:29:33.699965,loans.csv,833,CRITICAL
2190,1373,1,2021-06-26,2021-07-10,2021-07-04,2026-08-12T13:29:33.699965,loans.csv,0,ON TIME
5968,2545,3,2022-10-27,2022-11-10,2022-11-12,2026-08-12T13:29:33.699965,loans.csv,2,MILD
4110,826,1,2024-11-12,2024-11-26,2024-11-18,2026-08-12T13:29:33.699965,loans.csv,0,ON TIME
7367,2147,2,2021-03-04,2021-03-18,2021-03-18,2026-08-12T13:29:33.699965,loans.csv,0,ON TIME
848,1742,1,2022-04-14,2022-04-28,2022-04-16,2026-08-12T13:29:33.699965,loans.csv,0,ON TIME
1474,1545,3,2022-02-28,2022-03-14,2022-03-01,2026-08-12T13:29:33.699965,loans.csv,0,ON TIME
5326,2486,22,2024-07-05,2024-07-19,2024-07-06,2026-08-12T13:29:33.699965,loans.csv,0,ON TIME
1702,2163,1,2024-01-19,2024-02-02,2024-02-13,2026-08-12T13:29:33.699965,loans.csv,11,SEVERE
524,2316,1,2024-05-11,2024-05-25,2024-05-17,2026-08-12T13:29:33.699965,loans.csv,0,ON TIME
2245,279,41,2021-05-11,2021-05-25,,2026-08-12T13:29:33.699965,loans.csv,1905,CRITICAL
2410,2649,1,2024-01-05,2024-01-19,2024-01-07,2026-08-12T13:29:33.699965,loans.csv,0,ON TIME
6295,2211,27,2023-05-31,2023-06-14,2023-06-06,2026-08-12T13:29:33.699965,loans.csv,0,ON TIME
9258,24,1,2024-08-12,2024-08-26,2024-08-25,2026-08-12T13:29:33.699965,loans.csv,0,ON TIME
9019,2791,67,2022-04-21,2022-05-05,,2026-08-12T13:29:33.699965,loans.csv,1560,CRITICAL
1520,1602,2,2023-03-03,2023-03-24,2023-03-14,2026-08-12T13:29:33.699965,loans.csv,0,ON TIME
4280,2219,1,2022-04-17,2022-05-01,2022-04-30,2026-08-12T13:29:33.699965,loans.csv,0,ON TIME
233,1336,7,2021-04-21,2021-05-05,,2026-08-12T13:29:33.699965,loans.csv,1925,CRITICAL
4367,36,48,2024-08-05,2024-08-19,2024-09-10,2026-08-12T13:29:33.699965,loans.csv,22,SEVERE
4741,1847,2,2024-10-27,2024-11-10,2024-11-11,2026-08-12T13:29:33.699965,loans.csv,1,MILD
6533,653,5,2024-02-18,2024-03-03,2024-03-02,2026-08-12T13:29:33.699965,loans.csv,0,ON TIME
7968,2035,1,2023-03-25,2023-04-08,2023-03-30,2026-08-12T13:29:33.699965,loans.csv,0,ON TIME
45,538,7,2024-03-08,2024-03-22,2024-03-17,2026-08-12T13:29:33.699965,loans.csv,0,ON TIME
8348,562,2,2023-10-01,2023-10-15,2023-10-15,2026-08-12T13:29:33.699965,loans.csv,0,ON TIME
1733,913,13,2024-12-22,2025-01-05,,2026-08-12T13:29:33.699965,loans.csv,584,CRITICAL
9083,444,2,2022-03-08,2022-03-22,2022-03-28,2026-08-12T13:29:33.699965,loans.csv,6,MILD
6664,1671,1,2023-10-17,2023-11-07,2023-11-06,2026-08-12T13:29:33.699965,loans.csv,0,ON TIME
7819,125,1,2021-12-24,2022-01-07,2022-01-11,2026-08-12T13:29:33.699965,loans.csv,4,MILD
3238,1558,2,2023-01-03,2023-01-17,2023-01-21,2026-08-12T13:29:33.699965,loans.csv,4,MILD
1189,464,2,2023-01-16,2023-01-30,2023-01-17,2026-08-12T13:29:33.699965,loans.csv,0,ON TIME
5781,1488,13,2022-03-02,2022-03-16,2022-03-15,2026-08-12T13:29:33.699965,loans.csv,0,ON TIME
2471,1377,19,2023-11-25,2023-12-09,2023-12-09,2026-08-12T13:29:33.699965,loans.csv,0,ON TIME
9036,1301,1,2021-09-09,2021-09-23,2021-09-19,2026-08-12T13:29:33.699965,loans.csv,0,ON TIME
7131,1211,1,2024-08-07,2024-08-21,2024-08-13,2026-08-12T13:29:33.699965,loans.csv,0,ON TIME
3331,698,16,2024-07-16,2024-07-30,2024-08-03,2026-08-12T13:29:33.699965,loans.csv,4,MILD
7775,2719,1,2022-11-04,2022-11-18,2022-11-22,2026-08-12T13:29:33.699965,loans.csv,4,MILD
4973,768,24,2024-12-16,2024-12-30,,2026-08-12T13:29:33.699965,loans.csv,590,CRITICAL
2355,1999,11,2024-02-25,2024-03-10,,2026-08-12T13:29:33.699965,loans.csv,885,CRITICAL
8256,1162,26,2023-02-11,2023-02-25,2023-02-14,2026-08-12T13:29:33.699965,loans.csv,0,ON TIME
7214,39,5,2020-12-11,2020-12-25,2020-12-20,2026-08-12T13:29:33.699965,loans.csv,0,ON TIME
2792,2358,1,2022-09-29,2022-10-13,2022-10-05,2026-08-12T13:29:33.699965,loans.csv,0,ON TIME
2229,1056,1,2023-11-20,2023-12-04,2023-11-30,2026-08-12T13:29:33.699965,loans.csv,0,ON TIME
8025,804,1,2024-05-16,2024-05-30,2024-05-19,2026-08-12T13:29:33.699965,loans.csv,0,ON TIME
6350,838,2,2022-05-19,2022-06-02,2022-06-15,2026-08-12T13:29:33.699965,loans.csv,13,SEVERE
2808,517,167,2024-06-02,2024-06-16,2024-06-10,2026-08-12T13:29:33.699965,loans.csv,0,ON TIME
4559,2367,2,2022-01-31,2022-02-14,2022-02-05,2026-08-12T13:29:33.699965,loans.csv,0,ON TIME
2717,2543,87,2022-05-06,2022-05-27,2022-05-29,2026-08-12T13:29:33.699965,loans.csv,2,MILD
9583,1388,1,2020-12-20,2021-01-10,2020-12-24,2026-08-12T13:29:33.699965,loans.csv,0,ON TIME
2625,2155,2,2021-12-18,2022-01-01,2022-01-02,2026-08-12T13:29:33.699965,loans.csv,1,MILD
2536,1661,3,2022-07-01,2022-07-15,2022-07-13,2026-08-12T13:29:33.699965,loans.csv,0,ON TIME
1186,2439,7,2024-10-23,2024-11-06,2024-10-24,2026-08-12T13:29:33.699965,loans.csv,0,ON TIME
6807,1733,1,2024-08-09,2024-08-23,2024-08-25,2026-08-12T13:29:33.699965,loans.csv,2,MILD
1899,2061,1,2024-12-18,2025-01-01,,2026-08-12T13:29:33.699965,loans.csv,588,CRITICAL
3047,2544,39,2022-04-23,2022-05-14,2022-04-24,2026-08-12T13:29:33.699965,loans.csv,0,ON TIME
910,1013,1,2022-05-02,2022-05-16,2022-05-31,2026-08-12T13:29:33.699965,loans.csv,15,SEVERE
7710,1360,1,2023-01-26,2023-02-09,2023-02-15,2026-08-12T13:29:33.699965,loans.csv,6,MILD
2660,714,4,2024-11-07,2024-11-28,2024-11-24,2026-08-12T13:29:33.699965,loans.csv,0,ON TIME
464,901,4,2022-03-31,2022-04-14,2022-04-29,2026-08-12T13:29:33.699965,loans.csv,15,SEVERE
5894,1253,22,2023-07-06,2023-07-20,2023-07-09,2026-08-12T13:29:33.699965,loans.csv,0,ON TIME
8712,575,1,2021-03-14,2021-03-28,2021-03-27,2026-08-12T13:29:33.699965,loans.csv,0,ON TIME
5729,1200,2,2024-09-08,2024-09-22,,2026-08-12T13:29:33.699965,loans.csv,689,CRITICAL
1259,1819,124,2024-04-08,2024-04-22,2024-04-16,2026-08-12T13:29:33.699965,loans.csv,0,ON TIME
2413,1961,2,2024-10-30,2024-11-13,2024-11-01,2026-08-12T13:29:33.699965,loans.csv,0,ON TIME
2729,2472,2,2022-12-22,2023-01-05,2022-12-27,2026-08-12T13:29:33.699965,loans.csv,0,ON TIME
5575,2149,1,2024-01-07,2024-01-21,2024-02-28,2026-08-12T13:29:33.699965,loans.csv,38,CRITICAL
7469,1211,1,2023-12-20,2024-01-03,2024-01-01,2026-08-12T13:29:33.699965,loans.csv,0,ON TIME
5368,1845,1,2023-09-16,2023-09-30,2023-10-03,2026-08-12T13:29:33.699965,loans.csv,3,MILD
684,1926,1,2023-07-27,2023-08-10,,2026-08-12T13:29:33.699965,loans.csv,1098,CRITICAL
7569,1024,1,2020-02-18,2020-03-03,2020-03-29,2026-08-12T13:29:33.699965,loans.csv,26,SEVERE
923,2354,1,2021-11-16,2021-11-30,2021-12-05,2026-08-12T13:29:33.699965,loans.csv,5,MILD
1048,2546,5,2024-12-21,2025-01-04,,2026-08-12T13:29:33.699965,loans.csv,585,CRITICAL
8168,2503,37,2024-01-04,2024-01-18,2024-01-25,2026-08-12T13:29:33.699965,loans.csv,7,MILD
9548,2262,9,2022-11-24,2022-12-08,2022-12-08,2026-08-12T13:29:33.699965,loans.csv,0,ON TIME
3586,1222,4,2023-05-29,2023-06-12,2023-06-05,2026-08-12T13:29:33.699965,loans.csv,0,ON TIME
5254,1847,1,2024-09-27,2024-10-11,2024-09-28,2026-08-12T13:29:33.699965,loans.csv,0,ON TIME
2255,782,3,2024-12-17,2025-01-07,,2026-08-12T13:29:33.699965,loans.csv,582,CRITICAL
3508,1377,5,2024-07-01,2024-07-22,2024-07-11,2026-08-12T13:29:33.699965,loans.csv,0,ON TIME
5174,711,1,2024-06-13,2024-06-27,2024-06-23,2026-08-12T13:29:33.699965,loans.csv,0,ON TIME
396,1252,27,2024-01-02,2024-01-16,2024-01-19,2026-08-12T13:29:33.699965,loans.csv,3,MILD
3572,1952,2,2024-07-13,2024-07-27,2024-08-01,2026-08-12T13:29:33.699965,loans.csv,5,MILD
4339,1262,2,2024-07-18,2024-08-08,2024-07-30,2026-08-12T13:29:33.699965,loans.csv,0,ON TIME
1001,1360,1,2024-01-22,2024-02-05,,2026-08-12T13:29:33.699965,loans.csv,919,CRITICAL
4582,618,2,2022-12-30,2023-01-20,2023-01-25,2026-08-12T13:29:33.699965,loans.csv,5,MILD
5958,581,4,2024-03-14,2024-03-28,2024-03-26,2026-08-12T13:29:33.699965,loans.csv,0,ON TIME
7852,808,3,2024-02-27,2024-03-12,2024-03-12,2026-08-12T13:29:33.699965,loans.csv,0,ON TIME
239,289,10,2023-04-02,2023-04-16,2023-04-04,2026-08-12T13:29:33.699965,loans.csv,0,ON TIME
6098,2403,4,2024-06-01,2024-06-15,2024-06-20,2026-08-12T13:29:33.699965,loans.csv,5,MILD
9165,235,2,2023-10-23,2023-11-06,2023-10-31,2026-08-12T13:29:33.699965,loans.csv,0,ON TIME
1545,2782,1,2020-08-10,2020-08-24,2020-09-16,2026-08-12T13:29:33.699965,loans.csv,23,SEVERE
1920,19,2,2024-03-22,2024-04-05,,2026-08-12T13:29:33.699965,loans.csv,859,CRITICAL
8232,1848,3,2024-12-20,2025-01-03,,2026-08-12T13:29:33.699965,loans.csv,586,CRITICAL
2586,2613,8,2023-01-23,2023-02-13,2023-01-25,2026-08-12T13:29:33.699965,loans.csv,0,ON TIME
5349,1716,4,2020-09-11,2020-09-25,2020-09-30,2026-08-12T13:29:33.699965,loans.csv,5,MILD
5867,2164,1,2022-10-11,2022-10-25,2022-10-12,2026-08-12T13:29:33.699965,loans.csv,0,ON TIME
7480,2175,1,2022-07-23,2022-08-06,2022-08-10,2026-08-12T13:29:33.699965,loans.csv,4,MILD
2817,1431,7,2023-05-31,2023-06-14,2023-06-21,2026-08-12T13:29:33.699965,loans.csv,7,MILD
6419,1231,3,2024-01-19,2024-02-02,,2026-08-12T13:29:33.699965,loans.csv,922,CRITICAL
4614,1820,2,2024-05-17,2024-05-31,2024-05-20,2026-08-12T13:29:33.699965,loans.csv,0,ON TIME
3937,536,42,2023-12-03,2023-12-17,2024-01-22,2026-08-12T13:29:33.699965,loans.csv,36,CRITICAL
3309,1521,1,2023-07-06,2023-07-20,2023-07-16,2026-08-12T13:29:33.699965,loans.csv,0,ON TIME
3465,2430,2,2024-06-18,2024-07-02,2024-06-19,2026-08-12T13:29:33.699965,loans.csv,0,ON TIME
3268,2496,4,2020-01-17,2020-01-31,2020-02-07,2026-08-12T13:29:33.699965,loans.csv,7,MILD
5624,393,2,2023-05-20,2023-06-03,2023-06-01,2026-08-12T13:29:33.699965,loans.csv,0,ON TIME
4815,2079,1,2024-06-21,2024-07-05,2024-06-29,2026-08-12T13:29:33.699965,loans.csv,0,ON TIME
1147,281,2,2024-06-28,2024-07-12,2024-06-29,2026-08-12T13:29:33.699965,loans.csv,0,ON TIME
3694,671,1,2022-12-31,2023-01-14,2023-01-16,2026-08-12T13:29:33.699965,loans.csv,2,MILD
1603,1492,2,2023-12-11,2023-12-25,2023-12-12,2026-08-12T13:29:33.699965,loans.csv,0,ON TIME
5589,1932,6,2023-05-04,2023-05-18,2023-05-11,2026-08-12T13:29:33.699965,loans.csv,0,ON TIME
9472,1828,2,2023-06-14,2023-06-28,2023-06-27,2026-08-12T13:29:33.699965,loans.csv,0,ON TIME
2159,50,1,2024-08-13,2024-08-27,,2026-08-12T13:29:33.699965,loans.csv,715,CRITICAL
2642,1759,1,2023-11-04,2023-11-18,2023-11-13,2026-08-12T13:29:33.699965,loans.csv,0,ON TIME
2604,2681,24,2021-06-09,2021-06-23,2021-06-19,2026-08-12T13:29:33.699965,loans.csv,0,ON TIME
7503,1829,2,2024-04-12,2024-04-26,2024-04-26,2026-08-12T13:29:33.699965,loans.csv,0,ON TIME
9340,2395,3,2023-09-15,2023-09-29,2023-09-20,2026-08-12T13:29:33.699965,loans.csv,0,ON TIME
9297,821,3,2023-02-03,2023-02-17,2023-03-25,2026-08-12T13:29:33.699965,loans.csv,36,CRITICAL
6221,905,3,2022-09-24,2022-10-08,2022-10-17,2026-08-12T13:29:33.699965,loans.csv,9,SEVERE
1874,1412,1,2023-10-15,2023-10-29,2023-10-16,2026-08-12T13:29:33.699965,loans.csv,0,ON TIME
1620,432,1,2024-07-30,2024-08-13,2024-08-14,2026-08-12T13:29:33.699965,loans.csv,1,MILD
7690,420,1,2024-01-26,2024-02-09,2024-02-03,2026-08-12T13:29:33.699965,loans.csv,0,ON TIME
8789,828,1,2023-03-04,2023-03-18,2023-03-13,2026-08-12T13:29:33.699965,loans.csv,0,ON TIME
6091,206,5,2023-03-02,2023-03-16,2023-03-05,2026-08-12T13:29:33.699965,loans.csv,0,ON TIME
8226,655,1,2024-10-08,2024-10-22,2024-10-27,2026-08-12T13:29:33.699965,loans.csv,5,MILD
6204,677,2,2024-09-20,2024-10-04,,2026-08-12T13:29:33.699965,loans.csv,677,CRITICAL
7625,646,2,2024-05-02,2024-05-16,2024-05-11,2026-08-12T13:29:33.699965,loans.csv,0,ON TIME
8426,1371,112,2024-03-03,2024-03-17,2024-03-05,2026-08-12T13:29:33.699965,loans.csv,0,ON TIME
5115,38,3,2022-11-19,2022-12-03,2022-11-23,2026-08-12T13:29:33.699965,loans.csv,0,ON TIME
314,2620,1,2024-10-21,2024-11-04,2024-10-27,2026-08-12T13:29:33.699965,loans.csv,0,ON TIME
3119,785,2,2024-06-07,2024-06-21,,2026-08-12T13:29:33.699965,loans.csv,782,CRITICAL
4268,1907,1,2024-05-13,2024-05-27,2024-06-04,2026-08-12T13:29:33.699965,loans.csv,8,SEVERE
2928,1909,2,2023-07-03,2023-07-17,2023-08-19,2026-08-12T13:29:33.699965,loans.csv,33,CRITICAL
5318,859,3,2024-11-03,2024-11-17,2024-11-09,2026-08-12T13:29:33.699965,loans.csv,0,ON TIME
852,2182,189,2024-09-25,2024-10-09,2024-10-03,2026-08-12T13:29:33.699965,loans.csv,0,ON TIME
677,2010,5,2023-01-27,2023-02-10,2023-02-07,2026-08-12T13:29:33.699965,loans.csv,0,ON TIME
6405,38,12,2022-11-05,2022-11-19,2022-11-08,2026-08-12T13:29:33.699965,loans.csv,0,ON TIME
9282,1481,1,2023-11-07,2023-11-21,2023-11-17,2026-08-12T13:29:33.699965,loans.csv,0,ON TIME
9611,1510,41,2022-09-04,2022-09-18,2022-09-16,2026-08-12T13:29:33.699965,loans.csv,0,ON TIME
7840,984,1,2023-03-29,2023-04-12,2023-04-06,2026-08-12T13:29:33.699965,loans.csv,0,ON TIME
5927,860,1,2024-03-02,2024-03-16,2024-03-10,2026-08-12T13:29:33.699965,loans.csv,0,ON TIME
7774,2481,4,2024-11-07,2024-11-21,2024-11-21,2026-08-12T13:29:33.699965,loans.csv,0,ON TIME
2633,995,130,2023-09-01,2023-09-15,2023-09-21,2026-08-12T13:29:33.699965,loans.csv,6,MILD
5685,2130,1,2022-02-22,2022-03-15,,2026-08-12T13:29:33.699965,loans.csv,1611,CRITICAL
2992,720,1,2023-07-08,2023-07-22,2023-07-19,2026-08-12T13:29:33.699965,loans.csv,0,ON TIME
7327,2152,4,2024-06-12,2024-06-26,2024-06-16,2026-08-12T13:29:33.699965,loans.csv,0,ON TIME
6193,2758,18,2024-07-21,2024-08-04,2024-08-11,2026-08-12T13:29:33.699965,loans.csv,7,MILD
2570,1811,49,2023-01-21,2023-02-04,2023-01-31,2026-08-12T13:29:33.699965,loans.csv,0,ON TIME
3340,1862,12,2022-06-03,2022-06-17,2022-06-08,2026-08-12T13:29:33.699965,loans.csv,0,ON TIME
9063,1291,1,2024-05-24,2024-06-07,2024-05-30,2026-08-12T13:29:33.699965,loans.csv,0,ON TIME
7801,150,2,2024-11-20,2024-12-04,2024-12-15,2026-08-12T13:29:33.699965,loans.csv,11,SEVERE
7315,800,2,2023-02-03,2023-02-17,2023-02-08,2026-08-12T13:29:33.699965,loans.csv,0,ON TIME
32,2711,2,2024-11-03,2024-11-17,2024-11-13,2026-08-12T13:29:33.699965,loans.csv,0,ON TIME
2394,2436,1,2023-08-23,2023-09-13,2023-09-01,2026-08-12T13:29:33.699965,loans.csv,0,ON TIME
2403,1339,2,2024-10-16,2024-10-30,2024-10-29,2026-08-12T13:29:33.699965,loans.csv,0,ON TIME
7188,1680,45,2022-10-26,2022-11-09,2022-11-13,2026-08-12T13:29:33.699965,loans.csv,4,MILD
7215,2313,1,2022-08-19,2022-09-02,2022-09-07,2026-08-12T13:29:33.699965,loans.csv,5,MILD
7183,2025,58,2023-03-28,2023-04-11,,2026-08-12T13:29:33.699965,loans.csv,1219,CRITICAL
2635,1276,2,2023-09-20,2023-10-04,2023-10-04,2026-08-12T13:29:33.699965,loans.csv,0,ON TIME
5855,1993,1,2022-02-02,2022-02-16,2022-02-11,2026-08-12T13:29:33.699965,loans.csv,0,ON TIME
5733,2336,6,2024-12-20,2025-01-03,,2026-08-12T13:29:33.699965,loans.csv,586,CRITICAL
4041,2591,2,2020-03-29,2020-04-12,2020-04-04,2026-08-12T13:29:33.699965,loans.csv,0,ON TIME
4112,2324,65,2021-05-15,2021-05-29,,2026-08-12T13:29:33.699965,loans.csv,1901,CRITICAL
6721,828,9,2023-12-21,2024-01-11,2024-01-10,2026-08-12T13:29:33.699965,loans.csv,0,ON TIME
4679,517,1,2024-08-23,2024-09-06,2024-08-27,2026-08-12T13:29:33.699965,loans.csv,0,ON TIME
3611,862,1,2023-10-21,2023-11-04,2023-10-29,2026-08-12T13:29:33.699965,loans.csv,0,ON TIME
1249,1857,3,2023-07-05,2023-07-19,2023-07-08,2026-08-12T13:29:33.699965,loans.csv,0,ON TIME
7623,901,1,2022-03-27,2022-04-10,2022-04-12,2026-08-12T13:29:33.699965,loans.csv,2,MILD
1408,623,26,2023-12-13,2023-12-27,2024-01-03,2026-08-12T13:29:33.699965,loans.csv,7,MILD
7497,174,2,2023-08-12,2023-08-26,2023-08-14,2026-08-12T13:29:33.699965,loans.csv,0,ON TIME
9280,942,2,2023-12-08,2023-12-22,2023-12-21,2026-08-12T13:29:33.699965,loans.csv,0,ON TIME
2427,1321,1,2024-04-15,2024-04-29,2024-04-19,2026-08-12T13:29:33.699965,loans.csv,0,ON TIME
2067,432,4,2024-06-27,2024-07-11,2024-06-30,2026-08-12T13:29:33.699965,loans.csv,0,ON TIME
2055,1116,4,2021-12-16,2021-12-30,2021-12-18,2026-08-12T13:29:33.699965,loans.csv,0,ON TIME
7180,1425,55,2021-12-09,2021-12-30,,2026-08-12T13:29:33.699965,loans.csv,1686,CRITICAL
5604,226,7,2024-02-06,2024-02-27,2024-02-16,2026-08-12T13:29:33.699965,loans.csv,0,ON TIME
7427,2477,36,2023-06-21,2023-07-12,2023-07-04,2026-08-12T13:29:33.699965,loans.csv,0,ON TIME
4667,1317,3,2024-04-02,2024-04-16,2024-04-04,2026-08-12T13:29:33.699965,loans.csv,0,ON TIME
913,1844,6,2023-06-27,2023-07-11,2023-07-05,2026-08-12T13:29:33.699965,loans.csv,0,ON TIME
894,223,1,2021-09-21,2021-10-05,2021-09-23,2026-08-12T13:29:33.699965,loans.csv,0,ON TIME
8124,2068,3,2023-10-18,2023-11-01,2023-11-07,2026-08-12T13:29:33.699965,loans.csv,6,MILD
6791,417,1,2022-06-21,2022-07-05,,2026-08-12T13:29:33.699965,loans.csv,1499,CRITICAL
7597,807,32,2024-02-29,2024-03-14,2024-03-18,2026-08-12T13:29:33.699965,loans.csv,4,MILD
4171,480,7,2024-02-23,2024-03-08,2024-03-07,2026-08-12T13:29:33.699965,loans.csv,0,ON TIME
8023,785,3,2024-09-12,2024-09-26,2024-09-16,2026-08-12T13:29:33.699965,loans.csv,0,ON TIME
230,410,1,2024-12-20,2025-01-03,,2026-08-12T13:29:33.699965,loans.csv,586,CRITICAL
5595,960,2,2020-11-25,2020-12-09,2020-12-05,2026-08-12T13:29:33.699965,loans.csv,0,ON TIME
1109,1010,2,2022-09-24,2022-10-08,2022-10-14,2026-08-12T13:29:33.699965,loans.csv,6,MILD
6264,2578,1,2024-09-19,2024-10-03,2024-11-06,2026-08-12T13:29:33.699965,loans.csv,34,CRITICAL
6870,36,1,2021-09-08,2021-09-22,2021-09-10,2026-08-12T13:29:33.699965,loans.csv,0,ON TIME
5788,2450,1,2024-12-13,2025-01-03,,2026-08-12T13:29:33.699965,loans.csv,586,CRITICAL
2119,1715,61,2022-11-03,2022-11-24,2022-11-08,2026-08-12T13:29:33.699965,loans.csv,0,ON TIME
3106,2164,6,2023-12-18,2024-01-08,,2026-08-12T13:29:33.699965,loans.csv,947,CRITICAL
6651,1056,48,2024-11-14,2024-11-28,2024-11-15,2026-08-12T13:29:33.699965,loans.csv,0,ON TIME
1990,1590,17,2024-10-22,2024-11-12,2024-10-25,2026-08-12T13:29:33.699965,loans.csv,0,ON TIME
4640,1234,1,2024-09-10,2024-09-24,2024-09-23,2026-08-12T13:29:33.699965,loans.csv,0,ON TIME
4424,301,1,2024-07-03,2024-07-17,2024-07-21,2026-08-12T13:29:33.699965,loans.csv,4,MILD
3910,1603,4,2024-10-14,2024-10-28,2024-10-31,2026-08-12T13:29:33.699965,loans.csv,3,MILD
1509,212,3,2024-05-25,2024-06-08,2024-05-28,2026-08-12T13:29:33.699965,loans.csv,0,ON TIME
6473,545,5,2023-09-11,2023-09-25,2023-09-21,2026-08-12T13:29:33.699965,loans.csv,0,ON TIME
7048,2033,8,2024-10-26,2024-11-16,,2026-08-12T13:29:33.699965,loans.csv,634,CRITICAL
7061,1991,2,2023-04-24,2023-05-08,2023-05-02,2026-08-12T13:29:33.699965,loans.csv,0,ON TIME
9416,232,14,2022-03-15,2022-03-29,,2026-08-12T13:29:33.699965,loans.csv,1597,CRITICAL
3201,2344,3,2024-08-11,2024-08-25,2024-08-23,2026-08-12T13:29:33.699965,loans.csv,0,ON TIME
491,41,1,2023-11-11,2023-11-25,2023-11-15,2026-08-12T13:29:33.699965,loans.csv,0,ON TIME
8602,2039,1,2024-07-03,2024-07-17,2024-07-17,2026-08-12T13:29:33.699965,loans.csv,0,ON TIME
2692,1720,1,2024-04-20,2024-05-04,2024-05-04,2026-08-12T13:29:33.699965,loans.csv,0,ON TIME
1349,2373,2,2023-02-22,2023-03-08,2023-03-12,2026-08-12T13:29:33.699965,loans.csv,4,MILD
3008,516,1,2024-11-30,2024-12-14,2024-12-08,2026-08-12T13:29:33.699965,loans.csv,0,ON TIME
5675,529,3,2024-10-25,2024-11-15,2024-11-06,2026-08-12T13:29:33.699965,loans.csv,0,ON TIME
8307,1595,2,2024-12-10,2024-12-24,2024-12-21,2026-08-12T13:29:33.699965,loans.csv,0,ON TIME
1957,1782,2,2023-07-24,2023-08-07,2023-09-11,2026-08-12T13:29:33.699965,loans.csv,35,CRITICAL
8056,168,4,2022-06-09,2022-06-30,2022-06-20,2026-08-12T13:29:33.699965,loans.csv,0,ON TIME
2007,646,1,2023-12-03,2023-12-17,2023-12-14,2026-08-12T13:29:33.699965,loans.csv,0,ON TIME
3943,536,1,2024-01-01,2024-01-15,2024-01-21,2026-08-12T13:29:33.699965,loans.csv,6,MILD
20,1269,73,2023-07-04,2023-07-18,2023-07-22,2026-08-12T13:29:33.699965,loans.csv,4,MILD
328,565,2,2021-07-19,2021-08-02,,2026-08-12T13:29:33.699965,loans.csv,1836,CRITICAL
3890,2211,79,2023-09-07,2023-09-21,2023-10-10,2026-08-12T13:29:33.699965,loans.csv,19,SEVERE
2973,170,1,2024-10-01,2024-10-22,2024-10-14,2026-08-12T13:29:33.699965,loans.csv,0,ON TIME
3170,2019,37,2024-07-31,2024-08-14,2024-08-13,2026-08-12T13:29:33.699965,loans.csv,0,ON TIME
4308,1553,2,2024-11-22,2024-12-06,2024-12-08,2026-08-12T13:29:33.699965,loans.csv,2,MILD
6379,1528,5,2024-09-22,2024-10-06,2024-10-04,2026-08-12T13:29:33.699965,loans.csv,0,ON TIME
4728,1098,5,2024-09-27,2024-10-11,2024-10-06,2026-08-12T13:29:33.699965,loans.csv,0,ON TIME
6604,2242,6,2024-11-26,2024-12-10,2024-11-30,2026-08-12T13:29:33.699965,loans.csv,0,ON TIME
860,831,1,2020-12-01,2020-12-15,2020-12-17,2026-08-12T13:29:33.699965,loans.csv,2,MILD
274,2278,3,2024-11-23,2024-12-07,2025-01-19,2026-08-12T13:29:33.699965,loans.csv,43,CRITICAL
9115,2146,94,2021-10-27,2021-11-10,,2026-08-12T13:29:33.699965,loans.csv,1736,CRITICAL
3711,2139,1,2024-08-15,2024-08-29,2024-08-17,2026-08-12T13:29:33.699965,loans.csv,0,ON TIME
5555,498,17,2020-08-20,2020-09-03,2020-09-06,2026-08-12T13:29:33.699965,loans.csv,3,MILD
2193,1255,1,2022-08-29,2022-09-12,2022-09-02,2026-08-12T13:29:33.699965,loans.csv,0,ON TIME
3810,1167,2,2024-04-26,2024-05-10,2024-05-08,2026-08-12T13:29:33.699965,loans.csv,0,ON TIME
7379,969,1,2023-11-06,2023-11-20,2023-11-14,2026-08-12T13:29:33.699965,loans.csv,0,ON TIME
348,2240,1,2024-11-22,2024-12-06,2024-12-11,2026-08-12T13:29:33.699965,loans.csv,5,MILD
8542,1107,3,2021-07-31,2021-08-14,,2026-08-12T13:29:33.699965,loans.csv,1824,CRITICAL
5494,2151,7,2024-08-31,2024-09-14,2024-09-07,2026-08-12T13:29:33.699965,loans.csv,0,ON TIME
2451,1914,6,2022-10-23,2022-11-06,2022-10-24,2026-08-12T13:29:33.699965,loans.csv,0,ON TIME
7829,2768,7,2024-09-15,2024-09-29,,2026-08-12T13:29:33.699965,loans.csv,682,CRITICAL
3913,1269,1,2022-01-27,2022-02-10,2022-02-13,2026-08-12T13:29:33.699965,loans.csv,3,MILD
3996,1753,5,2022-12-18,2023-01-01,2022-12-24,2026-08-12T13:29:33.699965,loans.csv,0,ON TIME
9444,1507,2,2024-08-25,2024-09-08,,2026-08-12T13:29:33.699965,loans.csv,703,CRITICAL
5544,2089,2,2024-07-08,2024-07-22,2024-07-15,2026-08-12T13:29:33.699965,loans.csv,0,ON TIME
4009,1909,2,2023-02-10,2023-02-24,2023-02-19,2026-08-12T13:29:33.699965,loans.csv,0,ON TIME
7821,2115,4,2024-05-31,2024-06-14,2024-06-14,2026-08-12T13:29:33.699965,loans.csv,0,ON TIME
4698,802,5,2024-11-20,2024-12-04,2024-12-03,2026-08-12T13:29:33.699965,loans.csv,0,ON TIME
372,404,11,2024-01-21,2024-02-04,2024-01-26,2026-08-12T13:29:33.699965,loans.csv,0,ON TIME
6994,2612,1,2020-10-29,2020-11-12,2020-11-03,2026-08-12T13:29:33.699965,loans.csv,0,ON TIME
2540,71,44,2024-07-10,2024-07-24,,2026-08-12T13:29:33.699965,loans.csv,749,CRITICAL
7204,2268,2,2024-07-21,2024-08-04,,2026-08-12T13:29:33.699965,loans.csv,738,CRITICAL
8944,1643,1,2022-10-10,2022-10-31,2022-10-17,2026-08-12T13:29:33.699965,loans.csv,0,ON TIME
7487,1451,6,2022-10-06,2022-10-20,2022-10-22,2026-08-12T13:29:33.699965,loans.csv,2,MILD
9026,1735,1,2024-11-05,2024-11-19,,2026-08-12T13:29:33.699965,loans.csv,631,CRITICAL
2778,958,2,2023-04-14,2023-05-05,2023-04-19,2026-08-12T13:29:33.699965,loans.csv,0,ON TIME
2513,1390,1,2023-05-10,2023-05-24,2023-05-14,2026-08-12T13:29:33.699965,loans.csv,0,ON TIME
1808,778,1,2022-08-18,2022-09-01,2022-08-21,2026-08-12T13:29:33.699965,loans.csv,0,ON TIME
4608,1997,1,2024-02-22,2024-03-07,2024-03-02,2026-08-12T13:29:33.699965,loans.csv,0,ON TIME
9020,495,1,2022-05-02,2022-05-16,2022-05-19,2026-08-12T13:29:33.699965,loans.csv,3,MILD
7721,2280,1,2023-12-10,2023-12-24,2023-12-14,2026-08-12T13:29:33.699965,loans.csv,0,ON TIME
5700,1163,1,2022-06-19,2022-07-03,2022-06-26,2026-08-12T13:29:33.699965,loans.csv,0,ON TIME
1021,991,7,2022-08-25,2022-09-08,,2026-08-12T13:29:33.699965,loans.csv,1434,CRITICAL
7753,2436,1,2023-06-27,2023-07-11,2023-07-08,2026-08-12T13:29:33.699965,loans.csv,0,ON TIME
8494,394,1,2024-11-20,2024-12-04,2024-11-28,2026-08-12T13:29:33.699965,loans.csv,0,ON TIME
2930,2423,142,2024-03-09,2024-03-23,2024-03-20,2026-08-12T13:29:33.699965,loans.csv,0,ON TIME
6104,2695,2,2023-12-24,2024-01-07,,2026-08-12T13:29:33.699965,loans.csv,948,CRITICAL
58,2482,1,2024-07-05,2024-07-19,2024-07-08,2026-08-12T13:29:33.699965,loans.csv,0,ON TIME
7107,2731,1,2024-08-28,2024-09-11,2024-09-03,2026-08-12T13:29:33.699965,loans.csv,0,ON TIME
1486,1025,37,2024-11-10,2024-11-24,,2026-08-12T13:29:33.699965,loans.csv,626,CRITICAL
152,1529,9,2024-11-21,2024-12-05,2024-12-04,2026-08-12T13:29:33.699965,loans.csv,0,ON TIME
4443,1304,3,2023-08-07,2023-08-21,2023-08-12,2026-08-12T13:29:33.699965,loans.csv,0,ON TIME
9334,2195,1,2021-12-09,2021-12-23,,2026-08-12T13:29:33.699965,loans.csv,1693,CRITICAL
5396,1745,3,2023-01-07,2023-01-21,2023-01-17,2026-08-12T13:29:33.699965,loans.csv,0,ON TIME
5635,1139,31,2024-07-31,2024-08-14,2024-08-11,2026-08-12T13:29:33.699965,loans.csv,0,ON TIME
8650,2435,39,2022-07-12,2022-07-26,2022-08-10,2026-08-12T13:29:33.699965,loans.csv,15,SEVERE
8496,2012,8,2021-12-23,2022-01-13,2022-01-16,2026-08-12T13:29:33.699965,loans.csv,3,MILD
7403,514,1,2024-09-10,2024-09-24,,2026-08-12T13:29:33.699965,loans.csv,687,CRITICAL
6541,1450,1,2024-10-10,2024-10-31,2024-10-21,2026-08-12T13:29:33.699965,loans.csv,0,ON TIME
376,626,1,2024-09-21,2024-10-05,2024-09-26,2026-08-12T13:29:33.699965,loans.csv,0,ON TIME
5759,2177,1,2024-10-04,2024-10-18,,2026-08-12T13:29:33.699965,loans.csv,663,CRITICAL
9163,557,12,2024-04-03,2024-04-17,,2026-08-12T13:29:33.699965,loans.csv,847,CRITICAL
2239,650,2,2024-04-09,2024-04-23,2024-04-15,2026-08-12T13:29:33.699965,loans.csv,0,ON TIME
525,88,2,2024-11-30,2024-12-14,2024-12-11,2026-08-12T13:29:33.699965,loans.csv,0,ON TIME
5445,821,2,2024-04-17,2024-05-01,2024-04-20,2026-08-12T13:29:33.699965,loans.csv,0,ON TIME
3142,1330,1,2024-07-13,2024-07-27,2024-07-18,2026-08-12T13:29:33.699965,loans.csv,0,ON TIME
4603,304,4,2024-05-26,2024-06-09,2024-06-02,2026-08-12T13:29:33.699965,loans.csv,0,ON TIME
6471,2701,8,2022-10-21,2022-11-04,2022-11-09,2026-08-12T13:29:33.699965,loans.csv,5,MILD
3893,1358,39,2023-05-03,2023-05-24,,2026-08-12T13:29:33.699965,loans.csv,1176,CRITICAL
489,2739,2,2020-01-28,2020-02-11,,2026-08-12T13:29:33.699965,loans.csv,2374,CRITICAL
6391,1717,1,2024-07-17,2024-07-31,2024-07-27,2026-08-12T13:29:33.699965,loans.csv,0,ON TIME
5912,979,3,2022-09-06,2022-09-20,2022-09-16,2026-08-12T13:29:33.699965,loans.csv,0,ON TIME
5328,2129,2,2023-11-14,2023-11-28,2023-12-05,2026-08-12T13:29:33.699965,loans.csv,7,MILD
7579,1711,14,2023-06-10,2023-06-24,2023-06-18,2026-08-12T13:29:33.699965,loans.csv,0,ON TIME
5145,2538,2,2020-08-12,2020-08-26,2020-09-02,2026-08-12T13:29:33.699965,loans.csv,7,MILD
2046,1051,2,2020-04-19,2020-05-03,,2026-08-12T13:29:33.699965,loans.csv,2292,CRITICAL
7236,2705,1,2024-06-05,2024-06-19,2024-06-19,2026-08-12T13:29:33.699965,loans.csv,0,ON TIME
8900,1299,34,2022-11-26,2022-12-10,2022-12-08,2026-08-12T13:29:33.699965,loans.csv,0,ON TIME
6560,1771,1,2023-08-17,2023-08-31,2023-08-30,2026-08-12T13:29:33.699965,loans.csv,0,ON TIME
3209,1211,1,2024-05-15,2024-06-05,2024-06-02,2026-08-12T13:29:33.699965,loans.csv,0,ON TIME
3877,1257,4,2024-03-22,2024-04-05,2024-03-29,2026-08-12T13:29:33.699965,loans.csv,0,ON TIME
5712,59,25,2024-12-15,2024-12-29,,2026-08-12T13:29:33.699965,loans.csv,591,CRITICAL
1279,2450,2,2024-05-07,2024-05-21,2024-05-21,2026-08-12T13:29:33.699965,loans.csv,0,ON TIME
2933,1655,4,2024-08-24,2024-09-07,2024-09-07,2026-08-12T13:29:33.699965,loans.csv,0,ON TIME
5472,2557,6,2021-10-22,2021-11-05,2021-11-06,2026-08-12T13:29:33.699965,loans.csv,1,MILD
7477,2571,1,2023-08-15,2023-08-29,2023-08-21,2026-08-12T13:29:33.699965,loans.csv,0,ON TIME
2620,2571,2,2022-02-25,2022-03-11,2022-03-09,2026-08-12T13:29:33.699965,loans.csv,0,ON TIME
4870,666,6,2022-10-29,2022-11-12,2022-11-10,2026-08-12T13:29:33.699965,loans.csv,0,ON TIME
2325,1761,1,2024-03-16,2024-03-30,,2026-08-12T13:29:33.699965,loans.csv,865,CRITICAL
6283,2764,6,2023-12-07,2023-12-21,2023-12-08,2026-08-12T13:29:33.699965,loans.csv,0,ON TIME
8384,1697,1,2024-07-18,2024-08-01,2024-07-20,2026-08-12T13:29:33.699965,loans.csv,0,ON TIME
8705,2010,2,2020-10-23,2020-11-06,2020-11-09,2026-08-12T13:29:33.699965,loans.csv,3,MILD
5616,2201,1,2022-05-15,2022-06-05,2022-05-26,2026-08-12T13:29:33.699965,loans.csv,0,ON TIME
138,1825,10,2021-01-18,2021-02-08,,2026-08-12T13:29:33.699965,loans.csv,2011,CRITICAL
6228,2710,17,2024-08-25,2024-09-15,,2026-08-12T13:29:33.699965,loans.csv,696,CRITICAL
4477,59,14,2022-05-19,2022-06-02,2022-05-28,2026-08-12T13:29:33.699965,loans.csv,0,ON TIME
4757,2093,1,2022-08-19,2022-09-02,2022-08-22,2026-08-12T13:29:33.699965,loans.csv,0,ON TIME
2140,1781,1,2022-05-18,2022-06-01,2022-05-30,2026-08-12T13:29:33.699965,loans.csv,0,ON TIME
3683,2175,2,2024-02-05,2024-02-19,2024-02-09,2026-08-12T13:29:33.699965,loans.csv,0,ON TIME
7256,809,1,2023-04-05,2023-04-19,2023-04-26,2026-08-12T13:29:33.699965,loans.csv,7,MILD
3257,2152,4,2024-06-30,2024-07-14,2024-07-18,2026-08-12T13:29:33.699965,loans.csv,4,MILD
3668,1703,1,2024-07-26,2024-08-16,2024-08-12,2026-08-12T13:29:33.699965,loans.csv,0,ON TIME
841,676,42,2024-01-07,2024-01-21,2024-01-11,2026-08-12T13:29:33.699965,loans.csv,0,ON TIME
5630,862,1,2024-10-21,2024-11-04,2024-10-30,2026-08-12T13:29:33.699965,loans.csv,0,ON TIME
2296,974,3,2023-05-13,2023-05-27,,2026-08-12T13:29:33.699965,loans.csv,1173,CRITICAL
4449,24,141,2024-04-14,2024-04-28,2024-04-23,2026-08-12T13:29:33.699965,loans.csv,0,ON TIME
9360,280,6,2023-02-16,2023-03-02,2023-03-02,2026-08-12T13:29:33.699965,loans.csv,0,ON TIME
1559,1870,1,2021-07-16,2021-07-30,2021-07-29,2026-08-12T13:29:33.699965,loans.csv,0,ON TIME
5365,689,1,2024-11-25,2024-12-09,2024-12-10,2026-08-12T13:29:33.699965,loans.csv,1,MILD
4258,110,2,2023-04-21,2023-05-05,2023-05-04,2026-08-12T13:29:33.699965,loans.csv,0,ON TIME
4469,693,2,2022-06-18,2022-07-02,,2026-08-12T13:29:33.699965,loans.csv,1502,CRITICAL
5166,2482,89,2024-10-14,2024-10-28,2024-10-18,2026-08-12T13:29:33.699965,loans.csv,0,ON TIME
183,1632,1,2024-05-28,2024-06-18,2024-06-19,2026-08-12T13:29:33.699965,loans.csv,1,MILD
1623,2251,50,2024-01-12,2024-01-26,2024-01-21,2026-08-12T13:29:33.699965,loans.csv,0,ON TIME
4213,1253,1,2024-05-29,2024-06-12,,2026-08-12T13:29:33.699965,loans.csv,791,CRITICAL
9008,2023,2,2021-08-27,2021-09-10,2021-10-16,2026-08-12T13:29:33.699965,loans.csv,36,CRITICAL
7127,1550,1,2024-11-15,2024-11-29,2024-11-29,2026-08-12T13:29:33.699965,loans.csv,0,ON TIME
3560,2039,1,2024-10-12,2024-10-26,2024-10-22,2026-08-12T13:29:33.699965,loans.csv,0,ON TIME
1371,143,1,2024-10-18,2024-11-01,2024-10-20,2026-08-12T13:29:33.699965,loans.csv,0,ON TIME
440,812,7,2020-05-18,2020-06-01,2020-05-30,2026-08-12T13:29:33.699965,loans.csv,0,ON TIME
3112,1594,2,2024-11-12,2024-11-26,2024-11-17,2026-08-12T13:29:33.699965,loans.csv,0,ON TIME
9500,1095,1,2023-11-03,2023-11-17,2023-11-10,2026-08-12T13:29:33.699965,loans.csv,0,ON TIME
5170,1704,1,2023-12-27,2024-01-10,2023-12-30,2026-08-12T13:29:33.699965,loans.csv,0,ON TIME
5500,410,9,2024-06-12,2024-06-26,2024-06-26,2026-08-12T13:29:33.699965,loans.csv,0,ON TIME
1103,621,2,2024-06-22,2024-07-13,2024-06-28,2026-08-12T13:29:33.699965,loans.csv,0,ON TIME
8502,2598,6,2023-06-02,2023-06-16,2023-06-19,2026-08-12T13:29:33.699965,loans.csv,3,MILD
5011,2379,66,2024-08-14,2024-08-28,2024-08-16,2026-08-12T13:29:33.699965,loans.csv,0,ON TIME
5109,2305,5,2024-12-06,2024-12-20,2024-12-11,2026-08-12T13:29:33.699965,loans.csv,0,ON TIME
9223,1178,18,2024-08-07,2024-08-28,2024-08-09,2026-08-12T13:29:33.699965,loans.csv,0,ON TIME
8909,289,11,2024-01-31,2024-02-14,2024-02-08,2026-08-12T13:29:33.699965,loans.csv,0,ON TIME
2385,2199,24,2021-07-29,2021-08-12,2021-08-11,2026-08-12T13:29:33.699965,loans.csv,0,ON TIME
7306,2796,1,2022-03-24,2022-04-14,2022-04-09,2026-08-12T13:29:33.699965,loans.csv,0,ON TIME
1241,1435,3,2022-06-22,2022-07-06,2022-06-26,2026-08-12T13:29:33.699965,loans.csv,0,ON TIME
1584,1245,2,2022-09-19,2022-10-03,,2026-08-12T13:29:33.699965,loans.csv,1409,CRITICAL
2235,2608,1,2023-08-14,2023-08-28,2023-08-27,2026-08-12T13:29:33.699965,loans.csv,0,ON TIME
1269,491,1,2024-09-14,2024-09-28,,2026-08-12T13:29:33.699965,loans.csv,683,CRITICAL
9414,1569,1,2021-09-24,2021-10-08,2021-09-28,2026-08-12T13:29:33.699965,loans.csv,0,ON TIME
673,1982,13,2021-07-02,2021-07-16,2021-07-03,2026-08-12T13:29:33.699965,loans.csv,0,ON TIME
5130,759,9,2024-12-06,2024-12-20,2024-12-18,2026-08-12T13:29:33.699965,loans.csv,0,ON TIME
3096,1067,28,2024-08-25,2024-09-08,2024-09-07,2026-08-12T13:29:33.699965,loans.csv,0,ON TIME
6981,1243,1,2024-05-15,2024-05-29,2024-05-28,2026-08-12T13:29:33.699965,loans.csv,0,ON TIME
6940,1423,1,2023-11-28,2023-12-12,2023-12-15,2026-08-12T13:29:33.699965,loans.csv,3,MILD
2858,1022,5,2023-10-14,2023-10-28,2023-10-17,2026-08-12T13:29:33.699965,loans.csv,0,ON TIME
6532,107,48,2023-01-13,2023-01-27,,2026-08-12T13:29:33.699965,loans.csv,1293,CRITICAL
2424,2349,1,2023-12-31,2024-01-21,2024-01-22,2026-08-12T13:29:33.699965,loans.csv,1,MILD
3660,2472,4,2024-12-09,2024-12-23,2024-12-21,2026-08-12T13:29:33.699965,loans.csv,0,ON TIME
2768,1676,12,2023-11-06,2023-11-20,2023-11-26,2026-08-12T13:29:33.699965,loans.csv,6,MILD
4446,2383,2,2020-01-20,2020-02-03,2020-03-17,2026-08-12T13:29:33.699965,loans.csv,43,CRITICAL
8680,2761,1,2024-03-25,2024-04-08,2024-04-05,2026-08-12T13:29:33.699965,loans.csv,0,ON TIME
1116,1543,119,2024-11-23,2024-12-14,2024-12-17,2026-08-12T13:29:33.699965,loans.csv,3,MILD
2894,1015,1,2021-05-15,2021-06-05,2021-06-05,2026-08-12T13:29:33.699965,loans.csv,0,ON TIME
214,69,115,2024-12-01,2024-12-15,2024-12-21,2026-08-12T13:29:33.699965,loans.csv,6,MILD
3434,481,2,2020-12-15,2020-12-29,2020-12-16,2026-08-12T13:29:33.699965,loans.csv,0,ON TIME
8144,1344,1,2023-03-03,2023-03-17,2023-03-14,2026-08-12T13:29:33.699965,loans.csv,0,ON TIME
2378,290,1,2024-10-11,2024-10-25,2024-11-30,2026-08-12T13:29:33.699965,loans.csv,36,CRITICAL
706,1400,1,2024-11-16,2024-11-30,2024-11-25,2026-08-12T13:29:33.699965,loans.csv,0,ON TIME
2202,1789,1,2023-04-16,2023-04-30,2023-04-19,2026-08-12T13:29:33.699965,loans.csv,0,ON TIME
7246,1563,1,2024-11-23,2024-12-07,2024-12-05,2026-08-12T13:29:33.699965,loans.csv,0,ON TIME
86,2626,1,2024-04-01,2024-04-15,2024-04-15,2026-08-12T13:29:33.699965,loans.csv,0,ON TIME
8861,117,1,2024-07-10,2024-07-24,2024-07-15,2026-08-12T13:29:33.699965,loans.csv,0,ON TIME
9350,2316,1,2024-08-06,2024-08-20,2024-08-11,2026-08-12T13:29:33.699965,loans.csv,0,ON TIME
1081,931,1,2020-11-24,2020-12-08,2020-12-10,2026-08-12T13:29:33.699965,loans.csv,2,MILD
6035,2018,6,2023-11-04,2023-11-18,2023-11-12,2026-08-12T13:29:33.699965,loans.csv,0,ON TIME
4551,1393,2,2023-12-24,2024-01-07,2024-01-05,2026-08-12T13:29:33.699965,loans.csv,0,ON TIME
7995,1371,4,2024-06-07,2024-06-21,2024-06-12,2026-08-12T13:29:33.699965,loans.csv,0,ON TIME
1172,598,1,2023-03-27,2023-04-17,2023-03-30,2026-08-12T13:29:33.699965,loans.csv,0,ON TIME
128,24,2,2024-02-12,2024-02-26,2024-02-17,2026-08-12T13:29:33.699965,loans.csv,0,ON TIME
8068,279,2,2021-04-17,2021-05-01,2021-04-18,2026-08-12T13:29:33.699965,loans.csv,0,ON TIME
7301,2543,1,2021-09-30,2021-10-14,2021-10-17,2026-08-12T13:29:33.699965,loans.csv,3,MILD
6004,533,1,2024-08-30,2024-09-13,,2026-08-12T13:29:33.699965,loans.csv,698,CRITICAL
8235,2545,3,2024-05-27,2024-06-10,2024-06-17,2026-08-12T13:29:33.699965,loans.csv,7,MILD
5566,1759,1,2023-05-12,2023-05-26,2023-05-17,2026-08-12T13:29:33.699965,loans.csv,0,ON TIME
4099,2379,40,2024-12-09,2024-12-23,2024-12-26,2026-08-12T13:29:33.699965,loans.csv,3,MILD
3639,2295,1,2024-08-05,2024-08-19,2024-08-14,2026-08-12T13:29:33.699965,loans.csv,0,ON TIME
2189,384,3,2024-12-01,2024-12-15,,2026-08-12T13:29:33.699965,loans.csv,605,CRITICAL
8064,1056,3,2023-04-16,2023-04-30,2023-04-28,2026-08-12T13:29:33.699965,loans.csv,0,ON TIME
7171,1942,1,2024-12-16,2024-12-30,,2026-08-12T13:29:33.699965,loans.csv,590,CRITICAL
2837,66,2,2022-02-16,2022-03-02,2022-02-22,2026-08-12T13:29:33.699965,loans.csv,0,ON TIME
6668,2386,1,2023-06-05,2023-06-19,2023-06-23,2026-08-12T13:29:33.699965,loans.csv,4,MILD
1645,999,15,2024-11-17,2024-12-08,2024-12-12,2026-08-12T13:29:33.699965,loans.csv,4,MILD
647,729,27,2023-09-18,2023-10-02,2023-11-05,2026-08-12T13:29:33.699965,loans.csv,34,CRITICAL
2743,1607,1,2023-08-23,2023-09-06,2023-08-24,2026-08-12T13:29:33.699965,loans.csv,0,ON TIME
5400,2080,20,2023-09-16,2023-09-30,2023-09-29,2026-08-12T13:29:33.699965,loans.csv,0,ON TIME
6088,237,1,2024-11-07,2024-11-21,2024-11-17,2026-08-12T13:29:33.699965,loans.csv,0,ON TIME
1918,444,1,2024-08-18,2024-09-01,2024-08-25,2026-08-12T13:29:33.699965,loans.csv,0,ON TIME
2765,2197,2,2023-09-26,2023-10-10,2023-10-05,2026-08-12T13:29:33.699965,loans.csv,0,ON TIME
1875,352,15,2024-05-01,2024-05-15,2024-05-15,2026-08-12T13:29:33.699965,loans.csv,0,ON TIME
7992,1090,1,2024-10-08,2024-10-22,2024-10-13,2026-08-12T13:29:33.699965,loans.csv,0,ON TIME
7491,543,2,2023-07-26,2023-08-09,2023-07-27,2026-08-12T13:29:33.699965,loans.csv,0,ON TIME
4889,1143,146,2024-10-05,2024-10-19,,2026-08-12T13:29:33.699965,loans.csv,662,CRITICAL
4983,1623,1,2023-02-01,2023-02-22,2023-02-08,2026-08-12T13:29:33.699965,loans.csv,0,ON TIME
461,878,1,2024-10-06,2024-10-20,2024-10-14,2026-08-12T13:29:33.699965,loans.csv,0,ON TIME
2838,1485,2,2021-12-14,2021-12-28,2021-12-22,2026-08-12T13:29:33.699965,loans.csv,0,ON TIME
6360,1828,2,2023-05-05,2023-05-19,2023-05-25,2026-08-12T13:29:33.699965,loans.csv,6,MILD
8071,2319,86,2024-09-12,2024-10-03,,2026-08-12T13:29:33.699965,loans.csv,678,CRITICAL
4782,2304,1,2022-06-03,2022-06-17,2022-06-04,2026-08-12T13:29:33.699965,loans.csv,0,ON TIME
2879,2758,1,2021-02-27,2021-03-13,2021-03-05,2026-08-12T13:29:33.699965,loans.csv,0,ON TIME
7016,2119,1,2024-12-02,2024-12-16,2025-01-06,2026-08-12T13:29:33.699965,loans.csv,21,SEVERE
2196,1887,2,2024-09-30,2024-10-14,2024-10-04,2026-08-12T13:29:33.699965,loans.csv,0,ON TIME
9345,2365,1,2024-08-18,2024-09-01,2024-09-04,2026-08-12T13:29:33.699965,loans.csv,3,MILD
4574,2493,3,2022-10-25,2022-11-08,2022-10-26,2026-08-12T13:29:33.699965,loans.csv,0,ON TIME
3097,2639,8,2022-10-05,2022-10-19,2022-10-12,2026-08-12T13:29:33.699965,loans.csv,0,ON TIME
4486,169,1,2023-02-09,2023-02-23,2023-02-28,2026-08-12T13:29:33.699965,loans.csv,5,MILD
963,1533,12,2022-09-11,2022-10-02,2022-09-21,2026-08-12T13:29:33.699965,loans.csv,0,ON TIME
6594,1031,1,2024-05-28,2024-06-11,2024-06-09,2026-08-12T13:29:33.699965,loans.csv,0,ON TIME
363,2783,11,2024-09-23,2024-10-07,2024-10-04,2026-08-12T13:29:33.699965,loans.csv,0,ON TIME
4518,587,6,2020-05-26,2020-06-16,2020-06-12,2026-08-12T13:29:33.699965,loans.csv,0,ON TIME
8295,641,7,2024-06-20,2024-07-04,2024-06-27,2026-08-12T13:29:33.699965,loans.csv,0,ON TIME
4027,2115,1,2024-06-26,2024-07-10,2024-06-29,2026-08-12T13:29:33.699965,loans.csv,0,ON TIME
5943,2463,1,2023-09-06,2023-09-20,2023-09-19,2026-08-12T13:29:33.699965,loans.csv,0,ON TIME
531,1005,2,2024-03-16,2024-03-30,2024-04-05,2026-08-12T13:29:33.699965,loans.csv,6,MILD
7934,2144,1,2023-04-12,2023-04-26,2023-04-24,2026-08-12T13:29:33.699965,loans.csv,0,ON TIME
824,2064,1,2024-02-17,2024-03-02,2024-03-05,2026-08-12T13:29:33.699965,loans.csv,3,MILD
7137,2039,109,2024-09-30,2024-10-14,2024-11-12,2026-08-12T13:29:33.699965,loans.csv,29,SEVERE
6030,499,1,2023-02-01,2023-02-15,2023-02-15,2026-08-12T13:29:33.699965,loans.csv,0,ON TIME
7864,2654,1,2024-10-10,2024-10-24,2024-10-23,2026-08-12T13:29:33.699965,loans.csv,0,ON TIME
9445,2423,1,2024-12-01,2024-12-15,2024-12-21,2026-08-12T13:29:33.699965,loans.csv,6,MILD
3880,2449,1,2024-09-11,2024-10-02,2024-09-25,2026-08-12T13:29:33.699965,loans.csv,0,ON TIME
8014,179,1,2023-07-26,2023-08-16,2023-08-28,2026-08-12T13:29:33.699965,loans.csv,12,SEVERE
6609,2657,61,2023-04-09,2023-04-23,2023-04-23,2026-08-12T13:29:33.699965,loans.csv,0,ON TIME
1903,2242,1,2024-08-09,2024-08-23,2024-08-12,2026-08-12T13:29:33.699965,loans.csv,0,ON TIME
1718,1914,4,2022-11-02,2022-11-16,2022-11-10,2026-08-12T13:29:33.699965,loans.csv,0,ON TIME
6841,2274,1,2021-10-04,2021-10-18,2021-10-09,2026-08-12T13:29:33.699965,loans.csv,0,ON TIME
4990,260,5,2024-01-28,2024-02-11,2024-02-03,2026-08-12T13:29:33.699965,loans.csv,0,ON TIME
4991,188,1,2022-08-23,2022-09-13,2022-09-14,2026-08-12T13:29:33.699965,loans.csv,1,MILD
1679,2122,1,2024-08-24,2024-09-14,2024-09-06,2026-08-12T13:29:33.699965,loans.csv,0,ON TIME
8402,1010,4,2023-02-08,2023-03-01,2023-03-03,2026-08-12T13:29:33.699965,loans.csv,2,MILD
5601,2037,2,2022-07-15,2022-07-29,,2026-08-12T13:29:33.699965,loans.csv,1475,CRITICAL
8528,2612,3,2024-05-01,2024-05-15,2024-05-09,2026-08-12T13:29:33.699965,loans.csv,0,ON TIME
3025,960,1,2024-06-28,2024-07-12,2024-06-30,2026-08-12T13:29:33.699965,loans.csv,0,ON TIME
528,1431,7,2023-07-13,2023-08-03,2023-07-31,2026-08-12T13:29:33.699965,loans.csv,0,ON TIME
7376,637,19,2024-09-29,2024-10-13,2024-10-17,2026-08-12T13:29:33.699965,loans.csv,4,MILD
7912,254,1,2024-01-05,2024-01-26,2024-01-26,2026-08-12T13:29:33.699965,loans.csv,0,ON TIME
548,1181,35,2022-09-29,2022-10-13,2022-09-30,2026-08-12T13:29:33.699965,loans.csv,0,ON TIME
3755,962,1,2021-10-07,2021-10-21,2021-10-23,2026-08-12T13:29:33.699965,loans.csv,2,MILD
1047,2688,4,2024-06-15,2024-06-29,2024-06-30,2026-08-12T13:29:33.699965,loans.csv,1,MILD
9511,2375,1,2024-01-20,2024-02-03,,2026-08-12T13:29:33.699965,loans.csv,921,CRITICAL
1498,1661,1,2024-07-19,2024-08-02,,2026-08-12T13:29:33.699965,loans.csv,740,CRITICAL
1082,1139,3,2024-09-20,2024-10-04,2024-09-29,2026-08-12T13:29:33.699965,loans.csv,0,ON TIME
2636,2572,1,2023-01-22,2023-02-05,2023-01-25,2026-08-12T13:29:33.699965,loans.csv,0,ON TIME
5341,2493,49,2024-05-27,2024-06-10,2024-06-01,2026-08-12T13:29:33.699965,loans.csv,0,ON TIME
7881,1716,5,2024-11-20,2024-12-04,2024-11-30,2026-08-12T13:29:33.699965,loans.csv,0,ON TIME
1578,1095,1,2023-06-30,2023-07-14,2023-07-19,2026-08-12T13:29:33.699965,loans.csv,5,MILD
6235,2363,1,2023-01-24,2023-02-07,2023-01-29,2026-08-12T13:29:33.699965,loans.csv,0,ON TIME
5959,272,2,2023-05-14,2023-05-28,2023-05-20,2026-08-12T13:29:33.699965,loans.csv,0,ON TIME
6566,2480,1,2023-05-25,2023-06-08,2023-06-01,2026-08-12T13:29:33.699965,loans.csv,0,ON TIME
2050,1976,2,2024-12-05,2024-12-19,2024-12-07,2026-08-12T13:29:33.699965,loans.csv,0,ON TIME
5047,1240,2,2023-02-21,2023-03-07,2023-03-12,2026-08-12T13:29:33.699965,loans.csv,5,MILD
3630,2366,1,2023-12-04,2023-12-25,2023-12-17,2026-08-12T13:29:33.699965,loans.csv,0,ON TIME
3984,226,2,2024-11-05,2024-11-19,2024-11-14,2026-08-12T13:29:33.699965,loans.csv,0,ON TIME
3564,2198,3,2021-01-08,2021-01-22,2021-01-17,2026-08-12T13:29:33.699965,loans.csv,0,ON TIME
6316,1214,5,2023-11-30,2023-12-14,2023-12-13,2026-08-12T13:29:33.699965,loans.csv,0,ON TIME
2286,1341,11,2021-10-09,2021-10-30,,2026-08-12T13:29:33.699965,loans.csv,1747,CRITICAL
3450,2081,40,2024-06-28,2024-07-12,2024-07-17,2026-08-12T13:29:33.699965,loans.csv,5,MILD
7714,289,3,2023-06-10,2023-06-24,2023-06-23,2026-08-12T13:29:33.699965,loans.csv,0,ON TIME
1916,1033,1,2022-11-14,2022-11-28,2022-11-18,2026-08-12T13:29:33.699965,loans.csv,0,ON TIME
3305,728,1,2023-08-07,2023-08-21,2023-08-14,2026-08-12T13:29:33.699965,loans.csv,0,ON TIME
2484,1142,1,2022-09-26,2022-10-10,2022-09-28,2026-08-12T13:29:33.699965,loans.csv,0,ON TIME
1139,683,1,2022-04-07,2022-04-21,2022-04-26,2026-08-12T13:29:33.699965,loans.csv,5,MILD
5849,1087,1,2024-12-25,2025-01-15,,2026-08-12T13:29:33.699965,loans.csv,574,CRITICAL
5168,2762,44,2023-08-19,2023-09-02,2023-08-24,2026-08-12T13:29:33.699965,loans.csv,0,ON TIME
5448,1846,3,2020-04-06,2020-04-20,2020-04-21,2026-08-12T13:29:33.699965,loans.csv,1,MILD
4103,552,1,2022-11-18,2022-12-09,2022-12-03,2026-08-12T13:29:33.699965,loans.csv,0,ON TIME
2872,1242,1,2021-10-20,2021-11-03,2021-12-15,2026-08-12T13:29:33.699965,loans.csv,42,CRITICAL
8050,1949,2,2022-06-07,2022-06-21,2022-06-13,2026-08-12T13:29:33.699965,loans.csv,0,ON TIME
606,2057,2,2021-01-10,2021-01-24,2021-02-28,2026-08-12T13:29:33.699965,loans.csv,35,CRITICAL
1927,2301,76,2024-07-20,2024-08-03,2024-07-29,2026-08-12T13:29:33.699965,loans.csv,0,ON TIME
3788,2340,1,2023-05-24,2023-06-07,2023-05-25,2026-08-12T13:29:33.699965,loans.csv,0,ON TIME
5562,646,52,2022-10-05,2022-10-19,2022-10-07,2026-08-12T13:29:33.699965,loans.csv,0,ON TIME
79,289,4,2023-01-26,2023-02-09,2023-02-06,2026-08-12T13:29:33.699965,loans.csv,0,ON TIME
3086,1773,154,2022-11-08,2022-11-22,2022-11-12,2026-08-12T13:29:33.699965,loans.csv,0,ON TIME
7292,1949,1,2024-11-05,2024-11-19,2024-11-18,2026-08-12T13:29:33.699965,loans.csv,0,ON TIME
7894,1141,71,2022-12-09,2022-12-23,2022-12-14,2026-08-12T13:29:33.699965,loans.csv,0,ON TIME
4701,201,8,2023-10-17,2023-10-31,2023-10-29,2026-08-12T13:29:33.699965,loans.csv,0,ON TIME
2179,1595,5,2024-12-11,2025-01-01,,2026-08-12T13:29:33.699965,loans.csv,588,CRITICAL
4736,112,1,2020-06-22,2020-07-06,2020-07-08,2026-08-12T13:29:33.699965,loans.csv,2,MILD
8837,1492,1,2024-04-16,2024-04-30,2024-05-02,2026-08-12T13:29:33.699965,loans.csv,2,MILD
8572,1259,1,2024-07-03,2024-07-17,,2026-08-12T13:29:33.699965,loans.csv,756,CRITICAL
3554,2377,1,2023-11-18,2023-12-02,2023-11-28,2026-08-12T13:29:33.699965,loans.csv,0,ON TIME
8985,2765,1,2023-09-20,2023-10-04,2023-09-22,2026-08-12T13:29:33.699965,loans.csv,0,ON TIME
2558,105,45,2024-12-16,2024-12-30,,2026-08-12T13:29:33.699965,loans.csv,590,CRITICAL
9531,2028,7,2024-04-24,2024-05-08,2024-05-06,2026-08-12T13:29:33.699965,loans.csv,0,ON TIME
5475,716,2,2023-07-11,2023-07-25,2023-07-23,2026-08-12T13:29:33.699965,loans.csv,0,ON TIME
331,239,3,2022-06-20,2022-07-04,2022-06-28,2026-08-12T13:29:33.699965,loans.csv,0,ON TIME
6115,767,1,2023-08-03,2023-08-17,2023-08-12,2026-08-12T13:29:33.699965,loans.csv,0,ON TIME
8010,410,3,2024-02-13,2024-02-27,2024-02-26,2026-08-12T13:29:33.699965,loans.csv,0,ON TIME
1404,1099,1,2024-05-05,2024-05-19,2024-05-23,2026-08-12T13:29:33.699965,loans.csv,4,MILD
890,862,1,2023-07-07,2023-07-28,,2026-08-12T13:29:33.699965,loans.csv,1111,CRITICAL
1650,2337,1,2021-03-25,2021-04-08,2021-04-15,2026-08-12T13:29:33.699965,loans.csv,7,MILD
1232,2144,2,2023-11-06,2023-11-20,2023-12-09,2026-08-12T13:29:33.699965,loans.csv,19,SEVERE
610,1556,14,2024-11-05,2024-11-19,2024-11-22,2026-08-12T13:29:33.699965,loans.csv,3,MILD
1049,1728,25,2024-08-12,2024-08-26,2024-10-09,2026-08-12T13:29:33.699965,loans.csv,44,CRITICAL
6243,2341,3,2021-12-31,2022-01-14,2022-01-14,2026-08-12T13:29:33.699965,loans.csv,0,ON TIME
5213,2362,10,2024-12-14,2025-01-04,,2026-08-12T13:29:33.699965,loans.csv,585,CRITICAL
1662,621,1,2024-07-21,2024-08-04,2024-07-30,2026-08-12T13:29:33.699965,loans.csv,0,ON TIME
8870,319,1,2024-02-03,2024-02-17,2024-02-14,2026-08-12T13:29:33.699965,loans.csv,0,ON TIME
4869,1456,2,2024-06-16,2024-06-30,2024-07-02,2026-08-12T13:29:33.699965,loans.csv,2,MILD
4568,520,1,2022-10-16,2022-10-30,2022-10-21,2026-08-12T13:29:33.699965,loans.csv,0,ON TIME
4034,2281,2,2022-11-09,2022-11-30,2022-12-03,2026-08-12T13:29:33.699965,loans.csv,3,MILD
7954,572,8,2023-11-02,2023-11-16,2023-11-15,2026-08-12T13:29:33.699965,loans.csv,0,ON TIME
123,270,5,2022-11-03,2022-11-17,2022-11-16,2026-08-12T13:29:33.699965,loans.csv,0,ON TIME
202,2715,3,2024-03-05,2024-03-19,2024-03-09,2026-08-12T13:29:33.699965,loans.csv,0,ON TIME
7645,1119,2,2023-06-10,2023-06-24,2023-06-28,2026-08-12T13:29:33.699965,loans.csv,4,MILD
2599,1191,7,2022-09-25,2022-10-09,2022-10-04,2026-08-12T13:29:33.699965,loans.csv,0,ON TIME
8709,2001,1,2024-08-05,2024-08-19,2024-08-20,2026-08-12T13:29:33.699965,loans.csv,1,MILD
8564,1998,1,2024-01-01,2024-01-15,2024-01-08,2026-08-12T13:29:33.699965,loans.csv,0,ON TIME
9192,1381,12,2023-07-11,2023-07-25,2023-07-24,2026-08-12T13:29:33.699965,loans.csv,0,ON TIME
1058,2344,111,2024-06-24,2024-07-08,2024-07-15,2026-08-12T13:29:33.699965,loans.csv,7,MILD
9307,1973,38,2023-07-29,2023-08-12,2023-08-16,2026-08-12T13:29:33.699965,loans.csv,4,MILD
7479,1909,31,2024-10-24,2024-11-07,2024-11-03,2026-08-12T13:29:33.699965,loans.csv,0,ON TIME
4947,1888,1,2024-12-03,2024-12-24,2024-12-13,2026-08-12T13:29:33.699965,loans.csv,0,ON TIME
1642,1810,3,2024-03-23,2024-04-06,,2026-08-12T13:29:33.699965,loans.csv,858,CRITICAL
1184,664,3,2024-05-13,2024-05-27,2024-05-29,2026-08-12T13:29:33.699965,loans.csv,2,MILD
3116,137,3,2024-10-30,2024-11-13,2024-11-15,2026-08-12T13:29:33.699965,loans.csv,2,MILD
4997,1901,1,2022-10-10,2022-10-24,,2026-08-12T13:29:33.699965,loans.csv,1388,CRITICAL
486,1031,2,2022-06-02,2022-06-23,,2026-08-12T13:29:33.699965,loans.csv,1511,CRITICAL
6407,1431,2,2024-12-25,2025-01-08,,2026-08-12T13:29:33.699965,loans.csv,581,CRITICAL
1313,1676,1,2023-11-25,2023-12-09,2023-12-14,2026-08-12T13:29:33.699965,loans.csv,5,MILD
4054,657,55,2024-03-08,2024-03-22,2024-03-17,2026-08-12T13:29:33.699965,loans.csv,0,ON TIME
1841,444,1,2022-09-04,2022-09-18,2022-09-20,2026-08-12T13:29:33.699965,loans.csv,2,MILD
5823,1104,1,2024-10-07,2024-10-21,2024-10-08,2026-08-12T13:29:33.699965,loans.csv,0,ON TIME
8066,1814,5,2024-03-04,2024-03-18,2024-04-30,2026-08-12T13:29:33.699965,loans.csv,43,CRITICAL
9219,1997,20,2023-06-29,2023-07-13,2023-07-10,2026-08-12T13:29:33.699965,loans.csv,0,ON TIME
4390,814,13,2020-05-25,2020-06-08,2020-06-02,2026-08-12T13:29:33.699965,loans.csv,0,ON TIME
1536,128,3,2022-04-03,2022-04-17,2022-04-24,2026-08-12T13:29:33.699965,loans.csv,7,MILD
8147,1697,178,2022-03-31,2022-04-14,2022-04-17,2026-08-12T13:29:33.699965,loans.csv,3,MILD
307,2790,1,2023-03-17,2023-03-31,2023-03-28,2026-08-12T13:29:33.699965,loans.csv,0,ON TIME
1936,2081,4,2020-04-20,2020-05-04,2020-04-30,2026-08-12T13:29:33.699965,loans.csv,0,ON TIME
3540,1656,1,2023-12-02,2023-12-16,2023-12-08,2026-08-12T13:29:33.699965,loans.csv,0,ON TIME
5540,169,4,2022-05-27,2022-06-10,2022-06-06,2026-08-12T13:29:33.699965,loans.csv,0,ON TIME
5817,1993,1,2021-11-17,2021-12-01,2021-11-18,2026-08-12T13:29:33.699965,loans.csv,0,ON TIME
5559,2443,1,2024-12-17,2024-12-31,,2026-08-12T13:29:33.699965,loans.csv,589,CRITICAL
4074,1614,5,2024-08-09,2024-08-23,,2026-08-12T13:29:33.699965,loans.csv,719,CRITICAL
8783,101,32,2023-07-01,2023-07-22,2023-07-23,2026-08-12T13:29:33.699965,loans.csv,1,MILD
8770,2468,3,2024-05-10,2024-05-24,2024-06-14,2026-08-12T13:29:33.699965,loans.csv,21,SEVERE
3267,2578,3,2021-04-14,2021-04-28,,2026-08-12T13:29:33.699965,loans.csv,1932,CRITICAL
5299,1325,1,2022-01-11,2022-01-25,2022-01-25,2026-08-12T13:29:33.699965,loans.csv,0,ON TIME
499,2136,2,2024-06-08,2024-06-22,2024-06-18,2026-08-12T13:29:33.699965,loans.csv,0,ON TIME
3063,1513,3,2023-09-16,2023-09-30,,2026-08-12T13:29:33.699965,loans.csv,1047,CRITICAL
1016,617,1,2024-01-16,2024-01-30,,2026-08-12T13:29:33.699965,loans.csv,925,CRITICAL
259,1285,2,2024-08-10,2024-08-31,2024-08-21,2026-08-12T13:29:33.699965,loans.csv,0,ON TIME
2227,2303,1,2024-03-09,2024-03-23,2024-03-23,2026-08-12T13:29:33.699965,loans.csv,0,ON TIME
5886,465,3,2023-12-10,2023-12-24,2023-12-22,2026-08-12T13:29:33.699965,loans.csv,0,ON TIME
6266,517,8,2022-11-09,2022-11-23,2022-11-14,2026-08-12T13:29:33.699965,loans.csv,0,ON TIME
6047,882,2,2022-05-21,2022-06-04,2022-05-29,2026-08-12T13:29:33.699965,loans.csv,0,ON TIME
179,1596,2,2023-03-09,2023-03-23,2023-03-11,2026-08-12T13:29:33.699965,loans.csv,0,ON TIME
8679,1191,1,2022-09-07,2022-09-21,2022-09-24,2026-08-12T13:29:33.699965,loans.csv,3,MILD
2816,1935,3,2021-12-01,2021-12-15,2021-12-13,2026-08-12T13:29:33.699965,loans.csv,0,ON TIME
139,2411,3,2021-07-09,2021-07-23,2021-07-23,2026-08-12T13:29:33.699965,loans.csv,0,ON TIME
3852,1147,19,2024-09-16,2024-09-30,2024-09-18,2026-08-12T13:29:33.699965,loans.csv,0,ON TIME
7665,520,6,2024-04-27,2024-05-11,2024-05-09,2026-08-12T13:29:33.699965,loans.csv,0,ON TIME
6249,2116,92,2024-07-31,2024-08-14,2024-08-03,2026-08-12T13:29:33.699965,loans.csv,0,ON TIME
630,69,1,2021-11-30,2021-12-14,2021-12-24,2026-08-12T13:29:33.699965,loans.csv,10,SEVERE
1901,1718,63,2024-03-16,2024-03-30,2024-03-17,2026-08-12T13:29:33.699965,loans.csv,0,ON TIME
3372,529,1,2024-10-10,2024-10-31,2024-10-17,2026-08-12T13:29:33.699965,loans.csv,0,ON TIME
7600,1949,2,2022-02-19,2022-03-05,2022-02-23,2026-08-12T13:29:33.699965,loans.csv,0,ON TIME
3575,2568,1,2023-05-09,2023-05-23,2023-05-24,2026-08-12T13:29:33.699965,loans.csv,1,MILD
6822,2716,3,2020-12-11,2020-12-25,2020-12-29,2026-08-12T13:29:33.699965,loans.csv,4,MILD
5949,2423,1,2024-04-02,2024-04-16,2024-04-13,2026-08-12T13:29:33.699965,loans.csv,0,ON TIME
4282,1962,1,2024-03-26,2024-04-09,2024-03-31,2026-08-12T13:29:33.699965,loans.csv,0,ON TIME
8463,1422,1,2022-03-01,2022-03-15,,2026-08-12T13:29:33.699965,loans.csv,1611,CRITICAL
1294,445,7,2024-03-28,2024-04-11,2024-04-04,2026-08-12T13:29:33.699965,loans.csv,0,ON TIME
7357,2334,3,2024-08-30,2024-09-13,,2026-08-12T13:29:33.699965,loans.csv,698,CRITICAL
5810,1940,3,2023-05-15,2023-05-29,2023-06-04,2026-08-12T13:29:33.699965,loans.csv,6,MILD
8178,488,1,2023-08-04,2023-08-18,2023-08-24,2026-08-12T13:29:33.699965,loans.csv,6,MILD
702,2777,20,2024-08-16,2024-08-30,2024-08-31,2026-08-12T13:29:33.699965,loans.csv,1,MILD
3820,707,1,2024-08-12,2024-08-26,2024-08-16,2026-08-12T13:29:33.699965,loans.csv,0,ON TIME
8615,1006,1,2024-10-29,2024-11-19,2024-10-31,2026-08-12T13:29:33.699965,loans.csv,0,ON TIME
4837,1811,2,2023-03-30,2023-04-20,2023-04-10,2026-08-12T13:29:33.699965,loans.csv,0,ON TIME
4652,1735,4,2024-11-10,2024-11-24,2024-11-30,2026-08-12T13:29:33.699965,loans.csv,6,MILD
6502,1700,1,2021-07-07,2021-07-21,2021-07-20,2026-08-12T13:29:33.699965,loans.csv,0,ON TIME
8695,979,1,2022-06-06,2022-06-20,2022-06-19,2026-08-12T13:29:33.699965,loans.csv,0,ON TIME
8446,46,14,2022-03-27,2022-04-17,2022-05-31,2026-08-12T13:29:33.699965,loans.csv,44,CRITICAL
4294,450,1,2021-02-06,2021-02-20,2021-02-14,2026-08-12T13:29:33.699965,loans.csv,0,ON TIME
9443,1118,1,2024-11-09,2024-11-23,2024-11-15,2026-08-12T13:29:33.699965,loans.csv,0,ON TIME
7879,2517,1,2024-02-04,2024-02-18,2024-02-25,2026-08-12T13:29:33.699965,loans.csv,7,MILD
7305,2687,52,2024-02-02,2024-02-16,2024-02-08,2026-08-12T13:29:33.699965,loans.csv,0,ON TIME
8825,818,52,2024-12-15,2025-01-05,,2026-08-12T13:29:33.699965,loans.csv,584,CRITICAL
2543,257,1,2023-12-15,2024-01-05,2023-12-21,2026-08-12T13:29:33.699965,loans.csv,0,ON TIME
2966,1034,6,2022-12-21,2023-01-04,2022-12-25,2026-08-12T13:29:33.699965,loans.csv,0,ON TIME
5143,1258,11,2023-09-25,2023-10-16,2023-09-30,2026-08-12T13:29:33.699965,loans.csv,0,ON TIME
5564,528,2,2024-07-29,2024-08-12,2024-08-02,2026-08-12T13:29:33.699965,loans.csv,0,ON TIME
1519,1760,55,2021-04-02,2021-04-16,2021-04-16,2026-08-12T13:29:33.699965,loans.csv,0,ON TIME
2884,709,20,2023-04-27,2023-05-11,2023-05-14,2026-08-12T13:29:33.699965,loans.csv,3,MILD
7472,90,6,2022-03-16,2022-03-30,2022-03-20,2026-08-12T13:29:33.699965,loans.csv,0,ON TIME
7882,116,1,2024-09-07,2024-09-21,2024-09-24,2026-08-12T13:29:33.699965,loans.csv,3,MILD
6486,1424,4,2023-12-13,2024-01-03,2024-01-04,2026-08-12T13:29:33.699965,loans.csv,1,MILD
2351,969,1,2024-12-23,2025-01-06,,2026-08-12T13:29:33.699965,loans.csv,583,CRITICAL
8166,116,1,2024-12-14,2024-12-28,,2026-08-12T13:29:33.699965,loans.csv,592,CRITICAL
5072,796,1,2024-08-31,2024-09-14,2024-09-06,2026-08-12T13:29:33.699965,loans.csv,0,ON TIME
413,891,1,2022-11-02,2022-11-16,2022-11-12,2026-08-12T13:29:33.699965,loans.csv,0,ON TIME
4464,133,3,2023-02-06,2023-02-20,2023-04-02,2026-08-12T13:29:33.699965,loans.csv,41,CRITICAL
9498,2127,2,2024-01-05,2024-01-19,2024-01-15,2026-08-12T13:29:33.699965,loans.csv,0,ON TIME
8037,1048,3,2024-07-08,2024-07-29,2024-07-11,2026-08-12T13:29:33.699965,loans.csv,0,ON TIME
5461,1167,1,2023-08-09,2023-08-23,,2026-08-12T13:29:33.699965,loans.csv,1085,CRITICAL
4405,2520,6,2023-09-12,2023-09-26,2023-09-19,2026-08-12T13:29:33.699965,loans.csv,0,ON TIME
4309,1927,50,2024-11-19,2024-12-03,2024-12-01,2026-08-12T13:29:33.699965,loans.csv,0,ON TIME
6960,1260,1,2023-06-22,2023-07-06,2023-07-02,2026-08-12T13:29:33.699965,loans.csv,0,ON TIME
5215,795,4,2023-01-22,2023-02-05,2023-01-27,2026-08-12T13:29:33.699965,loans.csv,0,ON TIME
9022,2538,15,2020-12-15,2020-12-29,2020-12-24,2026-08-12T13:29:33.699965,loans.csv,0,ON TIME
7438,416,1,2023-05-04,2023-05-18,2023-05-06,2026-08-12T13:29:33.699965,loans.csv,0,ON TIME
301,1771,1,2023-10-04,2023-10-18,,2026-08-12T13:29:33.699965,loans.csv,1029,CRITICAL
377,1247,1,2021-09-08,2021-09-22,,2026-08-12T13:29:33.699965,loans.csv,1785,CRITICAL
2170,1283,1,2023-12-09,2023-12-23,2023-12-13,2026-08-12T13:29:33.699965,loans.csv,0,ON TIME
995,741,54,2024-10-18,2024-11-01,2024-10-30,2026-08-12T13:29:33.699965,loans.csv,0,ON TIME
619,2657,8,2022-08-03,2022-08-24,2022-08-17,2026-08-12T13:29:33.699965,loans.csv,0,ON TIME
8524,1922,1,2024-07-20,2024-08-03,2024-08-02,2026-08-12T13:29:33.699965,loans.csv,0,ON TIME
100,1748,5,2024-09-01,2024-09-15,2024-09-15,2026-08-12T13:29:33.699965,loans.csv,0,ON TIME
5139,96,1,2023-05-28,2023-06-11,2023-05-30,2026-08-12T13:29:33.699965,loans.csv,0,ON TIME
3146,1350,7,2024-05-15,2024-05-29,2024-05-21,2026-08-12T13:29:33.699965,loans.csv,0,ON TIME
7038,1626,6,2024-09-02,2024-09-16,2024-09-04,2026-08-12T13:29:33.699965,loans.csv,0,ON TIME
2535,2397,1,2024-06-27,2024-07-11,2024-07-13,2026-08-12T13:29:33.699965,loans.csv,2,MILD
8174,2147,1,2023-05-01,2023-05-15,2023-05-11,2026-08-12T13:29:33.699965,loans.csv,0,ON TIME
3493,2726,12,2021-07-26,2021-08-09,2021-08-12,2026-08-12T13:29:33.699965,loans.csv,3,MILD
3378,827,1,2023-01-08,2023-01-22,2023-01-14,2026-08-12T13:29:33.699965,loans.csv,0,ON TIME
8229,464,13,2021-11-03,2021-11-17,2021-11-20,2026-08-12T13:29:33.699965,loans.csv,3,MILD
8482,2686,3,2024-11-03,2024-11-17,,2026-08-12T13:29:33.699965,loans.csv,633,CRITICAL
6230,1659,1,2020-11-14,2020-11-28,2020-12-04,2026-08-12T13:29:33.699965,loans.csv,6,MILD
5976,2344,15,2024-04-30,2024-05-14,2024-05-14,2026-08-12T13:29:33.699965,loans.csv,0,ON TIME
2391,333,2,2023-08-10,2023-08-24,,2026-08-12T13:29:33.699965,loans.csv,1084,CRITICAL
7039,137,165,2024-12-03,2024-12-17,,2026-08-12T13:29:33.699965,loans.csv,603,CRITICAL
5434,705,1,2022-06-03,2022-06-17,,2026-08-12T13:29:33.699965,loans.csv,1517,CRITICAL
3394,1340,1,2024-11-09,2024-11-23,2024-11-27,2026-08-12T13:29:33.699965,loans.csv,4,MILD
1771,2660,1,2021-09-15,2021-09-29,2021-09-20,2026-08-12T13:29:33.699965,loans.csv,0,ON TIME
4340,726,2,2024-05-22,2024-06-05,2024-06-07,2026-08-12T13:29:33.699965,loans.csv,2,MILD
1361,392,1,2022-04-03,2022-04-17,,2026-08-12T13:29:33.699965,loans.csv,1578,CRITICAL
6205,920,5,2024-01-06,2024-01-27,2024-01-22,2026-08-12T13:29:33.699965,loans.csv,0,ON TIME
7825,2753,1,2024-01-04,2024-01-18,2024-01-13,2026-08-12T13:29:33.699965,loans.csv,0,ON TIME
7348,2267,3,2024-03-05,2024-03-19,2024-03-11,2026-08-12T13:29:33.699965,loans.csv,0,ON TIME
8748,2359,1,2023-06-07,2023-06-21,,2026-08-12T13:29:33.699965,loans.csv,1148,CRITICAL
1345,1383,3,2024-12-10,2024-12-24,2024-12-22,2026-08-12T13:29:33.699965,loans.csv,0,ON TIME
2178,2520,1,2022-02-03,2022-02-17,2022-02-17,2026-08-12T13:29:33.699965,loans.csv,0,ON TIME
7609,1112,2,2023-01-04,2023-01-18,2023-01-12,2026-08-12T13:29:33.699965,loans.csv,0,ON TIME
7722,685,4,2024-02-22,2024-03-07,2024-02-25,2026-08-12T13:29:33.699965,loans.csv,0,ON TIME
7475,1748,6,2021-12-08,2021-12-29,2021-12-27,2026-08-12T13:29:33.699965,loans.csv,0,ON TIME
6299,2197,1,2023-07-14,2023-08-04,2023-08-25,2026-08-12T13:29:33.699965,loans.csv,21,SEVERE
9113,1386,2,2024-04-06,2024-04-20,2024-04-11,2026-08-12T13:29:33.699965,loans.csv,0,ON TIME
5086,1037,5,2024-03-31,2024-04-21,,2026-08-12T13:29:33.699965,loans.csv,843,CRITICAL
2940,2708,1,2024-04-18,2024-05-02,2024-04-27,2026-08-12T13:29:33.699965,loans.csv,0,ON TIME
7833,1752,55,2024-01-18,2024-02-01,2024-02-05,2026-08-12T13:29:33.699965,loans.csv,4,MILD
9324,72,2,2022-01-01,2022-01-15,2022-01-28,2026-08-12T13:29:33.699965,loans.csv,13,SEVERE
4810,805,7,2024-01-29,2024-02-12,2024-01-31,2026-08-12T13:29:33.699965,loans.csv,0,ON TIME
5439,1183,44,2022-06-21,2022-07-12,2022-07-16,2026-08-12T13:29:33.699965,loans.csv,4,MILD
2833,1814,4,2023-11-08,2023-11-22,2023-11-09,2026-08-12T13:29:33.699965,loans.csv,0,ON TIME
1043,1661,1,2022-11-08,2022-11-22,2022-11-18,2026-08-12T13:29:33.699965,loans.csv,0,ON TIME
1437,467,1,2022-10-23,2022-11-13,2022-11-19,2026-08-12T13:29:33.699965,loans.csv,6,MILD
1767,2562,2,2024-10-27,2024-11-10,2024-11-06,2026-08-12T13:29:33.699965,loans.csv,0,ON TIME
5556,2206,10,2024-10-16,2024-10-30,2024-10-21,2026-08-12T13:29:33.699965,loans.csv,0,ON TIME
1216,1993,1,2023-07-30,2023-08-13,2023-08-03,2026-08-12T13:29:33.699965,loans.csv,0,ON TIME
4266,1999,6,2024-02-22,2024-03-07,2024-04-20,2026-08-12T13:29:33.699965,loans.csv,44,CRITICAL
6078,2675,9,2024-07-05,2024-07-19,2024-07-14,2026-08-12T13:29:33.699965,loans.csv,0,ON TIME
7835,2158,2,2022-01-03,2022-01-17,2022-01-20,2026-08-12T13:29:33.699965,loans.csv,3,MILD
2591,2255,1,2024-11-10,2024-11-24,2024-11-13,2026-08-12T13:29:33.699965,loans.csv,0,ON TIME
6969,225,34,2021-03-31,2021-04-14,2021-04-21,2026-08-12T13:29:33.699965,loans.csv,7,MILD
8148,336,35,2024-04-21,2024-05-05,2024-05-07,2026-08-12T13:29:33.699965,loans.csv,2,MILD
8012,445,1,2023-10-22,2023-11-05,2023-11-09,2026-08-12T13:29:33.699965,loans.csv,4,MILD
2551,2537,6,2024-01-21,2024-02-04,,2026-08-12T13:29:33.699965,loans.csv,920,CRITICAL
2945,2780,1,2024-11-29,2024-12-13,2024-12-09,2026-08-12T13:29:33.699965,loans.csv,0,ON TIME
9521,1847,1,2024-09-10,2024-09-24,2024-09-21,2026-08-12T13:29:33.699965,loans.csv,0,ON TIME
6050,1655,60,2024-02-15,2024-03-07,2024-02-25,2026-08-12T13:29:33.699965,loans.csv,0,ON TIME
4437,429,1,2024-02-23,2024-03-08,,2026-08-12T13:29:33.699965,loans.csv,887,CRITICAL
3115,1826,1,2024-01-05,2024-01-26,2024-01-09,2026-08-12T13:29:33.699965,loans.csv,0,ON TIME
5076,637,5,2024-07-22,2024-08-05,2024-08-08,2026-08-12T13:29:33.699965,loans.csv,3,MILD
4436,2791,3,2024-11-10,2024-11-24,2024-11-28,2026-08-12T13:29:33.699965,loans.csv,4,MILD
5878,899,1,2024-07-14,2024-07-28,2024-08-03,2026-08-12T13:29:33.699965,loans.csv,6,MILD
69,1942,2,2024-09-20,2024-10-04,2024-10-04,2026-08-12T13:29:33.699965,loans.csv,0,ON TIME
3091,1428,1,2021-07-05,2021-07-19,2021-07-16,2026-08-12T13:29:33.699965,loans.csv,0,ON TIME
733,2037,2,2023-03-10,2023-03-24,2023-03-18,2026-08-12T13:29:33.699965,loans.csv,0,ON TIME
3241,2745,1,2024-11-06,2024-11-20,,2026-08-12T13:29:33.699965,loans.csv,630,CRITICAL
7731,2721,3,2023-12-12,2023-12-26,2023-12-24,2026-08-12T13:29:33.699965,loans.csv,0,ON TIME
2788,128,1,2022-03-04,2022-03-18,2022-03-09,2026-08-12T13:29:33.699965,loans.csv,0,ON TIME
2093,703,6,2024-09-18,2024-10-09,2024-11-21,2026-08-12T13:29:33.699965,loans.csv,43,CRITICAL
8019,1243,5,2023-09-09,2023-09-23,2023-09-23,2026-08-12T13:29:33.699965,loans.csv,0,ON TIME
9477,2179,10,2024-08-26,2024-09-09,2024-09-08,2026-08-12T13:29:33.699965,loans.csv,0,ON TIME
6464,6,8,2022-09-27,2022-10-18,2022-10-15,2026-08-12T13:29:33.699965,loans.csv,0,ON TIME
293,2147,4,2021-10-27,2021-11-10,2021-11-16,2026-08-12T13:29:33.699965,loans.csv,6,MILD
4271,1108,1,2022-10-31,2022-11-14,2022-11-15,2026-08-12T13:29:33.699965,loans.csv,1,MILD
7320,2001,1,2024-02-17,2024-03-02,2024-02-21,2026-08-12T13:29:33.699965,loans.csv,0,ON TIME
1731,2715,3,2024-05-01,2024-05-15,2024-05-18,2026-08-12T13:29:33.699965,loans.csv,3,MILD
3722,65,32,2024-07-08,2024-07-22,2024-07-21,2026-08-12T13:29:33.699965,loans.csv,0,ON TIME
9575,769,2,2024-10-31,2024-11-21,2024-11-12,2026-08-12T13:29:33.699965,loans.csv,0,ON TIME
7703,1727,1,2020-04-01,2020-04-22,,2026-08-12T13:29:33.699965,loans.csv,2303,CRITICAL
959,381,4,2024-12-16,2024-12-30,,2026-08-12T13:29:33.699965,loans.csv,590,CRITICAL
5446,1961,17,2024-07-23,2024-08-06,2024-07-25,2026-08-12T13:29:33.699965,loans.csv,0,ON TIME
8940,2732,3,2024-10-20,2024-11-03,2024-11-02,2026-08-12T13:29:33.699965,loans.csv,0,ON TIME
8115,276,1,2023-10-31,2023-11-14,2023-12-21,2026-08-12T13:29:33.699965,loans.csv,37,CRITICAL
8955,828,10,2024-06-01,2024-06-15,2024-06-09,2026-08-12T13:29:33.699965,loans.csv,0,ON TIME
3080,1715,1,2024-02-09,2024-02-23,,2026-08-12T13:29:33.699965,loans.csv,901,CRITICAL
398,475,16,2024-10-07,2024-10-21,2024-10-13,2026-08-12T13:29:33.699965,loans.csv,0,ON TIME
656,714,3,2024-08-25,2024-09-08,2024-09-04,2026-08-12T13:29:33.699965,loans.csv,0,ON TIME
4817,1847,1,2024-05-14,2024-05-28,2024-05-25,2026-08-12T13:29:33.699965,loans.csv,0,ON TIME
9453,1977,3,2023-12-18,2024-01-01,,2026-08-12T13:29:33.699965,loans.csv,954,CRITICAL
1783,12,20,2023-10-27,2023-11-10,2023-11-03,2026-08-12T13:29:33.699965,loans.csv,0,ON TIME
2682,191,3,2023-03-19,2023-04-02,2023-03-31,2026-08-12T13:29:33.699965,loans.csv,0,ON TIME
543,2760,2,2024-09-18,2024-10-09,2024-10-14,2026-08-12T13:29:33.699965,loans.csv,5,MILD
9266,2139,19,2024-05-25,2024-06-08,,2026-08-12T13:29:33.699965,loans.csv,795,CRITICAL
5097,1828,1,2024-07-14,2024-07-28,2024-07-24,2026-08-12T13:29:33.699965,loans.csv,0,ON TIME
4121,1365,1,2024-08-11,2024-08-25,2024-08-15,2026-08-12T13:29:33.699965,loans.csv,0,ON TIME
8250,574,1,2023-06-18,2023-07-02,,2026-08-12T13:29:33.699965,loans.csv,1137,CRITICAL
6487,2289,23,2022-10-26,2022-11-09,2022-11-01,2026-08-12T13:29:33.699965,loans.csv,0,ON TIME
3606,1048,5,2024-08-28,2024-09-18,2024-09-17,2026-08-12T13:29:33.699965,loans.csv,0,ON TIME
4819,2399,2,2023-06-04,2023-06-18,2023-06-05,2026-08-12T13:29:33.699965,loans.csv,0,ON TIME
6251,178,13,2020-12-25,2021-01-08,2021-01-12,2026-08-12T13:29:33.699965,loans.csv,4,MILD
2408,1008,2,2024-04-01,2024-04-15,2024-05-07,2026-08-12T13:29:33.699965,loans.csv,22,SEVERE
4085,2382,1,2024-04-19,2024-05-03,2024-04-26,2026-08-12T13:29:33.699965,loans.csv,0,ON TIME
1513,2079,186,2024-11-24,2024-12-08,2024-11-25,2026-08-12T13:29:33.699965,loans.csv,0,ON TIME
2869,2518,78,2024-03-28,2024-04-11,2024-04-04,2026-08-12T13:29:33.699965,loans.csv,0,ON TIME
806,2164,45,2021-07-02,2021-07-23,2021-07-31,2026-08-12T13:29:33.699965,loans.csv,8,SEVERE
238,2783,2,2024-11-26,2024-12-10,2024-12-19,2026-08-12T13:29:33.699965,loans.csv,9,SEVERE
8461,897,1,2021-08-21,2021-09-04,2021-09-08,2026-08-12T13:29:33.699965,loans.csv,4,MILD
4273,528,1,2024-12-06,2024-12-20,2024-12-10,2026-08-12T13:29:33.699965,loans.csv,0,ON TIME
323,1882,5,2023-08-23,2023-09-13,2023-09-15,2026-08-12T13:29:33.699965,loans.csv,2,MILD
5435,94,1,2023-03-29,2023-04-12,,2026-08-12T13:29:33.699965,loans.csv,1218,CRITICAL
3776,1789,3,2022-07-09,2022-07-23,2022-07-17,2026-08-12T13:29:33.699965,loans.csv,0,ON TIME
1720,1891,1,2023-11-24,2023-12-08,,2026-08-12T13:29:33.699965,loans.csv,978,CRITICAL
5256,2218,8,2023-12-30,2024-01-13,,2026-08-12T13:29:33.699965,loans.csv,942,CRITICAL
4098,205,3,2024-07-07,2024-07-21,,2026-08-12T13:29:33.699965,loans.csv,752,CRITICAL
4982,1638,4,2024-11-02,2024-11-16,2024-11-06,2026-08-12T13:29:33.699965,loans.csv,0,ON TIME
3908,137,32,2024-10-15,2024-10-29,,2026-08-12T13:29:33.699965,loans.csv,652,CRITICAL
9322,2581,1,2023-06-15,2023-06-29,2023-08-02,2026-08-12T13:29:33.699965,loans.csv,34,CRITICAL
2505,1260,2,2024-03-16,2024-03-30,2024-04-02,2026-08-12T13:29:33.699965,loans.csv,3,MILD
5848,1371,3,2024-05-08,2024-05-22,2024-05-24,2026-08-12T13:29:33.699965,loans.csv,2,MILD
4658,2152,10,2024-08-17,2024-08-31,,2026-08-12T13:29:33.699965,loans.csv,711,CRITICAL
1054,1854,6,2023-03-12,2023-04-02,2023-03-26,2026-08-12T13:29:33.699965,loans.csv,0,ON TIME
7581,1357,9,2023-07-25,2023-08-08,2023-08-10,2026-08-12T13:29:33.699965,loans.csv,2,MILD
632,1653,1,2022-04-28,2022-05-12,2022-05-04,2026-08-12T13:29:33.699965,loans.csv,0,ON TIME
8422,2015,1,2024-08-31,2024-09-14,2024-09-03,2026-08-12T13:29:33.699965,loans.csv,0,ON TIME
6506,598,3,2023-09-29,2023-10-13,2023-10-08,2026-08-12T13:29:33.699965,loans.csv,0,ON TIME
3513,2272,3,2024-11-18,2024-12-02,2024-12-03,2026-08-12T13:29:33.699965,loans.csv,1,MILD
3648,2311,1,2024-10-25,2024-11-08,2024-10-27,2026-08-12T13:29:33.699965,loans.csv,0,ON TIME
2670,1211,1,2023-05-02,2023-05-16,2023-05-21,2026-08-12T13:29:33.699965,loans.csv,5,MILD
1526,1254,3,2024-04-14,2024-05-05,2024-04-15,2026-08-12T13:29:33.699965,loans.csv,0,ON TIME
5119,597,3,2023-08-23,2023-09-06,2023-08-25,2026-08-12T13:29:33.699965,loans.csv,0,ON TIME
2891,64,1,2022-10-02,2022-10-16,2022-10-06,2026-08-12T13:29:33.699965,loans.csv,0,ON TIME
1446,9,4,2021-03-07,2021-03-21,2021-03-11,2026-08-12T13:29:33.699965,loans.csv,0,ON TIME
8586,615,1,2024-07-05,2024-07-19,,2026-08-12T13:29:33.699965,loans.csv,754,CRITICAL
9424,2509,11,2021-11-10,2021-11-24,2022-01-03,2026-08-12T13:29:33.699965,loans.csv,40,CRITICAL
6903,1034,1,2022-05-19,2022-06-02,2022-06-09,2026-08-12T13:29:33.699965,loans.csv,7,MILD
5979,1329,1,2024-09-13,2024-09-27,2024-09-22,2026-08-12T13:29:33.699965,loans.csv,0,ON TIME
2299,1556,2,2024-10-20,2024-11-03,2024-10-24,2026-08-12T13:29:33.699965,loans.csv,0,ON TIME
3039,783,3,2021-07-03,2021-07-24,,2026-08-12T13:29:33.699965,loans.csv,1845,CRITICAL
1507,2219,3,2022-09-05,2022-09-19,2022-10-08,2026-08-12T13:29:33.699965,loans.csv,19,SEVERE
3878,1756,3,2024-10-31,2024-11-21,2024-11-02,2026-08-12T13:29:33.699965,loans.csv,0,ON TIME
6042,1345,1,2024-02-03,2024-02-17,2024-02-24,2026-08-12T13:29:33.699965,loans.csv,7,MILD
1314,1074,5,2024-09-19,2024-10-03,,2026-08-12T13:29:33.699965,loans.csv,678,CRITICAL
5499,2309,1,2024-09-08,2024-09-22,2024-09-11,2026-08-12T13:29:33.699965,loans.csv,0,ON TIME
6628,59,1,2021-07-13,2021-07-27,2021-08-02,2026-08-12T13:29:33.699965,loans.csv,6,MILD
8654,2704,3,2023-05-17,2023-05-31,2023-05-23,2026-08-12T13:29:33.699965,loans.csv,0,ON TIME
612,2165,14,2024-10-17,2024-11-07,2024-11-12,2026-08-12T13:29:33.699965,loans.csv,5,MILD
1673,2536,2,2022-01-05,2022-01-19,2022-02-06,2026-08-12T13:29:33.699965,loans.csv,18,SEVERE
4386,2331,7,2023-09-23,2023-10-07,2023-09-24,2026-08-12T13:29:33.699965,loans.csv,0,ON TIME
437,1087,1,2024-08-14,2024-08-28,2024-08-27,2026-08-12T13:29:33.699965,loans.csv,0,ON TIME
359,2147,67,2023-11-15,2023-11-29,2023-11-29,2026-08-12T13:29:33.699965,loans.csv,0,ON TIME
2755,1739,1,2024-08-20,2024-09-03,2024-09-01,2026-08-12T13:29:33.699965,loans.csv,0,ON TIME
3049,1167,2,2024-05-05,2024-05-19,2024-05-13,2026-08-12T13:29:33.699965,loans.csv,0,ON TIME
3979,1006,2,2024-07-08,2024-07-22,,2026-08-12T13:29:33.699965,loans.csv,751,CRITICAL
5682,1408,1,2024-05-07,2024-05-21,,2026-08-12T13:29:33.699965,loans.csv,813,CRITICAL
1675,2338,19,2023-06-30,2023-07-14,2023-07-04,2026-08-12T13:29:33.699965,loans.csv,0,ON TIME
3227,1977,1,2023-04-16,2023-04-30,2023-05-21,2026-08-12T13:29:33.699965,loans.csv,21,SEVERE
4316,960,3,2022-04-24,2022-05-08,2022-05-07,2026-08-12T13:29:33.699965,loans.csv,0,ON TIME
9260,2790,3,2021-05-27,2021-06-10,2021-06-12,2026-08-12T13:29:33.699965,loans.csv,2,MILD
3848,929,1,2021-03-13,2021-03-27,2021-03-19,2026-08-12T13:29:33.699965,loans.csv,0,ON TIME
5199,2377,18,2024-12-17,2024-12-31,,2026-08-12T13:29:33.699965,loans.csv,589,CRITICAL
1376,1095,1,2021-10-02,2021-10-16,2021-10-08,2026-08-12T13:29:33.699965,loans.csv,0,ON TIME
1972,259,5,2024-05-18,2024-06-01,2024-06-06,2026-08-12T13:29:33.699965,loans.csv,5,MILD
6123,2084,1,2021-07-02,2021-07-16,2021-07-20,2026-08-12T13:29:33.699965,loans.csv,4,MILD
3770,756,2,2024-11-21,2024-12-05,2024-12-09,2026-08-12T13:29:33.699965,loans.csv,4,MILD
2266,200,1,2024-05-22,2024-06-05,2024-05-26,2026-08-12T13:29:33.699965,loans.csv,0,ON TIME
7824,19,1,2023-04-23,2023-05-07,2023-05-10,2026-08-12T13:29:33.699965,loans.csv,3,MILD
5414,2469,9,2022-07-08,2022-07-22,2022-08-08,2026-08-12T13:29:33.699965,loans.csv,17,SEVERE
855,2331,1,2023-03-09,2023-03-23,2023-03-11,2026-08-12T13:29:33.699965,loans.csv,0,ON TIME
707,653,1,2024-11-01,2024-11-15,2024-11-15,2026-08-12T13:29:33.699965,loans.csv,0,ON TIME
2200,1744,2,2020-07-30,2020-08-13,2020-08-13,2026-08-12T13:29:33.699965,loans.csv,0,ON TIME
609,1569,1,2024-06-03,2024-06-24,,2026-08-12T13:29:33.699965,loans.csv,779,CRITICAL
5268,2054,1,2021-07-17,2021-07-31,2021-08-07,2026-08-12T13:29:33.699965,loans.csv,7,MILD
1423,2639,1,2024-04-07,2024-04-21,2024-04-09,2026-08-12T13:29:33.699965,loans.csv,0,ON TIME
7189,2518,2,2024-12-11,2024-12-25,,2026-08-12T13:29:33.699965,loans.csv,595,CRITICAL
9292,2036,24,2020-05-26,2020-06-09,2020-06-06,2026-08-12T13:29:33.699965,loans.csv,0,ON TIME
1789,2496,1,2024-06-25,2024-07-09,2024-07-02,2026-08-12T13:29:33.699965,loans.csv,0,ON TIME
4262,2783,1,2024-07-29,2024-08-12,2024-07-31,2026-08-12T13:29:33.699965,loans.csv,0,ON TIME
2853,69,6,2020-07-02,2020-07-16,2020-07-17,2026-08-12T13:29:33.699965,loans.csv,1,MILD
8255,2247,69,2022-08-30,2022-09-13,2022-09-06,2026-08-12T13:29:33.699965,loans.csv,0,ON TIME
2509,2588,1,2024-09-18,2024-10-02,2024-09-23,2026-08-12T13:29:33.699965,loans.csv,0,ON TIME
249,1254,3,2024-01-05,2024-01-26,2024-01-18,2026-08-12T13:29:33.699965,loans.csv,0,ON TIME
6605,2558,2,2021-02-12,2021-02-26,2021-03-05,2026-08-12T13:29:33.699965,loans.csv,7,MILD
8408,862,1,2024-02-24,2024-03-09,2024-03-02,2026-08-12T13:29:33.699965,loans.csv,0,ON TIME
3795,498,1,2023-08-23,2023-09-06,,2026-08-12T13:29:33.699965,loans.csv,1071,CRITICAL
4232,1739,3,2024-01-21,2024-02-04,2024-02-04,2026-08-12T13:29:33.699965,loans.csv,0,ON TIME
1761,862,1,2024-01-19,2024-02-09,,2026-08-12T13:29:33.699965,loans.csv,915,CRITICAL
2907,1149,26,2024-09-13,2024-09-27,2024-09-19,2026-08-12T13:29:33.699965,loans.csv,0,ON TIME
757,2707,1,2024-02-12,2024-03-04,2024-03-09,2026-08-12T13:29:33.699965,loans.csv,5,MILD
857,2140,16,2024-02-05,2024-02-19,2024-02-17,2026-08-12T13:29:33.699965,loans.csv,0,ON TIME
95,446,29,2024-08-01,2024-08-15,2024-08-06,2026-08-12T13:29:33.699965,loans.csv,0,ON TIME
1534,516,1,2024-11-24,2024-12-08,2024-12-08,2026-08-12T13:29:33.699965,loans.csv,0,ON TIME
7846,855,1,2024-05-28,2024-06-11,2024-06-08,2026-08-12T13:29:33.699965,loans.csv,0,ON TIME
1179,2278,5,2024-12-04,2024-12-18,2024-12-11,2026-08-12T13:29:33.699965,loans.csv,0,ON TIME
113,1818,2,2024-03-17,2024-03-31,2024-04-08,2026-08-12T13:29:33.699965,loans.csv,8,SEVERE
9032,1250,11,2023-07-18,2023-08-01,2023-08-01,2026-08-12T13:29:33.699965,loans.csv,0,ON TIME
9578,2358,11,2021-05-14,2021-05-28,2021-06-01,2026-08-12T13:29:33.699965,loans.csv,4,MILD
4805,1675,1,2024-05-08,2024-05-22,2024-05-10,2026-08-12T13:29:33.699965,loans.csv,0,ON TIME
5043,2123,1,2023-06-20,2023-07-04,2023-06-21,2026-08-12T13:29:33.699965,loans.csv,0,ON TIME
4792,1299,5,2022-10-31,2022-11-14,2022-11-08,2026-08-12T13:29:33.699965,loans.csv,0,ON TIME
7589,935,1,2024-08-28,2024-09-11,2024-09-04,2026-08-12T13:29:33.699965,loans.csv,0,ON TIME
7551,1910,8,2024-08-29,2024-09-19,2024-09-22,2026-08-12T13:29:33.699965,loans.csv,3,MILD
5836,645,1,2023-09-20,2023-10-04,2023-09-21,2026-08-12T13:29:33.699965,loans.csv,0,ON TIME
6053,86,1,2024-02-14,2024-02-28,2024-02-28,2026-08-12T13:29:33.699965,loans.csv,0,ON TIME
8660,757,2,2023-06-10,2023-06-24,2023-06-11,2026-08-12T13:29:33.699965,loans.csv,0,ON TIME
3914,105,88,2024-07-09,2024-07-23,2024-07-21,2026-08-12T13:29:33.699965,loans.csv,0,ON TIME
2786,1147,1,2024-04-08,2024-04-29,2024-04-30,2026-08-12T13:29:33.699965,loans.csv,1,MILD
5665,1560,6,2023-06-15,2023-06-29,2023-06-27,2026-08-12T13:29:33.699965,loans.csv,0,ON TIME
1210,1377,1,2024-03-26,2024-04-09,2024-03-30,2026-08-12T13:29:33.699965,loans.csv,0,ON TIME
1091,565,1,2023-08-02,2023-08-16,2023-08-09,2026-08-12T13:29:33.699965,loans.csv,0,ON TIME
8905,2274,1,2020-11-14,2020-11-28,,2026-08-12T13:29:33.699965,loans.csv,2083,CRITICAL
3620,2176,1,2024-10-06,2024-10-20,2024-10-10,2026-08-12T13:29:33.699965,loans.csv,0,ON TIME
8143,588,7,2023-09-29,2023-10-20,2023-10-26,2026-08-12T13:29:33.699965,loans.csv,6,MILD
6734,516,2,2024-09-07,2024-09-21,2024-09-11,2026-08-12T13:29:33.699965,loans.csv,0,ON TIME
7895,534,3,2024-05-21,2024-06-04,2024-05-30,2026-08-12T13:29:33.699965,loans.csv,0,ON TIME
1963,871,1,2024-08-19,2024-09-02,2024-08-25,2026-08-12T13:29:33.699965,loans.csv,0,ON TIME
2474,1707,2,2024-10-27,2024-11-10,,2026-08-12T13:29:33.699965,loans.csv,640,CRITICAL
6259,1984,1,2024-06-09,2024-06-23,2024-06-13,2026-08-12T13:29:33.699965,loans.csv,0,ON TIME
6028,1517,60,2022-08-08,2022-08-22,2022-08-11,2026-08-12T13:29:33.699965,loans.csv,0,ON TIME
8668,2656,3,2023-07-07,2023-07-21,2023-07-14,2026-08-12T13:29:33.699965,loans.csv,0,ON TIME
4827,1455,1,2023-11-18,2023-12-02,2023-11-20,2026-08-12T13:29:33.699965,loans.csv,0,ON TIME
3946,832,1,2024-07-19,2024-08-02,2024-07-26,2026-08-12T13:29:33.699965,loans.csv,0,ON TIME
2800,638,59,2023-07-05,2023-07-19,2023-07-14,2026-08-12T13:29:33.699965,loans.csv,0,ON TIME
1062,821,1,2023-04-17,2023-05-01,2023-06-11,2026-08-12T13:29:33.699965,loans.csv,41,CRITICAL
6130,2503,25,2024-03-06,2024-03-20,2024-03-11,2026-08-12T13:29:33.699965,loans.csv,0,ON TIME
7482,1711,3,2023-07-21,2023-08-04,2023-08-01,2026-08-12T13:29:33.699965,loans.csv,0,ON TIME
9332,171,2,2024-03-18,2024-04-01,,2026-08-12T13:29:33.699965,loans.csv,863,CRITICAL
7654,369,1,2021-11-11,2021-11-25,2021-11-18,2026-08-12T13:29:33.699965,loans.csv,0,ON TIME
724,1056,2,2024-07-27,2024-08-17,2024-08-15,2026-08-12T13:29:33.699965,loans.csv,0,ON TIME
5702,251,3,2023-06-15,2023-06-29,2023-06-16,2026-08-12T13:29:33.699965,loans.csv,0,ON TIME
8899,682,4,2024-09-17,2024-10-01,2024-09-29,2026-08-12T13:29:33.699965,loans.csv,0,ON TIME
4248,1722,39,2023-04-12,2023-04-26,,2026-08-12T13:29:33.699965,loans.csv,1204,CRITICAL
5122,2361,2,2024-10-11,2024-10-25,2024-10-21,2026-08-12T13:29:33.699965,loans.csv,0,ON TIME
1501,2791,1,2022-10-23,2022-11-06,2022-11-09,2026-08-12T13:29:33.699965,loans.csv,3,MILD
3618,1931,1,2024-11-23,2024-12-07,2024-11-27,2026-08-12T13:29:33.699965,loans.csv,0,ON TIME
8560,1523,3,2024-04-11,2024-04-25,2024-05-04,2026-08-12T13:29:33.699965,loans.csv,9,SEVERE
7187,1058,7,2024-07-21,2024-08-04,2024-07-27,2026-08-12T13:29:33.699965,loans.csv,0,ON TIME
3136,828,1,2023-12-11,2024-01-01,2023-12-15,2026-08-12T13:29:33.699965,loans.csv,0,ON TIME
6147,2169,2,2021-07-24,2021-08-07,2021-07-31,2026-08-12T13:29:33.699965,loans.csv,0,ON TIME
8046,131,1,2022-10-14,2022-10-28,2022-10-31,2026-08-12T13:29:33.699965,loans.csv,3,MILD
4501,588,1,2023-10-29,2023-11-12,2023-11-04,2026-08-12T13:29:33.699965,loans.csv,0,ON TIME
5034,1759,1,2024-07-15,2024-07-29,2024-07-17,2026-08-12T13:29:33.699965,loans.csv,0,ON TIME
4014,1254,14,2023-02-18,2023-03-04,2023-02-22,2026-08-12T13:29:33.699965,loans.csv,0,ON TIME
256,2394,4,2024-03-13,2024-03-27,2024-03-20,2026-08-12T13:29:33.699965,loans.csv,0,ON TIME
6336,1415,7,2023-09-12,2023-09-26,2023-09-16,2026-08-12T13:29:33.699965,loans.csv,0,ON TIME
4930,755,39,2022-03-12,2022-03-26,,2026-08-12T13:29:33.699965,loans.csv,1600,CRITICAL
8966,2675,1,2024-03-23,2024-04-06,2024-04-04,2026-08-12T13:29:33.699965,loans.csv,0,ON TIME
5224,1033,3,2021-01-04,2021-01-18,2021-01-05,2026-08-12T13:29:33.699965,loans.csv,0,ON TIME
2165,549,1,2024-11-13,2024-11-27,2024-11-28,2026-08-12T13:29:33.699965,loans.csv,1,MILD
1065,1048,4,2024-10-06,2024-10-20,2024-10-14,2026-08-12T13:29:33.699965,loans.csv,0,ON TIME
2610,1670,16,2024-03-06,2024-03-20,,2026-08-12T13:29:33.699965,loans.csv,875,CRITICAL
7792,1108,55,2024-12-03,2024-12-17,2024-12-08,2026-08-12T13:29:33.699965,loans.csv,0,ON TIME
4278,1175,1,2024-08-27,2024-09-10,2024-09-06,2026-08-12T13:29:33.699965,loans.csv,0,ON TIME
2783,2015,2,2023-08-09,2023-08-23,2023-08-23,2026-08-12T13:29:33.699965,loans.csv,0,ON TIME
536,1098,18,2021-05-27,2021-06-10,2021-05-29,2026-08-12T13:29:33.699965,loans.csv,0,ON TIME
7201,377,113,2022-08-08,2022-08-22,2022-08-19,2026-08-12T13:29:33.699965,loans.csv,0,ON TIME
6889,2493,45,2020-11-17,2020-12-01,2020-12-03,2026-08-12T13:29:33.699965,loans.csv,2,MILD
8743,1033,1,2024-08-03,2024-08-17,2024-08-17,2026-08-12T13:29:33.699965,loans.csv,0,ON TIME
3030,2041,1,2024-09-08,2024-09-22,2024-09-28,2026-08-12T13:29:33.699965,loans.csv,6,MILD
6007,24,1,2024-12-17,2024-12-31,,2026-08-12T13:29:33.699965,loans.csv,589,CRITICAL
6995,2259,5,2024-03-31,2024-04-14,2024-04-12,2026-08-12T13:29:33.699965,loans.csv,0,ON TIME
2480,36,3,2022-07-19,2022-08-09,2022-08-07,2026-08-12T13:29:33.699965,loans.csv,0,ON TIME
3364,2148,1,2022-01-27,2022-02-10,2022-02-17,2026-08-12T13:29:33.699965,loans.csv,7,MILD
4756,2272,2,2024-06-08,2024-06-22,2024-06-11,2026-08-12T13:29:33.699965,loans.csv,0,ON TIME
478,57,5,2022-11-08,2022-11-22,2022-11-14,2026-08-12T13:29:33.699965,loans.csv,0,ON TIME
3092,1275,1,2020-12-23,2021-01-06,2021-01-02,2026-08-12T13:29:33.699965,loans.csv,0,ON TIME
30,2711,1,2024-05-25,2024-06-08,2024-06-05,2026-08-12T13:29:33.699965,loans.csv,0,ON TIME
3789,1773,18,2024-10-30,2024-11-13,2024-11-11,2026-08-12T13:29:33.699965,loans.csv,0,ON TIME
2868,1243,4,2024-08-06,2024-08-20,2024-08-15,2026-08-12T13:29:33.699965,loans.csv,0,ON TIME
2447,1874,10,2024-03-01,2024-03-15,2024-03-19,2026-08-12T13:29:33.699965,loans.csv,4,MILD
3324,2038,1,2024-06-24,2024-07-15,2024-07-10,2026-08-12T13:29:33.699965,loans.csv,0,ON TIME
2201,2266,1,2024-10-02,2024-10-16,2024-10-13,2026-08-12T13:29:33.699965,loans.csv,0,ON TIME
6388,564,1,2024-01-08,2024-01-29,2024-01-15,2026-08-12T13:29:33.699965,loans.csv,0,ON TIME
2465,1711,1,2024-11-25,2024-12-09,2024-12-05,2026-08-12T13:29:33.699965,loans.csv,0,ON TIME
2634,376,16,2024-10-25,2024-11-08,2024-11-09,2026-08-12T13:29:33.699965,loans.csv,1,MILD
7649,973,3,2023-03-15,2023-03-29,2023-04-05,2026-08-12T13:29:33.699965,loans.csv,7,MILD
5626,128,1,2021-04-21,2021-05-05,2021-04-22,2026-08-12T13:29:33.699965,loans.csv,0,ON TIME
5776,2346,1,2024-08-16,2024-08-30,2024-08-31,2026-08-12T13:29:33.699965,loans.csv,1,MILD
7999,2305,1,2024-01-20,2024-02-03,2024-01-23,2026-08-12T13:29:33.699965,loans.csv,0,ON TIME
8231,1113,3,2021-03-30,2021-04-20,2021-04-15,2026-08-12T13:29:33.699965,loans.csv,0,ON TIME
9097,110,14,2023-08-26,2023-09-09,2023-09-05,2026-08-12T13:29:33.699965,loans.csv,0,ON TIME
418,450,6,2024-09-13,2024-09-27,2024-09-30,2026-08-12T13:29:33.699965,loans.csv,3,MILD
4426,310,1,2024-12-10,2024-12-24,2024-12-23,2026-08-12T13:29:33.699965,loans.csv,0,ON TIME
6883,454,17,2023-04-18,2023-05-02,2023-05-23,2026-08-12T13:29:33.699965,loans.csv,21,SEVERE
2959,2574,3,2022-06-06,2022-06-20,2022-06-18,2026-08-12T13:29:33.699965,loans.csv,0,ON TIME
3216,1675,2,2024-07-09,2024-07-23,2024-07-10,2026-08-12T13:29:33.699965,loans.csv,0,ON TIME
8809,630,1,2024-11-28,2024-12-12,2024-12-11,2026-08-12T13:29:33.699965,loans.csv,0,ON TIME
2060,1893,1,2022-06-25,2022-07-09,2022-07-07,2026-08-12T13:29:33.699965,loans.csv,0,ON TIME
9110,693,11,2020-07-03,2020-07-24,,2026-08-12T13:29:33.699965,loans.csv,2210,CRITICAL
9426,2110,8,2022-12-14,2022-12-28,2022-12-17,2026-08-12T13:29:33.699965,loans.csv,0,ON TIME
8533,1150,48,2024-07-30,2024-08-20,2024-08-07,2026-08-12T13:29:33.699965,loans.csv,0,ON TIME
2527,432,1,2024-05-22,2024-06-05,2024-06-11,2026-08-12T13:29:33.699965,loans.csv,6,MILD
6197,1108,2,2024-09-19,2024-10-03,2024-10-07,2026-08-12T13:29:33.699965,loans.csv,4,MILD
1911,1414,24,2023-10-14,2023-10-28,,2026-08-12T13:29:33.699965,loans.csv,1019,CRITICAL
4941,2455,127,2023-08-17,2023-08-31,2023-09-03,2026-08-12T13:29:33.699965,loans.csv,3,MILD
2147,212,1,2024-02-18,2024-03-03,2024-02-24,2026-08-12T13:29:33.699965,loans.csv,0,ON TIME
6224,2582,1,2023-08-12,2023-08-26,2023-08-15,2026-08-12T13:29:33.699965,loans.csv,0,ON TIME
9201,2296,130,2024-02-02,2024-02-16,2024-02-18,2026-08-12T13:29:33.699965,loans.csv,2,MILD
3239,2552,6,2024-12-12,2024-12-26,,2026-08-12T13:29:33.699965,loans.csv,594,CRITICAL
8820,1541,1,2024-03-17,2024-03-31,2024-04-05,2026-08-12T13:29:33.699965,loans.csv,5,MILD
6618,667,1,2024-01-30,2024-02-13,2024-01-31,2026-08-12T13:29:33.699965,loans.csv,0,ON TIME
6904,572,14,2022-08-22,2022-09-12,2022-10-09,2026-08-12T13:29:33.699965,loans.csv,27,SEVERE
8266,1722,71,2020-10-29,2020-11-12,2020-11-04,2026-08-12T13:29:33.699965,loans.csv,0,ON TIME
5954,152,5,2023-10-14,2023-10-28,2023-10-15,2026-08-12T13:29:33.699965,loans.csv,0,ON TIME
5522,1371,25,2024-08-04,2024-08-18,2024-08-11,2026-08-12T13:29:33.699965,loans.csv,0,ON TIME
5672,812,4,2022-03-01,2022-03-22,2022-03-29,2026-08-12T13:29:33.699965,loans.csv,7,MILD
9123,2366,1,2023-02-17,2023-03-03,2023-02-20,2026-08-12T13:29:33.699965,loans.csv,0,ON TIME
3473,2349,1,2023-02-06,2023-02-27,,2026-08-12T13:29:33.699965,loans.csv,1262,CRITICAL
1004,452,17,2024-07-02,2024-07-16,2024-07-07,2026-08-12T13:29:33.699965,loans.csv,0,ON TIME
3926,2084,8,2022-06-17,2022-07-01,2022-06-22,2026-08-12T13:29:33.699965,loans.csv,0,ON TIME
3616,882,1,2022-07-20,2022-08-03,2022-08-26,2026-08-12T13:29:33.699965,loans.csv,23,SEVERE
1570,496,1,2020-10-11,2020-11-01,2020-10-12,2026-08-12T13:29:33.699965,loans.csv,0,ON TIME
1101,2790,1,2020-10-18,2020-11-01,2020-10-29,2026-08-12T13:29:33.699965,loans.csv,0,ON TIME
6058,2482,4,2024-06-27,2024-07-11,2024-07-02,2026-08-12T13:29:33.699965,loans.csv,0,ON TIME
5006,384,2,2023-04-23,2023-05-07,2023-04-29,2026-08-12T13:29:33.699965,loans.csv,0,ON TIME
495,769,2,2024-10-31,2024-11-21,2024-11-12,2026-08-12T13:29:33.699965,loans.csv,0,ON TIME
6702,1862,2,2022-11-08,2022-11-22,2022-11-26,2026-08-12T13:29:33.699965,loans.csv,4,MILD
7366,187,1,2023-07-26,2023-08-09,2023-08-13,2026-08-12T13:29:33.699965,loans.csv,4,MILD
5467,1356,35,2022-06-20,2022-07-04,2022-06-24,2026-08-12T13:29:33.699965,loans.csv,0,ON TIME
2878,1988,1,2022-03-13,2022-03-27,2022-03-18,2026-08-12T13:29:33.699965,loans.csv,0,ON TIME
6329,2115,17,2024-07-27,2024-08-10,2024-08-04,2026-08-12T13:29:33.699965,loans.csv,0,ON TIME
1217,19,21,2024-08-23,2024-09-06,2024-09-03,2026-08-12T13:29:33.699965,loans.csv,0,ON TIME
4553,679,1,2024-08-17,2024-08-31,2024-08-19,2026-08-12T13:29:33.699965,loans.csv,0,ON TIME
527,1624,1,2023-05-09,2023-05-23,2023-05-24,2026-08-12T13:29:33.699965,loans.csv,1,MILD
124,1214,1,2024-10-25,2024-11-08,2024-11-01,2026-08-12T13:29:33.699965,loans.csv,0,ON TIME
1838,459,1,2022-07-14,2022-07-28,2022-07-18,2026-08-12T13:29:33.699965,loans.csv,0,ON TIME
8745,2631,1,2024-01-19,2024-02-02,2024-02-06,2026-08-12T13:29:33.699965,loans.csv,4,MILD
8995,873,33,2023-10-28,2023-11-11,2023-11-05,2026-08-12T13:29:33.699965,loans.csv,0,ON TIME
1989,2155,1,2022-11-08,2022-11-22,2022-11-28,2026-08-12T13:29:33.699965,loans.csv,6,MILD
4007,1485,1,2023-09-01,2023-09-15,2023-09-03,2026-08-12T13:29:33.699965,loans.csv,0,ON TIME
9117,1708,11,2021-09-07,2021-09-21,2021-09-18,2026-08-12T13:29:33.699965,loans.csv,0,ON TIME
443,28,4,2021-08-24,2021-09-07,2021-09-10,2026-08-12T13:29:33.699965,loans.csv,3,MILD
7765,1847,1,2024-07-26,2024-08-09,2024-07-31,2026-08-12T13:29:33.699965,loans.csv,0,ON TIME
1755,1471,1,2023-08-23,2023-09-06,2023-09-16,2026-08-12T13:29:33.699965,loans.csv,10,SEVERE
3212,270,2,2021-08-24,2021-09-07,2021-09-13,2026-08-12T13:29:33.699965,loans.csv,6,MILD
9566,2480,1,2023-05-25,2023-06-08,2023-06-01,2026-08-12T13:29:33.699965,loans.csv,0,ON TIME
5637,1201,1,2021-05-07,2021-05-21,2021-05-23,2026-08-12T13:29:33.699965,loans.csv,2,MILD
9526,2746,1,2022-03-11,2022-03-25,2022-03-29,2026-08-12T13:29:33.699965,loans.csv,4,MILD
7735,1862,2,2024-01-29,2024-02-12,2024-02-04,2026-08-12T13:29:33.699965,loans.csv,0,ON TIME
2107,1227,123,2021-03-29,2021-04-12,2021-04-11,2026-08-12T13:29:33.699965,loans.csv,0,ON TIME
5997,552,63,2022-11-04,2022-11-18,2022-11-10,2026-08-12T13:29:33.699965,loans.csv,0,ON TIME
6922,1859,2,2022-01-19,2022-02-02,,2026-08-12T13:29:33.699965,loans.csv,1652,CRITICAL
5524,1329,1,2023-04-26,2023-05-10,,2026-08-12T13:29:33.699965,loans.csv,1190,CRITICAL
5032,1215,3,2022-01-11,2022-01-25,2022-01-15,2026-08-12T13:29:33.699965,loans.csv,0,ON TIME
2694,920,1,2024-10-21,2024-11-04,2024-10-24,2026-08-12T13:29:33.699965,loans.csv,0,ON TIME
232,1366,3,2024-06-13,2024-06-27,2024-07-13,2026-08-12T13:29:33.699965,loans.csv,16,SEVERE
4360,2644,5,2023-06-23,2023-07-14,,2026-08-12T13:29:33.699965,loans.csv,1125,CRITICAL
8022,642,1,2024-10-26,2024-11-09,2024-11-13,2026-08-12T13:29:33.699965,loans.csv,4,MILD
1985,1499,2,2021-10-23,2021-11-06,2021-10-30,2026-08-12T13:29:33.699965,loans.csv,0,ON TIME
7559,1270,3,2023-02-19,2023-03-05,2023-03-09,2026-08-12T13:29:33.699965,loans.csv,4,MILD
8007,1231,1,2022-10-02,2022-10-16,2022-11-19,2026-08-12T13:29:33.699965,loans.csv,34,CRITICAL
8939,1704,3,2023-12-11,2023-12-25,2023-12-15,2026-08-12T13:29:33.699965,loans.csv,0,ON TIME
7397,1715,1,2023-04-30,2023-05-14,2023-05-10,2026-08-12T13:29:33.699965,loans.csv,0,ON TIME
6518,80,1,2023-08-22,2023-09-12,2023-08-31,2026-08-12T13:29:33.699965,loans.csv,0,ON TIME
5692,415,2,2024-03-05,2024-03-19,2024-03-23,2026-08-12T13:29:33.699965,loans.csv,4,MILD
1971,814,1,2022-12-06,2022-12-20,2022-12-12,2026-08-12T13:29:33.699965,loans.csv,0,ON TIME
9361,2296,1,2023-11-04,2023-11-18,2023-11-29,2026-08-12T13:29:33.699965,loans.csv,11,SEVERE
7279,2223,1,2024-02-03,2024-02-17,2024-02-05,2026-08-12T13:29:33.699965,loans.csv,0,ON TIME
7610,1501,44,2023-01-26,2023-02-16,2023-02-19,2026-08-12T13:29:33.699965,loans.csv,3,MILD
774,66,23,2022-09-12,2022-09-26,2022-09-23,2026-08-12T13:29:33.699965,loans.csv,0,ON TIME
8314,1549,1,2024-08-23,2024-09-06,2024-09-09,2026-08-12T13:29:33.699965,loans.csv,3,MILD
6512,2278,2,2024-10-26,2024-11-09,2024-11-11,2026-08-12T13:29:33.699965,loans.csv,2,MILD
2123,850,1,2024-01-08,2024-01-29,2024-01-20,2026-08-12T13:29:33.699965,loans.csv,0,ON TIME
5951,2106,16,2020-12-01,2020-12-15,2020-12-22,2026-08-12T13:29:33.699965,loans.csv,7,MILD
3995,209,2,2022-12-15,2022-12-29,2023-01-04,2026-08-12T13:29:33.699965,loans.csv,6,MILD
2215,1426,1,2024-08-29,2024-09-12,2024-09-03,2026-08-12T13:29:33.699965,loans.csv,0,ON TIME
8915,845,2,2024-09-11,2024-09-25,2024-09-22,2026-08-12T13:29:33.699965,loans.csv,0,ON TIME
5147,1198,1,2024-12-06,2024-12-20,2024-12-18,2026-08-12T13:29:33.699965,loans.csv,0,ON TIME
8811,880,1,2023-09-20,2023-10-04,2023-10-17,2026-08-12T13:29:33.699965,loans.csv,13,SEVERE
6585,114,2,2022-08-14,2022-08-28,,2026-08-12T13:29:33.699965,loans.csv,1445,CRITICAL
6635,2093,1,2023-03-15,2023-03-29,2023-03-23,2026-08-12T13:29:33.699965,loans.csv,0,ON TIME
6856,1608,1,2023-12-15,2023-12-29,2023-12-25,2026-08-12T13:29:33.699965,loans.csv,0,ON TIME
5873,2147,9,2022-08-10,2022-08-24,2022-08-13,2026-08-12T13:29:33.699965,loans.csv,0,ON TIME
7544,2496,1,2024-01-02,2024-01-16,2024-01-23,2026-08-12T13:29:33.699965,loans.csv,7,MILD
3250,1073,1,2024-12-25,2025-01-08,,2026-08-12T13:29:33.699965,loans.csv,581,CRITICAL
7375,1562,2,2024-05-19,2024-06-09,2024-05-27,2026-08-12T13:29:33.699965,loans.csv,0,ON TIME
2596,373,2,2024-11-15,2024-11-29,2024-11-24,2026-08-12T13:29:33.699965,loans.csv,0,ON TIME
7025,1108,5,2020-09-12,2020-09-26,,2026-08-12T13:29:33.699965,loans.csv,2146,CRITICAL
3587,1689,1,2021-06-11,2021-06-25,2021-06-18,2026-08-12T13:29:33.699965,loans.csv,0,ON TIME
8700,2759,2,2021-01-29,2021-02-12,2021-02-05,2026-08-12T13:29:33.699965,loans.csv,0,ON TIME
3166,800,12,2022-01-25,2022-02-15,2022-02-18,2026-08-12T13:29:33.699965,loans.csv,3,MILD
3413,1428,19,2022-07-21,2022-08-04,2022-08-02,2026-08-12T13:29:33.699965,loans.csv,0,ON TIME
3902,1498,4,2023-11-30,2023-12-14,2023-12-18,2026-08-12T13:29:33.699965,loans.csv,4,MILD
5606,1675,1,2024-07-02,2024-07-23,2024-07-06,2026-08-12T13:29:33.699965,loans.csv,0,ON TIME
7414,1071,1,2024-06-05,2024-06-26,2024-06-20,2026-08-12T13:29:33.699965,loans.csv,0,ON TIME
5516,655,18,2022-05-22,2022-06-05,2022-06-10,2026-08-12T13:29:33.699965,loans.csv,5,MILD
535,1803,2,2023-09-18,2023-10-02,,2026-08-12T13:29:33.699965,loans.csv,1045,CRITICAL
153,1988,2,2021-08-14,2021-08-28,2021-08-24,2026-08-12T13:29:33.699965,loans.csv,0,ON TIME
5428,327,43,2023-02-02,2023-02-16,2023-02-16,2026-08-12T13:29:33.699965,loans.csv,0,ON TIME
1017,1299,3,2023-11-23,2023-12-07,2023-11-29,2026-08-12T13:29:33.699965,loans.csv,0,ON TIME
7011,432,1,2024-07-03,2024-07-17,2024-07-11,2026-08-12T13:29:33.699965,loans.csv,0,ON TIME
1940,1412,4,2024-09-12,2024-09-26,2024-09-18,2026-08-12T13:29:33.699965,loans.csv,0,ON TIME
6458,1087,1,2024-08-28,2024-09-11,2024-09-17,2026-08-12T13:29:33.699965,loans.csv,6,MILD
6510,1629,1,2024-05-28,2024-06-11,2024-06-11,2026-08-12T13:29:33.699965,loans.csv,0,ON TIME
1191,2004,15,2021-12-18,2022-01-01,2021-12-29,2026-08-12T13:29:33.699965,loans.csv,0,ON TIME
7212,614,81,2024-10-03,2024-10-17,2024-10-08,2026-08-12T13:29:33.699965,loans.csv,0,ON TIME
8100,229,1,2022-07-30,2022-08-13,2022-08-09,2026-08-12T13:29:33.699965,loans.csv,0,ON TIME
4137,960,54,2023-09-15,2023-09-29,2023-09-28,2026-08-12T13:29:33.699965,loans.csv,0,ON TIME
1378,638,3,2024-11-22,2024-12-06,2025-01-16,2026-08-12T13:29:33.699965,loans.csv,41,CRITICAL
8031,398,2,2024-02-24,2024-03-09,2024-03-28,2026-08-12T13:29:33.699965,loans.csv,19,SEVERE
8506,1592,3,2024-11-14,2024-11-28,2024-11-16,2026-08-12T13:29:33.699965,loans.csv,0,ON TIME
8079,1595,1,2024-10-08,2024-10-29,2024-10-31,2026-08-12T13:29:33.699965,loans.csv,2,MILD
1231,1739,6,2024-03-13,2024-03-27,2024-04-01,2026-08-12T13:29:33.699965,loans.csv,5,MILD
1764,1229,2,2024-07-20,2024-08-10,2024-07-28,2026-08-12T13:29:33.699965,loans.csv,0,ON TIME
5283,2183,2,2022-09-12,2022-09-26,2022-09-30,2026-08-12T13:29:33.699965,loans.csv,4,MILD
4173,107,54,2023-02-19,2023-03-05,,2026-08-12T13:29:33.699965,loans.csv,1256,CRITICAL
2777,1648,36,2024-05-14,2024-05-28,2024-06-03,2026-08-12T13:29:33.699965,loans.csv,6,MILD
3329,2386,3,2024-06-06,2024-06-20,2024-06-07,2026-08-12T13:29:33.699965,loans.csv,0,ON TIME
5814,1199,1,2024-12-10,2024-12-24,2024-12-20,2026-08-12T13:29:33.699965,loans.csv,0,ON TIME
8195,1339,6,2023-05-25,2023-06-08,2023-05-31,2026-08-12T13:29:33.699965,loans.csv,0,ON TIME
3486,244,1,2024-08-08,2024-08-22,2024-08-20,2026-08-12T13:29:33.699965,loans.csv,0,ON TIME
1459,2090,11,2020-09-10,2020-09-24,2020-09-21,2026-08-12T13:29:33.699965,loans.csv,0,ON TIME
5455,1301,12,2023-02-02,2023-02-16,2023-02-12,2026-08-12T13:29:33.699965,loans.csv,0,ON TIME
358,1838,1,2024-06-18,2024-07-02,,2026-08-12T13:29:33.699965,loans.csv,771,CRITICAL
4342,188,17,2023-07-05,2023-07-26,2023-07-08,2026-08-12T13:29:33.699965,loans.csv,0,ON TIME
2372,2757,1,2023-06-25,2023-07-09,2023-07-13,2026-08-12T13:29:33.699965,loans.csv,4,MILD
8306,820,1,2022-10-23,2022-11-06,2022-12-11,2026-08-12T13:29:33.699965,loans.csv,35,CRITICAL
4183,225,22,2023-07-16,2023-07-30,2023-07-25,2026-08-12T13:29:33.699965,loans.csv,0,ON TIME
1670,536,1,2024-07-28,2024-08-11,2024-07-30,2026-08-12T13:29:33.699965,loans.csv,0,ON TIME
970,1926,13,2023-08-06,2023-08-20,2023-08-19,2026-08-12T13:29:33.699965,loans.csv,0,ON TIME
2473,857,1,2024-11-22,2024-12-06,2025-01-12,2026-08-12T13:29:33.699965,loans.csv,37,CRITICAL
3976,510,1,2021-09-27,2021-10-11,2021-10-03,2026-08-12T13:29:33.699965,loans.csv,0,ON TIME
4703,1350,4,2023-03-29,2023-04-12,2023-05-12,2026-08-12T13:29:33.699965,loans.csv,30,SEVERE
3569,1253,2,2022-04-13,2022-04-27,2022-04-16,2026-08-12T13:29:33.699965,loans.csv,0,ON TIME
3061,869,179,2023-12-12,2023-12-26,2023-12-23,2026-08-12T13:29:33.699965,loans.csv,0,ON TIME
8294,2470,11,2024-06-22,2024-07-06,2024-06-28,2026-08-12T13:29:33.699965,loans.csv,0,ON TIME
2912,2319,1,2024-04-14,2024-04-28,2024-04-24,2026-08-12T13:29:33.699965,loans.csv,0,ON TIME
4482,1785,7,2024-10-04,2024-10-18,2024-10-13,2026-08-12T13:29:33.699965,loans.csv,0,ON TIME
2328,2025,2,2024-02-15,2024-02-29,2024-02-22,2026-08-12T13:29:33.699965,loans.csv,0,ON TIME
7747,1249,2,2020-08-12,2020-08-26,2020-08-29,2026-08-12T13:29:33.699965,loans.csv,3,MILD
8049,2090,20,2024-11-08,2024-11-22,2024-11-13,2026-08-12T13:29:33.699965,loans.csv,0,ON TIME
3650,1344,2,2023-02-16,2023-03-09,2023-03-16,2026-08-12T13:29:33.699965,loans.csv,7,MILD
6716,2695,51,2024-08-28,2024-09-18,2024-09-25,2026-08-12T13:29:33.699965,loans.csv,7,MILD
3506,1737,6,2020-03-08,2020-03-22,2020-03-12,2026-08-12T13:29:33.699965,loans.csv,0,ON TIME
4617,901,20,2024-12-12,2025-01-02,,2026-08-12T13:29:33.699965,loans.csv,587,CRITICAL
7682,2696,2,2024-04-18,2024-05-02,2024-05-04,2026-08-12T13:29:33.699965,loans.csv,2,MILD
5778,1600,4,2024-02-23,2024-03-08,,2026-08-12T13:29:33.699965,loans.csv,887,CRITICAL
8430,2279,20,2024-03-01,2024-03-15,2024-03-15,2026-08-12T13:29:33.699965,loans.csv,0,ON TIME
9124,767,1,2023-11-06,2023-11-20,2023-11-19,2026-08-12T13:29:33.699965,loans.csv,0,ON TIME
7317,672,5,2023-09-10,2023-09-24,2023-09-30,2026-08-12T13:29:33.699965,loans.csv,6,MILD
3825,1423,57,2024-05-18,2024-06-08,2024-05-28,2026-08-12T13:29:33.699965,loans.csv,0,ON TIME
966,971,9,2024-07-02,2024-07-16,2024-07-14,2026-08-12T13:29:33.699965,loans.csv,0,ON TIME
8375,1031,1,2023-08-19,2023-09-02,2023-08-20,2026-08-12T13:29:33.699965,loans.csv,0,ON TIME
5221,481,1,2024-03-05,2024-03-19,2024-03-22,2026-08-12T13:29:33.699965,loans.csv,3,MILD
9088,544,1,2024-10-23,2024-11-06,2024-11-09,2026-08-12T13:29:33.699965,loans.csv,3,MILD
2148,86,1,2023-07-25,2023-08-08,2023-08-13,2026-08-12T13:29:33.699965,loans.csv,5,MILD
3073,1826,22,2024-03-26,2024-04-09,2024-04-08,2026-08-12T13:29:33.699965,loans.csv,0,ON TIME
135,793,1,2023-11-11,2023-11-25,2023-11-25,2026-08-12T13:29:33.699965,loans.csv,0,ON TIME
4954,2665,4,2021-08-12,2021-08-26,2021-08-24,2026-08-12T13:29:33.699965,loans.csv,0,ON TIME
2374,1399,1,2021-06-01,2021-06-15,2021-06-09,2026-08-12T13:29:33.699965,loans.csv,0,ON TIME
7915,814,1,2021-08-06,2021-08-20,2021-08-23,2026-08-12T13:29:33.699965,loans.csv,3,MILD
1382,2434,1,2024-07-09,2024-07-30,2024-07-24,2026-08-12T13:29:33.699965,loans.csv,0,ON TIME
5505,331,1,2022-03-31,2022-04-14,2022-04-10,2026-08-12T13:29:33.699965,loans.csv,0,ON TIME
9281,1657,190,2024-01-30,2024-02-13,2024-02-08,2026-08-12T13:29:33.699965,loans.csv,0,ON TIME
3582,1985,29,2022-03-29,2022-04-12,2022-04-10,2026-08-12T13:29:33.699965,loans.csv,0,ON TIME
6489,1015,1,2024-06-12,2024-06-26,2024-07-03,2026-08-12T13:29:33.699965,loans.csv,7,MILD
8051,827,1,2020-10-15,2020-10-29,2020-10-16,2026-08-12T13:29:33.699965,loans.csv,0,ON TIME
4585,1629,1,2024-02-13,2024-02-27,2024-03-08,2026-08-12T13:29:33.699965,loans.csv,10,SEVERE
7974,1981,2,2021-01-31,2021-02-14,2021-02-08,2026-08-12T13:29:33.699965,loans.csv,0,ON TIME
5484,1361,22,2024-06-15,2024-06-29,2024-07-05,2026-08-12T13:29:33.699965,loans.csv,6,MILD
8977,1568,5,2023-05-22,2023-06-05,,2026-08-12T13:29:33.699965,loans.csv,1164,CRITICAL
8877,140,2,2023-08-10,2023-08-24,2023-08-21,2026-08-12T13:29:33.699965,loans.csv,0,ON TIME
3790,2591,1,2022-09-14,2022-10-05,2022-09-26,2026-08-12T13:29:33.699965,loans.csv,0,ON TIME
8972,715,9,2022-12-03,2022-12-17,2022-12-10,2026-08-12T13:29:33.699965,loans.csv,0,ON TIME
8663,422,1,2024-05-23,2024-06-06,2024-05-25,2026-08-12T13:29:33.699965,loans.csv,0,ON TIME
2226,1204,1,2022-10-09,2022-10-23,2022-10-29,2026-08-12T13:29:33.699965,loans.csv,6,MILD
7993,502,1,2023-09-03,2023-09-17,2023-09-26,2026-08-12T13:29:33.699965,loans.csv,9,SEVERE
6267,1968,1,2023-03-24,2023-04-07,,2026-08-12T13:29:33.699965,loans.csv,1223,CRITICAL
3323,1911,15,2023-04-09,2023-04-30,2023-04-20,2026-08-12T13:29:33.699965,loans.csv,0,ON TIME
3060,1248,1,2022-06-27,2022-07-11,2022-07-01,2026-08-12T13:29:33.699965,loans.csv,0,ON TIME
8058,1796,14,2023-12-01,2023-12-15,2023-12-10,2026-08-12T13:29:33.699965,loans.csv,0,ON TIME
2381,2373,1,2023-01-29,2023-02-19,2023-02-26,2026-08-12T13:29:33.699965,loans.csv,7,MILD
7338,467,11,2022-09-21,2022-10-05,2022-10-01,2026-08-12T13:29:33.699965,loans.csv,0,ON TIME
7898,2291,1,2024-04-23,2024-05-14,2024-05-01,2026-08-12T13:29:33.699965,loans.csv,0,ON TIME
4164,2724,1,2024-07-12,2024-07-26,2024-08-01,2026-08-12T13:29:33.699965,loans.csv,6,MILD
7702,1491,1,2024-08-09,2024-08-23,2024-08-19,2026-08-12T13:29:33.699965,loans.csv,0,ON TIME
5985,1506,1,2024-07-14,2024-07-28,2024-07-21,2026-08-12T13:29:33.699965,loans.csv,0,ON TIME
4129,2261,14,2023-03-19,2023-04-02,2023-03-29,2026-08-12T13:29:33.699965,loans.csv,0,ON TIME
9274,373,46,2024-05-25,2024-06-08,2024-06-03,2026-08-12T13:29:33.699965,loans.csv,0,ON TIME
2019,338,1,2024-10-08,2024-10-22,2024-10-19,2026-08-12T13:29:33.699965,loans.csv,0,ON TIME
3989,921,1,2024-07-25,2024-08-08,2024-08-09,2026-08-12T13:29:33.699965,loans.csv,1,MILD
6154,682,1,2024-03-31,2024-04-14,2024-04-14,2026-08-12T13:29:33.699965,loans.csv,0,ON TIME
1227,1031,1,2024-12-23,2025-01-06,,2026-08-12T13:29:33.699965,loans.csv,583,CRITICAL
4049,1488,2,2024-10-05,2024-10-19,2024-10-09,2026-08-12T13:29:33.699965,loans.csv,0,ON TIME
825,2209,1,2024-12-16,2024-12-30,,2026-08-12T13:29:33.699965,loans.csv,590,CRITICAL
7169,667,48,2024-06-28,2024-07-19,2024-06-29,2026-08-12T13:29:33.699965,loans.csv,0,ON TIME
6597,1041,2,2024-05-29,2024-06-12,2024-06-10,2026-08-12T13:29:33.699965,loans.csv,0,ON TIME
4883,2311,19,2024-08-29,2024-09-19,2024-09-26,2026-08-12T13:29:33.699965,loans.csv,7,MILD
2498,283,1,2023-07-19,2023-08-02,2023-07-25,2026-08-12T13:29:33.699965,loans.csv,0,ON TIME
6936,1292,1,2024-05-14,2024-05-28,2024-05-25,2026-08-12T13:29:33.699965,loans.csv,0,ON TIME
7145,1339,1,2024-01-26,2024-02-09,2024-02-07,2026-08-12T13:29:33.699965,loans.csv,0,ON TIME
7149,1141,1,2024-06-01,2024-06-15,2024-06-15,2026-08-12T13:29:33.699965,loans.csv,0,ON TIME
2552,1152,2,2022-08-23,2022-09-06,2022-09-02,2026-08-12T13:29:33.699965,loans.csv,0,ON TIME
7773,191,3,2020-03-16,2020-04-06,2020-03-22,2026-08-12T13:29:33.699965,loans.csv,0,ON TIME
1365,872,1,2024-01-04,2024-01-18,2024-01-10,2026-08-12T13:29:33.699965,loans.csv,0,ON TIME
5157,2638,2,2022-05-10,2022-05-24,2022-05-20,2026-08-12T13:29:33.699965,loans.csv,0,ON TIME
6110,560,1,2024-09-02,2024-09-16,2024-09-18,2026-08-12T13:29:33.699965,loans.csv,2,MILD
6109,2023,1,2023-03-05,2023-03-26,2023-03-17,2026-08-12T13:29:33.699965,loans.csv,0,ON TIME
2309,232,1,2020-08-22,2020-09-05,2020-08-30,2026-08-12T13:29:33.699965,loans.csv,0,ON TIME
2282,2397,4,2024-10-28,2024-11-11,2024-11-14,2026-08-12T13:29:33.699965,loans.csv,3,MILD
1150,199,2,2024-10-06,2024-10-20,2024-10-09,2026-08-12T13:29:33.699965,loans.csv,0,ON TIME
2156,1112,3,2024-12-14,2024-12-28,,2026-08-12T13:29:33.699965,loans.csv,592,CRITICAL
7104,439,1,2023-09-15,2023-09-29,,2026-08-12T13:29:33.699965,loans.csv,1048,CRITICAL
4716,1178,2,2024-10-14,2024-10-28,2024-10-25,2026-08-12T13:29:33.699965,loans.csv,0,ON TIME
7431,2155,1,2022-08-25,2022-09-08,2022-09-06,2026-08-12T13:29:33.699965,loans.csv,0,ON TIME
888,591,8,2024-10-14,2024-10-28,2024-10-31,2026-08-12T13:29:33.699965,loans.csv,3,MILD
1402,467,184,2021-09-23,2021-10-07,,2026-08-12T13:29:33.699965,loans.csv,1770,CRITICAL
3280,36,12,2022-08-29,2022-09-12,2022-09-11,2026-08-12T13:29:33.699965,loans.csv,0,ON TIME
1760,2617,4,2024-05-24,2024-06-07,2024-05-30,2026-08-12T13:29:33.699965,loans.csv,0,ON TIME
3530,320,27,2023-09-03,2023-09-17,,2026-08-12T13:29:33.699965,loans.csv,1060,CRITICAL
676,2359,1,2022-10-22,2022-11-05,2022-10-30,2026-08-12T13:29:33.699965,loans.csv,0,ON TIME
8925,1430,38,2023-02-15,2023-03-01,2023-03-05,2026-08-12T13:29:33.699965,loans.csv,4,MILD
7460,637,1,2024-03-01,2024-03-15,2024-03-02,2026-08-12T13:29:33.699965,loans.csv,0,ON TIME
1229,1515,1,2022-02-16,2022-03-02,2022-03-26,2026-08-12T13:29:33.699965,loans.csv,24,SEVERE
5501,2183,1,2023-08-25,2023-09-08,2023-09-02,2026-08-12T13:29:33.699965,loans.csv,0,ON TIME
8283,2331,1,2023-09-03,2023-09-17,2023-09-06,2026-08-12T13:29:33.699965,loans.csv,0,ON TIME
4128,1839,11,2021-11-09,2021-11-30,,2026-08-12T13:29:33.699965,loans.csv,1716,CRITICAL
7982,1789,41,2020-12-28,2021-01-11,2021-01-01,2026-08-12T13:29:33.699965,loans.csv,0,ON TIME
1389,1738,1,2023-12-29,2024-01-12,2024-01-05,2026-08-12T13:29:33.699965,loans.csv,0,ON TIME
5709,1626,4,2023-03-05,2023-03-19,2023-03-14,2026-08-12T13:29:33.699965,loans.csv,0,ON TIME
1034,2379,2,2024-11-07,2024-11-21,2024-11-21,2026-08-12T13:29:33.699965,loans.csv,0,ON TIME
8943,1835,1,2022-06-18,2022-07-02,2022-06-24,2026-08-12T13:29:33.699965,loans.csv,0,ON TIME
741,1136,1,2022-10-22,2022-11-05,2022-11-03,2026-08-12T13:29:33.699965,loans.csv,0,ON TIME
6663,403,2,2022-03-22,2022-04-05,2022-05-08,2026-08-12T13:29:33.699965,loans.csv,33,CRITICAL
5146,1118,1,2024-04-05,2024-04-19,2024-04-19,2026-08-12T13:29:33.699965,loans.csv,0,ON TIME
5942,2571,2,2023-08-22,2023-09-05,2023-09-12,2026-08-12T13:29:33.699965,loans.csv,7,MILD
308,552,8,2021-09-12,2021-09-26,2021-09-16,2026-08-12T13:29:33.699965,loans.csv,0,ON TIME
384,2148,1,2024-01-02,2024-01-16,,2026-08-12T13:29:33.699965,loans.csv,939,CRITICAL
4206,2268,14,2024-06-16,2024-06-30,2024-06-22,2026-08-12T13:29:33.699965,loans.csv,0,ON TIME
4345,969,6,2024-04-22,2024-05-06,2024-05-09,2026-08-12T13:29:33.699965,loans.csv,3,MILD
9089,1811,1,2022-07-08,2022-07-22,2022-07-29,2026-08-12T13:29:33.699965,loans.csv,7,MILD
7161,731,5,2022-10-14,2022-10-28,2022-11-03,2026-08-12T13:29:33.699965,loans.csv,6,MILD
5599,1948,103,2024-08-09,2024-08-23,,2026-08-12T13:29:33.699965,loans.csv,719,CRITICAL
2290,2301,1,2023-09-30,2023-10-14,2023-10-04,2026-08-12T13:29:33.699965,loans.csv,0,ON TIME
9532,2658,1,2024-04-24,2024-05-08,2024-05-04,2026-08-12T13:29:33.699965,loans.csv,0,ON TIME
3208,723,1,2023-10-21,2023-11-04,,2026-08-12T13:29:33.699965,loans.csv,1012,CRITICAL
2504,652,10,2024-05-05,2024-05-19,2024-05-09,2026-08-12T13:29:33.699965,loans.csv,0,ON TIME
5964,363,91,2021-05-10,2021-05-24,2021-05-22,2026-08-12T13:29:33.699965,loans.csv,0,ON TIME
3110,1533,4,2021-03-25,2021-04-15,2021-04-21,2026-08-12T13:29:33.699965,loans.csv,6,MILD
9006,57,3,2022-11-25,2022-12-09,2022-12-02,2026-08-12T13:29:33.699965,loans.csv,0,ON TIME
5451,2799,1,2022-03-01,2022-03-15,2022-03-04,2026-08-12T13:29:33.699965,loans.csv,0,ON TIME
7726,209,1,2022-06-09,2022-06-23,2022-06-23,2026-08-12T13:29:33.699965,loans.csv,0,ON TIME
6802,365,52,2023-12-09,2023-12-23,2023-12-11,2026-08-12T13:29:33.699965,loans.csv,0,ON TIME
8725,1062,1,2023-12-22,2024-01-05,2024-01-02,2026-08-12T13:29:33.699965,loans.csv,0,ON TIME
2578,460,1,2024-11-19,2024-12-10,,2026-08-12T13:29:33.699965,loans.csv,610,CRITICAL
9198,252,1,2024-07-15,2024-07-29,2024-07-28,2026-08-12T13:29:33.699965,loans.csv,0,ON TIME
8009,1846,1,2020-01-13,2020-01-27,2020-01-29,2026-08-12T13:29:33.699965,loans.csv,2,MILD
2954,770,1,2024-09-11,2024-09-25,2024-09-18,2026-08-12T13:29:33.699965,loans.csv,0,ON TIME
4686,467,1,2023-09-11,2023-09-25,2023-09-22,2026-08-12T13:29:33.699965,loans.csv,0,ON TIME
8945,2468,1,2024-11-14,2024-11-28,2024-11-25,2026-08-12T13:29:33.699965,loans.csv,0,ON TIME
5433,1623,1,2024-08-22,2024-09-12,2024-09-04,2026-08-12T13:29:33.699965,loans.csv,0,ON TIME
2320,2331,1,2024-02-24,2024-03-09,2024-03-01,2026-08-12T13:29:33.699965,loans.csv,0,ON TIME
8645,57,25,2024-02-09,2024-02-23,2024-02-12,2026-08-12T13:29:33.699965,loans.csv,0,ON TIME
3664,1058,2,2024-08-18,2024-09-01,2024-08-22,2026-08-12T13:29:33.699965,loans.csv,0,ON TIME
7199,1079,1,2022-10-14,2022-10-28,2022-10-18,2026-08-12T13:29:33.699965,loans.csv,0,ON TIME
1075,384,138,2022-01-05,2022-01-26,2022-01-21,2026-08-12T13:29:33.699965,loans.csv,0,ON TIME
8672,1450,2,2024-02-29,2024-03-14,2024-03-18,2026-08-12T13:29:33.699965,loans.csv,4,MILD
6811,115,1,2023-09-11,2023-09-25,,2026-08-12T13:29:33.699965,loans.csv,1052,CRITICAL
7780,2119,1,2023-11-24,2023-12-08,2023-12-14,2026-08-12T13:29:33.699965,loans.csv,6,MILD
6362,2366,2,2023-03-17,2023-03-31,,2026-08-12T13:29:33.699965,loans.csv,1230,CRITICAL
4156,1989,5,2024-11-15,2024-11-29,2024-11-23,2026-08-12T13:29:33.699965,loans.csv,0,ON TIME
7525,1005,5,2024-07-28,2024-08-11,2024-08-05,2026-08-12T13:29:33.699965,loans.csv,0,ON TIME
3923,2263,1,2023-10-31,2023-11-14,2023-11-06,2026-08-12T13:29:33.699965,loans.csv,0,ON TIME
3057,1932,1,2024-01-28,2024-02-11,2024-02-08,2026-08-12T13:29:33.699965,loans.csv,0,ON TIME
601,1243,84,2024-08-19,2024-09-02,2024-08-31,2026-08-12T13:29:33.699965,loans.csv,0,ON TIME
4274,243,2,2023-10-01,2023-10-15,2023-10-08,2026-08-12T13:29:33.699965,loans.csv,0,ON TIME
3464,871,38,2024-04-12,2024-04-26,,2026-08-12T13:29:33.699965,loans.csv,838,CRITICAL
3104,2623,2,2020-06-25,2020-07-09,2020-07-07,2026-08-12T13:29:33.699965,loans.csv,0,ON TIME
2209,80,5,2024-03-15,2024-04-05,2024-03-26,2026-08-12T13:29:33.699965,loans.csv,0,ON TIME
5897,2799,1,2020-01-13,2020-01-27,2020-01-19,2026-08-12T13:29:33.699965,loans.csv,0,ON TIME
5189,846,15,2023-01-21,2023-02-04,2023-02-07,2026-08-12T13:29:33.699965,loans.csv,3,MILD
6885,2756,1,2024-12-18,2025-01-01,,2026-08-12T13:29:33.699965,loans.csv,588,CRITICAL
3244,2511,1,2023-11-08,2023-11-22,,2026-08-12T13:29:33.699965,loans.csv,994,CRITICAL
9525,2781,12,2023-08-15,2023-08-29,2023-08-28,2026-08-12T13:29:33.699965,loans.csv,0,ON TIME
6107,1886,4,2024-11-22,2024-12-06,2024-11-25,2026-08-12T13:29:33.699965,loans.csv,0,ON TIME
6596,758,1,2022-06-11,2022-06-25,2022-06-12,2026-08-12T13:29:33.699965,loans.csv,0,ON TIME
3807,835,2,2024-10-12,2024-10-26,2024-11-04,2026-08-12T13:29:33.699965,loans.csv,9,SEVERE
2236,1114,1,2024-01-17,2024-01-31,,2026-08-12T13:29:33.699965,loans.csv,924,CRITICAL
9259,1545,2,2024-04-23,2024-05-07,2024-05-14,2026-08-12T13:29:33.699965,loans.csv,7,MILD
8142,1742,6,2024-10-19,2024-11-02,2024-11-07,2026-08-12T13:29:33.699965,loans.csv,5,MILD
4604,209,2,2022-07-27,2022-08-10,2022-08-10,2026-08-12T13:29:33.699965,loans.csv,0,ON TIME
7936,458,1,2024-08-17,2024-08-31,2024-08-22,2026-08-12T13:29:33.699965,loans.csv,0,ON TIME
6849,576,32,2023-09-26,2023-10-10,2023-10-02,2026-08-12T13:29:33.699965,loans.csv,0,ON TIME
641,2138,1,2024-08-08,2024-08-22,,2026-08-12T13:29:33.699965,loans.csv,720,CRITICAL
7666,2214,4,2024-06-25,2024-07-09,2024-07-12,2026-08-12T13:29:33.699965,loans.csv,3,MILD
338,1185,58,2024-05-03,2024-05-17,2024-05-22,2026-08-12T13:29:33.699965,loans.csv,5,MILD
9066,342,12,2022-10-10,2022-10-31,2022-10-29,2026-08-12T13:29:33.699965,loans.csv,0,ON TIME
2981,2783,3,2024-09-24,2024-10-08,2024-10-01,2026-08-12T13:29:33.699965,loans.csv,0,ON TIME
8708,701,63,2023-12-22,2024-01-05,,2026-08-12T13:29:33.699965,loans.csv,950,CRITICAL
2049,979,4,2023-10-13,2023-10-27,2023-10-29,2026-08-12T13:29:33.699965,loans.csv,2,MILD
6641,455,5,2024-09-24,2024-10-08,2024-09-29,2026-08-12T13:29:33.699965,loans.csv,0,ON TIME
2685,2302,8,2024-11-27,2024-12-11,,2026-08-12T13:29:33.699965,loans.csv,609,CRITICAL
3066,1694,23,2020-07-02,2020-07-16,2020-07-11,2026-08-12T13:29:33.699965,loans.csv,0,ON TIME
4420,677,7,2023-01-20,2023-02-10,2023-02-01,2026-08-12T13:29:33.699965,loans.csv,0,ON TIME
1573,2528,4,2022-06-03,2022-06-17,2022-06-10,2026-08-12T13:29:33.699965,loans.csv,0,ON TIME
5971,470,2,2023-07-21,2023-08-04,2023-07-22,2026-08-12T13:29:33.699965,loans.csv,0,ON TIME
7284,1630,1,2021-10-01,2021-10-22,2021-10-09,2026-08-12T13:29:33.699965,loans.csv,0,ON TIME
3124,2614,42,2024-04-09,2024-04-23,2024-04-13,2026-08-12T13:29:33.699965,loans.csv,0,ON TIME
9608,1267,5,2024-03-28,2024-04-11,2024-04-05,2026-08-12T13:29:33.699965,loans.csv,0,ON TIME
5089,966,1,2023-06-14,2023-06-28,,2026-08-12T13:29:33.699965,loans.csv,1141,CRITICAL
9504,727,11,2023-06-18,2023-07-02,2023-07-04,2026-08-12T13:29:33.699965,loans.csv,2,MILD
7845,592,1,2022-02-27,2022-03-13,2022-03-05,2026-08-12T13:29:33.699965,loans.csv,0,ON TIME
591,2362,2,2023-10-30,2023-11-13,,2026-08-12T13:29:33.699965,loans.csv,1003,CRITICAL
2102,2157,6,2021-10-10,2021-10-24,2021-10-14,2026-08-12T13:29:33.699965,loans.csv,0,ON TIME
6043,172,1,2023-06-27,2023-07-11,2023-07-09,2026-08-12T13:29:33.699965,loans.csv,0,ON TIME
9368,898,1,2024-11-13,2024-11-27,2024-11-30,2026-08-12T13:29:33.699965,loans.csv,3,MILD
8756,661,1,2023-05-30,2023-06-13,2023-06-03,2026-08-12T13:29:33.699965,loans.csv,0,ON TIME
3558,78,1,2021-07-06,2021-07-20,2021-07-12,2026-08-12T13:29:33.699965,loans.csv,0,ON TIME
5371,2199,4,2023-01-30,2023-02-13,2023-02-11,2026-08-12T13:29:33.699965,loans.csv,0,ON TIME
3335,564,1,2022-10-26,2022-11-09,2022-11-06,2026-08-12T13:29:33.699965,loans.csv,0,ON TIME
8457,1260,1,2023-12-11,2023-12-25,2023-12-31,2026-08-12T13:29:33.699965,loans.csv,6,MILD
6234,2004,45,2020-09-09,2020-09-30,2020-10-03,2026-08-12T13:29:33.699965,loans.csv,3,MILD
7964,2685,2,2022-04-12,2022-04-26,2022-04-25,2026-08-12T13:29:33.699965,loans.csv,0,ON TIME
7044,441,2,2024-03-05,2024-03-19,2024-03-25,2026-08-12T13:29:33.699965,loans.csv,6,MILD
9190,826,9,2024-05-20,2024-06-03,2024-05-21,2026-08-12T13:29:33.699965,loans.csv,0,ON TIME
4003,2153,19,2024-10-19,2024-11-09,2024-11-08,2026-08-12T13:29:33.699965,loans.csv,0,ON TIME
9222,1785,1,2024-12-24,2025-01-14,,2026-08-12T13:29:33.699965,loans.csv,575,CRITICAL
8840,1499,2,2022-03-31,2022-04-14,2022-04-06,2026-08-12T13:29:33.699965,loans.csv,0,ON TIME
5476,276,20,2024-07-21,2024-08-04,2024-08-05,2026-08-12T13:29:33.699965,loans.csv,1,MILD
2919,195,1,2024-01-27,2024-02-10,2024-02-15,2026-08-12T13:29:33.699965,loans.csv,5,MILD
7933,199,1,2024-10-28,2024-11-11,2024-11-15,2026-08-12T13:29:33.699965,loans.csv,4,MILD
8785,715,1,2022-05-30,2022-06-13,2022-05-31,2026-08-12T13:29:33.699965,loans.csv,0,ON TIME
5987,2023,1,2023-08-26,2023-09-09,2023-09-07,2026-08-12T13:29:33.699965,loans.csv,0,ON TIME
3991,1391,1,2023-12-21,2024-01-04,2023-12-25,2026-08-12T13:29:33.699965,loans.csv,0,ON TIME
508,2148,4,2023-02-23,2023-03-09,2023-03-08,2026-08-12T13:29:33.699965,loans.csv,0,ON TIME
1651,1685,2,2021-01-02,2021-01-16,,2026-08-12T13:29:33.699965,loans.csv,2034,CRITICAL
105,981,4,2024-04-29,2024-05-20,2024-05-15,2026-08-12T13:29:33.699965,loans.csv,0,ON TIME
3502,421,1,2023-12-04,2023-12-18,2023-12-06,2026-08-12T13:29:33.699965,loans.csv,0,ON TIME
3168,2331,1,2023-10-05,2023-10-19,2023-10-27,2026-08-12T13:29:33.699965,loans.csv,8,SEVERE
751,674,1,2024-07-01,2024-07-15,2024-07-07,2026-08-12T13:29:33.699965,loans.csv,0,ON TIME
1626,2374,37,2024-09-26,2024-10-17,2024-10-10,2026-08-12T13:29:33.699965,loans.csv,0,ON TIME
4176,1942,1,2024-10-29,2024-11-19,2024-11-02,2026-08-12T13:29:33.699965,loans.csv,0,ON TIME
8988,2704,1,2023-12-29,2024-01-12,2023-12-31,2026-08-12T13:29:33.699965,loans.csv,0,ON TIME
9401,1060,177,2023-10-24,2023-11-14,2023-11-04,2026-08-12T13:29:33.699965,loans.csv,0,ON TIME
4035,1502,1,2024-09-30,2024-10-14,2024-10-08,2026-08-12T13:29:33.699965,loans.csv,0,ON TIME
7354,1609,95,2024-06-09,2024-06-23,,2026-08-12T13:29:33.699965,loans.csv,780,CRITICAL
6660,2043,1,2023-12-04,2023-12-25,2023-12-29,2026-08-12T13:29:33.699965,loans.csv,4,MILD
3374,2562,1,2023-08-03,2023-08-17,2023-08-08,2026-08-12T13:29:33.699965,loans.csv,0,ON TIME
360,1680,11,2021-03-30,2021-04-13,2021-04-03,2026-08-12T13:29:33.699965,loans.csv,0,ON TIME
1374,302,3,2024-11-09,2024-11-23,2024-11-20,2026-08-12T13:29:33.699965,loans.csv,0,ON TIME
334,1816,3,2024-02-13,2024-03-05,2024-02-16,2026-08-12T13:29:33.699965,loans.csv,0,ON TIME
2938,264,1,2024-08-17,2024-08-31,2024-08-27,2026-08-12T13:29:33.699965,loans.csv,0,ON TIME
6778,2403,70,2023-07-02,2023-07-16,,2026-08-12T13:29:33.699965,loans.csv,1123,CRITICAL
4541,2148,3,2021-03-17,2021-03-31,2021-05-01,2026-08-12T13:29:33.699965,loans.csv,31,CRITICAL
5195,2775,12,2023-06-13,2023-07-04,2023-07-11,2026-08-12T13:29:33.699965,loans.csv,7,MILD
382,1748,29,2022-12-05,2022-12-19,2022-12-16,2026-08-12T13:29:33.699965,loans.csv,0,ON TIME
8642,1185,4,2023-09-16,2023-09-30,2023-09-27,2026-08-12T13:29:33.699965,loans.csv,0,ON TIME
7455,1219,3,2020-01-10,2020-01-31,2020-01-27,2026-08-12T13:29:33.699965,loans.csv,0,ON TIME
2916,1240,11,2023-04-22,2023-05-06,2023-04-25,2026-08-12T13:29:33.699965,loans.csv,0,ON TIME
5995,960,1,2022-03-26,2022-04-09,2022-04-12,2026-08-12T13:29:33.699965,loans.csv,3,MILD
922,2170,1,2024-12-25,2025-01-08,,2026-08-12T13:29:33.699965,loans.csv,581,CRITICAL
1385,65,2,2024-05-23,2024-06-06,2024-05-25,2026-08-12T13:29:33.699965,loans.csv,0,ON TIME
5141,637,20,2022-03-17,2022-03-31,2022-04-09,2026-08-12T13:29:33.699965,loans.csv,9,SEVERE
5103,1522,1,2021-07-06,2021-07-20,2021-07-12,2026-08-12T13:29:33.699965,loans.csv,0,ON TIME
3045,1819,2,2022-09-11,2022-09-25,2022-09-20,2026-08-12T13:29:33.699965,loans.csv,0,ON TIME
1774,416,1,2023-09-26,2023-10-10,2023-10-16,2026-08-12T13:29:33.699965,loans.csv,6,MILD
3713,1210,2,2023-01-20,2023-02-03,2023-02-03,2026-08-12T13:29:33.699965,loans.csv,0,ON TIME
3839,2044,1,2024-05-14,2024-05-28,2024-05-17,2026-08-12T13:29:33.699965,loans.csv,0,ON TIME
4830,1229,1,2023-09-23,2023-10-07,2023-09-29,2026-08-12T13:29:33.699965,loans.csv,0,ON TIME
8912,2325,1,2024-03-27,2024-04-10,2024-04-03,2026-08-12T13:29:33.699965,loans.csv,0,ON TIME
57,2227,10,2023-04-26,2023-05-10,,2026-08-12T13:29:33.699965,loans.csv,1190,CRITICAL
1528,601,1,2023-01-30,2023-02-13,2023-02-01,2026-08-12T13:29:33.699965,loans.csv,0,ON TIME
7769,86,1,2023-07-25,2023-08-08,2023-09-20,2026-08-12T13:29:33.699965,loans.csv,43,CRITICAL
6376,1229,1,2024-12-10,2024-12-24,2024-12-19,2026-08-12T13:29:33.699965,loans.csv,0,ON TIME
2579,586,1,2023-12-22,2024-01-05,,2026-08-12T13:29:33.699965,loans.csv,950,CRITICAL
661,715,10,2022-11-23,2022-12-07,2022-12-05,2026-08-12T13:29:33.699965,loans.csv,0,ON TIME
7510,1108,1,2023-05-15,2023-05-29,2023-05-17,2026-08-12T13:29:33.699965,loans.csv,0,ON TIME
4773,1864,15,2022-08-16,2022-08-30,2022-08-19,2026-08-12T13:29:33.699965,loans.csv,0,ON TIME
7922,1544,7,2024-11-25,2024-12-09,2024-11-29,2026-08-12T13:29:33.699965,loans.csv,0,ON TIME
9029,1767,3,2023-03-31,2023-04-14,2023-04-12,2026-08-12T13:29:33.699965,loans.csv,0,ON TIME
5586,1308,14,2024-03-16,2024-03-30,2024-03-22,2026-08-12T13:29:33.699965,loans.csv,0,ON TIME
3481,1545,1,2024-10-28,2024-11-11,,2026-08-12T13:29:33.699965,loans.csv,639,CRITICAL
8434,629,6,2023-04-28,2023-05-12,2023-05-06,2026-08-12T13:29:33.699965,loans.csv,0,ON TIME
2283,2533,7,2024-11-15,2024-11-29,2024-11-17,2026-08-12T13:29:33.699965,loans.csv,0,ON TIME
140,901,7,2024-07-20,2024-08-03,2024-08-02,2026-08-12T13:29:33.699965,loans.csv,0,ON TIME
2653,1870,1,2022-02-20,2022-03-06,2022-04-20,2026-08-12T13:29:33.699965,loans.csv,45,CRITICAL
7494,1205,4,2023-10-13,2023-10-27,2023-10-27,2026-08-12T13:29:33.699965,loans.csv,0,ON TIME
2559,1648,1,2022-11-09,2022-11-30,2022-12-07,2026-08-12T13:29:33.699965,loans.csv,7,MILD
4301,2413,3,2023-04-17,2023-05-01,2023-04-23,2026-08-12T13:29:33.699965,loans.csv,0,ON TIME
2990,343,11,2023-03-24,2023-04-07,2023-03-26,2026-08-12T13:29:33.699965,loans.csv,0,ON TIME
3546,2779,4,2024-05-03,2024-05-17,2024-05-19,2026-08-12T13:29:33.699965,loans.csv,2,MILD
2651,1675,1,2024-05-22,2024-06-05,2024-05-28,2026-08-12T13:29:33.699965,loans.csv,0,ON TIME
2040,353,39,2023-02-24,2023-03-10,2023-03-20,2026-08-12T13:29:33.699965,loans.csv,10,SEVERE
8878,1360,1,2024-12-12,2024-12-26,,2026-08-12T13:29:33.699965,loans.csv,594,CRITICAL
9007,2358,3,2023-06-20,2023-07-04,2023-07-02,2026-08-12T13:29:33.699965,loans.csv,0,ON TIME
6238,1140,1,2024-09-22,2024-10-06,2024-09-24,2026-08-12T13:29:33.699965,loans.csv,0,ON TIME
7035,2411,1,2021-01-28,2021-02-18,2021-02-23,2026-08-12T13:29:33.699965,loans.csv,5,MILD
2241,1856,1,2024-09-18,2024-10-02,2024-09-22,2026-08-12T13:29:33.699965,loans.csv,0,ON TIME
8519,1620,1,2023-04-17,2023-05-01,2023-05-03,2026-08-12T13:29:33.699965,loans.csv,2,MILD
2643,609,7,2024-11-17,2024-12-01,2024-11-24,2026-08-12T13:29:33.699965,loans.csv,0,ON TIME
4315,2705,8,2023-10-16,2023-10-30,2023-10-18,2026-08-12T13:29:33.699965,loans.csv,0,ON TIME
6718,1836,1,2021-05-16,2021-05-30,2021-07-03,2026-08-12T13:29:33.699965,loans.csv,34,CRITICAL
2533,1146,9,2022-12-19,2023-01-02,,2026-08-12T13:29:33.699965,loans.csv,1318,CRITICAL
9325,457,11,2024-02-04,2024-02-18,,2026-08-12T13:29:33.699965,loans.csv,906,CRITICAL
2344,147,3,2023-04-19,2023-05-03,2023-04-21,2026-08-12T13:29:33.699965,loans.csv,0,ON TIME
984,882,3,2023-03-21,2023-04-04,2023-04-02,2026-08-12T13:29:33.699965,loans.csv,0,ON TIME
3200,1290,9,2024-11-01,2024-11-15,2024-11-08,2026-08-12T13:29:33.699965,loans.csv,0,ON TIME
8388,796,76,2024-10-29,2024-11-12,2024-11-03,2026-08-12T13:29:33.699965,loans.csv,0,ON TIME
9433,1781,1,2023-11-03,2023-11-17,2023-11-13,2026-08-12T13:29:33.699965,loans.csv,0,ON TIME
6127,199,6,2024-10-09,2024-10-23,2024-10-21,2026-08-12T13:29:33.699965,loans.csv,0,ON TIME
3254,1556,5,2024-01-28,2024-02-11,2024-02-14,2026-08-12T13:29:33.699965,loans.csv,3,MILD
5791,2430,3,2023-11-28,2023-12-12,2023-12-06,2026-08-12T13:29:33.699965,loans.csv,0,ON TIME
3131,1781,1,2021-07-21,2021-08-04,,2026-08-12T13:29:33.699965,loans.csv,1834,CRITICAL
5698,2087,7,2024-09-06,2024-09-20,2024-09-13,2026-08-12T13:29:33.699965,loans.csv,0,ON TIME
2405,2084,5,2023-11-15,2023-11-29,2023-11-29,2026-08-12T13:29:33.699965,loans.csv,0,ON TIME
6216,1017,7,2024-09-21,2024-10-05,2024-09-28,2026-08-12T13:29:33.699965,loans.csv,0,ON TIME
6378,898,1,2024-07-03,2024-07-17,,2026-08-12T13:29:33.699965,loans.csv,756,CRITICAL
7975,1738,15,2024-06-17,2024-07-01,2024-06-19,2026-08-12T13:29:33.699965,loans.csv,0,ON TIME
6582,388,6,2024-02-17,2024-03-02,2024-02-23,2026-08-12T13:29:33.699965,loans.csv,0,ON TIME
4946,132,1,2024-08-17,2024-08-31,2024-09-03,2026-08-12T13:29:33.699965,loans.csv,3,MILD
8500,1287,2,2024-01-25,2024-02-08,2024-01-30,2026-08-12T13:29:33.699965,loans.csv,0,ON TIME
4597,1087,1,2024-10-10,2024-10-24,2024-10-14,2026-08-12T13:29:33.699965,loans.csv,0,ON TIME
7106,599,15,2024-08-26,2024-09-09,,2026-08-12T13:29:33.699965,loans.csv,702,CRITICAL
5118,1773,5,2023-10-08,2023-10-22,2023-10-14,2026-08-12T13:29:33.699965,loans.csv,0,ON TIME
4415,1194,15,2022-09-06,2022-09-20,2022-09-08,2026-08-12T13:29:33.699965,loans.csv,0,ON TIME
6344,2290,2,2024-09-03,2024-09-17,2024-10-09,2026-08-12T13:29:33.699965,loans.csv,22,SEVERE
602,930,20,2024-06-18,2024-07-02,,2026-08-12T13:29:33.699965,loans.csv,771,CRITICAL
945,804,1,2024-03-10,2024-03-24,2024-03-16,2026-08-12T13:29:33.699965,loans.csv,0,ON TIME
9121,195,2,2024-03-29,2024-04-19,2024-04-13,2026-08-12T13:29:33.699965,loans.csv,0,ON TIME
4964,1765,8,2024-10-22,2024-11-05,2024-11-09,2026-08-12T13:29:33.699965,loans.csv,4,MILD
812,1015,1,2021-02-17,2021-03-03,2021-02-27,2026-08-12T13:29:33.699965,loans.csv,0,ON TIME
4665,831,9,2021-01-08,2021-01-22,2021-02-02,2026-08-12T13:29:33.699965,loans.csv,11,SEVERE
7408,1449,1,2023-11-01,2023-11-15,2023-11-10,2026-08-12T13:29:33.699965,loans.csv,0,ON TIME
2428,1715,3,2023-10-14,2023-10-28,2023-10-17,2026-08-12T13:29:33.699965,loans.csv,0,ON TIME
6125,872,1,2023-07-21,2023-08-04,2023-08-10,2026-08-12T13:29:33.699965,loans.csv,6,MILD
3964,2684,4,2023-06-11,2023-06-25,2023-06-18,2026-08-12T13:29:33.699965,loans.csv,0,ON TIME
9409,472,2,2024-08-05,2024-08-19,,2026-08-12T13:29:33.699965,loans.csv,723,CRITICAL
5996,1397,3,2024-10-20,2024-11-03,2024-10-29,2026-08-12T13:29:33.699965,loans.csv,0,ON TIME
2866,854,9,2020-04-16,2020-04-30,2020-05-01,2026-08-12T13:29:33.699965,loans.csv,1,MILD
1833,303,1,2024-10-05,2024-10-19,,2026-08-12T13:29:33.699965,loans.csv,662,CRITICAL
9458,1415,3,2022-02-10,2022-02-24,2022-02-18,2026-08-12T13:29:33.699965,loans.csv,0,ON TIME
6262,1068,2,2024-04-06,2024-04-20,2024-04-10,2026-08-12T13:29:33.699965,loans.csv,0,ON TIME
5179,2123,2,2023-08-26,2023-09-09,2023-08-27,2026-08-12T13:29:33.699965,loans.csv,0,ON TIME
4573,1178,7,2024-06-15,2024-06-29,2024-06-26,2026-08-12T13:29:33.699965,loans.csv,0,ON TIME
6041,752,170,2023-10-29,2023-11-12,2023-11-18,2026-08-12T13:29:33.699965,loans.csv,6,MILD
9339,1977,16,2022-11-18,2022-12-02,2022-11-26,2026-08-12T13:29:33.699965,loans.csv,0,ON TIME
8197,1372,1,2020-07-06,2020-07-20,2020-07-26,2026-08-12T13:29:33.699965,loans.csv,6,MILD
1475,2350,1,2024-04-01,2024-04-15,2024-04-19,2026-08-12T13:29:33.699965,loans.csv,4,MILD
8404,2088,2,2024-02-05,2024-02-19,2024-03-29,2026-08-12T13:29:33.699965,loans.csv,39,CRITICAL
3485,1614,1,2024-09-07,2024-09-21,,2026-08-12T13:29:33.699965,loans.csv,690,CRITICAL
1040,1061,1,2023-10-17,2023-10-31,2023-10-28,2026-08-12T13:29:33.699965,loans.csv,0,ON TIME
9342,2084,16,2023-03-08,2023-03-22,2023-03-24,2026-08-12T13:29:33.699965,loans.csv,2,MILD
7888,2417,1,2024-12-16,2024-12-30,,2026-08-12T13:29:33.699965,loans.csv,590,CRITICAL
960,1926,3,2024-07-29,2024-08-12,2024-08-10,2026-08-12T13:29:33.699965,loans.csv,0,ON TIME
4720,1108,6,2021-12-22,2022-01-05,2021-12-31,2026-08-12T13:29:33.699965,loans.csv,0,ON TIME
6765,2383,2,2020-10-11,2020-11-01,2020-10-31,2026-08-12T13:29:33.699965,loans.csv,0,ON TIME
6046,2791,2,2022-09-25,2022-10-16,2022-10-15,2026-08-12T13:29:33.699965,loans.csv,0,ON TIME
7616,1839,1,2023-09-23,2023-10-07,2023-10-13,2026-08-12T13:29:33.699965,loans.csv,6,MILD
1799,2123,1,2024-04-01,2024-04-15,2024-04-18,2026-08-12T13:29:33.699965,loans.csv,3,MILD
9074,795,2,2023-07-09,2023-07-23,2023-07-19,2026-08-12T13:29:33.699965,loans.csv,0,ON TIME
1876,994,1,2021-07-12,2021-07-26,2021-07-16,2026-08-12T13:29:33.699965,loans.csv,0,ON TIME
6840,719,1,2024-02-15,2024-03-07,2024-02-24,2026-08-12T13:29:33.699965,loans.csv,0,ON TIME
354,1679,1,2024-10-08,2024-10-22,2024-10-09,2026-08-12T13:29:33.699965,loans.csv,0,ON TIME
719,564,5,2020-02-21,2020-03-06,2020-02-28,2026-08-12T13:29:33.699965,loans.csv,0,ON TIME
1427,2489,7,2024-05-01,2024-05-22,2024-05-17,2026-08-12T13:29:33.699965,loans.csv,0,ON TIME
3992,2549,1,2023-04-01,2023-04-15,2023-04-20,2026-08-12T13:29:33.699965,loans.csv,5,MILD
4908,680,1,2024-11-24,2024-12-08,2024-12-01,2026-08-12T13:29:33.699965,loans.csv,0,ON TIME
5970,169,1,2021-08-30,2021-09-13,2021-09-02,2026-08-12T13:29:33.699965,loans.csv,0,ON TIME
3805,1712,2,2024-08-30,2024-09-13,,2026-08-12T13:29:33.699965,loans.csv,698,CRITICAL
3849,2001,1,2024-03-19,2024-04-09,2024-04-10,2026-08-12T13:29:33.699965,loans.csv,1,MILD
7493,2386,184,2021-11-06,2021-11-27,2022-01-09,2026-08-12T13:29:33.699965,loans.csv,43,CRITICAL
828,2362,9,2024-01-26,2024-02-09,2024-02-16,2026-08-12T13:29:33.699965,loans.csv,7,MILD
2343,2743,92,2024-11-22,2024-12-06,2024-11-27,2026-08-12T13:29:33.699965,loans.csv,0,ON TIME
8326,536,11,2024-07-30,2024-08-13,2024-08-08,2026-08-12T13:29:33.699965,loans.csv,0,ON TIME
2117,2574,1,2024-03-03,2024-03-17,2024-03-04,2026-08-12T13:29:33.699965,loans.csv,0,ON TIME
5380,2274,1,2021-10-26,2021-11-09,2021-10-28,2026-08-12T13:29:33.699965,loans.csv,0,ON TIME
1610,179,6,2024-05-31,2024-06-14,2024-07-05,2026-08-12T13:29:33.699965,loans.csv,21,SEVERE
7042,1566,1,2024-07-05,2024-07-19,2024-07-06,2026-08-12T13:29:33.699965,loans.csv,0,ON TIME
7031,360,2,2023-12-23,2024-01-13,2024-01-18,2026-08-12T13:29:33.699965,loans.csv,5,MILD
3896,379,6,2024-10-24,2024-11-07,2024-10-26,2026-08-12T13:29:33.699965,loans.csv,0,ON TIME
414,2594,8,2024-07-06,2024-07-20,2024-07-22,2026-08-12T13:29:33.699965,loans.csv,2,MILD
949,600,4,2022-07-24,2022-08-07,2022-08-05,2026-08-12T13:29:33.699965,loans.csv,0,ON TIME
1924,415,1,2024-05-23,2024-06-06,,2026-08-12T13:29:33.699965,loans.csv,797,CRITICAL
106,2027,51,2023-12-28,2024-01-11,2024-01-03,2026-08-12T13:29:33.699965,loans.csv,0,ON TIME
1749,1403,1,2021-05-10,2021-05-31,,2026-08-12T13:29:33.699965,loans.csv,1899,CRITICAL
1246,1853,1,2024-05-28,2024-06-11,2024-06-14,2026-08-12T13:29:33.699965,loans.csv,3,MILD
2851,1150,3,2024-01-09,2024-01-23,2024-01-18,2026-08-12T13:29:33.699965,loans.csv,0,ON TIME
777,1582,1,2023-11-16,2023-12-07,2023-12-14,2026-08-12T13:29:33.699965,loans.csv,7,MILD
6999,2004,2,2021-12-17,2021-12-31,2021-12-19,2026-08-12T13:29:33.699965,loans.csv,0,ON TIME
8364,246,7,2023-02-17,2023-03-03,2023-03-03,2026-08-12T13:29:33.699965,loans.csv,0,ON TIME
6151,2012,8,2023-12-16,2023-12-30,2023-12-17,2026-08-12T13:29:33.699965,loans.csv,0,ON TIME
7049,662,152,2022-03-13,2022-03-27,2022-03-29,2026-08-12T13:29:33.699965,loans.csv,2,MILD
2182,1962,3,2022-09-21,2022-10-05,2022-09-30,2026-08-12T13:29:33.699965,loans.csv,0,ON TIME
8895,2050,1,2023-10-11,2023-10-25,2023-10-20,2026-08-12T13:29:33.699965,loans.csv,0,ON TIME
3291,1467,3,2024-10-18,2024-11-01,2024-11-08,2026-08-12T13:29:33.699965,loans.csv,7,MILD
8102,1562,3,2021-11-17,2021-12-01,2021-11-28,2026-08-12T13:29:33.699965,loans.csv,0,ON TIME
3603,1112,7,2024-04-20,2024-05-04,2024-05-17,2026-08-12T13:29:33.699965,loans.csv,13,SEVERE
5274,2737,1,2023-06-17,2023-07-01,2023-06-23,2026-08-12T13:29:33.699965,loans.csv,0,ON TIME
9537,201,2,2022-01-27,2022-02-10,2022-02-12,2026-08-12T13:29:33.699965,loans.csv,2,MILD
2506,1250,3,2023-11-18,2023-12-02,2023-12-04,2026-08-12T13:29:33.699965,loans.csv,2,MILD
6795,1050,26,2024-09-04,2024-09-18,2024-09-15,2026-08-12T13:29:33.699965,loans.csv,0,ON TIME
5095,2377,6,2023-09-24,2023-10-08,2023-10-10,2026-08-12T13:29:33.699965,loans.csv,2,MILD
3716,2746,1,2023-06-28,2023-07-12,2023-06-29,2026-08-12T13:29:33.699965,loans.csv,0,ON TIME
3185,682,1,2024-10-04,2024-10-18,2024-10-13,2026-08-12T13:29:33.699965,loans.csv,0,ON TIME
7744,380,1,2023-02-14,2023-02-28,2023-02-26,2026-08-12T13:29:33.699965,loans.csv,0,ON TIME
3197,657,1,2022-11-28,2022-12-12,2022-12-01,2026-08-12T13:29:33.699965,loans.csv,0,ON TIME
8742,2762,1,2024-03-06,2024-03-20,2024-03-13,2026-08-12T13:29:33.699965,loans.csv,0,ON TIME
7208,57,26,2024-06-05,2024-06-19,2024-07-12,2026-08-12T13:29:33.699965,loans.csv,23,SEVERE
8639,525,2,2024-08-25,2024-09-08,2024-09-08,2026-08-12T13:29:33.699965,loans.csv,0,ON TIME
1173,2676,5,2021-03-05,2021-03-19,2021-03-26,2026-08-12T13:29:33.699965,loans.csv,7,MILD
4988,1694,1,2021-03-19,2021-04-02,2021-05-17,2026-08-12T13:29:33.699965,loans.csv,45,CRITICAL
4242,2253,1,2024-06-08,2024-06-22,2024-06-18,2026-08-12T13:29:33.699965,loans.csv,0,ON TIME
1617,2743,2,2024-12-04,2024-12-18,2024-12-11,2026-08-12T13:29:33.699965,loans.csv,0,ON TIME
2721,1967,2,2022-08-15,2022-08-29,2022-08-18,2026-08-12T13:29:33.699965,loans.csv,0,ON TIME
389,1042,2,2024-05-28,2024-06-11,2024-07-21,2026-08-12T13:29:33.699965,loans.csv,40,CRITICAL
5726,2735,1,2024-07-08,2024-07-22,2024-07-10,2026-08-12T13:29:33.699965,loans.csv,0,ON TIME
3727,124,2,2023-12-18,2024-01-01,2024-01-03,2026-08-12T13:29:33.699965,loans.csv,2,MILD
4811,1075,8,2022-12-04,2022-12-18,2022-12-08,2026-08-12T13:29:33.699965,loans.csv,0,ON TIME
4856,2248,6,2024-03-14,2024-03-28,2024-03-28,2026-08-12T13:29:33.699965,loans.csv,0,ON TIME
5891,767,2,2024-03-11,2024-03-25,2024-03-15,2026-08-12T13:29:33.699965,loans.csv,0,ON TIME
4151,2039,7,2024-08-10,2024-08-24,2024-08-17,2026-08-12T13:29:33.699965,loans.csv,0,ON TIME
7142,828,2,2023-11-03,2023-11-17,2023-11-13,2026-08-12T13:29:33.699965,loans.csv,0,ON TIME
9338,881,1,2024-09-25,2024-10-09,,2026-08-12T13:29:33.699965,loans.csv,672,CRITICAL
4168,2696,1,2023-09-20,2023-10-04,2023-10-03,2026-08-12T13:29:33.699965,loans.csv,0,ON TIME
5663,1280,1,2024-10-29,2024-11-12,,2026-08-12T13:29:33.699965,loans.csv,638,CRITICAL
607,2192,2,2020-04-12,2020-04-26,2020-04-14,2026-08-12T13:29:33.699965,loans.csv,0,ON TIME
1566,714,1,2024-04-17,2024-05-08,2024-04-22,2026-08-12T13:29:33.699965,loans.csv,0,ON TIME
4111,2421,1,2022-09-28,2022-10-12,2022-10-12,2026-08-12T13:29:33.699965,loans.csv,0,ON TIME
8119,646,2,2021-04-22,2021-05-06,2021-06-03,2026-08-12T13:29:33.699965,loans.csv,28,SEVERE
3678,1390,1,2020-07-09,2020-07-23,2020-07-15,2026-08-12T13:29:33.699965,loans.csv,0,ON TIME
5802,1803,1,2024-02-19,2024-03-04,2024-02-27,2026-08-12T13:29:33.699965,loans.csv,0,ON TIME
44,1998,3,2024-08-13,2024-08-27,2024-08-16,2026-08-12T13:29:33.699965,loans.csv,0,ON TIME
260,2268,4,2020-08-09,2020-08-23,2020-08-16,2026-08-12T13:29:33.699965,loans.csv,0,ON TIME
6288,2473,7,2024-03-11,2024-03-25,2024-03-20,2026-08-12T13:29:33.699965,loans.csv,0,ON TIME
9331,924,1,2024-08-07,2024-08-21,2024-08-16,2026-08-12T13:29:33.699965,loans.csv,0,ON TIME
8251,820,3,2024-07-21,2024-08-04,2024-07-25,2026-08-12T13:29:33.699965,loans.csv,0,ON TIME
7811,1156,2,2021-05-17,2021-05-31,2021-05-28,2026-08-12T13:29:33.699965,loans.csv,0,ON TIME
6208,2177,2,2024-06-13,2024-06-27,,2026-08-12T13:29:33.699965,loans.csv,776,CRITICAL
7963,438,1,2022-10-29,2022-11-12,,2026-08-12T13:29:33.699965,loans.csv,1369,CRITICAL
4540,2256,2,2024-08-17,2024-08-31,2024-08-28,2026-08-12T13:29:33.699965,loans.csv,0,ON TIME
3503,819,4,2023-05-05,2023-05-19,,2026-08-12T13:29:33.699965,loans.csv,1181,CRITICAL
6763,1338,1,2024-03-09,2024-03-23,2024-03-28,2026-08-12T13:29:33.699965,loans.csv,5,MILD
4066,802,2,2024-07-21,2024-08-04,2024-07-30,2026-08-12T13:29:33.699965,loans.csv,0,ON TIME
2939,940,1,2020-11-24,2020-12-08,2020-12-08,2026-08-12T13:29:33.699965,loans.csv,0,ON TIME
8555,1680,2,2023-02-26,2023-03-12,2023-03-12,2026-08-12T13:29:33.699965,loans.csv,0,ON TIME
9464,714,1,2024-12-16,2024-12-30,,2026-08-12T13:29:33.699965,loans.csv,590,CRITICAL
9392,17,1,2022-06-18,2022-07-09,,2026-08-12T13:29:33.699965,loans.csv,1495,CRITICAL
2469,402,1,2023-12-07,2023-12-21,2023-12-12,2026-08-12T13:29:33.699965,loans.csv,0,ON TIME
3709,2774,3,2023-01-09,2023-01-23,2023-01-12,2026-08-12T13:29:33.699965,loans.csv,0,ON TIME
1295,165,1,2024-08-06,2024-08-20,,2026-08-12T13:29:33.699965,loans.csv,722,CRITICAL
9073,1030,9,2024-05-30,2024-06-20,2024-06-23,2026-08-12T13:29:33.699965,loans.csv,3,MILD
629,1984,1,2024-06-26,2024-07-10,,2026-08-12T13:29:33.699965,loans.csv,763,CRITICAL
3452,677,1,2023-06-22,2023-07-06,2023-07-08,2026-08-12T13:29:33.699965,loans.csv,2,MILD
9413,1045,1,2023-07-02,2023-07-16,2023-07-23,2026-08-12T13:29:33.699965,loans.csv,7,MILD
7065,643,3,2024-05-13,2024-05-27,2024-05-26,2026-08-12T13:29:33.699965,loans.csv,0,ON TIME
463,2106,1,2020-02-20,2020-03-05,2020-03-09,2026-08-12T13:29:33.699965,loans.csv,4,MILD
9010,1976,47,2022-06-23,2022-07-07,2022-06-28,2026-08-12T13:29:33.699965,loans.csv,0,ON TIME
8292,152,3,2024-02-18,2024-03-03,2024-02-29,2026-08-12T13:29:33.699965,loans.csv,0,ON TIME
5551,1062,2,2024-03-27,2024-04-10,2024-04-16,2026-08-12T13:29:33.699965,loans.csv,6,MILD
4922,2163,2,2024-09-25,2024-10-09,2024-10-06,2026-08-12T13:29:33.699965,loans.csv,0,ON TIME
9118,1775,1,2024-03-14,2024-03-28,2024-03-28,2026-08-12T13:29:33.699965,loans.csv,0,ON TIME
1093,476,16,2022-11-19,2022-12-03,2022-12-06,2026-08-12T13:29:33.699965,loans.csv,3,MILD
6447,231,1,2023-03-13,2023-03-27,2023-04-21,2026-08-12T13:29:33.699965,loans.csv,25,SEVERE
7564,878,2,2023-12-22,2024-01-05,2023-12-26,2026-08-12T13:29:33.699965,loans.csv,0,ON TIME
2852,1547,2,2024-05-22,2024-06-05,,2026-08-12T13:29:33.699965,loans.csv,798,CRITICAL
7885,2572,4,2023-10-30,2023-11-13,2023-11-07,2026-08-12T13:29:33.699965,loans.csv,0,ON TIME
5405,821,63,2024-07-25,2024-08-08,2024-07-26,2026-08-12T13:29:33.699965,loans.csv,0,ON TIME
8441,92,12,2023-05-21,2023-06-04,2023-06-04,2026-08-12T13:29:33.699965,loans.csv,0,ON TIME
5546,761,5,2020-12-08,2020-12-22,2020-12-17,2026-08-12T13:29:33.699965,loans.csv,0,ON TIME
8856,2248,1,2024-08-14,2024-09-04,2024-09-10,2026-08-12T13:29:33.699965,loans.csv,6,MILD
9383,2520,22,2023-09-04,2023-09-18,2023-09-18,2026-08-12T13:29:33.699965,loans.csv,0,ON TIME
5044,1663,2,2022-03-10,2022-03-24,2022-03-26,2026-08-12T13:29:33.699965,loans.csv,2,MILD
1683,1774,60,2024-02-20,2024-03-05,2024-03-01,2026-08-12T13:29:33.699965,loans.csv,0,ON TIME
9564,651,5,2021-11-15,2021-11-29,2021-11-28,2026-08-12T13:29:33.699965,loans.csv,0,ON TIME
3285,2781,12,2023-08-15,2023-08-29,2023-08-28,2026-08-12T13:29:33.699965,loans.csv,0,ON TIME
3670,176,48,2021-10-29,2021-11-12,2021-11-06,2026-08-12T13:29:33.699965,loans.csv,0,ON TIME
7917,380,2,2023-11-25,2023-12-16,2023-12-12,2026-08-12T13:29:33.699965,loans.csv,0,ON TIME
2993,975,2,2024-05-21,2024-06-04,,2026-08-12T13:29:33.699965,loans.csv,799,CRITICAL
4544,1372,1,2021-03-10,2021-03-24,2021-03-23,2026-08-12T13:29:33.699965,loans.csv,0,ON TIME
210,2311,1,2024-11-23,2024-12-07,2024-12-07,2026-08-12T13:29:33.699965,loans.csv,0,ON TIME
9235,593,18,2024-07-14,2024-07-28,2024-07-22,2026-08-12T13:29:33.699965,loans.csv,0,ON TIME
9253,2159,2,2022-04-23,2022-05-14,2022-05-18,2026-08-12T13:29:33.699965,loans.csv,4,MILD
5363,1991,10,2023-07-22,2023-08-12,2023-07-30,2026-08-12T13:29:33.699965,loans.csv,0,ON TIME
337,680,1,2024-01-26,2024-02-09,2024-01-29,2026-08-12T13:29:33.699965,loans.csv,0,ON TIME
1684,2015,1,2024-10-15,2024-10-29,2024-10-27,2026-08-12T13:29:33.699965,loans.csv,0,ON TIME
6003,2358,3,2023-08-23,2023-09-06,2023-09-23,2026-08-12T13:29:33.699965,loans.csv,17,SEVERE
4631,38,2,2023-09-21,2023-10-05,2023-09-29,2026-08-12T13:29:33.699965,loans.csv,0,ON TIME
3841,1582,6,2024-02-15,2024-02-29,2024-02-17,2026-08-12T13:29:33.699965,loans.csv,0,ON TIME
6270,1034,5,2024-02-10,2024-02-24,2024-02-12,2026-08-12T13:29:33.699965,loans.csv,0,ON TIME
8626,1845,1,2024-09-29,2024-10-13,2024-10-06,2026-08-12T13:29:33.699965,loans.csv,0,ON TIME
8368,2254,16,2024-06-05,2024-06-19,2024-06-24,2026-08-12T13:29:33.699965,loans.csv,5,MILD
5332,2018,1,2024-06-11,2024-06-25,2024-06-29,2026-08-12T13:29:33.699965,loans.csv,4,MILD
6829,802,4,2020-10-11,2020-10-25,2020-10-24,2026-08-12T13:29:33.699965,loans.csv,0,ON TIME
3815,2489,1,2024-08-13,2024-08-27,2024-09-03,2026-08-12T13:29:33.699965,loans.csv,7,MILD
7980,1231,63,2020-12-01,2020-12-15,2020-12-09,2026-08-12T13:29:33.699965,loans.csv,0,ON TIME
4347,814,1,2023-05-31,2023-06-14,2023-06-04,2026-08-12T13:29:33.699965,loans.csv,0,ON TIME
6939,1308,22,2024-11-14,2024-11-28,2024-11-24,2026-08-12T13:29:33.699965,loans.csv,0,ON TIME
1537,2317,1,2023-07-01,2023-07-15,2023-07-08,2026-08-12T13:29:33.699965,loans.csv,0,ON TIME
6084,1028,3,2022-03-05,2022-03-19,,2026-08-12T13:29:33.699965,loans.csv,1607,CRITICAL
178,2086,1,2024-05-12,2024-05-26,2024-05-21,2026-08-12T13:29:33.699965,loans.csv,0,ON TIME
5870,1349,2,2024-06-08,2024-06-22,2024-06-18,2026-08-12T13:29:33.699965,loans.csv,0,ON TIME
6461,1528,1,2024-07-22,2024-08-05,,2026-08-12T13:29:33.699965,loans.csv,737,CRITICAL
1107,105,4,2024-07-14,2024-07-28,2024-07-19,2026-08-12T13:29:33.699965,loans.csv,0,ON TIME
9604,528,1,2023-05-26,2023-06-09,2023-06-04,2026-08-12T13:29:33.699965,loans.csv,0,ON TIME
6444,612,61,2021-04-11,2021-04-25,2021-04-14,2026-08-12T13:29:33.699965,loans.csv,0,ON TIME
7134,2253,12,2024-12-04,2024-12-18,2024-12-16,2026-08-12T13:29:33.699965,loans.csv,0,ON TIME
1261,657,1,2024-11-22,2024-12-06,2024-12-07,2026-08-12T13:29:33.699965,loans.csv,1,MILD
1865,676,1,2024-02-24,2024-03-09,2024-03-06,2026-08-12T13:29:33.699965,loans.csv,0,ON TIME
5693,960,4,2021-06-10,2021-06-24,,2026-08-12T13:29:33.699965,loans.csv,1875,CRITICAL
7164,2445,1,2024-06-11,2024-06-25,2024-06-18,2026-08-12T13:29:33.699965,loans.csv,0,ON TIME
9349,1153,1,2023-04-08,2023-04-22,2023-04-17,2026-08-12T13:29:33.699965,loans.csv,0,ON TIME
2748,2572,1,2024-05-21,2024-06-11,2024-06-12,2026-08-12T13:29:33.699965,loans.csv,1,MILD
4429,2610,1,2023-02-27,2023-03-13,2023-03-08,2026-08-12T13:29:33.699965,loans.csv,0,ON TIME
3226,2511,3,2023-09-14,2023-09-28,2023-09-17,2026-08-12T13:29:33.699965,loans.csv,0,ON TIME
8132,1030,48,2024-10-03,2024-10-17,2024-10-21,2026-08-12T13:29:33.699965,loans.csv,4,MILD
3752,905,1,2024-12-11,2024-12-25,,2026-08-12T13:29:33.699965,loans.csv,595,CRITICAL
2288,1549,3,2024-01-16,2024-01-30,2024-01-30,2026-08-12T13:29:33.699965,loans.csv,0,ON TIME
7341,481,15,2023-06-12,2023-06-26,2023-06-14,2026-08-12T13:29:33.699965,loans.csv,0,ON TIME
2679,2558,2,2024-03-31,2024-04-14,2024-04-08,2026-08-12T13:29:33.699965,loans.csv,0,ON TIME
8752,450,3,2023-02-23,2023-03-16,2023-03-13,2026-08-12T13:29:33.699965,loans.csv,0,ON TIME
5495,872,1,2024-04-16,2024-04-30,2024-04-17,2026-08-12T13:29:33.699965,loans.csv,0,ON TIME
8371,2620,2,2024-09-14,2024-09-28,2024-09-30,2026-08-12T13:29:33.699965,loans.csv,2,MILD
6683,1306,2,2023-11-26,2023-12-17,2023-11-29,2026-08-12T13:29:33.699965,loans.csv,0,ON TIME
158,1944,8,2022-03-30,2022-04-13,2022-04-16,2026-08-12T13:29:33.699965,loans.csv,3,MILD
3399,102,5,2023-01-05,2023-01-19,2023-01-31,2026-08-12T13:29:33.699965,loans.csv,12,SEVERE
8462,804,3,2024-08-18,2024-09-01,2024-08-27,2026-08-12T13:29:33.699965,loans.csv,0,ON TIME
3555,147,1,2023-03-14,2023-03-28,2023-04-09,2026-08-12T13:29:33.699965,loans.csv,12,SEVERE
6095,1118,1,2023-11-12,2023-11-26,,2026-08-12T13:29:33.699965,loans.csv,990,CRITICAL
5373,347,3,2024-09-22,2024-10-06,2024-09-27,2026-08-12T13:29:33.699965,loans.csv,0,ON TIME
9144,2035,26,2022-12-12,2023-01-02,2022-12-27,2026-08-12T13:29:33.699965,loans.csv,0,ON TIME
1791,1942,1,2024-11-24,2024-12-08,2024-12-07,2026-08-12T13:29:33.699965,loans.csv,0,ON TIME
551,2742,4,2024-04-26,2024-05-10,2024-04-27,2026-08-12T13:29:33.699965,loans.csv,0,ON TIME
371,907,2,2023-06-22,2023-07-06,2023-06-25,2026-08-12T13:29:33.699965,loans.csv,0,ON TIME
5140,2336,5,2024-05-28,2024-06-11,2024-06-15,2026-08-12T13:29:33.699965,loans.csv,4,MILD
1510,1434,2,2024-09-28,2024-10-19,2024-10-09,2026-08-12T13:29:33.699965,loans.csv,0,ON TIME
9327,1750,2,2022-04-13,2022-04-27,2022-04-25,2026-08-12T13:29:33.699965,loans.csv,0,ON TIME
8799,473,2,2024-10-29,2024-11-12,2024-11-04,2026-08-12T13:29:33.699965,loans.csv,0,ON TIME
4730,2106,7,2023-10-28,2023-11-11,2023-10-30,2026-08-12T13:29:33.699965,loans.csv,0,ON TIME
8377,233,2,2024-10-06,2024-10-20,2024-10-12,2026-08-12T13:29:33.699965,loans.csv,0,ON TIME
4317,1197,3,2024-01-31,2024-02-14,2024-02-20,2026-08-12T13:29:33.699965,loans.csv,6,MILD
5184,2518,6,2024-01-29,2024-02-12,2024-02-02,2026-08-12T13:29:33.699965,loans.csv,0,ON TIME
2807,44,3,2022-11-08,2022-11-22,,2026-08-12T13:29:33.699965,loans.csv,1359,CRITICAL
7157,2476,1,2024-12-07,2024-12-28,2024-12-26,2026-08-12T13:29:33.699965,loans.csv,0,ON TIME
7114,2572,1,2020-10-28,2020-11-11,2020-11-08,2026-08-12T13:29:33.699965,loans.csv,0,ON TIME
2806,677,1,2024-02-28,2024-03-13,2024-03-02,2026-08-12T13:29:33.699965,loans.csv,0,ON TIME
1476,2229,1,2023-07-19,2023-08-02,2023-08-04,2026-08-12T13:29:33.699965,loans.csv,2,MILD
5361,2478,8,2021-10-31,2021-11-14,,2026-08-12T13:29:33.699965,loans.csv,1732,CRITICAL
1848,1562,1,2023-11-26,2023-12-10,2023-12-07,2026-08-12T13:29:33.699965,loans.csv,0,ON TIME
6001,2639,1,2024-11-21,2024-12-05,2024-12-11,2026-08-12T13:29:33.699965,loans.csv,6,MILD
3743,1697,3,2024-03-22,2024-04-05,2024-04-04,2026-08-12T13:29:33.699965,loans.csv,0,ON TIME
6105,4,1,2023-09-30,2023-10-14,2023-10-13,2026-08-12T13:29:33.699965,loans.csv,0,ON TIME
7635,1564,1,2023-05-31,2023-06-14,2023-06-14,2026-08-12T13:29:33.699965,loans.csv,0,ON TIME
6430,2400,1,2024-04-01,2024-04-15,2024-04-13,2026-08-12T13:29:33.699965,loans.csv,0,ON TIME
3888,2445,3,2024-09-03,2024-09-17,2024-09-16,2026-08-12T13:29:33.699965,loans.csv,0,ON TIME
2297,1147,60,2024-08-07,2024-08-21,2024-08-17,2026-08-12T13:29:33.699965,loans.csv,0,ON TIME
7790,1796,3,2023-06-23,2023-07-07,2023-06-24,2026-08-12T13:29:33.699965,loans.csv,0,ON TIME
2448,957,1,2022-12-15,2022-12-29,,2026-08-12T13:29:33.699965,loans.csv,1322,CRITICAL
6639,1994,2,2024-09-20,2024-10-04,2024-09-30,2026-08-12T13:29:33.699965,loans.csv,0,ON TIME
704,1496,6,2023-09-06,2023-09-20,2023-09-22,2026-08-12T13:29:33.699965,loans.csv,2,MILD
9572,979,76,2023-07-08,2023-07-22,2023-07-26,2026-08-12T13:29:33.699965,loans.csv,4,MILD
5803,2525,1,2022-02-05,2022-02-19,2022-02-16,2026-08-12T13:29:33.699965,loans.csv,0,ON TIME
1744,1197,1,2022-11-14,2022-11-28,2022-11-16,2026-08-12T13:29:33.699965,loans.csv,0,ON TIME
6462,34,1,2024-12-06,2024-12-20,2024-12-10,2026-08-12T13:29:33.699965,loans.csv,0,ON TIME
7393,907,35,2024-11-25,2024-12-09,,2026-08-12T13:29:33.699965,loans.csv,611,CRITICAL
4668,1154,10,2024-11-14,2024-12-05,2024-12-09,2026-08-12T13:29:33.699965,loans.csv,4,MILD
5390,1611,1,2023-05-02,2023-05-23,2023-05-05,2026-08-12T13:29:33.699965,loans.csv,0,ON TIME
5621,1425,3,2024-07-16,2024-07-30,2024-08-01,2026-08-12T13:29:33.699965,loans.csv,2,MILD
985,2235,1,2023-09-11,2023-10-02,2023-10-08,2026-08-12T13:29:33.699965,loans.csv,6,MILD
261,1052,13,2023-08-07,2023-08-21,2023-08-18,2026-08-12T13:29:33.699965,loans.csv,0,ON TIME
9336,1998,1,2024-09-03,2024-09-17,2024-09-16,2026-08-12T13:29:33.699965,loans.csv,0,ON TIME
1787,2380,3,2023-04-02,2023-04-16,2023-04-03,2026-08-12T13:29:33.699965,loans.csv,0,ON TIME
8129,904,9,2022-10-09,2022-10-23,2022-10-25,2026-08-12T13:29:33.699965,loans.csv,2,MILD
9185,1015,2,2024-01-22,2024-02-05,2024-01-29,2026-08-12T13:29:33.699965,loans.csv,0,ON TIME
3075,464,51,2021-05-11,2021-05-25,2021-05-18,2026-08-12T13:29:33.699965,loans.csv,0,ON TIME
2935,122,2,2023-12-03,2023-12-24,2023-12-24,2026-08-12T13:29:33.699965,loans.csv,0,ON TIME
7296,143,11,2024-11-04,2024-11-18,2024-11-18,2026-08-12T13:29:33.699965,loans.csv,0,ON TIME
1775,785,9,2024-06-30,2024-07-14,2024-07-04,2026-08-12T13:29:33.699965,loans.csv,0,ON TIME
5974,1141,2,2021-08-20,2021-09-03,2021-08-23,2026-08-12T13:29:33.699965,loans.csv,0,ON TIME
1980,35,2,2024-02-12,2024-02-26,,2026-08-12T13:29:33.699965,loans.csv,898,CRITICAL
729,1392,5,2023-12-13,2023-12-27,2024-01-03,2026-08-12T13:29:33.699965,loans.csv,7,MILD
8394,454,1,2024-09-03,2024-09-24,2024-09-05,2026-08-12T13:29:33.699965,loans.csv,0,ON TIME
667,1649,3,2024-07-24,2024-08-07,2024-08-14,2026-08-12T13:29:33.699965,loans.csv,7,MILD
9256,1544,1,2024-09-08,2024-09-22,,2026-08-12T13:29:33.699965,loans.csv,689,CRITICAL
3921,870,2,2024-04-03,2024-04-17,2024-04-05,2026-08-12T13:29:33.699965,loans.csv,0,ON TIME
9183,1944,7,2021-03-09,2021-03-23,2021-03-26,2026-08-12T13:29:33.699965,loans.csv,3,MILD
8468,2686,1,2024-11-28,2024-12-19,2024-12-14,2026-08-12T13:29:33.699965,loans.csv,0,ON TIME
8120,1383,1,2024-06-18,2024-07-02,2024-06-25,2026-08-12T13:29:33.699965,loans.csv,0,ON TIME
3067,2538,1,2022-01-11,2022-02-01,2022-01-29,2026-08-12T13:29:33.699965,loans.csv,0,ON TIME
211,2600,1,2023-01-16,2023-01-30,2023-01-19,2026-08-12T13:29:33.699965,loans.csv,0,ON TIME
5493,858,94,2024-04-30,2024-05-14,,2026-08-12T13:29:33.699965,loans.csv,820,CRITICAL
2828,2401,23,2023-09-21,2023-10-12,2023-10-04,2026-08-12T13:29:33.699965,loans.csv,0,ON TIME
7522,422,1,2024-06-01,2024-06-15,2024-06-19,2026-08-12T13:29:33.699965,loans.csv,4,MILD
4438,2144,151,2023-09-18,2023-10-02,2023-09-24,2026-08-12T13:29:33.699965,loans.csv,0,ON TIME
4260,2693,1,2022-01-01,2022-01-15,2022-01-22,2026-08-12T13:29:33.699965,loans.csv,7,MILD
5464,863,108,2021-07-11,2021-07-25,2021-07-30,2026-08-12T13:29:33.699965,loans.csv,5,MILD
149,629,1,2024-08-25,2024-09-08,2024-09-02,2026-08-12T13:29:33.699965,loans.csv,0,ON TIME
4642,1225,1,2023-08-03,2023-08-24,2023-08-13,2026-08-12T13:29:33.699965,loans.csv,0,ON TIME
5869,668,3,2022-12-04,2022-12-18,2022-12-13,2026-08-12T13:29:33.699965,loans.csv,0,ON TIME
4689,1893,6,2022-11-08,2022-11-22,2022-11-23,2026-08-12T13:29:33.699965,loans.csv,1,MILD
3076,1582,1,2024-03-27,2024-04-10,2024-04-10,2026-08-12T13:29:33.699965,loans.csv,0,ON TIME
7404,528,5,2023-08-25,2023-09-15,2023-08-26,2026-08-12T13:29:33.699965,loans.csv,0,ON TIME
8621,2517,7,2023-10-22,2023-11-05,,2026-08-12T13:29:33.699965,loans.csv,1011,CRITICAL
264,1466,1,2022-12-03,2022-12-24,,2026-08-12T13:29:33.699965,loans.csv,1327,CRITICAL
5684,2671,1,2023-10-29,2023-11-12,,2026-08-12T13:29:33.699965,loans.csv,1004,CRITICAL
2203,2658,1,2024-09-10,2024-09-24,2024-09-12,2026-08-12T13:29:33.699965,loans.csv,0,ON TIME
1694,1661,4,2023-01-11,2023-01-25,2023-01-13,2026-08-12T13:29:33.699965,loans.csv,0,ON TIME
1582,1735,1,2024-09-24,2024-10-08,2024-09-27,2026-08-12T13:29:33.699965,loans.csv,0,ON TIME
1852,62,2,2024-02-18,2024-03-03,2024-02-25,2026-08-12T13:29:33.699965,loans.csv,0,ON TIME
4290,1092,1,2021-05-28,2021-06-11,2021-05-31,2026-08-12T13:29:33.699965,loans.csv,0,ON TIME
4089,2509,1,2022-03-10,2022-03-24,2022-03-23,2026-08-12T13:29:33.699965,loans.csv,0,ON TIME
8038,2248,3,2024-04-18,2024-05-02,2024-04-29,2026-08-12T13:29:33.699965,loans.csv,0,ON TIME
4692,311,1,2023-12-19,2024-01-02,2024-01-01,2026-08-12T13:29:33.699965,loans.csv,0,ON TIME
1608,1967,4,2023-04-21,2023-05-12,,2026-08-12T13:29:33.699965,loans.csv,1188,CRITICAL
660,1882,4,2024-02-04,2024-02-18,2024-02-06,2026-08-12T13:29:33.699965,loans.csv,0,ON TIME
605,1840,5,2022-11-11,2022-12-02,,2026-08-12T13:29:33.699965,loans.csv,1349,CRITICAL
6031,2594,12,2024-06-21,2024-07-05,2024-06-24,2026-08-12T13:29:33.699965,loans.csv,0,ON TIME
818,2220,1,2022-04-21,2022-05-05,2022-05-05,2026-08-12T13:29:33.699965,loans.csv,0,ON TIME
8486,1035,6,2020-10-02,2020-10-16,2020-10-16,2026-08-12T13:29:33.699965,loans.csv,0,ON TIME
469,94,11,2023-02-15,2023-03-01,2023-03-04,2026-08-12T13:29:33.699965,loans.csv,3,MILD
2982,933,5,2024-03-29,2024-04-12,2024-04-12,2026-08-12T13:29:33.699965,loans.csv,0,ON TIME
8989,421,8,2022-08-20,2022-09-03,2022-08-23,2026-08-12T13:29:33.699965,loans.csv,0,ON TIME
1177,1811,1,2020-10-15,2020-10-29,2020-10-29,2026-08-12T13:29:33.699965,loans.csv,0,ON TIME
5889,1992,2,2022-11-09,2022-11-23,2022-11-20,2026-08-12T13:29:33.699965,loans.csv,0,ON TIME
2827,2445,2,2024-10-26,2024-11-09,2024-11-22,2026-08-12T13:29:33.699965,loans.csv,13,SEVERE
1894,1472,3,2024-12-05,2024-12-19,2024-12-26,2026-08-12T13:29:33.699965,loans.csv,7,MILD
3657,2512,1,2024-03-08,2024-03-22,2024-03-12,2026-08-12T13:29:33.699965,loans.csv,0,ON TIME
5350,667,3,2024-06-26,2024-07-10,2024-06-27,2026-08-12T13:29:33.699965,loans.csv,0,ON TIME
3354,2645,2,2023-06-04,2023-06-18,2023-06-08,2026-08-12T13:29:33.699965,loans.csv,0,ON TIME
561,1299,9,2024-04-23,2024-05-07,2024-04-26,2026-08-12T13:29:33.699965,loans.csv,0,ON TIME
3173,1874,2,2024-05-28,2024-06-11,2024-07-10,2026-08-12T13:29:33.699965,loans.csv,29,SEVERE
688,488,16,2022-11-15,2022-11-29,2022-11-18,2026-08-12T13:29:33.699965,loans.csv,0,ON TIME
4414,240,3,2024-01-19,2024-02-02,,2026-08-12T13:29:33.699965,loans.csv,922,CRITICAL
7749,1767,9,2022-09-19,2022-10-03,2022-10-06,2026-08-12T13:29:33.699965,loans.csv,3,MILD
223,2032,2,2023-12-25,2024-01-08,2024-01-07,2026-08-12T13:29:33.699965,loans.csv,0,ON TIME
4281,223,1,2024-12-25,2025-01-15,,2026-08-12T13:29:33.699965,loans.csv,574,CRITICAL
4191,2545,6,2022-05-20,2022-06-03,2022-05-23,2026-08-12T13:29:33.699965,loans.csv,0,ON TIME
1445,1061,11,2024-07-26,2024-08-09,2024-08-09,2026-08-12T13:29:33.699965,loans.csv,0,ON TIME
3153,1914,34,2020-10-24,2020-11-07,2020-11-11,2026-08-12T13:29:33.699965,loans.csv,4,MILD
6121,1988,1,2023-01-09,2023-01-30,2023-02-06,2026-08-12T13:29:33.699965,loans.csv,7,MILD
3967,2198,3,2022-04-16,2022-04-30,2022-04-24,2026-08-12T13:29:33.699965,loans.csv,0,ON TIME
4033,290,1,2024-07-04,2024-07-18,2024-07-06,2026-08-12T13:29:33.699965,loans.csv,0,ON TIME
5201,1081,2,2024-10-26,2024-11-09,2024-11-29,2026-08-12T13:29:33.699965,loans.csv,20,SEVERE
2888,2692,2,2024-02-11,2024-02-25,2024-02-23,2026-08-12T13:29:33.699965,loans.csv,0,ON TIME
2619,2675,2,2024-02-17,2024-03-09,2024-03-15,2026-08-12T13:29:33.699965,loans.csv,6,MILD
4091,2250,14,2024-03-10,2024-03-24,,2026-08-12T13:29:33.699965,loans.csv,871,CRITICAL
6493,253,1,2023-12-24,2024-01-07,2024-01-06,2026-08-12T13:29:33.699965,loans.csv,0,ON TIME
9420,2759,4,2021-08-18,2021-09-01,2021-08-19,2026-08-12T13:29:33.699965,loans.csv,0,ON TIME
3271,1078,1,2023-08-23,2023-09-06,2023-09-09,2026-08-12T13:29:33.699965,loans.csv,3,MILD
6515,800,2,2023-08-04,2023-08-18,2023-08-18,2026-08-12T13:29:33.699965,loans.csv,0,ON TIME
7139,87,5,2021-10-21,2021-11-04,2021-11-01,2026-08-12T13:29:33.699965,loans.csv,0,ON TIME
526,2337,2,2020-12-26,2021-01-09,2021-01-15,2026-08-12T13:29:33.699965,loans.csv,6,MILD
3420,1523,1,2024-07-08,2024-07-22,2024-07-10,2026-08-12T13:29:33.699965,loans.csv,0,ON TIME
8117,1845,2,2024-05-07,2024-05-21,2024-05-14,2026-08-12T13:29:33.699965,loans.csv,0,ON TIME
5537,2272,1,2024-07-19,2024-08-02,2024-07-24,2026-08-12T13:29:33.699965,loans.csv,0,ON TIME
282,1683,154,2024-02-22,2024-03-07,2024-03-02,2026-08-12T13:29:33.699965,loans.csv,0,ON TIME
300,767,1,2024-12-17,2024-12-31,,2026-08-12T13:29:33.699965,loans.csv,589,CRITICAL
5922,663,81,2024-07-22,2024-08-05,2024-07-23,2026-08-12T13:29:33.699965,loans.csv,0,ON TIME
9434,1156,1,2021-06-03,2021-06-17,2021-06-14,2026-08-12T13:29:33.699965,loans.csv,0,ON TIME
1083,1754,2,2024-09-24,2024-10-08,2024-10-07,2026-08-12T13:29:33.699965,loans.csv,0,ON TIME
1524,2735,26,2022-05-23,2022-06-06,2022-06-13,2026-08-12T13:29:33.699965,loans.csv,7,MILD
8085,485,1,2024-05-20,2024-06-10,2024-06-02,2026-08-12T13:29:33.699965,loans.csv,0,ON TIME
4407,2262,16,2024-08-16,2024-08-30,2024-09-03,2026-08-12T13:29:33.699965,loans.csv,4,MILD
3167,38,1,2023-01-16,2023-01-30,,2026-08-12T13:29:33.699965,loans.csv,1290,CRITICAL
14,450,1,2024-05-16,2024-05-30,2024-06-06,2026-08-12T13:29:33.699965,loans.csv,7,MILD
1461,1161,1,2023-05-21,2023-06-11,2023-05-23,2026-08-12T13:29:33.699965,loans.csv,0,ON TIME
2371,2704,3,2021-12-31,2022-01-14,2022-01-07,2026-08-12T13:29:33.699965,loans.csv,0,ON TIME
4687,1961,11,2024-09-15,2024-10-06,2024-10-13,2026-08-12T13:29:33.699965,loans.csv,7,MILD
9218,446,6,2024-05-08,2024-05-29,2024-05-10,2026-08-12T13:29:33.699965,loans.csv,0,ON TIME
5054,1118,16,2023-10-05,2023-10-19,2023-10-17,2026-08-12T13:29:33.699965,loans.csv,0,ON TIME
4370,901,1,2022-03-11,2022-03-25,2022-03-13,2026-08-12T13:29:33.699965,loans.csv,0,ON TIME
5608,1255,22,2021-11-14,2021-11-28,2021-11-17,2026-08-12T13:29:33.699965,loans.csv,0,ON TIME
8661,1360,61,2023-12-11,2023-12-25,2023-12-12,2026-08-12T13:29:33.699965,loans.csv,0,ON TIME
4724,271,23,2024-10-27,2024-11-10,2024-10-31,2026-08-12T13:29:33.699965,loans.csv,0,ON TIME
748,406,1,2023-11-06,2023-11-20,,2026-08-12T13:29:33.699965,loans.csv,996,CRITICAL
4549,2528,1,2024-04-23,2024-05-07,2024-04-25,2026-08-12T13:29:33.699965,loans.csv,0,ON TIME
4323,516,1,2024-09-20,2024-10-04,2024-09-27,2026-08-12T13:29:33.699965,loans.csv,0,ON TIME
9096,1582,3,2023-09-13,2023-09-27,2023-09-27,2026-08-12T13:29:33.699965,loans.csv,0,ON TIME
7873,629,1,2022-05-25,2022-06-15,2022-06-20,2026-08-12T13:29:33.699965,loans.csv,5,MILD
8285,2061,83,2024-05-09,2024-05-23,2024-05-15,2026-08-12T13:29:33.699965,loans.csv,0,ON TIME
8335,2672,1,2021-06-25,2021-07-09,2021-07-07,2026-08-12T13:29:33.699965,loans.csv,0,ON TIME
4253,661,1,2024-08-03,2024-08-24,2024-08-14,2026-08-12T13:29:33.699965,loans.csv,0,ON TIME
6118,2719,6,2024-09-01,2024-09-22,2024-09-09,2026-08-12T13:29:33.699965,loans.csv,0,ON TIME
6830,1925,46,2023-12-04,2023-12-18,2023-12-13,2026-08-12T13:29:33.699965,loans.csv,0,ON TIME
2607,2313,153,2021-07-07,2021-07-21,2021-07-12,2026-08-12T13:29:33.699965,loans.csv,0,ON TIME
8883,1121,5,2022-03-06,2022-03-20,2022-03-09,2026-08-12T13:29:33.699965,loans.csv,0,ON TIME
4495,2154,1,2022-04-25,2022-05-09,2022-05-10,2026-08-12T13:29:33.699965,loans.csv,1,MILD
6777,758,1,2023-05-27,2023-06-17,2023-07-25,2026-08-12T13:29:33.699965,loans.csv,38,CRITICAL
1499,1684,1,2022-01-05,2022-01-19,2022-01-14,2026-08-12T13:29:33.699965,loans.csv,0,ON TIME
7109,1893,7,2021-07-25,2021-08-08,2021-08-12,2026-08-12T13:29:33.699965,loans.csv,4,MILD
8359,1364,1,2024-11-11,2024-11-25,2025-01-05,2026-08-12T13:29:33.699965,loans.csv,41,CRITICAL
4590,128,1,2023-01-19,2023-02-02,2023-02-04,2026-08-12T13:29:33.699965,loans.csv,2,MILD
7743,1294,11,2023-09-25,2023-10-09,2023-09-29,2026-08-12T13:29:33.699965,loans.csv,0,ON TIME
4571,482,1,2024-07-31,2024-08-14,2024-08-12,2026-08-12T13:29:33.699965,loans.csv,0,ON TIME
5399,1392,2,2021-09-11,2021-10-02,2021-10-07,2026-08-12T13:29:33.699965,loans.csv,5,MILD
9363,1648,1,2024-10-02,2024-10-16,2024-10-22,2026-08-12T13:29:33.699965,loans.csv,6,MILD
8139,771,15,2022-11-13,2022-11-27,2022-11-17,2026-08-12T13:29:33.699965,loans.csv,0,ON TIME
3524,235,5,2020-10-02,2020-10-16,2020-10-16,2026-08-12T13:29:33.699965,loans.csv,0,ON TIME
1591,2626,5,2024-05-25,2024-06-08,2024-05-26,2026-08-12T13:29:33.699965,loans.csv,0,ON TIME
7763,2542,22,2023-11-17,2023-12-01,2023-12-07,2026-08-12T13:29:33.699965,loans.csv,6,MILD
8726,2418,15,2022-03-20,2022-04-03,2022-03-31,2026-08-12T13:29:33.699965,loans.csv,0,ON TIME
5413,2199,1,2024-07-04,2024-07-18,2024-07-09,2026-08-12T13:29:33.699965,loans.csv,0,ON TIME
1780,394,2,2022-08-26,2022-09-09,2022-09-07,2026-08-12T13:29:33.699965,loans.csv,0,ON TIME
6907,2782,1,2021-08-28,2021-09-11,2021-09-18,2026-08-12T13:29:33.699965,loans.csv,7,MILD
2145,1979,37,2023-06-05,2023-06-19,2023-07-28,2026-08-12T13:29:33.699965,loans.csv,39,CRITICAL
5708,1627,19,2020-02-23,2020-03-08,2020-03-17,2026-08-12T13:29:33.699965,loans.csv,9,SEVERE
3416,848,71,2024-05-01,2024-05-15,2024-05-07,2026-08-12T13:29:33.699965,loans.csv,0,ON TIME
465,1006,14,2024-07-22,2024-08-05,2024-08-07,2026-08-12T13:29:33.699965,loans.csv,2,MILD
3581,2199,24,2024-03-06,2024-03-20,2024-03-14,2026-08-12T13:29:33.699965,loans.csv,0,ON TIME
9075,1552,1,2023-11-30,2023-12-14,2023-12-05,2026-08-12T13:29:33.699965,loans.csv,0,ON TIME
1077,1348,1,2021-08-08,2021-08-22,2021-08-21,2026-08-12T13:29:33.699965,loans.csv,0,ON TIME
2039,1595,1,2024-10-24,2024-11-07,2024-11-11,2026-08-12T13:29:33.699965,loans.csv,4,MILD
5498,1979,1,2021-06-21,2021-07-12,2021-06-27,2026-08-12T13:29:33.699965,loans.csv,0,ON TIME
1988,2785,1,2023-08-30,2023-09-13,,2026-08-12T13:29:33.699965,loans.csv,1064,CRITICAL
3050,2155,1,2023-06-18,2023-07-02,2023-06-23,2026-08-12T13:29:33.699965,loans.csv,0,ON TIME
1422,590,1,2022-09-08,2022-09-22,2022-09-12,2026-08-12T13:29:33.699965,loans.csv,0,ON TIME
3111,728,1,2023-01-23,2023-02-06,2023-01-31,2026-08-12T13:29:33.699965,loans.csv,0,ON TIME
3410,2571,3,2024-11-08,2024-11-29,2024-11-10,2026-08-12T13:29:33.699965,loans.csv,0,ON TIME
2911,1607,1,2024-05-21,2024-06-04,2024-06-09,2026-08-12T13:29:33.699965,loans.csv,5,MILD
4285,2106,4,2021-02-13,2021-02-27,2021-02-21,2026-08-12T13:29:33.699965,loans.csv,0,ON TIME
3821,1926,31,2023-02-09,2023-02-23,2023-02-11,2026-08-12T13:29:33.699965,loans.csv,0,ON TIME
5169,1345,1,2023-09-07,2023-09-28,2023-11-11,2026-08-12T13:29:33.699965,loans.csv,44,CRITICAL
3862,2795,2,2020-05-31,2020-06-21,2020-06-18,2026-08-12T13:29:33.699965,loans.csv,0,ON TIME
2422,1161,1,2023-08-18,2023-09-01,2023-09-03,2026-08-12T13:29:33.699965,loans.csv,2,MILD
2753,2280,1,2024-07-26,2024-08-09,2024-08-06,2026-08-12T13:29:33.699965,loans.csv,0,ON TIME
5557,469,1,2020-12-19,2021-01-02,2021-01-30,2026-08-12T13:29:33.699965,loans.csv,28,SEVERE
1495,336,8,2023-07-01,2023-07-15,2023-07-12,2026-08-12T13:29:33.699965,loans.csv,0,ON TIME
4117,1632,1,2024-03-22,2024-04-05,2024-04-11,2026-08-12T13:29:33.699965,loans.csv,6,MILD
3206,1653,3,2024-02-06,2024-02-20,2024-02-07,2026-08-12T13:29:33.699965,loans.csv,0,ON TIME
8984,1740,71,2022-07-21,2022-08-11,2022-08-07,2026-08-12T13:29:33.699965,loans.csv,0,ON TIME
4761,960,1,2024-04-19,2024-05-03,2024-06-09,2026-08-12T13:29:33.699965,loans.csv,37,CRITICAL
717,927,37,2024-11-24,2024-12-15,2024-12-10,2026-08-12T13:29:33.699965,loans.csv,0,ON TIME
7971,102,2,2023-08-24,2023-09-14,2023-09-01,2026-08-12T13:29:33.699965,loans.csv,0,ON TIME
7432,1787,1,2024-05-07,2024-05-21,2024-05-11,2026-08-12T13:29:33.699965,loans.csv,0,ON TIME
6324,2720,1,2024-02-27,2024-03-12,2024-02-29,2026-08-12T13:29:33.699965,loans.csv,0,ON TIME
1257,2498,1,2023-03-23,2023-04-13,2023-04-13,2026-08-12T13:29:33.699965,loans.csv,0,ON TIME
6067,933,19,2024-10-10,2024-10-31,2024-10-16,2026-08-12T13:29:33.699965,loans.csv,0,ON TIME
9065,1896,1,2024-04-28,2024-05-12,2024-05-05,2026-08-12T13:29:33.699965,loans.csv,0,ON TIME
4886,509,1,2023-01-20,2023-02-03,2023-01-30,2026-08-12T13:29:33.699965,loans.csv,0,ON TIME
8230,1991,5,2024-04-16,2024-04-30,2024-04-30,2026-08-12T13:29:33.699965,loans.csv,0,ON TIME
6358,934,1,2021-01-20,2021-02-03,2021-01-28,2026-08-12T13:29:33.699965,loans.csv,0,ON TIME
4022,34,2,2024-09-30,2024-10-14,,2026-08-12T13:29:33.699965,loans.csv,667,CRITICAL
6614,855,1,2020-11-05,2020-11-19,2020-11-26,2026-08-12T13:29:33.699965,loans.csv,7,MILD
3460,1139,3,2024-08-27,2024-09-10,,2026-08-12T13:29:33.699965,loans.csv,701,CRITICAL
2294,2756,2,2024-04-20,2024-05-04,2024-05-06,2026-08-12T13:29:33.699965,loans.csv,2,MILD
365,1414,16,2024-09-08,2024-09-29,2024-09-27,2026-08-12T13:29:33.699965,loans.csv,0,ON TIME
6059,2741,1,2022-10-01,2022-10-15,2022-10-29,2026-08-12T13:29:33.699965,loans.csv,14,SEVERE
931,1905,4,2024-01-27,2024-02-10,2024-01-30,2026-08-12T13:29:33.699965,loans.csv,0,ON TIME
7082,1423,1,2023-06-12,2023-06-26,2023-06-25,2026-08-12T13:29:33.699965,loans.csv,0,ON TIME
4162,1425,2,2020-02-26,2020-03-11,2020-03-10,2026-08-12T13:29:33.699965,loans.csv,0,ON TIME
462,973,14,2024-12-23,2025-01-06,,2026-08-12T13:29:33.699965,loans.csv,583,CRITICAL
6591,123,79,2024-03-20,2024-04-03,2024-03-31,2026-08-12T13:29:33.699965,loans.csv,0,ON TIME
3609,712,1,2022-10-22,2022-11-05,,2026-08-12T13:29:33.699965,loans.csv,1376,CRITICAL
4046,2717,73,2024-03-22,2024-04-05,2024-04-01,2026-08-12T13:29:33.699965,loans.csv,0,ON TIME
5842,105,1,2024-10-23,2024-11-06,,2026-08-12T13:29:33.699965,loans.csv,644,CRITICAL
8762,1959,5,2024-10-24,2024-11-07,,2026-08-12T13:29:33.699965,loans.csv,643,CRITICAL
7458,1417,2,2023-11-21,2023-12-05,2023-12-04,2026-08-12T13:29:33.699965,loans.csv,0,ON TIME
5286,1287,9,2023-06-27,2023-07-11,2023-07-12,2026-08-12T13:29:33.699965,loans.csv,1,MILD
6666,1304,4,2024-11-30,2024-12-14,2024-12-11,2026-08-12T13:29:33.699965,loans.csv,0,ON TIME
930,2067,4,2023-09-16,2023-09-30,2023-10-01,2026-08-12T13:29:33.699965,loans.csv,1,MILD
8146,984,2,2024-05-09,2024-05-23,2024-05-22,2026-08-12T13:29:33.699965,loans.csv,0,ON TIME
1956,1789,1,2024-06-01,2024-06-22,2024-06-18,2026-08-12T13:29:33.699965,loans.csv,0,ON TIME
8363,1304,29,2020-02-06,2020-02-20,2020-02-19,2026-08-12T13:29:33.699965,loans.csv,0,ON TIME
7979,2447,1,2024-11-14,2024-11-28,,2026-08-12T13:29:33.699965,loans.csv,622,CRITICAL
883,2283,8,2024-07-19,2024-08-02,2024-07-30,2026-08-12T13:29:33.699965,loans.csv,0,ON TIME
2680,485,1,2024-04-26,2024-05-10,2024-05-09,2026-08-12T13:29:33.699965,loans.csv,0,ON TIME
8699,2229,56,2023-09-08,2023-09-22,2023-09-29,2026-08-12T13:29:33.699965,loans.csv,7,MILD
9298,378,165,2022-04-08,2022-04-22,2022-04-15,2026-08-12T13:29:33.699965,loans.csv,0,ON TIME
9567,402,1,2023-12-07,2023-12-21,2023-12-12,2026-08-12T13:29:33.699965,loans.csv,0,ON TIME
8137,529,1,2024-06-19,2024-07-03,2024-07-10,2026-08-12T13:29:33.699965,loans.csv,7,MILD
4312,1962,1,2023-01-13,2023-02-03,2023-01-25,2026-08-12T13:29:33.699965,loans.csv,0,ON TIME
7602,1115,1,2024-11-30,2024-12-14,,2026-08-12T13:29:33.699965,loans.csv,606,CRITICAL
2222,1141,5,2024-11-30,2024-12-14,2024-12-21,2026-08-12T13:29:33.699965,loans.csv,7,MILD
8358,1344,1,2023-12-26,2024-01-09,2024-01-14,2026-08-12T13:29:33.699965,loans.csv,5,MILD
4894,1423,1,2024-08-24,2024-09-07,2024-09-09,2026-08-12T13:29:33.699965,loans.csv,2,MILD
3651,1471,1,2023-10-31,2023-11-14,2023-11-11,2026-08-12T13:29:33.699965,loans.csv,0,ON TIME
5535,1196,14,2024-09-16,2024-09-30,2024-09-26,2026-08-12T13:29:33.699965,loans.csv,0,ON TIME
4708,2384,1,2024-03-18,2024-04-01,,2026-08-12T13:29:33.699965,loans.csv,863,CRITICAL
8466,185,11,2022-12-14,2022-12-28,2022-12-26,2026-08-12T13:29:33.699965,loans.csv,0,ON TIME
8835,464,1,2021-07-06,2021-07-20,2021-07-25,2026-08-12T13:29:33.699965,loans.csv,5,MILD
8716,461,1,2023-10-27,2023-11-10,2023-10-28,2026-08-12T13:29:33.699965,loans.csv,0,ON TIME
4376,1606,1,2022-10-18,2022-11-01,2022-10-26,2026-08-12T13:29:33.699965,loans.csv,0,ON TIME
2764,1748,2,2024-11-03,2024-11-17,2024-11-14,2026-08-12T13:29:33.699965,loans.csv,0,ON TIME
608,244,2,2023-06-18,2023-07-02,2023-06-30,2026-08-12T13:29:33.699965,loans.csv,0,ON TIME
3924,2296,2,2024-06-11,2024-06-25,2024-06-25,2026-08-12T13:29:33.699965,loans.csv,0,ON TIME
5057,1139,2,2023-04-04,2023-04-18,,2026-08-12T13:29:33.699965,loans.csv,1212,CRITICAL
268,2618,2,2023-02-05,2023-02-19,2023-02-18,2026-08-12T13:29:33.699965,loans.csv,0,ON TIME
4758,1575,1,2023-12-26,2024-01-09,2024-01-04,2026-08-12T13:29:33.699965,loans.csv,0,ON TIME
6076,930,1,2024-10-04,2024-10-18,2024-10-17,2026-08-12T13:29:33.699965,loans.csv,0,ON TIME
4765,1828,1,2023-06-14,2023-06-28,2023-06-19,2026-08-12T13:29:33.699965,loans.csv,0,ON TIME
1094,1541,8,2024-01-01,2024-01-15,2024-01-15,2026-08-12T13:29:33.699965,loans.csv,0,ON TIME
3981,1905,28,2024-11-14,2024-12-05,2024-11-29,2026-08-12T13:29:33.699965,loans.csv,0,ON TIME
2971,1697,1,2021-06-04,2021-06-25,2021-06-22,2026-08-12T13:29:33.699965,loans.csv,0,ON TIME
1298,2587,5,2024-03-28,2024-04-18,2024-04-04,2026-08-12T13:29:33.699965,loans.csv,0,ON TIME
1896,2072,2,2021-12-26,2022-01-09,2022-02-20,2026-08-12T13:29:33.699965,loans.csv,42,CRITICAL
9582,2797,1,2022-02-01,2022-02-15,2022-02-15,2026-08-12T13:29:33.699965,loans.csv,0,ON TIME
3365,1775,1,2024-08-16,2024-08-30,2024-09-06,2026-08-12T13:29:33.699965,loans.csv,7,MILD
2228,2220,2,2024-03-06,2024-03-20,2024-03-25,2026-08-12T13:29:33.699965,loans.csv,5,MILD
431,2708,15,2022-05-07,2022-05-21,,2026-08-12T13:29:33.699965,loans.csv,1544,CRITICAL
7641,973,2,2022-08-23,2022-09-13,2022-09-09,2026-08-12T13:29:33.699965,loans.csv,0,ON TIME
3343,2116,1,2022-10-07,2022-10-21,2022-10-14,2026-08-12T13:29:33.699965,loans.csv,0,ON TIME
8410,2123,1,2023-12-23,2024-01-06,2024-01-04,2026-08-12T13:29:33.699965,loans.csv,0,ON TIME
3404,2457,1,2022-12-17,2022-12-31,,2026-08-12T13:29:33.699965,loans.csv,1320,CRITICAL
7688,1142,1,2023-02-09,2023-02-23,2023-02-12,2026-08-12T13:29:33.699965,loans.csv,0,ON TIME
2503,1255,3,2024-08-02,2024-08-16,,2026-08-12T13:29:33.699965,loans.csv,726,CRITICAL
4613,1553,14,2024-02-05,2024-02-19,2024-03-17,2026-08-12T13:29:33.699965,loans.csv,27,SEVERE
8213,1067,4,2024-08-15,2024-08-29,2024-08-24,2026-08-12T13:29:33.699965,loans.csv,0,ON TIME
9112,1836,9,2022-09-07,2022-09-21,2022-09-21,2026-08-12T13:29:33.699965,loans.csv,0,ON TIME
6420,2436,5,2024-03-16,2024-03-30,2024-03-26,2026-08-12T13:29:33.699965,loans.csv,0,ON TIME
5845,2012,2,2022-07-14,2022-07-28,2022-07-28,2026-08-12T13:29:33.699965,loans.csv,0,ON TIME
7556,1235,4,2024-08-13,2024-09-03,,2026-08-12T13:29:33.699965,loans.csv,708,CRITICAL
7064,886,1,2023-11-11,2023-11-25,2023-11-12,2026-08-12T13:29:33.699965,loans.csv,0,ON TIME
7023,2015,3,2023-07-31,2023-08-14,2023-08-03,2026-08-12T13:29:33.699965,loans.csv,0,ON TIME
294,2488,1,2022-11-21,2022-12-05,2022-11-25,2026-08-12T13:29:33.699965,loans.csv,0,ON TIME
2079,1776,1,2024-07-31,2024-08-14,,2026-08-12T13:29:33.699965,loans.csv,728,CRITICAL
6052,469,2,2020-11-24,2020-12-08,,2026-08-12T13:29:33.699965,loans.csv,2073,CRITICAL
3634,2084,8,2022-10-22,2022-11-05,2022-11-08,2026-08-12T13:29:33.699965,loans.csv,3,MILD
3829,2558,20,2022-05-31,2022-06-14,2022-06-12,2026-08-12T13:29:33.699965,loans.csv,0,ON TIME
3144,1684,3,2024-10-05,2024-10-19,2024-10-29,2026-08-12T13:29:33.699965,loans.csv,10,SEVERE
771,714,27,2024-10-09,2024-10-23,2024-10-27,2026-08-12T13:29:33.699965,loans.csv,4,MILD
8636,2768,4,2024-12-26,2025-01-16,,2026-08-12T13:29:33.699965,loans.csv,573,CRITICAL
3391,2059,1,2021-01-10,2021-01-24,2021-01-28,2026-08-12T13:29:33.699965,loans.csv,4,MILD
1828,2591,3,2022-05-27,2022-06-10,2022-06-07,2026-08-12T13:29:33.699965,loans.csv,0,ON TIME
7209,1631,1,2021-07-06,2021-07-20,2021-07-14,2026-08-12T13:29:33.699965,loans.csv,0,ON TIME
7620,542,2,2024-07-29,2024-08-12,2024-08-01,2026-08-12T13:29:33.699965,loans.csv,0,ON TIME
3017,2191,5,2020-04-21,2020-05-12,2020-05-16,2026-08-12T13:29:33.699965,loans.csv,4,MILD
1383,1992,1,2024-07-07,2024-07-21,2024-07-09,2026-08-12T13:29:33.699965,loans.csv,0,ON TIME
4203,1715,1,2023-08-28,2023-09-11,2023-10-05,2026-08-12T13:29:33.699965,loans.csv,24,SEVERE
2895,1563,32,2024-07-10,2024-07-24,2024-07-22,2026-08-12T13:29:33.699965,loans.csv,0,ON TIME
1368,551,5,2022-02-16,2022-03-02,2022-03-07,2026-08-12T13:29:33.699965,loans.csv,5,MILD
5402,831,12,2023-12-25,2024-01-08,2024-01-02,2026-08-12T13:29:33.699965,loans.csv,0,ON TIME
7072,2659,4,2024-01-30,2024-02-13,2024-02-08,2026-08-12T13:29:33.699965,loans.csv,0,ON TIME
7652,1015,6,2021-05-28,2021-06-11,2021-06-16,2026-08-12T13:29:33.699965,loans.csv,5,MILD
8707,1382,4,2023-03-11,2023-03-25,2023-03-18,2026-08-12T13:29:33.699965,loans.csv,0,ON TIME
8722,2316,1,2023-08-19,2023-09-02,2023-08-24,2026-08-12T13:29:33.699965,loans.csv,0,ON TIME
1115,1899,4,2021-07-11,2021-07-25,2021-08-22,2026-08-12T13:29:33.699965,loans.csv,28,SEVERE
6789,1654,36,2021-09-07,2021-09-21,2021-09-20,2026-08-12T13:29:33.699965,loans.csv,0,ON TIME
6640,287,1,2024-02-10,2024-02-24,2024-03-02,2026-08-12T13:29:33.699965,loans.csv,7,MILD
6817,110,4,2024-11-28,2024-12-12,,2026-08-12T13:29:33.699965,loans.csv,608,CRITICAL
442,882,5,2023-02-01,2023-02-22,,2026-08-12T13:29:33.699965,loans.csv,1267,CRITICAL
1480,254,3,2024-04-22,2024-05-06,2024-05-12,2026-08-12T13:29:33.699965,loans.csv,6,MILD
8309,788,2,2024-05-14,2024-05-28,2024-06-02,2026-08-12T13:29:33.699965,loans.csv,5,MILD
6145,2413,3,2024-12-10,2024-12-24,2024-12-18,2026-08-12T13:29:33.699965,loans.csv,0,ON TIME
339,1697,3,2023-07-30,2023-08-13,2023-08-01,2026-08-12T13:29:33.699965,loans.csv,0,ON TIME
8459,2039,9,2024-04-10,2024-04-24,2024-04-20,2026-08-12T13:29:33.699965,loans.csv,0,ON TIME
1162,2313,16,2023-06-12,2023-06-26,2023-07-01,2026-08-12T13:29:33.699965,loans.csv,5,MILD
7509,568,1,2022-08-23,2022-09-13,2022-08-25,2026-08-12T13:29:33.699965,loans.csv,0,ON TIME
5831,2491,8,2024-12-10,2024-12-24,2024-12-23,2026-08-12T13:29:33.699965,loans.csv,0,ON TIME
3210,223,5,2021-05-20,2021-06-03,2021-06-10,2026-08-12T13:29:33.699965,loans.csv,7,MILD
2921,1198,2,2024-12-10,2024-12-24,2024-12-20,2026-08-12T13:29:33.699965,loans.csv,0,ON TIME
5087,2641,1,2023-12-08,2023-12-22,2024-01-05,2026-08-12T13:29:33.699965,loans.csv,14,SEVERE
6571,2558,1,2023-03-22,2023-04-05,2023-04-02,2026-08-12T13:29:33.699965,loans.csv,0,ON TIME
4552,813,3,2024-10-20,2024-11-03,,2026-08-12T13:29:33.699965,loans.csv,647,CRITICAL
846,676,1,2023-12-18,2024-01-01,2024-01-08,2026-08-12T13:29:33.699965,loans.csv,7,MILD
3369,175,36,2022-03-04,2022-03-18,2022-03-05,2026-08-12T13:29:33.699965,loans.csv,0,ON TIME
2097,231,1,2023-01-27,2023-02-10,2023-03-13,2026-08-12T13:29:33.699965,loans.csv,31,CRITICAL
5597,661,1,2023-06-30,2023-07-14,,2026-08-12T13:29:33.699965,loans.csv,1125,CRITICAL
2120,28,1,2020-11-01,2020-11-15,2020-11-06,2026-08-12T13:29:33.699965,loans.csv,0,ON TIME
6551,2144,1,2024-08-07,2024-08-21,2024-08-14,2026-08-12T13:29:33.699965,loans.csv,0,ON TIME
809,62,22,2023-04-06,2023-04-20,2023-04-08,2026-08-12T13:29:33.699965,loans.csv,0,ON TIME
6816,552,126,2022-10-10,2022-10-24,2022-10-19,2026-08-12T13:29:33.699965,loans.csv,0,ON TIME
9527,2391,11,2022-11-25,2022-12-09,2022-12-15,2026-08-12T13:29:33.699965,loans.csv,6,MILD
3780,1949,1,2024-05-09,2024-05-23,2024-05-14,2026-08-12T13:29:33.699965,loans.csv,0,ON TIME
2141,1364,121,2024-08-24,2024-09-14,2024-09-05,2026-08-12T13:29:33.699965,loans.csv,0,ON TIME
8481,2044,1,2024-06-02,2024-06-16,2024-06-10,2026-08-12T13:29:33.699965,loans.csv,0,ON TIME
4172,2204,1,2023-09-09,2023-09-23,2023-09-14,2026-08-12T13:29:33.699965,loans.csv,0,ON TIME
445,1064,1,2024-05-27,2024-06-10,2024-06-09,2026-08-12T13:29:33.699965,loans.csv,0,ON TIME
1544,2057,2,2022-09-07,2022-09-28,2022-09-08,2026-08-12T13:29:33.699965,loans.csv,0,ON TIME
2696,647,12,2022-12-26,2023-01-09,2023-01-19,2026-08-12T13:29:33.699965,loans.csv,10,SEVERE
4196,2641,5,2024-07-21,2024-08-04,2024-08-01,2026-08-12T13:29:33.699965,loans.csv,0,ON TIME
9082,2365,1,2024-06-20,2024-07-11,2024-07-12,2026-08-12T13:29:33.699965,loans.csv,1,MILD
4465,1491,1,2024-07-17,2024-07-31,2024-08-05,2026-08-12T13:29:33.699965,loans.csv,5,MILD
6974,1148,3,2024-04-09,2024-04-30,2024-05-06,2026-08-12T13:29:33.699965,loans.csv,6,MILD
1686,146,1,2024-10-21,2024-11-04,2024-11-02,2026-08-12T13:29:33.699965,loans.csv,0,ON TIME
5631,691,2,2022-09-29,2022-10-13,2022-10-09,2026-08-12T13:29:33.699965,loans.csv,0,ON TIME
4968,219,1,2024-06-13,2024-06-27,,2026-08-12T13:29:33.699965,loans.csv,776,CRITICAL
7151,445,2,2024-06-30,2024-07-14,2024-07-20,2026-08-12T13:29:33.699965,loans.csv,6,MILD
7717,1082,1,2023-03-01,2023-03-15,2023-03-06,2026-08-12T13:29:33.699965,loans.csv,0,ON TIME
1560,1769,50,2022-04-20,2022-05-04,2022-04-23,2026-08-12T13:29:33.699965,loans.csv,0,ON TIME
3043,341,2,2024-04-17,2024-05-01,2024-04-21,2026-08-12T13:29:33.699965,loans.csv,0,ON TIME
8718,1991,1,2021-06-20,2021-07-04,2021-07-05,2026-08-12T13:29:33.699965,loans.csv,1,MILD
1098,2459,6,2024-09-02,2024-09-23,2024-09-25,2026-08-12T13:29:33.699965,loans.csv,2,MILD
2423,2692,40,2024-02-27,2024-03-12,,2026-08-12T13:29:33.699965,loans.csv,883,CRITICAL
1315,1943,1,2023-08-30,2023-09-13,2023-09-18,2026-08-12T13:29:33.699965,loans.csv,5,MILD
8968,1696,3,2023-05-30,2023-06-13,2023-06-02,2026-08-12T13:29:33.699965,loans.csv,0,ON TIME
4295,1828,1,2023-07-13,2023-07-27,2023-07-22,2026-08-12T13:29:33.699965,loans.csv,0,ON TIME
6887,1069,5,2024-05-31,2024-06-21,,2026-08-12T13:29:33.699965,loans.csv,782,CRITICAL
2112,1810,2,2024-07-11,2024-07-25,2024-07-21,2026-08-12T13:29:33.699965,loans.csv,0,ON TIME
3998,675,26,2021-12-18,2022-01-01,2021-12-30,2026-08-12T13:29:33.699965,loans.csv,0,ON TIME
7751,1382,1,2023-02-11,2023-02-25,2023-02-25,2026-08-12T13:29:33.699965,loans.csv,0,ON TIME
6025,1939,12,2024-11-18,2024-12-09,,2026-08-12T13:29:33.699965,loans.csv,611,CRITICAL
1604,191,1,2023-10-17,2023-10-31,2023-10-30,2026-08-12T13:29:33.699965,loans.csv,0,ON TIME
6449,542,9,2021-08-11,2021-08-25,2021-08-13,2026-08-12T13:29:33.699965,loans.csv,0,ON TIME
7143,2634,1,2023-03-29,2023-04-12,2023-03-30,2026-08-12T13:29:33.699965,loans.csv,0,ON TIME
9194,1905,1,2024-10-20,2024-11-03,2024-11-02,2026-08-12T13:29:33.699965,loans.csv,0,ON TIME
8005,289,1,2022-05-05,2022-05-26,2022-05-27,2026-08-12T13:29:33.699965,loans.csv,1,MILD
299,2567,2,2024-09-16,2024-09-30,2024-09-26,2026-08-12T13:29:33.699965,loans.csv,0,ON TIME
9538,1030,9,2024-05-30,2024-06-20,2024-06-23,2026-08-12T13:29:33.699965,loans.csv,3,MILD
7396,2009,8,2023-11-13,2023-11-27,2023-11-23,2026-08-12T13:29:33.699965,loans.csv,0,ON TIME
246,1694,5,2021-06-28,2021-07-12,2021-06-29,2026-08-12T13:29:33.699965,loans.csv,0,ON TIME
2108,1620,20,2023-09-17,2023-10-01,2023-09-21,2026-08-12T13:29:33.699965,loans.csv,0,ON TIME
2455,943,25,2022-08-04,2022-08-18,,2026-08-12T13:29:33.699965,loans.csv,1455,CRITICAL
899,1087,2,2024-10-18,2024-11-01,2024-10-26,2026-08-12T13:29:33.699965,loans.csv,0,ON TIME
6092,1508,1,2021-05-06,2021-05-20,2021-05-16,2026-08-12T13:29:33.699965,loans.csv,0,ON TIME
5191,1485,1,2023-02-13,2023-02-27,2023-03-02,2026-08-12T13:29:33.699965,loans.csv,3,MILD
2994,2783,6,2024-12-22,2025-01-05,,2026-08-12T13:29:33.699965,loans.csv,584,CRITICAL
2646,1525,1,2023-06-01,2023-06-15,2023-06-02,2026-08-12T13:29:33.699965,loans.csv,0,ON TIME
9149,1790,7,2024-06-26,2024-07-17,2024-07-18,2026-08-12T13:29:33.699965,loans.csv,1,MILD
1280,2474,2,2023-12-16,2023-12-30,2024-01-05,2026-08-12T13:29:33.699965,loans.csv,6,MILD
1078,1095,10,2020-05-05,2020-05-19,2020-05-11,2026-08-12T13:29:33.699965,loans.csv,0,ON TIME
6975,852,1,2024-07-20,2024-08-03,2024-07-31,2026-08-12T13:29:33.699965,loans.csv,0,ON TIME
7766,1942,18,2024-08-30,2024-09-13,2024-09-05,2026-08-12T13:29:33.699965,loans.csv,0,ON TIME
1157,2043,1,2023-11-06,2023-11-20,,2026-08-12T13:29:33.699965,loans.csv,996,CRITICAL
9488,1366,15,2023-03-31,2023-04-14,2023-04-06,2026-08-12T13:29:33.699965,loans.csv,0,ON TIME
2470,452,4,2023-04-06,2023-04-20,2023-04-07,2026-08-12T13:29:33.699965,loans.csv,0,ON TIME
7230,1437,1,2024-12-26,2025-01-09,,2026-08-12T13:29:33.699965,loans.csv,580,CRITICAL
2605,211,2,2024-10-14,2024-10-28,2024-11-04,2026-08-12T13:29:33.699965,loans.csv,7,MILD
93,1771,2,2020-10-24,2020-11-07,2020-11-01,2026-08-12T13:29:33.699965,loans.csv,0,ON TIME
3809,549,1,2024-11-07,2024-11-21,2024-11-11,2026-08-12T13:29:33.699965,loans.csv,0,ON TIME
2458,319,2,2024-06-12,2024-06-26,2024-06-22,2026-08-12T13:29:33.699965,loans.csv,0,ON TIME
5285,355,1,2023-10-06,2023-10-20,2023-10-18,2026-08-12T13:29:33.699965,loans.csv,0,ON TIME
9379,1926,2,2024-10-15,2024-10-29,2024-11-01,2026-08-12T13:29:33.699965,loans.csv,3,MILD
5806,2478,3,2023-12-18,2024-01-01,2023-12-26,2026-08-12T13:29:33.699965,loans.csv,0,ON TIME
361,1400,1,2024-10-31,2024-11-14,2024-11-11,2026-08-12T13:29:33.699965,loans.csv,0,ON TIME
1729,1240,1,2022-09-20,2022-10-04,2022-10-03,2026-08-12T13:29:33.699965,loans.csv,0,ON TIME
1849,1478,1,2020-08-24,2020-09-14,2020-08-31,2026-08-12T13:29:33.699965,loans.csv,0,ON TIME
3380,223,1,2022-03-03,2022-03-17,2022-03-11,2026-08-12T13:29:33.699965,loans.csv,0,ON TIME
212,1033,1,2024-06-19,2024-07-03,2024-06-29,2026-08-12T13:29:33.699965,loans.csv,0,ON TIME
6540,729,7,2023-02-18,2023-03-04,2023-02-27,2026-08-12T13:29:33.699965,loans.csv,0,ON TIME
2491,756,2,2023-05-22,2023-06-05,2023-07-06,2026-08-12T13:29:33.699965,loans.csv,31,CRITICAL
1713,1835,2,2023-10-02,2023-10-16,2023-10-19,2026-08-12T13:29:33.699965,loans.csv,3,MILD
2265,404,3,2024-12-26,2025-01-09,,2026-08-12T13:29:33.699965,loans.csv,580,CRITICAL
6357,1380,23,2024-02-08,2024-02-29,,2026-08-12T13:29:33.699965,loans.csv,895,CRITICAL
4398,1821,3,2024-11-26,2024-12-10,,2026-08-12T13:29:33.699965,loans.csv,610,CRITICAL
9343,1688,1,2024-02-29,2024-03-14,,2026-08-12T13:29:33.699965,loans.csv,881,CRITICAL
8272,937,1,2024-07-23,2024-08-13,2024-07-28,2026-08-12T13:29:33.699965,loans.csv,0,ON TIME
2116,829,1,2024-02-26,2024-03-11,,2026-08-12T13:29:33.699965,loans.csv,884,CRITICAL
3204,1194,1,2024-12-05,2024-12-26,2024-12-15,2026-08-12T13:29:33.699965,loans.csv,0,ON TIME
9509,728,7,2023-05-27,2023-06-10,2023-06-03,2026-08-12T13:29:33.699965,loans.csv,0,ON TIME
6081,80,6,2022-10-20,2022-11-03,2022-11-06,2026-08-12T13:29:33.699965,loans.csv,3,MILD
234,1624,1,2021-11-06,2021-11-20,2021-11-07,2026-08-12T13:29:33.699965,loans.csv,0,ON TIME
4788,1942,34,2024-11-03,2024-11-17,2024-11-07,2026-08-12T13:29:33.699965,loans.csv,0,ON TIME
2488,1657,2,2024-08-09,2024-08-23,2024-08-15,2026-08-12T13:29:33.699965,loans.csv,0,ON TIME
4244,1430,2,2024-09-09,2024-09-23,2024-09-20,2026-08-12T13:29:33.699965,loans.csv,0,ON TIME
4384,2597,2,2021-06-20,2021-07-04,2021-06-24,2026-08-12T13:29:33.699965,loans.csv,0,ON TIME
3258,1178,6,2024-07-03,2024-07-17,2024-07-05,2026-08-12T13:29:33.699965,loans.csv,0,ON TIME
7377,2728,1,2022-09-08,2022-09-22,2022-09-17,2026-08-12T13:29:33.699965,loans.csv,0,ON TIME
627,300,1,2024-10-22,2024-11-05,,2026-08-12T13:29:33.699965,loans.csv,645,CRITICAL
8289,1938,9,2024-03-10,2024-03-24,2024-03-16,2026-08-12T13:29:33.699965,loans.csv,0,ON TIME
7573,1886,1,2024-10-02,2024-10-16,2024-10-17,2026-08-12T13:29:33.699965,loans.csv,1,MILD
3799,2052,20,2022-09-03,2022-09-17,2022-09-19,2026-08-12T13:29:33.699965,loans.csv,2,MILD
9462,552,5,2021-04-25,2021-05-09,2021-04-27,2026-08-12T13:29:33.699965,loans.csv,0,ON TIME
9412,1198,3,2024-07-25,2024-08-08,2024-08-03,2026-08-12T13:29:33.699965,loans.csv,0,ON TIME
7761,1690,1,2024-11-03,2024-11-17,2024-11-08,2026-08-12T13:29:33.699965,loans.csv,0,ON TIME
7225,2018,2,2024-08-14,2024-08-28,2024-08-30,2026-08-12T13:29:33.699965,loans.csv,2,MILD
5164,2101,8,2021-02-09,2021-02-23,2021-03-02,2026-08-12T13:29:33.699965,loans.csv,7,MILD
5486,728,1,2023-09-19,2023-10-03,2023-10-09,2026-08-12T13:29:33.699965,loans.csv,6,MILD
346,271,1,2022-01-03,2022-01-17,2022-01-12,2026-08-12T13:29:33.699965,loans.csv,0,ON TIME
1535,2633,2,2024-04-06,2024-04-20,,2026-08-12T13:29:33.699965,loans.csv,844,CRITICAL
5028,1264,1,2022-09-18,2022-10-02,,2026-08-12T13:29:33.699965,loans.csv,1410,CRITICAL
3182,149,2,2023-05-31,2023-06-14,2023-06-30,2026-08-12T13:29:33.699965,loans.csv,16,SEVERE
4821,1864,17,2023-10-22,2023-11-12,2023-11-07,2026-08-12T13:29:33.699965,loans.csv,0,ON TIME
9030,2227,1,2024-03-26,2024-04-09,2024-04-05,2026-08-12T13:29:33.699965,loans.csv,0,ON TIME
5946,481,1,2021-04-14,2021-04-28,2021-04-30,2026-08-12T13:29:33.699965,loans.csv,2,MILD
5386,452,5,2023-09-07,2023-09-28,2023-09-21,2026-08-12T13:29:33.699965,loans.csv,0,ON TIME
8887,1422,1,2024-03-19,2024-04-02,2024-03-24,2026-08-12T13:29:33.699965,loans.csv,0,ON TIME
7264,2788,2,2024-08-05,2024-08-26,2024-08-25,2026-08-12T13:29:33.699965,loans.csv,0,ON TIME
9135,651,5,2021-11-15,2021-11-29,2021-11-28,2026-08-12T13:29:33.699965,loans.csv,0,ON TIME
9496,242,5,2021-07-05,2021-07-19,2021-07-26,2026-08-12T13:29:33.699965,loans.csv,7,MILD
4072,1098,17,2023-08-03,2023-08-17,2023-08-12,2026-08-12T13:29:33.699965,loans.csv,0,ON TIME
4311,1847,25,2024-05-06,2024-05-20,2024-05-11,2026-08-12T13:29:33.699965,loans.csv,0,ON TIME
1825,287,4,2023-11-04,2023-11-18,2023-11-16,2026-08-12T13:29:33.699965,loans.csv,0,ON TIME
1999,1478,3,2021-08-18,2021-09-01,2021-08-23,2026-08-12T13:29:33.699965,loans.csv,0,ON TIME
9388,1522,1,2024-12-21,2025-01-04,,2026-08-12T13:29:33.699965,loans.csv,585,CRITICAL
3831,432,9,2024-12-20,2025-01-03,,2026-08-12T13:29:33.699965,loans.csv,586,CRITICAL
6965,1255,15,2022-11-13,2022-12-04,2022-11-16,2026-08-12T13:29:33.699965,loans.csv,0,ON TIME
3462,1496,13,2024-05-03,2024-05-17,2024-05-13,2026-08-12T13:29:33.699965,loans.csv,0,ON TIME
5292,621,2,2023-10-15,2023-10-29,2023-11-01,2026-08-12T13:29:33.699965,loans.csv,3,MILD
1548,1360,3,2024-03-05,2024-03-19,2024-03-25,2026-08-12T13:29:33.699965,loans.csv,6,MILD
7074,1621,71,2023-12-11,2023-12-25,2023-12-22,2026-08-12T13:29:33.699965,loans.csv,0,ON TIME
2326,64,1,2023-02-23,2023-03-09,2023-02-27,2026-08-12T13:29:33.699965,loans.csv,0,ON TIME
2064,831,5,2024-05-26,2024-06-09,2024-07-09,2026-08-12T13:29:33.699965,loans.csv,30,SEVERE
5066,1988,2,2021-08-27,2021-09-10,2021-09-10,2026-08-12T13:29:33.699965,loans.csv,0,ON TIME
1106,2232,3,2024-06-26,2024-07-10,2024-07-01,2026-08-12T13:29:33.699965,loans.csv,0,ON TIME
738,1096,1,2024-10-17,2024-10-31,2024-11-06,2026-08-12T13:29:33.699965,loans.csv,6,MILD
5577,960,6,2023-09-30,2023-10-14,2023-10-07,2026-08-12T13:29:33.699965,loans.csv,0,ON TIME
2529,429,4,2023-03-10,2023-03-31,2023-04-06,2026-08-12T13:29:33.699965,loans.csv,6,MILD
4261,226,6,2024-05-19,2024-06-02,2024-05-21,2026-08-12T13:29:33.699965,loans.csv,0,ON TIME
4508,1970,1,2024-11-20,2024-12-04,2024-12-11,2026-08-12T13:29:33.699965,loans.csv,7,MILD
9312,452,2,2023-10-28,2023-11-11,2023-11-11,2026-08-12T13:29:33.699965,loans.csv,0,ON TIME
1685,242,1,2020-08-04,2020-08-18,2020-08-08,2026-08-12T13:29:33.699965,loans.csv,0,ON TIME
167,2017,1,2024-04-05,2024-04-19,2024-04-23,2026-08-12T13:29:33.699965,loans.csv,4,MILD
3973,1109,1,2023-06-25,2023-07-09,2023-07-01,2026-08-12T13:29:33.699965,loans.csv,0,ON TIME
6371,1494,1,2024-10-21,2024-11-04,2024-10-29,2026-08-12T13:29:33.699965,loans.csv,0,ON TIME
6861,1240,1,2023-01-03,2023-01-17,2023-01-23,2026-08-12T13:29:33.699965,loans.csv,6,MILD
7046,1353,5,2022-05-05,2022-05-19,,2026-08-12T13:29:33.699965,loans.csv,1546,CRITICAL
2688,1522,1,2021-03-24,2021-04-07,2021-04-07,2026-08-12T13:29:33.699965,loans.csv,0,ON TIME
4735,1277,1,2021-02-03,2021-02-17,2021-02-11,2026-08-12T13:29:33.699965,loans.csv,0,ON TIME
2839,2155,3,2023-09-21,2023-10-05,2023-10-02,2026-08-12T13:29:33.699965,loans.csv,0,ON TIME
6094,900,2,2021-02-01,2021-02-15,2021-03-08,2026-08-12T13:29:33.699965,loans.csv,21,SEVERE
1830,2202,6,2024-11-18,2024-12-02,2024-11-25,2026-08-12T13:29:33.699965,loans.csv,0,ON TIME
7461,1991,4,2024-05-24,2024-06-07,2024-05-29,2026-08-12T13:29:33.699965,loans.csv,0,ON TIME
933,1782,4,2024-09-28,2024-10-12,2024-10-04,2026-08-12T13:29:33.699965,loans.csv,0,ON TIME
3020,2445,1,2024-12-24,2025-01-07,,2026-08-12T13:29:33.699965,loans.csv,582,CRITICAL
8323,209,2,2024-09-25,2024-10-09,2024-10-08,2026-08-12T13:29:33.699965,loans.csv,0,ON TIME
2368,2721,1,2023-11-05,2023-11-26,2023-11-30,2026-08-12T13:29:33.699965,loans.csv,4,MILD
8401,1585,71,2024-09-09,2024-09-23,2024-09-25,2026-08-12T13:29:33.699965,loans.csv,2,MILD
5782,2050,21,2023-06-10,2023-06-24,2023-06-21,2026-08-12T13:29:33.699965,loans.csv,0,ON TIME
2128,1824,2,2024-08-11,2024-08-25,2024-08-22,2026-08-12T13:29:33.699965,loans.csv,0,ON TIME
6534,2793,3,2024-04-03,2024-04-17,2024-04-15,2026-08-12T13:29:33.699965,loans.csv,0,ON TIME
5418,700,24,2021-01-02,2021-01-16,2021-01-15,2026-08-12T13:29:33.699965,loans.csv,0,ON TIME
1993,1546,1,2023-04-17,2023-05-01,,2026-08-12T13:29:33.699965,loans.csv,1199,CRITICAL
8060,1835,5,2023-09-15,2023-09-29,2023-10-05,2026-08-12T13:29:33.699965,loans.csv,6,MILD
8091,2016,3,2021-05-07,2021-05-21,2021-05-08,2026-08-12T13:29:33.699965,loans.csv,0,ON TIME
7136,2344,14,2024-11-10,2024-11-24,,2026-08-12T13:29:33.699965,loans.csv,626,CRITICAL
1006,1382,2,2022-10-06,2022-10-20,2022-10-19,2026-08-12T13:29:33.699965,loans.csv,0,ON TIME
3011,738,2,2022-08-11,2022-09-01,2022-09-06,2026-08-12T13:29:33.699965,loans.csv,5,MILD
7952,911,85,2024-09-11,2024-10-02,2024-09-27,2026-08-12T13:29:33.699965,loans.csv,0,ON TIME
4174,2318,3,2023-04-28,2023-05-12,2023-05-06,2026-08-12T13:29:33.699965,loans.csv,0,ON TIME
6217,2081,5,2020-09-21,2020-10-05,2020-10-11,2026-08-12T13:29:33.699965,loans.csv,6,MILD
1064,714,3,2023-11-28,2023-12-12,2023-12-03,2026-08-12T13:29:33.699965,loans.csv,0,ON TIME
3046,1532,2,2022-10-23,2022-11-06,2022-11-13,2026-08-12T13:29:33.699965,loans.csv,7,MILD
4130,907,1,2024-09-18,2024-10-02,2024-09-27,2026-08-12T13:29:33.699965,loans.csv,0,ON TIME
8201,721,75,2024-10-10,2024-10-24,2024-10-27,2026-08-12T13:29:33.699965,loans.csv,3,MILD
7091,2658,1,2024-04-24,2024-05-08,2024-05-04,2026-08-12T13:29:33.699965,loans.csv,0,ON TIME
1204,2325,1,2023-08-09,2023-08-23,2023-08-29,2026-08-12T13:29:33.699965,loans.csv,6,MILD
9158,509,1,2022-12-09,2022-12-23,2022-12-15,2026-08-12T13:29:33.699965,loans.csv,0,ON TIME
1297,2780,1,2023-11-22,2023-12-06,2023-12-10,2026-08-12T13:29:33.699965,loans.csv,4,MILD
2443,1991,6,2022-05-07,2022-05-21,2022-05-09,2026-08-12T13:29:33.699965,loans.csv,0,ON TIME
7339,2797,1,2020-12-01,2020-12-15,2020-12-11,2026-08-12T13:29:33.699965,loans.csv,0,ON TIME
636,2531,8,2024-11-26,2024-12-10,2024-11-27,2026-08-12T13:29:33.699965,loans.csv,0,ON TIME
6294,298,8,2021-12-17,2022-01-07,,2026-08-12T13:29:33.699965,loans.csv,1678,CRITICAL
5307,2494,2,2022-02-11,2022-02-25,2022-02-21,2026-08-12T13:29:33.699965,loans.csv,0,ON TIME
8094,289,40,2023-02-04,2023-02-18,2023-02-17,2026-08-12T13:29:33.699965,loans.csv,0,ON TIME
5030,568,23,2023-12-27,2024-01-10,2023-12-31,2026-08-12T13:29:33.699965,loans.csv,0,ON TIME
8299,1673,7,2021-10-05,2021-10-19,,2026-08-12T13:29:33.699965,loans.csv,1758,CRITICAL
6152,1415,3,2020-08-29,2020-09-12,2020-09-15,2026-08-12T13:29:33.699965,loans.csv,3,MILD
1208,2172,3,2023-10-07,2023-10-21,2023-10-18,2026-08-12T13:29:33.699965,loans.csv,0,ON TIME
7318,1647,1,2022-04-26,2022-05-10,2022-05-10,2026-08-12T13:29:33.699965,loans.csv,0,ON TIME
2302,2276,4,2023-01-12,2023-01-26,2023-01-30,2026-08-12T13:29:33.699965,loans.csv,4,MILD
7058,420,7,2022-12-13,2022-12-27,2022-12-19,2026-08-12T13:29:33.699965,loans.csv,0,ON TIME
3775,945,1,2024-08-15,2024-08-29,2024-08-20,2026-08-12T13:29:33.699965,loans.csv,0,ON TIME
1832,95,1,2020-05-04,2020-05-18,2020-05-07,2026-08-12T13:29:33.699965,loans.csv,0,ON TIME
9140,2268,43,2023-11-01,2023-11-22,2023-11-15,2026-08-12T13:29:33.699965,loans.csv,0,ON TIME
9021,2271,2,2024-03-17,2024-03-31,2024-03-18,2026-08-12T13:29:33.699965,loans.csv,0,ON TIME
7434,191,1,2020-10-08,2020-10-22,2020-10-15,2026-08-12T13:29:33.699965,loans.csv,0,ON TIME
4879,329,1,2024-05-23,2024-06-06,2024-05-26,2026-08-12T13:29:33.699965,loans.csv,0,ON TIME
911,2481,1,2024-10-20,2024-11-10,2024-10-22,2026-08-12T13:29:33.699965,loans.csv,0,ON TIME
7699,58,1,2022-12-25,2023-01-15,2023-01-05,2026-08-12T13:29:33.699965,loans.csv,0,ON TIME
7671,2204,10,2024-04-23,2024-05-07,2024-04-29,2026-08-12T13:29:33.699965,loans.csv,0,ON TIME
7607,831,8,2021-09-01,2021-09-15,2021-10-24,2026-08-12T13:29:33.699965,loans.csv,39,CRITICAL
1640,2018,1,2024-01-03,2024-01-17,2024-01-15,2026-08-12T13:29:33.699965,loans.csv,0,ON TIME
7591,1208,1,2024-12-15,2024-12-29,,2026-08-12T13:29:33.699965,loans.csv,591,CRITICAL
8436,1221,1,2022-10-12,2022-10-26,2022-10-19,2026-08-12T13:29:33.699965,loans.csv,0,ON TIME
5107,747,1,2023-06-30,2023-07-14,2023-07-01,2026-08-12T13:29:33.699965,loans.csv,0,ON TIME
1384,2249,1,2023-05-19,2023-06-02,2023-07-06,2026-08-12T13:29:33.699965,loans.csv,34,CRITICAL
7880,146,3,2024-10-06,2024-10-20,2024-10-19,2026-08-12T13:29:33.699965,loans.csv,0,ON TIME
2689,2086,3,2023-06-11,2023-06-25,2023-06-13,2026-08-12T13:29:33.699965,loans.csv,0,ON TIME
4833,169,7,2021-06-18,2021-07-09,2021-07-11,2026-08-12T13:29:33.699965,loans.csv,2,MILD
5691,2116,1,2023-03-11,2023-03-25,2023-04-01,2026-08-12T13:29:33.699965,loans.csv,7,MILD
9132,1632,5,2022-12-03,2022-12-17,2022-12-09,2026-08-12T13:29:33.699965,loans.csv,0,ON TIME
2313,1881,6,2023-02-02,2023-02-16,,2026-08-12T13:29:33.699965,loans.csv,1273,CRITICAL
6139,715,2,2021-06-14,2021-07-05,,2026-08-12T13:29:33.699965,loans.csv,1864,CRITICAL
9481,1846,1,2020-05-15,2020-06-05,2020-06-12,2026-08-12T13:29:33.699965,loans.csv,7,MILD
1029,2366,5,2024-11-02,2024-11-16,2024-11-21,2026-08-12T13:29:33.699965,loans.csv,5,MILD
2251,2004,54,2023-09-29,2023-10-20,2023-09-30,2026-08-12T13:29:33.699965,loans.csv,0,ON TIME
34,727,3,2022-12-26,2023-01-09,,2026-08-12T13:29:33.699965,loans.csv,1311,CRITICAL
7575,1345,1,2023-09-02,2023-09-23,,2026-08-12T13:29:33.699965,loans.csv,1054,CRITICAL
8711,680,65,2024-12-06,2024-12-20,2024-12-08,2026-08-12T13:29:33.699965,loans.csv,0,ON TIME
1753,2477,17,2023-02-04,2023-02-18,2023-02-15,2026-08-12T13:29:33.699965,loans.csv,0,ON TIME
3359,1684,65,2022-01-18,2022-02-01,,2026-08-12T13:29:33.699965,loans.csv,1653,CRITICAL
1041,468,19,2024-04-14,2024-04-28,2024-04-16,2026-08-12T13:29:33.699965,loans.csv,0,ON TIME
3625,1982,9,2023-08-20,2023-09-03,2023-08-30,2026-08-12T13:29:33.699965,loans.csv,0,ON TIME
466,2640,2,2024-03-16,2024-03-30,2024-03-28,2026-08-12T13:29:33.699965,loans.csv,0,ON TIME
1847,2560,1,2024-09-17,2024-10-01,2024-09-21,2026-08-12T13:29:33.699965,loans.csv,0,ON TIME
5308,347,32,2024-07-20,2024-08-03,2024-07-29,2026-08-12T13:29:33.699965,loans.csv,0,ON TIME
8696,2079,1,2024-08-12,2024-08-26,,2026-08-12T13:29:33.699965,loans.csv,716,CRITICAL
7112,1132,2,2022-07-07,2022-07-21,2022-07-11,2026-08-12T13:29:33.699965,loans.csv,0,ON TIME
8291,301,4,2024-11-13,2024-11-27,2024-11-22,2026-08-12T13:29:33.699965,loans.csv,0,ON TIME
7653,1715,1,2023-10-12,2023-10-26,2023-10-29,2026-08-12T13:29:33.699965,loans.csv,3,MILD
1031,1087,2,2024-07-23,2024-08-06,2024-08-05,2026-08-12T13:29:33.699965,loans.csv,0,ON TIME
5766,937,1,2024-08-14,2024-08-28,2024-08-23,2026-08-12T13:29:33.699965,loans.csv,0,ON TIME
1882,1629,1,2023-02-03,2023-02-17,2023-02-13,2026-08-12T13:29:33.699965,loans.csv,0,ON TIME
8507,1082,2,2020-09-26,2020-10-10,2020-09-28,2026-08-12T13:29:33.699965,loans.csv,0,ON TIME
270,572,7,2024-03-30,2024-04-13,2024-04-05,2026-08-12T13:29:33.699965,loans.csv,0,ON TIME
8794,2159,3,2024-02-02,2024-02-16,2024-02-28,2026-08-12T13:29:33.699965,loans.csv,12,SEVERE
1159,1807,15,2023-05-17,2023-06-07,2023-05-19,2026-08-12T13:29:33.699965,loans.csv,0,ON TIME
7900,2783,1,2024-10-07,2024-10-21,2024-10-16,2026-08-12T13:29:33.699965,loans.csv,0,ON TIME
3642,608,9,2023-11-18,2023-12-09,2023-12-01,2026-08-12T13:29:33.699965,loans.csv,0,ON TIME
4598,1895,15,2023-07-19,2023-08-02,,2026-08-12T13:29:33.699965,loans.csv,1106,CRITICAL
6181,148,1,2022-07-20,2022-08-03,2022-07-22,2026-08-12T13:29:33.699965,loans.csv,0,ON TIME
6463,2256,1,2023-03-07,2023-03-21,2023-03-08,2026-08-12T13:29:33.699965,loans.csv,0,ON TIME
2341,1632,3,2022-12-02,2022-12-16,2022-12-04,2026-08-12T13:29:33.699965,loans.csv,0,ON TIME
6869,4,55,2023-02-28,2023-03-14,,2026-08-12T13:29:33.699965,loans.csv,1247,CRITICAL
1583,1198,2,2024-08-07,2024-08-21,2024-08-14,2026-08-12T13:29:33.699965,loans.csv,0,ON TIME
6757,1740,2,2024-08-05,2024-08-19,2024-08-23,2026-08-12T13:29:33.699965,loans.csv,4,MILD
4059,2139,2,2024-11-10,2024-11-24,2024-11-17,2026-08-12T13:29:33.699965,loans.csv,0,ON TIME
5825,1219,1,2021-02-05,2021-02-19,2021-02-25,2026-08-12T13:29:33.699965,loans.csv,6,MILD
165,2568,2,2024-12-14,2024-12-28,,2026-08-12T13:29:33.699965,loans.csv,592,CRITICAL
7884,2790,1,2024-03-06,2024-03-20,2024-03-18,2026-08-12T13:29:33.699965,loans.csv,0,ON TIME
9001,177,1,2022-05-26,2022-06-09,,2026-08-12T13:29:33.699965,loans.csv,1525,CRITICAL
6573,2279,1,2023-10-07,2023-10-21,2023-10-13,2026-08-12T13:29:33.699965,loans.csv,0,ON TIME
6158,363,2,2022-02-25,2022-03-11,2022-03-02,2026-08-12T13:29:33.699965,loans.csv,0,ON TIME
4359,1405,1,2024-04-02,2024-04-16,,2026-08-12T13:29:33.699965,loans.csv,848,CRITICAL
7094,476,9,2022-04-17,2022-05-01,2022-04-26,2026-08-12T13:29:33.699965,loans.csv,0,ON TIME
39,107,24,2022-07-14,2022-08-04,2022-07-24,2026-08-12T13:29:33.699965,loans.csv,0,ON TIME
4733,1442,1,2024-03-27,2024-04-17,2024-04-16,2026-08-12T13:29:33.699965,loans.csv,0,ON TIME
6298,110,41,2024-12-18,2025-01-01,,2026-08-12T13:29:33.699965,loans.csv,588,CRITICAL
1928,950,19,2023-09-13,2023-09-27,2023-10-04,2026-08-12T13:29:33.699965,loans.csv,7,MILD
4348,1421,5,2021-01-12,2021-01-26,2021-02-09,2026-08-12T13:29:33.699965,loans.csv,14,SEVERE
7844,1109,2,2024-05-14,2024-05-28,2024-06-10,2026-08-12T13:29:33.699965,loans.csv,13,SEVERE
1992,960,1,2024-06-25,2024-07-09,2024-07-12,2026-08-12T13:29:33.699965,loans.csv,3,MILD
8454,2600,2,2023-06-28,2023-07-12,2023-07-10,2026-08-12T13:29:33.699965,loans.csv,0,ON TIME
1842,608,1,2023-10-08,2023-10-22,2023-10-13,2026-08-12T13:29:33.699965,loans.csv,0,ON TIME
6950,342,1,2024-02-15,2024-02-29,2024-02-28,2026-08-12T13:29:33.699965,loans.csv,0,ON TIME
7732,945,1,2024-03-12,2024-03-26,2024-03-18,2026-08-12T13:29:33.699965,loans.csv,0,ON TIME
5282,628,79,2022-05-20,2022-06-10,2022-05-22,2026-08-12T13:29:33.699965,loans.csv,0,ON TIME
6239,615,1,2024-05-31,2024-06-14,2024-06-04,2026-08-12T13:29:33.699965,loans.csv,0,ON TIME
3756,701,1,2023-07-27,2023-08-10,2023-09-06,2026-08-12T13:29:33.699965,loans.csv,27,SEVERE
2546,1382,1,2023-08-06,2023-08-20,2023-08-24,2026-08-12T13:29:33.699965,loans.csv,4,MILD
6039,295,1,2022-07-30,2022-08-13,,2026-08-12T13:29:33.699965,loans.csv,1460,CRITICAL
2627,2584,1,2023-12-23,2024-01-06,2023-12-25,2026-08-12T13:29:33.699965,loans.csv,0,ON TIME
407,498,2,2023-04-16,2023-04-30,2023-04-18,2026-08-12T13:29:33.699965,loans.csv,0,ON TIME
2115,2786,1,2021-10-05,2021-10-19,2021-10-23,2026-08-12T13:29:33.699965,loans.csv,4,MILD
2490,340,11,2024-07-17,2024-07-31,2024-07-21,2026-08-12T13:29:33.699965,loans.csv,0,ON TIME
1514,460,1,2024-07-02,2024-07-16,2024-07-04,2026-08-12T13:29:33.699965,loans.csv,0,ON TIME
8125,1977,1,2022-03-17,2022-03-31,,2026-08-12T13:29:33.699965,loans.csv,1595,CRITICAL
8264,1620,1,2023-12-26,2024-01-09,2024-01-01,2026-08-12T13:29:33.699965,loans.csv,0,ON TIME
4575,1735,17,2023-11-04,2023-11-18,,2026-08-12T13:29:33.699965,loans.csv,998,CRITICAL
8130,1751,3,2022-08-25,2022-09-08,2022-08-27,2026-08-12T13:29:33.699965,loans.csv,0,ON TIME
3733,2401,2,2024-09-12,2024-09-26,2024-09-26,2026-08-12T13:29:33.699965,loans.csv,0,ON TIME
3202,2741,2,2024-06-07,2024-06-21,2024-06-11,2026-08-12T13:29:33.699965,loans.csv,0,ON TIME
509,2538,3,2023-12-16,2023-12-30,2023-12-28,2026-08-12T13:29:33.699965,loans.csv,0,ON TIME
3905,2411,1,2022-10-13,2022-10-27,2022-10-19,2026-08-12T13:29:33.699965,loans.csv,0,ON TIME
829,2076,1,2024-06-19,2024-07-10,2024-06-20,2026-08-12T13:29:33.699965,loans.csv,0,ON TIME
2272,219,1,2022-02-08,2022-02-22,2022-02-12,2026-08-12T13:29:33.699965,loans.csv,0,ON TIME
1170,122,2,2022-11-14,2022-12-05,2022-11-27,2026-08-12T13:29:33.699965,loans.csv,0,ON TIME
3311,1928,4,2024-08-03,2024-08-17,2024-08-12,2026-08-12T13:29:33.699965,loans.csv,0,ON TIME
3177,1460,1,2022-06-20,2022-07-04,2022-06-26,2026-08-12T13:29:33.699965,loans.csv,0,ON TIME
1554,945,3,2024-07-08,2024-07-22,2024-07-18,2026-08-12T13:29:33.699965,loans.csv,0,ON TIME
7172,1257,2,2024-01-14,2024-01-28,2024-01-19,2026-08-12T13:29:33.699965,loans.csv,0,ON TIME
7465,2395,27,2024-09-26,2024-10-10,2024-10-11,2026-08-12T13:29:33.699965,loans.csv,1,MILD
2267,904,1,2023-03-27,2023-04-10,2023-04-04,2026-08-12T13:29:33.699965,loans.csv,0,ON TIME
8181,550,4,2024-04-13,2024-04-27,2024-04-25,2026-08-12T13:29:33.699965,loans.csv,0,ON TIME
5587,1592,1,2024-07-04,2024-07-18,2024-07-24,2026-08-12T13:29:33.699965,loans.csv,6,MILD
4747,372,1,2021-07-07,2021-07-21,2021-07-12,2026-08-12T13:29:33.699965,loans.csv,0,ON TIME
961,2557,1,2020-05-22,2020-06-05,,2026-08-12T13:29:33.699965,loans.csv,2259,CRITICAL
1622,845,13,2023-05-02,2023-05-16,2023-05-21,2026-08-12T13:29:33.699965,loans.csv,5,MILD
4543,133,98,2021-01-08,2021-01-22,2021-01-14,2026-08-12T13:29:33.699965,loans.csv,0,ON TIME
5990,417,3,2023-10-05,2023-10-19,2023-10-16,2026-08-12T13:29:33.699965,loans.csv,0,ON TIME
4077,1632,3,2023-06-16,2023-06-30,2023-06-26,2026-08-12T13:29:33.699965,loans.csv,0,ON TIME
4105,1027,1,2024-05-12,2024-05-26,2024-05-14,2026-08-12T13:29:33.699965,loans.csv,0,ON TIME
2514,1079,2,2024-10-19,2024-11-09,2024-11-07,2026-08-12T13:29:33.699965,loans.csv,0,ON TIME
1255,937,22,2022-11-27,2022-12-11,2022-12-15,2026-08-12T13:29:33.699965,loans.csv,4,MILD
9545,1582,9,2023-08-16,2023-08-30,2023-09-29,2026-08-12T13:29:33.699965,loans.csv,30,SEVERE
5211,439,1,2024-09-21,2024-10-05,2024-09-28,2026-08-12T13:29:33.699965,loans.csv,0,ON TIME
7883,1992,88,2024-08-19,2024-09-02,2024-09-01,2026-08-12T13:29:33.699965,loans.csv,0,ON TIME
9505,1357,2,2024-01-29,2024-02-12,,2026-08-12T13:29:33.699965,loans.csv,912,CRITICAL
7927,1907,2,2024-04-26,2024-05-10,2024-04-28,2026-08-12T13:29:33.699965,loans.csv,0,ON TIME
4884,1020,1,2022-04-30,2022-05-14,2022-05-18,2026-08-12T13:29:33.699965,loans.csv,4,MILD
3286,2247,1,2022-02-15,2022-03-01,2022-02-27,2026-08-12T13:29:33.699965,loans.csv,0,ON TIME
886,1996,7,2023-01-13,2023-01-27,2023-01-18,2026-08-12T13:29:33.699965,loans.csv,0,ON TIME
451,481,1,2022-03-04,2022-03-18,2022-04-29,2026-08-12T13:29:33.699965,loans.csv,42,CRITICAL
8332,1785,1,2024-10-22,2024-11-05,2024-10-25,2026-08-12T13:29:33.699965,loans.csv,0,ON TIME
5379,814,1,2023-11-11,2023-11-25,,2026-08-12T13:29:33.699965,loans.csv,991,CRITICAL
1910,2252,178,2024-08-10,2024-08-24,2024-08-15,2026-08-12T13:29:33.699965,loans.csv,0,ON TIME
4362,612,1,2021-07-29,2021-08-12,2021-08-09,2026-08-12T13:29:33.699965,loans.csv,0,ON TIME
3666,1221,1,2023-10-01,2023-10-15,2023-10-20,2026-08-12T13:29:33.699965,loans.csv,5,MILD
2389,1941,9,2024-07-12,2024-07-26,2024-07-19,2026-08-12T13:29:33.699965,loans.csv,0,ON TIME
9404,1902,13,2024-01-13,2024-01-27,2024-01-29,2026-08-12T13:29:33.699965,loans.csv,2,MILD
8188,1685,5,2023-09-20,2023-10-04,2023-10-11,2026-08-12T13:29:33.699965,loans.csv,7,MILD
6852,151,1,2021-06-14,2021-06-28,2021-06-27,2026-08-12T13:29:33.699965,loans.csv,0,ON TIME
5910,1167,1,2023-09-24,2023-10-08,2023-10-13,2026-08-12T13:29:33.699965,loans.csv,5,MILD
3409,1339,5,2023-05-23,2023-06-06,2023-05-26,2026-08-12T13:29:33.699965,loans.csv,0,ON TIME
7121,575,2,2020-11-25,2020-12-09,,2026-08-12T13:29:33.699965,loans.csv,2072,CRITICAL
8983,673,1,2022-05-18,2022-06-01,2022-05-30,2026-08-12T13:29:33.699965,loans.csv,0,ON TIME
4338,513,2,2023-06-05,2023-06-19,2023-06-28,2026-08-12T13:29:33.699965,loans.csv,9,SEVERE
8823,1297,1,2023-01-04,2023-01-18,2023-01-21,2026-08-12T13:29:33.699965,loans.csv,3,MILD
9473,872,3,2022-01-14,2022-01-28,2022-01-21,2026-08-12T13:29:33.699965,loans.csv,0,ON TIME
3083,2009,11,2024-10-11,2024-11-01,,2026-08-12T13:29:33.699965,loans.csv,649,CRITICAL
1915,388,3,2022-11-12,2022-11-26,,2026-08-12T13:29:33.699965,loans.csv,1355,CRITICAL
2035,2521,8,2024-03-08,2024-03-22,2024-03-24,2026-08-12T13:29:33.699965,loans.csv,2,MILD
3626,1048,3,2024-08-24,2024-09-07,2024-08-28,2026-08-12T13:29:33.699965,loans.csv,0,ON TIME
4586,2268,4,2023-11-19,2023-12-03,2023-11-22,2026-08-12T13:29:33.699965,loans.csv,0,ON TIME
8918,469,6,2023-01-29,2023-02-12,2023-02-05,2026-08-12T13:29:33.699965,loans.csv,0,ON TIME
4818,2023,8,2023-03-04,2023-03-18,2023-03-21,2026-08-12T13:29:33.699965,loans.csv,3,MILD
2402,454,11,2021-10-09,2021-10-23,,2026-08-12T13:29:33.699965,loans.csv,1754,CRITICAL
1121,1493,11,2022-01-13,2022-01-27,2022-02-03,2026-08-12T13:29:33.699965,loans.csv,7,MILD
6194,31,35,2022-06-21,2022-07-05,2022-07-02,2026-08-12T13:29:33.699965,loans.csv,0,ON TIME
957,132,2,2023-04-17,2023-05-01,2023-05-08,2026-08-12T13:29:33.699965,loans.csv,7,MILD
7324,848,1,2024-08-22,2024-09-05,2024-08-23,2026-08-12T13:29:33.699965,loans.csv,0,ON TIME
3590,2130,4,2023-09-16,2023-09-30,,2026-08-12T13:29:33.699965,loans.csv,1047,CRITICAL
8962,1388,42,2021-10-02,2021-10-16,2021-10-21,2026-08-12T13:29:33.699965,loans.csv,5,MILD
289,1426,1,2021-12-02,2021-12-23,,2026-08-12T13:29:33.699965,loans.csv,1693,CRITICAL
7153,1429,1,2024-11-21,2024-12-05,2024-11-25,2026-08-12T13:29:33.699965,loans.csv,0,ON TIME
1272,2330,3,2020-07-29,2020-08-12,,2026-08-12T13:29:33.699965,loans.csv,2191,CRITICAL
5263,2671,3,2024-08-25,2024-09-08,2024-09-04,2026-08-12T13:29:33.699965,loans.csv,0,ON TIME
723,2045,2,2023-09-08,2023-09-22,2023-09-29,2026-08-12T13:29:33.699965,loans.csv,7,MILD
5721,459,3,2024-09-09,2024-09-23,2024-09-22,2026-08-12T13:29:33.699965,loans.csv,0,ON TIME
7496,805,2,2022-03-15,2022-03-29,2022-05-04,2026-08-12T13:29:33.699965,loans.csv,36,CRITICAL
896,1522,21,2023-06-27,2023-07-11,2023-07-06,2026-08-12T13:29:33.699965,loans.csv,0,ON TIME
7300,2676,50,2021-12-22,2022-01-05,2021-12-26,2026-08-12T13:29:33.699965,loans.csv,0,ON TIME
1631,1728,1,2023-10-11,2023-10-25,2023-10-19,2026-08-12T13:29:33.699965,loans.csv,0,ON TIME
1663,2472,1,2022-06-06,2022-06-20,2022-06-22,2026-08-12T13:29:33.699965,loans.csv,2,MILD
3266,2537,2,2023-08-24,2023-09-07,2023-08-25,2026-08-12T13:29:33.699965,loans.csv,0,ON TIME
2563,673,1,2024-08-11,2024-09-01,2024-08-18,2026-08-12T13:29:33.699965,loans.csv,0,ON TIME
4040,1116,1,2023-08-24,2023-09-07,2023-08-25,2026-08-12T13:29:33.699965,loans.csv,0,ON TIME
3602,600,1,2021-01-02,2021-01-16,2021-01-12,2026-08-12T13:29:33.699965,loans.csv,0,ON TIME
6411,1828,2,2024-01-16,2024-01-30,2024-01-24,2026-08-12T13:29:33.699965,loans.csv,0,ON TIME
9318,159,1,2023-02-09,2023-02-23,2023-02-16,2026-08-12T13:29:33.699965,loans.csv,0,ON TIME
2588,86,6,2024-04-08,2024-04-22,2024-04-29,2026-08-12T13:29:33.699965,loans.csv,7,MILD
9437,583,21,2024-02-03,2024-02-17,2024-02-22,2026-08-12T13:29:33.699965,loans.csv,5,MILD
2641,2253,4,2024-12-26,2025-01-09,,2026-08-12T13:29:33.699965,loans.csv,580,CRITICAL
1765,1471,1,2024-07-05,2024-07-26,2024-07-13,2026-08-12T13:29:33.699965,loans.csv,0,ON TIME
5784,940,1,2023-10-22,2023-11-05,2023-10-26,2026-08-12T13:29:33.699965,loans.csv,0,ON TIME
7973,2034,1,2020-05-23,2020-06-06,2020-06-08,2026-08-12T13:29:33.699965,loans.csv,2,MILD
1120,1753,1,2023-12-05,2023-12-19,2023-12-11,2026-08-12T13:29:33.699965,loans.csv,0,ON TIME
8903,2061,1,2024-11-27,2024-12-18,2025-01-31,2026-08-12T13:29:33.699965,loans.csv,44,CRITICAL
1908,608,1,2024-09-13,2024-09-27,2024-09-27,2026-08-12T13:29:33.699965,loans.csv,0,ON TIME
976,1097,17,2023-09-10,2023-09-24,2023-09-22,2026-08-12T13:29:33.699965,loans.csv,0,ON TIME
9204,2708,2,2023-04-01,2023-04-15,2023-05-18,2026-08-12T13:29:33.699965,loans.csv,33,CRITICAL
8353,657,1,2023-12-24,2024-01-07,2024-01-01,2026-08-12T13:29:33.699965,loans.csv,0,ON TIME
7808,464,1,2023-01-31,2023-02-14,2023-02-12,2026-08-12T13:29:33.699965,loans.csv,0,ON TIME
9180,2240,38,2024-10-17,2024-10-31,2024-10-23,2026-08-12T13:29:33.699965,loans.csv,0,ON TIME
992,552,2,2022-04-12,2022-05-03,2022-05-06,2026-08-12T13:29:33.699965,loans.csv,3,MILD
5220,508,38,2022-07-28,2022-08-11,2022-08-31,2026-08-12T13:29:33.699965,loans.csv,20,SEVERE
197,2794,7,2024-05-10,2024-05-24,2024-05-23,2026-08-12T13:29:33.699965,loans.csv,0,ON TIME
3635,1240,1,2022-09-22,2022-10-06,2022-09-28,2026-08-12T13:29:33.699965,loans.csv,0,ON TIME
3383,1667,1,2023-01-06,2023-01-20,2023-01-09,2026-08-12T13:29:33.699965,loans.csv,0,ON TIME
9306,717,3,2021-08-23,2021-09-06,2021-09-13,2026-08-12T13:29:33.699965,loans.csv,7,MILD
3326,86,2,2023-08-07,2023-08-21,2023-08-10,2026-08-12T13:29:33.699965,loans.csv,0,ON TIME
1543,598,1,2024-11-27,2024-12-11,2024-12-03,2026-08-12T13:29:33.699965,loans.csv,0,ON TIME
9348,774,5,2024-09-30,2024-10-14,2024-10-13,2026-08-12T13:29:33.699965,loans.csv,0,ON TIME
7102,966,3,2023-11-26,2023-12-10,2023-12-04,2026-08-12T13:29:33.699965,loans.csv,0,ON TIME
1097,2307,1,2020-10-03,2020-10-17,2020-10-13,2026-08-12T13:29:33.699965,loans.csv,0,ON TIME
5382,1965,1,2023-07-23,2023-08-06,2023-07-27,2026-08-12T13:29:33.699965,loans.csv,0,ON TIME
1131,549,1,2024-11-24,2024-12-08,2024-12-07,2026-08-12T13:29:33.699965,loans.csv,0,ON TIME
8585,736,8,2024-07-11,2024-07-25,,2026-08-12T13:29:33.699965,loans.csv,748,CRITICAL
6425,2175,1,2022-12-03,2022-12-17,2022-12-10,2026-08-12T13:29:33.699965,loans.csv,0,ON TIME
7259,2100,2,2020-05-09,2020-05-23,2020-06-18,2026-08-12T13:29:33.699965,loans.csv,26,SEVERE
9461,1833,1,2022-08-31,2022-09-21,2022-09-13,2026-08-12T13:29:33.699965,loans.csv,0,ON TIME
9305,1587,3,2021-03-09,2021-03-23,2021-03-28,2026-08-12T13:29:33.699965,loans.csv,5,MILD
2703,2225,1,2022-06-16,2022-06-30,2022-07-01,2026-08-12T13:29:33.699965,loans.csv,1,MILD
7795,403,3,2024-06-17,2024-07-01,2024-06-25,2026-08-12T13:29:33.699965,loans.csv,0,ON TIME
2317,474,3,2024-12-02,2024-12-16,2024-12-13,2026-08-12T13:29:33.699965,loans.csv,0,ON TIME
7969,105,2,2024-11-08,2024-11-22,2024-11-20,2026-08-12T13:29:33.699965,loans.csv,0,ON TIME
477,2460,9,2024-11-04,2024-11-18,,2026-08-12T13:29:33.699965,loans.csv,632,CRITICAL
2854,1739,2,2023-12-04,2023-12-25,,2026-08-12T13:29:33.699965,loans.csv,961,CRITICAL
710,2344,13,2024-12-01,2024-12-15,2024-12-06,2026-08-12T13:29:33.699965,loans.csv,0,ON TIME
7914,342,12,2023-09-30,2023-10-14,2023-10-02,2026-08-12T13:29:33.699965,loans.csv,0,ON TIME
2104,481,4,2022-07-25,2022-08-08,2022-08-06,2026-08-12T13:29:33.699965,loans.csv,0,ON TIME
2818,721,8,2024-09-21,2024-10-05,2024-09-24,2026-08-12T13:29:33.699965,loans.csv,0,ON TIME
4784,814,2,2024-10-14,2024-10-28,2024-10-23,2026-08-12T13:29:33.699965,loans.csv,0,ON TIME
7195,2198,1,2020-03-07,2020-03-28,,2026-08-12T13:29:33.699965,loans.csv,2328,CRITICAL
8098,1095,2,2022-01-09,2022-01-23,2022-01-13,2026-08-12T13:29:33.699965,loans.csv,0,ON TIME
6577,804,81,2024-10-04,2024-10-18,2024-10-05,2026-08-12T13:29:33.699965,loans.csv,0,ON TIME
8892,1217,1,2024-11-25,2024-12-09,2024-12-14,2026-08-12T13:29:33.699965,loans.csv,5,MILD
5773,768,2,2024-03-08,2024-03-29,2024-04-04,2026-08-12T13:29:33.699965,loans.csv,6,MILD
2675,2423,27,2024-11-29,2024-12-13,2024-12-01,2026-08-12T13:29:33.699965,loans.csv,0,ON TIME
1003,880,2,2024-02-09,2024-02-23,2024-02-22,2026-08-12T13:29:33.699965,loans.csv,0,ON TIME
4874,2061,1,2024-04-01,2024-04-15,2024-04-13,2026-08-12T13:29:33.699965,loans.csv,0,ON TIME
8797,1291,3,2022-02-10,2022-02-24,,2026-08-12T13:29:33.699965,loans.csv,1630,CRITICAL
9085,103,28,2021-06-20,2021-07-04,2021-06-28,2026-08-12T13:29:33.699965,loans.csv,0,ON TIME
8218,1538,3,2024-08-07,2024-08-21,,2026-08-12T13:29:33.699965,loans.csv,721,CRITICAL
5357,446,3,2023-10-24,2023-11-07,2023-11-04,2026-08-12T13:29:33.699965,loans.csv,0,ON TIME
7507,798,16,2022-11-23,2022-12-07,2022-12-11,2026-08-12T13:29:33.699965,loans.csv,4,MILD
3149,2505,2,2024-09-03,2024-09-17,,2026-08-12T13:29:33.699965,loans.csv,694,CRITICAL
8739,27,1,2024-08-17,2024-08-31,,2026-08-12T13:29:33.699965,loans.csv,711,CRITICAL
4967,2344,1,2023-11-29,2023-12-13,2023-12-15,2026-08-12T13:29:33.699965,loans.csv,2,MILD
7021,2436,1,2024-05-10,2024-05-24,2024-05-23,2026-08-12T13:29:33.699965,loans.csv,0,ON TIME
8082,1460,3,2021-08-15,2021-08-29,2021-08-26,2026-08-12T13:29:33.699965,loans.csv,0,ON TIME
8561,1193,1,2023-12-06,2023-12-20,2023-12-24,2026-08-12T13:29:33.699965,loans.csv,4,MILD
6009,2068,18,2024-08-05,2024-08-19,2024-08-19,2026-08-12T13:29:33.699965,loans.csv,0,ON TIME
7081,1383,37,2024-03-16,2024-03-30,2024-03-30,2026-08-12T13:29:33.699965,loans.csv,0,ON TIME
8721,1067,38,2024-01-18,2024-02-01,2024-01-24,2026-08-12T13:29:33.699965,loans.csv,0,ON TIME
7913,1260,12,2023-11-09,2023-11-23,,2026-08-12T13:29:33.699965,loans.csv,993,CRITICAL
6705,2052,1,2024-02-22,2024-03-14,2024-03-06,2026-08-12T13:29:33.699965,loans.csv,0,ON TIME
2936,2409,4,2020-09-18,2020-10-02,2020-10-01,2026-08-12T13:29:33.699965,loans.csv,0,ON TIME
4402,2325,49,2023-10-01,2023-10-15,2023-10-04,2026-08-12T13:29:33.699965,loans.csv,0,ON TIME
5593,2704,1,2023-01-03,2023-01-17,,2026-08-12T13:29:33.699965,loans.csv,1303,CRITICAL
2725,2092,1,2024-07-05,2024-07-19,,2026-08-12T13:29:33.699965,loans.csv,754,CRITICAL
9227,1522,133,2020-08-11,2020-09-01,2020-08-17,2026-08-12T13:29:33.699965,loans.csv,0,ON TIME
9286,260,7,2024-03-29,2024-04-12,2024-04-17,2026-08-12T13:29:33.699965,loans.csv,5,MILD
7314,2449,1,2024-08-04,2024-08-18,2024-08-25,2026-08-12T13:29:33.699965,loans.csv,7,MILD
265,2265,1,2024-10-18,2024-11-01,,2026-08-12T13:29:33.699965,loans.csv,649,CRITICAL
850,1067,15,2024-01-11,2024-01-25,2024-01-13,2026-08-12T13:29:33.699965,loans.csv,0,ON TIME
5225,1402,2,2021-02-24,2021-03-10,,2026-08-12T13:29:33.699965,loans.csv,1981,CRITICAL
5750,843,1,2020-03-31,2020-04-21,2020-04-22,2026-08-12T13:29:33.699965,loans.csv,1,MILD
9333,1553,4,2023-06-20,2023-07-04,2023-06-30,2026-08-12T13:29:33.699965,loans.csv,0,ON TIME
7238,1680,1,2020-11-13,2020-11-27,2020-11-15,2026-08-12T13:29:33.699965,loans.csv,0,ON TIME
1893,2423,1,2024-07-11,2024-07-25,2024-07-23,2026-08-12T13:29:33.699965,loans.csv,0,ON TIME
6787,1348,4,2024-12-10,2024-12-24,2024-12-21,2026-08-12T13:29:33.699965,loans.csv,0,ON TIME
5325,978,1,2024-07-30,2024-08-13,2024-08-02,2026-08-12T13:29:33.699965,loans.csv,0,ON TIME
2238,1554,1,2022-08-06,2022-08-20,2022-08-26,2026-08-12T13:29:33.699965,loans.csv,6,MILD
8,347,17,2024-04-20,2024-05-04,,2026-08-12T13:29:33.699965,loans.csv,830,CRITICAL
6890,2477,14,2023-05-12,2023-05-26,2023-05-26,2026-08-12T13:29:33.699965,loans.csv,0,ON TIME
5337,701,4,2023-08-11,2023-08-25,2023-08-31,2026-08-12T13:29:33.699965,loans.csv,6,MILD
4895,2121,1,2021-10-29,2021-11-12,2021-10-31,2026-08-12T13:29:33.699965,loans.csv,0,ON TIME
8589,2110,3,2023-07-16,2023-07-30,2023-07-29,2026-08-12T13:29:33.699965,loans.csv,0,ON TIME
8723,2682,13,2023-02-06,2023-02-20,,2026-08-12T13:29:33.699965,loans.csv,1269,CRITICAL
6049,1629,2,2023-11-25,2023-12-09,2023-12-02,2026-08-12T13:29:33.699965,loans.csv,0,ON TIME
7644,1675,1,2024-06-10,2024-06-24,2024-06-20,2026-08-12T13:29:33.699965,loans.csv,0,ON TIME
9422,1134,1,2024-10-08,2024-10-22,2024-10-29,2026-08-12T13:29:33.699965,loans.csv,7,MILD
7672,1382,2,2024-12-21,2025-01-11,,2026-08-12T13:29:33.699965,loans.csv,578,CRITICAL
1163,697,1,2022-03-23,2022-04-06,,2026-08-12T13:29:33.699965,loans.csv,1589,CRITICAL
2845,2305,12,2021-01-19,2021-02-02,2021-02-01,2026-08-12T13:29:33.699965,loans.csv,0,ON TIME
4237,1595,83,2024-12-07,2024-12-21,2024-12-14,2026-08-12T13:29:33.699965,loans.csv,0,ON TIME
434,1506,1,2024-10-02,2024-10-23,2024-10-08,2026-08-12T13:29:33.699965,loans.csv,0,ON TIME
7495,2791,1,2023-10-08,2023-10-22,2023-10-17,2026-08-12T13:29:33.699965,loans.csv,0,ON TIME
1469,1067,6,2024-08-14,2024-08-28,2024-08-16,2026-08-12T13:29:33.699965,loans.csv,0,ON TIME
876,2284,1,2024-09-24,2024-10-08,2024-10-09,2026-08-12T13:29:33.699965,loans.csv,1,MILD
7430,2039,46,2024-08-24,2024-09-07,2024-08-30,2026-08-12T13:29:33.699965,loans.csv,0,ON TIME
351,2772,5,2021-04-01,2021-04-22,,2026-08-12T13:29:33.699965,loans.csv,1938,CRITICAL
8380,317,1,2021-02-10,2021-02-24,2021-02-28,2026-08-12T13:29:33.699965,loans.csv,4,MILD
1416,1267,1,2021-11-08,2021-11-22,2021-12-14,2026-08-12T13:29:33.699965,loans.csv,22,SEVERE
3031,2723,5,2024-09-21,2024-10-12,2024-10-02,2026-08-12T13:29:33.699965,loans.csv,0,ON TIME
6320,1789,15,2022-08-11,2022-08-25,2022-08-30,2026-08-12T13:29:33.699965,loans.csv,5,MILD
4324,2701,128,2023-06-21,2023-07-05,2023-07-07,2026-08-12T13:29:33.699965,loans.csv,2,MILD
7173,213,2,2022-05-29,2022-06-19,2022-07-13,2026-08-12T13:29:33.699965,loans.csv,24,SEVERE
2,1556,6,2024-06-19,2024-07-10,2024-07-05,2026-08-12T13:29:33.699965,loans.csv,0,ON TIME
8220,289,1,2024-05-22,2024-06-05,2024-05-24,2026-08-12T13:29:33.699965,loans.csv,0,ON TIME
8906,646,4,2021-02-22,2021-03-08,2021-03-14,2026-08-12T13:29:33.699965,loans.csv,6,MILD
5955,663,117,2024-07-07,2024-07-21,2024-07-21,2026-08-12T13:29:33.699965,loans.csv,0,ON TIME
3277,2746,3,2021-07-03,2021-07-17,2021-07-10,2026-08-12T13:29:33.699965,loans.csv,0,ON TIME
2856,814,2,2024-07-03,2024-07-17,,2026-08-12T13:29:33.699965,loans.csv,756,CRITICAL
2262,1423,1,2023-09-04,2023-09-18,2023-09-14,2026-08-12T13:29:33.699965,loans.csv,0,ON TIME
3592,2793,57,2024-08-02,2024-08-16,2024-08-07,2026-08-12T13:29:33.699965,loans.csv,0,ON TIME
1716,1766,21,2024-03-05,2024-03-19,2024-03-24,2026-08-12T13:29:33.699965,loans.csv,5,MILD
3401,1139,5,2024-01-05,2024-01-26,2024-01-15,2026-08-12T13:29:33.699965,loans.csv,0,ON TIME
4090,1456,2,2023-12-25,2024-01-08,2024-01-12,2026-08-12T13:29:33.699965,loans.csv,4,MILD
1141,591,5,2024-10-27,2024-11-10,2024-11-01,2026-08-12T13:29:33.699965,loans.csv,0,ON TIME
9436,655,2,2022-10-08,2022-10-22,2022-10-29,2026-08-12T13:29:33.699965,loans.csv,7,MILD
6138,1962,5,2024-09-11,2024-09-25,2024-10-04,2026-08-12T13:29:33.699965,loans.csv,9,SEVERE
4219,1061,33,2024-09-24,2024-10-08,2024-09-28,2026-08-12T13:29:33.699965,loans.csv,0,ON TIME
8002,502,4,2024-11-05,2024-11-19,2024-11-22,2026-08-12T13:29:33.699965,loans.csv,3,MILD
2622,663,2,2024-04-18,2024-05-02,2024-04-24,2026-08-12T13:29:33.699965,loans.csv,0,ON TIME
1580,1100,7,2024-11-03,2024-11-17,2024-11-22,2026-08-12T13:29:33.699965,loans.csv,5,MILD
3701,1781,19,2023-02-09,2023-02-23,2023-02-12,2026-08-12T13:29:33.699965,loans.csv,0,ON TIME
7643,289,1,2024-12-23,2025-01-06,,2026-08-12T13:29:33.699965,loans.csv,583,CRITICAL
5617,646,6,2023-04-20,2023-05-04,2023-04-28,2026-08-12T13:29:33.699965,loans.csv,0,ON TIME
3576,86,1,2023-08-28,2023-09-11,2023-09-15,2026-08-12T13:29:33.699965,loans.csv,4,MILD
142,538,2,2024-01-27,2024-02-10,2024-02-10,2026-08-12T13:29:33.699965,loans.csv,0,ON TIME
1776,901,3,2022-08-23,2022-09-13,2022-08-25,2026-08-12T13:29:33.699965,loans.csv,0,ON TIME
3579,985,1,2023-07-15,2023-07-29,2023-07-21,2026-08-12T13:29:33.699965,loans.csv,0,ON TIME
7227,1198,1,2024-04-10,2024-04-24,2024-04-24,2026-08-12T13:29:33.699965,loans.csv,0,ON TIME
4654,1914,16,2024-08-23,2024-09-06,2024-09-06,2026-08-12T13:29:33.699965,loans.csv,0,ON TIME
2991,2289,1,2022-09-06,2022-09-20,,2026-08-12T13:29:33.699965,loans.csv,1422,CRITICAL
9148,2582,5,2023-03-20,2023-04-03,2023-04-10,2026-08-12T13:29:33.699965,loans.csv,7,MILD
5816,2610,1,2022-08-23,2022-09-06,2022-09-06,2026-08-12T13:29:33.699965,loans.csv,0,ON TIME
1010,2758,2,2021-08-08,2021-08-29,2021-09-27,2026-08-12T13:29:33.699965,loans.csv,29,SEVERE
654,2249,1,2021-10-22,2021-11-05,2021-11-04,2026-08-12T13:29:33.699965,loans.csv,0,ON TIME
4200,1738,3,2022-04-06,2022-04-20,,2026-08-12T13:29:33.699965,loans.csv,1575,CRITICAL
7467,1446,3,2020-06-26,2020-07-10,2020-07-17,2026-08-12T13:29:33.699965,loans.csv,7,MILD
8116,482,2,2021-11-28,2021-12-12,2021-12-18,2026-08-12T13:29:33.699965,loans.csv,6,MILD
1364,2714,1,2024-08-11,2024-09-01,2024-08-26,2026-08-12T13:29:33.699965,loans.csv,0,ON TIME
7783,386,2,2024-12-24,2025-01-07,,2026-08-12T13:29:33.699965,loans.csv,582,CRITICAL
4329,854,20,2020-09-11,2020-09-25,2020-09-15,2026-08-12T13:29:33.699965,loans.csv,0,ON TIME
1846,2643,6,2024-10-09,2024-10-23,2024-10-28,2026-08-12T13:29:33.699965,loans.csv,5,MILD
9210,2519,3,2024-03-08,2024-03-22,2024-04-07,2026-08-12T13:29:33.699965,loans.csv,16,SEVERE
9595,1706,3,2023-07-29,2023-08-12,2023-08-12,2026-08-12T13:29:33.699965,loans.csv,0,ON TIME
1646,2430,1,2024-05-25,2024-06-08,2024-06-05,2026-08-12T13:29:33.699965,loans.csv,0,ON TIME
460,2043,51,2022-09-27,2022-10-11,2022-10-14,2026-08-12T13:29:33.699965,loans.csv,3,MILD
4831,1710,1,2023-12-10,2023-12-24,2023-12-26,2026-08-12T13:29:33.699965,loans.csv,2,MILD
8233,43,2,2021-08-27,2021-09-10,2021-09-01,2026-08-12T13:29:33.699965,loans.csv,0,ON TIME
3284,2011,10,2023-07-06,2023-07-27,2023-07-09,2026-08-12T13:29:33.699965,loans.csv,0,ON TIME
4921,257,1,2022-04-02,2022-04-16,2022-04-17,2026-08-12T13:29:33.699965,loans.csv,1,MILD
6627,1305,11,2024-10-14,2024-11-04,2024-10-15,2026-08-12T13:29:33.699965,loans.csv,0,ON TIME
5805,1200,10,2023-10-22,2023-11-05,,2026-08-12T13:29:33.699965,loans.csv,1011,CRITICAL
7120,657,1,2024-10-26,2024-11-09,2024-10-31,2026-08-12T13:29:33.699965,loans.csv,0,ON TIME
718,1508,16,2023-10-10,2023-10-24,2023-11-13,2026-08-12T13:29:33.699965,loans.csv,20,SEVERE
2609,694,100,2024-07-13,2024-07-27,2024-07-21,2026-08-12T13:29:33.699965,loans.csv,0,ON TIME
9262,831,8,2023-07-28,2023-08-11,2023-08-02,2026-08-12T13:29:33.699965,loans.csv,0,ON TIME
3784,2253,2,2021-08-07,2021-08-21,2021-08-25,2026-08-12T13:29:33.699965,loans.csv,4,MILD
9374,1489,5,2023-06-29,2023-07-13,2023-06-30,2026-08-12T13:29:33.699965,loans.csv,0,ON TIME
7386,1242,7,2022-12-15,2022-12-29,2022-12-29,2026-08-12T13:29:33.699965,loans.csv,0,ON TIME
5319,2469,1,2024-07-09,2024-07-23,2024-07-16,2026-08-12T13:29:33.699965,loans.csv,0,ON TIME
9237,2075,7,2022-03-10,2022-03-24,2022-03-18,2026-08-12T13:29:33.699965,loans.csv,0,ON TIME
742,2777,6,2024-04-30,2024-05-21,2024-05-28,2026-08-12T13:29:33.699965,loans.csv,7,MILD
8867,17,1,2022-09-30,2022-10-14,2022-10-10,2026-08-12T13:29:33.699965,loans.csv,0,ON TIME
3537,1602,1,2021-04-21,2021-05-05,2021-05-10,2026-08-12T13:29:33.699965,loans.csv,5,MILD
2217,827,2,2022-12-22,2023-01-12,2023-01-19,2026-08-12T13:29:33.699965,loans.csv,7,MILD
1719,271,1,2023-06-09,2023-06-23,,2026-08-12T13:29:33.699965,loans.csv,1146,CRITICAL
5209,698,4,2024-09-13,2024-09-27,2024-10-17,2026-08-12T13:29:33.699965,loans.csv,20,SEVERE
6048,978,5,2024-12-10,2024-12-24,,2026-08-12T13:29:33.699965,loans.csv,596,CRITICAL
1942,2179,2,2024-03-16,2024-03-30,2024-04-03,2026-08-12T13:29:33.699965,loans.csv,4,MILD
3917,2522,2,2024-12-11,2024-12-25,,2026-08-12T13:29:33.699965,loans.csv,595,CRITICAL
2271,1889,54,2021-02-24,2021-03-17,2021-03-06,2026-08-12T13:29:33.699965,loans.csv,0,ON TIME
1119,2367,1,2023-05-27,2023-06-17,2023-06-05,2026-08-12T13:29:33.699965,loans.csv,0,ON TIME
5167,2308,2,2023-12-16,2023-12-30,2024-01-03,2026-08-12T13:29:33.699965,loans.csv,4,MILD
592,1226,4,2021-10-09,2021-10-23,2021-10-12,2026-08-12T13:29:33.699965,loans.csv,0,ON TIME
8790,1354,1,2023-11-15,2023-11-29,2023-12-18,2026-08-12T13:29:33.699965,loans.csv,19,SEVERE
3830,2331,2,2024-06-27,2024-07-18,2024-07-15,2026-08-12T13:29:33.699965,loans.csv,0,ON TIME
200,1087,3,2024-09-20,2024-10-04,2024-10-01,2026-08-12T13:29:33.699965,loans.csv,0,ON TIME
7536,129,146,2023-09-11,2023-09-25,2023-10-02,2026-08-12T13:29:33.699965,loans.csv,7,MILD
2790,2485,6,2023-01-07,2023-01-21,,2026-08-12T13:29:33.699965,loans.csv,1299,CRITICAL
4639,18,1,2022-01-26,2022-02-16,2022-02-01,2026-08-12T13:29:33.699965,loans.csv,0,ON TIME
8525,1276,1,2024-03-18,2024-04-01,2024-04-12,2026-08-12T13:29:33.699965,loans.csv,11,SEVERE
7720,129,1,2024-07-30,2024-08-13,2024-09-01,2026-08-12T13:29:33.699965,loans.csv,19,SEVERE
7258,49,1,2023-10-31,2023-11-14,2023-11-10,2026-08-12T13:29:33.699965,loans.csv,0,ON TIME
6968,1139,1,2023-01-15,2023-02-05,2023-01-19,2026-08-12T13:29:33.699965,loans.csv,0,ON TIME
6657,1698,1,2024-11-10,2024-11-24,2024-11-12,2026-08-12T13:29:33.699965,loans.csv,0,ON TIME
2149,2739,131,2020-08-27,2020-09-10,2020-10-09,2026-08-12T13:29:33.699965,loans.csv,29,SEVERE
3262,1269,1,2021-03-14,2021-03-28,2021-03-21,2026-08-12T13:29:33.699965,loans.csv,0,ON TIME
1434,1785,1,2024-12-25,2025-01-08,,2026-08-12T13:29:33.699965,loans.csv,581,CRITICAL
4519,2241,1,2022-05-12,2022-05-26,2022-05-29,2026-08-12T13:29:33.699965,loans.csv,3,MILD
2205,43,24,2020-03-08,2020-03-22,2020-03-15,2026-08-12T13:29:33.699965,loans.csv,0,ON TIME
4611,1771,72,2022-05-20,2022-06-03,2022-05-22,2026-08-12T13:29:33.699965,loans.csv,0,ON TIME
2606,346,8,2024-11-16,2024-12-07,2024-12-12,2026-08-12T13:29:33.699965,loans.csv,5,MILD
369,36,16,2023-12-06,2023-12-20,2023-12-08,2026-08-12T13:29:33.699965,loans.csv,0,ON TIME
4234,199,2,2024-11-01,2024-11-15,2024-11-04,2026-08-12T13:29:33.699965,loans.csv,0,ON TIME
4418,2030,1,2024-05-19,2024-06-02,2024-05-30,2026-08-12T13:29:33.699965,loans.csv,0,ON TIME
4057,14,20,2022-10-28,2022-11-11,2022-11-15,2026-08-12T13:29:33.699965,loans.csv,4,MILD
459,907,9,2024-02-01,2024-02-15,2024-02-22,2026-08-12T13:29:33.699965,loans.csv,7,MILD
4373,765,1,2024-09-15,2024-09-29,2024-09-17,2026-08-12T13:29:33.699965,loans.csv,0,ON TIME
2580,385,94,2020-11-12,2020-11-26,,2026-08-12T13:29:33.699965,loans.csv,2085,CRITICAL
3055,342,5,2024-02-28,2024-03-13,2024-02-29,2026-08-12T13:29:33.699965,loans.csv,0,ON TIME
1419,725,5,2024-10-23,2024-11-06,2024-10-28,2026-08-12T13:29:33.699965,loans.csv,0,ON TIME
6065,50,1,2023-05-31,2023-06-14,2023-06-17,2026-08-12T13:29:33.699965,loans.csv,3,MILD
9543,403,2,2023-12-17,2023-12-31,2024-01-05,2026-08-12T13:29:33.699965,loans.csv,5,MILD
8439,691,3,2024-05-08,2024-05-22,2024-05-11,2026-08-12T13:29:33.699965,loans.csv,0,ON TIME
5156,2139,1,2024-09-20,2024-10-04,2024-09-29,2026-08-12T13:29:33.699965,loans.csv,0,ON TIME
2016,223,86,2021-10-18,2021-11-01,2021-10-26,2026-08-12T13:29:33.699965,loans.csv,0,ON TIME
1831,1382,2,2022-10-23,2022-11-06,,2026-08-12T13:29:33.699965,loans.csv,1375,CRITICAL
3751,2105,3,2022-06-14,2022-06-28,2022-06-20,2026-08-12T13:29:33.699965,loans.csv,0,ON TIME
4563,1485,1,2022-02-22,2022-03-15,2022-03-13,2026-08-12T13:29:33.699965,loans.csv,0,ON TIME
5315,790,1,2024-11-08,2024-11-22,2024-11-21,2026-08-12T13:29:33.699965,loans.csv,0,ON TIME
8826,1864,6,2024-02-11,2024-03-03,2024-02-20,2026-08-12T13:29:33.699965,loans.csv,0,ON TIME
3184,2458,143,2024-07-23,2024-08-06,2024-07-24,2026-08-12T13:29:33.699965,loans.csv,0,ON TIME
4358,421,38,2024-12-19,2025-01-02,,2026-08-12T13:29:33.699965,loans.csv,587,CRITICAL
7,1748,4,2022-07-06,2022-07-20,2022-07-22,2026-08-12T13:29:33.699965,loans.csv,2,MILD
2542,2445,83,2024-05-03,2024-05-17,2024-05-06,2026-08-12T13:29:33.699965,loans.csv,0,ON TIME
8417,823,2,2024-11-02,2024-11-16,2024-11-12,2026-08-12T13:29:33.699965,loans.csv,0,ON TIME
4842,1241,3,2023-07-08,2023-07-22,,2026-08-12T13:29:33.699965,loans.csv,1117,CRITICAL
2832,2268,1,2020-08-10,2020-08-24,2020-08-23,2026-08-12T13:29:33.699965,loans.csv,0,ON TIME
8513,768,1,2024-01-23,2024-02-06,2024-02-13,2026-08-12T13:29:33.699965,loans.csv,7,MILD
9517,2591,4,2024-07-20,2024-08-03,2024-07-31,2026-08-12T13:29:33.699965,loans.csv,0,ON TIME
4304,2790,1,2024-03-09,2024-03-23,2024-03-28,2026-08-12T13:29:33.699965,loans.csv,5,MILD
4423,2249,3,2023-03-02,2023-03-16,2023-03-14,2026-08-12T13:29:33.699965,loans.csv,0,ON TIME
2897,2142,12,2024-04-14,2024-04-28,,2026-08-12T13:29:33.699965,loans.csv,836,CRITICAL
2010,1835,1,2022-03-13,2022-03-27,2022-04-02,2026-08-12T13:29:33.699965,loans.csv,6,MILD
1245,536,4,2023-11-23,2023-12-14,2023-12-21,2026-08-12T13:29:33.699965,loans.csv,7,MILD
7285,2531,2,2024-07-13,2024-07-27,2024-07-23,2026-08-12T13:29:33.699965,loans.csv,0,ON TIME
2357,380,4,2024-04-11,2024-04-25,2024-04-20,2026-08-12T13:29:33.699965,loans.csv,0,ON TIME
5533,1023,1,2024-04-10,2024-04-24,,2026-08-12T13:29:33.699965,loans.csv,840,CRITICAL
9597,2614,25,2022-05-12,2022-05-26,2022-05-14,2026-08-12T13:29:33.699965,loans.csv,0,ON TIME
315,1415,10,2024-11-24,2024-12-08,2024-11-29,2026-08-12T13:29:33.699965,loans.csv,0,ON TIME
4910,1991,1,2022-05-16,2022-05-30,2022-05-29,2026-08-12T13:29:33.699965,loans.csv,0,ON TIME
521,2614,1,2023-12-12,2023-12-26,2023-12-22,2026-08-12T13:29:33.699965,loans.csv,0,ON TIME
2809,2071,3,2024-12-04,2024-12-18,2024-12-24,2026-08-12T13:29:33.699965,loans.csv,6,MILD
803,2179,1,2023-10-30,2023-11-13,2023-10-31,2026-08-12T13:29:33.699965,loans.csv,0,ON TIME
9038,2110,1,2023-07-10,2023-07-24,2023-07-20,2026-08-12T13:29:33.699965,loans.csv,0,ON TIME
3980,259,2,2023-02-04,2023-02-18,2023-02-07,2026-08-12T13:29:33.699965,loans.csv,0,ON TIME
2924,1985,3,2023-03-13,2023-03-27,2023-03-28,2026-08-12T13:29:33.699965,loans.csv,1,MILD
341,2106,4,2021-12-03,2021-12-17,2021-12-12,2026-08-12T13:29:33.699965,loans.csv,0,ON TIME
962,1167,2,2024-02-24,2024-03-09,2024-03-09,2026-08-12T13:29:33.699965,loans.csv,0,ON TIME
4396,1240,1,2024-03-20,2024-04-03,2024-05-08,2026-08-12T13:29:33.699965,loans.csv,35,CRITICAL
318,1107,1,2023-06-12,2023-06-26,2023-06-13,2026-08-12T13:29:33.699965,loans.csv,0,ON TIME
8980,828,1,2024-01-26,2024-02-09,2024-01-30,2026-08-12T13:29:33.699965,loans.csv,0,ON TIME
6575,882,1,2024-12-17,2024-12-31,,2026-08-12T13:29:33.699965,loans.csv,589,CRITICAL
568,351,3,2024-08-01,2024-08-15,,2026-08-12T13:29:33.699965,loans.csv,727,CRITICAL
3758,1926,2,2024-07-30,2024-08-20,2024-08-24,2026-08-12T13:29:33.699965,loans.csv,4,MILD
332,1680,1,2020-05-09,2020-05-23,2020-05-22,2026-08-12T13:29:33.699965,loans.csv,0,ON TIME
7854,907,1,2023-05-31,2023-06-14,,2026-08-12T13:29:33.699965,loans.csv,1155,CRITICAL
172,1080,1,2022-09-03,2022-09-17,2022-10-18,2026-08-12T13:29:33.699965,loans.csv,31,CRITICAL
1492,324,10,2023-06-26,2023-07-10,2023-07-08,2026-08-12T13:29:33.699965,loans.csv,0,ON TIME
4835,1665,13,2020-07-29,2020-08-12,2020-08-12,2026-08-12T13:29:33.699965,loans.csv,0,ON TIME
3510,1206,1,2023-01-18,2023-02-08,2023-01-27,2026-08-12T13:29:33.699965,loans.csv,0,ON TIME
133,1339,3,2023-01-15,2023-01-29,2023-01-24,2026-08-12T13:29:33.699965,loans.csv,0,ON TIME
9346,657,1,2022-07-20,2022-08-03,2022-07-26,2026-08-12T13:29:33.699965,loans.csv,0,ON TIME
4333,2325,7,2024-02-03,2024-02-17,2024-02-09,2026-08-12T13:29:33.699965,loans.csv,0,ON TIME
1845,1243,2,2022-12-09,2022-12-23,2022-12-21,2026-08-12T13:29:33.699965,loans.csv,0,ON TIME
2346,1864,1,2024-02-20,2024-03-05,2024-03-05,2026-08-12T13:29:33.699965,loans.csv,0,ON TIME
4865,1041,1,2024-01-31,2024-02-21,2024-02-09,2026-08-12T13:29:33.699965,loans.csv,0,ON TIME
9044,1556,26,2024-07-22,2024-08-05,2024-08-05,2026-08-12T13:29:33.699965,loans.csv,0,ON TIME
3691,513,1,2020-08-25,2020-09-08,2020-08-27,2026-08-12T13:29:33.699965,loans.csv,0,ON TIME
4207,2061,2,2024-10-30,2024-11-13,2024-11-10,2026-08-12T13:29:33.699965,loans.csv,0,ON TIME
1624,23,3,2020-12-20,2021-01-03,,2026-08-12T13:29:33.699965,loans.csv,2047,CRITICAL
6199,1243,95,2023-09-06,2023-09-20,2023-10-07,2026-08-12T13:29:33.699965,loans.csv,17,SEVERE
2593,1131,1,2024-03-07,2024-03-21,,2026-08-12T13:29:33.699965,loans.csv,874,CRITICAL
2032,1703,6,2024-10-09,2024-10-23,,2026-08-12T13:29:33.699965,loans.csv,658,CRITICAL
2220,1868,179,2024-04-07,2024-04-21,2024-04-16,2026-08-12T13:29:33.699965,loans.csv,0,ON TIME
2549,2025,1,2024-09-13,2024-09-27,2024-09-17,2026-08-12T13:29:33.699965,loans.csv,0,ON TIME
9205,1628,1,2023-09-16,2023-09-30,,2026-08-12T13:29:33.699965,loans.csv,1047,CRITICAL
685,728,25,2023-06-19,2023-07-03,2023-06-28,2026-08-12T13:29:33.699965,loans.csv,0,ON TIME
7939,335,186,2023-09-03,2023-09-17,,2026-08-12T13:29:33.699965,loans.csv,1060,CRITICAL
9450,2412,1,2024-12-02,2024-12-16,2024-12-10,2026-08-12T13:29:33.699965,loans.csv,0,ON TIME
6662,1378,1,2023-06-20,2023-07-04,2023-06-29,2026-08-12T13:29:33.699965,loans.csv,0,ON TIME
935,1161,3,2021-10-31,2021-11-14,2021-11-17,2026-08-12T13:29:33.699965,loans.csv,3,MILD
7837,2088,5,2024-05-17,2024-05-31,2024-05-28,2026-08-12T13:29:33.699965,loans.csv,0,ON TIME
5902,1855,1,2023-02-08,2023-02-22,2023-02-13,2026-08-12T13:29:33.699965,loans.csv,0,ON TIME
5977,470,1,2022-12-28,2023-01-11,2023-01-18,2026-08-12T13:29:33.699965,loans.csv,7,MILD
4010,1161,1,2024-03-10,2024-03-24,2024-03-16,2026-08-12T13:29:33.699965,loans.csv,0,ON TIME
5453,628,6,2024-01-02,2024-01-16,2024-01-24,2026-08-12T13:29:33.699965,loans.csv,8,SEVERE
2710,886,3,2021-08-31,2021-09-14,2021-09-09,2026-08-12T13:29:33.699965,loans.csv,0,ON TIME
28,823,93,2024-05-24,2024-06-07,,2026-08-12T13:29:33.699965,loans.csv,796,CRITICAL
426,1537,17,2020-04-27,2020-05-11,2020-05-15,2026-08-12T13:29:33.699965,loans.csv,4,MILD
5623,1889,92,2022-02-22,2022-03-08,2022-03-07,2026-08-12T13:29:33.699965,loans.csv,0,ON TIME
8580,1338,1,2023-09-10,2023-09-24,2023-09-15,2026-08-12T13:29:33.699965,loans.csv,0,ON TIME
6355,873,3,2024-09-20,2024-10-04,2024-10-01,2026-08-12T13:29:33.699965,loans.csv,0,ON TIME
3814,1299,1,2024-09-02,2024-09-16,2024-09-14,2026-08-12T13:29:33.699965,loans.csv,0,ON TIME
2315,932,1,2024-02-19,2024-03-04,2024-02-26,2026-08-12T13:29:33.699965,loans.csv,0,ON TIME
2584,987,1,2021-04-19,2021-05-03,2021-04-21,2026-08-12T13:29:33.699965,loans.csv,0,ON TIME
4801,1864,3,2024-08-20,2024-09-03,2024-09-08,2026-08-12T13:29:33.699965,loans.csv,5,MILD
4628,920,1,2024-11-20,2024-12-04,2024-11-23,2026-08-12T13:29:33.699965,loans.csv,0,ON TIME
5123,59,1,2023-01-05,2023-01-19,2023-01-24,2026-08-12T13:29:33.699965,loans.csv,5,MILD
7736,1498,41,2020-06-24,2020-07-08,2020-06-29,2026-08-12T13:29:33.699965,loans.csv,0,ON TIME
4626,546,4,2022-02-12,2022-02-26,2022-02-20,2026-08-12T13:29:33.699965,loans.csv,0,ON TIME
2565,1408,1,2024-02-20,2024-03-05,2024-03-04,2026-08-12T13:29:33.699965,loans.csv,0,ON TIME
8224,1052,1,2024-11-19,2024-12-03,2025-01-01,2026-08-12T13:29:33.699965,loans.csv,29,SEVERE
129,1653,1,2023-10-06,2023-10-20,2023-10-27,2026-08-12T13:29:33.699965,loans.csv,7,MILD
8686,812,2,2021-05-09,2021-05-23,2021-05-12,2026-08-12T13:29:33.699965,loans.csv,0,ON TIME
5084,2639,9,2020-10-01,2020-10-15,2020-10-04,2026-08-12T13:29:33.699965,loans.csv,0,ON TIME
6875,908,44,2022-08-26,2022-09-09,2022-09-12,2026-08-12T13:29:33.699965,loans.csv,3,MILD
1370,2756,12,2024-10-01,2024-10-22,2024-10-20,2026-08-12T13:29:33.699965,loans.csv,0,ON TIME
3541,1905,1,2024-06-23,2024-07-07,2024-06-27,2026-08-12T13:29:33.699965,loans.csv,0,ON TIME
6190,1816,1,2023-11-27,2023-12-11,2023-12-16,2026-08-12T13:29:33.699965,loans.csv,5,MILD
6517,1098,1,2022-10-14,2022-10-28,2022-11-25,2026-08-12T13:29:33.699965,loans.csv,28,SEVERE
6346,2594,13,2024-04-16,2024-04-30,2024-04-30,2026-08-12T13:29:33.699965,loans.csv,0,ON TIME
401,2403,1,2023-08-28,2023-09-11,2023-09-09,2026-08-12T13:29:33.699965,loans.csv,0,ON TIME
2187,1258,3,2024-01-19,2024-02-09,2024-01-26,2026-08-12T13:29:33.699965,loans.csv,0,ON TIME
9299,2280,3,2022-01-16,2022-01-30,2022-02-03,2026-08-12T13:29:33.699965,loans.csv,4,MILD
4959,665,1,2024-03-25,2024-04-15,2024-04-20,2026-08-12T13:29:33.699965,loans.csv,5,MILD
6834,568,3,2023-07-16,2023-07-30,,2026-08-12T13:29:33.699965,loans.csv,1109,CRITICAL
918,2290,2,2023-05-17,2023-05-31,2023-05-22,2026-08-12T13:29:33.699965,loans.csv,0,ON TIME
1724,2610,1,2024-07-14,2024-07-28,2024-07-17,2026-08-12T13:29:33.699965,loans.csv,0,ON TIME
4322,1968,64,2022-11-15,2022-11-29,2022-12-03,2026-08-12T13:29:33.699965,loans.csv,4,MILD
971,2533,2,2024-12-02,2024-12-16,2024-12-14,2026-08-12T13:29:33.699965,loans.csv,0,ON TIME
1068,1092,1,2022-11-02,2022-11-16,2022-11-07,2026-08-12T13:29:33.699965,loans.csv,0,ON TIME
6821,2782,2,2020-09-28,2020-10-12,2020-10-09,2026-08-12T13:29:33.699965,loans.csv,0,ON TIME
5252,334,1,2024-10-30,2024-11-13,2024-11-12,2026-08-12T13:29:33.699965,loans.csv,0,ON TIME
6189,1310,1,2023-10-28,2023-11-11,,2026-08-12T13:29:33.699965,loans.csv,1005,CRITICAL
8406,657,1,2022-07-24,2022-08-14,2022-08-13,2026-08-12T13:29:33.699965,loans.csv,0,ON TIME
3736,1805,53,2023-05-08,2023-05-22,,2026-08-12T13:29:33.699965,loans.csv,1178,CRITICAL
1305,2701,10,2023-03-05,2023-03-19,2023-03-20,2026-08-12T13:29:33.699965,loans.csv,1,MILD
3126,1415,15,2024-05-01,2024-05-15,2024-05-13,2026-08-12T13:29:33.699965,loans.csv,0,ON TIME
2766,2165,3,2024-08-27,2024-09-10,2024-10-02,2026-08-12T13:29:33.699965,loans.csv,22,SEVERE
8346,264,1,2024-09-01,2024-09-15,2024-09-22,2026-08-12T13:29:33.699965,loans.csv,7,MILD
4467,1343,2,2024-11-12,2024-12-03,2024-12-22,2026-08-12T13:29:33.699965,loans.csv,19,SEVERE
1033,2052,1,2022-02-09,2022-02-23,2022-02-12,2026-08-12T13:29:33.699965,loans.csv,0,ON TIME
6819,2164,1,2023-06-01,2023-06-15,2023-06-14,2026-08-12T13:29:33.699965,loans.csv,0,ON TIME
1678,1910,2,2023-10-09,2023-10-23,2023-10-21,2026-08-12T13:29:33.699965,loans.csv,0,ON TIME
9005,1227,3,2022-05-22,2022-06-05,2022-06-02,2026-08-12T13:29:33.699965,loans.csv,0,ON TIME
3680,1541,119,2024-02-01,2024-02-15,2024-02-10,2026-08-12T13:29:33.699965,loans.csv,0,ON TIME
5096,549,4,2024-11-16,2024-11-30,2024-11-20,2026-08-12T13:29:33.699965,loans.csv,0,ON TIME
9024,977,1,2023-07-06,2023-07-20,2023-07-15,2026-08-12T13:29:33.699965,loans.csv,0,ON TIME
6212,133,1,2023-07-11,2023-07-25,2023-07-23,2026-08-12T13:29:33.699965,loans.csv,0,ON TIME
2803,805,8,2020-09-24,2020-10-08,2020-09-26,2026-08-12T13:29:33.699965,loans.csv,0,ON TIME
4016,2646,2,2023-01-02,2023-01-23,,2026-08-12T13:29:33.699965,loans.csv,1297,CRITICAL
8021,2131,1,2024-11-26,2024-12-10,2024-12-18,2026-08-12T13:29:33.699965,loans.csv,8,SEVERE
1978,1995,5,2024-06-10,2024-06-24,2024-06-20,2026-08-12T13:29:33.699965,loans.csv,0,ON TIME
378,2375,2,2024-03-17,2024-03-31,2024-04-02,2026-08-12T13:29:33.699965,loans.csv,2,MILD
278,1910,2,2024-07-26,2024-08-09,2024-08-04,2026-08-12T13:29:33.699965,loans.csv,0,ON TIME
4750,1411,7,2021-03-04,2021-03-18,2021-03-06,2026-08-12T13:29:33.699965,loans.csv,0,ON TIME
4550,232,22,2022-11-17,2022-12-08,2022-12-05,2026-08-12T13:29:33.699965,loans.csv,0,ON TIME
4118,666,7,2024-11-04,2024-11-18,2024-11-07,2026-08-12T13:29:33.699965,loans.csv,0,ON TIME
7262,392,3,2023-02-21,2023-03-07,2023-02-23,2026-08-12T13:29:33.699965,loans.csv,0,ON TIME
3408,146,2,2024-12-11,2024-12-25,,2026-08-12T13:29:33.699965,loans.csv,595,CRITICAL
2233,2052,1,2024-01-30,2024-02-13,2024-02-07,2026-08-12T13:29:33.699965,loans.csv,0,ON TIME
7429,2758,27,2021-05-01,2021-05-15,2021-05-12,2026-08-12T13:29:33.699965,loans.csv,0,ON TIME
9069,2252,15,2024-06-19,2024-07-03,2024-07-08,2026-08-12T13:29:33.699965,loans.csv,5,MILD
920,1128,1,2023-01-23,2023-02-13,2023-02-09,2026-08-12T13:29:33.699965,loans.csv,0,ON TIME
6223,1485,1,2024-11-19,2024-12-03,2024-11-29,2026-08-12T13:29:33.699965,loans.csv,0,ON TIME
5234,1598,1,2024-07-19,2024-08-02,2024-07-24,2026-08-12T13:29:33.699965,loans.csv,0,ON TIME
5038,1021,7,2024-10-29,2024-11-12,2024-11-15,2026-08-12T13:29:33.699965,loans.csv,3,MILD
7342,1153,2,2022-09-06,2022-09-20,2022-09-25,2026-08-12T13:29:33.699965,loans.csv,5,MILD
3692,1392,1,2022-04-27,2022-05-11,2022-05-01,2026-08-12T13:29:33.699965,loans.csv,0,ON TIME
5088,2758,18,2020-04-28,2020-05-12,2020-05-06,2026-08-12T13:29:33.699965,loans.csv,0,ON TIME
5214,2718,1,2021-03-30,2021-04-13,2021-04-11,2026-08-12T13:29:33.699965,loans.csv,0,ON TIME
4161,1648,1,2024-08-21,2024-09-04,2024-09-07,2026-08-12T13:29:33.699965,loans.csv,3,MILD
2849,1648,1,2022-11-03,2022-11-17,2022-11-04,2026-08-12T13:29:33.699965,loans.csv,0,ON TIME
4150,2787,13,2020-12-03,2020-12-17,2020-12-15,2026-08-12T13:29:33.699965,loans.csv,0,ON TIME
7260,2743,4,2024-11-11,2024-11-25,2024-11-25,2026-08-12T13:29:33.699965,loans.csv,0,ON TIME
7501,1257,7,2023-09-23,2023-10-07,2023-09-27,2026-08-12T13:29:33.699965,loans.csv,0,ON TIME
9134,1595,1,2024-11-16,2024-11-30,2024-11-27,2026-08-12T13:29:33.699965,loans.csv,0,ON TIME
8959,1743,149,2023-05-25,2023-06-08,2023-05-27,2026-08-12T13:29:33.699965,loans.csv,0,ON TIME
3081,848,178,2024-01-08,2024-01-22,2024-01-13,2026-08-12T13:29:33.699965,loans.csv,0,ON TIME
6874,169,1,2021-08-29,2021-09-19,2021-09-02,2026-08-12T13:29:33.699965,loans.csv,0,ON TIME
6530,531,1,2023-05-30,2023-06-13,2023-06-04,2026-08-12T13:29:33.699965,loans.csv,0,ON TIME
3198,2169,1,2022-08-12,2022-08-26,,2026-08-12T13:29:33.699965,loans.csv,1447,CRITICAL
7253,884,1,2024-05-13,2024-05-27,2024-05-22,2026-08-12T13:29:33.699965,loans.csv,0,ON TIME
8149,2305,1,2023-10-30,2023-11-13,2023-11-14,2026-08-12T13:29:33.699965,loans.csv,1,MILD
5403,2704,34,2023-06-04,2023-06-18,2023-06-20,2026-08-12T13:29:33.699965,loans.csv,2,MILD
75,2403,2,2024-10-14,2024-10-28,2024-10-27,2026-08-12T13:29:33.699965,loans.csv,0,ON TIME
3512,1809,3,2023-10-14,2023-10-28,2023-10-28,2026-08-12T13:29:33.699965,loans.csv,0,ON TIME
7868,1370,1,2024-10-21,2024-11-04,2024-11-06,2026-08-12T13:29:33.699965,loans.csv,2,MILD
1487,1254,1,2023-08-16,2023-08-30,2023-08-20,2026-08-12T13:29:33.699965,loans.csv,0,ON TIME
5016,821,1,2023-10-04,2023-10-25,2023-10-08,2026-08-12T13:29:33.699965,loans.csv,0,ON TIME
3652,2240,1,2024-11-25,2024-12-09,2024-12-16,2026-08-12T13:29:33.699965,loans.csv,7,MILD
5477,1562,3,2020-11-02,2020-11-16,2020-11-23,2026-08-12T13:29:33.699965,loans.csv,7,MILD
1056,1323,27,2021-10-14,2021-10-28,2021-11-03,2026-08-12T13:29:33.699965,loans.csv,6,MILD
1964,945,1,2024-12-12,2024-12-26,,2026-08-12T13:29:33.699965,loans.csv,594,CRITICAL
3322,655,1,2023-10-03,2023-10-17,2023-10-05,2026-08-12T13:29:33.699965,loans.csv,0,ON TIME
5523,1484,1,2024-07-21,2024-08-04,2024-07-23,2026-08-12T13:29:33.699965,loans.csv,0,ON TIME
5193,1984,6,2024-03-29,2024-04-12,2024-04-13,2026-08-12T13:29:33.699965,loans.csv,1,MILD
4318,752,26,2023-10-01,2023-10-15,2023-10-11,2026-08-12T13:29:33.699965,loans.csv,0,ON TIME
9277,624,32,2024-07-28,2024-08-11,2024-08-18,2026-08-12T13:29:33.699965,loans.csv,7,MILD
4460,970,2,2023-08-14,2023-08-28,2023-08-24,2026-08-12T13:29:33.699965,loans.csv,0,ON TIME
6888,1766,12,2024-02-06,2024-02-20,2024-02-09,2026-08-12T13:29:33.699965,loans.csv,0,ON TIME
4717,1682,1,2023-07-15,2023-07-29,2023-08-04,2026-08-12T13:29:33.699965,loans.csv,6,MILD
8646,1704,1,2024-10-13,2024-10-27,2024-10-28,2026-08-12T13:29:33.699965,loans.csv,1,MILD
8603,1250,12,2023-05-07,2023-05-21,2023-05-15,2026-08-12T13:29:33.699965,loans.csv,0,ON TIME
5973,2610,1,2021-11-18,2021-12-02,2021-12-03,2026-08-12T13:29:33.699965,loans.csv,1,MILD
2795,2233,139,2024-02-28,2024-03-13,2024-03-11,2026-08-12T13:29:33.699965,loans.csv,0,ON TIME
3559,802,1,2020-02-09,2020-03-01,,2026-08-12T13:29:33.699965,loans.csv,2355,CRITICAL
6363,2190,2,2020-12-06,2020-12-20,2020-12-25,2026-08-12T13:29:33.699965,loans.csv,5,MILD
2507,2313,13,2021-04-15,2021-04-29,2021-04-26,2026-08-12T13:29:33.699965,loans.csv,0,ON TIME
4442,1814,1,2024-01-28,2024-02-11,2024-02-09,2026-08-12T13:29:33.699965,loans.csv,0,ON TIME
3641,2126,1,2024-01-01,2024-01-22,2024-01-26,2026-08-12T13:29:33.699965,loans.csv,4,MILD
3551,1232,3,2024-03-09,2024-03-23,2024-05-03,2026-08-12T13:29:33.699965,loans.csv,41,CRITICAL
9546,2280,1,2024-07-26,2024-08-09,2024-08-06,2026-08-12T13:29:33.699965,loans.csv,0,ON TIME
7908,1118,4,2024-12-14,2025-01-04,,2026-08-12T13:29:33.699965,loans.csv,585,CRITICAL
3376,1886,6,2024-11-14,2024-11-28,2024-11-28,2026-08-12T13:29:33.699965,loans.csv,0,ON TIME
5303,1572,1,2024-11-02,2024-11-16,2024-12-19,2026-08-12T13:29:33.699965,loans.csv,33,CRITICAL
7691,96,3,2024-02-02,2024-02-16,2024-02-17,2026-08-12T13:29:33.699965,loans.csv,1,MILD
8777,1048,18,2024-07-31,2024-08-21,2024-08-17,2026-08-12T13:29:33.699965,loans.csv,0,ON TIME
5331,2210,1,2022-11-18,2022-12-02,2022-12-09,2026-08-12T13:29:33.699965,loans.csv,7,MILD
4952,1365,1,2024-05-03,2024-05-17,2024-05-10,2026-08-12T13:29:33.699965,loans.csv,0,ON TIME
9568,1363,7,2021-11-23,2021-12-14,2022-01-22,2026-08-12T13:29:33.699965,loans.csv,39,CRITICAL
9203,828,1,2023-06-16,2023-06-30,2023-06-30,2026-08-12T13:29:33.699965,loans.csv,0,ON TIME
1328,2522,2,2024-10-21,2024-11-04,2024-10-23,2026-08-12T13:29:33.699965,loans.csv,0,ON TIME
6265,2123,1,2023-06-16,2023-06-30,2023-06-19,2026-08-12T13:29:33.699965,loans.csv,0,ON TIME
344,839,6,2024-12-15,2024-12-29,,2026-08-12T13:29:33.699965,loans.csv,591,CRITICAL
4452,112,10,2022-09-22,2022-10-13,2022-09-24,2026-08-12T13:29:33.699965,loans.csv,0,ON TIME
9490,2379,18,2024-11-24,2024-12-08,2024-12-05,2026-08-12T13:29:33.699965,loans.csv,0,ON TIME
1571,2198,1,2024-10-03,2024-10-17,2024-10-11,2026-08-12T13:29:33.699965,loans.csv,0,ON TIME
3232,1338,5,2024-03-13,2024-03-27,2024-03-16,2026-08-12T13:29:33.699965,loans.csv,0,ON TIME
838,13,2,2024-04-11,2024-05-02,,2026-08-12T13:29:33.699965,loans.csv,832,CRITICAL
2045,2233,59,2024-11-16,2024-11-30,2024-11-29,2026-08-12T13:29:33.699965,loans.csv,0,ON TIME
2871,2300,122,2023-08-23,2023-09-06,2023-09-05,2026-08-12T13:29:33.699965,loans.csv,0,ON TIME
1581,2739,1,2020-02-16,2020-03-01,2020-02-24,2026-08-12T13:29:33.699965,loans.csv,0,ON TIME
3296,586,6,2024-06-09,2024-06-23,2024-06-17,2026-08-12T13:29:33.699965,loans.csv,0,ON TIME
4772,1916,1,2024-06-08,2024-06-29,2024-06-20,2026-08-12T13:29:33.699965,loans.csv,0,ON TIME
975,2110,1,2022-01-12,2022-01-26,2022-01-25,2026-08-12T13:29:33.699965,loans.csv,0,ON TIME
4662,1538,3,2022-12-18,2023-01-01,2022-12-31,2026-08-12T13:29:33.699965,loans.csv,0,ON TIME
198,2123,1,2024-02-17,2024-03-09,,2026-08-12T13:29:33.699965,loans.csv,886,CRITICAL
3072,860,1,2023-10-24,2023-11-07,2023-11-13,2026-08-12T13:29:33.699965,loans.csv,6,MILD
8041,1988,1,2020-04-11,2020-04-25,,2026-08-12T13:29:33.699965,loans.csv,2300,CRITICAL
2956,470,1,2023-01-30,2023-02-13,2023-02-01,2026-08-12T13:29:33.699965,loans.csv,0,ON TIME
5245,242,2,2024-06-22,2024-07-06,2024-06-25,2026-08-12T13:29:33.699965,loans.csv,0,ON TIME
5764,217,4,2021-09-02,2021-09-16,2021-09-14,2026-08-12T13:29:33.699965,loans.csv,0,ON TIME
8223,2486,4,2024-10-22,2024-11-05,2024-10-24,2026-08-12T13:29:33.699965,loans.csv,0,ON TIME
3836,2663,1,2023-03-07,2023-03-21,2023-03-12,2026-08-12T13:29:33.699965,loans.csv,0,ON TIME
8169,979,3,2022-04-07,2022-04-21,2022-04-22,2026-08-12T13:29:33.699965,loans.csv,1,MILD
5808,1970,1,2024-10-07,2024-10-21,2024-10-27,2026-08-12T13:29:33.699965,loans.csv,6,MILD
9263,1455,1,2024-12-03,2024-12-17,,2026-08-12T13:29:33.699965,loans.csv,603,CRITICAL
2096,1243,3,2024-05-02,2024-05-16,2024-05-22,2026-08-12T13:29:33.699965,loans.csv,6,MILD
946,872,8,2024-07-06,2024-07-20,2024-07-21,2026-08-12T13:29:33.699965,loans.csv,1,MILD
8981,1988,22,2021-04-09,2021-04-23,2021-04-15,2026-08-12T13:29:33.699965,loans.csv,0,ON TIME
4489,1103,4,2023-08-24,2023-09-07,2023-09-06,2026-08-12T13:29:33.699965,loans.csv,0,ON TIME
530,391,15,2023-06-07,2023-06-28,2023-06-23,2026-08-12T13:29:33.699965,loans.csv,0,ON TIME
7068,1611,20,2020-09-08,2020-09-22,,2026-08-12T13:29:33.699965,loans.csv,2150,CRITICAL
6424,439,1,2024-12-07,2024-12-21,2024-12-27,2026-08-12T13:29:33.699965,loans.csv,6,MILD
7807,2109,1,2022-08-23,2022-09-06,,2026-08-12T13:29:33.699965,loans.csv,1436,CRITICAL
7590,1942,4,2024-11-17,2024-12-01,2024-12-03,2026-08-12T13:29:33.699965,loans.csv,2,MILD
1125,384,20,2023-04-12,2023-04-26,2023-04-15,2026-08-12T13:29:33.699965,loans.csv,0,ON TIME
8186,205,4,2024-08-02,2024-08-16,2024-08-12,2026-08-12T13:29:33.699965,loans.csv,0,ON TIME
5108,29,57,2023-03-15,2023-03-29,2023-03-31,2026-08-12T13:29:33.699965,loans.csv,2,MILD
2366,2115,1,2024-09-03,2024-09-24,2024-10-01,2026-08-12T13:29:33.699965,loans.csv,7,MILD
2889,2367,7,2023-10-18,2023-11-01,,2026-08-12T13:29:33.699965,loans.csv,1015,CRITICAL
2978,833,1,2024-04-20,2024-05-04,2024-04-28,2026-08-12T13:29:33.699965,loans.csv,0,ON TIME
5826,531,1,2024-03-04,2024-03-18,2024-03-13,2026-08-12T13:29:33.699965,loans.csv,0,ON TIME
4606,2029,11,2023-04-14,2023-04-28,,2026-08-12T13:29:33.699965,loans.csv,1202,CRITICAL
247,259,3,2023-10-20,2023-11-03,2023-10-25,2026-08-12T13:29:33.699965,loans.csv,0,ON TIME
1067,70,53,2020-10-04,2020-10-18,2020-10-12,2026-08-12T13:29:33.699965,loans.csv,0,ON TIME
7130,973,5,2023-06-02,2023-06-16,2023-06-14,2026-08-12T13:29:33.699965,loans.csv,0,ON TIME
5334,1637,1,2024-04-19,2024-05-03,2024-04-22,2026-08-12T13:29:33.699965,loans.csv,0,ON TIME
4177,1242,2,2023-01-11,2023-01-25,2023-01-15,2026-08-12T13:29:33.699965,loans.csv,0,ON TIME
4052,1675,3,2024-07-03,2024-07-17,2024-07-27,2026-08-12T13:29:33.699965,loans.csv,10,SEVERE
3519,1407,31,2023-06-07,2023-06-21,2023-07-06,2026-08-12T13:29:33.699965,loans.csv,15,SEVERE
8772,517,1,2024-10-11,2024-10-25,2024-10-19,2026-08-12T13:29:33.699965,loans.csv,0,ON TIME
6315,1997,2,2024-02-03,2024-02-17,2024-02-09,2026-08-12T13:29:33.699965,loans.csv,0,ON TIME
1244,2791,4,2024-09-01,2024-09-15,2024-09-06,2026-08-12T13:29:33.699965,loans.csv,0,ON TIME
6373,392,6,2022-08-17,2022-09-07,2022-09-03,2026-08-12T13:29:33.699965,loans.csv,0,ON TIME
3745,1104,11,2024-08-19,2024-09-02,,2026-08-12T13:29:33.699965,loans.csv,709,CRITICAL
7462,1805,7,2024-02-01,2024-02-22,,2026-08-12T13:29:33.699965,loans.csv,902,CRITICAL
5907,452,1,2023-04-01,2023-04-15,2023-04-18,2026-08-12T13:29:33.699965,loans.csv,3,MILD
539,2111,18,2024-09-17,2024-10-08,2024-10-04,2026-08-12T13:29:33.699965,loans.csv,0,ON TIME
5279,813,1,2024-09-21,2024-10-05,2024-10-01,2026-08-12T13:29:33.699965,loans.csv,0,ON TIME
7640,2120,48,2020-10-25,2020-11-08,2020-10-29,2026-08-12T13:29:33.699965,loans.csv,0,ON TIME
8839,852,17,2024-10-11,2024-10-25,,2026-08-12T13:29:33.699965,loans.csv,656,CRITICAL
744,838,5,2021-04-08,2021-04-29,2021-04-26,2026-08-12T13:29:33.699965,loans.csv,0,ON TIME
6132,2415,2,2024-12-11,2024-12-25,,2026-08-12T13:29:33.699965,loans.csv,595,CRITICAL
7302,2401,1,2023-11-24,2023-12-08,2023-11-27,2026-08-12T13:29:33.699965,loans.csv,0,ON TIME
6290,2562,10,2020-02-18,2020-03-03,2020-03-09,2026-08-12T13:29:33.699965,loans.csv,6,MILD
1979,2088,4,2023-10-03,2023-10-17,2023-10-10,2026-08-12T13:29:33.699965,loans.csv,0,ON TIME
7103,2261,2,2023-06-12,2023-06-26,2023-06-18,2026-08-12T13:29:33.699965,loans.csv,0,ON TIME
4459,1826,2,2023-01-19,2023-02-09,2023-02-07,2026-08-12T13:29:33.699965,loans.csv,0,ON TIME
9014,2010,1,2024-12-21,2025-01-04,,2026-08-12T13:29:33.699965,loans.csv,585,CRITICAL
1281,2462,1,2024-11-25,2024-12-16,2024-11-30,2026-08-12T13:29:33.699965,loans.csv,0,ON TIME
1465,1947,16,2023-06-30,2023-07-14,2023-07-13,2026-08-12T13:29:33.699965,loans.csv,0,ON TIME
7299,133,36,2022-07-28,2022-08-11,2022-08-04,2026-08-12T13:29:33.699965,loans.csv,0,ON TIME
7217,828,2,2023-12-03,2023-12-17,2023-12-16,2026-08-12T13:29:33.699965,loans.csv,0,ON TIME
8860,1350,33,2023-06-11,2023-06-25,2023-06-25,2026-08-12T13:29:33.699965,loans.csv,0,ON TIME
4331,2593,5,2021-08-24,2021-09-07,2021-08-28,2026-08-12T13:29:33.699965,loans.csv,0,ON TIME
7701,1986,1,2023-11-10,2023-12-01,2023-12-07,2026-08-12T13:29:33.699965,loans.csv,6,MILD
5783,1018,1,2022-08-24,2022-09-07,2022-09-14,2026-08-12T13:29:33.699965,loans.csv,7,MILD
4086,1208,7,2024-06-05,2024-06-19,2024-06-09,2026-08-12T13:29:33.699965,loans.csv,0,ON TIME
3935,1977,11,2024-06-03,2024-06-17,2024-06-12,2026-08-12T13:29:33.699965,loans.csv,0,ON TIME
7295,2114,1,2022-08-26,2022-09-09,2022-09-13,2026-08-12T13:29:33.699965,loans.csv,4,MILD
5786,369,1,2024-03-29,2024-04-12,2024-05-01,2026-08-12T13:29:33.699965,loans.csv,19,SEVERE
5198,764,3,2021-12-14,2021-12-28,2021-12-23,2026-08-12T13:29:33.699965,loans.csv,0,ON TIME
4538,2511,1,2022-03-30,2022-04-13,2022-04-05,2026-08-12T13:29:33.699965,loans.csv,0,ON TIME
9465,1243,3,2023-11-02,2023-11-16,2023-11-18,2026-08-12T13:29:33.699965,loans.csv,2,MILD
6941,2743,1,2024-12-23,2025-01-06,,2026-08-12T13:29:33.699965,loans.csv,583,CRITICAL
9553,1030,3,2023-05-13,2023-05-27,2023-05-23,2026-08-12T13:29:33.699965,loans.csv,0,ON TIME
4785,432,1,2024-07-29,2024-08-19,2024-08-25,2026-08-12T13:29:33.699965,loans.csv,6,MILD
8982,223,5,2022-05-28,2022-06-11,2022-06-14,2026-08-12T13:29:33.699965,loans.csv,3,MILD
6924,1253,41,2022-07-01,2022-07-15,2022-07-19,2026-08-12T13:29:33.699965,loans.csv,4,MILD
8735,270,1,2020-01-03,2020-01-17,2020-01-10,2026-08-12T13:29:33.699965,loans.csv,0,ON TIME
3006,86,5,2023-06-10,2023-06-24,2023-06-13,2026-08-12T13:29:33.699965,loans.csv,0,ON TIME
8553,615,46,2024-09-27,2024-10-11,2024-10-20,2026-08-12T13:29:33.699965,loans.csv,9,SEVERE
767,2645,34,2024-04-27,2024-05-11,2024-06-07,2026-08-12T13:29:33.699965,loans.csv,27,SEVERE
1169,2281,1,2023-09-22,2023-10-06,2023-10-04,2026-08-12T13:29:33.699965,loans.csv,0,ON TIME
1500,1412,1,2024-05-15,2024-05-29,,2026-08-12T13:29:33.699965,loans.csv,805,CRITICAL
5600,2720,3,2024-07-16,2024-07-30,2024-09-04,2026-08-12T13:29:33.699965,loans.csv,36,CRITICAL
7806,335,1,2022-01-17,2022-01-31,2022-02-07,2026-08-12T13:29:33.699965,loans.csv,7,MILD
9562,897,28,2023-05-31,2023-06-14,2023-06-02,2026-08-12T13:29:33.699965,loans.csv,0,ON TIME
6448,1461,3,2024-03-22,2024-04-05,2024-04-03,2026-08-12T13:29:33.699965,loans.csv,0,ON TIME
1388,223,2,2022-03-24,2022-04-07,2022-04-07,2026-08-12T13:29:33.699965,loans.csv,0,ON TIME
7611,1713,1,2020-12-15,2020-12-29,2020-12-26,2026-08-12T13:29:33.699965,loans.csv,0,ON TIME
5828,1738,4,2023-06-08,2023-06-22,2023-06-15,2026-08-12T13:29:33.699965,loans.csv,0,ON TIME
8319,795,1,2023-04-15,2023-04-29,2023-04-17,2026-08-12T13:29:33.699965,loans.csv,0,ON TIME
6555,1389,6,2020-12-11,2020-12-25,2020-12-20,2026-08-12T13:29:33.699965,loans.csv,0,ON TIME
9220,1427,3,2024-08-14,2024-08-28,2024-08-22,2026-08-12T13:29:33.699965,loans.csv,0,ON TIME
3438,2541,1,2023-05-07,2023-05-21,,2026-08-12T13:29:33.699965,loans.csv,1179,CRITICAL
2571,1510,23,2024-05-15,2024-05-29,2024-05-21,2026-08-12T13:29:33.699965,loans.csv,0,ON TIME
1286,2172,1,2021-07-01,2021-07-15,2021-07-16,2026-08-12T13:29:33.699965,loans.csv,1,MILD
7196,784,1,2024-11-29,2024-12-20,2024-12-06,2026-08-12T13:29:33.699965,loans.csv,0,ON TIME
7595,1767,1,2024-07-24,2024-08-14,2024-08-11,2026-08-12T13:29:33.699965,loans.csv,0,ON TIME
9276,2109,3,2024-07-15,2024-07-29,,2026-08-12T13:29:33.699965,loans.csv,744,CRITICAL
1593,1746,6,2024-01-24,2024-02-07,2024-01-28,2026-08-12T13:29:33.699965,loans.csv,0,ON TIME
3662,1127,6,2024-07-01,2024-07-22,,2026-08-12T13:29:33.699965,loans.csv,751,CRITICAL
4633,2538,1,2021-09-15,2021-09-29,2021-09-25,2026-08-12T13:29:33.699965,loans.csv,0,ON TIME
3138,1588,3,2022-12-16,2022-12-30,2022-12-26,2026-08-12T13:29:33.699965,loans.csv,0,ON TIME
2450,481,1,2022-06-10,2022-06-24,,2026-08-12T13:29:33.699965,loans.csv,1510,CRITICAL
4515,391,1,2024-07-02,2024-07-16,2024-07-06,2026-08-12T13:29:33.699965,loans.csv,0,ON TIME
9011,828,1,2024-06-10,2024-06-24,2024-06-24,2026-08-12T13:29:33.699965,loans.csv,0,ON TIME
5483,625,93,2021-06-27,2021-07-11,2021-07-06,2026-08-12T13:29:33.699965,loans.csv,0,ON TIME
6723,800,9,2022-04-03,2022-04-17,2022-04-06,2026-08-12T13:29:33.699965,loans.csv,0,ON TIME
94,2281,6,2024-05-13,2024-05-27,,2026-08-12T13:29:33.699965,loans.csv,807,CRITICAL
3593,204,8,2024-09-03,2024-09-17,2024-09-22,2026-08-12T13:29:33.699965,loans.csv,5,MILD
7946,1758,7,2024-10-16,2024-10-30,2024-11-04,2026-08-12T13:29:33.699965,loans.csv,5,MILD
7759,404,1,2024-05-25,2024-06-08,2024-05-29,2026-08-12T13:29:33.699965,loans.csv,0,ON TIME
2167,305,3,2023-12-14,2023-12-28,2023-12-30,2026-08-12T13:29:33.699965,loans.csv,2,MILD
8779,621,1,2023-08-19,2023-09-02,2023-09-07,2026-08-12T13:29:33.699965,loans.csv,5,MILD
7453,56,2,2023-10-14,2023-10-28,,2026-08-12T13:29:33.699965,loans.csv,1019,CRITICAL
5796,68,5,2024-02-16,2024-03-01,2024-02-18,2026-08-12T13:29:33.699965,loans.csv,0,ON TIME
3904,2086,9,2020-10-16,2020-10-30,2020-11-30,2026-08-12T13:29:33.699965,loans.csv,31,CRITICAL
6987,1510,1,2021-01-25,2021-02-08,2021-02-14,2026-08-12T13:29:33.699965,loans.csv,6,MILD
9212,21,1,2024-09-01,2024-09-15,,2026-08-12T13:29:33.699965,loans.csv,696,CRITICAL
6953,2638,2,2022-12-30,2023-01-13,2023-02-21,2026-08-12T13:29:33.699965,loans.csv,39,CRITICAL
3744,2774,1,2024-11-13,2024-11-27,2024-12-04,2026-08-12T13:29:33.699965,loans.csv,7,MILD
9563,2223,1,2024-02-03,2024-02-17,2024-02-05,2026-08-12T13:29:33.699965,loans.csv,0,ON TIME
2814,1553,2,2024-08-09,2024-08-23,,2026-08-12T13:29:33.699965,loans.csv,719,CRITICAL
3169,701,1,2024-02-06,2024-02-20,2024-02-12,2026-08-12T13:29:33.699965,loans.csv,0,ON TIME
1955,2511,1,2020-07-24,2020-08-07,2020-08-13,2026-08-12T13:29:33.699965,loans.csv,6,MILD
7730,629,3,2022-03-04,2022-03-18,2022-03-13,2026-08-12T13:29:33.699965,loans.csv,0,ON TIME
4906,2498,19,2023-04-04,2023-04-25,2023-04-13,2026-08-12T13:29:33.699965,loans.csv,0,ON TIME
4615,591,2,2024-09-06,2024-09-20,2024-09-11,2026-08-12T13:29:33.699965,loans.csv,0,ON TIME
8807,655,1,2022-11-02,2022-11-16,2022-11-16,2026-08-12T13:29:33.699965,loans.csv,0,ON TIME
4897,1510,1,2022-07-10,2022-07-24,2022-07-28,2026-08-12T13:29:33.699965,loans.csv,4,MILD
2581,2080,1,2024-11-08,2024-11-22,2024-11-27,2026-08-12T13:29:33.699965,loans.csv,5,MILD
9287,2093,3,2024-08-07,2024-08-21,2024-09-22,2026-08-12T13:29:33.699965,loans.csv,32,CRITICAL
3529,2454,2,2023-06-03,2023-06-17,2023-06-14,2026-08-12T13:29:33.699965,loans.csv,0,ON TIME
550,518,1,2024-10-22,2024-11-05,,2026-08-12T13:29:33.699965,loans.csv,645,CRITICAL
5824,38,38,2024-09-02,2024-09-16,2024-10-29,2026-08-12T13:29:33.699965,loans.csv,43,CRITICAL
1488,1242,2,2023-04-15,2023-04-29,2023-05-01,2026-08-12T13:29:33.699965,loans.csv,2,MILD
6583,1376,3,2021-08-27,2021-09-10,2021-09-04,2026-08-12T13:29:33.699965,loans.csv,0,ON TIME
8891,1942,4,2024-10-07,2024-10-21,2024-10-17,2026-08-12T13:29:33.699965,loans.csv,0,ON TIME
6133,2558,7,2024-10-10,2024-10-24,2024-10-21,2026-08-12T13:29:33.699965,loans.csv,0,ON TIME
1995,2708,4,2022-06-07,2022-06-21,2022-06-13,2026-08-12T13:29:33.699965,loans.csv,0,ON TIME
7962,2800,1,2021-04-03,2021-04-17,2021-04-09,2026-08-12T13:29:33.699965,loans.csv,0,ON TIME
7391,1697,1,2023-01-22,2023-02-05,2023-02-18,2026-08-12T13:29:33.699965,loans.csv,13,SEVERE
6227,753,1,2024-02-02,2024-02-23,2024-02-16,2026-08-12T13:29:33.699965,loans.csv,0,ON TIME
4184,1785,1,2024-09-23,2024-10-07,2024-09-27,2026-08-12T13:29:33.699965,loans.csv,0,ON TIME
6731,2211,5,2020-12-11,2020-12-25,2020-12-20,2026-08-12T13:29:33.699965,loans.csv,0,ON TIME
9041,1476,1,2024-02-03,2024-02-17,,2026-08-12T13:29:33.699965,loans.csv,907,CRITICAL
2396,1676,1,2023-02-24,2023-03-10,2023-03-08,2026-08-12T13:29:33.699965,loans.csv,0,ON TIME
2160,2164,1,2021-09-04,2021-09-18,,2026-08-12T13:29:33.699965,loans.csv,1789,CRITICAL
1517,2610,3,2021-12-19,2022-01-02,2021-12-20,2026-08-12T13:29:33.699965,loans.csv,0,ON TIME
5412,1148,2,2024-11-16,2024-12-07,2024-11-30,2026-08-12T13:29:33.699965,loans.csv,0,ON TIME
8473,1847,1,2024-11-18,2024-12-09,2024-11-30,2026-08-12T13:29:33.699965,loans.csv,0,ON TIME
8578,2411,1,2023-01-01,2023-01-15,2023-01-06,2026-08-12T13:29:33.699965,loans.csv,0,ON TIME
1096,1935,17,2024-03-09,2024-03-23,2024-03-28,2026-08-12T13:29:33.699965,loans.csv,5,MILD
8863,728,7,2023-05-27,2023-06-10,2023-06-03,2026-08-12T13:29:33.699965,loans.csv,0,ON TIME
5430,461,5,2024-07-09,2024-07-23,2024-07-22,2026-08-12T13:29:33.699965,loans.csv,0,ON TIME
9612,2598,6,2023-06-02,2023-06-16,2023-06-19,2026-08-12T13:29:33.699965,loans.csv,3,MILD
8275,1819,1,2022-12-03,2022-12-17,2022-12-15,2026-08-12T13:29:33.699965,loans.csv,0,ON TIME
4525,2139,2,2024-12-12,2024-12-26,,2026-08-12T13:29:33.699965,loans.csv,594,CRITICAL
1676,1789,2,2020-04-01,2020-04-15,2020-04-13,2026-08-12T13:29:33.699965,loans.csv,0,ON TIME
147,1227,1,2023-04-14,2023-04-28,2023-04-20,2026-08-12T13:29:33.699965,loans.csv,0,ON TIME
3338,488,1,2022-05-05,2022-05-19,2022-05-22,2026-08-12T13:29:33.699965,loans.csv,3,MILD
7930,2467,25,2022-08-23,2022-09-06,2022-08-31,2026-08-12T13:29:33.699965,loans.csv,0,ON TIME
3866,612,3,2023-01-13,2023-01-27,2023-01-27,2026-08-12T13:29:33.699965,loans.csv,0,ON TIME
3818,2190,1,2022-02-07,2022-02-21,2022-02-12,2026-08-12T13:29:33.699965,loans.csv,0,ON TIME
6165,1777,11,2022-06-23,2022-07-07,2022-07-05,2026-08-12T13:29:33.699965,loans.csv,0,ON TIME
8239,1487,1,2023-09-18,2023-10-02,2023-09-20,2026-08-12T13:29:33.699965,loans.csv,0,ON TIME
3990,206,2,2022-10-25,2022-11-08,2022-11-03,2026-08-12T13:29:33.699965,loans.csv,0,ON TIME
1200,2018,2,2024-08-14,2024-09-04,2024-09-04,2026-08-12T13:29:33.699965,loans.csv,0,ON TIME
1747,168,9,2020-09-24,2020-10-08,2020-10-02,2026-08-12T13:29:33.699965,loans.csv,0,ON TIME
3301,2716,3,2022-04-04,2022-04-25,2022-04-07,2026-08-12T13:29:33.699965,loans.csv,0,ON TIME
8460,1417,5,2024-02-24,2024-03-09,,2026-08-12T13:29:33.699965,loans.csv,886,CRITICAL
388,2377,1,2023-07-01,2023-07-15,2023-08-21,2026-08-12T13:29:33.699965,loans.csv,37,CRITICAL
5528,2481,9,2024-11-03,2024-11-24,2024-11-16,2026-08-12T13:29:33.699965,loans.csv,0,ON TIME
2770,1997,1,2023-08-07,2023-08-21,2023-08-11,2026-08-12T13:29:33.699965,loans.csv,0,ON TIME
611,2115,6,2024-11-11,2024-11-25,2024-11-16,2026-08-12T13:29:33.699965,loans.csv,0,ON TIME
2333,432,2,2024-08-16,2024-08-30,2024-08-21,2026-08-12T13:29:33.699965,loans.csv,0,ON TIME
2155,1017,1,2024-02-26,2024-03-18,2024-03-17,2026-08-12T13:29:33.699965,loans.csv,0,ON TIME
2084,1581,2,2021-10-17,2021-10-31,2021-10-28,2026-08-12T13:29:33.699965,loans.csv,0,ON TIME
8472,1733,1,2024-04-15,2024-04-29,2024-05-07,2026-08-12T13:29:33.699965,loans.csv,8,SEVERE
7126,1423,4,2023-12-05,2023-12-19,2023-12-19,2026-08-12T13:29:33.699965,loans.csv,0,ON TIME
4251,195,1,2024-02-17,2024-03-02,2024-02-23,2026-08-12T13:29:33.699965,loans.csv,0,ON TIME
3457,1437,1,2023-06-05,2023-06-19,2023-06-08,2026-08-12T13:29:33.699965,loans.csv,0,ON TIME
4087,1128,1,2023-08-05,2023-08-19,2023-08-09,2026-08-12T13:29:33.699965,loans.csv,0,ON TIME
3889,1309,1,2023-10-25,2023-11-08,2023-10-30,2026-08-12T13:29:33.699965,loans.csv,0,ON TIME
7916,208,1,2024-02-10,2024-02-24,2024-02-13,2026-08-12T13:29:33.699965,loans.csv,0,ON TIME
675,1479,3,2023-02-25,2023-03-11,,2026-08-12T13:29:33.699965,loans.csv,1250,CRITICAL
3675,1657,11,2023-02-16,2023-03-09,2023-02-23,2026-08-12T13:29:33.699965,loans.csv,0,ON TIME
756,1360,15,2024-09-28,2024-10-12,2024-09-30,2026-08-12T13:29:33.699965,loans.csv,0,ON TIME
6018,1191,65,2023-11-22,2023-12-06,2023-12-13,2026-08-12T13:29:33.699965,loans.csv,7,MILD
7695,2527,13,2021-04-23,2021-05-14,,2026-08-12T13:29:33.699965,loans.csv,1916,CRITICAL
4695,1147,3,2024-10-01,2024-10-15,2024-10-14,2026-08-12T13:29:33.699965,loans.csv,0,ON TIME
3339,1139,8,2024-10-22,2024-11-05,2024-11-02,2026-08-12T13:29:33.699965,loans.csv,0,ON TIME
9457,2558,36,2024-03-19,2024-04-09,2024-03-27,2026-08-12T13:29:33.699965,loans.csv,0,ON TIME
1127,1529,32,2024-07-12,2024-07-26,2024-07-14,2026-08-12T13:29:33.699965,loans.csv,0,ON TIME
3811,404,5,2024-04-27,2024-05-11,2024-05-06,2026-08-12T13:29:33.699965,loans.csv,0,ON TIME
2464,588,1,2024-02-03,2024-02-17,2024-02-09,2026-08-12T13:29:33.699965,loans.csv,0,ON TIME
5674,1845,1,2024-08-12,2024-08-26,2024-08-23,2026-08-12T13:29:33.699965,loans.csv,0,ON TIME
6157,2093,3,2023-09-24,2023-10-08,2023-10-14,2026-08-12T13:29:33.699965,loans.csv,6,MILD
5266,680,6,2024-04-30,2024-05-14,2024-05-04,2026-08-12T13:29:33.699965,loans.csv,0,ON TIME
7663,882,1,2023-08-26,2023-09-16,2023-08-27,2026-08-12T13:29:33.699965,loans.csv,0,ON TIME
5383,598,1,2024-11-15,2024-11-29,2024-11-19,2026-08-12T13:29:33.699965,loans.csv,0,ON TIME
1922,2399,69,2023-05-07,2023-05-28,2023-05-09,2026-08-12T13:29:33.699965,loans.csv,0,ON TIME
549,1536,1,2024-01-04,2024-01-18,,2026-08-12T13:29:33.699965,loans.csv,937,CRITICAL
4767,1699,3,2023-03-25,2023-04-08,2023-04-30,2026-08-12T13:29:33.699965,loans.csv,22,SEVERE
7490,1276,7,2023-11-19,2023-12-03,,2026-08-12T13:29:33.699965,loans.csv,983,CRITICAL
4093,1523,73,2024-11-07,2024-11-21,2024-11-16,2026-08-12T13:29:33.699965,loans.csv,0,ON TIME
1396,2315,7,2022-09-26,2022-10-17,2022-10-20,2026-08-12T13:29:33.699965,loans.csv,3,MILD
4777,640,1,2024-12-17,2024-12-31,,2026-08-12T13:29:33.699965,loans.csv,589,CRITICAL
4079,1326,2,2022-07-28,2022-08-11,,2026-08-12T13:29:33.699965,loans.csv,1462,CRITICAL
87,2671,10,2024-05-10,2024-05-24,2024-05-23,2026-08-12T13:29:33.699965,loans.csv,0,ON TIME
2673,2527,32,2024-12-06,2024-12-20,2024-12-13,2026-08-12T13:29:33.699965,loans.csv,0,ON TIME
5880,2311,1,2024-12-23,2025-01-06,,2026-08-12T13:29:33.699965,loans.csv,583,CRITICAL
523,1954,1,2024-05-12,2024-06-02,2024-05-20,2026-08-12T13:29:33.699965,loans.csv,0,ON TIME
2784,41,63,2024-01-29,2024-02-12,2024-02-03,2026-08-12T13:29:33.699965,loans.csv,0,ON TIME
5552,809,2,2024-10-27,2024-11-10,,2026-08-12T13:29:33.699965,loans.csv,640,CRITICAL
189,58,10,2023-03-24,2023-04-07,2023-03-28,2026-08-12T13:29:33.699965,loans.csv,0,ON TIME
8491,1323,92,2024-11-13,2024-12-04,2024-12-03,2026-08-12T13:29:33.699965,loans.csv,0,ON TIME
1892,1021,1,2024-12-15,2024-12-29,,2026-08-12T13:29:33.699965,loans.csv,591,CRITICAL
519,2531,1,2024-09-25,2024-10-09,2024-09-29,2026-08-12T13:29:33.699965,loans.csv,0,ON TIME
4144,2783,1,2024-11-02,2024-11-16,2024-11-15,2026-08-12T13:29:33.699965,loans.csv,0,ON TIME
3356,654,3,2023-01-08,2023-01-29,2023-01-26,2026-08-12T13:29:33.699965,loans.csv,0,ON TIME
4421,1977,1,2022-04-12,2022-05-03,2022-05-06,2026-08-12T13:29:33.699965,loans.csv,3,MILD
2865,2144,1,2022-06-06,2022-06-20,2022-06-17,2026-08-12T13:29:33.699965,loans.csv,0,ON TIME
2815,1400,1,2024-10-21,2024-11-04,2024-10-30,2026-08-12T13:29:33.699965,loans.csv,0,ON TIME
8812,2493,4,2023-02-16,2023-03-02,2023-02-25,2026-08-12T13:29:33.699965,loans.csv,0,ON TIME
5155,1846,1,2023-03-05,2023-03-19,2023-03-16,2026-08-12T13:29:33.699965,loans.csv,0,ON TIME
8926,1529,22,2023-02-09,2023-02-23,2023-02-17,2026-08-12T13:29:33.699965,loans.csv,0,ON TIME
4794,289,2,2024-07-12,2024-07-26,2024-08-02,2026-08-12T13:29:33.699965,loans.csv,7,MILD
5607,982,2,2022-03-05,2022-03-19,2022-03-20,2026-08-12T13:29:33.699965,loans.csv,1,MILD
9244,2618,2,2023-06-09,2023-06-23,2023-06-10,2026-08-12T13:29:33.699965,loans.csv,0,ON TIME
7420,2558,9,2021-08-22,2021-09-05,2021-08-23,2026-08-12T13:29:33.699965,loans.csv,0,ON TIME
9353,2231,1,2023-07-29,2023-08-12,2023-08-01,2026-08-12T13:29:33.699965,loans.csv,0,ON TIME
5722,1676,5,2024-03-08,2024-03-22,2024-03-28,2026-08-12T13:29:33.699965,loans.csv,6,MILD
9347,2727,1,2024-10-30,2024-11-13,2024-11-07,2026-08-12T13:29:33.699965,loans.csv,0,ON TIME
9231,1781,188,2023-02-09,2023-02-23,2023-02-11,2026-08-12T13:29:33.699965,loans.csv,0,ON TIME
5090,789,19,2021-12-19,2022-01-09,2021-12-25,2026-08-12T13:29:33.699965,loans.csv,0,ON TIME
1717,1908,2,2021-06-28,2021-07-12,2021-07-04,2026-08-12T13:29:33.699965,loans.csv,0,ON TIME
6945,2561,2,2024-08-11,2024-09-01,2024-10-07,2026-08-12T13:29:33.699965,loans.csv,36,CRITICAL
1497,827,21,2021-05-14,2021-05-28,2021-05-15,2026-08-12T13:29:33.699965,loans.csv,0,ON TIME
7832,2475,25,2022-06-10,2022-06-24,2022-06-24,2026-08-12T13:29:33.699965,loans.csv,0,ON TIME
2705,655,1,2023-11-14,2023-11-28,2023-12-02,2026-08-12T13:29:33.699965,loans.csv,4,MILD
1104,2354,1,2023-04-30,2023-05-14,,2026-08-12T13:29:33.699965,loans.csv,1186,CRITICAL
4371,1305,3,2021-05-28,2021-06-11,2021-06-04,2026-08-12T13:29:33.699965,loans.csv,0,ON TIME
5186,1116,26,2022-08-13,2022-08-27,2022-08-29,2026-08-12T13:29:33.699965,loans.csv,2,MILD
2967,483,3,2024-09-07,2024-09-21,2024-09-13,2026-08-12T13:29:33.699965,loans.csv,0,ON TIME
3082,904,2,2022-03-21,2022-04-04,2022-04-01,2026-08-12T13:29:33.699965,loans.csv,0,ON TIME
2732,398,32,2023-03-23,2023-04-06,2023-03-27,2026-08-12T13:29:33.699965,loans.csv,0,ON TIME
7287,2516,51,2022-01-01,2022-01-15,2022-01-19,2026-08-12T13:29:33.699965,loans.csv,4,MILD
3764,1208,1,2023-08-01,2023-08-15,2023-08-04,2026-08-12T13:29:33.699965,loans.csv,0,ON TIME
4267,901,1,2023-05-09,2023-05-23,2023-06-23,2026-08-12T13:29:33.699965,loans.csv,31,CRITICAL
417,2298,4,2023-09-25,2023-10-09,2023-10-11,2026-08-12T13:29:33.699965,loans.csv,2,MILD
4082,1684,109,2022-11-18,2022-12-02,2022-11-26,2026-08-12T13:29:33.699965,loans.csv,0,ON TIME
5020,1796,9,2024-04-21,2024-05-05,2024-05-07,2026-08-12T13:29:33.699965,loans.csv,2,MILD
3406,568,1,2021-05-09,2021-05-23,2021-05-29,2026-08-12T13:29:33.699965,loans.csv,6,MILD
9372,758,1,2023-01-31,2023-02-14,2023-02-16,2026-08-12T13:29:33.699965,loans.csv,2,MILD
2260,2010,136,2021-07-19,2021-08-02,2021-07-27,2026-08-12T13:29:33.699965,loans.csv,0,ON TIME
6818,1191,4,2024-08-28,2024-09-11,2024-09-08,2026-08-12T13:29:33.699965,loans.csv,0,ON TIME
2280,1488,1,2022-05-04,2022-05-18,2022-05-09,2026-08-12T13:29:33.699965,loans.csv,0,ON TIME
7020,105,5,2024-08-24,2024-09-07,2024-10-22,2026-08-12T13:29:33.699965,loans.csv,45,CRITICAL
6836,2250,1,2023-05-29,2023-06-12,2023-06-03,2026-08-12T13:29:33.699965,loans.csv,0,ON TIME
6459,1926,3,2024-04-19,2024-05-03,2024-04-23,2026-08-12T13:29:33.699965,loans.csv,0,ON TIME
8453,1650,1,2023-07-21,2023-08-11,2023-08-06,2026-08-12T13:29:33.699965,loans.csv,0,ON TIME
769,1206,7,2022-10-15,2022-11-05,2022-11-07,2026-08-12T13:29:33.699965,loans.csv,2,MILD
6715,1961,1,2024-08-26,2024-09-09,2024-08-27,2026-08-12T13:29:33.699965,loans.csv,0,ON TIME
640,1109,1,2024-04-08,2024-04-22,2024-04-21,2026-08-12T13:29:33.699965,loans.csv,0,ON TIME
3864,2477,4,2023-10-06,2023-10-20,2023-10-14,2026-08-12T13:29:33.699965,loans.csv,0,ON TIME
4283,467,1,2021-03-31,2021-04-14,2021-05-19,2026-08-12T13:29:33.699965,loans.csv,35,CRITICAL
5132,432,1,2024-08-31,2024-09-14,2024-09-14,2026-08-12T13:29:33.699965,loans.csv,0,ON TIME
7719,872,3,2024-04-02,2024-04-16,2024-04-17,2026-08-12T13:29:33.699965,loans.csv,1,MILD
1310,1537,16,2024-04-08,2024-04-22,,2026-08-12T13:29:33.699965,loans.csv,842,CRITICAL
4153,2520,2,2022-02-20,2022-03-06,2022-02-23,2026-08-12T13:29:33.699965,loans.csv,0,ON TIME
6653,2496,1,2020-04-30,2020-05-14,2020-05-03,2026-08-12T13:29:33.699965,loans.csv,0,ON TIME
2106,2340,1,2023-03-18,2023-04-01,2023-03-25,2026-08-12T13:29:33.699965,loans.csv,0,ON TIME
4938,867,3,2022-06-28,2022-07-12,2022-07-12,2026-08-12T13:29:33.699965,loans.csv,0,ON TIME
5454,1951,1,2024-12-07,2024-12-21,2024-12-11,2026-08-12T13:29:33.699965,loans.csv,0,ON TIME
3367,2425,4,2022-10-03,2022-10-17,2022-10-18,2026-08-12T13:29:33.699965,loans.csv,1,MILD
8581,1200,2,2021-12-11,2021-12-25,2021-12-14,2026-08-12T13:29:33.699965,loans.csv,0,ON TIME
479,364,2,2024-03-10,2024-03-24,2024-03-21,2026-08-12T13:29:33.699965,loans.csv,0,ON TIME
7111,612,55,2023-09-24,2023-10-08,,2026-08-12T13:29:33.699965,loans.csv,1039,CRITICAL
1146,2073,3,2023-03-30,2023-04-13,2023-04-08,2026-08-12T13:29:33.699965,loans.csv,0,ON TIME
8604,1101,1,2024-05-18,2024-06-01,2024-05-27,2026-08-12T13:29:33.699965,loans.csv,0,ON TIME
4157,1978,1,2024-04-29,2024-05-13,2024-05-06,2026-08-12T13:29:33.699965,loans.csv,0,ON TIME
2496,2516,5,2022-12-28,2023-01-11,2023-01-02,2026-08-12T13:29:33.699965,loans.csv,0,ON TIME
750,717,2,2022-10-06,2022-10-20,2022-11-23,2026-08-12T13:29:33.699965,loans.csv,34,CRITICAL
3693,1098,5,2023-07-09,2023-07-23,,2026-08-12T13:29:33.699965,loans.csv,1116,CRITICAL
6914,217,1,2024-01-28,2024-02-11,,2026-08-12T13:29:33.699965,loans.csv,913,CRITICAL
6219,423,1,2022-02-25,2022-03-11,,2026-08-12T13:29:33.699965,loans.csv,1615,CRITICAL
4080,2558,1,2021-02-08,2021-02-22,2021-02-11,2026-08-12T13:29:33.699965,loans.csv,0,ON TIME
6330,1880,5,2021-12-31,2022-01-14,2022-01-15,2026-08-12T13:29:33.699965,loans.csv,1,MILD
7319,1842,9,2023-10-13,2023-10-27,,2026-08-12T13:29:33.699965,loans.csv,1020,CRITICAL
4165,1086,2,2024-12-10,2024-12-31,2024-12-12,2026-08-12T13:29:33.699965,loans.csv,0,ON TIME
713,2591,72,2020-04-09,2020-04-23,2020-04-22,2026-08-12T13:29:33.699965,loans.csv,0,ON TIME
3074,1967,4,2023-01-30,2023-02-13,2023-02-17,2026-08-12T13:29:33.699965,loans.csv,4,MILD
2433,1201,1,2022-08-09,2022-08-23,2022-08-17,2026-08-12T13:29:33.699965,loans.csv,0,ON TIME
3441,924,10,2024-07-19,2024-08-02,2024-08-21,2026-08-12T13:29:33.699965,loans.csv,19,SEVERE
9600,2750,1,2023-10-12,2023-10-26,,2026-08-12T13:29:33.699965,loans.csv,1021,CRITICAL
5229,683,11,2024-10-11,2024-10-25,2024-10-24,2026-08-12T13:29:33.699965,loans.csv,0,ON TIME
699,1850,2,2023-06-18,2023-07-02,2023-07-12,2026-08-12T13:29:33.699965,loans.csv,10,SEVERE
4820,1255,6,2023-04-07,2023-04-21,2023-04-09,2026-08-12T13:29:33.699965,loans.csv,0,ON TIME
2812,2479,1,2023-06-17,2023-07-01,2023-07-01,2026-08-12T13:29:33.699965,loans.csv,0,ON TIME
4828,279,90,2021-11-23,2021-12-14,2022-01-11,2026-08-12T13:29:33.699965,loans.csv,28,SEVERE
5417,1836,24,2022-09-06,2022-09-20,,2026-08-12T13:29:33.699965,loans.csv,1422,CRITICAL
4780,2002,1,2022-07-02,2022-07-16,2022-07-09,2026-08-12T13:29:33.699965,loans.csv,0,ON TIME
6748,2790,47,2023-04-12,2023-04-26,2023-05-01,2026-08-12T13:29:33.699965,loans.csv,5,MILD
658,673,1,2024-05-07,2024-05-21,2024-05-11,2026-08-12T13:29:33.699965,loans.csv,0,ON TIME
5507,1559,1,2024-07-16,2024-07-30,2024-07-21,2026-08-12T13:29:33.699965,loans.csv,0,ON TIME
3636,698,2,2024-09-25,2024-10-09,,2026-08-12T13:29:33.699965,loans.csv,672,CRITICAL
5227,813,1,2024-06-07,2024-06-21,2024-06-14,2026-08-12T13:29:33.699965,loans.csv,0,ON TIME
7333,736,1,2024-02-08,2024-02-22,2024-02-27,2026-08-12T13:29:33.699965,loans.csv,5,MILD
7422,456,1,2022-08-17,2022-08-31,2022-08-18,2026-08-12T13:29:33.699965,loans.csv,0,ON TIME
8655,1654,82,2024-09-26,2024-10-10,2024-09-30,2026-08-12T13:29:33.699965,loans.csv,0,ON TIME
3090,2626,1,2024-08-24,2024-09-07,2024-09-12,2026-08-12T13:29:33.699965,loans.csv,5,MILD
4214,1984,9,2024-03-24,2024-04-07,2024-03-29,2026-08-12T13:29:33.699965,loans.csv,0,ON TIME
3730,432,1,2024-10-14,2024-10-28,2024-10-18,2026-08-12T13:29:33.699965,loans.csv,0,ON TIME
1539,935,1,2024-02-05,2024-02-19,,2026-08-12T13:29:33.699965,loans.csv,905,CRITICAL
6077,765,115,2024-11-19,2024-12-03,2024-11-26,2026-08-12T13:29:33.699965,loans.csv,0,ON TIME
7776,1467,2,2024-10-30,2024-11-13,2024-11-01,2026-08-12T13:29:33.699965,loans.csv,0,ON TIME
781,2111,4,2024-09-25,2024-10-09,2024-10-10,2026-08-12T13:29:33.699965,loans.csv,1,MILD
2864,915,63,2021-12-26,2022-01-16,2022-01-03,2026-08-12T13:29:33.699965,loans.csv,0,ON TIME
6773,2722,1,2024-04-18,2024-05-02,2024-05-08,2026-08-12T13:29:33.699965,loans.csv,6,MILD
2468,1657,17,2024-02-20,2024-03-05,2024-02-22,2026-08-12T13:29:33.699965,loans.csv,0,ON TIME
1007,2311,19,2024-11-13,2024-11-27,2024-11-23,2026-08-12T13:29:33.699965,loans.csv,0,ON TIME
8537,1764,1,2021-06-28,2021-07-12,,2026-08-12T13:29:33.699965,loans.csv,1857,CRITICAL
7662,2358,2,2023-03-27,2023-04-10,2023-04-10,2026-08-12T13:29:33.699965,loans.csv,0,ON TIME
5583,1381,103,2022-01-15,2022-01-29,2022-01-21,2026-08-12T13:29:33.699965,loans.csv,0,ON TIME
208,162,38,2022-06-07,2022-06-28,2022-06-24,2026-08-12T13:29:33.699965,loans.csv,0,ON TIME
6937,1891,1,2024-12-07,2024-12-21,2024-12-27,2026-08-12T13:29:33.699965,loans.csv,6,MILD
5618,1005,7,2024-11-13,2024-11-27,,2026-08-12T13:29:33.699965,loans.csv,623,CRITICAL
8495,1048,4,2024-10-18,2024-11-01,2024-10-31,2026-08-12T13:29:33.699965,loans.csv,0,ON TIME
5625,2482,4,2024-12-07,2024-12-21,2024-12-17,2026-08-12T13:29:33.699965,loans.csv,0,ON TIME
7291,336,86,2023-08-03,2023-08-17,2023-09-09,2026-08-12T13:29:33.699965,loans.csv,23,SEVERE
8569,1276,14,2024-04-15,2024-04-29,2024-04-20,2026-08-12T13:29:33.699965,loans.csv,0,ON TIME
5051,2344,2,2023-11-15,2023-11-29,,2026-08-12T13:29:33.699965,loans.csv,987,CRITICAL
7099,1028,2,2021-11-14,2021-11-28,2021-11-16,2026-08-12T13:29:33.699965,loans.csv,0,ON TIME
6899,930,3,2024-09-16,2024-09-30,2024-09-20,2026-08-12T13:29:33.699965,loans.csv,0,ON TIME
4473,1801,1,2021-03-25,2021-04-08,,2026-08-12T13:29:33.699965,loans.csv,1952,CRITICAL
6500,2561,10,2023-05-05,2023-05-19,2023-05-22,2026-08-12T13:29:33.699965,loans.csv,3,MILD
9145,195,3,2024-08-25,2024-09-08,2024-08-29,2026-08-12T13:29:33.699965,loans.csv,0,ON TIME
510,873,7,2024-01-11,2024-01-25,2024-01-20,2026-08-12T13:29:33.699965,loans.csv,0,ON TIME
4666,786,1,2024-05-17,2024-05-31,2024-05-29,2026-08-12T13:29:33.699965,loans.csv,0,ON TIME
4220,1171,1,2023-10-13,2023-10-27,2023-10-18,2026-08-12T13:29:33.699965,loans.csv,0,ON TIME
3941,2092,5,2022-05-19,2022-06-02,2022-05-30,2026-08-12T13:29:33.699965,loans.csv,0,ON TIME
2334,652,3,2024-09-24,2024-10-08,2024-10-03,2026-08-12T13:29:33.699965,loans.csv,0,ON TIME
3407,1219,8,2020-11-17,2020-12-01,2020-12-03,2026-08-12T13:29:33.699965,loans.csv,2,MILD
2332,994,1,2023-10-11,2023-11-01,2023-11-06,2026-08-12T13:29:33.699965,loans.csv,5,MILD
7855,1862,1,2023-12-03,2023-12-17,2023-12-04,2026-08-12T13:29:33.699965,loans.csv,0,ON TIME
1682,237,1,2024-12-21,2025-01-04,,2026-08-12T13:29:33.699965,loans.csv,585,CRITICAL
1540,1388,1,2020-12-20,2021-01-10,2020-12-24,2026-08-12T13:29:33.699965,loans.csv,0,ON TIME
8297,2516,2,2020-02-27,2020-03-12,2020-03-02,2026-08-12T13:29:33.699965,loans.csv,0,ON TIME
5258,154,2,2024-03-14,2024-03-28,2024-03-19,2026-08-12T13:29:33.699965,loans.csv,0,ON TIME
8526,2068,1,2024-01-29,2024-02-12,2024-02-03,2026-08-12T13:29:33.699965,loans.csv,0,ON TIME
3542,2782,1,2024-11-29,2024-12-13,,2026-08-12T13:29:33.699965,loans.csv,607,CRITICAL
2306,2362,1,2024-01-27,2024-02-10,2024-02-04,2026-08-12T13:29:33.699965,loans.csv,0,ON TIME
5347,437,7,2023-10-15,2023-10-29,2023-10-29,2026-08-12T13:29:33.699965,loans.csv,0,ON TIME
3475,39,37,2022-01-25,2022-02-08,2022-02-15,2026-08-12T13:29:33.699965,loans.csv,7,MILD
2656,1214,81,2023-11-06,2023-11-20,2023-11-24,2026-08-12T13:29:33.699965,loans.csv,4,MILD
901,1703,1,2024-11-12,2024-11-26,2024-11-24,2026-08-12T13:29:33.699965,loans.csv,0,ON TIME
7218,2510,1,2020-07-28,2020-08-11,2020-08-17,2026-08-12T13:29:33.699965,loans.csv,6,MILD
8607,445,8,2023-12-20,2024-01-03,2023-12-28,2026-08-12T13:29:33.699965,loans.csv,0,ON TIME
4919,2039,173,2024-07-31,2024-08-14,2024-08-16,2026-08-12T13:29:33.699965,loans.csv,2,MILD
7524,2204,1,2024-01-21,2024-02-04,2024-03-09,2026-08-12T13:29:33.699965,loans.csv,34,CRITICAL
125,983,4,2022-01-07,2022-01-28,,2026-08-12T13:29:33.699965,loans.csv,1657,CRITICAL
7716,994,3,2022-10-31,2022-11-14,2022-11-21,2026-08-12T13:29:33.699965,loans.csv,7,MILD
8690,871,1,2024-12-07,2024-12-21,2024-12-19,2026-08-12T13:29:33.699965,loans.csv,0,ON TIME
3447,1786,1,2021-05-26,2021-06-09,,2026-08-12T13:29:33.699965,loans.csv,1890,CRITICAL
8869,1190,1,2024-06-06,2024-06-20,2024-06-13,2026-08-12T13:29:33.699965,loans.csv,0,ON TIME
7860,2008,11,2023-06-26,2023-07-17,2023-07-18,2026-08-12T13:29:33.699965,loans.csv,1,MILD
1436,1605,1,2024-08-04,2024-08-18,2024-08-06,2026-08-12T13:29:33.699965,loans.csv,0,ON TIME
9385,2111,3,2024-12-06,2024-12-20,2024-12-16,2026-08-12T13:29:33.699965,loans.csv,0,ON TIME
241,2704,5,2024-12-10,2024-12-24,2024-12-21,2026-08-12T13:29:33.699965,loans.csv,0,ON TIME
8768,2751,1,2023-01-27,2023-02-10,2023-02-01,2026-08-12T13:29:33.699965,loans.csv,0,ON TIME
3835,1030,3,2023-05-13,2023-05-27,2023-05-23,2026-08-12T13:29:33.699965,loans.csv,0,ON TIME
2510,2566,17,2024-04-01,2024-04-15,,2026-08-12T13:29:33.699965,loans.csv,849,CRITICAL
7129,1121,8,2023-03-21,2023-04-04,2023-04-05,2026-08-12T13:29:33.699965,loans.csv,1,MILD
7822,1723,1,2023-12-24,2024-01-07,2024-01-12,2026-08-12T13:29:33.699965,loans.csv,5,MILD
5427,1844,1,2023-07-26,2023-08-09,2023-07-27,2026-08-12T13:29:33.699965,loans.csv,0,ON TIME
6162,2797,1,2023-09-17,2023-10-01,,2026-08-12T13:29:33.699965,loans.csv,1046,CRITICAL
8469,139,1,2024-11-10,2024-11-24,2024-11-11,2026-08-12T13:29:33.699965,loans.csv,0,ON TIME
2714,934,12,2023-12-13,2023-12-27,2024-01-01,2026-08-12T13:29:33.699965,loans.csv,5,MILD
6180,1118,2,2023-07-27,2023-08-10,,2026-08-12T13:29:33.699965,loans.csv,1098,CRITICAL
6988,694,1,2023-04-05,2023-04-19,2023-04-08,2026-08-12T13:29:33.699965,loans.csv,0,ON TIME
8084,1627,7,2021-07-21,2021-08-04,2021-08-10,2026-08-12T13:29:33.699965,loans.csv,6,MILD
8734,1487,9,2020-03-26,2020-04-09,2020-04-02,2026-08-12T13:29:33.699965,loans.csv,0,ON TIME
6598,2711,15,2023-05-08,2023-05-29,2023-06-03,2026-08-12T13:29:33.699965,loans.csv,5,MILD
7940,567,2,2023-03-14,2023-03-28,2023-03-19,2026-08-12T13:29:33.699965,loans.csv,0,ON TIME
5730,1198,13,2024-12-02,2024-12-16,2024-12-16,2026-08-12T13:29:33.699965,loans.csv,0,ON TIME
7561,2299,5,2023-07-03,2023-07-17,2023-07-19,2026-08-12T13:29:33.699965,loans.csv,2,MILD
577,485,1,2024-04-29,2024-05-20,2024-05-15,2026-08-12T13:29:33.699965,loans.csv,0,ON TIME
3141,1025,3,2021-02-14,2021-02-28,2021-02-16,2026-08-12T13:29:33.699965,loans.csv,0,ON TIME
8760,2010,1,2021-10-12,2021-10-26,,2026-08-12T13:29:33.699965,loans.csv,1751,CRITICAL
3259,2541,1,2021-02-14,2021-02-28,2021-02-18,2026-08-12T13:29:33.699965,loans.csv,0,ON TIME
5276,2468,5,2023-08-18,2023-09-01,2023-09-03,2026-08-12T13:29:33.699965,loans.csv,2,MILD
1730,195,1,2023-06-27,2023-07-11,2023-07-03,2026-08-12T13:29:33.699965,loans.csv,0,ON TIME
3154,727,11,2023-06-18,2023-07-02,2023-07-04,2026-08-12T13:29:33.699965,loans.csv,2,MILD
2338,1673,53,2022-02-18,2022-03-04,2022-02-26,2026-08-12T13:29:33.699965,loans.csv,0,ON TIME
5431,629,11,2024-07-17,2024-07-31,2024-08-06,2026-08-12T13:29:33.699965,loans.csv,6,MILD
7498,999,20,2024-11-17,2024-12-01,2024-11-26,2026-08-12T13:29:33.699965,loans.csv,0,ON TIME
5297,1052,1,2024-11-24,2024-12-08,2024-12-04,2026-08-12T13:29:33.699965,loans.csv,0,ON TIME
7733,412,1,2024-07-10,2024-07-24,2024-07-29,2026-08-12T13:29:33.699965,loans.csv,5,MILD
9199,1500,3,2023-01-29,2023-02-12,2023-02-04,2026-08-12T13:29:33.699965,loans.csv,0,ON TIME
4891,435,1,2024-12-02,2024-12-16,2024-12-22,2026-08-12T13:29:33.699965,loans.csv,6,MILD
8484,1706,3,2023-07-29,2023-08-12,2023-08-12,2026-08-12T13:29:33.699965,loans.csv,0,ON TIME
554,1178,6,2024-07-03,2024-07-17,2024-07-22,2026-08-12T13:29:33.699965,loans.csv,5,MILD
4353,2676,1,2024-08-17,2024-08-31,2024-09-02,2026-08-12T13:29:33.699965,loans.csv,2,MILD
5158,2224,20,2022-06-10,2022-06-24,2022-06-17,2026-08-12T13:29:33.699965,loans.csv,0,ON TIME
4843,954,8,2023-09-04,2023-09-18,2023-09-11,2026-08-12T13:29:33.699965,loans.csv,0,ON TIME
3270,2037,1,2022-05-31,2022-06-14,2022-06-05,2026-08-12T13:29:33.699965,loans.csv,0,ON TIME
3872,2516,1,2022-03-03,2022-03-24,2022-03-15,2026-08-12T13:29:33.699965,loans.csv,0,ON TIME
5628,195,1,2024-06-12,2024-06-26,2024-07-26,2026-08-12T13:29:33.699965,loans.csv,30,SEVERE
9116,976,1,2022-11-05,2022-11-19,2022-11-07,2026-08-12T13:29:33.699965,loans.csv,0,ON TIME
8356,1771,2,2023-03-19,2023-04-02,2023-03-25,2026-08-12T13:29:33.699965,loans.csv,0,ON TIME
9393,860,50,2024-08-16,2024-08-30,2024-08-18,2026-08-12T13:29:33.699965,loans.csv,0,ON TIME
4008,2558,1,2021-06-21,2021-07-05,2021-06-29,2026-08-12T13:29:33.699965,loans.csv,0,ON TIME
2629,1328,9,2024-03-18,2024-04-01,2024-04-03,2026-08-12T13:29:33.699965,loans.csv,2,MILD
5840,2229,7,2021-09-07,2021-09-28,2021-09-29,2026-08-12T13:29:33.699965,loans.csv,1,MILD
7041,2115,1,2024-12-03,2024-12-17,2024-12-05,2026-08-12T13:29:33.699965,loans.csv,0,ON TIME
7220,1313,5,2023-05-11,2023-05-25,2023-05-16,2026-08-12T13:29:33.699965,loans.csv,0,ON TIME
2256,1868,1,2024-09-12,2024-09-26,2024-09-13,2026-08-12T13:29:33.699965,loans.csv,0,ON TIME
7540,1740,1,2022-08-23,2022-09-06,2022-08-27,2026-08-12T13:29:33.699965,loans.csv,0,ON TIME
3897,1886,1,2024-07-03,2024-07-17,2024-07-14,2026-08-12T13:29:33.699965,loans.csv,0,ON TIME
4148,2675,1,2024-11-16,2024-12-07,2024-11-24,2026-08-12T13:29:33.699965,loans.csv,0,ON TIME
5497,665,4,2021-11-01,2021-11-15,2021-11-22,2026-08-12T13:29:33.699965,loans.csv,7,MILD
2204,2525,1,2024-02-28,2024-03-13,,2026-08-12T13:29:33.699965,loans.csv,882,CRITICAL
9603,464,104,2024-10-07,2024-10-21,2024-10-10,2026-08-12T13:29:33.699965,loans.csv,0,ON TIME
2151,700,1,2022-02-19,2022-03-05,2022-03-01,2026-08-12T13:29:33.699965,loans.csv,0,ON TIME
6437,2190,4,2021-11-14,2021-11-28,2021-11-30,2026-08-12T13:29:33.699965,loans.csv,2,MILD
327,2466,1,2024-06-17,2024-07-01,2024-07-03,2026-08-12T13:29:33.699965,loans.csv,2,MILD
8308,1473,1,2023-02-20,2023-03-06,2023-02-21,2026-08-12T13:29:33.699965,loans.csv,0,ON TIME
6006,938,1,2022-08-07,2022-08-21,2022-08-24,2026-08-12T13:29:33.699965,loans.csv,3,MILD
8016,1346,2,2020-08-01,2020-08-15,2020-08-15,2026-08-12T13:29:33.699965,loans.csv,0,ON TIME
2737,1057,11,2021-11-11,2021-11-25,,2026-08-12T13:29:33.699965,loans.csv,1721,CRITICAL
6679,2015,63,2024-03-06,2024-03-20,2024-03-07,2026-08-12T13:29:33.699965,loans.csv,0,ON TIME
4713,1189,1,2022-09-15,2022-09-29,2022-10-10,2026-08-12T13:29:33.699965,loans.csv,11,SEVERE
4445,1074,79,2024-10-08,2024-10-22,2024-10-25,2026-08-12T13:29:33.699965,loans.csv,3,MILD
8543,2639,8,2021-09-01,2021-09-15,2021-09-22,2026-08-12T13:29:33.699965,loans.csv,7,MILD
8268,1592,1,2024-04-13,2024-04-27,,2026-08-12T13:29:33.699965,loans.csv,837,CRITICAL
6005,2262,9,2022-11-24,2022-12-08,2022-12-08,2026-08-12T13:29:33.699965,loans.csv,0,ON TIME
8006,1988,30,2024-12-07,2024-12-21,2024-12-17,2026-08-12T13:29:33.699965,loans.csv,0,ON TIME
8204,1192,69,2024-10-28,2024-11-18,,2026-08-12T13:29:33.699965,loans.csv,632,CRITICAL
77,807,1,2023-04-01,2023-04-15,2023-04-11,2026-08-12T13:29:33.699965,loans.csv,0,ON TIME
5366,1167,6,2024-02-29,2024-03-14,,2026-08-12T13:29:33.699965,loans.csv,881,CRITICAL
392,1497,14,2022-01-13,2022-01-27,2022-01-27,2026-08-12T13:29:33.699965,loans.csv,0,ON TIME
9295,2262,1,2024-09-13,2024-09-27,2024-09-29,2026-08-12T13:29:33.699965,loans.csv,2,MILD
8138,1626,1,2023-06-09,2023-06-23,2023-06-22,2026-08-12T13:29:33.699965,loans.csv,0,ON TIME
7793,2617,13,2024-07-24,2024-08-07,2024-08-01,2026-08-12T13:29:33.699965,loans.csv,0,ON TIME
7133,860,2,2023-08-12,2023-08-26,2023-08-24,2026-08-12T13:29:33.699965,loans.csv,0,ON TIME
7904,2015,176,2023-09-02,2023-09-16,2023-09-14,2026-08-12T13:29:33.699965,loans.csv,0,ON TIME
1011,1211,2,2023-04-03,2023-04-24,2023-04-09,2026-08-12T13:29:33.699965,loans.csv,0,ON TIME
5688,2529,1,2024-04-21,2024-05-12,2024-05-12,2026-08-12T13:29:33.699965,loans.csv,0,ON TIME
6274,1530,1,2023-09-27,2023-10-11,2023-10-11,2026-08-12T13:29:33.699965,loans.csv,0,ON TIME
6080,2092,53,2023-03-16,2023-03-30,2023-03-29,2026-08-12T13:29:33.699965,loans.csv,0,ON TIME
1813,319,53,2024-06-05,2024-06-19,2024-06-12,2026-08-12T13:29:33.699965,loans.csv,0,ON TIME
9419,216,16,2024-08-31,2024-09-14,2024-09-03,2026-08-12T13:29:33.699965,loans.csv,0,ON TIME
3514,2211,1,2022-04-20,2022-05-11,2022-05-12,2026-08-12T13:29:33.699965,loans.csv,1,MILD
3032,1648,1,2022-07-18,2022-08-08,2022-08-14,2026-08-12T13:29:33.699965,loans.csv,6,MILD
574,1360,1,2024-01-21,2024-02-04,2024-01-30,2026-08-12T13:29:33.699965,loans.csv,0,ON TIME
3631,1898,1,2023-01-12,2023-01-26,2023-01-26,2026-08-12T13:29:33.699965,loans.csv,0,ON TIME
6891,745,1,2024-10-18,2024-11-01,2024-10-30,2026-08-12T13:29:33.699965,loans.csv,0,ON TIME
4558,2023,1,2022-01-12,2022-01-26,2022-01-22,2026-08-12T13:29:33.699965,loans.csv,0,ON TIME
2750,2472,4,2023-10-12,2023-10-26,2023-10-18,2026-08-12T13:29:33.699965,loans.csv,0,ON TIME
8421,2266,4,2024-10-14,2024-10-28,2024-10-15,2026-08-12T13:29:33.699965,loans.csv,0,ON TIME
7096,2303,4,2023-02-26,2023-03-12,2023-03-06,2026-08-12T13:29:33.699965,loans.csv,0,ON TIME
1392,796,2,2024-09-07,2024-09-21,2024-09-20,2026-08-12T13:29:33.699965,loans.csv,0,ON TIME
6483,1654,3,2024-12-05,2024-12-19,2024-12-16,2026-08-12T13:29:33.699965,loans.csv,0,ON TIME
6580,2165,6,2023-02-10,2023-02-24,2023-02-14,2026-08-12T13:29:33.699965,loans.csv,0,ON TIME
8164,1481,1,2021-07-23,2021-08-06,,2026-08-12T13:29:33.699965,loans.csv,1832,CRITICAL
2779,1816,1,2024-03-12,2024-03-26,,2026-08-12T13:29:33.699965,loans.csv,869,CRITICAL
9046,707,1,2023-01-09,2023-01-23,,2026-08-12T13:29:33.699965,loans.csv,1297,CRITICAL
8617,1901,21,2024-07-12,2024-07-26,2024-07-24,2026-08-12T13:29:33.699965,loans.csv,0,ON TIME
2984,117,1,2023-02-12,2023-02-26,2023-03-05,2026-08-12T13:29:33.699965,loans.csv,7,MILD
5748,775,2,2020-09-03,2020-09-17,2020-09-12,2026-08-12T13:29:33.699965,loans.csv,0,ON TIME
6155,1858,1,2023-09-08,2023-09-22,,2026-08-12T13:29:33.699965,loans.csv,1055,CRITICAL
6637,1109,2,2022-12-12,2022-12-26,2022-12-24,2026-08-12T13:29:33.699965,loans.csv,0,ON TIME
5450,1554,1,2024-01-23,2024-02-06,2024-01-28,2026-08-12T13:29:33.699965,loans.csv,0,ON TIME
553,2158,1,2024-02-05,2024-02-19,2024-03-14,2026-08-12T13:29:33.699965,loans.csv,24,SEVERE
8450,2099,1,2024-07-17,2024-07-31,2024-07-22,2026-08-12T13:29:33.699965,loans.csv,0,ON TIME
2603,2180,1,2024-07-09,2024-07-23,,2026-08-12T13:29:33.699965,loans.csv,750,CRITICAL
3269,1243,9,2024-06-20,2024-07-04,2024-06-25,2026-08-12T13:29:33.699965,loans.csv,0,ON TIME
4239,747,12,2023-11-07,2023-11-28,2023-11-13,2026-08-12T13:29:33.699965,loans.csv,0,ON TIME
1395,2358,1,2021-09-29,2021-10-13,2021-10-03,2026-08-12T13:29:33.699965,loans.csv,0,ON TIME
2454,1350,78,2023-01-01,2023-01-15,2023-01-20,2026-08-12T13:29:33.699965,loans.csv,5,MILD
5021,1095,2,2024-05-05,2024-05-19,2024-05-07,2026-08-12T13:29:33.699965,loans.csv,0,ON TIME
5780,1128,19,2023-11-08,2023-11-22,2023-11-22,2026-08-12T13:29:33.699965,loans.csv,0,ON TIME
88,1802,65,2024-02-29,2024-03-14,2024-03-01,2026-08-12T13:29:33.699965,loans.csv,0,ON TIME
8932,210,2,2024-04-27,2024-05-11,2024-05-01,2026-08-12T13:29:33.699965,loans.csv,0,ON TIME
593,97,3,2023-01-11,2023-01-25,2023-01-23,2026-08-12T13:29:33.699965,loans.csv,0,ON TIME
5792,1862,1,2021-07-17,2021-07-31,2021-08-06,2026-08-12T13:29:33.699965,loans.csv,6,MILD
3869,538,3,2023-11-10,2023-11-24,2023-11-30,2026-08-12T13:29:33.699965,loans.csv,6,MILD
2369,166,12,2022-11-27,2022-12-11,2023-01-05,2026-08-12T13:29:33.699965,loans.csv,25,SEVERE
9070,1562,6,2022-10-31,2022-11-14,2022-11-13,2026-08-12T13:29:33.699965,loans.csv,0,ON TIME
8476,1373,2,2023-10-04,2023-10-18,2023-10-10,2026-08-12T13:29:33.699965,loans.csv,0,ON TIME
7858,2598,98,2023-11-06,2023-11-20,2023-11-21,2026-08-12T13:29:33.699965,loans.csv,1,MILD
6504,1814,2,2023-09-21,2023-10-05,2023-09-23,2026-08-12T13:29:33.699965,loans.csv,0,ON TIME
7850,1739,3,2024-02-17,2024-03-02,2024-02-29,2026-08-12T13:29:33.699965,loans.csv,0,ON TIME
9547,127,1,2022-05-23,2022-06-06,,2026-08-12T13:29:33.699965,loans.csv,1528,CRITICAL
325,1428,48,2024-09-27,2024-10-11,2024-09-28,2026-08-12T13:29:33.699965,loans.csv,0,ON TIME
4298,2073,1,2024-08-07,2024-08-21,2024-08-24,2026-08-12T13:29:33.699965,loans.csv,3,MILD
2805,2358,1,2023-12-18,2024-01-01,2023-12-30,2026-08-12T13:29:33.699965,loans.csv,0,ON TIME
1503,1052,1,2023-06-23,2023-07-07,2023-07-07,2026-08-12T13:29:33.699965,loans.csv,0,ON TIME
6892,1556,1,2024-06-18,2024-07-02,2024-06-20,2026-08-12T13:29:33.699965,loans.csv,0,ON TIME
4867,2588,1,2024-10-26,2024-11-09,,2026-08-12T13:29:33.699965,loans.csv,641,CRITICAL
2142,778,2,2024-04-18,2024-05-02,2024-05-07,2026-08-12T13:29:33.699965,loans.csv,5,MILD
1997,1202,1,2023-06-08,2023-06-22,2023-06-24,2026-08-12T13:29:33.699965,loans.csv,2,MILD
1932,1819,2,2024-03-02,2024-03-16,2024-03-05,2026-08-12T13:29:33.699965,loans.csv,0,ON TIME
7847,2331,8,2024-11-07,2024-11-21,2024-11-13,2026-08-12T13:29:33.699965,loans.csv,0,ON TIME
2078,469,1,2022-05-30,2022-06-13,2022-06-05,2026-08-12T13:29:33.699965,loans.csv,0,ON TIME
5456,1711,1,2024-11-10,2024-11-24,2024-11-13,2026-08-12T13:29:33.699965,loans.csv,0,ON TIME
5253,1360,2,2023-09-06,2023-09-20,2023-09-24,2026-08-12T13:29:33.699965,loans.csv,4,MILD
5490,2366,94,2024-05-22,2024-06-05,2024-05-30,2026-08-12T13:29:33.699965,loans.csv,0,ON TIME
6796,1935,2,2021-07-11,2021-07-25,2021-07-12,2026-08-12T13:29:33.699965,loans.csv,0,ON TIME
7181,1428,28,2023-07-09,2023-07-23,2023-07-11,2026-08-12T13:29:33.699965,loans.csv,0,ON TIME
8677,2331,1,2023-10-30,2023-11-13,,2026-08-12T13:29:33.699965,loans.csv,1003,CRITICAL
76,990,2,2020-12-04,2020-12-18,2020-12-12,2026-08-12T13:29:33.699965,loans.csv,0,ON TIME
7484,1835,70,2022-07-12,2022-07-26,2022-07-23,2026-08-12T13:29:33.699965,loans.csv,0,ON TIME
8973,342,2,2023-08-16,2023-08-30,2023-08-22,2026-08-12T13:29:33.699965,loans.csv,0,ON TIME
6029,728,1,2023-10-11,2023-11-01,2023-11-07,2026-08-12T13:29:33.699965,loans.csv,6,MILD
9544,1565,5,2023-11-07,2023-11-21,2023-11-09,2026-08-12T13:29:33.699965,loans.csv,0,ON TIME
745,701,2,2023-01-23,2023-02-06,2023-02-01,2026-08-12T13:29:33.699965,loans.csv,0,ON TIME
5324,209,7,2023-11-20,2023-12-04,2023-12-11,2026-08-12T13:29:33.699965,loans.csv,7,MILD
226,804,1,2024-09-04,2024-09-18,2024-09-18,2026-08-12T13:29:33.699965,loans.csv,0,ON TIME
3987,794,109,2023-02-08,2023-02-22,,2026-08-12T13:29:33.699965,loans.csv,1267,CRITICAL
5002,279,5,2020-12-15,2020-12-29,2021-01-25,2026-08-12T13:29:33.699965,loans.csv,27,SEVERE
6745,614,5,2024-07-15,2024-08-05,2024-07-21,2026-08-12T13:29:33.699965,loans.csv,0,ON TIME
275,276,1,2023-12-10,2023-12-24,2023-12-14,2026-08-12T13:29:33.699965,loans.csv,0,ON TIME
4075,323,1,2024-11-08,2024-11-22,2024-11-18,2026-08-12T13:29:33.699965,loans.csv,0,ON TIME
19,1775,1,2023-10-11,2023-10-25,2023-12-01,2026-08-12T13:29:33.699965,loans.csv,37,CRITICAL
7152,1667,17,2022-08-23,2022-09-06,2022-08-27,2026-08-12T13:29:33.699965,loans.csv,0,ON TIME
4743,218,24,2023-05-29,2023-06-12,2023-06-02,2026-08-12T13:29:33.699965,loans.csv,0,ON TIME
2661,1437,2,2024-01-19,2024-02-02,2024-02-02,2026-08-12T13:29:33.699965,loans.csv,0,ON TIME
1183,901,1,2021-03-02,2021-03-16,2021-03-16,2026-08-12T13:29:33.699965,loans.csv,0,ON TIME
5510,977,13,2023-08-16,2023-08-30,2023-08-28,2026-08-12T13:29:33.699965,loans.csv,0,ON TIME
5262,1178,4,2024-09-09,2024-09-23,2024-09-20,2026-08-12T13:29:33.699965,loans.csv,0,ON TIME
8456,1920,17,2023-11-08,2023-11-22,,2026-08-12T13:29:33.699965,loans.csv,994,CRITICAL
2404,2731,1,2022-04-07,2022-04-21,2022-04-16,2026-08-12T13:29:33.699965,loans.csv,0,ON TIME
2575,489,3,2021-09-11,2021-09-25,2021-09-12,2026-08-12T13:29:33.699965,loans.csv,0,ON TIME
3002,2096,5,2024-07-29,2024-08-12,2024-08-03,2026-08-12T13:29:33.699965,loans.csv,0,ON TIME
3737,632,2,2023-09-02,2023-09-16,2023-09-08,2026-08-12T13:29:33.699965,loans.csv,0,ON TIME
163,377,10,2023-03-02,2023-03-16,2023-03-07,2026-08-12T13:29:33.699965,loans.csv,0,ON TIME
1521,1976,1,2020-04-25,2020-05-09,2020-05-14,2026-08-12T13:29:33.699965,loans.csv,5,MILD
7231,2587,1,2024-12-05,2024-12-19,,2026-08-12T13:29:33.699965,loans.csv,601,CRITICAL
6901,2555,2,2023-11-04,2023-11-25,,2026-08-12T13:29:33.699965,loans.csv,991,CRITICAL
2979,2472,12,2024-07-21,2024-08-04,2024-08-05,2026-08-12T13:29:33.699965,loans.csv,1,MILD
5585,1761,2,2024-03-23,2024-04-06,2024-03-31,2026-08-12T13:29:33.699965,loans.csv,0,ON TIME
7996,1994,1,2023-08-02,2023-08-16,2023-08-16,2026-08-12T13:29:33.699965,loans.csv,0,ON TIME
2457,1987,1,2022-09-29,2022-10-13,2022-10-19,2026-08-12T13:29:33.699965,loans.csv,6,MILD
5860,379,1,2024-11-21,2024-12-05,,2026-08-12T13:29:33.699965,loans.csv,615,CRITICAL
342,730,1,2024-02-05,2024-02-19,,2026-08-12T13:29:33.699965,loans.csv,905,CRITICAL
8397,1780,2,2024-05-27,2024-06-10,,2026-08-12T13:29:33.699965,loans.csv,793,CRITICAL
8200,693,5,2021-09-18,2021-10-02,2021-09-28,2026-08-12T13:29:33.699965,loans.csv,0,ON TIME
1409,621,3,2024-12-06,2024-12-20,2024-12-11,2026-08-12T13:29:33.699965,loans.csv,0,ON TIME
9448,682,19,2024-07-28,2024-08-11,2024-08-04,2026-08-12T13:29:33.699965,loans.csv,0,ON TIME
6549,1290,2,2023-02-27,2023-03-13,2023-03-18,2026-08-12T13:29:33.699965,loans.csv,5,MILD
670,1845,1,2022-08-03,2022-08-17,2022-08-21,2026-08-12T13:29:33.699965,loans.csv,4,MILD
5686,2119,7,2023-10-27,2023-11-10,2023-11-04,2026-08-12T13:29:33.699965,loans.csv,0,ON TIME
4854,11,2,2022-09-30,2022-10-14,,2026-08-12T13:29:33.699965,loans.csv,1398,CRITICAL
4391,2358,11,2021-05-14,2021-05-28,2021-06-01,2026-08-12T13:29:33.699965,loans.csv,4,MILD
9520,655,2,2022-10-08,2022-10-22,2022-10-29,2026-08-12T13:29:33.699965,loans.csv,7,MILD
2363,2532,1,2022-04-13,2022-04-27,2022-04-25,2026-08-12T13:29:33.699965,loans.csv,0,ON TIME
6335,1829,1,2023-05-16,2023-05-30,2023-05-17,2026-08-12T13:29:33.699965,loans.csv,0,ON TIME
4907,938,8,2023-03-02,2023-03-16,2023-03-12,2026-08-12T13:29:33.699965,loans.csv,0,ON TIME
488,1350,1,2023-08-18,2023-09-01,2023-08-19,2026-08-12T13:29:33.699965,loans.csv,0,ON TIME
7207,2625,1,2024-10-06,2024-10-20,2024-10-19,2026-08-12T13:29:33.699965,loans.csv,0,ON TIME
7436,728,2,2024-08-22,2024-09-05,2024-09-08,2026-08-12T13:29:33.699965,loans.csv,3,MILD
4987,1521,18,2024-01-06,2024-01-20,2024-01-16,2026-08-12T13:29:33.699965,loans.csv,0,ON TIME
1057,2567,1,2024-09-02,2024-09-16,2024-09-19,2026-08-12T13:29:33.699965,loans.csv,3,MILD
3567,2041,98,2020-12-12,2020-12-26,2020-12-18,2026-08-12T13:29:33.699965,loans.csv,0,ON TIME
7437,43,3,2021-05-21,2021-06-04,2021-06-04,2026-08-12T13:29:33.699965,loans.csv,0,ON TIME
6564,2291,11,2024-04-19,2024-05-10,2024-05-13,2026-08-12T13:29:33.699965,loans.csv,3,MILD
1092,924,7,2021-03-05,2021-03-19,2021-03-14,2026-08-12T13:29:33.699965,loans.csv,0,ON TIME
3931,2147,2,2024-07-15,2024-08-05,2024-07-27,2026-08-12T13:29:33.699965,loans.csv,0,ON TIME
8625,866,2,2024-01-18,2024-02-01,2024-02-05,2026-08-12T13:29:33.699965,loans.csv,4,MILD
9357,136,2,2021-07-31,2021-08-14,2021-08-07,2026-08-12T13:29:33.699965,loans.csv,0,ON TIME
6477,1096,1,2024-12-14,2024-12-28,,2026-08-12T13:29:33.699965,loans.csv,592,CRITICAL
6434,1103,1,2020-10-02,2020-10-23,2020-10-04,2026-08-12T13:29:33.699965,loans.csv,0,ON TIME
8517,1042,2,2023-07-25,2023-08-08,2023-07-26,2026-08-12T13:29:33.699965,loans.csv,0,ON TIME
5994,2223,3,2023-07-03,2023-07-17,2023-07-18,2026-08-12T13:29:33.699965,loans.csv,1,MILD
2724,2160,1,2024-12-17,2024-12-31,,2026-08-12T13:29:33.699965,loans.csv,589,CRITICAL
4408,2285,1,2024-12-24,2025-01-07,,2026-08-12T13:29:33.699965,loans.csv,582,CRITICAL
4126,2289,1,2024-06-28,2024-07-19,,2026-08-12T13:29:33.699965,loans.csv,754,CRITICAL
758,1109,6,2023-05-28,2023-06-11,2023-05-30,2026-08-12T13:29:33.699965,loans.csv,0,ON TIME
4500,1988,3,2024-10-17,2024-10-31,2024-11-04,2026-08-12T13:29:33.699965,loans.csv,4,MILD
2771,916,2,2024-07-14,2024-07-28,2024-07-26,2026-08-12T13:29:33.699965,loans.csv,0,ON TIME
4078,2158,2,2021-10-14,2021-10-28,,2026-08-12T13:29:33.699965,loans.csv,1749,CRITICAL
5172,1119,2,2023-07-22,2023-08-05,2023-07-31,2026-08-12T13:29:33.699965,loans.csv,0,ON TIME
2830,2115,1,2024-06-13,2024-06-27,2024-06-17,2026-08-12T13:29:33.699965,loans.csv,0,ON TIME
8055,59,1,2021-12-10,2021-12-24,2021-12-19,2026-08-12T13:29:33.699965,loans.csv,0,ON TIME
7337,203,17,2024-02-29,2024-03-14,2024-03-02,2026-08-12T13:29:33.699965,loans.csv,0,ON TIME
9391,2452,1,2024-08-13,2024-08-27,2024-08-20,2026-08-12T13:29:33.699965,loans.csv,0,ON TIME
3794,1819,1,2022-12-08,2022-12-22,2022-12-25,2026-08-12T13:29:33.699965,loans.csv,3,MILD
7760,485,7,2024-07-23,2024-08-13,2024-08-08,2026-08-12T13:29:33.699965,loans.csv,0,ON TIME
72,336,6,2023-05-28,2023-06-11,2023-06-07,2026-08-12T13:29:33.699965,loans.csv,0,ON TIME
8595,394,2,2023-09-16,2023-09-30,2023-10-03,2026-08-12T13:29:33.699965,loans.csv,3,MILD
725,331,2,2022-07-25,2022-08-08,2022-08-28,2026-08-12T13:29:33.699965,loans.csv,20,SEVERE
7563,1562,18,2024-08-03,2024-08-17,2024-08-13,2026-08-12T13:29:33.699965,loans.csv,0,ON TIME
4104,1897,7,2023-08-15,2023-08-29,2023-08-20,2026-08-12T13:29:33.699965,loans.csv,0,ON TIME
1018,2122,1,2024-12-06,2024-12-20,2024-12-16,2026-08-12T13:29:33.699965,loans.csv,0,ON TIME
8236,484,2,2024-08-24,2024-09-14,,2026-08-12T13:29:33.699965,loans.csv,697,CRITICAL
1649,2358,26,2022-04-14,2022-04-28,2022-04-24,2026-08-12T13:29:33.699965,loans.csv,0,ON TIME
3522,59,2,2022-02-26,2022-03-12,,2026-08-12T13:29:33.699965,loans.csv,1614,CRITICAL
3247,2030,3,2023-08-14,2023-08-28,2023-08-22,2026-08-12T13:29:33.699965,loans.csv,0,ON TIME
7440,2788,1,2024-11-09,2024-11-30,2024-11-21,2026-08-12T13:29:33.699965,loans.csv,0,ON TIME
272,1794,1,2020-07-03,2020-07-17,2020-07-18,2026-08-12T13:29:33.699965,loans.csv,1,MILD
9440,2722,2,2024-03-26,2024-04-16,2024-04-06,2026-08-12T13:29:33.699965,loans.csv,0,ON TIME
3783,305,1,2023-02-20,2023-03-06,2023-02-24,2026-08-12T13:29:33.699965,loans.csv,0,ON TIME
3125,1380,4,2024-09-14,2024-09-28,2024-10-02,2026-08-12T13:29:33.699965,loans.csv,4,MILD
9157,1862,53,2023-05-08,2023-05-22,2023-05-10,2026-08-12T13:29:33.699965,loans.csv,0,ON TIME
64,1451,2,2020-10-20,2020-11-03,2020-11-01,2026-08-12T13:29:33.699965,loans.csv,0,ON TIME
7529,406,21,2024-02-13,2024-02-27,2024-02-27,2026-08-12T13:29:33.699965,loans.csv,0,ON TIME
419,2175,1,2024-11-26,2024-12-10,2024-12-15,2026-08-12T13:29:33.699965,loans.csv,5,MILD
7728,448,7,2022-08-23,2022-09-06,,2026-08-12T13:29:33.699965,loans.csv,1436,CRITICAL
8868,1997,1,2024-12-13,2025-01-03,,2026-08-12T13:29:33.699965,loans.csv,586,CRITICAL
659,1091,8,2022-12-22,2023-01-05,2023-01-03,2026-08-12T13:29:33.699965,loans.csv,0,ON TIME
3892,612,1,2024-06-23,2024-07-07,2024-06-30,2026-08-12T13:29:33.699965,loans.csv,0,ON TIME
7615,835,1,2024-11-10,2024-11-24,2024-11-26,2026-08-12T13:29:33.699965,loans.csv,2,MILD
4265,2191,1,2020-04-10,2020-04-24,2020-04-18,2026-08-12T13:29:33.699965,loans.csv,0,ON TIME
9441,1067,4,2023-08-19,2023-09-02,2023-09-03,2026-08-12T13:29:33.699965,loans.csv,1,MILD
1369,289,1,2022-04-29,2022-05-13,2022-05-01,2026-08-12T13:29:33.699965,loans.csv,0,ON TIME
3899,417,2,2022-06-30,2022-07-21,2022-07-05,2026-08-12T13:29:33.699965,loans.csv,0,ON TIME
7110,2366,1,2024-12-14,2025-01-04,,2026-08-12T13:29:33.699965,loans.csv,585,CRITICAL
9483,372,1,2024-04-05,2024-04-19,2024-04-25,2026-08-12T13:29:33.699965,loans.csv,6,MILD
7932,838,5,2024-07-20,2024-08-03,2024-08-02,2026-08-12T13:29:33.699965,loans.csv,0,ON TIME
7740,143,3,2024-11-23,2024-12-07,2024-12-05,2026-08-12T13:29:33.699965,loans.csv,0,ON TIME
2684,2695,1,2022-01-18,2022-02-01,2022-01-22,2026-08-12T13:29:33.699965,loans.csv,0,ON TIME
598,637,6,2022-02-05,2022-02-19,2022-02-13,2026-08-12T13:29:33.699965,loans.csv,0,ON TIME
6142,1976,60,2020-12-22,2021-01-05,2020-12-24,2026-08-12T13:29:33.699965,loans.csv,0,ON TIME
919,1671,1,2023-04-30,2023-05-14,2023-05-01,2026-08-12T13:29:33.699965,loans.csv,0,ON TIME
5643,2361,22,2024-08-12,2024-08-26,2024-08-28,2026-08-12T13:29:33.699965,loans.csv,2,MILD
1158,708,2,2022-04-10,2022-04-24,2022-04-22,2026-08-12T13:29:33.699965,loans.csv,0,ON TIME
1555,886,1,2022-07-01,2022-07-22,,2026-08-12T13:29:33.699965,loans.csv,1482,CRITICAL
9151,2708,1,2024-11-16,2024-11-30,2024-11-19,2026-08-12T13:29:33.699965,loans.csv,0,ON TIME
5080,1931,1,2024-09-08,2024-09-22,2024-09-20,2026-08-12T13:29:33.699965,loans.csv,0,ON TIME
7197,827,8,2024-01-02,2024-01-16,2024-01-11,2026-08-12T13:29:33.699965,loans.csv,0,ON TIME
3175,1918,1,2022-10-18,2022-11-01,2022-10-31,2026-08-12T13:29:33.699965,loans.csv,0,ON TIME
9213,615,2,2024-10-21,2024-11-04,,2026-08-12T13:29:33.699965,loans.csv,646,CRITICAL
5921,1102,28,2023-12-10,2023-12-24,2024-01-09,2026-08-12T13:29:33.699965,loans.csv,16,SEVERE
482,1773,16,2021-12-31,2022-01-14,2022-01-15,2026-08-12T13:29:33.699965,loans.csv,1,MILD
9533,191,3,2020-03-16,2020-04-06,2020-03-22,2026-08-12T13:29:33.699965,loans.csv,0,ON TIME
5756,684,2,2023-10-02,2023-10-23,2023-10-23,2026-08-12T13:29:33.699965,loans.csv,0,ON TIME
7557,668,1,2021-11-01,2021-11-15,2021-11-17,2026-08-12T13:29:33.699965,loans.csv,2,MILD
7871,1514,1,2024-03-28,2024-04-18,2024-04-20,2026-08-12T13:29:33.699965,loans.csv,2,MILD
8821,1909,18,2023-11-14,2023-11-28,2023-11-28,2026-08-12T13:29:33.699965,loans.csv,0,ON TIME
8158,1095,2,2023-10-18,2023-11-08,2023-10-26,2026-08-12T13:29:33.699965,loans.csv,0,ON TIME
7621,566,10,2023-04-14,2023-05-05,2023-05-07,2026-08-12T13:29:33.699965,loans.csv,2,MILD
2143,1211,2,2023-03-04,2023-03-18,2023-03-06,2026-08-12T13:29:33.699965,loans.csv,0,ON TIME
3854,2311,5,2024-12-20,2025-01-03,,2026-08-12T13:29:33.699965,loans.csv,586,CRITICAL
6737,509,1,2022-12-10,2022-12-24,2022-12-25,2026-08-12T13:29:33.699965,loans.csv,1,MILD
3021,1631,2,2021-12-07,2021-12-21,2021-12-15,2026-08-12T13:29:33.699965,loans.csv,0,ON TIME
2775,1153,5,2021-03-21,2021-04-04,2021-03-22,2026-08-12T13:29:33.699965,loans.csv,0,ON TIME
9289,9,8,2021-03-13,2021-03-27,2021-03-19,2026-08-12T13:29:33.699965,loans.csv,0,ON TIME
7617,1905,14,2024-12-07,2024-12-21,2024-12-10,2026-08-12T13:29:33.699965,loans.csv,0,ON TIME
8614,2790,1,2021-04-22,2021-05-06,2021-04-29,2026-08-12T13:29:33.699965,loans.csv,0,ON TIME
4516,2493,2,2023-03-10,2023-03-24,2023-03-13,2026-08-12T13:29:33.699965,loans.csv,0,ON TIME
1839,2173,1,2023-08-31,2023-09-14,2023-09-01,2026-08-12T13:29:33.699965,loans.csv,0,ON TIME
8474,1518,1,2022-10-10,2022-10-24,,2026-08-12T13:29:33.699965,loans.csv,1388,CRITICAL
8311,1113,6,2021-08-25,2021-09-08,2021-09-12,2026-08-12T13:29:33.699965,loans.csv,4,MILD
3574,1675,2,2024-09-05,2024-09-19,,2026-08-12T13:29:33.699965,loans.csv,692,CRITICAL
9605,1811,1,2023-10-14,2023-10-28,2023-10-31,2026-08-12T13:29:33.699965,loans.csv,3,MILD
1406,2476,2,2024-10-26,2024-11-09,2024-11-16,2026-08-12T13:29:33.699965,loans.csv,7,MILD
578,1062,1,2024-12-05,2024-12-19,2024-12-06,2026-08-12T13:29:33.699965,loans.csv,0,ON TIME
4284,872,1,2022-01-06,2022-01-20,,2026-08-12T13:29:33.699965,loans.csv,1665,CRITICAL
5936,31,1,2022-12-26,2023-01-09,2022-12-30,2026-08-12T13:29:33.699965,loans.csv,0,ON TIME
7002,1800,1,2024-09-01,2024-09-15,2024-09-03,2026-08-12T13:29:33.699965,loans.csv,0,ON TIME
6781,2204,1,2023-07-03,2023-07-17,2023-07-08,2026-08-12T13:29:33.699965,loans.csv,0,ON TIME
122,2720,12,2023-10-05,2023-10-26,,2026-08-12T13:29:33.699965,loans.csv,1021,CRITICAL
8030,1076,1,2024-01-09,2024-01-30,,2026-08-12T13:29:33.699965,loans.csv,925,CRITICAL
6019,2573,104,2024-12-01,2024-12-15,2024-12-07,2026-08-12T13:29:33.699965,loans.csv,0,ON TIME
1621,1406,1,2023-02-04,2023-02-18,2023-02-22,2026-08-12T13:29:33.699965,loans.csv,4,MILD
3229,2250,1,2024-09-29,2024-10-13,2024-10-12,2026-08-12T13:29:33.699965,loans.csv,0,ON TIME
6112,1604,5,2022-07-21,2022-08-04,2022-07-22,2026-08-12T13:29:33.699965,loans.csv,0,ON TIME
1152,2247,1,2023-12-01,2023-12-15,2023-12-10,2026-08-12T13:29:33.699965,loans.csv,0,ON TIME
5640,241,4,2020-05-15,2020-05-29,2020-05-21,2026-08-12T13:29:33.699965,loans.csv,0,ON TIME
9241,2381,1,2024-12-22,2025-01-05,,2026-08-12T13:29:33.699965,loans.csv,584,CRITICAL
7836,1549,1,2024-05-20,2024-06-03,2024-06-26,2026-08-12T13:29:33.699965,loans.csv,23,SEVERE
5035,2459,6,2024-08-25,2024-09-15,,2026-08-12T13:29:33.699965,loans.csv,696,CRITICAL
3237,1291,4,2021-09-10,2021-09-24,2021-09-12,2026-08-12T13:29:33.699965,loans.csv,0,ON TIME
714,2375,1,2024-01-20,2024-02-03,,2026-08-12T13:29:33.699965,loans.csv,921,CRITICAL
5852,1468,15,2020-09-23,2020-10-07,2020-10-09,2026-08-12T13:29:33.699965,loans.csv,2,MILD
6389,629,1,2021-07-26,2021-08-09,2021-08-15,2026-08-12T13:29:33.699965,loans.csv,6,MILD
3948,90,18,2024-11-15,2024-11-29,2024-12-04,2026-08-12T13:29:33.699965,loans.csv,5,MILD
887,454,3,2022-03-31,2022-04-21,2022-04-05,2026-08-12T13:29:33.699965,loans.csv,0,ON TIME
1949,1605,12,2022-05-05,2022-05-19,2022-05-17,2026-08-12T13:29:33.699965,loans.csv,0,ON TIME
7541,2456,3,2024-11-05,2024-11-19,2024-11-23,2026-08-12T13:29:33.699965,loans.csv,4,MILD
192,1210,1,2024-05-18,2024-06-08,2024-05-27,2026-08-12T13:29:33.699965,loans.csv,0,ON TIME
1326,2018,1,2024-10-19,2024-11-02,2024-10-29,2026-08-12T13:29:33.699965,loans.csv,0,ON TIME
2538,483,1,2023-08-18,2023-09-01,2023-09-06,2026-08-12T13:29:33.699965,loans.csv,5,MILD
5073,2614,2,2020-06-24,2020-07-08,2020-07-06,2026-08-12T13:29:33.699965,loans.csv,0,ON TIME
1197,2689,1,2023-10-28,2023-11-11,,2026-08-12T13:29:33.699965,loans.csv,1005,CRITICAL
7249,1949,4,2023-03-28,2023-04-11,2023-04-15,2026-08-12T13:29:33.699965,loans.csv,4,MILD
9447,613,41,2023-05-15,2023-06-05,2023-05-22,2026-08-12T13:29:33.699965,loans.csv,0,ON TIME
8354,1905,3,2024-03-09,2024-03-30,2024-03-29,2026-08-12T13:29:33.699965,loans.csv,0,ON TIME
5657,363,5,2024-12-18,2025-01-01,,2026-08-12T13:29:33.699965,loans.csv,588,CRITICAL
8001,2719,6,2020-07-06,2020-07-20,2020-07-19,2026-08-12T13:29:33.699965,loans.csv,0,ON TIME
7176,2715,1,2024-12-25,2025-01-08,,2026-08-12T13:29:33.699965,loans.csv,581,CRITICAL
2425,137,9,2024-10-28,2024-11-11,,2026-08-12T13:29:33.699965,loans.csv,639,CRITICAL
227,2062,1,2023-12-09,2023-12-23,,2026-08-12T13:29:33.699965,loans.csv,963,CRITICAL
2173,1678,2,2023-01-07,2023-01-21,2023-01-28,2026-08-12T13:29:33.699965,loans.csv,7,MILD
5354,869,1,2023-05-20,2023-06-03,2023-05-29,2026-08-12T13:29:33.699965,loans.csv,0,ON TIME
7362,2628,1,2022-06-08,2022-06-29,,2026-08-12T13:29:33.699965,loans.csv,1505,CRITICAL
3381,2523,6,2020-07-01,2020-07-15,,2026-08-12T13:29:33.699965,loans.csv,2219,CRITICAL
912,447,1,2024-04-01,2024-04-15,2024-04-02,2026-08-12T13:29:33.699965,loans.csv,0,ON TIME
4816,1002,3,2022-01-17,2022-01-31,2022-01-24,2026-08-12T13:29:33.699965,loans.csv,0,ON TIME
1726,1718,9,2023-10-08,2023-10-22,2023-10-15,2026-08-12T13:29:33.699965,loans.csv,0,ON TIME
6382,1622,2,2023-09-23,2023-10-07,2023-10-04,2026-08-12T13:29:33.699965,loans.csv,0,ON TIME
2733,2658,2,2024-12-04,2024-12-18,2024-12-10,2026-08-12T13:29:33.699965,loans.csv,0,ON TIME
7057,1700,1,2024-05-12,2024-05-26,,2026-08-12T13:29:33.699965,loans.csv,808,CRITICAL
5760,1738,1,2024-01-07,2024-01-21,2024-01-20,2026-08-12T13:29:33.699965,loans.csv,0,ON TIME
8802,2746,12,2022-05-01,2022-05-15,2022-05-11,2026-08-12T13:29:33.699965,loans.csv,0,ON TIME
7535,1854,3,2024-11-17,2024-12-01,,2026-08-12T13:29:33.699965,loans.csv,619,CRITICAL
11,1067,1,2024-01-02,2024-01-16,,2026-08-12T13:29:33.699965,loans.csv,939,CRITICAL
8162,1155,2,2024-02-16,2024-03-01,,2026-08-12T13:29:33.699965,loans.csv,894,CRITICAL
1247,1204,1,2023-05-19,2023-06-02,2023-05-25,2026-08-12T13:29:33.699965,loans.csv,0,ON TIME
2322,1112,1,2023-05-17,2023-06-07,2023-06-07,2026-08-12T13:29:33.699965,loans.csv,0,ON TIME
4479,146,17,2024-09-30,2024-10-14,2024-10-15,2026-08-12T13:29:33.699965,loans.csv,1,MILD
6678,901,1,2021-02-27,2021-03-13,2021-03-03,2026-08-12T13:29:33.699965,loans.csv,0,ON TIME
8540,1472,16,2024-11-15,2024-11-29,2024-11-30,2026-08-12T13:29:33.699965,loans.csv,1,MILD
2051,1607,2,2022-11-10,2022-11-24,2022-11-13,2026-08-12T13:29:33.699965,loans.csv,0,ON TIME
3446,1564,5,2022-05-22,2022-06-05,2022-06-07,2026-08-12T13:29:33.699965,loans.csv,2,MILD
9501,796,1,2024-08-31,2024-09-14,2024-09-06,2026-08-12T13:29:33.699965,loans.csv,0,ON TIME
9484,339,3,2023-09-20,2023-10-04,2023-09-27,2026-08-12T13:29:33.699965,loans.csv,0,ON TIME
7566,596,1,2023-08-18,2023-09-01,2023-08-20,2026-08-12T13:29:33.699965,loans.csv,0,ON TIME
8659,782,63,2024-06-25,2024-07-09,,2026-08-12T13:29:33.699965,loans.csv,764,CRITICAL
3026,717,1,2021-04-17,2021-05-01,2021-05-20,2026-08-12T13:29:33.699965,loans.csv,19,SEVERE
1420,390,2,2024-09-28,2024-10-12,2024-09-29,2026-08-12T13:29:33.699965,loans.csv,0,ON TIME
8490,1891,3,2020-10-17,2020-10-31,2020-10-23,2026-08-12T13:29:33.699965,loans.csv,0,ON TIME
8632,486,120,2024-01-13,2024-01-27,2024-01-25,2026-08-12T13:29:33.699965,loans.csv,0,ON TIME
5610,1142,1,2021-06-12,2021-07-03,2021-06-18,2026-08-12T13:29:33.699965,loans.csv,0,ON TIME
646,2131,10,2024-07-01,2024-07-22,2024-07-28,2026-08-12T13:29:33.699965,loans.csv,6,MILD
948,732,17,2022-05-10,2022-05-24,2022-05-23,2026-08-12T13:29:33.699965,loans.csv,0,ON TIME
8455,2305,2,2021-05-29,2021-06-12,2021-06-04,2026-08-12T13:29:33.699965,loans.csv,0,ON TIME
2965,1360,25,2024-01-03,2024-01-17,2024-01-06,2026-08-12T13:29:33.699965,loans.csv,0,ON TIME
2109,935,1,2023-11-15,2023-12-06,2023-11-25,2026-08-12T13:29:33.699965,loans.csv,0,ON TIME
3145,245,3,2024-10-02,2024-10-16,2024-10-13,2026-08-12T13:29:33.699965,loans.csv,0,ON TIME
5272,2679,1,2023-12-13,2023-12-27,2023-12-19,2026-08-12T13:29:33.699965,loans.csv,0,ON TIME
5757,1704,1,2024-10-21,2024-11-11,2024-11-13,2026-08-12T13:29:33.699965,loans.csv,2,MILD
8172,1569,2,2023-11-11,2023-11-25,2023-11-16,2026-08-12T13:29:33.699965,loans.csv,0,ON TIME
2898,2215,26,2023-10-01,2023-10-15,,2026-08-12T13:29:33.699965,loans.csv,1032,CRITICAL
1175,1541,2,2024-10-03,2024-10-17,2024-10-14,2026-08-12T13:29:33.699965,loans.csv,0,ON TIME
3663,847,2,2024-08-15,2024-08-29,2024-08-28,2026-08-12T13:29:33.699965,loans.csv,0,ON TIME
1976,1961,6,2024-12-08,2024-12-22,2024-12-20,2026-08-12T13:29:33.699965,loans.csv,0,ON TIME
5015,2621,1,2021-01-15,2021-01-29,2021-01-28,2026-08-12T13:29:33.699965,loans.csv,0,ON TIME
3954,1548,6,2024-08-21,2024-09-04,,2026-08-12T13:29:33.699965,loans.csv,707,CRITICAL
5924,536,1,2024-04-14,2024-04-28,2024-04-19,2026-08-12T13:29:33.699965,loans.csv,0,ON TIME
3703,867,4,2022-10-19,2022-11-02,2022-10-26,2026-08-12T13:29:33.699965,loans.csv,0,ON TIME
1689,2520,1,2024-02-02,2024-02-16,2024-02-15,2026-08-12T13:29:33.699965,loans.csv,0,ON TIME
2686,1973,1,2023-01-06,2023-01-20,,2026-08-12T13:29:33.699965,loans.csv,1300,CRITICAL
3003,2723,1,2023-09-12,2023-09-26,2023-09-16,2026-08-12T13:29:33.699965,loans.csv,0,ON TIME
2564,1771,5,2021-01-07,2021-01-21,2021-01-20,2026-08-12T13:29:33.699965,loans.csv,0,ON TIME
4985,1475,1,2024-09-20,2024-10-04,2024-10-19,2026-08-12T13:29:33.699965,loans.csv,15,SEVERE
5680,846,1,2023-05-28,2023-06-11,2023-06-12,2026-08-12T13:29:33.699965,loans.csv,1,MILD
7526,2477,2,2023-02-04,2023-02-18,2023-02-11,2026-08-12T13:29:33.699965,loans.csv,0,ON TIME
2678,693,1,2023-01-25,2023-02-08,2023-01-29,2026-08-12T13:29:33.699965,loans.csv,0,ON TIME
6610,1942,1,2024-11-29,2024-12-13,2024-12-10,2026-08-12T13:29:33.699965,loans.csv,0,ON TIME
2127,1488,1,2021-04-05,2021-04-19,2021-04-20,2026-08-12T13:29:33.699965,loans.csv,1,MILD
583,1640,1,2022-07-06,2022-07-20,,2026-08-12T13:29:33.699965,loans.csv,1484,CRITICAL
2901,1785,6,2024-10-15,2024-10-29,2024-10-18,2026-08-12T13:29:33.699965,loans.csv,0,ON TIME
8324,730,2,2022-10-28,2022-11-11,2022-11-09,2026-08-12T13:29:33.699965,loans.csv,0,ON TIME
2873,128,1,2022-10-14,2022-10-28,2022-10-19,2026-08-12T13:29:33.699965,loans.csv,0,ON TIME
7517,2424,1,2022-02-11,2022-02-25,2022-02-18,2026-08-12T13:29:33.699965,loans.csv,0,ON TIME
9062,2250,1,2023-11-18,2023-12-02,2023-11-28,2026-08-12T13:29:33.699965,loans.csv,0,ON TIME
2511,2183,1,2021-03-23,2021-04-06,2021-03-25,2026-08-12T13:29:33.699965,loans.csv,0,ON TIME
9031,1622,1,2024-11-13,2024-11-27,,2026-08-12T13:29:33.699965,loans.csv,623,CRITICAL
6576,668,3,2024-11-20,2024-12-04,2024-12-03,2026-08-12T13:29:33.699965,loans.csv,0,ON TIME
4062,792,2,2021-04-17,2021-05-01,2021-05-12,2026-08-12T13:29:33.699965,loans.csv,11,SEVERE
8403,179,1,2023-01-24,2023-02-07,2023-02-13,2026-08-12T13:29:33.699965,loans.csv,6,MILD
4155,180,36,2023-11-13,2023-12-04,2023-11-30,2026-08-12T13:29:33.699965,loans.csv,0,ON TIME
3056,1623,2,2023-06-12,2023-06-26,2023-06-19,2026-08-12T13:29:33.699965,loans.csv,0,ON TIME
1051,1724,7,2020-06-03,2020-06-24,2020-06-04,2026-08-12T13:29:33.699965,loans.csv,0,ON TIME
8449,736,1,2023-12-28,2024-01-11,2024-01-02,2026-08-12T13:29:33.699965,loans.csv,0,ON TIME
5861,2067,1,2024-02-26,2024-03-11,2024-03-18,2026-08-12T13:29:33.699965,loans.csv,7,MILD
1887,2411,23,2022-12-17,2022-12-31,2023-01-06,2026-08-12T13:29:33.699965,loans.csv,6,MILD
4533,920,1,2024-03-05,2024-03-19,2024-03-15,2026-08-12T13:29:33.699965,loans.csv,0,ON TIME
3437,1767,2,2024-11-02,2024-11-16,2024-11-13,2026-08-12T13:29:33.699965,loans.csv,0,ON TIME
2701,802,2,2024-10-07,2024-10-21,2024-10-20,2026-08-12T13:29:33.699965,loans.csv,0,ON TIME
1967,1962,1,2023-11-11,2023-11-25,2023-11-14,2026-08-12T13:29:33.699965,loans.csv,0,ON TIME
4622,2349,1,2020-10-23,2020-11-06,2020-11-26,2026-08-12T13:29:33.699965,loans.csv,20,SEVERE
6365,2725,11,2022-02-13,2022-02-27,2022-02-18,2026-08-12T13:29:33.699965,loans.csv,0,ON TIME
1817,2635,1,2024-05-19,2024-06-02,,2026-08-12T13:29:33.699965,loans.csv,801,CRITICAL
1346,646,17,2023-05-02,2023-05-16,2023-05-22,2026-08-12T13:29:33.699965,loans.csv,6,MILD
2336,1404,1,2024-07-29,2024-08-12,2024-08-21,2026-08-12T13:29:33.699965,loans.csv,9,SEVERE
102,1715,10,2024-04-18,2024-05-02,2024-04-22,2026-08-12T13:29:33.699965,loans.csv,0,ON TIME
754,612,7,2023-02-13,2023-02-27,2023-03-01,2026-08-12T13:29:33.699965,loans.csv,2,MILD
3117,1563,1,2024-03-14,2024-03-28,2024-03-30,2026-08-12T13:29:33.699965,loans.csv,2,MILD
7454,199,1,2024-10-17,2024-10-31,2024-10-26,2026-08-12T13:29:33.699965,loans.csv,0,ON TIME
2122,104,2,2024-11-08,2024-11-22,2024-11-15,2026-08-12T13:29:33.699965,loans.csv,0,ON TIME
5563,866,62,2024-02-26,2024-03-18,2024-03-09,2026-08-12T13:29:33.699965,loans.csv,0,ON TIME
3844,1360,2,2024-12-07,2024-12-21,,2026-08-12T13:29:33.699965,loans.csv,599,CRITICAL
2756,755,1,2021-09-15,2021-09-29,2021-10-03,2026-08-12T13:29:33.699965,loans.csv,4,MILD
9206,506,1,2024-07-29,2024-08-12,2024-08-08,2026-08-12T13:29:33.699965,loans.csv,0,ON TIME
5381,1790,1,2021-10-29,2021-11-12,2021-11-02,2026-08-12T13:29:33.699965,loans.csv,0,ON TIME
3113,910,1,2024-01-06,2024-01-20,2024-01-07,2026-08-12T13:29:33.699965,loans.csv,0,ON TIME
1325,394,1,2023-12-14,2023-12-28,2024-01-03,2026-08-12T13:29:33.699965,loans.csv,6,MILD
2915,701,41,2023-09-20,2023-10-04,2023-10-07,2026-08-12T13:29:33.699965,loans.csv,3,MILD
4190,1964,1,2023-10-27,2023-11-10,2023-11-08,2026-08-12T13:29:33.699965,loans.csv,0,ON TIME
5320,799,1,2024-05-30,2024-06-13,2024-06-17,2026-08-12T13:29:33.699965,loans.csv,4,MILD
8963,962,1,2022-08-24,2022-09-07,2022-09-06,2026-08-12T13:29:33.699965,loans.csv,0,ON TIME
2953,209,1,2024-02-20,2024-03-05,2024-03-07,2026-08-12T13:29:33.699965,loans.csv,2,MILD
8549,136,1,2023-04-09,2023-04-23,2023-04-23,2026-08-12T13:29:33.699965,loans.csv,0,ON TIME
7073,1135,2,2024-10-19,2024-11-02,2024-10-26,2026-08-12T13:29:33.699965,loans.csv,0,ON TIME
4726,1400,1,2024-10-19,2024-11-02,2024-11-09,2026-08-12T13:29:33.699965,loans.csv,7,MILD
6689,1629,7,2024-02-13,2024-02-27,2024-02-14,2026-08-12T13:29:33.699965,loans.csv,0,ON TIME
3704,1467,4,2024-11-18,2024-12-02,2024-11-22,2026-08-12T13:29:33.699965,loans.csv,0,ON TIME
7655,680,1,2024-07-26,2024-08-09,2024-08-06,2026-08-12T13:29:33.699965,loans.csv,0,ON TIME
6934,1738,1,2023-01-28,2023-02-11,2023-01-29,2026-08-12T13:29:33.699965,loans.csv,0,ON TIME
5469,920,1,2024-11-29,2024-12-13,2024-12-03,2026-08-12T13:29:33.699965,loans.csv,0,ON TIME
6263,319,1,2024-06-08,2024-06-29,2024-06-28,2026-08-12T13:29:33.699965,loans.csv,0,ON TIME
1793,2391,1,2021-02-08,2021-02-22,2021-02-19,2026-08-12T13:29:33.699965,loans.csv,0,ON TIME
4545,2092,92,2023-01-17,2023-01-31,2023-01-20,2026-08-12T13:29:33.699965,loans.csv,0,ON TIME
4619,1704,1,2024-01-13,2024-01-27,2024-01-15,2026-08-12T13:29:33.699965,loans.csv,0,ON TIME
7276,1610,27,2023-10-09,2023-10-23,2023-10-13,2026-08-12T13:29:33.699965,loans.csv,0,ON TIME
8675,427,1,2023-11-27,2023-12-11,2023-12-02,2026-08-12T13:29:33.699965,loans.csv,0,ON TIME
6361,895,2,2023-02-20,2023-03-06,2023-02-24,2026-08-12T13:29:33.699965,loans.csv,0,ON TIME
6244,919,1,2023-01-26,2023-02-09,2023-02-13,2026-08-12T13:29:33.699965,loans.csv,4,MILD
8173,1225,1,2023-09-19,2023-10-03,2023-10-06,2026-08-12T13:29:33.699965,loans.csv,3,MILD
4070,88,25,2023-07-29,2023-08-12,2023-07-30,2026-08-12T13:29:33.699965,loans.csv,0,ON TIME
9607,2612,1,2020-10-29,2020-11-12,2020-11-03,2026-08-12T13:29:33.699965,loans.csv,0,ON TIME
4119,1390,2,2023-07-27,2023-08-10,2023-08-26,2026-08-12T13:29:33.699965,loans.csv,16,SEVERE
3052,1607,7,2024-04-26,2024-05-10,2024-05-03,2026-08-12T13:29:33.699965,loans.csv,0,ON TIME
6341,1789,1,2023-10-31,2023-11-14,2023-11-09,2026-08-12T13:29:33.699965,loans.csv,0,ON TIME
8052,315,1,2024-10-02,2024-10-16,2024-10-03,2026-08-12T13:29:33.699965,loans.csv,0,ON TIME
4860,1761,41,2022-07-22,2022-08-05,2022-09-05,2026-08-12T13:29:33.699965,loans.csv,31,CRITICAL
5654,982,8,2020-04-29,2020-05-20,,2026-08-12T13:29:33.699965,loans.csv,2275,CRITICAL
1308,1042,1,2024-06-30,2024-07-14,2024-07-17,2026-08-12T13:29:33.699965,loans.csv,3,MILD
6410,1299,1,2023-11-23,2023-12-07,2023-12-04,2026-08-12T13:29:33.699965,loans.csv,0,ON TIME
4352,1694,44,2024-09-30,2024-10-14,2024-10-08,2026-08-12T13:29:33.699965,loans.csv,0,ON TIME
9581,1052,1,2024-08-01,2024-08-15,2024-08-12,2026-08-12T13:29:33.699965,loans.csv,0,ON TIME
2358,2223,1,2022-06-27,2022-07-11,2022-06-29,2026-08-12T13:29:33.699965,loans.csv,0,ON TIME
173,950,1,2024-08-01,2024-08-15,2024-08-17,2026-08-12T13:29:33.699965,loans.csv,2,MILD
1238,654,4,2023-02-22,2023-03-08,2023-02-24,2026-08-12T13:29:33.699965,loans.csv,0,ON TIME
7186,526,1,2024-01-25,2024-02-08,2024-02-15,2026-08-12T13:29:33.699965,loans.csv,7,MILD
2008,1113,1,2022-09-28,2022-10-12,2022-10-12,2026-08-12T13:29:33.699965,loans.csv,0,ON TIME
4944,1075,111,2024-02-26,2024-03-11,,2026-08-12T13:29:33.699965,loans.csv,884,CRITICAL
6980,929,7,2021-01-02,2021-01-16,,2026-08-12T13:29:33.699965,loans.csv,2034,CRITICAL
5042,1523,2,2023-10-27,2023-11-10,2023-11-10,2026-08-12T13:29:33.699965,loans.csv,0,ON TIME
8936,488,14,2021-06-05,2021-06-26,2021-06-22,2026-08-12T13:29:33.699965,loans.csv,0,ON TIME
2133,479,23,2021-05-06,2021-05-20,2021-06-29,2026-08-12T13:29:33.699965,loans.csv,40,CRITICAL
7619,2018,18,2024-08-16,2024-08-30,2024-08-26,2026-08-12T13:29:33.699965,loans.csv,0,ON TIME
7727,224,1,2023-03-22,2023-04-05,,2026-08-12T13:29:33.699965,loans.csv,1225,CRITICAL
2277,812,5,2022-07-09,2022-07-23,2022-07-15,2026-08-12T13:29:33.699965,loans.csv,0,ON TIME
6210,2678,8,2024-08-07,2024-08-21,2024-08-14,2026-08-12T13:29:33.699965,loans.csv,0,ON TIME
4621,2748,3,2023-04-27,2023-05-11,,2026-08-12T13:29:33.699965,loans.csv,1189,CRITICAL
8914,1005,8,2024-03-12,2024-03-26,2024-03-29,2026-08-12T13:29:33.699965,loans.csv,3,MILD
1230,2685,16,2023-10-11,2023-10-25,2023-10-13,2026-08-12T13:29:33.699965,loans.csv,0,ON TIME
3467,1789,3,2020-06-13,2020-06-27,2020-07-02,2026-08-12T13:29:33.699965,loans.csv,5,MILD
7310,1150,2,2024-11-16,2024-11-30,2024-11-25,2026-08-12T13:29:33.699965,loans.csv,0,ON TIME
8508,1728,1,2024-03-29,2024-04-12,2024-03-31,2026-08-12T13:29:33.699965,loans.csv,0,ON TIME
6,1161,2,2023-05-01,2023-05-15,2023-05-16,2026-08-12T13:29:33.699965,loans.csv,1,MILD
3368,2696,1,2023-08-07,2023-08-21,,2026-08-12T13:29:33.699965,loans.csv,1087,CRITICAL
1132,1713,1,2024-08-13,2024-09-03,2024-08-25,2026-08-12T13:29:33.699965,loans.csv,0,ON TIME
2681,2719,1,2022-01-31,2022-02-14,2022-02-19,2026-08-12T13:29:33.699965,loans.csv,5,MILD
6894,2279,7,2024-05-20,2024-06-03,2024-05-23,2026-08-12T13:29:33.699965,loans.csv,0,ON TIME
2275,1401,108,2022-08-16,2022-08-30,2022-08-29,2026-08-12T13:29:33.699965,loans.csv,0,ON TIME
7265,2301,83,2024-04-24,2024-05-08,2024-05-11,2026-08-12T13:29:33.699965,loans.csv,3,MILD
2370,667,1,2024-03-11,2024-03-25,,2026-08-12T13:29:33.699965,loans.csv,870,CRITICAL
3010,565,6,2024-11-30,2024-12-14,2024-12-04,2026-08-12T13:29:33.699965,loans.csv,0,ON TIME
4491,2064,1,2021-10-22,2021-11-05,2021-10-27,2026-08-12T13:29:33.699965,loans.csv,0,ON TIME
3696,38,7,2024-03-14,2024-04-04,2024-04-02,2026-08-12T13:29:33.699965,loans.csv,0,ON TIME
1243,415,1,2024-02-20,2024-03-05,2024-02-25,2026-08-12T13:29:33.699965,loans.csv,0,ON TIME
8737,554,1,2023-10-27,2023-11-10,,2026-08-12T13:29:33.699965,loans.csv,1006,CRITICAL
3425,2119,5,2023-11-23,2023-12-14,2024-01-21,2026-08-12T13:29:33.699965,loans.csv,38,CRITICAL
3273,2068,22,2023-12-18,2024-01-01,2024-01-07,2026-08-12T13:29:33.699965,loans.csv,6,MILD
9050,1085,3,2023-05-30,2023-06-13,2023-06-05,2026-08-12T13:29:33.699965,loans.csv,0,ON TIME
2438,991,47,2022-08-05,2022-08-19,2022-08-12,2026-08-12T13:29:33.699965,loans.csv,0,ON TIME
7182,1553,1,2023-07-19,2023-08-02,2023-08-06,2026-08-12T13:29:33.699965,loans.csv,4,MILD
4863,1580,1,2024-09-06,2024-09-20,2024-09-18,2026-08-12T13:29:33.699965,loans.csv,0,ON TIME
4697,2066,1,2022-09-05,2022-09-19,2022-09-23,2026-08-12T13:29:33.699965,loans.csv,4,MILD
522,2053,65,2022-02-07,2022-02-21,2022-02-16,2026-08-12T13:29:33.699965,loans.csv,0,ON TIME
3342,572,1,2022-09-16,2022-10-07,2022-11-21,2026-08-12T13:29:33.699965,loans.csv,45,CRITICAL
5181,1330,26,2024-05-31,2024-06-14,2024-06-11,2026-08-12T13:29:33.699965,loans.csv,0,ON TIME
5336,2430,2,2024-06-29,2024-07-13,2024-08-01,2026-08-12T13:29:33.699965,loans.csv,19,SEVERE
4580,1381,1,2024-12-19,2025-01-02,,2026-08-12T13:29:33.699965,loans.csv,587,CRITICAL
709,2165,1,2024-10-11,2024-10-25,2024-10-19,2026-08-12T13:29:33.699965,loans.csv,0,ON TIME
6021,2441,1,2020-09-04,2020-09-18,2020-09-13,2026-08-12T13:29:33.699965,loans.csv,0,ON TIME
7568,2558,1,2020-07-23,2020-08-06,2020-08-04,2026-08-12T13:29:33.699965,loans.csv,0,ON TIME
811,1414,1,2024-09-10,2024-09-24,,2026-08-12T13:29:33.699965,loans.csv,687,CRITICAL
447,784,3,2024-11-14,2024-12-05,2024-12-05,2026-08-12T13:29:33.699965,loans.csv,0,ON TIME
2257,2115,1,2024-09-01,2024-09-15,,2026-08-12T13:29:33.699965,loans.csv,696,CRITICAL
1478,1467,1,2024-11-16,2024-12-07,2024-11-23,2026-08-12T13:29:33.699965,loans.csv,0,ON TIME
5952,381,2,2024-11-26,2024-12-10,2024-11-27,2026-08-12T13:29:33.699965,loans.csv,0,ON TIME
9539,1775,1,2023-09-29,2023-10-13,,2026-08-12T13:29:33.699965,loans.csv,1034,CRITICAL
6392,1298,15,2021-09-05,2021-09-19,2021-09-11,2026-08-12T13:29:33.699965,loans.csv,0,ON TIME
3531,1466,1,2024-10-01,2024-10-15,,2026-08-12T13:29:33.699965,loans.csv,666,CRITICAL
8207,2669,1,2023-01-05,2023-01-19,2023-01-20,2026-08-12T13:29:33.699965,loans.csv,1,MILD
5102,1680,2,2022-07-27,2022-08-10,2022-08-13,2026-08-12T13:29:33.699965,loans.csv,3,MILD
7005,586,7,2023-04-30,2023-05-14,2023-05-05,2026-08-12T13:29:33.699965,loans.csv,0,ON TIME
7117,196,1,2022-05-11,2022-05-25,,2026-08-12T13:29:33.699965,loans.csv,1540,CRITICAL
981,2565,1,2024-06-23,2024-07-07,2024-06-27,2026-08-12T13:29:33.699965,loans.csv,0,ON TIME
411,2119,2,2024-12-20,2025-01-10,,2026-08-12T13:29:33.699965,loans.csv,579,CRITICAL
313,2192,3,2023-09-15,2023-09-29,2023-09-21,2026-08-12T13:29:33.699965,loans.csv,0,ON TIME
5385,1004,133,2022-08-22,2022-09-05,2022-08-25,2026-08-12T13:29:33.699965,loans.csv,0,ON TIME
839,54,1,2023-02-15,2023-03-01,2023-02-26,2026-08-12T13:29:33.699965,loans.csv,0,ON TIME
8253,2696,8,2024-03-03,2024-03-24,,2026-08-12T13:29:33.699965,loans.csv,871,CRITICAL
7755,2713,5,2021-04-16,2021-04-30,2021-05-24,2026-08-12T13:29:33.699965,loans.csv,24,SEVERE
6880,2268,1,2024-08-30,2024-09-13,2024-08-31,2026-08-12T13:29:33.699965,loans.csv,0,ON TIME
6833,1940,1,2024-08-23,2024-09-06,2024-09-13,2026-08-12T13:29:33.699965,loans.csv,7,MILD
2843,2165,11,2024-08-14,2024-08-28,2024-08-26,2026-08-12T13:29:33.699965,loans.csv,0,ON TIME
5967,549,1,2024-12-09,2024-12-23,2025-01-12,2026-08-12T13:29:33.699965,loans.csv,20,SEVERE
8090,2139,5,2024-06-29,2024-07-13,2024-07-05,2026-08-12T13:29:33.699965,loans.csv,0,ON TIME
1797,1207,1,2023-02-20,2023-03-06,2023-03-03,2026-08-12T13:29:33.699965,loans.csv,0,ON TIME
1143,1146,2,2021-01-01,2021-01-15,,2026-08-12T13:29:33.699965,loans.csv,2035,CRITICAL
5914,1085,1,2023-10-10,2023-10-24,2023-10-30,2026-08-12T13:29:33.699965,loans.csv,6,MILD
3463,2299,3,2023-09-01,2023-09-15,2023-09-14,2026-08-12T13:29:33.699965,loans.csv,0,ON TIME
4480,1356,3,2020-01-16,2020-01-30,2020-01-20,2026-08-12T13:29:33.699965,loans.csv,0,ON TIME
287,2789,5,2020-06-05,2020-06-19,,2026-08-12T13:29:33.699965,loans.csv,2245,CRITICAL
3014,1563,1,2024-07-18,2024-08-01,2024-08-06,2026-08-12T13:29:33.699965,loans.csv,5,MILD
2198,1801,18,2021-08-11,2021-08-25,2021-08-19,2026-08-12T13:29:33.699965,loans.csv,0,ON TIME
5176,2123,6,2024-11-08,2024-11-22,2024-11-20,2026-08-12T13:29:33.699965,loans.csv,0,ON TIME
4374,722,4,2023-01-03,2023-01-17,2023-01-15,2026-08-12T13:29:33.699965,loans.csv,0,ON TIME
1587,1017,1,2022-12-25,2023-01-08,2022-12-28,2026-08-12T13:29:33.699965,loans.csv,0,ON TIME
4576,2643,11,2024-07-29,2024-08-12,,2026-08-12T13:29:33.699965,loans.csv,730,CRITICAL
269,1208,5,2024-10-23,2024-11-06,2024-10-30,2026-08-12T13:29:33.699965,loans.csv,0,ON TIME
8153,1748,4,2022-04-23,2022-05-07,2022-05-02,2026-08-12T13:29:33.699965,loans.csv,0,ON TIME
439,368,1,2024-02-03,2024-02-17,2024-02-08,2026-08-12T13:29:33.699965,loans.csv,0,ON TIME
2047,1567,1,2024-04-13,2024-04-27,2024-05-01,2026-08-12T13:29:33.699965,loans.csv,4,MILD
9152,890,3,2024-07-20,2024-08-03,2024-08-01,2026-08-12T13:29:33.699965,loans.csv,0,ON TIME
3621,2411,18,2021-10-27,2021-11-10,,2026-08-12T13:29:33.699965,loans.csv,1736,CRITICAL
6169,2596,1,2022-04-06,2022-04-20,,2026-08-12T13:29:33.699965,loans.csv,1575,CRITICAL
112,2169,2,2021-05-28,2021-06-11,2021-06-13,2026-08-12T13:29:33.699965,loans.csv,2,MILD
3870,2110,1,2022-08-30,2022-09-13,2022-09-12,2026-08-12T13:29:33.699965,loans.csv,0,ON TIME
5069,627,1,2021-04-04,2021-04-18,,2026-08-12T13:29:33.699965,loans.csv,1942,CRITICAL
6168,1694,1,2020-05-30,2020-06-20,2020-06-17,2026-08-12T13:29:33.699965,loans.csv,0,ON TIME
7938,588,84,2023-12-30,2024-01-13,2024-01-09,2026-08-12T13:29:33.699965,loans.csv,0,ON TIME
3929,1270,3,2020-05-18,2020-06-01,2020-05-30,2026-08-12T13:29:33.699965,loans.csv,0,ON TIME
6148,1611,1,2023-12-25,2024-01-08,2023-12-27,2026-08-12T13:29:33.699965,loans.csv,0,ON TIME
3646,2517,66,2024-12-16,2024-12-30,,2026-08-12T13:29:33.699965,loans.csv,590,CRITICAL
2512,862,1,2022-09-14,2022-09-28,2022-09-21,2026-08-12T13:29:33.699965,loans.csv,0,ON TIME
5941,638,1,2023-08-17,2023-08-31,2023-09-04,2026-08-12T13:29:33.699965,loans.csv,4,MILD
4269,591,6,2024-09-24,2024-10-08,2024-10-07,2026-08-12T13:29:33.699965,loans.csv,0,ON TIME
1,1611,6,2024-01-16,2024-02-06,2024-01-30,2026-08-12T13:29:33.699965,loans.csv,0,ON TIME
2595,234,1,2023-03-16,2023-03-30,2023-03-31,2026-08-12T13:29:33.699965,loans.csv,1,MILD
1998,760,1,2022-10-09,2022-10-23,2022-10-13,2026-08-12T13:29:33.699965,loans.csv,0,ON TIME
9398,103,2,2023-09-18,2023-10-02,2023-10-24,2026-08-12T13:29:33.699965,loans.csv,22,SEVERE
6996,2552,1,2021-10-13,2021-10-27,2021-11-03,2026-08-12T13:29:33.699965,loans.csv,7,MILD
8613,182,1,2023-10-04,2023-10-18,2023-10-19,2026-08-12T13:29:33.699965,loans.csv,1,MILD
3000,2356,1,2024-08-25,2024-09-15,2024-09-04,2026-08-12T13:29:33.699965,loans.csv,0,ON TIME
2388,690,28,2021-09-08,2021-09-22,2021-09-13,2026-08-12T13:29:33.699965,loans.csv,0,ON TIME
9376,1817,1,2022-02-01,2022-02-15,2022-02-07,2026-08-12T13:29:33.699965,loans.csv,0,ON TIME
2063,467,6,2022-04-14,2022-04-28,2022-05-05,2026-08-12T13:29:33.699965,loans.csv,7,MILD
2126,1899,7,2022-10-28,2022-11-11,2022-10-30,2026-08-12T13:29:33.699965,loans.csv,0,ON TIME
2082,475,2,2023-08-10,2023-08-24,2023-08-31,2026-08-12T13:29:33.699965,loans.csv,7,MILD
6509,437,1,2024-09-12,2024-09-26,2024-09-29,2026-08-12T13:29:33.699965,loans.csv,3,MILD
3454,485,1,2024-09-11,2024-09-25,2024-09-14,2026-08-12T13:29:33.699965,loans.csv,0,ON TIME
6865,586,8,2021-08-13,2021-08-27,2021-09-01,2026-08-12T13:29:33.699965,loans.csv,5,MILD
2796,928,1,2024-05-02,2024-05-23,2024-05-24,2026-08-12T13:29:33.699965,loans.csv,1,MILD
779,1661,1,2024-07-15,2024-07-29,2024-07-19,2026-08-12T13:29:33.699965,loans.csv,0,ON TIME
438,2672,2,2023-07-07,2023-07-21,2023-07-28,2026-08-12T13:29:33.699965,loans.csv,7,MILD
4114,983,3,2023-10-15,2023-10-29,,2026-08-12T13:29:33.699965,loans.csv,1018,CRITICAL
6396,862,1,2024-07-20,2024-08-03,2024-07-31,2026-08-12T13:29:33.699965,loans.csv,0,ON TIME
3225,1216,2,2024-01-28,2024-02-11,,2026-08-12T13:29:33.699965,loans.csv,913,CRITICAL
4379,1475,2,2024-11-01,2024-11-15,,2026-08-12T13:29:33.699965,loans.csv,635,CRITICAL
1036,1494,1,2024-11-24,2024-12-08,2025-01-03,2026-08-12T13:29:33.699965,loans.csv,26,SEVERE
6255,217,1,2024-01-05,2024-01-19,,2026-08-12T13:29:33.699965,loans.csv,936,CRITICAL
5187,1147,1,2023-10-27,2023-11-10,2023-11-08,2026-08-12T13:29:33.699965,loans.csv,0,ON TIME
1511,2199,15,2023-01-16,2023-01-30,2023-01-30,2026-08-12T13:29:33.699965,loans.csv,0,ON TIME
5287,2208,1,2021-04-12,2021-04-26,2021-04-17,2026-08-12T13:29:33.699965,loans.csv,0,ON TIME
873,2550,1,2023-09-29,2023-10-13,2023-10-13,2026-08-12T13:29:33.699965,loans.csv,0,ON TIME
1155,1306,5,2024-02-01,2024-02-15,2024-02-26,2026-08-12T13:29:33.699965,loans.csv,11,SEVERE
8477,975,1,2024-07-26,2024-08-09,,2026-08-12T13:29:33.699965,loans.csv,733,CRITICAL
375,1788,46,2020-11-05,2020-11-19,,2026-08-12T13:29:33.699965,loans.csv,2092,CRITICAL
3289,2624,1,2023-04-10,2023-04-24,2023-04-27,2026-08-12T13:29:33.699965,loans.csv,3,MILD
7190,1418,41,2022-05-01,2022-05-15,2022-05-07,2026-08-12T13:29:33.699965,loans.csv,0,ON TIME
6536,2061,1,2024-08-21,2024-09-11,2024-09-10,2026-08-12T13:29:33.699965,loans.csv,0,ON TIME
155,1743,1,2021-09-04,2021-09-25,2021-09-26,2026-08-12T13:29:33.699965,loans.csv,1,MILD
4122,605,1,2024-03-31,2024-04-21,2024-04-23,2026-08-12T13:29:33.699965,loans.csv,2,MILD
1867,1025,1,2020-10-24,2020-11-07,2020-11-12,2026-08-12T13:29:33.699965,loans.csv,5,MILD
5518,1923,6,2024-01-02,2024-01-16,2024-01-04,2026-08-12T13:29:33.699965,loans.csv,0,ON TIME
874,2723,1,2023-01-15,2023-01-29,2023-01-28,2026-08-12T13:29:33.699965,loans.csv,0,ON TIME
6898,494,1,2024-09-13,2024-09-27,2024-10-27,2026-08-12T13:29:33.699965,loans.csv,30,SEVERE
5930,1210,42,2020-08-31,2020-09-14,2020-09-17,2026-08-12T13:29:33.699965,loans.csv,3,MILD
4470,2304,1,2022-05-04,2022-05-18,2022-06-06,2026-08-12T13:29:33.699965,loans.csv,19,SEVERE
6375,17,1,2022-06-23,2022-07-07,2022-07-05,2026-08-12T13:29:33.699965,loans.csv,0,ON TIME
8427,24,4,2024-04-25,2024-05-09,2024-05-03,2026-08-12T13:29:33.699965,loans.csv,0,ON TIME
5749,556,3,2023-10-10,2023-10-24,,2026-08-12T13:29:33.699965,loans.csv,1023,CRITICAL
5678,1099,64,2024-08-08,2024-08-22,2024-08-15,2026-08-12T13:29:33.699965,loans.csv,0,ON TIME
8594,924,35,2022-08-10,2022-08-24,2022-08-13,2026-08-12T13:29:33.699965,loans.csv,0,ON TIME
6164,435,13,2024-09-14,2024-09-28,2024-09-23,2026-08-12T13:29:33.699965,loans.csv,0,ON TIME
6044,2278,2,2024-12-20,2025-01-03,,2026-08-12T13:29:33.699965,loans.csv,586,CRITICAL
9378,1129,15,2023-08-11,2023-08-25,2023-08-18,2026-08-12T13:29:33.699965,loans.csv,0,ON TIME
7959,452,1,2022-11-02,2022-11-16,2022-11-12,2026-08-12T13:29:33.699965,loans.csv,0,ON TIME
2958,708,1,2022-11-19,2022-12-03,2022-11-27,2026-08-12T13:29:33.699965,loans.csv,0,ON TIME
5939,711,76,2024-07-14,2024-07-28,2024-07-17,2026-08-12T13:29:33.699965,loans.csv,0,ON TIME
126,2199,1,2023-03-16,2023-03-30,2023-03-22,2026-08-12T13:29:33.699965,loans.csv,0,ON TIME
1387,1845,30,2023-02-01,2023-02-22,2023-03-12,2026-08-12T13:29:33.699965,loans.csv,18,SEVERE
209,1501,1,2024-03-08,2024-03-22,2024-03-15,2026-08-12T13:29:33.699965,loans.csv,0,ON TIME
6859,683,12,2022-05-12,2022-05-26,2022-05-16,2026-08-12T13:29:33.699965,loans.csv,0,ON TIME
965,814,25,2020-08-28,2020-09-11,2020-09-18,2026-08-12T13:29:33.699965,loans.csv,7,MILD
4664,1452,2,2024-05-06,2024-05-20,2024-05-12,2026-08-12T13:29:33.699965,loans.csv,0,ON TIME
9330,1835,1,2024-01-28,2024-02-11,2024-02-12,2026-08-12T13:29:33.699965,loans.csv,1,MILD
8296,807,12,2023-04-08,2023-04-22,2023-04-30,2026-08-12T13:29:33.699965,loans.csv,8,SEVERE
1822,2568,2,2024-09-07,2024-09-21,2024-09-20,2026-08-12T13:29:33.699965,loans.csv,0,ON TIME
8237,1673,3,2021-07-19,2021-08-02,2021-07-21,2026-08-12T13:29:33.699965,loans.csv,0,ON TIME
9513,2592,4,2024-08-24,2024-09-07,,2026-08-12T13:29:33.699965,loans.csv,704,CRITICAL
9344,2139,28,2024-05-21,2024-06-04,2024-06-09,2026-08-12T13:29:33.699965,loans.csv,5,MILD
859,1666,5,2024-10-27,2024-11-10,2024-11-15,2026-08-12T13:29:33.699965,loans.csv,5,MILD
2445,1048,32,2024-11-18,2024-12-02,2024-12-02,2026-08-12T13:29:33.699965,loans.csv,0,ON TIME
6949,1007,30,2021-04-27,2021-05-11,2021-06-06,2026-08-12T13:29:33.699965,loans.csv,26,SEVERE
1366,2711,9,2023-01-29,2023-02-12,2023-02-01,2026-08-12T13:29:33.699965,loans.csv,0,ON TIME
7335,398,1,2023-06-23,2023-07-07,2023-06-26,2026-08-12T13:29:33.699965,loans.csv,0,ON TIME
3449,629,1,2021-08-02,2021-08-16,2021-08-17,2026-08-12T13:29:33.699965,loans.csv,1,MILD
3183,57,1,2023-03-29,2023-04-19,,2026-08-12T13:29:33.699965,loans.csv,1211,CRITICAL
6340,1692,1,2023-09-26,2023-10-10,2023-10-06,2026-08-12T13:29:33.699965,loans.csv,0,ON TIME
8875,2421,7,2023-08-03,2023-08-17,,2026-08-12T13:29:33.699965,loans.csv,1091,CRITICAL
9417,416,16,2024-11-26,2024-12-10,2024-12-13,2026-08-12T13:29:33.699965,loans.csv,3,MILD
2649,1227,2,2022-09-21,2022-10-12,,2026-08-12T13:29:33.699965,loans.csv,1400,CRITICAL
1792,2088,3,2024-04-26,2024-05-10,2024-05-17,2026-08-12T13:29:33.699965,loans.csv,7,MILD
8764,1048,1,2024-10-19,2024-11-09,2024-11-16,2026-08-12T13:29:33.699965,loans.csv,7,MILD
8412,1094,1,2021-03-17,2021-04-07,2021-04-09,2026-08-12T13:29:33.699965,loans.csv,2,MILD
6174,1522,1,2022-10-03,2022-10-17,2022-10-06,2026-08-12T13:29:33.699965,loans.csv,0,ON TIME
8529,838,142,2022-03-14,2022-04-04,2022-04-08,2026-08-12T13:29:33.699965,loans.csv,4,MILD
2667,2462,91,2024-12-13,2024-12-27,,2026-08-12T13:29:33.699965,loans.csv,593,CRITICAL
4375,1809,3,2024-04-15,2024-04-29,2024-04-22,2026-08-12T13:29:33.699965,loans.csv,0,ON TIME
6470,1358,1,2022-05-18,2022-06-01,2022-05-23,2026-08-12T13:29:33.699965,loans.csv,0,ON TIME
7823,2614,1,2024-07-08,2024-07-29,2024-07-13,2026-08-12T13:29:33.699965,loans.csv,0,ON TIME
1745,854,1,2024-06-03,2024-06-17,2024-06-18,2026-08-12T13:29:33.699965,loans.csv,1,MILD
6242,621,1,2023-06-21,2023-07-05,2023-08-02,2026-08-12T13:29:33.699965,loans.csv,28,SEVERE
1260,1198,1,2024-04-20,2024-05-04,2024-04-28,2026-08-12T13:29:33.699965,loans.csv,0,ON TIME
778,1553,1,2023-03-13,2023-03-27,2023-03-20,2026-08-12T13:29:33.699965,loans.csv,0,ON TIME
2859,91,1,2024-12-22,2025-01-05,,2026-08-12T13:29:33.699965,loans.csv,584,CRITICAL
1527,1932,5,2023-07-16,2023-07-30,2023-07-17,2026-08-12T13:29:33.699965,loans.csv,0,ON TIME
6709,2727,3,2024-08-25,2024-09-08,2024-09-02,2026-08-12T13:29:33.699965,loans.csv,0,ON TIME
2785,2131,3,2024-06-23,2024-07-07,2024-07-03,2026-08-12T13:29:33.699965,loans.csv,0,ON TIME
5724,667,1,2024-06-12,2024-06-26,2024-06-26,2026-08-12T13:29:33.699965,loans.csv,0,ON TIME
3725,2596,4,2023-12-14,2023-12-28,2023-12-28,2026-08-12T13:29:33.699965,loans.csv,0,ON TIME
5017,432,7,2024-09-22,2024-10-06,2024-09-30,2026-08-12T13:29:33.699965,loans.csv,0,ON TIME
3726,1124,1,2024-10-21,2024-11-04,2024-11-03,2026-08-12T13:29:33.699965,loans.csv,0,ON TIME
5203,2360,10,2024-12-17,2024-12-31,,2026-08-12T13:29:33.699965,loans.csv,589,CRITICAL
5920,2011,1,2022-01-19,2022-02-02,2022-01-21,2026-08-12T13:29:33.699965,loans.csv,0,ON TIME
2243,401,1,2022-12-04,2022-12-18,2022-12-13,2026-08-12T13:29:33.699965,loans.csv,0,ON TIME
8658,1734,1,2024-06-28,2024-07-12,2024-07-03,2026-08-12T13:29:33.699965,loans.csv,0,ON TIME
9279,981,5,2024-05-08,2024-05-22,2024-05-21,2026-08-12T13:29:33.699965,loans.csv,0,ON TIME
109,38,1,2023-12-03,2023-12-17,2023-12-14,2026-08-12T13:29:33.699965,loans.csv,0,ON TIME
1886,2746,5,2023-03-13,2023-03-27,2023-03-28,2026-08-12T13:29:33.699965,loans.csv,1,MILD
2602,716,1,2021-12-01,2021-12-15,2021-12-02,2026-08-12T13:29:33.699965,loans.csv,0,ON TIME
2452,1998,1,2024-02-09,2024-03-01,2024-02-21,2026-08-12T13:29:33.699965,loans.csv,0,ON TIME
9470,838,1,2024-10-19,2024-11-02,2024-11-03,2026-08-12T13:29:33.699965,loans.csv,1,MILD
393,1103,3,2021-06-24,2021-07-08,2021-07-01,2026-08-12T13:29:33.699965,loans.csv,0,ON TIME
2298,1928,71,2022-09-21,2022-10-05,2022-10-05,2026-08-12T13:29:33.699965,loans.csv,0,ON TIME
6565,459,2,2024-07-23,2024-08-06,2024-08-04,2026-08-12T13:29:33.699965,loans.csv,0,ON TIME
8781,1422,1,2022-12-08,2022-12-22,2022-12-27,2026-08-12T13:29:33.699965,loans.csv,5,MILD
5222,353,1,2023-11-13,2023-11-27,,2026-08-12T13:29:33.699965,loans.csv,989,CRITICAL
2611,1796,7,2022-08-09,2022-08-23,2022-08-20,2026-08-12T13:29:33.699965,loans.csv,0,ON TIME
8114,2598,1,2024-05-27,2024-06-17,2024-06-12,2026-08-12T13:29:33.699965,loans.csv,0,ON TIME
2154,2545,116,2022-08-01,2022-08-15,2022-08-03,2026-08-12T13:29:33.699965,loans.csv,0,ON TIME
2392,2061,2,2024-03-30,2024-04-13,2024-04-11,2026-08-12T13:29:33.699965,loans.csv,0,ON TIME
8020,86,2,2023-11-08,2023-11-22,2023-11-27,2026-08-12T13:29:33.699965,loans.csv,5,MILD
81,115,3,2023-02-02,2023-02-16,,2026-08-12T13:29:33.699965,loans.csv,1273,CRITICAL
7949,2414,14,2024-02-21,2024-03-06,2024-02-27,2026-08-12T13:29:33.699965,loans.csv,0,ON TIME
1464,1180,59,2024-08-01,2024-08-15,2024-08-16,2026-08-12T13:29:33.699965,loans.csv,1,MILD
8489,2123,11,2023-12-27,2024-01-10,,2026-08-12T13:29:33.699965,loans.csv,945,CRITICAL
1541,390,1,2024-12-04,2024-12-18,2024-12-20,2026-08-12T13:29:33.699965,loans.csv,2,MILD
3746,2465,1,2022-06-19,2022-07-03,,2026-08-12T13:29:33.699965,loans.csv,1501,CRITICAL
1935,2171,1,2024-10-02,2024-10-16,2024-10-05,2026-08-12T13:29:33.699965,loans.csv,0,ON TIME
6546,6,6,2020-03-22,2020-04-05,2020-04-04,2026-08-12T13:29:33.699965,loans.csv,0,ON TIME
4017,1896,19,2024-01-09,2024-01-23,2024-01-15,2026-08-12T13:29:33.699965,loans.csv,0,ON TIME
2557,672,3,2023-10-27,2023-11-10,2023-11-13,2026-08-12T13:29:33.699965,loans.csv,3,MILD
7163,1021,1,2024-10-24,2024-11-07,2024-11-10,2026-08-12T13:29:33.699965,loans.csv,3,MILD
8409,403,156,2023-12-29,2024-01-12,2024-01-06,2026-08-12T13:29:33.699965,loans.csv,0,ON TIME
8978,2235,1,2024-06-11,2024-06-25,2024-06-17,2026-08-12T13:29:33.699965,loans.csv,0,ON TIME
6544,731,1,2021-12-07,2021-12-21,2021-12-22,2026-08-12T13:29:33.699965,loans.csv,1,MILD
5864,691,1,2021-08-14,2021-08-28,2021-08-15,2026-08-12T13:29:33.699965,loans.csv,0,ON TIME
6075,560,26,2024-11-21,2024-12-05,2024-11-23,2026-08-12T13:29:33.699965,loans.csv,0,ON TIME
5210,2046,1,2021-08-06,2021-08-20,2021-08-11,2026-08-12T13:29:33.699965,loans.csv,0,ON TIME
686,2084,1,2022-07-10,2022-07-24,2022-07-15,2026-08-12T13:29:33.699965,loans.csv,0,ON TIME
2175,623,2,2024-03-02,2024-03-16,2024-03-10,2026-08-12T13:29:33.699965,loans.csv,0,ON TIME
8214,1862,5,2022-05-25,2022-06-08,2022-06-03,2026-08-12T13:29:33.699965,loans.csv,0,ON TIME
9027,2626,1,2023-09-12,2023-09-26,2023-09-15,2026-08-12T13:29:33.699965,loans.csv,0,ON TIME
3248,1652,33,2024-03-11,2024-04-01,,2026-08-12T13:29:33.699965,loans.csv,863,CRITICAL
9053,2749,1,2024-02-07,2024-02-21,2024-02-20,2026-08-12T13:29:33.699965,loans.csv,0,ON TIME
7464,2082,10,2024-12-11,2024-12-25,,2026-08-12T13:29:33.699965,loans.csv,595,CRITICAL
4935,636,4,2023-09-30,2023-10-14,2023-10-03,2026-08-12T13:29:33.699965,loans.csv,0,ON TIME
7052,128,1,2023-05-24,2023-06-07,2023-06-04,2026-08-12T13:29:33.699965,loans.csv,0,ON TIME
7700,788,1,2023-11-14,2023-11-28,,2026-08-12T13:29:33.699965,loans.csv,988,CRITICAL
1360,4,1,2021-08-31,2021-09-14,2021-09-19,2026-08-12T13:29:33.699965,loans.csv,5,MILD
1696,2783,1,2024-11-14,2024-11-28,2024-11-16,2026-08-12T13:29:33.699965,loans.csv,0,ON TIME
3875,560,5,2024-05-28,2024-06-11,2024-06-05,2026-08-12T13:29:33.699965,loans.csv,0,ON TIME
6090,1376,149,2021-01-21,2021-02-04,2021-02-08,2026-08-12T13:29:33.699965,loans.csv,4,MILD
3351,2112,6,2024-07-27,2024-08-10,2024-07-30,2026-08-12T13:29:33.699965,loans.csv,0,ON TIME
797,1803,1,2024-07-13,2024-07-27,,2026-08-12T13:29:33.699965,loans.csv,746,CRITICAL
3133,423,1,2023-04-19,2023-05-03,2023-05-08,2026-08-12T13:29:33.699965,loans.csv,5,MILD
4487,2011,40,2022-04-21,2022-05-05,2022-04-29,2026-08-12T13:29:33.699965,loans.csv,0,ON TIME
82,2055,4,2022-11-09,2022-11-23,2022-11-17,2026-08-12T13:29:33.699965,loans.csv,0,ON TIME
1680,1048,1,2024-11-19,2024-12-03,2024-12-10,2026-08-12T13:29:33.699965,loans.csv,7,MILD
5650,848,2,2024-01-20,2024-02-03,2024-01-25,2026-08-12T13:29:33.699965,loans.csv,0,ON TIME
9064,2326,2,2024-10-18,2024-11-01,2024-10-20,2026-08-12T13:29:33.699965,loans.csv,0,ON TIME
9091,2018,3,2024-11-04,2024-11-18,2024-11-25,2026-08-12T13:29:33.699965,loans.csv,7,MILD
5913,1475,6,2022-02-15,2022-03-01,2022-03-03,2026-08-12T13:29:33.699965,loans.csv,2,MILD
4958,1116,2,2023-12-14,2024-01-04,2023-12-26,2026-08-12T13:29:33.699965,loans.csv,0,ON TIME
1824,2110,2,2022-12-13,2022-12-27,,2026-08-12T13:29:33.699965,loans.csv,1324,CRITICAL
8703,2468,2,2024-11-07,2024-11-21,2024-11-12,2026-08-12T13:29:33.699965,loans.csv,0,ON TIME
8609,2535,3,2024-12-16,2024-12-30,,2026-08-12T13:29:33.699965,loans.csv,590,CRITICAL
4135,22,1,2024-02-06,2024-02-20,,2026-08-12T13:29:33.699965,loans.csv,904,CRITICAL
2728,2725,2,2021-03-27,2021-04-10,2021-04-21,2026-08-12T13:29:33.699965,loans.csv,11,SEVERE
2844,370,2,2023-10-25,2023-11-08,2023-10-31,2026-08-12T13:29:33.699965,loans.csv,0,ON TIME
9042,2250,1,2024-02-15,2024-02-29,2024-03-03,2026-08-12T13:29:33.699965,loans.csv,3,MILD
6200,2398,1,2022-04-11,2022-04-25,2022-04-17,2026-08-12T13:29:33.699965,loans.csv,0,ON TIME
1456,398,7,2023-09-12,2023-09-26,2023-09-16,2026-08-12T13:29:33.699965,loans.csv,0,ON TIME
8078,1368,1,2024-11-30,2024-12-14,2025-01-07,2026-08-12T13:29:33.699965,loans.csv,24,SEVERE
4853,371,15,2023-01-02,2023-01-16,2023-01-14,2026-08-12T13:29:33.699965,loans.csv,0,ON TIME
7592,1067,2,2024-11-05,2024-11-19,2024-11-15,2026-08-12T13:29:33.699965,loans.csv,0,ON TIME
1861,2797,1,2023-04-22,2023-05-06,2023-05-04,2026-08-12T13:29:33.699965,loans.csv,0,ON TIME
1772,690,1,2023-06-05,2023-06-19,2023-06-07,2026-08-12T13:29:33.699965,loans.csv,0,ON TIME
2781,760,8,2024-04-13,2024-04-27,2024-05-30,2026-08-12T13:29:33.699965,loans.csv,33,CRITICAL
7958,1373,11,2020-10-25,2020-11-08,2020-11-09,2026-08-12T13:29:33.699965,loans.csv,1,MILD
6285,642,1,2024-07-11,2024-07-25,2024-07-29,2026-08-12T13:29:33.699965,loans.csv,4,MILD
6632,1778,1,2024-09-08,2024-09-22,2024-09-14,2026-08-12T13:29:33.699965,loans.csv,0,ON TIME
6014,746,151,2024-06-01,2024-06-22,2024-07-20,2026-08-12T13:29:33.699965,loans.csv,28,SEVERE
5609,794,16,2023-07-26,2023-08-09,2023-08-16,2026-08-12T13:29:33.699965,loans.csv,7,MILD
1759,2583,1,2023-10-05,2023-10-19,2023-10-22,2026-08-12T13:29:33.699965,loans.csv,3,MILD
9037,2548,1,2024-08-23,2024-09-06,2024-09-11,2026-08-12T13:29:33.699965,loans.csv,5,MILD
5841,879,19,2024-01-22,2024-02-05,2024-02-05,2026-08-12T13:29:33.699965,loans.csv,0,ON TIME
7599,117,4,2022-12-05,2022-12-19,2022-12-20,2026-08-12T13:29:33.699965,loans.csv,1,MILD
696,1104,5,2024-12-04,2024-12-18,2024-12-08,2026-08-12T13:29:33.699965,loans.csv,0,ON TIME
1284,1223,1,2024-09-12,2024-09-26,2024-09-15,2026-08-12T13:29:33.699965,loans.csv,0,ON TIME
4430,1988,6,2024-12-25,2025-01-08,,2026-08-12T13:29:33.699965,loans.csv,581,CRITICAL
6176,1717,1,2024-06-11,2024-06-25,2024-06-24,2026-08-12T13:29:33.699965,loans.csv,0,ON TIME
8998,411,101,2024-11-21,2024-12-05,2024-11-29,2026-08-12T13:29:33.699965,loans.csv,0,ON TIME
4880,599,2,2022-05-30,2022-06-13,2022-06-04,2026-08-12T13:29:33.699965,loans.csv,0,ON TIME
5024,2770,1,2023-09-07,2023-09-21,2023-09-15,2026-08-12T13:29:33.699965,loans.csv,0,ON TIME
3868,2325,1,2024-11-28,2024-12-19,,2026-08-12T13:29:33.699965,loans.csv,601,CRITICAL
2259,2115,1,2024-07-05,2024-07-19,2024-07-18,2026-08-12T13:29:33.699965,loans.csv,0,ON TIME
3945,1421,13,2021-01-06,2021-01-20,,2026-08-12T13:29:33.699965,loans.csv,2030,CRITICAL
3341,1692,22,2023-05-23,2023-06-06,2023-06-08,2026-08-12T13:29:33.699965,loans.csv,2,MILD
367,2599,2,2022-04-17,2022-05-01,2022-04-28,2026-08-12T13:29:33.699965,loans.csv,0,ON TIME
2250,2266,100,2024-10-10,2024-10-24,2024-10-23,2026-08-12T13:29:33.699965,loans.csv,0,ON TIME
2861,66,1,2023-08-25,2023-09-08,2023-09-03,2026-08-12T13:29:33.699965,loans.csv,0,ON TIME
2614,909,2,2024-12-12,2024-12-26,,2026-08-12T13:29:33.699965,loans.csv,594,CRITICAL
5376,2783,1,2024-12-15,2024-12-29,,2026-08-12T13:29:33.699965,loans.csv,591,CRITICAL
1909,1296,1,2024-07-10,2024-07-31,2024-07-12,2026-08-12T13:29:33.699965,loans.csv,0,ON TIME
9429,2779,9,2023-07-14,2023-07-28,2023-07-28,2026-08-12T13:29:33.699965,loans.csv,0,ON TIME
3767,148,1,2022-07-07,2022-07-21,2022-07-20,2026-08-12T13:29:33.699965,loans.csv,0,ON TIME
4060,2036,1,2024-10-21,2024-11-04,,2026-08-12T13:29:33.699965,loans.csv,646,CRITICAL
2052,1543,5,2024-12-13,2024-12-27,,2026-08-12T13:29:33.699965,loans.csv,593,CRITICAL
1046,328,15,2024-11-24,2024-12-08,2024-11-28,2026-08-12T13:29:33.699965,loans.csv,0,ON TIME
9407,1824,4,2024-03-20,2024-04-03,2024-03-30,2026-08-12T13:29:33.699965,loans.csv,0,ON TIME
7331,1993,3,2023-05-10,2023-05-31,,2026-08-12T13:29:33.699965,loans.csv,1169,CRITICAL
3240,563,2,2023-10-05,2023-10-19,2023-10-19,2026-08-12T13:29:33.699965,loans.csv,0,ON TIME
1568,1766,1,2024-01-24,2024-02-07,2024-03-05,2026-08-12T13:29:33.699965,loans.csv,27,SEVERE
5100,108,5,2023-02-15,2023-03-01,2023-02-24,2026-08-12T13:29:33.699965,loans.csv,0,ON TIME
6858,901,1,2021-11-29,2021-12-13,2021-12-11,2026-08-12T13:29:33.699965,loans.csv,0,ON TIME
7067,1854,11,2024-02-20,2024-03-05,,2026-08-12T13:29:33.699965,loans.csv,890,CRITICAL
2986,1631,1,2022-06-10,2022-06-24,2022-06-16,2026-08-12T13:29:33.699965,loans.csv,0,ON TIME
2886,1233,2,2022-01-16,2022-01-30,2022-01-28,2026-08-12T13:29:33.699965,loans.csv,0,ON TIME
4511,410,1,2023-06-06,2023-06-20,2023-06-16,2026-08-12T13:29:33.699965,loans.csv,0,ON TIME
4228,1936,9,2021-06-06,2021-06-20,2021-06-07,2026-08-12T13:29:33.699965,loans.csv,0,ON TIME
9296,1450,3,2023-03-16,2023-03-30,2023-03-29,2026-08-12T13:29:33.699965,loans.csv,0,ON TIME
6484,191,2,2020-01-28,2020-02-11,2020-02-10,2026-08-12T13:29:33.699965,loans.csv,0,ON TIME
882,342,172,2023-12-30,2024-01-13,2024-01-14,2026-08-12T13:29:33.699965,loans.csv,1,MILD
8746,1563,1,2024-09-11,2024-09-25,2024-09-12,2026-08-12T13:29:33.699965,loans.csv,0,ON TIME
8118,2639,1,2024-02-06,2024-02-20,2024-03-03,2026-08-12T13:29:33.699965,loans.csv,12,SEVERE
4564,599,106,2024-04-21,2024-05-05,2024-04-23,2026-08-12T13:29:33.699965,loans.csv,0,ON TIME
3816,298,1,2022-06-30,2022-07-14,,2026-08-12T13:29:33.699965,loans.csv,1490,CRITICAL
6013,994,6,2022-03-27,2022-04-10,2022-04-15,2026-08-12T13:29:33.699965,loans.csv,5,MILD
8623,549,1,2024-09-26,2024-10-10,,2026-08-12T13:29:33.699965,loans.csv,671,CRITICAL
6729,1962,2,2024-09-24,2024-10-08,2024-09-30,2026-08-12T13:29:33.699965,loans.csv,0,ON TIME
56,2075,3,2021-01-09,2021-01-23,2021-01-11,2026-08-12T13:29:33.699965,loans.csv,0,ON TIME
6268,1364,2,2024-11-11,2024-11-25,2024-11-17,2026-08-12T13:29:33.699965,loans.csv,0,ON TIME
6277,1364,1,2024-11-26,2024-12-10,2024-12-05,2026-08-12T13:29:33.699965,loans.csv,0,ON TIME
8937,1345,1,2024-04-08,2024-04-22,2024-04-11,2026-08-12T13:29:33.699965,loans.csv,0,ON TIME
3563,774,2,2024-08-13,2024-08-27,,2026-08-12T13:29:33.699965,loans.csv,715,CRITICAL
159,1071,1,2024-07-27,2024-08-10,2024-08-01,2026-08-12T13:29:33.699965,loans.csv,0,ON TIME
166,674,1,2024-10-30,2024-11-13,2024-11-19,2026-08-12T13:29:33.699965,loans.csv,6,MILD
2983,444,1,2023-09-17,2023-10-01,2023-10-01,2026-08-12T13:29:33.699965,loans.csv,0,ON TIME
8979,805,28,2022-12-16,2022-12-30,2022-12-27,2026-08-12T13:29:33.699965,loans.csv,0,ON TIME
581,96,18,2023-04-13,2023-04-27,2023-04-29,2026-08-12T13:29:33.699965,loans.csv,2,MILD
6835,270,3,2021-07-31,2021-08-14,2021-08-10,2026-08-12T13:29:33.699965,loans.csv,0,ON TIME
5321,2469,1,2023-12-22,2024-01-12,2024-01-01,2026-08-12T13:29:33.699965,loans.csv,0,ON TIME
2867,937,2,2023-02-08,2023-02-22,2023-02-17,2026-08-12T13:29:33.699965,loans.csv,0,ON TIME
5459,2266,1,2024-09-08,2024-09-22,2024-09-15,2026-08-12T13:29:33.699965,loans.csv,0,ON TIME
7368,1993,8,2023-08-29,2023-09-12,2023-08-31,2026-08-12T13:29:33.699965,loans.csv,0,ON TIME
3684,2311,4,2024-10-26,2024-11-09,2024-11-13,2026-08-12T13:29:33.699965,loans.csv,4,MILD
1606,1936,1,2020-02-19,2020-03-04,2020-02-27,2026-08-12T13:29:33.699965,loans.csv,0,ON TIME
4241,972,3,2023-09-06,2023-09-27,,2026-08-12T13:29:33.699965,loans.csv,1050,CRITICAL
1943,421,1,2024-10-03,2024-10-17,2024-10-14,2026-08-12T13:29:33.699965,loans.csv,0,ON TIME
235,929,1,2024-06-02,2024-06-16,2024-06-19,2026-08-12T13:29:33.699965,loans.csv,3,MILD
4929,838,1,2021-06-25,2021-07-09,2021-06-26,2026-08-12T13:29:33.699965,loans.csv,0,ON TIME
5655,375,7,2024-07-12,2024-07-26,2024-07-22,2026-08-12T13:29:33.699965,loans.csv,0,ON TIME
566,2508,9,2023-10-20,2023-11-03,,2026-08-12T13:29:33.699965,loans.csv,1013,CRITICAL
2339,2260,1,2021-02-27,2021-03-13,,2026-08-12T13:29:33.699965,loans.csv,1978,CRITICAL
7015,2041,11,2023-12-23,2024-01-06,2023-12-31,2026-08-12T13:29:33.699965,loans.csv,0,ON TIME
6619,1416,2,2024-05-27,2024-06-10,2024-06-02,2026-08-12T13:29:33.699965,loans.csv,0,ON TIME
2161,994,6,2023-02-20,2023-03-06,2023-03-06,2026-08-12T13:29:33.699965,loans.csv,0,ON TIME
9166,452,1,2023-06-30,2023-07-14,2023-07-02,2026-08-12T13:29:33.699965,loans.csv,0,ON TIME
924,559,5,2021-10-15,2021-10-29,,2026-08-12T13:29:33.699965,loans.csv,1748,CRITICAL
2590,2398,1,2023-06-05,2023-06-19,2023-06-24,2026-08-12T13:29:33.699965,loans.csv,5,MILD
2006,1299,6,2023-09-03,2023-09-17,2023-09-11,2026-08-12T13:29:33.699965,loans.csv,0,ON TIME
6301,1364,3,2024-11-10,2024-11-24,2024-11-26,2026-08-12T13:29:33.699965,loans.csv,2,MILD
8576,1463,37,2024-04-17,2024-05-01,,2026-08-12T13:29:33.699965,loans.csv,833,CRITICAL
4899,2709,2,2024-12-17,2024-12-31,,2026-08-12T13:29:33.699965,loans.csv,589,CRITICAL
1429,1205,10,2023-03-09,2023-03-23,2023-03-23,2026-08-12T13:29:33.699965,loans.csv,0,ON TIME
5560,1386,1,2024-10-18,2024-11-01,2024-10-29,2026-08-12T13:29:33.699965,loans.csv,0,ON TIME
5900,714,1,2024-12-23,2025-01-06,,2026-08-12T13:29:33.699965,loans.csv,583,CRITICAL
6711,2775,2,2023-02-20,2023-03-06,2023-03-11,2026-08-12T13:29:33.699965,loans.csv,5,MILD
5699,2610,1,2022-11-08,2022-11-22,2022-11-21,2026-08-12T13:29:33.699965,loans.csv,0,ON TIME
6422,674,2,2023-06-16,2023-06-30,2023-06-23,2026-08-12T13:29:33.699965,loans.csv,0,ON TIME
6673,2075,9,2020-05-16,2020-06-06,2020-06-04,2026-08-12T13:29:33.699965,loans.csv,0,ON TIME
8582,572,2,2023-03-25,2023-04-08,,2026-08-12T13:29:33.699965,loans.csv,1222,CRITICAL
7184,511,1,2022-09-26,2022-10-17,2022-09-30,2026-08-12T13:29:33.699965,loans.csv,0,ON TIME
7849,1547,1,2024-07-05,2024-07-19,2024-07-06,2026-08-12T13:29:33.699965,loans.csv,0,ON TIME
993,693,2,2022-09-04,2022-09-18,2022-09-06,2026-08-12T13:29:33.699965,loans.csv,0,ON TIME
3677,667,3,2024-06-15,2024-07-06,2024-07-10,2026-08-12T13:29:33.699965,loans.csv,4,MILD
1618,1270,20,2024-02-28,2024-03-13,,2026-08-12T13:29:33.699965,loans.csv,882,CRITICAL
7167,2164,1,2022-11-15,2022-11-29,2022-12-05,2026-08-12T13:29:33.699965,loans.csv,6,MILD
6919,1260,5,2024-02-05,2024-02-19,2024-02-22,2026-08-12T13:29:33.699965,loans.csv,3,MILD
2192,1674,3,2023-12-25,2024-01-08,2023-12-28,2026-08-12T13:29:33.699965,loans.csv,0,ON TIME
370,1059,2,2023-12-20,2024-01-03,,2026-08-12T13:29:33.699965,loans.csv,952,CRITICAL
1129,918,3,2024-04-07,2024-04-21,,2026-08-12T13:29:33.699965,loans.csv,843,CRITICAL
8907,1864,1,2022-12-04,2022-12-18,2022-12-20,2026-08-12T13:29:33.699965,loans.csv,2,MILD
9320,285,26,2022-11-29,2022-12-13,2022-12-03,2026-08-12T13:29:33.699965,loans.csv,0,ON TIME
3207,1909,2,2023-02-02,2023-02-16,2023-02-03,2026-08-12T13:29:33.699965,loans.csv,0,ON TIME
1970,2692,3,2024-06-16,2024-06-30,2024-06-25,2026-08-12T13:29:33.699965,loans.csv,0,ON TIME
4570,103,4,2020-05-04,2020-05-18,2020-05-11,2026-08-12T13:29:33.699965,loans.csv,0,ON TIME
3179,586,3,2023-03-24,2023-04-07,2023-04-14,2026-08-12T13:29:33.699965,loans.csv,7,MILD
5138,473,1,2024-05-09,2024-05-23,2024-05-19,2026-08-12T13:29:33.699965,loans.csv,0,ON TIME
2307,615,1,2024-06-15,2024-06-29,2024-06-16,2026-08-12T13:29:33.699965,loans.csv,0,ON TIME
8987,827,2,2023-07-05,2023-07-19,2023-07-22,2026-08-12T13:29:33.699965,loans.csv,3,MILD
1440,2254,4,2021-09-29,2021-10-13,,2026-08-12T13:29:33.699965,loans.csv,1764,CRITICAL
7435,2025,17,2024-02-17,2024-03-02,2024-02-18,2026-08-12T13:29:33.699965,loans.csv,0,ON TIME
175,1130,12,2024-07-16,2024-07-30,2024-07-19,2026-08-12T13:29:33.699965,loans.csv,0,ON TIME
6644,1985,1,2022-07-11,2022-07-25,2022-07-14,2026-08-12T13:29:33.699965,loans.csv,0,ON TIME
3009,2579,9,2022-09-10,2022-10-01,2022-10-07,2026-08-12T13:29:33.699965,loans.csv,6,MILD
9136,798,21,2022-03-20,2022-04-03,2022-04-09,2026-08-12T13:29:33.699965,loans.csv,6,MILD
1815,1360,4,2024-11-09,2024-11-30,2024-11-21,2026-08-12T13:29:33.699965,loans.csv,0,ON TIME
2923,543,4,2024-08-24,2024-09-07,2024-10-07,2026-08-12T13:29:33.699965,loans.csv,30,SEVERE
2691,1929,1,2024-09-02,2024-09-16,,2026-08-12T13:29:33.699965,loans.csv,695,CRITICAL
994,2331,1,2024-06-21,2024-07-05,2024-07-02,2026-08-12T13:29:33.699965,loans.csv,0,ON TIME
5259,2331,1,2024-04-12,2024-04-26,2024-04-29,2026-08-12T13:29:33.699965,loans.csv,3,MILD
7770,2610,72,2023-06-27,2023-07-11,2023-07-03,2026-08-12T13:29:33.699965,loans.csv,0,ON TIME
2348,260,1,2022-10-23,2022-11-06,2022-11-03,2026-08-12T13:29:33.699965,loans.csv,0,ON TIME
9530,1068,2,2024-04-06,2024-04-20,2024-04-10,2026-08-12T13:29:33.699965,loans.csv,0,ON TIME
7000,2620,4,2024-04-16,2024-04-30,2024-04-26,2026-08-12T13:29:33.699965,loans.csv,0,ON TIME
8546,1561,1,2023-03-21,2023-04-04,2023-04-10,2026-08-12T13:29:33.699965,loans.csv,6,MILD
2194,1048,1,2024-11-28,2024-12-12,2024-12-04,2026-08-12T13:29:33.699965,loans.csv,0,ON TIME
1209,2508,2,2023-03-31,2023-04-14,2023-04-20,2026-08-12T13:29:33.699965,loans.csv,6,MILD
7704,127,11,2020-01-30,2020-02-20,,2026-08-12T13:29:33.699965,loans.csv,2365,CRITICAL
6302,410,1,2024-02-21,2024-03-13,2024-03-07,2026-08-12T13:29:33.699965,loans.csv,0,ON TIME
9093,1954,1,2024-05-18,2024-06-01,2024-05-19,2026-08-12T13:29:33.699965,loans.csv,0,ON TIME
2321,1523,10,2023-10-31,2023-11-14,2023-11-03,2026-08-12T13:29:33.699965,loans.csv,0,ON TIME
8833,1965,11,2022-11-10,2022-12-01,2022-11-17,2026-08-12T13:29:33.699965,loans.csv,0,ON TIME
6393,1899,2,2021-11-06,2021-11-27,2021-12-25,2026-08-12T13:29:33.699965,loans.csv,28,SEVERE
7185,848,10,2024-05-21,2024-06-04,,2026-08-12T13:29:33.699965,loans.csv,799,CRITICAL
7255,457,1,2023-02-27,2023-03-13,2023-03-09,2026-08-12T13:29:33.699965,loans.csv,0,ON TIME
2736,651,2,2021-03-10,2021-03-24,2021-03-29,2026-08-12T13:29:33.699965,loans.csv,5,MILD
2664,771,1,2022-10-31,2022-11-14,2022-11-01,2026-08-12T13:29:33.699965,loans.csv,0,ON TIME
936,1363,1,2023-04-20,2023-05-11,2023-05-01,2026-08-12T13:29:33.699965,loans.csv,0,ON TIME
7417,2633,60,2024-07-11,2024-07-25,2024-07-18,2026-08-12T13:29:33.699965,loans.csv,0,ON TIME
3256,2754,1,2024-07-20,2024-08-03,2024-08-06,2026-08-12T13:29:33.699965,loans.csv,3,MILD
4095,2070,5,2021-11-15,2021-12-06,2021-11-22,2026-08-12T13:29:33.699965,loans.csv,0,ON TIME
3729,2126,2,2023-10-12,2023-10-26,2023-10-25,2026-08-12T13:29:33.699965,loans.csv,0,ON TIME
764,2343,1,2021-02-24,2021-03-10,2021-03-13,2026-08-12T13:29:33.699965,loans.csv,3,MILD
4039,1556,107,2024-04-10,2024-04-24,2024-04-29,2026-08-12T13:29:33.699965,loans.csv,5,MILD
6825,299,1,2023-06-12,2023-06-26,2023-06-19,2026-08-12T13:29:33.699965,loans.csv,0,ON TIME
7723,1517,2,2024-12-22,2025-01-05,,2026-08-12T13:29:33.699965,loans.csv,584,CRITICAL
8221,1992,2,2023-06-15,2023-06-29,2023-06-19,2026-08-12T13:29:33.699965,loans.csv,0,ON TIME
7580,653,3,2024-12-20,2025-01-03,,2026-08-12T13:29:33.699965,loans.csv,586,CRITICAL
8691,55,1,2023-09-13,2023-09-27,2023-09-25,2026-08-12T13:29:33.699965,loans.csv,0,ON TIME
7413,2661,1,2023-04-13,2023-04-27,,2026-08-12T13:29:33.699965,loans.csv,1203,CRITICAL
1870,1140,3,2020-12-08,2020-12-22,2020-12-20,2026-08-12T13:29:33.699965,loans.csv,0,ON TIME
4349,735,1,2024-12-10,2024-12-31,2024-12-24,2026-08-12T13:29:33.699965,loans.csv,0,ON TIME
4711,2152,49,2023-06-19,2023-07-03,2023-06-22,2026-08-12T13:29:33.699965,loans.csv,0,ON TIME
3054,1811,26,2021-12-03,2021-12-17,2021-12-15,2026-08-12T13:29:33.699965,loans.csv,0,ON TIME
4555,352,1,2022-02-28,2022-03-14,,2026-08-12T13:29:33.699965,loans.csv,1612,CRITICAL
8872,2459,165,2024-09-10,2024-09-24,2024-10-01,2026-08-12T13:29:33.699965,loans.csv,7,MILD
6959,1629,1,2023-11-08,2023-11-22,2023-11-13,2026-08-12T13:29:33.699965,loans.csv,0,ON TIME
3885,1364,1,2024-08-09,2024-08-30,2024-08-30,2026-08-12T13:29:33.699965,loans.csv,0,ON TIME
8950,539,1,2023-04-19,2023-05-03,2023-04-29,2026-08-12T13:29:33.699965,loans.csv,0,ON TIME
8267,2012,2,2024-01-28,2024-02-11,2024-02-17,2026-08-12T13:29:33.699965,loans.csv,6,MILD
8751,2591,7,2021-12-22,2022-01-05,2021-12-30,2026-08-12T13:29:33.699965,loans.csv,0,ON TIME
8902,2018,1,2024-06-25,2024-07-09,2024-07-05,2026-08-12T13:29:33.699965,loans.csv,0,ON TIME
1401,2092,1,2022-08-20,2022-09-10,2022-09-11,2026-08-12T13:29:33.699965,loans.csv,1,MILD
2362,2374,11,2023-09-25,2023-10-09,2023-10-13,2026-08-12T13:29:33.699965,loans.csv,4,MILD
4031,223,8,2024-08-19,2024-09-02,2024-08-27,2026-08-12T13:29:33.699965,loans.csv,0,ON TIME
7297,2120,1,2022-07-21,2022-08-04,2022-08-03,2026-08-12T13:29:33.699965,loans.csv,0,ON TIME
8198,1435,49,2023-11-20,2023-12-04,2023-12-02,2026-08-12T13:29:33.699965,loans.csv,0,ON TIME
1595,2574,1,2023-01-09,2023-01-23,2023-01-29,2026-08-12T13:29:33.699965,loans.csv,6,MILD
695,134,2,2021-09-15,2021-09-29,2021-09-28,2026-08-12T13:29:33.699965,loans.csv,0,ON TIME
4356,1864,5,2022-04-24,2022-05-08,2022-05-05,2026-08-12T13:29:33.699965,loans.csv,0,ON TIME
6279,2553,138,2024-08-18,2024-09-08,2024-09-25,2026-08-12T13:29:33.699965,loans.csv,17,SEVERE
7892,2662,9,2021-07-28,2021-08-11,2021-08-07,2026-08-12T13:29:33.699965,loans.csv,0,ON TIME
4504,1327,3,2024-10-07,2024-10-21,2024-10-26,2026-08-12T13:29:33.699965,loans.csv,5,MILD
3500,2155,8,2023-09-02,2023-09-16,2023-09-09,2026-08-12T13:29:33.699965,loans.csv,0,ON TIME
1691,1360,1,2023-12-09,2023-12-23,2023-12-15,2026-08-12T13:29:33.699965,loans.csv,0,ON TIME
6648,2791,94,2023-05-31,2023-06-14,2023-06-16,2026-08-12T13:29:33.699965,loans.csv,2,MILD
4019,2294,1,2020-01-06,2020-01-20,2020-01-17,2026-08-12T13:29:33.699965,loans.csv,0,ON TIME
6785,1672,85,2024-05-03,2024-05-17,2024-05-09,2026-08-12T13:29:33.699965,loans.csv,0,ON TIME
4591,659,85,2024-07-23,2024-08-06,2024-08-10,2026-08-12T13:29:33.699965,loans.csv,4,MILD
3800,725,6,2024-12-04,2024-12-18,2024-12-17,2026-08-12T13:29:33.699965,loans.csv,0,ON TIME
1235,1811,2,2024-04-22,2024-05-06,2024-04-30,2026-08-12T13:29:33.699965,loans.csv,0,ON TIME
8028,2733,5,2024-08-24,2024-09-14,2024-08-27,2026-08-12T13:29:33.699965,loans.csv,0,ON TIME
311,2632,27,2021-06-25,2021-07-09,2021-07-14,2026-08-12T13:29:33.699965,loans.csv,5,MILD
9167,377,6,2024-11-15,2024-11-29,2024-12-04,2026-08-12T13:29:33.699965,loans.csv,5,MILD
6815,979,9,2022-03-18,2022-04-01,2022-03-30,2026-08-12T13:29:33.699965,loans.csv,0,ON TIME
3627,675,1,2023-07-18,2023-08-01,2023-08-06,2026-08-12T13:29:33.699965,loans.csv,5,MILD
2802,29,1,2023-02-21,2023-03-07,2023-02-28,2026-08-12T13:29:33.699965,loans.csv,0,ON TIME
7907,1937,57,2023-06-03,2023-06-17,,2026-08-12T13:29:33.699965,loans.csv,1152,CRITICAL
7576,2575,113,2024-10-21,2024-11-04,2024-10-24,2026-08-12T13:29:33.699965,loans.csv,0,ON TIME
2666,2301,1,2023-01-28,2023-02-18,2023-02-24,2026-08-12T13:29:33.699965,loans.csv,6,MILD
4195,451,6,2024-08-29,2024-09-12,2024-09-01,2026-08-12T13:29:33.699965,loans.csv,0,ON TIME
5594,1109,9,2022-12-08,2022-12-22,2022-12-27,2026-08-12T13:29:33.699965,loans.csv,5,MILD
8013,1056,2,2024-10-30,2024-11-13,2024-11-03,2026-08-12T13:29:33.699965,loans.csv,0,ON TIME
9428,2296,1,2023-08-15,2023-08-29,2023-08-19,2026-08-12T13:29:33.699965,loans.csv,0,ON TIME
1130,209,28,2023-10-21,2023-11-04,2023-10-31,2026-08-12T13:29:33.699965,loans.csv,0,ON TIME
2005,2626,1,2024-04-11,2024-05-02,2024-04-18,2026-08-12T13:29:33.699965,loans.csv,0,ON TIME
6708,369,1,2023-03-17,2023-03-31,2023-03-29,2026-08-12T13:29:33.699965,loans.csv,0,ON TIME
3903,1150,3,2024-06-23,2024-07-07,2024-06-28,2026-08-12T13:29:33.699965,loans.csv,0,ON TIME
6736,2177,101,2023-06-08,2023-06-29,2023-06-16,2026-08-12T13:29:33.699965,loans.csv,0,ON TIME
517,1015,165,2021-01-09,2021-01-23,2021-02-10,2026-08-12T13:29:33.699965,loans.csv,18,SEVERE
7248,2451,1,2023-08-29,2023-09-12,2023-09-09,2026-08-12T13:29:33.699965,loans.csv,0,ON TIME
7983,1350,44,2021-11-14,2021-11-28,2021-11-23,2026-08-12T13:29:33.699965,loans.csv,0,ON TIME
2462,2155,153,2023-11-27,2023-12-11,2023-12-07,2026-08-12T13:29:33.699965,loans.csv,0,ON TIME
2110,2333,5,2024-04-12,2024-05-03,2024-05-05,2026-08-12T13:29:33.699965,loans.csv,2,MILD
3754,2676,3,2021-05-05,2021-05-26,2021-06-01,2026-08-12T13:29:33.699965,loans.csv,6,MILD
8684,2165,5,2023-09-23,2023-10-07,2023-09-29,2026-08-12T13:29:33.699965,loans.csv,0,ON TIME
9356,1776,1,2021-04-03,2021-04-17,2021-05-23,2026-08-12T13:29:33.699965,loans.csv,36,CRITICAL
349,10,3,2024-01-10,2024-01-31,2024-02-02,2026-08-12T13:29:33.699965,loans.csv,2,MILD
988,2328,8,2022-02-12,2022-02-26,,2026-08-12T13:29:33.699965,loans.csv,1628,CRITICAL
7452,2165,1,2023-08-06,2023-08-27,2023-08-27,2026-08-12T13:29:33.699965,loans.csv,0,ON TIME
5409,1569,5,2023-11-28,2023-12-12,2023-12-01,2026-08-12T13:29:33.699965,loans.csv,0,ON TIME
4169,2403,1,2024-03-06,2024-03-20,2024-03-24,2026-08-12T13:29:33.699965,loans.csv,4,MILD
9432,347,2,2024-08-12,2024-08-26,2024-08-24,2026-08-12T13:29:33.699965,loans.csv,0,ON TIME
6771,1648,1,2023-02-06,2023-02-20,2023-02-19,2026-08-12T13:29:33.699965,loans.csv,0,ON TIME
9475,778,3,2020-08-08,2020-08-22,2020-08-21,2026-08-12T13:29:33.699965,loans.csv,0,ON TIME
1300,1870,1,2021-04-28,2021-05-12,2021-05-28,2026-08-12T13:29:33.699965,loans.csv,16,SEVERE
3278,1113,2,2024-02-12,2024-02-26,2024-02-13,2026-08-12T13:29:33.699965,loans.csv,0,ON TIME
4607,2656,4,2022-05-15,2022-05-29,2022-05-28,2026-08-12T13:29:33.699965,loans.csv,0,ON TIME
1037,935,1,2023-10-15,2023-10-29,2023-12-06,2026-08-12T13:29:33.699965,loans.csv,38,CRITICAL
5378,1364,1,2024-08-17,2024-08-31,2024-08-19,2026-08-12T13:29:33.699965,loans.csv,0,ON TIME
6751,2279,1,2024-10-19,2024-11-02,2024-10-24,2026-08-12T13:29:33.699965,loans.csv,0,ON TIME
7785,2797,1,2022-02-01,2022-02-15,2022-02-15,2026-08-12T13:29:33.699965,loans.csv,0,ON TIME
9225,1618,1,2024-11-02,2024-11-16,2024-11-07,2026-08-12T13:29:33.699965,loans.csv,0,ON TIME
5425,1788,1,2023-07-11,2023-08-01,2023-07-24,2026-08-12T13:29:33.699965,loans.csv,0,ON TIME
8414,1164,1,2024-11-23,2024-12-07,2024-12-07,2026-08-12T13:29:33.699965,loans.csv,0,ON TIME
2712,532,2,2023-12-08,2023-12-22,2023-12-27,2026-08-12T13:29:33.699965,loans.csv,5,MILD
3319,562,1,2024-10-22,2024-11-05,2024-11-01,2026-08-12T13:29:33.699965,loans.csv,0,ON TIME
7520,103,1,2023-09-15,2023-09-29,2023-09-30,2026-08-12T13:29:33.699965,loans.csv,1,MILD
6826,2075,1,2024-01-13,2024-01-27,2024-01-31,2026-08-12T13:29:33.699965,loans.csv,4,MILD
836,372,1,2023-06-10,2023-07-01,,2026-08-12T13:29:33.699965,loans.csv,1138,CRITICAL
3994,1190,1,2022-06-24,2022-07-15,2022-07-18,2026-08-12T13:29:33.699965,loans.csv,3,MILD
2693,152,1,2024-05-08,2024-05-22,2024-05-26,2026-08-12T13:29:33.699965,loans.csv,4,MILD
872,606,25,2024-11-24,2024-12-08,2024-11-29,2026-08-12T13:29:33.699965,loans.csv,0,ON TIME
8827,1089,3,2024-04-02,2024-04-16,2024-04-18,2026-08-12T13:29:33.699965,loans.csv,2,MILD
12,1632,1,2023-04-19,2023-05-03,2023-05-02,2026-08-12T13:29:33.699965,loans.csv,0,ON TIME
638,1808,5,2022-07-27,2022-08-10,,2026-08-12T13:29:33.699965,loans.csv,1463,CRITICAL
7896,1254,2,2024-05-09,2024-05-30,2024-05-25,2026-08-12T13:29:33.699965,loans.csv,0,ON TIME
27,982,6,2023-04-08,2023-04-29,2023-04-28,2026-08-12T13:29:33.699965,loans.csv,0,ON TIME
2377,38,1,2024-02-11,2024-02-25,2024-02-13,2026-08-12T13:29:33.699965,loans.csv,0,ON TIME
1199,701,1,2024-09-25,2024-10-09,2024-09-30,2026-08-12T13:29:33.699965,loans.csv,0,ON TIME
9016,2777,2,2024-06-24,2024-07-08,2024-07-06,2026-08-12T13:29:33.699965,loans.csv,0,ON TIME
8171,1237,32,2022-03-09,2022-03-23,2022-03-22,2026-08-12T13:29:33.699965,loans.csv,0,ON TIME
8941,1785,5,2024-11-03,2024-11-17,2024-11-10,2026-08-12T13:29:33.699965,loans.csv,0,ON TIME
7043,452,2,2024-04-01,2024-04-15,2024-04-04,2026-08-12T13:29:33.699965,loans.csv,0,ON TIME
4759,1640,1,2023-10-13,2023-11-03,2023-10-14,2026-08-12T13:29:33.699965,loans.csv,0,ON TIME
1930,2035,1,2023-01-16,2023-01-30,2023-01-26,2026-08-12T13:29:33.699965,loans.csv,0,ON TIME
9247,1974,7,2024-10-06,2024-10-20,,2026-08-12T13:29:33.699965,loans.csv,661,CRITICAL
4264,413,2,2024-07-30,2024-08-13,2024-08-01,2026-08-12T13:29:33.699965,loans.csv,0,ON TIME
4887,2672,9,2021-03-18,2021-04-01,,2026-08-12T13:29:33.699965,loans.csv,1959,CRITICAL
1987,2065,1,2023-01-13,2023-01-27,,2026-08-12T13:29:33.699965,loans.csv,1293,CRITICAL
7407,1108,2,2021-12-01,2021-12-15,2021-12-06,2026-08-12T13:29:33.699965,loans.csv,0,ON TIME
7796,1119,5,2023-11-15,2023-11-29,2023-11-26,2026-08-12T13:29:33.699965,loans.csv,0,ON TIME
813,1563,2,2024-09-24,2024-10-08,2024-10-02,2026-08-12T13:29:33.699965,loans.csv,0,ON TIME
4004,1328,22,2024-11-07,2024-11-21,2024-11-25,2026-08-12T13:29:33.699965,loans.csv,4,MILD
2421,2468,18,2023-12-18,2024-01-01,2024-01-06,2026-08-12T13:29:33.699965,loans.csv,5,MILD
2387,119,2,2023-02-09,2023-02-23,2023-04-09,2026-08-12T13:29:33.699965,loans.csv,45,CRITICAL
6313,2315,1,2024-03-28,2024-04-11,2024-04-10,2026-08-12T13:29:33.699965,loans.csv,0,ON TIME
8077,1240,63,2023-12-16,2023-12-30,2024-01-02,2026-08-12T13:29:33.699965,loans.csv,3,MILD
3120,441,5,2022-10-21,2022-11-04,2022-11-04,2026-08-12T13:29:33.699965,loans.csv,0,ON TIME
6909,1592,1,2024-08-05,2024-08-19,2024-08-18,2026-08-12T13:29:33.699965,loans.csv,0,ON TIME
3985,1570,2,2021-11-14,2021-11-28,2021-11-23,2026-08-12T13:29:33.699965,loans.csv,0,ON TIME
1538,960,1,2024-04-30,2024-05-14,2024-05-18,2026-08-12T13:29:33.699965,loans.csv,4,MILD
1884,1798,70,2023-03-23,2023-04-06,2023-04-13,2026-08-12T13:29:33.699965,loans.csv,7,MILD
5244,871,6,2024-02-01,2024-02-22,2024-02-09,2026-08-12T13:29:33.699965,loans.csv,0,ON TIME
4492,1044,1,2023-11-04,2023-11-18,2023-11-05,2026-08-12T13:29:33.699965,loans.csv,0,ON TIME
8990,2555,2,2022-03-16,2022-03-30,2022-03-18,2026-08-12T13:29:33.699965,loans.csv,0,ON TIME
4257,1435,1,2022-12-30,2023-01-13,2023-01-03,2026-08-12T13:29:33.699965,loans.csv,0,ON TIME
7582,563,6,2021-04-22,2021-05-06,2021-04-24,2026-08-12T13:29:33.699965,loans.csv,0,ON TIME
7794,1984,1,2024-11-14,2024-11-28,2024-11-28,2026-08-12T13:29:33.699965,loans.csv,0,ON TIME
4800,831,8,2020-03-18,2020-04-01,2020-03-21,2026-08-12T13:29:33.699965,loans.csv,0,ON TIME
8373,1220,3,2024-07-29,2024-08-12,,2026-08-12T13:29:33.699965,loans.csv,730,CRITICAL
9045,568,22,2024-01-08,2024-01-22,2024-01-24,2026-08-12T13:29:33.699965,loans.csv,2,MILD
4346,2062,1,2023-08-03,2023-08-24,2023-08-15,2026-08-12T13:29:33.699965,loans.csv,0,ON TIME
5327,1964,4,2024-08-06,2024-08-20,,2026-08-12T13:29:33.699965,loans.csv,722,CRITICAL
7856,1010,1,2024-06-03,2024-06-17,2024-06-16,2026-08-12T13:29:33.699965,loans.csv,0,ON TIME
1818,1423,65,2024-07-15,2024-07-29,2024-07-18,2026-08-12T13:29:33.699965,loans.csv,0,ON TIME
7518,1355,6,2023-09-22,2023-10-13,2023-10-05,2026-08-12T13:29:33.699965,loans.csv,0,ON TIME
2716,2552,2,2024-09-24,2024-10-08,2024-09-25,2026-08-12T13:29:33.699965,loans.csv,0,ON TIME
7416,1899,1,2022-07-16,2022-08-06,2022-08-21,2026-08-12T13:29:33.699965,loans.csv,15,SEVERE
1835,877,14,2024-02-23,2024-03-08,2024-03-05,2026-08-12T13:29:33.699965,loans.csv,0,ON TIME
2631,564,3,2023-08-03,2023-08-17,2023-08-18,2026-08-12T13:29:33.699965,loans.csv,1,MILD
587,1374,12,2024-12-07,2024-12-28,2025-01-04,2026-08-12T13:29:33.699965,loans.csv,7,MILD
682,1142,3,2021-01-11,2021-01-25,2021-01-19,2026-08-12T13:29:33.699965,loans.csv,0,ON TIME
1984,417,11,2023-01-25,2023-02-08,2023-03-25,2026-08-12T13:29:33.699965,loans.csv,45,CRITICAL
6036,402,53,2024-09-26,2024-10-10,2024-10-01,2026-08-12T13:29:33.699965,loans.csv,0,ON TIME
7268,741,53,2024-02-05,2024-02-19,2024-02-12,2026-08-12T13:29:33.699965,loans.csv,0,ON TIME
1357,2412,6,2023-03-10,2023-03-31,2023-04-05,2026-08-12T13:29:33.699965,loans.csv,5,MILD
177,1066,1,2021-08-12,2021-08-26,,2026-08-12T13:29:33.699965,loans.csv,1812,CRITICAL
7686,994,6,2020-04-28,2020-05-12,2020-05-15,2026-08-12T13:29:33.699965,loans.csv,3,MILD
4932,2403,5,2023-11-23,2023-12-07,2023-12-02,2026-08-12T13:29:33.699965,loans.csv,0,ON TIME
1643,1473,5,2024-03-19,2024-04-02,2024-03-31,2026-08-12T13:29:33.699965,loans.csv,0,ON TIME
8365,24,2,2024-05-26,2024-06-09,2024-06-02,2026-08-12T13:29:33.699965,loans.csv,0,ON TIME
4337,2052,1,2022-12-25,2023-01-08,2022-12-30,2026-08-12T13:29:33.699965,loans.csv,0,ON TIME
4822,1377,1,2022-07-31,2022-08-14,2022-08-20,2026-08-12T13:29:33.699965,loans.csv,6,MILD
1122,113,1,2020-02-27,2020-03-19,2020-03-21,2026-08-12T13:29:33.699965,loans.csv,2,MILD
6558,2041,12,2022-07-06,2022-07-20,2022-07-18,2026-08-12T13:29:33.699965,loans.csv,0,ON TIME
7147,347,17,2024-11-19,2024-12-03,2024-12-03,2026-08-12T13:29:33.699965,loans.csv,0,ON TIME
5639,588,4,2023-12-28,2024-01-11,2024-01-07,2026-08-12T13:29:33.699965,loans.csv,0,ON TIME
1986,1044,1,2023-10-19,2023-11-02,2023-11-04,2026-08-12T13:29:33.699965,loans.csv,2,MILD
6739,1299,5,2023-03-30,2023-04-13,2023-04-14,2026-08-12T13:29:33.699965,loans.csv,1,MILD
4681,455,51,2024-07-18,2024-08-01,2024-08-13,2026-08-12T13:29:33.699965,loans.csv,12,SEVERE
5527,525,1,2024-09-05,2024-09-19,2024-09-13,2026-08-12T13:29:33.699965,loans.csv,0,ON TIME
7336,402,1,2022-03-18,2022-04-01,2022-03-24,2026-08-12T13:29:33.699965,loans.csv,0,ON TIME
218,1133,31,2024-05-05,2024-05-19,2024-05-25,2026-08-12T13:29:33.699965,loans.csv,6,MILD
6768,1986,1,2024-10-14,2024-10-28,2024-10-17,2026-08-12T13:29:33.699965,loans.csv,0,ON TIME
5237,2119,2,2023-01-20,2023-02-10,2023-01-24,2026-08-12T13:29:33.699965,loans.csv,0,ON TIME
5154,1486,4,2024-01-27,2024-02-10,2024-02-13,2026-08-12T13:29:33.699965,loans.csv,3,MILD
99,201,2,2023-10-04,2023-10-18,2023-10-16,2026-08-12T13:29:33.699965,loans.csv,0,ON TIME
2011,1007,1,2021-11-23,2021-12-14,2021-12-21,2026-08-12T13:29:33.699965,loans.csv,7,MILD
2000,2715,3,2024-09-19,2024-10-03,2024-09-22,2026-08-12T13:29:33.699965,loans.csv,0,ON TIME
3523,1371,1,2024-06-28,2024-07-12,2024-08-20,2026-08-12T13:29:33.699965,loans.csv,39,CRITICAL
1053,1632,1,2023-11-26,2023-12-10,2023-12-04,2026-08-12T13:29:33.699965,loans.csv,0,ON TIME
4158,2183,1,2024-03-26,2024-04-09,2024-03-31,2026-08-12T13:29:33.699965,loans.csv,0,ON TIME
8741,2244,13,2024-03-22,2024-04-05,2024-03-31,2026-08-12T13:29:33.699965,loans.csv,0,ON TIME
6990,1422,4,2022-07-12,2022-08-02,2022-08-07,2026-08-12T13:29:33.699965,loans.csv,5,MILD
2749,2321,3,2024-06-23,2024-07-07,2024-08-04,2026-08-12T13:29:33.699965,loans.csv,28,SEVERE
6390,2258,1,2024-03-06,2024-03-20,2024-03-15,2026-08-12T13:29:33.699965,loans.csv,0,ON TIME
7178,1648,1,2022-06-03,2022-06-17,2022-06-09,2026-08-12T13:29:33.699965,loans.csv,0,ON TIME
3550,270,1,2020-01-31,2020-02-14,2020-02-10,2026-08-12T13:29:33.699965,loans.csv,0,ON TIME
4068,1919,1,2021-04-06,2021-04-20,2021-04-07,2026-08-12T13:29:33.699965,loans.csv,0,ON TIME
1069,638,1,2022-11-24,2022-12-08,,2026-08-12T13:29:33.699965,loans.csv,1343,CRITICAL
4462,725,9,2024-10-24,2024-11-07,2024-10-27,2026-08-12T13:29:33.699965,loans.csv,0,ON TIME
2647,2119,61,2023-08-15,2023-08-29,2023-08-25,2026-08-12T13:29:33.699965,loans.csv,0,ON TIME
8922,2276,3,2022-04-22,2022-05-06,,2026-08-12T13:29:33.699965,loans.csv,1559,CRITICAL
4589,1000,5,2021-07-04,2021-07-18,2021-07-16,2026-08-12T13:29:33.699965,loans.csv,0,ON TIME
6788,1623,4,2024-10-22,2024-11-05,2024-10-26,2026-08-12T13:29:33.699965,loans.csv,0,ON TIME
8501,1331,10,2020-05-28,2020-06-11,2020-05-30,2026-08-12T13:29:33.699965,loans.csv,0,ON TIME
3068,94,4,2024-06-08,2024-06-22,,2026-08-12T13:29:33.699965,loans.csv,781,CRITICAL
8782,2350,1,2024-08-26,2024-09-16,2024-09-09,2026-08-12T13:29:33.699965,loans.csv,0,ON TIME
9271,1832,46,2024-08-06,2024-08-20,2024-08-07,2026-08-12T13:29:33.699965,loans.csv,0,ON TIME
5596,2496,1,2020-05-09,2020-05-30,2020-05-21,2026-08-12T13:29:33.699965,loans.csv,0,ON TIME
8246,777,1,2022-10-19,2022-11-02,2022-11-17,2026-08-12T13:29:33.699965,loans.csv,15,SEVERE
4729,2345,1,2024-03-12,2024-03-26,2024-03-26,2026-08-12T13:29:33.699965,loans.csv,0,ON TIME
2091,2433,171,2024-09-26,2024-10-10,2024-10-08,2026-08-12T13:29:33.699965,loans.csv,0,ON TIME
6601,1673,5,2022-09-16,2022-09-30,2022-09-24,2026-08-12T13:29:33.699965,loans.csv,0,ON TIME
7706,1325,1,2023-11-21,2023-12-05,,2026-08-12T13:29:33.699965,loans.csv,981,CRITICAL
2441,209,5,2023-07-12,2023-07-26,2023-07-28,2026-08-12T13:29:33.699965,loans.csv,2,MILD
3886,204,43,2024-01-09,2024-01-23,2024-01-19,2026-08-12T13:29:33.699965,loans.csv,0,ON TIME
4913,1704,1,2024-06-20,2024-07-04,2024-06-28,2026-08-12T13:29:33.699965,loans.csv,0,ON TIME
7004,1805,3,2023-08-04,2023-08-18,,2026-08-12T13:29:33.699965,loans.csv,1090,CRITICAL
6620,1129,1,2020-11-19,2020-12-03,2020-11-22,2026-08-12T13:29:33.699965,loans.csv,0,ON TIME
7159,2206,2,2022-05-01,2022-05-15,2022-05-15,2026-08-12T13:29:33.699965,loans.csv,0,ON TIME
980,404,1,2024-02-25,2024-03-10,2024-04-24,2026-08-12T13:29:33.699965,loans.csv,45,CRITICAL
4677,1801,99,2022-07-30,2022-08-13,2022-08-11,2026-08-12T13:29:33.699965,loans.csv,0,ON TIME
6226,2635,92,2022-09-08,2022-09-22,2022-09-12,2026-08-12T13:29:33.699965,loans.csv,0,ON TIME
5925,1446,5,2022-06-07,2022-06-21,2022-06-11,2026-08-12T13:29:33.699965,loans.csv,0,ON TIME
1732,1575,1,2023-09-13,2023-09-27,2023-09-27,2026-08-12T13:29:33.699965,loans.csv,0,ON TIME
4115,1553,1,2023-06-30,2023-07-14,2023-07-03,2026-08-12T13:29:33.699965,loans.csv,0,ON TIME
938,2617,42,2024-03-22,2024-04-05,2024-03-27,2026-08-12T13:29:33.699965,loans.csv,0,ON TIME
6418,2046,2,2023-08-24,2023-09-07,2023-09-08,2026-08-12T13:29:33.699965,loans.csv,1,MILD
2887,226,60,2023-11-11,2023-11-25,2023-11-17,2026-08-12T13:29:33.699965,loans.csv,0,ON TIME
3107,1991,2,2022-07-08,2022-07-22,2022-07-09,2026-08-12T13:29:33.699965,loans.csv,0,ON TIME
746,485,15,2024-12-10,2024-12-24,2024-12-30,2026-08-12T13:29:33.699965,loans.csv,6,MILD
3439,2177,1,2024-01-22,2024-02-05,,2026-08-12T13:29:33.699965,loans.csv,919,CRITICAL
1703,2256,7,2022-05-26,2022-06-09,2022-06-01,2026-08-12T13:29:33.699965,loans.csv,0,ON TIME
4996,2247,1,2023-08-10,2023-08-24,,2026-08-12T13:29:33.699965,loans.csv,1084,CRITICAL
130,1785,1,2024-11-19,2024-12-03,2024-11-27,2026-08-12T13:29:33.699965,loans.csv,0,ON TIME
303,605,1,2021-07-10,2021-07-24,2021-07-27,2026-08-12T13:29:33.699965,loans.csv,3,MILD
9182,640,12,2024-01-21,2024-02-04,2024-02-07,2026-08-12T13:29:33.699965,loans.csv,3,MILD
7816,2572,12,2024-08-09,2024-08-23,,2026-08-12T13:29:33.699965,loans.csv,719,CRITICAL
6240,1269,54,2021-07-28,2021-08-11,2021-08-17,2026-08-12T13:29:33.699965,loans.csv,6,MILD
5012,1899,1,2023-06-30,2023-07-14,,2026-08-12T13:29:33.699965,loans.csv,1125,CRITICAL
3478,983,1,2023-12-27,2024-01-10,,2026-08-12T13:29:33.699965,loans.csv,945,CRITICAL
2972,1759,4,2024-02-12,2024-02-26,2024-02-28,2026-08-12T13:29:33.699965,loans.csv,2,MILD
3720,376,97,2024-06-14,2024-06-28,2024-06-25,2026-08-12T13:29:33.699965,loans.csv,0,ON TIME
5797,2227,2,2023-05-18,2023-06-01,2023-05-26,2026-08-12T13:29:33.699965,loans.csv,0,ON TIME
5216,398,2,2024-04-19,2024-05-03,2024-05-10,2026-08-12T13:29:33.699965,loans.csv,7,MILD
9176,600,7,2023-09-27,2023-10-11,2023-09-30,2026-08-12T13:29:33.699965,loans.csv,0,ON TIME
3834,364,2,2023-04-09,2023-04-23,2023-04-23,2026-08-12T13:29:33.699965,loans.csv,0,ON TIME
3480,619,1,2024-03-28,2024-04-11,,2026-08-12T13:29:33.699965,loans.csv,853,CRITICAL
7921,110,3,2021-12-28,2022-01-11,2022-01-11,2026-08-12T13:29:33.699965,loans.csv,0,ON TIME
5904,1276,1,2024-12-19,2025-01-02,,2026-08-12T13:29:33.699965,loans.csv,587,CRITICAL
9059,2377,2,2024-12-21,2025-01-04,,2026-08-12T13:29:33.699965,loans.csv,585,CRITICAL
1128,1104,1,2024-03-12,2024-03-26,2024-03-20,2026-08-12T13:29:33.699965,loans.csv,0,ON TIME
9570,404,1,2024-05-25,2024-06-08,2024-05-29,2026-08-12T13:29:33.699965,loans.csv,0,ON TIME
7063,369,115,2022-03-19,2022-04-02,2022-04-03,2026-08-12T13:29:33.699965,loans.csv,1,MILD
1551,2120,17,2022-10-29,2022-11-12,2022-11-12,2026-08-12T13:29:33.699965,loans.csv,0,ON TIME
5747,1123,4,2021-02-06,2021-02-20,,2026-08-12T13:29:33.699965,loans.csv,1999,CRITICAL
5183,703,3,2024-07-01,2024-07-15,2024-08-10,2026-08-12T13:29:33.699965,loans.csv,26,SEVERE
5534,106,3,2022-02-17,2022-03-03,2022-03-07,2026-08-12T13:29:33.699965,loans.csv,4,MILD
5827,260,1,2021-05-11,2021-05-25,2021-05-23,2026-08-12T13:29:33.699965,loans.csv,0,ON TIME
415,2724,1,2024-04-21,2024-05-05,2024-05-07,2026-08-12T13:29:33.699965,loans.csv,2,MILD
8749,2409,9,2020-07-18,2020-08-01,2020-07-25,2026-08-12T13:29:33.699965,loans.csv,0,ON TIME
2532,69,1,2021-02-02,2021-02-16,2021-02-07,2026-08-12T13:29:33.699965,loans.csv,0,ON TIME
5789,1161,4,2022-11-13,2022-11-27,,2026-08-12T13:29:33.699965,loans.csv,1354,CRITICAL
6579,1945,2,2023-12-25,2024-01-08,2023-12-30,2026-08-12T13:29:33.699965,loans.csv,0,ON TIME
1823,1434,3,2024-09-23,2024-10-14,2024-10-20,2026-08-12T13:29:33.699965,loans.csv,6,MILD
2012,2242,3,2022-01-05,2022-01-19,2022-01-23,2026-08-12T13:29:33.699965,loans.csv,4,MILD
7138,2117,3,2022-06-09,2022-06-23,2022-06-20,2026-08-12T13:29:33.699965,loans.csv,0,ON TIME
7862,800,6,2022-06-09,2022-06-23,2022-06-19,2026-08-12T13:29:33.699965,loans.csv,0,ON TIME
1982,1320,3,2024-10-11,2024-10-25,2024-10-21,2026-08-12T13:29:33.699965,loans.csv,0,ON TIME
6720,127,8,2021-03-07,2021-03-21,,2026-08-12T13:29:33.699965,loans.csv,1970,CRITICAL
8814,1905,1,2024-09-03,2024-09-17,2024-09-04,2026-08-12T13:29:33.699965,loans.csv,0,ON TIME
4047,703,1,2024-09-22,2024-10-06,2024-09-24,2026-08-12T13:29:33.699965,loans.csv,0,ON TIME
8215,2250,3,2024-01-10,2024-01-24,2024-01-14,2026-08-12T13:29:33.699965,loans.csv,0,ON TIME
5161,863,1,2021-09-27,2021-10-11,2021-10-02,2026-08-12T13:29:33.699965,loans.csv,0,ON TIME
115,854,1,2022-12-17,2022-12-31,2023-01-03,2026-08-12T13:29:33.699965,loans.csv,3,MILD
8493,306,1,2023-03-17,2023-03-31,2023-03-20,2026-08-12T13:29:33.699965,loans.csv,0,ON TIME
816,417,1,2024-10-05,2024-10-19,2024-10-21,2026-08-12T13:29:33.699965,loans.csv,2,MILD
4236,574,22,2023-03-02,2023-03-23,2023-03-03,2026-08-12T13:29:33.699965,loans.csv,0,ON TIME
731,1291,53,2023-09-10,2023-09-24,2023-09-23,2026-08-12T13:29:33.699965,loans.csv,0,ON TIME
4986,1895,2,2023-10-28,2023-11-11,2023-11-08,2026-08-12T13:29:33.699965,loans.csv,0,ON TIME
3747,1714,6,2024-08-22,2024-09-05,2024-08-30,2026-08-12T13:29:33.699965,loans.csv,0,ON TIME
6163,1814,1,2024-09-08,2024-09-22,2024-09-26,2026-08-12T13:29:33.699965,loans.csv,4,MILD
6701,2111,4,2024-10-19,2024-11-02,2024-10-20,2026-08-12T13:29:33.699965,loans.csv,0,ON TIME
4839,2287,1,2024-10-28,2024-11-11,2024-11-01,2026-08-12T13:29:33.699965,loans.csv,0,ON TIME
5801,615,1,2024-11-11,2024-11-25,2024-11-22,2026-08-12T13:29:33.699965,loans.csv,0,ON TIME
8362,1299,2,2022-05-18,2022-06-01,2022-06-04,2026-08-12T13:29:33.699965,loans.csv,3,MILD
2221,2558,26,2023-10-25,2023-11-08,2023-11-05,2026-08-12T13:29:33.699965,loans.csv,0,ON TIME
3823,1591,1,2020-07-26,2020-08-09,2020-07-27,2026-08-12T13:29:33.699965,loans.csv,0,ON TIME
2576,701,2,2022-12-13,2022-12-27,2023-01-02,2026-08-12T13:29:33.699965,loans.csv,6,MILD
1202,1620,1,2023-08-12,2023-08-26,2023-08-27,2026-08-12T13:29:33.699965,loans.csv,1,MILD
8133,2096,19,2024-11-19,2024-12-03,2024-11-26,2026-08-12T13:29:33.699965,loans.csv,0,ON TIME
8738,2423,1,2024-07-04,2024-07-18,2024-07-07,2026-08-12T13:29:33.699965,loans.csv,0,ON TIME
5548,521,4,2023-10-03,2023-10-17,2023-10-16,2026-08-12T13:29:33.699965,loans.csv,0,ON TIME
2918,1227,6,2022-07-27,2022-08-10,2022-08-09,2026-08-12T13:29:33.699965,loans.csv,0,ON TIME
1080,86,1,2024-06-28,2024-07-12,2024-07-05,2026-08-12T13:29:33.699965,loans.csv,0,ON TIME
8619,812,1,2022-08-05,2022-08-19,2022-08-13,2026-08-12T13:29:33.699965,loans.csv,0,ON TIME
1085,2204,35,2023-08-24,2023-09-07,2023-09-03,2026-08-12T13:29:33.699965,loans.csv,0,ON TIME
4605,80,1,2022-12-03,2022-12-17,2022-12-06,2026-08-12T13:29:33.699965,loans.csv,0,ON TIME
1441,2715,13,2024-05-26,2024-06-09,2024-06-08,2026-08-12T13:29:33.699965,loans.csv,0,ON TIME
8753,825,141,2024-12-23,2025-01-06,,2026-08-12T13:29:33.699965,loans.csv,583,CRITICAL
2957,38,3,2023-09-29,2023-10-13,2023-10-16,2026-08-12T13:29:33.699965,loans.csv,3,MILD
7943,1704,34,2024-11-08,2024-11-22,2024-11-09,2026-08-12T13:29:33.699965,loans.csv,0,ON TIME
8805,1883,107,2023-11-23,2023-12-07,2023-11-30,2026-08-12T13:29:33.699965,loans.csv,0,ON TIME
3392,2124,34,2024-06-23,2024-07-07,2024-07-22,2026-08-12T13:29:33.699965,loans.csv,15,SEVERE
3951,1896,6,2023-09-24,2023-10-08,2023-09-26,2026-08-12T13:29:33.699965,loans.csv,0,ON TIME
2932,202,1,2024-11-26,2024-12-10,2024-12-12,2026-08-12T13:29:33.699965,loans.csv,2,MILD
78,750,52,2020-08-29,2020-09-12,2020-09-01,2026-08-12T13:29:33.699965,loans.csv,0,ON TIME
4862,842,1,2021-10-25,2021-11-08,2021-11-07,2026-08-12T13:29:33.699965,loans.csv,0,ON TIME
2172,638,6,2024-09-03,2024-09-17,2024-09-24,2026-08-12T13:29:33.699965,loans.csv,7,MILD
6186,503,1,2021-11-26,2021-12-10,,2026-08-12T13:29:33.699965,loans.csv,1706,CRITICAL
9506,1098,2,2020-06-07,2020-06-21,2020-06-14,2026-08-12T13:29:33.699965,loans.csv,0,ON TIME
492,423,1,2021-02-14,2021-03-07,2021-03-11,2026-08-12T13:29:33.699965,loans.csv,4,MILD
2015,1015,1,2023-06-23,2023-07-07,,2026-08-12T13:29:33.699965,loans.csv,1132,CRITICAL
5735,2562,1,2022-12-04,2022-12-18,2022-12-05,2026-08-12T13:29:33.699965,loans.csv,0,ON TIME
8438,787,1,2023-03-20,2023-04-03,2023-03-25,2026-08-12T13:29:33.699965,loans.csv,0,ON TIME
2934,1984,4,2024-02-05,2024-02-19,2024-03-23,2026-08-12T13:29:33.699965,loans.csv,33,CRITICAL
3132,542,2,2021-02-06,2021-02-20,2021-02-21,2026-08-12T13:29:33.699965,loans.csv,1,MILD
8216,101,2,2024-03-15,2024-03-29,2024-03-20,2026-08-12T13:29:33.699965,loans.csv,0,ON TIME
9138,180,1,2024-08-22,2024-09-05,2024-09-04,2026-08-12T13:29:33.699965,loans.csv,0,ON TIME
4618,1384,10,2023-08-10,2023-08-24,2023-08-25,2026-08-12T13:29:33.699965,loans.csv,1,MILD
8234,1135,18,2024-04-11,2024-04-25,,2026-08-12T13:29:33.699965,loans.csv,839,CRITICAL
2882,2145,5,2024-03-06,2024-03-20,,2026-08-12T13:29:33.699965,loans.csv,875,CRITICAL
4852,1022,48,2023-08-24,2023-09-07,,2026-08-12T13:29:33.699965,loans.csv,1070,CRITICAL
511,1777,1,2022-09-15,2022-09-29,2022-10-21,2026-08-12T13:29:33.699965,loans.csv,22,SEVERE
3561,192,1,2023-12-18,2024-01-01,2024-01-03,2026-08-12T13:29:33.699965,loans.csv,2,MILD
5569,779,6,2023-08-24,2023-09-07,2023-09-01,2026-08-12T13:29:33.699965,loans.csv,0,ON TIME
1859,589,1,2024-05-22,2024-06-05,2024-06-04,2026-08-12T13:29:33.699965,loans.csv,0,ON TIME
2553,1344,2,2023-07-10,2023-07-24,2023-07-12,2026-08-12T13:29:33.699965,loans.csv,0,ON TIME
1572,701,1,2023-01-17,2023-01-31,2023-01-24,2026-08-12T13:29:33.699965,loans.csv,0,ON TIME
843,1547,1,2024-10-18,2024-11-01,2024-10-30,2026-08-12T13:29:33.699965,loans.csv,0,ON TIME
1636,2746,7,2021-08-28,2021-09-11,2021-09-01,2026-08-12T13:29:33.699965,loans.csv,0,ON TIME
3647,2358,1,2023-01-31,2023-02-14,2023-02-03,2026-08-12T13:29:33.699965,loans.csv,0,ON TIME
4569,2064,4,2022-10-08,2022-10-22,2022-10-25,2026-08-12T13:29:33.699965,loans.csv,3,MILD
2752,1236,1,2023-02-09,2023-02-23,2023-02-12,2026-08-12T13:29:33.699965,loans.csv,0,ON TIME
4357,2560,2,2024-05-17,2024-05-31,,2026-08-12T13:29:33.699965,loans.csv,803,CRITICAL
716,1415,3,2023-02-17,2023-03-03,2023-03-01,2026-08-12T13:29:33.699965,loans.csv,0,ON TIME
2206,1102,1,2023-11-10,2023-12-01,2023-11-13,2026-08-12T13:29:33.699965,loans.csv,0,ON TIME
3483,1833,1,2024-11-03,2024-11-17,2024-11-15,2026-08-12T13:29:33.699965,loans.csv,0,ON TIME
394,2610,1,2021-05-27,2021-06-10,2021-06-09,2026-08-12T13:29:33.699965,loans.csv,0,ON TIME
559,1936,8,2021-07-24,2021-08-07,2021-08-18,2026-08-12T13:29:33.699965,loans.csv,11,SEVERE
5561,143,2,2024-08-23,2024-09-06,2024-08-31,2026-08-12T13:29:33.699965,loans.csv,0,ON TIME
6426,2445,1,2024-07-19,2024-08-02,2024-08-04,2026-08-12T13:29:33.699965,loans.csv,2,MILD
2519,2012,1,2021-10-16,2021-10-30,2021-10-18,2026-08-12T13:29:33.699965,loans.csv,0,ON TIME
1630,960,1,2021-12-02,2021-12-16,2021-12-05,2026-08-12T13:29:33.699965,loans.csv,0,ON TIME
3838,412,1,2023-07-09,2023-07-23,2023-07-14,2026-08-12T13:29:33.699965,loans.csv,0,ON TIME
7875,2223,1,2023-01-12,2023-01-26,,2026-08-12T13:29:33.699965,loans.csv,1294,CRITICAL
6972,1198,3,2024-06-06,2024-06-20,2024-06-18,2026-08-12T13:29:33.699965,loans.csv,0,ON TIME
4240,1485,49,2022-04-18,2022-05-02,2022-04-25,2026-08-12T13:29:33.699965,loans.csv,0,ON TIME
6979,2490,1,2023-02-22,2023-03-15,2023-03-10,2026-08-12T13:29:33.699965,loans.csv,0,ON TIME
8923,527,1,2023-02-26,2023-03-12,2023-03-19,2026-08-12T13:29:33.699965,loans.csv,7,MILD
6432,2171,1,2023-12-08,2023-12-22,2023-12-12,2026-08-12T13:29:33.699965,loans.csv,0,ON TIME
9549,2319,1,2024-04-14,2024-04-28,2024-04-24,2026-08-12T13:29:33.699965,loans.csv,0,ON TIME
8951,1348,186,2023-09-24,2023-10-08,2023-09-26,2026-08-12T13:29:33.699965,loans.csv,0,ON TIME
2699,1320,1,2024-06-02,2024-06-16,2024-06-10,2026-08-12T13:29:33.699965,loans.csv,0,ON TIME
4363,2320,1,2023-09-05,2023-09-19,2023-09-07,2026-08-12T13:29:33.699965,loans.csv,0,ON TIME
9233,441,5,2024-01-12,2024-01-26,2024-01-18,2026-08-12T13:29:33.699965,loans.csv,0,ON TIME
5300,2581,2,2024-04-09,2024-04-23,2024-04-26,2026-08-12T13:29:33.699965,loans.csv,3,MILD
4100,1704,6,2024-12-20,2025-01-03,,2026-08-12T13:29:33.699965,loans.csv,586,CRITICAL
5125,560,26,2024-08-06,2024-08-20,2024-08-11,2026-08-12T13:29:33.699965,loans.csv,0,ON TIME
1447,1477,6,2024-10-12,2024-10-26,2024-10-22,2026-08-12T13:29:33.699965,loans.csv,0,ON TIME
3148,351,22,2023-12-19,2024-01-02,2023-12-27,2026-08-12T13:29:33.699965,loans.csv,0,ON TIME
8744,2649,1,2024-03-14,2024-03-28,2024-04-04,2026-08-12T13:29:33.699965,loans.csv,7,MILD
1379,1223,5,2023-03-18,2023-04-01,2023-03-22,2026-08-12T13:29:33.699965,loans.csv,0,ON TIME
4028,2388,3,2024-04-09,2024-04-23,2024-04-16,2026-08-12T13:29:33.699965,loans.csv,0,ON TIME
6741,380,4,2023-09-17,2023-10-08,2023-10-06,2026-08-12T13:29:33.699965,loans.csv,0,ON TIME
9043,1108,1,2022-11-22,2022-12-06,2022-12-19,2026-08-12T13:29:33.699965,loans.csv,13,SEVERE
8159,669,1,2024-12-17,2024-12-31,,2026-08-12T13:29:33.699965,loans.csv,589,CRITICAL
3161,247,1,2022-11-19,2022-12-03,2022-12-06,2026-08-12T13:29:33.699965,loans.csv,3,MILD
9013,2518,5,2024-03-28,2024-04-11,2024-04-07,2026-08-12T13:29:33.699965,loans.csv,0,ON TIME
8428,1238,5,2020-12-23,2021-01-06,2020-12-27,2026-08-12T13:29:33.699965,loans.csv,0,ON TIME
2087,586,1,2022-02-21,2022-03-07,2022-03-03,2026-08-12T13:29:33.699965,loans.csv,0,ON TIME
8606,2442,1,2024-05-14,2024-05-28,2024-05-24,2026-08-12T13:29:33.699965,loans.csv,0,ON TIME
7851,1627,30,2022-06-07,2022-06-28,2022-06-18,2026-08-12T13:29:33.699965,loans.csv,0,ON TIME
7758,1087,6,2024-12-15,2024-12-29,,2026-08-12T13:29:33.699965,loans.csv,591,CRITICAL
5935,2474,1,2023-06-27,2023-07-11,2023-07-17,2026-08-12T13:29:33.699965,loans.csv,6,MILD
8597,2479,1,2024-02-07,2024-02-21,,2026-08-12T13:29:33.699965,loans.csv,903,CRITICAL
7125,185,34,2024-04-03,2024-04-17,2024-04-15,2026-08-12T13:29:33.699965,loans.csv,0,ON TIME
2481,2138,1,2024-08-21,2024-09-11,2024-09-07,2026-08-12T13:29:33.699965,loans.csv,0,ON TIME
6730,2010,1,2021-09-21,2021-10-05,2021-10-03,2026-08-12T13:29:33.699965,loans.csv,0,ON TIME
5310,1846,1,2024-04-15,2024-04-29,2024-05-05,2026-08-12T13:29:33.699965,loans.csv,6,MILD
7340,123,7,2024-04-14,2024-04-28,2024-04-29,2026-08-12T13:29:33.699965,loans.csv,1,MILD
7358,1157,33,2023-07-26,2023-08-09,2023-07-28,2026-08-12T13:29:33.699965,loans.csv,0,ON TIME
6993,2482,1,2024-11-24,2024-12-08,2024-11-28,2026-08-12T13:29:33.699965,loans.csv,0,ON TIME
1251,24,55,2024-07-07,2024-07-21,2024-07-21,2026-08-12T13:29:33.699965,loans.csv,0,ON TIME
4660,859,5,2022-10-30,2022-11-13,2022-11-01,2026-08-12T13:29:33.699965,loans.csv,0,ON TIME
5969,2066,22,2023-10-08,2023-10-22,2023-10-10,2026-08-12T13:29:33.699965,loans.csv,0,ON TIME
3065,729,2,2022-12-27,2023-01-10,2023-01-10,2026-08-12T13:29:33.699965,loans.csv,0,ON TIME
9601,2676,2,2023-08-29,2023-09-12,2023-08-31,2026-08-12T13:29:33.699965,loans.csv,0,ON TIME
8815,2548,1,2023-08-25,2023-09-08,2023-09-03,2026-08-12T13:29:33.699965,loans.csv,0,ON TIME
1585,182,3,2024-06-13,2024-06-27,2024-07-03,2026-08-12T13:29:33.699965,loans.csv,6,MILD
9493,1419,1,2024-05-08,2024-05-22,2024-06-27,2026-08-12T13:29:33.699965,loans.csv,36,CRITICAL
9514,2489,7,2024-05-01,2024-05-22,2024-05-17,2026-08-12T13:29:33.699965,loans.csv,0,ON TIME
4517,1785,4,2024-11-22,2024-12-06,2024-12-02,2026-08-12T13:29:33.699965,loans.csv,0,ON TIME
1599,1460,3,2024-10-10,2024-10-24,2024-10-29,2026-08-12T13:29:33.699965,loans.csv,5,MILD
8894,1811,1,2023-10-14,2023-10-28,2023-10-31,2026-08-12T13:29:33.699965,loans.csv,3,MILD
5443,2276,1,2022-08-04,2022-08-18,2022-08-06,2026-08-12T13:29:33.699965,loans.csv,0,ON TIME
8842,2724,13,2024-01-03,2024-01-17,2024-01-10,2026-08-12T13:29:33.699965,loans.csv,0,ON TIME
1203,1061,1,2023-11-15,2023-11-29,2023-11-27,2026-08-12T13:29:33.699965,loans.csv,0,ON TIME
1827,1522,15,2022-07-23,2022-08-13,2022-07-24,2026-08-12T13:29:33.699965,loans.csv,0,ON TIME
6643,2616,3,2024-12-22,2025-01-05,,2026-08-12T13:29:33.699965,loans.csv,584,CRITICAL
7380,1715,1,2022-10-13,2022-10-27,2022-10-29,2026-08-12T13:29:33.699965,loans.csv,2,MILD
1864,2639,1,2023-04-10,2023-04-24,2023-04-27,2026-08-12T13:29:33.699965,loans.csv,3,MILD
4211,2411,1,2023-05-23,2023-06-06,2023-06-01,2026-08-12T13:29:33.699965,loans.csv,0,ON TIME
6850,1951,3,2024-05-06,2024-05-20,2024-05-14,2026-08-12T13:29:33.699965,loans.csv,0,ON TIME
7066,2037,2,2024-08-26,2024-09-09,2024-09-07,2026-08-12T13:29:33.699965,loans.csv,0,ON TIME
867,1720,1,2024-08-03,2024-08-17,2024-08-13,2026-08-12T13:29:33.699965,loans.csv,0,ON TIME
9542,1713,4,2023-06-18,2023-07-09,2023-06-21,2026-08-12T13:29:33.699965,loans.csv,0,ON TIME
2397,714,6,2023-11-19,2023-12-03,2023-12-05,2026-08-12T13:29:33.699965,loans.csv,2,MILD
9559,2190,1,2024-08-09,2024-08-23,2024-08-25,2026-08-12T13:29:33.699965,loans.csv,2,MILD
1258,624,1,2022-08-04,2022-08-18,2022-08-25,2026-08-12T13:29:33.699965,loans.csv,7,MILD
3187,2379,1,2024-11-23,2024-12-07,2024-12-04,2026-08-12T13:29:33.699965,loans.csv,0,ON TIME
6774,1562,4,2023-03-13,2023-03-27,2023-03-22,2026-08-12T13:29:33.699965,loans.csv,0,ON TIME
8600,2253,3,2024-02-13,2024-02-27,2024-02-14,2026-08-12T13:29:33.699965,loans.csv,0,ON TIME
1981,774,1,2023-12-08,2023-12-22,2023-12-17,2026-08-12T13:29:33.699965,loans.csv,0,ON TIME
3516,1785,4,2024-11-03,2024-11-17,2024-11-05,2026-08-12T13:29:33.699965,loans.csv,0,ON TIME
775,559,1,2021-08-02,2021-08-16,2021-08-16,2026-08-12T13:29:33.699965,loans.csv,0,ON TIME
7532,1255,1,2024-12-21,2025-01-04,,2026-08-12T13:29:33.699965,loans.csv,585,CRITICAL
5367,750,1,2021-06-20,2021-07-04,2021-06-29,2026-08-12T13:29:33.699965,loans.csv,0,ON TIME
1026,2474,1,2023-03-11,2023-03-25,2023-03-30,2026-08-12T13:29:33.699965,loans.csv,5,MILD
7051,860,5,2022-09-09,2022-09-23,2022-09-20,2026-08-12T13:29:33.699965,loans.csv,0,ON TIME
5149,623,5,2024-03-28,2024-04-11,2024-04-17,2026-08-12T13:29:33.699965,loans.csv,6,MILD
1381,1755,1,2022-04-28,2022-05-19,,2026-08-12T13:29:33.699965,loans.csv,1546,CRITICAL
3482,2194,5,2024-07-23,2024-08-06,2024-08-03,2026-08-12T13:29:33.699965,loans.csv,0,ON TIME
915,1092,2,2021-09-13,2021-09-27,2021-09-19,2026-08-12T13:29:33.699965,loans.csv,0,ON TIME
900,61,15,2023-01-11,2023-01-25,2023-01-14,2026-08-12T13:29:33.699965,loans.csv,0,ON TIME
6895,1357,3,2024-08-01,2024-08-15,2024-08-20,2026-08-12T13:29:33.699965,loans.csv,5,MILD
7533,1105,2,2023-11-07,2023-11-28,2023-11-24,2026-08-12T13:29:33.699965,loans.csv,0,ON TIME
8399,59,10,2024-07-21,2024-08-04,2024-07-31,2026-08-12T13:29:33.699965,loans.csv,0,ON TIME
9584,2533,7,2024-11-15,2024-11-29,2024-11-17,2026-08-12T13:29:33.699965,loans.csv,0,ON TIME
4721,2325,12,2024-09-12,2024-09-26,2024-09-17,2026-08-12T13:29:33.699965,loans.csv,0,ON TIME
3714,1441,14,2024-10-18,2024-11-01,2024-11-01,2026-08-12T13:29:33.699965,loans.csv,0,ON TIME
1727,306,1,2024-10-06,2024-10-20,2024-10-16,2026-08-12T13:29:33.699965,loans.csv,0,ON TIME
8630,454,2,2023-11-27,2023-12-18,2023-11-30,2026-08-12T13:29:33.699965,loans.csv,0,ON TIME
5888,1949,13,2021-04-14,2021-05-05,2021-05-05,2026-08-12T13:29:33.699965,loans.csv,0,ON TIME
2502,662,128,2024-08-18,2024-09-01,2024-08-20,2026-08-12T13:29:33.699965,loans.csv,0,ON TIME
3912,2469,1,2022-08-21,2022-09-04,2022-09-10,2026-08-12T13:29:33.699965,loans.csv,6,MILD
255,2179,5,2024-07-13,2024-07-27,2024-08-27,2026-08-12T13:29:33.699965,loans.csv,31,CRITICAL
9535,731,2,2024-05-17,2024-05-31,2024-05-19,2026-08-12T13:29:33.699965,loans.csv,0,ON TIME
4532,128,2,2021-01-20,2021-02-10,2021-01-21,2026-08-12T13:29:33.699965,loans.csv,0,ON TIME
3255,284,1,2024-05-04,2024-05-18,2024-05-22,2026-08-12T13:29:33.699965,loans.csv,4,MILD
5620,1758,3,2024-10-15,2024-10-29,2024-10-22,2026-08-12T13:29:33.699965,loans.csv,0,ON TIME
7630,2152,2,2024-02-24,2024-03-09,2024-03-09,2026-08-12T13:29:33.699965,loans.csv,0,ON TIME
433,1891,1,2020-09-08,2020-09-22,,2026-08-12T13:29:33.699965,loans.csv,2150,CRITICAL
5416,1163,184,2024-12-10,2024-12-24,,2026-08-12T13:29:33.699965,loans.csv,596,CRITICAL
9551,2268,1,2020-08-10,2020-08-24,2020-08-23,2026-08-12T13:29:33.699965,loans.csv,0,ON TIME
8706,2113,2,2024-09-19,2024-10-03,2024-10-02,2026-08-12T13:29:33.699965,loans.csv,0,ON TIME
3440,677,2,2024-05-17,2024-05-31,2024-06-05,2026-08-12T13:29:33.699965,loans.csv,5,MILD
7587,2636,1,2024-06-15,2024-06-29,2024-06-20,2026-08-12T13:29:33.699965,loans.csv,0,ON TIME
5503,517,2,2020-06-22,2020-07-06,2020-07-02,2026-08-12T13:29:33.699965,loans.csv,0,ON TIME
4245,1400,1,2024-10-26,2024-11-09,2024-11-10,2026-08-12T13:29:33.699965,loans.csv,1,MILD
4775,1865,40,2024-05-03,2024-05-17,2024-05-19,2026-08-12T13:29:33.699965,loans.csv,2,MILD
4287,877,4,2024-07-26,2024-08-09,2024-09-12,2026-08-12T13:29:33.699965,loans.csv,34,CRITICAL
8769,1279,69,2024-10-10,2024-10-31,2024-10-24,2026-08-12T13:29:33.699965,loans.csv,0,ON TIME
3455,2061,2,2024-07-16,2024-07-30,2024-08-06,2026-08-12T13:29:33.699965,loans.csv,7,MILD
4696,392,4,2023-07-05,2023-07-19,,2026-08-12T13:29:33.699965,loans.csv,1120,CRITICAL
5543,2182,59,2024-10-04,2024-10-25,2024-10-07,2026-08-12T13:29:33.699965,loans.csv,0,ON TIME
6866,2776,1,2024-07-09,2024-07-23,2024-07-19,2026-08-12T13:29:33.699965,loans.csv,0,ON TIME
4272,1472,5,2024-12-12,2024-12-26,,2026-08-12T13:29:33.699965,loans.csv,594,CRITICAL
1448,147,4,2023-03-08,2023-03-22,2023-03-12,2026-08-12T13:29:33.699965,loans.csv,0,ON TIME
8330,1920,16,2021-03-01,2021-03-15,2021-03-21,2026-08-12T13:29:33.699965,loans.csv,6,MILD
258,661,2,2024-06-29,2024-07-13,2024-07-21,2026-08-12T13:29:33.699965,loans.csv,8,SEVERE
7029,1397,2,2023-11-24,2023-12-08,2023-12-16,2026-08-12T13:29:33.699965,loans.csv,8,SEVERE
651,1808,1,2023-11-30,2023-12-14,,2026-08-12T13:29:33.699965,loans.csv,972,CRITICAL
8774,1109,1,2022-12-26,2023-01-09,2023-01-09,2026-08-12T13:29:33.699965,loans.csv,0,ON TIME
3253,2267,2,2024-08-19,2024-09-02,2024-08-28,2026-08-12T13:29:33.699965,loans.csv,0,ON TIME
9122,1240,4,2024-03-29,2024-04-12,2024-04-04,2026-08-12T13:29:33.699965,loans.csv,0,ON TIME
1965,825,1,2024-03-25,2024-04-08,2024-03-31,2026-08-12T13:29:33.699965,loans.csv,0,ON TIME
8946,672,2,2023-10-09,2023-10-23,2023-10-27,2026-08-12T13:29:33.699965,loans.csv,4,MILD
7032,2544,1,2024-05-20,2024-06-03,2024-05-24,2026-08-12T13:29:33.699965,loans.csv,0,ON TIME
4160,2197,2,2022-03-10,2022-03-24,2022-03-20,2026-08-12T13:29:33.699965,loans.csv,0,ON TIME
1468,856,4,2024-06-20,2024-07-04,2024-06-23,2026-08-12T13:29:33.699965,loans.csv,0,ON TIME
8530,2143,1,2022-09-27,2022-10-11,2022-10-11,2026-08-12T13:29:33.699965,loans.csv,0,ON TIME
3672,1988,1,2021-10-18,2021-11-08,2021-11-05,2026-08-12T13:29:33.699965,loans.csv,0,ON TIME
7724,2119,10,2023-06-23,2023-07-07,2023-07-05,2026-08-12T13:29:33.699965,loans.csv,0,ON TIME
380,1427,32,2024-08-18,2024-09-01,2024-08-26,2026-08-12T13:29:33.699965,loans.csv,0,ON TIME
2033,295,17,2021-10-01,2021-10-15,2021-10-10,2026-08-12T13:29:33.699965,loans.csv,0,ON TIME
1742,800,1,2022-09-01,2022-09-15,2022-09-07,2026-08-12T13:29:33.699965,loans.csv,0,ON TIME
5236,2677,1,2024-02-07,2024-02-21,,2026-08-12T13:29:33.699965,loans.csv,903,CRITICAL
3105,632,2,2023-09-12,2023-10-03,2023-10-05,2026-08-12T13:29:33.699965,loans.csv,2,MILD
5615,846,7,2023-09-27,2023-10-11,,2026-08-12T13:29:33.699965,loans.csv,1036,CRITICAL
8974,1400,1,2024-09-09,2024-09-23,,2026-08-12T13:29:33.699965,loans.csv,688,CRITICAL
4058,1878,13,2024-11-08,2024-11-29,2024-11-26,2026-08-12T13:29:33.699965,loans.csv,0,ON TIME
4422,2115,1,2024-05-25,2024-06-08,2024-06-13,2026-08-12T13:29:33.699965,loans.csv,5,MILD
6289,1814,1,2024-10-25,2024-11-08,2024-10-31,2026-08-12T13:29:33.699965,loans.csv,0,ON TIME
9492,1452,83,2021-10-23,2021-11-06,2021-11-04,2026-08-12T13:29:33.699965,loans.csv,0,ON TIME
5177,684,2,2024-05-31,2024-06-14,2024-06-03,2026-08-12T13:29:33.699965,loans.csv,0,ON TIME
7373,629,1,2022-10-03,2022-10-17,2022-10-08,2026-08-12T13:29:33.699965,loans.csv,0,ON TIME
4554,615,4,2024-09-13,2024-09-27,2024-09-16,2026-08-12T13:29:33.699965,loans.csv,0,ON TIME
5710,1187,6,2021-09-14,2021-09-28,2021-09-22,2026-08-12T13:29:33.699965,loans.csv,0,ON TIME
143,324,1,2023-01-30,2023-02-13,,2026-08-12T13:29:33.699965,loans.csv,1276,CRITICAL
6938,2301,1,2023-06-11,2023-06-25,2023-07-04,2026-08-12T13:29:33.699965,loans.csv,9,SEVERE
772,2089,1,2022-09-13,2022-09-27,2022-09-22,2026-08-12T13:29:33.699965,loans.csv,0,ON TIME
5271,264,7,2024-09-07,2024-09-21,,2026-08-12T13:29:33.699965,loans.csv,690,CRITICAL
6900,2741,3,2024-01-06,2024-01-20,2024-01-22,2026-08-12T13:29:33.699965,loans.csv,2,MILD
9486,614,5,2023-03-11,2023-04-01,2023-04-06,2026-08-12T13:29:33.699965,loans.csv,5,MILD
4102,1614,1,2024-04-08,2024-04-22,2024-04-20,2026-08-12T13:29:33.699965,loans.csv,0,ON TIME
134,2410,189,2023-12-03,2023-12-17,2023-12-09,2026-08-12T13:29:33.699965,loans.csv,0,ON TIME
6592,351,1,2023-09-18,2023-10-02,2023-11-11,2026-08-12T13:29:33.699965,loans.csv,40,CRITICAL
6398,90,1,2022-11-09,2022-11-23,2022-11-11,2026-08-12T13:29:33.699965,loans.csv,0,ON TIME
4764,2481,1,2024-10-26,2024-11-09,2024-10-30,2026-08-12T13:29:33.699965,loans.csv,0,ON TIME
3971,2493,26,2022-11-02,2022-11-16,2022-11-04,2026-08-12T13:29:33.699965,loans.csv,0,ON TIME
6327,2764,5,2023-10-16,2023-10-30,,2026-08-12T13:29:33.699965,loans.csv,1017,CRITICAL
7624,2319,22,2024-11-24,2024-12-08,2024-12-10,2026-08-12T13:29:33.699965,loans.csv,2,MILD
1215,586,1,2021-10-14,2021-11-04,2021-10-30,2026-08-12T13:29:33.699965,loans.csv,0,ON TIME
3299,1529,1,2024-07-04,2024-07-18,2024-07-13,2026-08-12T13:29:33.699965,loans.csv,0,ON TIME
3969,866,3,2021-10-04,2021-10-18,2021-10-17,2026-08-12T13:29:33.699965,loans.csv,0,ON TIME
6196,1781,1,2021-01-19,2021-02-02,2021-02-01,2026-08-12T13:29:33.699965,loans.csv,0,ON TIME
8122,1869,3,2022-09-01,2022-09-15,2022-10-19,2026-08-12T13:29:33.699965,loans.csv,34,CRITICAL
9311,2510,1,2023-03-11,2023-03-25,2023-03-18,2026-08-12T13:29:33.699965,loans.csv,0,ON TIME
1126,2642,1,2024-06-21,2024-07-05,2024-06-23,2026-08-12T13:29:33.699965,loans.csv,0,ON TIME
1857,1276,9,2024-09-20,2024-10-04,2024-09-27,2026-08-12T13:29:33.699965,loans.csv,0,ON TIME
1653,2561,28,2023-02-22,2023-03-08,2023-03-14,2026-08-12T13:29:33.699965,loans.csv,6,MILD
929,894,7,2023-12-25,2024-01-08,2024-01-04,2026-08-12T13:29:33.699965,loans.csv,0,ON TIME
2598,1488,2,2022-03-28,2022-04-11,2022-04-10,2026-08-12T13:29:33.699965,loans.csv,0,ON TIME
441,1253,1,2022-12-13,2022-12-27,2022-12-19,2026-08-12T13:29:33.699965,loans.csv,0,ON TIME
5669,619,1,2024-08-23,2024-09-13,,2026-08-12T13:29:33.699965,loans.csv,698,CRITICAL
4600,2441,7,2022-04-05,2022-04-19,2022-04-12,2026-08-12T13:29:33.699965,loans.csv,0,ON TIME
5013,289,2,2024-10-30,2024-11-13,2024-11-07,2026-08-12T13:29:33.699965,loans.csv,0,ON TIME
5160,459,6,2022-10-27,2022-11-17,2022-10-29,2026-08-12T13:29:33.699965,loans.csv,0,ON TIME
4170,404,1,2024-01-07,2024-01-28,2024-01-24,2026-08-12T13:29:33.699965,loans.csv,0,ON TIME
9288,310,1,2023-05-05,2023-05-19,2023-05-12,2026-08-12T13:29:33.699965,loans.csv,0,ON TIME
977,2170,19,2024-10-20,2024-11-03,2024-11-09,2026-08-12T13:29:33.699965,loans.csv,6,MILD
6384,2458,1,2024-06-26,2024-07-10,2024-07-16,2026-08-12T13:29:33.699965,loans.csv,6,MILD
2946,929,1,2020-11-04,2020-11-25,2020-11-21,2026-08-12T13:29:33.699965,loans.csv,0,ON TIME
7321,2351,2,2023-10-31,2023-11-14,2023-11-01,2026-08-12T13:29:33.699965,loans.csv,0,ON TIME
6128,233,1,2024-04-12,2024-04-26,2024-04-18,2026-08-12T13:29:33.699965,loans.csv,0,ON TIME
7555,1061,1,2024-08-06,2024-08-20,2024-08-19,2026-08-12T13:29:33.699965,loans.csv,0,ON TIME
5178,656,1,2022-07-05,2022-07-19,2022-07-21,2026-08-12T13:29:33.699965,loans.csv,2,MILD
1462,195,1,2023-09-24,2023-10-08,2023-10-14,2026-08-12T13:29:33.699965,loans.csv,6,MILD
7693,342,16,2023-06-28,2023-07-12,,2026-08-12T13:29:33.699965,loans.csv,1127,CRITICAL
8647,1611,1,2024-09-03,2024-09-17,2024-09-04,2026-08-12T13:29:33.699965,loans.csv,0,ON TIME
9114,2199,1,2023-10-25,2023-11-08,2023-11-02,2026-08-12T13:29:33.699965,loans.csv,0,ON TIME
5401,740,1,2023-10-28,2023-11-11,2023-11-03,2026-08-12T13:29:33.699965,loans.csv,0,ON TIME
8810,2010,1,2024-08-25,2024-09-08,,2026-08-12T13:29:33.699965,loans.csv,703,CRITICAL
4579,1423,3,2024-03-20,2024-04-03,2024-05-07,2026-08-12T13:29:33.699965,loans.csv,34,CRITICAL
6557,1728,5,2023-05-22,2023-06-05,2023-05-23,2026-08-12T13:29:33.699965,loans.csv,0,ON TIME
7322,1048,1,2024-10-27,2024-11-10,2024-12-11,2026-08-12T13:29:33.699965,loans.csv,31,CRITICAL
642,2240,11,2024-08-06,2024-08-20,2024-08-15,2026-08-12T13:29:33.699965,loans.csv,0,ON TIME
2493,1002,178,2024-06-20,2024-07-04,2024-06-23,2026-08-12T13:29:33.699965,loans.csv,0,ON TIME
2017,1593,33,2020-07-13,2020-08-03,2020-09-17,2026-08-12T13:29:33.699965,loans.csv,45,CRITICAL
8227,282,1,2024-09-06,2024-09-20,2024-09-07,2026-08-12T13:29:33.699965,loans.csv,0,ON TIME
555,324,26,2023-11-22,2023-12-06,2023-11-28,2026-08-12T13:29:33.699965,loans.csv,0,ON TIME
776,2253,1,2021-11-25,2021-12-09,2021-12-08,2026-08-12T13:29:33.699965,loans.csv,0,ON TIME
21,930,3,2024-08-20,2024-09-10,2024-09-07,2026-08-12T13:29:33.699965,loans.csv,0,ON TIME
6296,1109,1,2022-07-23,2022-08-06,2022-08-10,2026-08-12T13:29:33.699965,loans.csv,4,MILD
5506,757,4,2022-12-13,2022-12-27,2022-12-23,2026-08-12T13:29:33.699965,loans.csv,0,ON TIME
2773,872,88,2024-09-23,2024-10-14,2024-10-09,2026-08-12T13:29:33.699965,loans.csv,0,ON TIME
6191,1592,2,2024-05-16,2024-05-30,2024-06-14,2026-08-12T13:29:33.699965,loans.csv,15,SEVERE
7642,54,6,2022-10-12,2022-10-26,2022-10-17,2026-08-12T13:29:33.699965,loans.csv,0,ON TIME
8325,888,1,2023-09-04,2023-09-18,,2026-08-12T13:29:33.699965,loans.csv,1059,CRITICAL
3803,261,2,2021-11-20,2021-12-04,2021-11-22,2026-08-12T13:29:33.699965,loans.csv,0,ON TIME
3959,2190,1,2024-08-09,2024-08-23,2024-08-25,2026-08-12T13:29:33.699965,loans.csv,2,MILD
1934,1157,1,2022-11-06,2022-11-20,2022-11-15,2026-08-12T13:29:33.699965,loans.csv,0,ON TIME
5196,2351,1,2023-04-03,2023-04-17,2023-04-13,2026-08-12T13:29:33.699965,loans.csv,0,ON TIME
7034,505,1,2023-10-07,2023-10-21,2023-10-12,2026-08-12T13:29:33.699965,loans.csv,0,ON TIME
8160,1800,1,2024-07-14,2024-07-28,2024-08-29,2026-08-12T13:29:33.699965,loans.csv,32,CRITICAL
5998,2250,1,2024-10-15,2024-10-29,2024-10-25,2026-08-12T13:29:33.699965,loans.csv,0,ON TIME
1557,719,1,2023-11-14,2023-12-05,2023-12-02,2026-08-12T13:29:33.699965,loans.csv,0,ON TIME
3944,2177,10,2023-09-13,2023-10-04,2023-09-14,2026-08-12T13:29:33.699965,loans.csv,0,ON TIME
5661,175,4,2020-09-03,2020-09-17,2020-09-23,2026-08-12T13:29:33.699965,loans.csv,6,MILD
2713,2324,1,2023-02-10,2023-02-24,,2026-08-12T13:29:33.699965,loans.csv,1265,CRITICAL
7677,51,1,2024-08-02,2024-08-16,2024-08-12,2026-08-12T13:29:33.699965,loans.csv,0,ON TIME
9528,2698,2,2022-12-12,2022-12-26,2022-12-20,2026-08-12T13:29:33.699965,loans.csv,0,ON TIME
8656,784,4,2024-10-22,2024-11-05,2024-11-05,2026-08-12T13:29:33.699965,loans.csv,0,ON TIME
793,1631,1,2021-07-05,2021-07-19,2021-07-06,2026-08-12T13:29:33.699965,loans.csv,0,ON TIME
6712,259,13,2021-04-20,2021-05-04,2021-05-03,2026-08-12T13:29:33.699965,loans.csv,0,ON TIME
4434,1729,1,2023-02-17,2023-03-03,2023-03-02,2026-08-12T13:29:33.699965,loans.csv,0,ON TIME
3034,1711,1,2021-12-04,2021-12-18,2021-12-07,2026-08-12T13:29:33.699965,loans.csv,0,ON TIME
5765,1459,3,2024-07-08,2024-07-22,2024-07-13,2026-08-12T13:29:33.699965,loans.csv,0,ON TIME
1164,2115,2,2024-08-28,2024-09-18,2024-09-13,2026-08-12T13:29:33.699965,loans.csv,0,ON TIME
4520,2693,3,2021-12-17,2021-12-31,2022-01-02,2026-08-12T13:29:33.699965,loans.csv,2,MILD
8873,2071,4,2024-06-19,2024-07-03,2024-06-21,2026-08-12T13:29:33.699965,loans.csv,0,ON TIME
5345,1916,3,2020-03-07,2020-03-21,2020-03-09,2026-08-12T13:29:33.699965,loans.csv,0,ON TIME
3927,780,1,2024-05-22,2024-06-12,,2026-08-12T13:29:33.699965,loans.csv,791,CRITICAL
7661,469,16,2022-05-13,2022-05-27,2022-05-24,2026-08-12T13:29:33.699965,loans.csv,0,ON TIME
3915,2756,77,2024-09-16,2024-09-30,2024-09-23,2026-08-12T13:29:33.699965,loans.csv,0,ON TIME
3765,1606,2,2022-10-27,2022-11-10,,2026-08-12T13:29:33.699965,loans.csv,1371,CRITICAL
2909,417,2,2021-10-04,2021-10-18,2021-10-18,2026-08-12T13:29:33.699965,loans.csv,0,ON TIME
4120,62,25,2022-09-30,2022-10-14,2022-11-12,2026-08-12T13:29:33.699965,loans.csv,29,SEVERE
868,1099,5,2024-01-05,2024-01-19,2024-01-24,2026-08-12T13:29:33.699965,loans.csv,5,MILD
743,1474,5,2021-12-21,2022-01-04,2022-02-03,2026-08-12T13:29:33.699965,loans.csv,30,SEVERE
9377,398,1,2022-11-20,2022-12-04,2022-11-22,2026-08-12T13:29:33.699965,loans.csv,0,ON TIME
1432,32,1,2023-04-08,2023-04-22,2023-04-11,2026-08-12T13:29:33.699965,loans.csv,0,ON TIME
8986,769,2,2024-07-17,2024-07-31,2024-07-18,2026-08-12T13:29:33.699965,loans.csv,0,ON TIME
406,1855,15,2023-07-17,2023-07-31,2023-07-19,2026-08-12T13:29:33.699965,loans.csv,0,ON TIME
6403,2383,2,2024-03-15,2024-03-29,2024-03-20,2026-08-12T13:29:33.699965,loans.csv,0,ON TIME
9214,2430,1,2023-09-14,2023-09-28,2023-09-24,2026-08-12T13:29:33.699965,loans.csv,0,ON TIME
968,1714,2,2024-09-30,2024-10-14,2024-10-18,2026-08-12T13:29:33.699965,loans.csv,4,MILD
8315,2144,1,2024-07-19,2024-08-02,2024-07-30,2026-08-12T13:29:33.699965,loans.csv,0,ON TIME
6754,1527,24,2022-02-24,2022-03-10,,2026-08-12T13:29:33.699965,loans.csv,1616,CRITICAL
5906,2506,1,2022-09-30,2022-10-14,,2026-08-12T13:29:33.699965,loans.csv,1398,CRITICAL
305,676,1,2024-05-02,2024-05-16,2024-05-12,2026-08-12T13:29:33.699965,loans.csv,0,ON TIME
5485,387,2,2022-05-23,2022-06-13,,2026-08-12T13:29:33.699965,loans.csv,1521,CRITICAL
1633,2767,1,2023-12-14,2023-12-28,2023-12-20,2026-08-12T13:29:33.699965,loans.csv,0,ON TIME
5720,978,3,2024-11-15,2024-11-29,2024-11-23,2026-08-12T13:29:33.699965,loans.csv,0,ON TIME
487,1970,3,2024-01-26,2024-02-09,2024-02-03,2026-08-12T13:29:33.699965,loans.csv,0,ON TIME
7853,1379,4,2021-09-22,2021-10-06,,2026-08-12T13:29:33.699965,loans.csv,1771,CRITICAL
4404,1663,1,2023-06-03,2023-06-17,2023-06-06,2026-08-12T13:29:33.699965,loans.csv,0,ON TIME
1977,338,2,2024-01-11,2024-01-25,,2026-08-12T13:29:33.699965,loans.csv,930,CRITICAL
8004,1549,2,2024-01-31,2024-02-21,2024-02-25,2026-08-12T13:29:33.699965,loans.csv,4,MILD
6589,492,4,2023-09-14,2023-09-28,2023-09-17,2026-08-12T13:29:33.699965,loans.csv,0,ON TIME
4840,2529,3,2024-06-27,2024-07-18,2024-07-02,2026-08-12T13:29:33.699965,loans.csv,0,ON TIME
5075,50,48,2022-08-17,2022-08-31,2022-09-02,2026-08-12T13:29:33.699965,loans.csv,2,MILD
5362,2044,10,2024-06-01,2024-06-15,,2026-08-12T13:29:33.699965,loans.csv,788,CRITICAL
940,1873,2,2023-12-14,2023-12-28,,2026-08-12T13:29:33.699965,loans.csv,958,CRITICAL
5150,1545,12,2023-02-15,2023-03-01,2023-03-06,2026-08-12T13:29:33.699965,loans.csv,5,MILD
5207,2377,5,2024-05-09,2024-05-23,2024-05-28,2026-08-12T13:29:33.699965,loans.csv,5,MILD
9232,402,1,2022-11-27,2022-12-11,2022-12-15,2026-08-12T13:29:33.699965,loans.csv,4,MILD
8657,1077,1,2024-11-14,2024-11-28,2024-12-01,2026-08-12T13:29:33.699965,loans.csv,3,MILD
205,1886,3,2024-06-18,2024-07-02,2024-06-22,2026-08-12T13:29:33.699965,loans.csv,0,ON TIME
6928,831,1,2022-08-04,2022-08-18,,2026-08-12T13:29:33.699965,loans.csv,1455,CRITICAL
990,1021,2,2024-11-18,2024-12-02,2024-11-25,2026-08-12T13:29:33.699965,loans.csv,0,ON TIME
5707,2765,1,2023-05-26,2023-06-09,2023-05-28,2026-08-12T13:29:33.699965,loans.csv,0,ON TIME
8554,2493,9,2021-09-13,2021-09-27,2021-09-20,2026-08-12T13:29:33.699965,loans.csv,0,ON TIME
6955,2783,2,2024-11-23,2024-12-07,2024-11-30,2026-08-12T13:29:33.699965,loans.csv,0,ON TIME
5794,2386,48,2021-08-11,2021-08-25,,2026-08-12T13:29:33.699965,loans.csv,1813,CRITICAL
8521,1187,16,2024-05-16,2024-05-30,2024-05-18,2026-08-12T13:29:33.699965,loans.csv,0,ON TIME
4179,1954,1,2024-10-16,2024-11-06,2024-10-29,2026-08-12T13:29:33.699965,loans.csv,0,ON TIME
905,2158,81,2024-09-14,2024-09-28,2024-09-27,2026-08-12T13:29:33.699965,loans.csv,0,ON TIME
664,2220,1,2021-04-05,2021-04-26,2021-04-22,2026-08-12T13:29:33.699965,loans.csv,0,ON TIME
7967,264,1,2024-06-03,2024-06-17,2024-06-19,2026-08-12T13:29:33.699965,loans.csv,2,MILD
3195,1859,1,2024-03-10,2024-03-24,2024-03-21,2026-08-12T13:29:33.699965,loans.csv,0,ON TIME
832,1225,1,2020-06-03,2020-06-24,2020-07-01,2026-08-12T13:29:33.699965,loans.csv,7,MILD
403,831,7,2024-06-11,2024-06-25,2024-06-21,2026-08-12T13:29:33.699965,loans.csv,0,ON TIME
842,638,8,2024-06-05,2024-06-19,2024-06-14,2026-08-12T13:29:33.699965,loans.csv,0,ON TIME
6260,770,2,2022-12-22,2023-01-05,2023-01-12,2026-08-12T13:29:33.699965,loans.csv,7,MILD
6680,1114,2,2024-11-25,2024-12-09,,2026-08-12T13:29:33.699965,loans.csv,611,CRITICAL
59,1809,9,2024-07-29,2024-08-12,,2026-08-12T13:29:33.699965,loans.csv,730,CRITICAL
9179,1171,1,2023-02-03,2023-02-17,2023-02-15,2026-08-12T13:29:33.699965,loans.csv,0,ON TIME
1489,2046,2,2024-10-14,2024-11-04,2024-10-25,2026-08-12T13:29:33.699965,loans.csv,0,ON TIME
1722,2663,1,2022-12-06,2022-12-20,2022-12-14,2026-08-12T13:29:33.699965,loans.csv,0,ON TIME
8156,1846,1,2024-11-22,2024-12-06,2024-11-30,2026-08-12T13:29:33.699965,loans.csv,0,ON TIME
8931,2610,1,2022-05-09,2022-05-23,2022-05-17,2026-08-12T13:29:33.699965,loans.csv,0,ON TIME
5988,1563,2,2024-05-15,2024-05-29,2024-05-16,2026-08-12T13:29:33.699965,loans.csv,0,ON TIME
7647,338,30,2024-06-12,2024-06-26,2024-07-03,2026-08-12T13:29:33.699965,loans.csv,7,MILD
6882,700,1,2021-12-27,2022-01-10,2022-01-03,2026-08-12T13:29:33.699965,loans.csv,0,ON TIME
2085,615,1,2024-05-28,2024-06-11,2024-06-01,2026-08-12T13:29:33.699965,loans.csv,0,ON TIME
9111,2322,14,2024-06-20,2024-07-04,,2026-08-12T13:29:33.699965,loans.csv,769,CRITICAL
4361,273,1,2023-09-06,2023-09-20,2023-09-15,2026-08-12T13:29:33.699965,loans.csv,0,ON TIME
3768,2701,4,2023-12-26,2024-01-16,2024-01-01,2026-08-12T13:29:33.699965,loans.csv,0,ON TIME
5558,2262,1,2024-11-27,2024-12-11,2024-12-14,2026-08-12T13:29:33.699965,loans.csv,3,MILD
893,950,10,2023-10-22,2023-11-05,,2026-08-12T13:29:33.699965,loans.csv,1011,CRITICAL
355,2541,1,2021-02-08,2021-02-22,2021-02-11,2026-08-12T13:29:33.699965,loans.csv,0,ON TIME
8045,420,1,2021-09-20,2021-10-04,2021-10-02,2026-08-12T13:29:33.699965,loans.csv,0,ON TIME
8379,881,3,2024-12-14,2024-12-28,,2026-08-12T13:29:33.699965,loans.csv,592,CRITICAL
4494,1573,1,2024-09-19,2024-10-03,,2026-08-12T13:29:33.699965,loans.csv,678,CRITICAL
7382,850,2,2024-05-19,2024-06-02,2024-05-23,2026-08-12T13:29:33.699965,loans.csv,0,ON TIME
8928,1785,1,2024-12-25,2025-01-08,,2026-08-12T13:29:33.699965,loans.csv,581,CRITICAL
1546,2540,2,2023-01-27,2023-02-10,2023-02-03,2026-08-12T13:29:33.699965,loans.csv,0,ON TIME
1090,682,1,2024-06-12,2024-06-26,2024-06-23,2026-08-12T13:29:33.699965,loans.csv,0,ON TIME
6247,1573,4,2024-12-26,2025-01-09,,2026-08-12T13:29:33.699965,loans.csv,580,CRITICAL
8819,2092,3,2024-09-04,2024-09-18,2024-09-06,2026-08-12T13:29:33.699965,loans.csv,0,ON TIME
3622,2580,33,2020-03-22,2020-04-05,2020-04-03,2026-08-12T13:29:33.699965,loans.csv,0,ON TIME
3361,1339,1,2024-04-24,2024-05-08,2024-05-01,2026-08-12T13:29:33.699965,loans.csv,0,ON TIME
2329,1971,1,2024-11-12,2024-11-26,2024-11-30,2026-08-12T13:29:33.699965,loans.csv,4,MILD
1706,2102,1,2024-08-26,2024-09-09,2024-08-28,2026-08-12T13:29:33.699965,loans.csv,0,ON TIME
7095,1761,8,2023-10-16,2023-10-30,2023-10-19,2026-08-12T13:29:33.699965,loans.csv,0,ON TIME
7037,1988,2,2024-08-11,2024-08-25,2024-08-28,2026-08-12T13:29:33.699965,loans.csv,3,MILD
5647,1030,131,2024-03-08,2024-03-22,2024-03-23,2026-08-12T13:29:33.699965,loans.csv,1,MILD
7632,1659,1,2021-07-10,2021-07-24,,2026-08-12T13:29:33.699965,loans.csv,1845,CRITICAL
3424,1178,11,2024-07-30,2024-08-13,2024-09-08,2026-08-12T13:29:33.699965,loans.csv,26,SEVERE
1968,2311,11,2024-12-01,2024-12-15,2024-12-10,2026-08-12T13:29:33.699965,loans.csv,0,ON TIME
8610,2783,3,2024-10-08,2024-10-22,2024-10-26,2026-08-12T13:29:33.699965,loans.csv,4,MILD
7237,2206,1,2022-04-27,2022-05-11,2022-04-28,2026-08-12T13:29:33.699965,loans.csv,0,ON TIME
6318,400,1,2023-09-14,2023-09-28,,2026-08-12T13:29:33.699965,loans.csv,1049,CRITICAL
5478,2764,1,2023-02-18,2023-03-04,2023-03-01,2026-08-12T13:29:33.699965,loans.csv,0,ON TIME
3588,674,1,2024-06-16,2024-06-30,2024-06-25,2026-08-12T13:29:33.699965,loans.csv,0,ON TIME
3956,311,2,2023-12-16,2023-12-30,,2026-08-12T13:29:33.699965,loans.csv,956,CRITICAL
9415,2017,4,2022-08-02,2022-08-23,2022-08-09,2026-08-12T13:29:33.699965,loans.csv,0,ON TIME
5549,935,2,2022-09-17,2022-10-01,2022-10-05,2026-08-12T13:29:33.699965,loans.csv,4,MILD
8274,1716,1,2022-01-28,2022-02-11,2022-02-01,2026-08-12T13:29:33.699965,loans.csv,0,ON TIME
6209,1211,1,2023-05-27,2023-06-10,2023-06-03,2026-08-12T13:29:33.699965,loans.csv,0,ON TIME
9084,888,16,2023-09-16,2023-09-30,2023-10-02,2026-08-12T13:29:33.699965,loans.csv,2,MILD
8605,970,77,2024-07-10,2024-07-24,2024-07-23,2026-08-12T13:29:33.699965,loans.csv,0,ON TIME
6699,2119,1,2024-05-03,2024-05-17,2024-05-22,2026-08-12T13:29:33.699965,loans.csv,5,MILD
506,2445,4,2024-10-27,2024-11-10,2024-11-16,2026-08-12T13:29:33.699965,loans.csv,6,MILD
9592,646,52,2022-10-05,2022-10-19,2022-10-07,2026-08-12T13:29:33.699965,loans.csv,0,ON TIME
8714,2459,6,2024-07-13,2024-07-27,2024-08-29,2026-08-12T13:29:33.699965,loans.csv,33,CRITICAL
6897,640,43,2023-11-09,2023-11-23,2023-12-23,2026-08-12T13:29:33.699965,loans.csv,30,SEVERE
5965,2558,2,2021-06-08,2021-06-22,2021-07-14,2026-08-12T13:29:33.699965,loans.csv,22,SEVERE
7500,1766,1,2024-05-08,2024-05-22,2024-05-12,2026-08-12T13:29:33.699965,loans.csv,0,ON TIME
3812,402,2,2024-06-24,2024-07-08,,2026-08-12T13:29:33.699965,loans.csv,765,CRITICAL
9272,1303,2,2024-09-05,2024-09-19,,2026-08-12T13:29:33.699965,loans.csv,692,CRITICAL
4024,2084,4,2022-09-15,2022-09-29,2022-09-25,2026-08-12T13:29:33.699965,loans.csv,0,ON TIME
8958,2745,2,2024-04-23,2024-05-07,2024-04-29,2026-08-12T13:29:33.699965,loans.csv,0,ON TIME
1149,1479,1,2022-08-27,2022-09-10,2022-09-06,2026-08-12T13:29:33.699965,loans.csv,0,ON TIME
1070,301,1,2022-03-20,2022-04-03,2022-04-01,2026-08-12T13:29:33.699965,loans.csv,0,ON TIME
5938,848,2,2024-11-02,2024-11-16,2024-11-13,2026-08-12T13:29:33.699965,loans.csv,0,ON TIME
4838,1371,5,2024-11-02,2024-11-16,2024-11-17,2026-08-12T13:29:33.699965,loans.csv,1,MILD
4706,2589,1,2024-09-13,2024-09-27,2024-09-19,2026-08-12T13:29:33.699965,loans.csv,0,ON TIME
3456,2797,1,2022-04-12,2022-04-26,2022-04-16,2026-08-12T13:29:33.699965,loans.csv,0,ON TIME
3861,1349,14,2021-03-25,2021-04-15,2021-04-16,2026-08-12T13:29:33.699965,loans.csv,1,MILD
7988,2468,3,2023-08-26,2023-09-09,2023-09-16,2026-08-12T13:29:33.699965,loans.csv,7,MILD
8637,2330,1,2022-08-29,2022-09-12,,2026-08-12T13:29:33.699965,loans.csv,1430,CRITICAL
8997,1832,8,2024-02-13,2024-03-05,2024-02-26,2026-08-12T13:29:33.699965,loans.csv,0,ON TIME
4948,1798,1,2023-12-20,2024-01-03,2023-12-29,2026-08-12T13:29:33.699965,loans.csv,0,ON TIME
7088,871,1,2022-12-22,2023-01-05,2023-01-03,2026-08-12T13:29:33.699965,loans.csv,0,ON TIME
9387,49,1,2023-11-30,2023-12-14,2023-12-13,2026-08-12T13:29:33.699965,loans.csv,0,ON TIME
2522,105,1,2024-11-04,2024-11-18,2024-11-15,2026-08-12T13:29:33.699965,loans.csv,0,ON TIME
9467,2039,1,2024-12-23,2025-01-06,,2026-08-12T13:29:33.699965,loans.csv,583,CRITICAL
4795,477,1,2023-09-17,2023-10-01,2023-10-04,2026-08-12T13:29:33.699965,loans.csv,3,MILD
7401,1909,2,2024-03-14,2024-03-28,2024-03-28,2026-08-12T13:29:33.699965,loans.csv,0,ON TIME
2310,1376,1,2021-07-29,2021-08-12,2021-08-12,2026-08-12T13:29:33.699965,loans.csv,0,ON TIME
3785,559,1,2021-07-09,2021-07-30,2021-07-25,2026-08-12T13:29:33.699965,loans.csv,0,ON TIME
8866,1884,47,2024-03-15,2024-03-29,2024-03-19,2026-08-12T13:29:33.699965,loans.csv,0,ON TIME
2704,1656,63,2024-10-11,2024-10-25,2024-10-25,2026-08-12T13:29:33.699965,loans.csv,0,ON TIME
4279,127,1,2022-05-23,2022-06-06,,2026-08-12T13:29:33.699965,loans.csv,1528,CRITICAL
5014,2373,1,2023-03-23,2023-04-06,2023-04-12,2026-08-12T13:29:33.699965,loans.csv,6,MILD
7135,2704,1,2022-03-22,2022-04-05,2022-04-03,2026-08-12T13:29:33.699965,loans.csv,0,ON TIME
8033,2752,1,2024-10-25,2024-11-15,,2026-08-12T13:29:33.699965,loans.csv,635,CRITICAL
4037,472,11,2022-11-20,2022-12-04,,2026-08-12T13:29:33.699965,loans.csv,1347,CRITICAL
2395,394,10,2024-07-08,2024-07-29,2024-08-01,2026-08-12T13:29:33.699965,loans.csv,3,MILD
4123,205,1,2024-11-14,2024-11-28,2024-11-17,2026-08-12T13:29:33.699965,loans.csv,0,ON TIME
4949,667,3,2024-11-28,2024-12-12,2024-12-04,2026-08-12T13:29:33.699965,loans.csv,0,ON TIME
6528,1883,35,2021-11-01,2021-11-15,,2026-08-12T13:29:33.699965,loans.csv,1731,CRITICAL
5352,1543,1,2024-11-05,2024-11-19,2024-11-22,2026-08-12T13:29:33.699965,loans.csv,3,MILD
4825,2259,8,2024-07-27,2024-08-17,2024-08-01,2026-08-12T13:29:33.699965,loans.csv,0,ON TIME
9228,638,2,2024-04-16,2024-04-30,,2026-08-12T13:29:33.699965,loans.csv,834,CRITICAL
7470,599,1,2024-11-29,2024-12-13,2024-12-13,2026-08-12T13:29:33.699965,loans.csv,0,ON TIME
8590,612,1,2020-05-19,2020-06-02,2020-05-21,2026-08-12T13:29:33.699965,loans.csv,0,ON TIME
9195,1128,22,2024-11-19,2024-12-03,2024-12-06,2026-08-12T13:29:33.699965,loans.csv,3,MILD
8385,1847,1,2024-11-17,2024-12-01,2024-12-07,2026-08-12T13:29:33.699965,loans.csv,6,MILD
8784,1523,1,2023-11-25,2023-12-09,2023-12-02,2026-08-12T13:29:33.699965,loans.csv,0,ON TIME
6060,1166,7,2023-05-03,2023-05-17,2023-05-15,2026-08-12T13:29:33.699965,loans.csv,0,ON TIME
1324,636,58,2022-10-08,2022-10-22,2022-10-25,2026-08-12T13:29:33.699965,loans.csv,3,MILD
2025,2119,5,2022-11-21,2022-12-05,2022-12-03,2026-08-12T13:29:33.699965,loans.csv,0,ON TIME
6908,1219,1,2022-12-27,2023-01-10,2023-02-21,2026-08-12T13:29:33.699965,loans.csv,42,CRITICAL
9171,2349,1,2020-10-06,2020-10-20,2020-10-11,2026-08-12T13:29:33.699965,loans.csv,0,ON TIME
6906,1440,3,2023-05-07,2023-05-21,2023-05-14,2026-08-12T13:29:33.699965,loans.csv,0,ON TIME
7275,2781,1,2022-12-23,2023-01-06,2023-01-11,2026-08-12T13:29:33.699965,loans.csv,5,MILD
6617,2765,1,2023-06-14,2023-06-28,2023-06-17,2026-08-12T13:29:33.699965,loans.csv,0,ON TIME
6488,2748,6,2022-07-31,2022-08-14,,2026-08-12T13:29:33.699965,loans.csv,1459,CRITICAL
1457,1423,3,2024-02-14,2024-02-28,2024-02-16,2026-08-12T13:29:33.699965,loans.csv,0,ON TIME
374,1780,1,2024-12-10,2024-12-24,2024-12-14,2026-08-12T13:29:33.699965,loans.csv,0,ON TIME
7252,1932,1,2020-09-06,2020-09-20,2020-09-21,2026-08-12T13:29:33.699965,loans.csv,1,MILD
1602,2425,8,2023-11-30,2023-12-14,2023-12-01,2026-08-12T13:29:33.699965,loans.csv,0,ON TIME
7594,86,1,2024-05-10,2024-05-24,2024-05-28,2026-08-12T13:29:33.699965,loans.csv,4,MILD
8961,771,10,2020-11-07,2020-11-28,2020-11-22,2026-08-12T13:29:33.699965,loans.csv,0,ON TIME
6093,683,2,2022-08-18,2022-09-01,2022-08-21,2026-08-12T13:29:33.699965,loans.csv,0,ON TIME
514,928,17,2024-12-15,2024-12-29,,2026-08-12T13:29:33.699965,loans.csv,591,CRITICAL
8073,1493,5,2023-05-25,2023-06-08,2023-06-02,2026-08-12T13:29:33.699965,loans.csv,0,ON TIME
9248,2025,1,2023-10-23,2023-11-06,2023-11-03,2026-08-12T13:29:33.699965,loans.csv,0,ON TIME
1044,2756,4,2024-05-11,2024-05-25,2024-05-28,2026-08-12T13:29:33.699965,loans.csv,3,MILD
9119,1926,1,2020-02-13,2020-03-05,2020-02-23,2026-08-12T13:29:33.699965,loans.csv,0,ON TIME
3612,1299,1,2023-06-02,2023-06-16,2023-06-08,2026-08-12T13:29:33.699965,loans.csv,0,ON TIME
4505,2449,48,2024-08-25,2024-09-08,2024-08-29,2026-08-12T13:29:33.699965,loans.csv,0,ON TIME
1187,449,7,2022-07-11,2022-07-25,2022-09-08,2026-08-12T13:29:33.699965,loans.csv,45,CRITICAL
5843,1952,2,2024-10-01,2024-10-15,2024-10-15,2026-08-12T13:29:33.699965,loans.csv,0,ON TIME
7239,1167,1,2024-06-05,2024-06-19,2024-06-08,2026-08-12T13:29:33.699965,loans.csv,0,ON TIME
1421,1383,1,2024-12-18,2025-01-01,,2026-08-12T13:29:33.699965,loans.csv,588,CRITICAL
8662,2522,1,2024-12-19,2025-01-02,,2026-08-12T13:29:33.699965,loans.csv,587,CRITICAL
7294,229,1,2022-03-10,2022-03-24,2022-03-13,2026-08-12T13:29:33.699965,loans.csv,0,ON TIME
387,1522,8,2021-11-24,2021-12-08,2021-12-05,2026-08-12T13:29:33.699965,loans.csv,0,ON TIME
6744,2626,2,2023-05-02,2023-05-16,2023-05-20,2026-08-12T13:29:33.699965,loans.csv,4,MILD
8431,1814,1,2024-05-21,2024-06-04,2024-05-26,2026-08-12T13:29:33.699965,loans.csv,0,ON TIME
3251,2023,7,2024-02-01,2024-02-15,2024-02-15,2026-08-12T13:29:33.699965,loans.csv,0,ON TIME
6665,1948,5,2023-11-27,2023-12-11,2023-12-01,2026-08-12T13:29:33.699965,loans.csv,0,ON TIME
3778,1441,17,2024-05-28,2024-06-11,,2026-08-12T13:29:33.699965,loans.csv,792,CRITICAL
6051,930,1,2024-12-06,2024-12-20,,2026-08-12T13:29:33.699965,loans.csv,600,CRITICAL
3418,168,1,2024-12-08,2024-12-22,,2026-08-12T13:29:33.699965,loans.csv,598,CRITICAL
3178,69,2,2022-06-26,2022-07-10,2022-07-16,2026-08-12T13:29:33.699965,loans.csv,6,MILD
8099,2088,8,2024-01-27,2024-02-10,2024-02-15,2026-08-12T13:29:33.699965,loans.csv,5,MILD
187,2077,5,2024-02-17,2024-03-02,,2026-08-12T13:29:33.699965,loans.csv,893,CRITICAL
4496,1982,22,2024-04-21,2024-05-12,2024-05-25,2026-08-12T13:29:33.699965,loans.csv,13,SEVERE
6913,103,1,2021-12-10,2021-12-24,2021-12-26,2026-08-12T13:29:33.699965,loans.csv,2,MILD
3400,635,98,2023-11-07,2023-11-21,2023-11-17,2026-08-12T13:29:33.699965,loans.csv,0,ON TIME
8678,366,11,2022-06-13,2022-06-27,2022-06-17,2026-08-12T13:29:33.699965,loans.csv,0,ON TIME
240,2094,5,2024-10-26,2024-11-09,2024-11-07,2026-08-12T13:29:33.699965,loans.csv,0,ON TIME
4844,913,1,2024-10-25,2024-11-08,,2026-08-12T13:29:33.699965,loans.csv,642,CRITICAL
1788,2723,32,2024-08-29,2024-09-12,2024-09-12,2026-08-12T13:29:33.699965,loans.csv,0,ON TIME
3624,2025,153,2022-01-02,2022-01-16,2022-01-22,2026-08-12T13:29:33.699965,loans.csv,6,MILD
7148,700,1,2021-02-11,2021-02-25,2021-03-21,2026-08-12T13:29:33.699965,loans.csv,24,SEVERE
3808,2483,4,2024-09-12,2024-09-26,2024-09-23,2026-08-12T13:29:33.699965,loans.csv,0,ON TIME
6416,1672,4,2024-11-28,2024-12-12,2024-12-18,2026-08-12T13:29:33.699965,loans.csv,6,MILD
4217,2774,2,2023-10-14,2023-10-28,2023-10-30,2026-08-12T13:29:33.699965,loans.csv,2,MILD
6141,2313,40,2020-09-26,2020-10-17,2020-10-03,2026-08-12T13:29:33.699965,loans.csv,0,ON TIME
9012,860,69,2023-09-05,2023-09-19,2023-09-16,2026-08-12T13:29:33.699965,loans.csv,0,ON TIME
2244,668,3,2024-04-13,2024-05-04,2024-05-09,2026-08-12T13:29:33.699965,loans.csv,5,MILD
9169,1743,167,2021-10-29,2021-11-12,2021-11-07,2026-08-12T13:29:33.699965,loans.csv,0,ON TIME
6443,736,1,2023-10-06,2023-10-20,2023-10-27,2026-08-12T13:29:33.699965,loans.csv,7,MILD
1415,2602,5,2024-10-10,2024-10-24,2024-10-25,2026-08-12T13:29:33.699965,loans.csv,1,MILD
6647,880,5,2022-04-05,2022-04-19,2022-04-11,2026-08-12T13:29:33.699965,loans.csv,0,ON TIME
5937,1083,60,2023-05-21,2023-06-04,,2026-08-12T13:29:33.699965,loans.csv,1165,CRITICAL
7861,20,2,2023-06-07,2023-06-21,2023-06-25,2026-08-12T13:29:33.699965,loans.csv,4,MILD
2497,674,15,2022-10-12,2022-10-26,2022-10-20,2026-08-12T13:29:33.699965,loans.csv,0,ON TIME
9252,1596,30,2023-05-05,2023-05-19,2023-05-07,2026-08-12T13:29:33.699965,loans.csv,0,ON TIME
8350,187,1,2022-05-17,2022-05-31,2022-05-26,2026-08-12T13:29:33.699965,loans.csv,0,ON TIME
8504,2451,3,2022-08-01,2022-08-15,2022-08-11,2026-08-12T13:29:33.699965,loans.csv,0,ON TIME
5651,1423,1,2023-07-31,2023-08-14,2023-08-01,2026-08-12T13:29:33.699965,loans.csv,0,ON TIME
8498,1052,1,2024-08-01,2024-08-15,2024-08-12,2026-08-12T13:29:33.699965,loans.csv,0,ON TIME
9103,1977,2,2022-11-04,2022-11-18,2022-11-20,2026-08-12T13:29:33.699965,loans.csv,2,MILD
271,2023,1,2021-10-07,2021-10-21,2021-10-19,2026-08-12T13:29:33.699965,loans.csv,0,ON TIME
2823,2394,1,2024-09-21,2024-10-05,2024-10-05,2026-08-12T13:29:33.699965,loans.csv,0,ON TIME
1319,1033,44,2022-03-22,2022-04-05,2022-03-25,2026-08-12T13:29:33.699965,loans.csv,0,ON TIME
494,1499,1,2024-10-27,2024-11-10,2024-10-29,2026-08-12T13:29:33.699965,loans.csv,0,ON TIME
7905,2719,1,2021-03-01,2021-03-15,2021-03-06,2026-08-12T13:29:33.699965,loans.csv,0,ON TIME
2508,1623,1,2024-10-06,2024-10-20,2024-10-26,2026-08-12T13:29:33.699965,loans.csv,6,MILD
5649,1767,7,2022-08-14,2022-08-28,2022-09-02,2026-08-12T13:29:33.699965,loans.csv,5,MILD
2234,186,2,2023-02-25,2023-03-18,,2026-08-12T13:29:33.699965,loans.csv,1243,CRITICAL
2022,1529,3,2024-02-08,2024-02-22,2024-02-12,2026-08-12T13:29:33.699965,loans.csv,0,ON TIME
5001,2423,96,2024-04-26,2024-05-10,2024-05-10,2026-08-12T13:29:33.699965,loans.csv,0,ON TIME
8191,1081,4,2024-10-20,2024-11-03,2024-10-24,2026-08-12T13:29:33.699965,loans.csv,0,ON TIME
2364,1680,5,2022-09-06,2022-09-20,,2026-08-12T13:29:33.699965,loans.csv,1422,CRITICAL
2375,1967,13,2021-07-24,2021-08-07,2021-08-16,2026-08-12T13:29:33.699965,loans.csv,9,SEVERE
4647,1522,1,2020-03-06,2020-03-20,2020-03-19,2026-08-12T13:29:33.699965,loans.csv,0,ON TIME
5358,492,51,2023-10-26,2023-11-09,2023-11-13,2026-08-12T13:29:33.699965,loans.csv,4,MILD
3100,128,3,2021-08-20,2021-09-03,,2026-08-12T13:29:33.699965,loans.csv,1804,CRITICAL
470,2743,1,2024-11-27,2024-12-11,2025-01-16,2026-08-12T13:29:33.699965,loans.csv,36,CRITICAL
457,2459,2,2024-09-29,2024-10-13,2024-10-05,2026-08-12T13:29:33.699965,loans.csv,0,ON TIME
4760,1942,4,2024-08-13,2024-08-27,2024-08-24,2026-08-12T13:29:33.699965,loans.csv,0,ON TIME
4719,2190,169,2021-06-25,2021-07-09,2021-07-13,2026-08-12T13:29:33.699965,loans.csv,4,MILD
7668,920,1,2024-08-31,2024-09-14,,2026-08-12T13:29:33.699965,loans.csv,697,CRITICAL
458,1761,15,2021-10-31,2021-11-14,2021-11-11,2026-08-12T13:29:33.699965,loans.csv,0,ON TIME
7810,2158,7,2023-05-15,2023-05-29,,2026-08-12T13:29:33.699965,loans.csv,1171,CRITICAL
830,2469,22,2023-09-24,2023-10-08,,2026-08-12T13:29:33.699965,loans.csv,1039,CRITICAL
1878,2106,1,2023-05-29,2023-06-12,2023-05-30,2026-08-12T13:29:33.699965,loans.csv,0,ON TIME
3757,1047,19,2023-01-08,2023-01-22,2023-01-09,2026-08-12T13:29:33.699965,loans.csv,0,ON TIME
2318,2496,14,2020-11-23,2020-12-07,,2026-08-12T13:29:33.699965,loans.csv,2074,CRITICAL
3517,1353,1,2021-11-23,2021-12-07,,2026-08-12T13:29:33.699965,loans.csv,1709,CRITICAL
878,331,2,2022-10-06,2022-10-20,2022-10-10,2026-08-12T13:29:33.699965,loans.csv,0,ON TIME
3645,2701,2,2023-07-10,2023-07-24,2023-07-20,2026-08-12T13:29:33.699965,loans.csv,0,ON TIME
9552,862,44,2024-02-09,2024-02-23,2024-02-26,2026-08-12T13:29:33.699965,loans.csv,3,MILD
5,1819,11,2024-07-19,2024-08-02,2024-07-22,2026-08-12T13:29:33.699965,loans.csv,0,ON TIME
6184,1767,14,2023-06-18,2023-07-02,2023-07-03,2026-08-12T13:29:33.699965,loans.csv,1,MILD
6983,2537,1,2024-11-23,2024-12-14,2025-01-23,2026-08-12T13:29:33.699965,loans.csv,40,CRITICAL
4920,655,1,2023-01-06,2023-01-20,2023-01-13,2026-08-12T13:29:33.699965,loans.csv,0,ON TIME
3653,2373,1,2024-09-12,2024-09-26,,2026-08-12T13:29:33.699965,loans.csv,685,CRITICAL
4892,988,1,2024-12-20,2025-01-03,,2026-08-12T13:29:33.699965,loans.csv,586,CRITICAL
9273,417,16,2024-12-26,2025-01-09,,2026-08-12T13:29:33.699965,loans.csv,580,CRITICAL
2740,2687,2,2024-08-05,2024-08-19,2024-08-15,2026-08-12T13:29:33.699965,loans.csv,0,ON TIME
4807,1095,1,2023-01-10,2023-01-31,2023-02-02,2026-08-12T13:29:33.699965,loans.csv,2,MILD
4691,347,1,2024-10-16,2024-10-30,2024-10-24,2026-08-12T13:29:33.699965,loans.csv,0,ON TIME
4208,444,1,2022-10-13,2022-10-27,2022-10-24,2026-08-12T13:29:33.699965,loans.csv,0,ON TIME
6769,346,188,2024-05-14,2024-06-04,2024-05-18,2026-08-12T13:29:33.699965,loans.csv,0,ON TIME
7118,1233,4,2024-06-13,2024-06-27,2024-06-19,2026-08-12T13:29:33.699965,loans.csv,0,ON TIME
9397,2791,1,2024-07-23,2024-08-06,2024-08-06,2026-08-12T13:29:33.699965,loans.csv,0,ON TIME
7718,769,2,2024-07-16,2024-07-30,2024-07-17,2026-08-12T13:29:33.699965,loans.csv,0,ON TIME
6170,1033,73,2022-07-18,2022-08-01,,2026-08-12T13:29:33.699965,loans.csv,1472,CRITICAL
7679,38,6,2022-12-20,2023-01-03,2023-01-09,2026-08-12T13:29:33.699965,loans.csv,6,MILD
5419,2746,4,2024-08-07,2024-08-21,2024-08-21,2026-08-12T13:29:33.699965,loans.csv,0,ON TIME
4310,1847,1,2024-09-27,2024-10-11,2024-11-18,2026-08-12T13:29:33.699965,loans.csv,38,CRITICAL
1648,1697,1,2021-06-22,2021-07-06,2021-06-26,2026-08-12T13:29:33.699965,loans.csv,0,ON TIME
7545,1324,3,2021-03-01,2021-03-15,,2026-08-12T13:29:33.699965,loans.csv,1976,CRITICAL
3316,867,1,2024-10-01,2024-10-15,2024-10-06,2026-08-12T13:29:33.699965,loans.csv,0,ON TIME
5770,695,1,2022-01-29,2022-02-12,,2026-08-12T13:29:33.699965,loans.csv,1642,CRITICAL
2416,1910,87,2024-02-26,2024-03-11,2024-02-27,2026-08-12T13:29:33.699965,loans.csv,0,ON TIME
5442,242,2,2020-12-06,2020-12-20,2020-12-12,2026-08-12T13:29:33.699965,loans.csv,0,ON TIME
4732,1373,28,2024-09-06,2024-09-20,2024-09-11,2026-08-12T13:29:33.699965,loans.csv,0,ON TIME
5774,872,2,2022-04-02,2022-04-16,2022-04-13,2026-08-12T13:29:33.699965,loans.csv,0,ON TIME
6691,1142,21,2023-05-14,2023-05-28,2023-05-30,2026-08-12T13:29:33.699965,loans.csv,2,MILD
1695,295,1,2023-10-19,2023-11-02,2023-11-01,2026-08-12T13:29:33.699965,loans.csv,0,ON TIME
1748,2065,1,2024-08-09,2024-08-23,,2026-08-12T13:29:33.699965,loans.csv,719,CRITICAL
672,613,2,2023-02-07,2023-02-21,2023-02-19,2026-08-12T13:29:33.699965,loans.csv,0,ON TIME
5761,587,4,2020-11-18,2020-12-02,2020-11-23,2026-08-12T13:29:33.699965,loans.csv,0,ON TIME
9335,1594,2,2024-11-18,2024-12-02,2024-11-24,2026-08-12T13:29:33.699965,loans.csv,0,ON TIME
6896,62,1,2023-08-17,2023-08-31,2023-08-26,2026-08-12T13:29:33.699965,loans.csv,0,ON TIME
5335,380,3,2024-12-22,2025-01-05,,2026-08-12T13:29:33.699965,loans.csv,584,CRITICAL
6954,1605,5,2021-04-13,2021-04-27,2021-05-14,2026-08-12T13:29:33.699965,loans.csv,17,SEVERE
3988,1424,3,2022-02-21,2022-03-07,2022-02-27,2026-08-12T13:29:33.699965,loans.csv,0,ON TIME
8107,295,44,2024-03-12,2024-03-26,,2026-08-12T13:29:33.699965,loans.csv,869,CRITICAL
7826,1510,1,2024-07-11,2024-07-25,2024-07-12,2026-08-12T13:29:33.699965,loans.csv,0,ON TIME
6436,2651,1,2024-10-07,2024-10-21,2024-10-26,2026-08-12T13:29:33.699965,loans.csv,5,MILD
5071,1942,13,2024-07-22,2024-08-05,2024-07-29,2026-08-12T13:29:33.699965,loans.csv,0,ON TIME
6272,1262,2,2024-06-25,2024-07-09,,2026-08-12T13:29:33.699965,loans.csv,764,CRITICAL
8269,1910,1,2024-05-06,2024-05-20,2024-05-26,2026-08-12T13:29:33.699965,loans.csv,6,MILD
1213,146,1,2024-11-30,2024-12-14,,2026-08-12T13:29:33.699965,loans.csv,606,CRITICAL
4738,871,1,2023-11-02,2023-11-16,,2026-08-12T13:29:33.699965,loans.csv,1000,CRITICAL
7805,464,104,2024-10-07,2024-10-21,2024-10-10,2026-08-12T13:29:33.699965,loans.csv,0,ON TIME
7022,677,1,2022-10-19,2022-11-02,2022-11-09,2026-08-12T13:29:33.699965,loans.csv,7,MILD
2261,1421,1,2023-11-27,2023-12-11,2023-12-09,2026-08-12T13:29:33.699965,loans.csv,0,ON TIME
9396,2390,3,2024-01-28,2024-02-11,,2026-08-12T13:29:33.699965,loans.csv,913,CRITICAL
792,1149,1,2020-10-11,2020-10-25,2020-10-14,2026-08-12T13:29:33.699965,loans.csv,0,ON TIME
7089,1294,9,2021-11-09,2021-11-23,2021-11-17,2026-08-12T13:29:33.699965,loans.csv,0,ON TIME
7527,1507,12,2024-10-12,2024-10-26,2024-10-20,2026-08-12T13:29:33.699965,loans.csv,0,ON TIME
1814,2013,15,2024-02-25,2024-03-10,2024-03-04,2026-08-12T13:29:33.699965,loans.csv,0,ON TIME
2449,1191,4,2023-05-08,2023-05-22,2023-05-19,2026-08-12T13:29:33.699965,loans.csv,0,ON TIME
8076,611,6,2024-12-01,2024-12-15,2024-12-07,2026-08-12T13:29:33.699965,loans.csv,0,ON TIME
9178,2227,79,2023-08-15,2023-08-29,2023-08-30,2026-08-12T13:29:33.699965,loans.csv,1,MILD
2360,1058,1,2023-03-24,2023-04-07,2023-04-06,2026-08-12T13:29:33.699965,loans.csv,0,ON TIME
6976,136,94,2023-04-20,2023-05-04,2023-04-27,2026-08-12T13:29:33.699965,loans.csv,0,ON TIME
324,1846,3,2023-07-31,2023-08-14,2023-08-10,2026-08-12T13:29:33.699965,loans.csv,0,ON TIME
7901,659,2,2024-09-20,2024-10-04,2024-09-21,2026-08-12T13:29:33.699965,loans.csv,0,ON TIME
5923,2493,2,2022-08-26,2022-09-09,2022-08-30,2026-08-12T13:29:33.699965,loans.csv,0,ON TIME
1641,2141,3,2023-02-26,2023-03-12,2023-03-08,2026-08-12T13:29:33.699965,loans.csv,0,ON TIME
5121,1382,1,2022-09-21,2022-10-12,2022-10-17,2026-08-12T13:29:33.699965,loans.csv,5,MILD
7804,2618,15,2021-01-10,2021-01-24,2021-01-14,2026-08-12T13:29:33.699965,loans.csv,0,ON TIME
6838,2106,1,2023-11-24,2023-12-08,,2026-08-12T13:29:33.699965,loans.csv,978,CRITICAL
1773,1892,1,2021-11-08,2021-11-22,2021-11-24,2026-08-12T13:29:33.699965,loans.csv,2,MILD
290,701,1,2023-09-26,2023-10-10,2023-10-04,2026-08-12T13:29:33.699965,loans.csv,0,ON TIME
8808,1883,143,2021-10-18,2021-11-01,2021-10-20,2026-08-12T13:29:33.699965,loans.csv,0,ON TIME
4790,488,182,2021-12-08,2021-12-29,2021-12-11,2026-08-12T13:29:33.699965,loans.csv,0,ON TIME
691,1139,3,2024-07-28,2024-08-11,2024-08-01,2026-08-12T13:29:33.699965,loans.csv,0,ON TIME
3920,920,8,2023-12-27,2024-01-17,2024-01-21,2026-08-12T13:29:33.699965,loans.csv,4,MILD
8539,1996,1,2022-09-29,2022-10-13,2022-11-12,2026-08-12T13:29:33.699965,loans.csv,30,SEVERE
9439,600,2,2020-05-23,2020-06-06,2020-06-11,2026-08-12T13:29:33.699965,loans.csv,5,MILD
2098,2104,2,2024-04-20,2024-05-04,2024-04-21,2026-08-12T13:29:33.699965,loans.csv,0,ON TIME
8893,2758,5,2022-06-01,2022-06-15,2022-06-02,2026-08-12T13:29:33.699965,loans.csv,0,ON TIME
6370,1517,11,2020-12-03,2020-12-17,2020-12-19,2026-08-12T13:29:33.699965,loans.csv,2,MILD
1214,1544,1,2024-10-08,2024-10-22,2024-10-16,2026-08-12T13:29:33.699965,loans.csv,0,ON TIME
8258,2337,2,2023-04-25,2023-05-09,2023-05-02,2026-08-12T13:29:33.699965,loans.csv,0,ON TIME
2613,659,1,2024-07-16,2024-07-30,2024-08-03,2026-08-12T13:29:33.699965,loans.csv,4,MILD
1975,604,3,2022-01-25,2022-02-08,2022-02-03,2026-08-12T13:29:33.699965,loans.csv,0,ON TIME
1256,2717,1,2023-02-02,2023-02-16,2023-02-21,2026-08-12T13:29:33.699965,loans.csv,5,MILD
3851,2181,1,2024-11-07,2024-11-21,2024-11-19,2026-08-12T13:29:33.699965,loans.csv,0,ON TIME
2917,152,1,2024-02-09,2024-02-23,2024-02-29,2026-08-12T13:29:33.699965,loans.csv,6,MILD
8300,2558,22,2024-10-22,2024-11-05,2024-11-05,2026-08-12T13:29:33.699965,loans.csv,0,ON TIME
4002,57,14,2022-08-18,2022-09-01,2022-10-09,2026-08-12T13:29:33.699965,loans.csv,38,CRITICAL
416,2436,1,2023-07-06,2023-07-20,2023-07-22,2026-08-12T13:29:33.699965,loans.csv,2,MILD
5247,1781,11,2020-07-02,2020-07-16,2020-07-16,2026-08-12T13:29:33.699965,loans.csv,0,ON TIME
8424,534,4,2024-07-04,2024-07-18,2024-07-07,2026-08-12T13:29:33.699965,loans.csv,0,ON TIME
4916,1814,4,2023-07-29,2023-08-12,2023-08-06,2026-08-12T13:29:33.699965,loans.csv,0,ON TIME
7547,1432,8,2021-01-12,2021-01-26,,2026-08-12T13:29:33.699965,loans.csv,2024,CRITICAL
6172,1183,31,2024-10-30,2024-11-13,,2026-08-12T13:29:33.699965,loans.csv,637,CRITICAL
1625,1376,1,2022-08-29,2022-09-12,2022-09-16,2026-08-12T13:29:33.699965,loans.csv,4,MILD
4521,572,1,2023-05-27,2023-06-10,2023-05-31,2026-08-12T13:29:33.699965,loans.csv,0,ON TIME
2076,989,1,2024-12-03,2024-12-17,2025-01-21,2026-08-12T13:29:33.699965,loans.csv,35,CRITICAL
6633,1475,14,2022-11-09,2022-11-23,2022-11-12,2026-08-12T13:29:33.699965,loans.csv,0,ON TIME
1059,2545,1,2024-08-30,2024-09-20,2024-09-17,2026-08-12T13:29:33.699965,loans.csv,0,ON TIME
3881,2600,1,2023-07-27,2023-08-10,2023-08-13,2026-08-12T13:29:33.699965,loans.csv,3,MILD
5512,1260,2,2024-11-23,2024-12-07,2024-11-28,2026-08-12T13:29:33.699965,loans.csv,0,ON TIME
7848,1026,1,2023-01-29,2023-02-12,2023-02-08,2026-08-12T13:29:33.699965,loans.csv,0,ON TIME
3139,1423,1,2023-05-13,2023-06-03,2023-06-09,2026-08-12T13:29:33.699965,loans.csv,6,MILD
5738,494,105,2024-08-24,2024-09-07,2024-09-06,2026-08-12T13:29:33.699965,loans.csv,0,ON TIME
6766,1789,119,2024-05-19,2024-06-02,2024-05-25,2026-08-12T13:29:33.699965,loans.csv,0,ON TIME
595,2494,46,2020-05-15,2020-06-05,2020-05-18,2026-08-12T13:29:33.699965,loans.csv,0,ON TIME
4230,2440,3,2023-10-26,2023-11-09,2023-11-11,2026-08-12T13:29:33.699965,loans.csv,2,MILD
3155,105,4,2024-04-22,2024-05-06,2024-05-11,2026-08-12T13:29:33.699965,loans.csv,5,MILD
504,1976,1,2020-12-13,2020-12-27,2020-12-29,2026-08-12T13:29:33.699965,loans.csv,2,MILD
3344,614,2,2023-08-29,2023-09-12,2023-09-01,2026-08-12T13:29:33.699965,loans.csv,0,ON TIME
4466,1461,25,2021-12-14,2021-12-28,2021-12-17,2026-08-12T13:29:33.699965,loans.csv,0,ON TIME
739,2079,1,2024-12-25,2025-01-08,,2026-08-12T13:29:33.699965,loans.csv,581,CRITICAL
6814,1197,97,2023-08-28,2023-09-11,,2026-08-12T13:29:33.699965,loans.csv,1066,CRITICAL
8910,1503,1,2023-03-26,2023-04-09,,2026-08-12T13:29:33.699965,loans.csv,1221,CRITICAL
5619,456,2,2021-12-09,2021-12-23,2021-12-22,2026-08-12T13:29:33.699965,loans.csv,0,ON TIME
8154,2276,78,2022-12-15,2022-12-29,2022-12-23,2026-08-12T13:29:33.699965,loans.csv,0,ON TIME
5890,2477,1,2024-06-12,2024-07-03,2024-07-03,2026-08-12T13:29:33.699965,loans.csv,0,ON TIME
881,410,1,2023-10-11,2023-10-25,2023-10-26,2026-08-12T13:29:33.699965,loans.csv,1,MILD
3858,2349,1,2022-04-21,2022-05-12,2022-05-18,2026-08-12T13:29:33.699965,loans.csv,6,MILD
3682,9,5,2023-02-23,2023-03-09,2023-02-24,2026-08-12T13:29:33.699965,loans.csv,0,ON TIME
1493,670,3,2024-08-28,2024-09-11,2024-09-04,2026-08-12T13:29:33.699965,loans.csv,0,ON TIME
2495,1430,2,2024-12-10,2024-12-31,2024-12-26,2026-08-12T13:29:33.699965,loans.csv,0,ON TIME
9137,2552,38,2022-07-03,2022-07-17,2022-08-15,2026-08-12T13:29:33.699965,loans.csv,29,SEVERE
8152,2756,13,2024-06-29,2024-07-13,2024-07-15,2026-08-12T13:29:33.699965,loans.csv,2,MILD
3614,2305,17,2022-04-15,2022-04-29,2022-04-27,2026-08-12T13:29:33.699965,loans.csv,0,ON TIME
5309,1410,26,2022-01-18,2022-02-01,2022-01-29,2026-08-12T13:29:33.699965,loans.csv,0,ON TIME
5887,1624,87,2024-09-04,2024-09-18,2024-09-13,2026-08-12T13:29:33.699965,loans.csv,0,ON TIME
791,1632,1,2023-06-22,2023-07-06,2023-07-04,2026-08-12T13:29:33.699965,loans.csv,0,ON TIME
4131,1562,50,2023-11-10,2023-11-24,2023-11-16,2026-08-12T13:29:33.699965,loans.csv,0,ON TIME
2608,816,4,2020-05-08,2020-05-22,2020-05-09,2026-08-12T13:29:33.699965,loans.csv,0,ON TIME
4247,2066,2,2022-10-07,2022-10-21,2022-10-11,2026-08-12T13:29:33.699965,loans.csv,0,ON TIME
3932,1132,1,2024-04-08,2024-04-29,2024-06-05,2026-08-12T13:29:33.699965,loans.csv,37,CRITICAL
4406,1909,11,2023-03-29,2023-04-12,2023-04-11,2026-08-12T13:29:33.699965,loans.csv,0,ON TIME
3855,2266,2,2024-09-15,2024-09-29,2024-09-23,2026-08-12T13:29:33.699965,loans.csv,0,ON TIME
4933,1955,1,2022-04-07,2022-04-21,2022-04-14,2026-08-12T13:29:33.699965,loans.csv,0,ON TIME
999,1284,1,2023-08-02,2023-08-16,,2026-08-12T13:29:33.699965,loans.csv,1092,CRITICAL
4881,1940,1,2022-09-26,2022-10-10,2022-10-01,2026-08-12T13:29:33.699965,loans.csv,0,ON TIME
2258,618,9,2020-05-09,2020-05-30,2020-06-21,2026-08-12T13:29:33.699965,loans.csv,22,SEVERE
5064,1765,3,2024-04-02,2024-04-16,2024-04-19,2026-08-12T13:29:33.699965,loans.csv,3,MILD
52,1576,17,2023-04-01,2023-04-15,2023-04-07,2026-08-12T13:29:33.699965,loans.csv,0,ON TIME
1946,1281,1,2022-07-12,2022-07-26,2022-07-22,2026-08-12T13:29:33.699965,loans.csv,0,ON TIME
257,1530,1,2024-03-27,2024-04-10,2024-04-12,2026-08-12T13:29:33.699965,loans.csv,2,MILD
2177,2039,1,2024-08-21,2024-09-11,,2026-08-12T13:29:33.699965,loans.csv,700,CRITICAL
8339,3,1,2022-09-14,2022-09-28,2022-10-03,2026-08-12T13:29:33.699965,loans.csv,5,MILD
4050,1150,3,2024-03-21,2024-04-04,2024-04-03,2026-08-12T13:29:33.699965,loans.csv,0,ON TIME
4350,778,160,2022-01-16,2022-01-30,,2026-08-12T13:29:33.699965,loans.csv,1655,CRITICAL
6568,2797,2,2023-09-02,2023-09-16,2023-09-08,2026-08-12T13:29:33.699965,loans.csv,0,ON TIME
1140,2639,2,2024-05-10,2024-05-24,2024-05-27,2026-08-12T13:29:33.699965,loans.csv,3,MILD
2761,552,11,2021-08-01,2021-08-15,2021-08-16,2026-08-12T13:29:33.699965,loans.csv,1,MILD
2036,343,1,2023-05-29,2023-06-12,2023-05-30,2026-08-12T13:29:33.699965,loans.csv,0,ON TIME
4740,738,5,2024-10-13,2024-10-27,2024-10-20,2026-08-12T13:29:33.699965,loans.csv,0,ON TIME
8458,2219,2,2022-06-30,2022-07-21,2022-07-21,2026-08-12T13:29:33.699965,loans.csv,0,ON TIME
2003,1213,1,2024-12-09,2024-12-30,2025-01-03,2026-08-12T13:29:33.699965,loans.csv,4,MILD
4180,2716,2,2022-03-19,2022-04-02,2022-03-21,2026-08-12T13:29:33.699965,loans.csv,0,ON TIME
1518,182,1,2023-11-23,2023-12-07,2023-11-25,2026-08-12T13:29:33.699965,loans.csv,0,ON TIME
895,666,3,2022-08-20,2022-09-03,2022-09-01,2026-08-12T13:29:33.699965,loans.csv,0,ON TIME
5525,895,1,2022-01-29,2022-02-12,2022-02-09,2026-08-12T13:29:33.699965,loans.csv,0,ON TIME
7585,1494,1,2024-11-09,2024-11-23,2024-11-24,2026-08-12T13:29:33.699965,loans.csv,1,MILD
6800,737,2,2022-08-05,2022-08-19,,2026-08-12T13:29:33.699965,loans.csv,1454,CRITICAL
3071,814,1,2023-12-04,2023-12-18,2023-12-23,2026-08-12T13:29:33.699965,loans.csv,5,MILD
5423,350,1,2021-08-19,2021-09-02,2021-09-09,2026-08-12T13:29:33.699965,loans.csv,7,MILD
2477,2349,1,2024-08-28,2024-09-11,,2026-08-12T13:29:33.699965,loans.csv,700,CRITICAL
7076,549,1,2024-10-14,2024-10-28,2024-10-19,2026-08-12T13:29:33.699965,loans.csv,0,ON TIME
7878,1512,1,2020-10-22,2020-11-05,2020-10-29,2026-08-12T13:29:33.699965,loans.csv,0,ON TIME
4901,848,35,2024-10-11,2024-10-25,2024-10-22,2026-08-12T13:29:33.699965,loans.csv,0,ON TIME
2139,464,2,2022-06-22,2022-07-06,2022-06-30,2026-08-12T13:29:33.699965,loans.csv,0,ON TIME
9202,2084,1,2022-07-20,2022-08-03,2022-07-29,2026-08-12T13:29:33.699965,loans.csv,0,ON TIME
7782,1253,1,2022-12-12,2023-01-02,2022-12-16,2026-08-12T13:29:33.699965,loans.csv,0,ON TIME
9390,2621,1,2022-11-21,2022-12-12,2022-12-14,2026-08-12T13:29:33.699965,loans.csv,2,MILD
6707,363,6,2024-12-26,2025-01-16,,2026-08-12T13:29:33.699965,loans.csv,573,CRITICAL
6323,245,18,2024-08-06,2024-08-20,2024-09-19,2026-08-12T13:29:33.699965,loans.csv,30,SEVERE
7449,1604,2,2023-09-19,2023-10-03,2023-11-04,2026-08-12T13:29:33.699965,loans.csv,32,CRITICAL
9369,2332,3,2023-07-06,2023-07-20,2023-07-08,2026-08-12T13:29:33.699965,loans.csv,0,ON TIME
3459,1293,10,2022-12-08,2022-12-22,,2026-08-12T13:29:33.699965,loans.csv,1329,CRITICAL
544,2168,4,2024-07-04,2024-07-18,2024-07-14,2026-08-12T13:29:33.699965,loans.csv,0,ON TIME
6027,1411,1,2022-12-07,2022-12-21,2022-12-16,2026-08-12T13:29:33.699965,loans.csv,0,ON TIME
3230,256,1,2021-04-04,2021-04-18,2021-04-13,2026-08-12T13:29:33.699965,loans.csv,0,ON TIME
6525,173,5,2023-02-05,2023-02-19,2023-02-08,2026-08-12T13:29:33.699965,loans.csv,0,ON TIME
7200,1052,2,2024-01-11,2024-01-25,2024-01-16,2026-08-12T13:29:33.699965,loans.csv,0,ON TIME
1079,264,1,2024-09-27,2024-10-11,2024-10-09,2026-08-12T13:29:33.699965,loans.csv,0,ON TIME
5571,1186,1,2022-05-28,2022-06-11,2022-06-09,2026-08-12T13:29:33.699965,loans.csv,0,ON TIME
683,2526,1,2024-06-20,2024-07-04,2024-06-30,2026-08-12T13:29:33.699965,loans.csv,0,ON TIME
5683,1863,2,2021-10-18,2021-11-01,2021-10-22,2026-08-12T13:29:33.699965,loans.csv,0,ON TIME
5711,2127,6,2022-08-29,2022-09-12,,2026-08-12T13:29:33.699965,loans.csv,1430,CRITICAL
3656,2141,44,2023-01-12,2023-01-26,2023-01-30,2026-08-12T13:29:33.699965,loans.csv,4,MILD
8092,355,1,2023-02-17,2023-03-03,,2026-08-12T13:29:33.699965,loans.csv,1258,CRITICAL
1632,243,2,2023-12-24,2024-01-14,,2026-08-12T13:29:33.699965,loans.csv,941,CRITICAL
85,1846,3,2021-11-08,2021-11-22,2021-12-22,2026-08-12T13:29:33.699965,loans.csv,30,SEVERE
4083,313,1,2021-08-07,2021-08-21,2021-08-23,2026-08-12T13:29:33.699965,loans.csv,2,MILD
181,376,2,2023-07-12,2023-07-26,2023-08-01,2026-08-12T13:29:33.699965,loans.csv,6,MILD
6658,2551,1,2024-03-02,2024-03-23,2024-03-16,2026-08-12T13:29:33.699965,loans.csv,0,ON TIME
1647,1832,6,2023-01-29,2023-02-12,2023-02-12,2026-08-12T13:29:33.699965,loans.csv,0,ON TIME
1195,1928,19,2023-03-16,2023-04-06,2023-03-20,2026-08-12T13:29:33.699965,loans.csv,0,ON TIME
8497,1431,1,2021-03-15,2021-03-29,2021-03-23,2026-08-12T13:29:33.699965,loans.csv,0,ON TIME
1863,2366,35,2024-10-20,2024-11-03,2024-11-03,2026-08-12T13:29:33.699965,loans.csv,0,ON TIME
3887,2485,5,2024-03-18,2024-04-01,2024-04-19,2026-08-12T13:29:33.699965,loans.csv,18,SEVERE
6581,1690,1,2024-05-22,2024-06-12,2024-05-26,2026-08-12T13:29:33.699965,loans.csv,0,ON TIME
2211,192,38,2023-08-03,2023-08-17,2023-08-05,2026-08-12T13:29:33.699965,loans.csv,0,ON TIME
2521,831,49,2023-12-25,2024-01-08,2023-12-27,2026-08-12T13:29:33.699965,loans.csv,0,ON TIME
6150,2591,46,2020-05-25,2020-06-08,2020-05-27,2026-08-12T13:29:33.699965,loans.csv,0,ON TIME
8765,2351,1,2022-09-13,2022-09-27,2022-09-18,2026-08-12T13:29:33.699965,loans.csv,0,ON TIME
7572,736,22,2023-08-06,2023-08-20,,2026-08-12T13:29:33.699965,loans.csv,1088,CRITICAL
8898,1042,1,2024-10-01,2024-10-15,2024-10-15,2026-08-12T13:29:33.699965,loans.csv,0,ON TIME
8451,1862,1,2024-09-09,2024-09-23,2024-09-13,2026-08-12T13:29:33.699965,loans.csv,0,ON TIME
3591,1743,2,2023-06-29,2023-07-13,2023-07-02,2026-08-12T13:29:33.699965,loans.csv,0,ON TIME
9224,2517,5,2021-10-16,2021-10-30,2021-11-07,2026-08-12T13:29:33.699965,loans.csv,8,SEVERE
2650,888,2,2024-08-24,2024-09-07,2024-08-28,2026-08-12T13:29:33.699965,loans.csv,0,ON TIME
243,2329,1,2024-04-23,2024-05-07,,2026-08-12T13:29:33.699965,loans.csv,827,CRITICAL
7768,1052,15,2024-05-28,2024-06-11,2024-06-05,2026-08-12T13:29:33.699965,loans.csv,0,ON TIME
3610,1254,2,2022-04-18,2022-05-02,2022-05-08,2026-08-12T13:29:33.699965,loans.csv,6,MILD
7446,137,18,2024-08-23,2024-09-06,,2026-08-12T13:29:33.699965,loans.csv,705,CRITICAL
8624,917,3,2024-01-12,2024-01-26,2024-01-15,2026-08-12T13:29:33.699965,loans.csv,0,ON TIME
7210,86,1,2024-04-04,2024-04-18,2024-04-15,2026-08-12T13:29:33.699965,loans.csv,0,ON TIME
8665,1992,1,2024-05-21,2024-06-04,2024-05-28,2026-08-12T13:29:33.699965,loans.csv,0,ON TIME
6611,2575,1,2024-12-12,2024-12-26,,2026-08-12T13:29:33.699965,loans.csv,594,CRITICAL
9321,909,1,2024-12-25,2025-01-08,,2026-08-12T13:29:33.699965,loans.csv,581,CRITICAL
1588,646,1,2021-06-05,2021-06-19,2021-06-25,2026-08-12T13:29:33.699965,loans.csv,6,MILD
3346,1454,1,2020-01-25,2020-02-08,2020-01-30,2026-08-12T13:29:33.699965,loans.csv,0,ON TIME
4334,1862,1,2023-05-27,2023-06-10,2023-06-09,2026-08-12T13:29:33.699965,loans.csv,0,ON TIME
8796,2061,1,2024-10-16,2024-10-30,2024-10-30,2026-08-12T13:29:33.699965,loans.csv,0,ON TIME
4755,1,1,2024-07-16,2024-07-30,,2026-08-12T13:29:33.699965,loans.csv,743,CRITICAL
2066,508,1,2023-11-04,2023-11-18,2023-11-06,2026-08-12T13:29:33.699965,loans.csv,0,ON TIME
3665,1785,3,2024-12-04,2024-12-18,2024-12-13,2026-08-12T13:29:33.699965,loans.csv,0,ON TIME
3004,1139,1,2023-02-25,2023-03-11,2023-03-14,2026-08-12T13:29:33.699965,loans.csv,3,MILD
3069,767,30,2024-01-09,2024-01-23,2024-01-17,2026-08-12T13:29:33.699965,loans.csv,0,ON TIME
3963,1178,29,2024-05-29,2024-06-12,2024-06-15,2026-08-12T13:29:33.699965,loans.csv,3,MILD
6740,1485,3,2021-08-25,2021-09-08,2021-09-10,2026-08-12T13:29:33.699965,loans.csv,2,MILD
9316,2076,1,2024-06-22,2024-07-06,,2026-08-12T13:29:33.699965,loans.csv,767,CRITICAL
6276,2037,104,2023-07-11,2023-07-25,2023-07-16,2026-08-12T13:29:33.699965,loans.csv,0,ON TIME
7221,2490,3,2022-07-06,2022-07-20,2022-07-18,2026-08-12T13:29:33.699965,loans.csv,0,ON TIME
8184,557,7,2023-01-16,2023-01-30,2023-01-23,2026-08-12T13:29:33.699965,loans.csv,0,ON TIME
1117,2783,4,2024-08-13,2024-08-27,2024-09-01,2026-08-12T13:29:33.699965,loans.csv,5,MILD
9102,607,7,2024-03-09,2024-03-23,2024-03-23,2026-08-12T13:29:33.699965,loans.csv,0,ON TIME
7676,115,10,2022-04-01,2022-04-15,2022-04-09,2026-08-12T13:29:33.699965,loans.csv,0,ON TIME
2715,2459,6,2024-10-04,2024-10-18,2024-10-13,2026-08-12T13:29:33.699965,loans.csv,0,ON TIME
1322,285,2,2020-09-09,2020-09-23,2020-10-01,2026-08-12T13:29:33.699965,loans.csv,8,SEVERE
2300,2291,59,2024-11-15,2024-12-06,2024-11-24,2026-08-12T13:29:33.699965,loans.csv,0,ON TIME
3543,1922,1,2023-12-08,2023-12-29,2023-12-28,2026-08-12T13:29:33.699965,loans.csv,0,ON TIME
3159,2322,26,2024-03-06,2024-03-20,2024-03-13,2026-08-12T13:29:33.699965,loans.csv,0,ON TIME
3221,362,2,2023-06-20,2023-07-11,2023-06-21,2026-08-12T13:29:33.699965,loans.csv,0,ON TIME
7381,508,37,2024-11-08,2024-11-22,,2026-08-12T13:29:33.699965,loans.csv,628,CRITICAL
5375,1758,1,2024-09-27,2024-10-11,2024-10-03,2026-08-12T13:29:33.699965,loans.csv,0,ON TIME
4961,2121,3,2022-09-06,2022-09-20,2022-09-11,2026-08-12T13:29:33.699965,loans.csv,0,ON TIME
765,1896,1,2022-09-05,2022-09-19,2022-09-24,2026-08-12T13:29:33.699965,loans.csv,5,MILD
1805,934,14,2023-11-13,2023-11-27,2023-11-26,2026-08-12T13:29:33.699965,loans.csv,0,ON TIME
5232,1106,2,2022-12-15,2022-12-29,2023-01-23,2026-08-12T13:29:33.699965,loans.csv,25,SEVERE
9602,496,1,2020-10-11,2020-11-01,2020-10-12,2026-08-12T13:29:33.699965,loans.csv,0,ON TIME
3947,128,163,2021-12-12,2021-12-26,2021-12-31,2026-08-12T13:29:33.699965,loans.csv,5,MILD
1741,1062,3,2023-12-28,2024-01-11,,2026-08-12T13:29:33.699965,loans.csv,944,CRITICAL
2080,2448,3,2021-05-07,2021-05-28,2021-05-31,2026-08-12T13:29:33.699965,loans.csv,3,MILD
7364,2578,2,2024-01-07,2024-01-28,2024-01-15,2026-08-12T13:29:33.699965,loans.csv,0,ON TIME
9128,1739,1,2024-10-27,2024-11-10,2024-11-03,2026-08-12T13:29:33.699965,loans.csv,0,ON TIME
6842,1071,12,2024-05-18,2024-06-01,2024-05-30,2026-08-12T13:29:33.699965,loans.csv,0,ON TIME
8557,2216,1,2020-02-07,2020-02-21,2020-02-12,2026-08-12T13:29:33.699965,loans.csv,0,ON TIME
7659,1219,1,2021-09-16,2021-09-30,2021-09-27,2026-08-12T13:29:33.699965,loans.csv,0,ON TIME
5590,2016,1,2023-08-31,2023-09-14,2023-09-17,2026-08-12T13:29:33.699965,loans.csv,3,MILD
7353,1595,1,2024-12-21,2025-01-04,,2026-08-12T13:29:33.699965,loans.csv,585,CRITICAL
3819,668,7,2022-06-01,2022-06-15,2022-06-02,2026-08-12T13:29:33.699965,loans.csv,0,ON TIME
481,1501,1,2022-12-15,2022-12-29,,2026-08-12T13:29:33.699965,loans.csv,1322,CRITICAL
4971,1675,9,2024-05-30,2024-06-20,2024-06-23,2026-08-12T13:29:33.699965,loans.csv,3,MILD
2834,1400,2,2024-04-19,2024-05-03,2024-04-20,2026-08-12T13:29:33.699965,loans.csv,0,ON TIME
2738,2053,1,2020-07-19,2020-08-02,,2026-08-12T13:29:33.699965,loans.csv,2201,CRITICAL
4661,2225,1,2024-05-24,2024-06-07,2024-06-05,2026-08-12T13:29:33.699965,loans.csv,0,ON TIME
8766,1861,63,2023-02-04,2023-02-18,2023-02-20,2026-08-12T13:29:33.699965,loans.csv,2,MILD
4286,1108,6,2024-10-29,2024-11-19,2024-11-02,2026-08-12T13:29:33.699965,loans.csv,0,ON TIME
9160,169,1,2023-05-21,2023-06-04,2023-06-01,2026-08-12T13:29:33.699965,loans.csv,0,ON TIME
5407,432,1,2024-10-26,2024-11-09,2024-12-11,2026-08-12T13:29:33.699965,loans.csv,32,CRITICAL
3436,882,2,2023-09-28,2023-10-12,2023-10-02,2026-08-12T13:29:33.699965,loans.csv,0,ON TIME
1400,128,26,2024-04-28,2024-05-12,,2026-08-12T13:29:33.699965,loans.csv,822,CRITICAL
8150,491,2,2023-10-28,2023-11-11,2023-11-11,2026-08-12T13:29:33.699965,loans.csv,0,ON TIME
5438,317,1,2023-10-09,2023-10-23,,2026-08-12T13:29:33.699965,loans.csv,1024,CRITICAL
2645,279,40,2023-10-30,2023-11-13,2023-11-05,2026-08-12T13:29:33.699965,loans.csv,0,ON TIME
3787,2676,2,2022-05-18,2022-06-01,2022-05-26,2026-08-12T13:29:33.699965,loans.csv,0,ON TIME
3740,1892,2,2022-10-20,2022-11-03,2022-10-28,2026-08-12T13:29:33.699965,loans.csv,0,ON TIME
8349,1711,1,2020-04-11,2020-04-25,2020-04-15,2026-08-12T13:29:33.699965,loans.csv,0,ON TIME
4824,2469,1,2023-01-27,2023-02-10,2023-01-28,2026-08-12T13:29:33.699965,loans.csv,0,ON TIME
5755,1374,1,2023-01-21,2023-02-04,2023-01-28,2026-08-12T13:29:33.699965,loans.csv,0,ON TIME
8366,2443,3,2024-09-24,2024-10-08,2024-09-28,2026-08-12T13:29:33.699965,loans.csv,0,ON TIME
6563,32,2,2024-07-30,2024-08-13,2024-08-19,2026-08-12T13:29:33.699965,loans.csv,6,MILD
3246,1957,9,2021-01-31,2021-02-14,2021-02-17,2026-08-12T13:29:33.699965,loans.csv,3,MILD
8317,1901,1,2022-08-30,2022-09-13,2022-09-08,2026-08-12T13:29:33.699965,loans.csv,0,ON TIME
273,2449,2,2022-12-28,2023-01-11,2023-01-13,2026-08-12T13:29:33.699965,loans.csv,2,MILD
542,1815,1,2023-06-13,2023-06-27,2023-06-17,2026-08-12T13:29:33.699965,loans.csv,0,ON TIME
3294,2366,4,2024-04-21,2024-05-05,2024-06-09,2026-08-12T13:29:33.699965,loans.csv,35,CRITICAL
1477,2072,1,2023-05-09,2023-05-23,,2026-08-12T13:29:33.699965,loans.csv,1177,CRITICAL
989,70,1,2021-07-24,2021-08-07,2021-08-01,2026-08-12T13:29:33.699965,loans.csv,0,ON TIME
2183,2538,2,2023-11-22,2023-12-13,2023-12-13,2026-08-12T13:29:33.699965,loans.csv,0,ON TIME
7398,1856,2,2024-11-15,2024-11-29,2024-11-26,2026-08-12T13:29:33.699965,loans.csv,0,ON TIME
3753,1178,1,2024-09-17,2024-10-08,2024-09-28,2026-08-12T13:29:33.699965,loans.csv,0,ON TIME
5101,1737,1,2024-11-27,2024-12-11,,2026-08-12T13:29:33.699965,loans.csv,609,CRITICAL
9209,904,5,2023-01-13,2023-01-27,2023-01-17,2026-08-12T13:29:33.699965,loans.csv,0,ON TIME
5627,1788,1,2023-03-14,2023-04-04,2023-03-29,2026-08-12T13:29:33.699965,loans.csv,0,ON TIME
580,1378,1,2023-10-09,2023-10-23,2023-10-13,2026-08-12T13:29:33.699965,loans.csv,0,ON TIME
7997,674,1,2023-12-27,2024-01-10,2024-01-10,2026-08-12T13:29:33.699965,loans.csv,0,ON TIME
4199,212,1,2024-05-17,2024-05-31,2024-05-26,2026-08-12T13:29:33.699965,loans.csv,0,ON TIME
6588,187,11,2022-03-11,2022-03-25,2022-03-19,2026-08-12T13:29:33.699965,loans.csv,0,ON TIME
4653,2237,1,2023-12-13,2023-12-27,2023-12-20,2026-08-12T13:29:33.699965,loans.csv,0,ON TIME
8263,421,86,2024-11-27,2024-12-18,2024-12-13,2026-08-12T13:29:33.699965,loans.csv,0,ON TIME
8828,1730,4,2024-11-11,2024-11-25,2024-11-29,2026-08-12T13:29:33.699965,loans.csv,4,MILD
671,1905,1,2024-02-21,2024-03-06,,2026-08-12T13:29:33.699965,loans.csv,889,CRITICAL
7683,50,1,2022-06-17,2022-07-01,2022-07-06,2026-08-12T13:29:33.699965,loans.csv,5,MILD
5311,29,1,2024-02-19,2024-03-04,2024-03-06,2026-08-12T13:29:33.699965,loans.csv,2,MILD
4875,599,3,2023-09-09,2023-09-23,,2026-08-12T13:29:33.699965,loans.csv,1054,CRITICAL
7911,218,4,2024-01-24,2024-02-07,2024-02-08,2026-08-12T13:29:33.699965,loans.csv,1,MILD
7685,2023,32,2023-05-25,2023-06-08,2023-05-29,2026-08-12T13:29:33.699965,loans.csv,0,ON TIME
3538,1015,103,2022-02-13,2022-02-27,2022-02-23,2026-08-12T13:29:33.699965,loans.csv,0,ON TIME
6338,871,47,2024-03-23,2024-04-13,2024-04-06,2026-08-12T13:29:33.699965,loans.csv,0,ON TIME
3735,1925,1,2024-02-07,2024-02-21,2024-02-23,2026-08-12T13:29:33.699965,loans.csv,2,MILD
6758,1748,1,2022-08-03,2022-08-17,2022-08-24,2026-08-12T13:29:33.699965,loans.csv,7,MILD
3699,312,42,2022-02-13,2022-02-27,,2026-08-12T13:29:33.699965,loans.csv,1627,CRITICAL
2382,467,4,2021-10-16,2021-10-30,2021-10-28,2026-08-12T13:29:33.699965,loans.csv,0,ON TIME
7960,536,1,2023-12-27,2024-01-10,2024-01-06,2026-08-12T13:29:33.699965,loans.csv,0,ON TIME
3088,2208,3,2023-04-26,2023-05-10,2023-04-28,2026-08-12T13:29:33.699965,loans.csv,0,ON TIME
9609,1301,5,2020-02-08,2020-02-22,,2026-08-12T13:29:33.699965,loans.csv,2363,CRITICAL
9408,2142,1,2024-07-25,2024-08-15,2024-07-27,2026-08-12T13:29:33.699965,loans.csv,0,ON TIME
8786,1040,2,2024-07-08,2024-07-22,2024-07-09,2026-08-12T13:29:33.699965,loans.csv,0,ON TIME
1562,1772,1,2023-02-08,2023-02-22,2023-02-15,2026-08-12T13:29:33.699965,loans.csv,0,ON TIME
5264,103,111,2021-03-16,2021-03-30,2021-03-17,2026-08-12T13:29:33.699965,loans.csv,0,ON TIME
7156,180,2,2022-01-04,2022-01-18,2022-01-12,2026-08-12T13:29:33.699965,loans.csv,0,ON TIME
2903,1792,8,2022-01-09,2022-01-23,,2026-08-12T13:29:33.699965,loans.csv,1662,CRITICAL
8054,1678,7,2020-08-01,2020-08-15,,2026-08-12T13:29:33.699965,loans.csv,2188,CRITICAL
1253,359,1,2024-05-17,2024-05-31,2024-05-30,2026-08-12T13:29:33.699965,loans.csv,0,ON TIME
6287,534,2,2024-09-09,2024-09-23,2024-09-28,2026-08-12T13:29:33.699965,loans.csv,5,MILD
5359,11,5,2022-11-30,2022-12-14,2022-12-08,2026-08-12T13:29:33.699965,loans.csv,0,ON TIME
6271,1592,1,2024-10-12,2024-10-26,2024-10-17,2026-08-12T13:29:33.699965,loans.csv,0,ON TIME
1668,2003,2,2023-11-11,2023-11-25,2023-11-13,2026-08-12T13:29:33.699965,loans.csv,0,ON TIME
1222,612,12,2021-08-05,2021-08-19,2021-08-09,2026-08-12T13:29:33.699965,loans.csv,0,ON TIME
1961,165,11,2024-04-11,2024-04-25,2024-04-19,2026-08-12T13:29:33.699965,loans.csv,0,ON TIME
6624,1638,1,2024-10-21,2024-11-11,2024-10-30,2026-08-12T13:29:33.699965,loans.csv,0,ON TIME
6714,628,10,2020-04-19,2020-05-10,2020-04-23,2026-08-12T13:29:33.699965,loans.csv,0,ON TIME
3952,720,1,2024-01-01,2024-01-15,,2026-08-12T13:29:33.699965,loans.csv,940,CRITICAL
5963,1926,5,2020-04-06,2020-04-20,2020-04-25,2026-08-12T13:29:33.699965,loans.csv,5,MILD
5865,355,1,2022-12-12,2022-12-26,,2026-08-12T13:29:33.699965,loans.csv,1325,CRITICAL
3033,1139,1,2024-09-04,2024-09-18,2024-09-07,2026-08-12T13:29:33.699965,loans.csv,0,ON TIME
8471,2697,7,2023-08-27,2023-09-10,2023-09-17,2026-08-12T13:29:33.699965,loans.csv,7,MILD
7289,510,9,2022-12-08,2022-12-22,2022-12-27,2026-08-12T13:29:33.699965,loans.csv,5,MILD
6675,2626,1,2024-01-05,2024-01-19,2024-01-14,2026-08-12T13:29:33.699965,loans.csv,0,ON TIME
5323,2545,2,2022-06-05,2022-06-19,2022-06-19,2026-08-12T13:29:33.699965,loans.csv,0,ON TIME
8480,334,1,2024-09-23,2024-10-07,,2026-08-12T13:29:33.699965,loans.csv,674,CRITICAL
2624,1680,1,2020-01-26,2020-02-09,2020-01-30,2026-08-12T13:29:33.699965,loans.csv,0,ON TIME
8483,2623,1,2023-09-01,2023-09-15,2023-10-12,2026-08-12T13:29:33.699965,loans.csv,27,SEVERE
4625,1323,2,2022-12-15,2022-12-29,2023-01-05,2026-08-12T13:29:33.699965,loans.csv,7,MILD
8121,1108,1,2023-07-04,2023-07-18,2023-07-06,2026-08-12T13:29:33.699965,loans.csv,0,ON TIME
2181,209,3,2024-10-12,2024-11-02,2024-10-31,2026-08-12T13:29:33.699965,loans.csv,0,ON TIME
7931,105,2,2024-04-26,2024-05-10,,2026-08-12T13:29:33.699965,loans.csv,824,CRITICAL
6586,1981,12,2021-11-11,2021-11-25,,2026-08-12T13:29:33.699965,loans.csv,1721,CRITICAL
6548,2739,10,2020-09-24,2020-10-08,2020-09-25,2026-08-12T13:29:33.699965,loans.csv,0,ON TIME
6122,2288,10,2024-09-15,2024-09-29,2024-09-24,2026-08-12T13:29:33.699965,loans.csv,0,ON TIME
432,1942,2,2024-08-15,2024-09-05,2024-08-30,2026-08-12T13:29:33.699965,loans.csv,0,ON TIME
6423,2495,6,2022-11-19,2022-12-03,2022-11-22,2026-08-12T13:29:33.699965,loans.csv,0,ON TIME
7405,837,3,2023-05-06,2023-05-20,2023-05-11,2026-08-12T13:29:33.699965,loans.csv,0,ON TIME
6402,2137,2,2022-04-15,2022-04-29,2022-04-26,2026-08-12T13:29:33.699965,loans.csv,0,ON TIME
3527,2133,1,2024-12-15,2024-12-29,,2026-08-12T13:29:33.699965,loans.csv,591,CRITICAL
8245,179,2,2022-10-19,2022-11-02,2022-10-22,2026-08-12T13:29:33.699965,loans.csv,0,ON TIME
2709,2632,1,2023-01-12,2023-01-26,2023-01-22,2026-08-12T13:29:33.699965,loans.csv,0,ON TIME
5060,2243,1,2022-03-23,2022-04-06,2022-04-09,2026-08-12T13:29:33.699965,loans.csv,3,MILD
5705,2520,1,2024-03-11,2024-03-25,2024-03-14,2026-08-12T13:29:33.699965,loans.csv,0,ON TIME
6862,2759,30,2021-11-28,2021-12-19,2021-12-15,2026-08-12T13:29:33.699965,loans.csv,0,ON TIME
2459,674,3,2024-06-14,2024-06-28,2024-06-30,2026-08-12T13:29:33.699965,loans.csv,2,MILD
6961,2077,3,2024-09-03,2024-09-17,2024-09-16,2026-08-12T13:29:33.699965,loans.csv,0,ON TIME
6400,2371,1,2023-11-14,2023-11-28,2023-12-02,2026-08-12T13:29:33.699965,loans.csv,4,MILD
5392,162,129,2022-02-08,2022-02-22,2022-02-21,2026-08-12T13:29:33.699965,loans.csv,0,ON TIME
4056,614,50,2023-12-16,2023-12-30,2023-12-17,2026-08-12T13:29:33.699965,loans.csv,0,ON TIME
9193,2083,10,2024-06-14,2024-06-28,2024-06-19,2026-08-12T13:29:33.699965,loans.csv,0,ON TIME
2125,2377,1,2024-01-07,2024-01-21,2024-01-28,2026-08-12T13:29:33.699965,loans.csv,7,MILD
6314,539,13,2023-10-17,2023-10-31,2023-10-28,2026-08-12T13:29:33.699965,loans.csv,0,ON TIME
3199,2507,6,2024-11-29,2024-12-13,,2026-08-12T13:29:33.699965,loans.csv,607,CRITICAL
3218,2413,52,2023-07-03,2023-07-17,2023-07-12,2026-08-12T13:29:33.699965,loans.csv,0,ON TIME
3658,94,1,2024-02-25,2024-03-10,2024-03-10,2026-08-12T13:29:33.699965,loans.csv,0,ON TIME
6008,559,1,2022-10-08,2022-10-22,2022-10-21,2026-08-12T13:29:33.699965,loans.csv,0,ON TIME
8361,149,74,2023-07-06,2023-07-20,2023-08-03,2026-08-12T13:29:33.699965,loans.csv,14,SEVERE
1206,499,1,2023-06-20,2023-07-04,,2026-08-12T13:29:33.699965,loans.csv,1135,CRITICAL
7150,2562,3,2020-01-07,2020-01-21,2020-02-20,2026-08-12T13:29:33.699965,loans.csv,30,SEVERE
6755,1954,10,2024-04-16,2024-04-30,2024-06-13,2026-08-12T13:29:33.699965,loans.csv,44,CRITICAL
7486,979,76,2023-07-08,2023-07-22,2023-07-26,2026-08-12T13:29:33.699965,loans.csv,4,MILD
5447,812,11,2022-03-29,2022-04-12,2022-04-02,2026-08-12T13:29:33.699965,loans.csv,0,ON TIME
7247,2386,1,2024-08-22,2024-09-05,2024-08-31,2026-08-12T13:29:33.699965,loans.csv,0,ON TIME
7019,2255,8,2023-10-30,2023-11-13,2023-11-06,2026-08-12T13:29:33.699965,loans.csv,0,ON TIME
8510,2614,12,2020-06-20,2020-07-04,2020-06-22,2026-08-12T13:29:33.699965,loans.csv,0,ON TIME
2426,1883,1,2021-12-20,2022-01-03,2022-02-03,2026-08-12T13:29:33.699965,loans.csv,31,CRITICAL
7562,2123,4,2024-12-03,2024-12-17,2024-12-07,2026-08-12T13:29:33.699965,loans.csv,0,ON TIME
1038,2348,6,2022-08-14,2022-08-28,2022-09-04,2026-08-12T13:29:33.699965,loans.csv,7,MILD
8093,1553,73,2024-11-12,2024-11-26,2024-11-13,2026-08-12T13:29:33.699965,loans.csv,0,ON TIME
6034,704,1,2024-07-21,2024-08-04,2024-07-22,2026-08-12T13:29:33.699965,loans.csv,0,ON TIME
7786,239,2,2024-10-02,2024-10-16,2024-10-14,2026-08-12T13:29:33.699965,loans.csv,0,ON TIME
215,2765,7,2023-12-29,2024-01-12,2023-12-31,2026-08-12T13:29:33.699965,loans.csv,0,ON TIME
2131,1943,3,2021-05-01,2021-05-15,,2026-08-12T13:29:33.699965,loans.csv,1915,CRITICAL
8067,664,91,2023-06-10,2023-06-24,,2026-08-12T13:29:33.699965,loans.csv,1145,CRITICAL
5226,2737,1,2024-02-02,2024-02-16,2024-02-20,2026-08-12T13:29:33.699965,loans.csv,4,MILD
7108,1663,7,2023-10-14,2023-10-28,2023-10-23,2026-08-12T13:29:33.699965,loans.csv,0,ON TIME
2963,1740,1,2024-07-01,2024-07-22,2024-07-18,2026-08-12T13:29:33.699965,loans.csv,0,ON TIME
1502,2675,15,2024-03-10,2024-03-24,2024-03-17,2026-08-12T13:29:33.699965,loans.csv,0,ON TIME
309,133,1,2022-11-03,2022-11-17,2022-12-29,2026-08-12T13:29:33.699965,loans.csv,42,CRITICAL
4725,714,1,2023-10-05,2023-10-19,2023-10-12,2026-08-12T13:29:33.699965,loans.csv,0,ON TIME
5980,2088,20,2024-04-08,2024-04-22,2024-04-23,2026-08-12T13:29:33.699965,loans.csv,1,MILD
4718,363,3,2020-08-27,2020-09-10,2020-09-02,2026-08-12T13:29:33.699965,loans.csv,0,ON TIME
9508,1056,1,2024-03-16,2024-04-06,2024-04-11,2026-08-12T13:29:33.699965,loans.csv,5,MILD
161,2482,2,2024-06-29,2024-07-13,2024-08-09,2026-08-12T13:29:33.699965,loans.csv,27,SEVERE
3102,461,1,2023-08-04,2023-08-18,2023-08-06,2026-08-12T13:29:33.699965,loans.csv,0,ON TIME
2501,1729,6,2023-12-02,2023-12-16,2023-12-06,2026-08-12T13:29:33.699965,loans.csv,0,ON TIME
2208,1086,2,2023-10-27,2023-11-10,2023-10-28,2026-08-12T13:29:33.699965,loans.csv,0,ON TIME
6062,1675,3,2024-05-12,2024-05-26,2024-05-24,2026-08-12T13:29:33.699965,loans.csv,0,ON TIME
8761,1689,1,2022-10-26,2022-11-09,2022-11-09,2026-08-12T13:29:33.699965,loans.csv,0,ON TIME
7274,2506,1,2023-03-26,2023-04-09,2023-04-12,2026-08-12T13:29:33.699965,loans.csv,3,MILD
2323,767,16,2023-12-14,2023-12-28,2023-12-26,2026-08-12T13:29:33.699965,loans.csv,0,ON TIME
617,1013,1,2022-06-14,2022-06-28,2022-06-15,2026-08-12T13:29:33.699965,loans.csv,0,ON TIME
3566,2449,13,2023-03-08,2023-03-22,2023-03-11,2026-08-12T13:29:33.699965,loans.csv,0,ON TIME
9515,1777,3,2024-07-11,2024-08-01,2024-09-05,2026-08-12T13:29:33.699965,loans.csv,35,CRITICAL
8423,329,3,2024-08-14,2024-08-28,2024-08-17,2026-08-12T13:29:33.699965,loans.csv,0,ON TIME
2184,1878,1,2023-08-28,2023-09-11,2023-09-05,2026-08-12T13:29:33.699965,loans.csv,0,ON TIME
5908,2680,2,2020-11-18,2020-12-02,2020-11-22,2026-08-12T13:29:33.699965,loans.csv,0,ON TIME
8407,1698,3,2024-12-23,2025-01-06,,2026-08-12T13:29:33.699965,loans.csv,583,CRITICAL
1114,1247,1,2021-06-11,2021-06-25,2021-06-25,2026-08-12T13:29:33.699965,loans.csv,0,ON TIME
9573,717,3,2021-08-23,2021-09-06,2021-09-13,2026-08-12T13:29:33.699965,loans.csv,7,MILD
5411,1377,8,2023-07-13,2023-07-27,2023-07-16,2026-08-12T13:29:33.699965,loans.csv,0,ON TIME
4192,2681,2,2023-05-10,2023-05-31,2023-05-30,2026-08-12T13:29:33.699965,loans.csv,0,ON TIME
8669,659,1,2024-12-23,2025-01-06,,2026-08-12T13:29:33.699965,loans.csv,583,CRITICAL
5175,416,1,2024-09-27,2024-10-11,2024-09-29,2026-08-12T13:29:33.699965,loans.csv,0,ON TIME
1919,1243,1,2024-04-25,2024-05-09,2024-05-04,2026-08-12T13:29:33.699965,loans.csv,0,ON TIME
2305,1225,89,2021-01-06,2021-01-20,2021-01-23,2026-08-12T13:29:33.699965,loans.csv,3,MILD
7054,133,1,2022-12-21,2023-01-04,2022-12-25,2026-08-12T13:29:33.699965,loans.csv,0,ON TIME
597,1395,52,2024-09-08,2024-09-22,,2026-08-12T13:29:33.699965,loans.csv,689,CRITICAL
1929,2319,90,2024-04-21,2024-05-05,2024-05-07,2026-08-12T13:29:33.699965,loans.csv,2,MILD
4094,326,17,2023-11-24,2023-12-08,2023-12-10,2026-08-12T13:29:33.699965,loans.csv,2,MILD
2544,27,2,2024-11-18,2024-12-02,2024-12-08,2026-08-12T13:29:33.699965,loans.csv,6,MILD
3349,1176,4,2024-04-30,2024-05-14,2024-05-31,2026-08-12T13:29:33.699965,loans.csv,17,SEVERE
8644,956,1,2020-09-21,2020-10-05,2020-09-24,2026-08-12T13:29:33.699965,loans.csv,0,ON TIME
1433,2198,1,2021-04-02,2021-04-16,2021-04-22,2026-08-12T13:29:33.699965,loans.csv,6,MILD
6516,774,32,2023-06-06,2023-06-20,2023-06-19,2026-08-12T13:29:33.699965,loans.csv,0,ON TIME
1740,1592,1,2024-09-22,2024-10-06,2024-09-28,2026-08-12T13:29:33.699965,loans.csv,0,ON TIME
7694,867,26,2023-01-10,2023-01-24,2023-01-23,2026-08-12T13:29:33.699965,loans.csv,0,ON TIME
6659,1653,28,2022-04-12,2022-04-26,,2026-08-12T13:29:33.699965,loans.csv,1569,CRITICAL
1879,1210,1,2022-11-27,2022-12-11,2022-12-19,2026-08-12T13:29:33.699965,loans.csv,8,SEVERE
6692,2093,1,2024-01-16,2024-01-30,2024-01-23,2026-08-12T13:29:33.699965,loans.csv,0,ON TIME
2137,544,7,2023-12-12,2023-12-26,2023-12-19,2026-08-12T13:29:33.699965,loans.csv,0,ON TIME
3608,863,9,2023-02-02,2023-02-16,2023-02-15,2026-08-12T13:29:33.699965,loans.csv,0,ON TIME
6469,508,1,2024-02-23,2024-03-08,2024-02-25,2026-08-12T13:29:33.699965,loans.csv,0,ON TIME
1358,2309,17,2024-01-31,2024-02-14,2024-03-04,2026-08-12T13:29:33.699965,loans.csv,19,SEVERE
6978,960,1,2021-05-12,2021-05-26,2021-05-26,2026-08-12T13:29:33.699965,loans.csv,0,ON TIME
5306,2267,1,2024-06-29,2024-07-13,2024-07-18,2026-08-12T13:29:33.699965,loans.csv,5,MILD
5983,1488,7,2021-03-08,2021-03-22,2021-03-28,2026-08-12T13:29:33.699965,loans.csv,6,MILD
1674,1956,1,2024-03-20,2024-04-03,2024-03-31,2026-08-12T13:29:33.699965,loans.csv,0,ON TIME
5452,884,53,2024-12-21,2025-01-04,,2026-08-12T13:29:33.699965,loans.csv,585,CRITICAL
747,780,1,2023-12-10,2023-12-24,,2026-08-12T13:29:33.699965,loans.csv,962,CRITICAL
5926,1728,1,2023-01-23,2023-02-06,2023-01-26,2026-08-12T13:29:33.699965,loans.csv,0,ON TIME
7891,536,1,2024-11-22,2024-12-06,2024-11-25,2026-08-12T13:29:33.699965,loans.csv,0,ON TIME
7670,562,13,2023-01-08,2023-01-22,,2026-08-12T13:29:33.699965,loans.csv,1298,CRITICAL
1025,1984,3,2024-10-13,2024-10-27,2024-10-15,2026-08-12T13:29:33.699965,loans.csv,0,ON TIME
2899,807,3,2023-10-08,2023-10-22,2023-10-23,2026-08-12T13:29:33.699965,loans.csv,1,MILD
5137,1764,112,2022-04-27,2022-05-11,,2026-08-12T13:29:33.699965,loans.csv,1554,CRITICAL
9251,1929,1,2023-08-19,2023-09-02,2023-08-27,2026-08-12T13:29:33.699965,loans.csv,0,ON TIME
3001,1729,1,2023-08-29,2023-09-12,2023-09-18,2026-08-12T13:29:33.699965,loans.csv,6,MILD
1941,2173,1,2024-02-20,2024-03-05,2024-02-28,2026-08-12T13:29:33.699965,loans.csv,0,ON TIME
1023,1740,3,2024-12-09,2024-12-23,2024-12-10,2026-08-12T13:29:33.699965,loans.csv,0,ON TIME
2850,2673,5,2024-11-09,2024-11-23,2024-11-24,2026-08-12T13:29:33.699965,loans.csv,1,MILD
1045,18,3,2020-01-17,2020-01-31,2020-01-24,2026-08-12T13:29:33.699965,loans.csv,0,ON TIME
5432,2366,4,2023-08-19,2023-09-02,2023-09-02,2026-08-12T13:29:33.699965,loans.csv,0,ON TIME
8731,1659,131,2021-09-20,2021-10-04,,2026-08-12T13:29:33.699965,loans.csv,1773,CRITICAL
3099,320,3,2024-05-23,2024-06-06,,2026-08-12T13:29:33.699965,loans.csv,797,CRITICAL
6160,2303,2,2022-10-27,2022-11-10,2022-11-06,2026-08-12T13:29:33.699965,loans.csv,0,ON TIME
7402,534,1,2024-04-22,2024-05-06,,2026-08-12T13:29:33.699965,loans.csv,828,CRITICAL
9071,2079,1,2024-10-03,2024-10-17,2024-10-04,2026-08-12T13:29:33.699965,loans.csv,0,ON TIME
3282,2238,11,2024-12-15,2024-12-29,,2026-08-12T13:29:33.699965,loans.csv,591,CRITICAL
3731,1877,1,2024-12-06,2024-12-20,,2026-08-12T13:29:33.699965,loans.csv,600,CRITICAL
1220,917,15,2024-01-23,2024-02-06,2024-02-16,2026-08-12T13:29:33.699965,loans.csv,10,SEVERE
5520,310,31,2020-05-09,2020-05-30,2020-05-30,2026-08-12T13:29:33.699965,loans.csv,0,ON TIME
3686,1485,1,2024-08-04,2024-08-25,2024-08-18,2026-08-12T13:29:33.699965,loans.csv,0,ON TIME
7419,1846,2,2021-06-28,2021-07-12,2021-06-30,2026-08-12T13:29:33.699965,loans.csv,0,ON TIME
1523,1657,1,2024-01-24,2024-02-07,2024-02-11,2026-08-12T13:29:33.699965,loans.csv,4,MILD
6135,2770,24,2023-01-17,2023-01-31,2023-02-23,2026-08-12T13:29:33.699965,loans.csv,23,SEVERE
6694,2565,1,2022-12-23,2023-01-06,2023-01-04,2026-08-12T13:29:33.699965,loans.csv,0,ON TIME
5811,2423,7,2024-10-04,2024-10-18,2024-10-12,2026-08-12T13:29:33.699965,loans.csv,0,ON TIME
6868,859,30,2022-12-26,2023-01-09,,2026-08-12T13:29:33.699965,loans.csv,1311,CRITICAL
4481,347,1,2024-03-14,2024-03-28,2024-05-02,2026-08-12T13:29:33.699965,loans.csv,35,CRITICAL
5611,1737,11,2020-09-27,2020-10-11,2020-10-09,2026-08-12T13:29:33.699965,loans.csv,0,ON TIME
7170,1560,3,2024-02-27,2024-03-12,2024-03-20,2026-08-12T13:29:33.699965,loans.csv,8,SEVERE
2446,1814,4,2023-09-07,2023-09-21,2023-09-17,2026-08-12T13:29:33.699965,loans.csv,0,ON TIME
3772,1142,3,2023-11-24,2023-12-08,2023-11-29,2026-08-12T13:29:33.699965,loans.csv,0,ON TIME
7141,1540,7,2023-11-18,2023-12-02,2023-12-08,2026-08-12T13:29:33.699965,loans.csv,6,MILD
6120,1811,2,2024-06-21,2024-07-05,2024-06-23,2026-08-12T13:29:33.699965,loans.csv,0,ON TIME
7553,285,12,2024-03-12,2024-03-26,2024-03-30,2026-08-12T13:29:33.699965,loans.csv,4,MILD
1352,1305,1,2024-09-22,2024-10-06,2024-10-08,2026-08-12T13:29:33.699965,loans.csv,2,MILD
3495,814,1,2024-02-01,2024-02-15,2024-02-04,2026-08-12T13:29:33.699965,loans.csv,0,ON TIME
884,461,3,2023-01-19,2023-02-02,2023-02-01,2026-08-12T13:29:33.699965,loans.csv,0,ON TIME
8069,2796,2,2021-11-02,2021-11-16,2021-11-07,2026-08-12T13:29:33.699965,loans.csv,0,ON TIME
468,1529,5,2023-04-27,2023-05-11,2023-05-15,2026-08-12T13:29:33.699965,loans.csv,4,MILD
1597,2165,5,2024-09-25,2024-10-09,2024-10-13,2026-08-12T13:29:33.699965,loans.csv,4,MILD
6345,2756,95,2024-10-31,2024-11-14,2024-11-04,2026-08-12T13:29:33.699965,loans.csv,0,ON TIME
6727,814,1,2024-12-06,2024-12-20,2024-12-25,2026-08-12T13:29:33.699965,loans.csv,5,MILD
3509,1376,3,2024-06-26,2024-07-10,2024-07-04,2026-08-12T13:29:33.699965,loans.csv,0,ON TIME
635,1676,154,2024-12-24,2025-01-07,,2026-08-12T13:29:33.699965,loans.csv,582,CRITICAL
1750,2199,1,2023-04-10,2023-04-24,2023-04-18,2026-08-12T13:29:33.699965,loans.csv,0,ON TIME
8374,2130,150,2024-11-10,2024-11-24,,2026-08-12T13:29:33.699965,loans.csv,626,CRITICAL
5388,292,3,2024-10-23,2024-11-06,2024-10-28,2026-08-12T13:29:33.699965,loans.csv,0,ON TIME
1454,2536,2,2022-07-06,2022-07-20,2022-07-22,2026-08-12T13:29:33.699965,loans.csv,2,MILD
9017,2597,1,2020-07-07,2020-07-21,2020-07-24,2026-08-12T13:29:33.699965,loans.csv,3,MILD
8467,621,2,2023-09-24,2023-10-08,2023-10-08,2026-08-12T13:29:33.699965,loans.csv,0,ON TIME
6161,461,1,2021-07-29,2021-08-12,2021-08-02,2026-08-12T13:29:33.699965,loans.csv,0,ON TIME
6827,2191,1,2021-12-17,2022-01-07,2022-01-01,2026-08-12T13:29:33.699965,loans.csv,0,ON TIME
6786,954,3,2023-05-09,2023-05-23,2023-05-12,2026-08-12T13:29:33.699965,loans.csv,0,ON TIME
8396,1238,4,2024-01-04,2024-01-18,2024-01-23,2026-08-12T13:29:33.699965,loans.csv,5,MILD
73,321,4,2022-10-28,2022-11-11,2022-10-29,2026-08-12T13:29:33.699965,loans.csv,0,ON TIME
4841,268,1,2024-07-10,2024-07-24,2024-08-30,2026-08-12T13:29:33.699965,loans.csv,37,CRITICAL
1844,2022,2,2024-09-17,2024-10-01,2024-09-19,2026-08-12T13:29:33.699965,loans.csv,0,ON TIME
4354,2523,1,2020-06-20,2020-07-04,2020-06-28,2026-08-12T13:29:33.699965,loans.csv,0,ON TIME
5588,1554,3,2020-10-12,2020-10-26,2020-10-23,2026-08-12T13:29:33.699965,loans.csv,0,ON TIME
5255,468,8,2023-11-08,2023-11-22,2023-11-27,2026-08-12T13:29:33.699965,loans.csv,5,MILD
2592,2340,4,2023-04-07,2023-04-21,2023-04-16,2026-08-12T13:29:33.699965,loans.csv,0,ON TIME
8888,2113,2,2024-12-05,2024-12-19,2024-12-17,2026-08-12T13:29:33.699965,loans.csv,0,ON TIME
3712,2534,3,2023-04-21,2023-05-05,,2026-08-12T13:29:33.699965,loans.csv,1195,CRITICAL
3427,1321,1,2023-10-30,2023-11-20,2023-11-22,2026-08-12T13:29:33.699965,loans.csv,2,MILD
5273,2558,1,2022-06-11,2022-06-25,2022-06-12,2026-08-12T13:29:33.699965,loans.csv,0,ON TIME
7948,516,1,2024-08-28,2024-09-11,2024-09-04,2026-08-12T13:29:33.699965,loans.csv,0,ON TIME
8514,1277,23,2020-08-15,2020-08-29,2020-10-02,2026-08-12T13:29:33.699965,loans.csv,34,CRITICAL
2776,336,1,2023-04-10,2023-04-24,2023-04-16,2026-08-12T13:29:33.699965,loans.csv,0,ON TIME
1699,2324,1,2024-09-15,2024-09-29,2024-09-17,2026-08-12T13:29:33.699965,loans.csv,0,ON TIME
5426,574,2,2024-05-05,2024-05-19,2024-05-16,2026-08-12T13:29:33.699965,loans.csv,0,ON TIME
8088,1794,1,2023-11-25,2023-12-09,2023-12-08,2026-08-12T13:29:33.699965,loans.csv,0,ON TIME
5208,435,1,2024-12-11,2024-12-25,,2026-08-12T13:29:33.699965,loans.csv,595,CRITICAL
2070,1054,1,2021-05-02,2021-05-16,2021-05-04,2026-08-12T13:29:33.699965,loans.csv,0,ON TIME
7312,1656,80,2023-07-04,2023-07-18,2023-07-18,2026-08-12T13:29:33.699965,loans.csv,0,ON TIME
1293,388,1,2022-03-04,2022-03-18,2022-03-09,2026-08-12T13:29:33.699965,loans.csv,0,ON TIME
6369,652,2,2023-06-20,2023-07-04,2023-06-21,2026-08-12T13:29:33.699965,loans.csv,0,ON TIME
4291,1242,1,2024-11-29,2024-12-13,2024-12-04,2026-08-12T13:29:33.699965,loans.csv,0,ON TIME
9048,1690,1,2024-11-04,2024-11-18,,2026-08-12T13:29:33.699965,loans.csv,632,CRITICAL
6552,1559,30,2024-08-06,2024-08-27,,2026-08-12T13:29:33.699965,loans.csv,715,CRITICAL
780,1576,2,2023-01-22,2023-02-12,2023-02-11,2026-08-12T13:29:33.699965,loans.csv,0,ON TIME
333,2783,1,2024-11-23,2024-12-07,2024-12-12,2026-08-12T13:29:33.699965,loans.csv,5,MILD
1453,520,1,2024-01-30,2024-02-13,2024-02-07,2026-08-12T13:29:33.699965,loans.csv,0,ON TIME
953,835,1,2024-08-29,2024-09-12,2024-09-12,2026-08-12T13:29:33.699965,loans.csv,0,ON TIME
1171,2667,2,2024-10-16,2024-10-30,2024-11-01,2026-08-12T13:29:33.699965,loans.csv,2,MILD
1343,2558,1,2023-08-16,2023-08-30,2023-08-22,2026-08-12T13:29:33.699965,loans.csv,0,ON TIME
2486,1187,1,2023-09-04,2023-09-18,2023-09-16,2026-08-12T13:29:33.699965,loans.csv,0,ON TIME
1709,2253,1,2021-10-03,2021-10-24,2021-10-09,2026-08-12T13:29:33.699965,loans.csv,0,ON TIME
7492,935,83,2023-07-28,2023-08-11,2023-08-13,2026-08-12T13:29:33.699965,loans.csv,2,MILD
2913,675,29,2021-02-08,2021-03-01,2021-03-03,2026-08-12T13:29:33.699965,loans.csv,2,MILD
3234,1713,4,2023-06-18,2023-07-09,2023-06-21,2026-08-12T13:29:33.699965,loans.csv,0,ON TIME
1160,654,29,2022-12-15,2022-12-29,2022-12-19,2026-08-12T13:29:33.699965,loans.csv,0,ON TIME
7298,460,1,2024-01-15,2024-01-29,2024-01-17,2026-08-12T13:29:33.699965,loans.csv,0,ON TIME
8692,1365,1,2024-05-13,2024-05-27,2024-06-02,2026-08-12T13:29:33.699965,loans.csv,6,MILD
7101,1942,3,2024-11-29,2024-12-13,2025-01-09,2026-08-12T13:29:33.699965,loans.csv,27,SEVERE
9197,2776,34,2024-02-19,2024-03-04,2024-03-31,2026-08-12T13:29:33.699965,loans.csv,27,SEVERE
3962,165,1,2024-08-07,2024-08-21,2024-08-21,2026-08-12T13:29:33.699965,loans.csv,0,ON TIME
225,2010,3,2022-02-09,2022-02-23,2022-02-10,2026-08-12T13:29:33.699965,loans.csv,0,ON TIME
8053,425,3,2023-09-19,2023-10-03,2023-10-02,2026-08-12T13:29:33.699965,loans.csv,0,ON TIME
1460,1797,41,2023-04-06,2023-04-20,2023-04-07,2026-08-12T13:29:33.699965,loans.csv,0,ON TIME
538,1227,2,2021-06-09,2021-06-23,2021-06-21,2026-08-12T13:29:33.699965,loans.csv,0,ON TIME
4798,2493,1,2022-05-27,2022-06-10,2022-06-02,2026-08-12T13:29:33.699965,loans.csv,0,ON TIME
3385,2791,3,2022-10-03,2022-10-17,,2026-08-12T13:29:33.699965,loans.csv,1395,CRITICAL
1959,90,14,2024-11-23,2024-12-07,2024-12-04,2026-08-12T13:29:33.699965,loans.csv,0,ON TIME
5893,941,4,2022-02-18,2022-03-04,2022-03-05,2026-08-12T13:29:33.699965,loans.csv,1,MILD
9090,1065,108,2021-11-09,2021-11-23,2021-11-29,2026-08-12T13:29:33.699965,loans.csv,6,MILD
4388,1845,1,2022-05-15,2022-05-29,2022-06-19,2026-08-12T13:29:33.699965,loans.csv,21,SEVERE
2745,1041,1,2024-10-01,2024-10-15,2024-10-13,2026-08-12T13:29:33.699965,loans.csv,0,ON TIME
6103,2092,1,2023-10-31,2023-11-14,2023-11-03,2026-08-12T13:29:33.699965,loans.csv,0,ON TIME
6561,2731,1,2022-10-04,2022-10-25,2022-10-31,2026-08-12T13:29:33.699965,loans.csv,6,MILD
6177,752,19,2023-03-14,2023-03-28,2023-03-24,2026-08-12T13:29:33.699965,loans.csv,0,ON TIME
4314,2081,1,2020-11-24,2020-12-08,2020-12-05,2026-08-12T13:29:33.699965,loans.csv,0,ON TIME
1466,515,1,2022-12-17,2022-12-31,2022-12-25,2026-08-12T13:29:33.699965,loans.csv,0,ON TIME
1110,229,31,2022-06-02,2022-06-23,2022-06-14,2026-08-12T13:29:33.699965,loans.csv,0,ON TIME
1569,1225,94,2020-04-09,2020-04-23,2020-04-15,2026-08-12T13:29:33.699965,loans.csv,0,ON TIME
1925,1761,3,2023-01-20,2023-02-03,2023-02-09,2026-08-12T13:29:33.699965,loans.csv,6,MILD
3333,1429,3,2024-01-22,2024-02-05,,2026-08-12T13:29:33.699965,loans.csv,919,CRITICAL
7206,1636,38,2024-11-06,2024-11-20,,2026-08-12T13:29:33.699965,loans.csv,630,CRITICAL
4715,2056,5,2023-12-27,2024-01-10,,2026-08-12T13:29:33.699965,loans.csv,945,CRITICAL
8938,682,1,2024-09-18,2024-10-02,2024-09-21,2026-08-12T13:29:33.699965,loans.csv,0,ON TIME
9133,1139,2,2024-10-21,2024-11-04,2024-11-20,2026-08-12T13:29:33.699965,loans.csv,16,SEVERE
3044,420,12,2021-09-29,2021-10-13,2021-09-30,2026-08-12T13:29:33.699965,loans.csv,0,ON TIME
6207,199,1,2024-12-24,2025-01-07,,2026-08-12T13:29:33.699965,loans.csv,582,CRITICAL
3697,2022,9,2022-02-04,2022-02-18,2022-02-08,2026-08-12T13:29:33.699965,loans.csv,0,ON TIME
8653,904,5,2021-12-24,2022-01-07,2022-01-04,2026-08-12T13:29:33.699965,loans.csv,0,ON TIME
7838,2004,1,2022-07-22,2022-08-05,2022-08-02,2026-08-12T13:29:33.699965,loans.csv,0,ON TIME
7637,2164,1,2023-08-19,2023-09-02,2023-08-29,2026-08-12T13:29:33.699965,loans.csv,0,ON TIME
8841,950,8,2023-08-18,2023-09-01,2023-09-05,2026-08-12T13:29:33.699965,loans.csv,4,MILD
9107,1995,1,2024-10-26,2024-11-16,2024-11-21,2026-08-12T13:29:33.699965,loans.csv,5,MILD
726,101,1,2024-02-05,2024-02-26,2024-02-13,2026-08-12T13:29:33.699965,loans.csv,0,ON TIME
2663,1515,1,2022-09-10,2022-09-24,2022-09-13,2026-08-12T13:29:33.699965,loans.csv,0,ON TIME
7457,1983,21,2024-09-21,2024-10-05,2024-10-10,2026-08-12T13:29:33.699965,loans.csv,5,MILD
4081,398,23,2023-02-04,2023-02-18,2023-02-19,2026-08-12T13:29:33.699965,loans.csv,1,MILD
1958,441,1,2023-06-12,2023-06-26,2023-06-29,2026-08-12T13:29:33.699965,loans.csv,3,MILD
2327,999,1,2024-09-05,2024-09-19,2024-09-13,2026-08-12T13:29:33.699965,loans.csv,0,ON TIME
4791,2147,8,2024-03-30,2024-04-13,2024-04-15,2026-08-12T13:29:33.699965,loans.csv,2,MILD
2572,435,2,2024-10-14,2024-10-28,2024-11-03,2026-08-12T13:29:33.699965,loans.csv,6,MILD
9126,2353,65,2023-02-04,2023-02-18,,2026-08-12T13:29:33.699965,loans.csv,1271,CRITICAL
8444,556,1,2022-11-22,2022-12-06,2022-12-05,2026-08-12T13:29:33.699965,loans.csv,0,ON TIME
4096,2148,7,2024-03-04,2024-03-18,2024-03-19,2026-08-12T13:29:33.699965,loans.csv,1,MILD
1219,1162,1,2022-08-07,2022-08-21,2022-08-17,2026-08-12T13:29:33.699965,loans.csv,0,ON TIME
4912,573,1,2024-01-31,2024-02-14,,2026-08-12T13:29:33.699965,loans.csv,910,CRITICAL
7697,879,1,2021-12-10,2021-12-24,,2026-08-12T13:29:33.699965,loans.csv,1692,CRITICAL
6992,1645,3,2024-04-03,2024-04-17,2024-04-23,2026-08-12T13:29:33.699965,loans.csv,6,MILD
4145,797,1,2022-04-15,2022-04-29,2022-05-02,2026-08-12T13:29:33.699965,loans.csv,3,MILD
8901,205,1,2024-06-11,2024-06-25,2024-06-17,2026-08-12T13:29:33.699965,loans.csv,0,ON TIME
5679,954,7,2023-11-30,2023-12-14,2023-12-14,2026-08-12T13:29:33.699965,loans.csv,0,ON TIME
5966,635,6,2024-07-20,2024-08-03,2024-07-31,2026-08-12T13:29:33.699965,loans.csv,0,ON TIME
7261,2432,1,2024-07-06,2024-07-20,2024-07-07,2026-08-12T13:29:33.699965,loans.csv,0,ON TIME
7534,456,40,2023-08-04,2023-08-18,2023-08-18,2026-08-12T13:29:33.699965,loans.csv,0,ON TIME
1883,650,1,2024-03-20,2024-04-03,,2026-08-12T13:29:33.699965,loans.csv,861,CRITICAL
8520,45,10,2023-02-06,2023-02-20,2023-04-03,2026-08-12T13:29:33.699965,loans.csv,42,CRITICAL
502,1980,2,2022-04-26,2022-05-10,2022-05-04,2026-08-12T13:29:33.699965,loans.csv,0,ON TIME
1137,1998,11,2024-08-26,2024-09-09,2024-09-08,2026-08-12T13:29:33.699965,loans.csv,0,ON TIME
1330,470,6,2022-03-30,2022-04-13,2022-05-11,2026-08-12T13:29:33.699965,loans.csv,28,SEVERE
5879,1671,1,2024-07-06,2024-07-20,,2026-08-12T13:29:33.699965,loans.csv,753,CRITICAL
3203,481,1,2024-05-26,2024-06-09,2024-05-30,2026-08-12T13:29:33.699965,loans.csv,0,ON TIME
1751,1321,1,2024-10-02,2024-10-16,,2026-08-12T13:29:33.699965,loans.csv,665,CRITICAL
7468,1823,4,2021-10-22,2021-11-05,2021-10-30,2026-08-12T13:29:33.699965,loans.csv,0,ON TIME
9159,405,2,2024-09-05,2024-09-19,,2026-08-12T13:29:33.699965,loans.csv,692,CRITICAL
2435,1796,72,2024-04-24,2024-05-08,2024-04-28,2026-08-12T13:29:33.699965,loans.csv,0,ON TIME
9469,646,4,2024-04-21,2024-05-05,2024-04-22,2026-08-12T13:29:33.699965,loans.csv,0,ON TIME
2644,199,7,2024-10-14,2024-10-28,2024-10-27,2026-08-12T13:29:33.699965,loans.csv,0,ON TIME
473,1570,1,2022-12-04,2022-12-18,,2026-08-12T13:29:33.699965,loans.csv,1333,CRITICAL
3304,2341,3,2024-08-15,2024-08-29,2024-09-04,2026-08-12T13:29:33.699965,loans.csv,6,MILD
2847,2059,150,2024-04-14,2024-04-28,,2026-08-12T13:29:33.699965,loans.csv,836,CRITICAL
55,517,1,2020-07-30,2020-08-13,2020-08-16,2026-08-12T13:29:33.699965,loans.csv,3,MILD
2092,2078,4,2023-04-18,2023-05-02,2023-05-06,2026-08-12T13:29:33.699965,loans.csv,4,MILD
7692,199,1,2024-11-07,2024-11-21,2024-11-08,2026-08-12T13:29:33.699965,loans.csv,0,ON TIME
1027,283,1,2024-01-15,2024-01-29,2024-01-23,2026-08-12T13:29:33.699965,loans.csv,0,ON TIME
4092,1984,1,2024-05-07,2024-05-21,,2026-08-12T13:29:33.699965,loans.csv,813,CRITICAL
8011,2004,2,2023-03-31,2023-04-14,2023-04-19,2026-08-12T13:29:33.699965,loans.csv,5,MILD
2176,66,1,2020-09-25,2020-10-09,2020-11-18,2026-08-12T13:29:33.699965,loans.csv,40,CRITICAL
7036,2592,1,2024-01-07,2024-01-21,2024-01-15,2026-08-12T13:29:33.699965,loans.csv,0,ON TIME
1931,2001,1,2024-12-08,2024-12-22,2024-12-22,2026-08-12T13:29:33.699965,loans.csv,0,ON TIME
6764,317,4,2023-06-03,2023-06-17,2023-06-12,2026-08-12T13:29:33.699965,loans.csv,0,ON TIME
3461,2026,2,2024-07-10,2024-07-24,2024-07-25,2026-08-12T13:29:33.699965,loans.csv,1,MILD
3669,2759,1,2023-12-30,2024-01-13,2024-01-04,2026-08-12T13:29:33.699965,loans.csv,0,ON TIME
1666,2697,1,2023-03-22,2023-04-05,2023-04-10,2026-08-12T13:29:33.699965,loans.csv,5,MILD
498,772,14,2024-06-01,2024-06-15,2024-06-21,2026-08-12T13:29:33.699965,loans.csv,6,MILD
2676,2731,80,2024-03-21,2024-04-04,2024-03-26,2026-08-12T13:29:33.699965,loans.csv,0,ON TIME
2489,1540,1,2021-06-09,2021-06-23,2021-06-26,2026-08-12T13:29:33.699965,loans.csv,3,MILD
8701,1056,1,2024-08-29,2024-09-12,2024-09-06,2026-08-12T13:29:33.699965,loans.csv,0,ON TIME
3596,494,1,2024-11-13,2024-11-27,2024-11-18,2026-08-12T13:29:33.699965,loans.csv,0,ON TIME
9283,1967,3,2024-03-06,2024-03-20,2024-03-16,2026-08-12T13:29:33.699965,loans.csv,0,ON TIME
7233,1734,1,2023-06-11,2023-06-25,2023-06-25,2026-08-12T13:29:33.699965,loans.csv,0,ON TIME
5989,1082,1,2024-02-26,2024-03-11,2024-03-11,2026-08-12T13:29:33.699965,loans.csv,0,ON TIME
8999,2110,65,2023-12-11,2023-12-25,2023-12-22,2026-08-12T13:29:33.699965,loans.csv,0,ON TIME
4836,1523,1,2024-06-26,2024-07-10,2024-07-06,2026-08-12T13:29:33.699965,loans.csv,0,ON TIME
3718,363,1,2021-02-27,2021-03-13,2021-04-20,2026-08-12T13:29:33.699965,loans.csv,38,CRITICAL
8773,2391,3,2020-09-08,2020-09-29,2020-09-26,2026-08-12T13:29:33.699965,loans.csv,0,ON TIME
556,347,1,2023-12-21,2024-01-04,2023-12-25,2026-08-12T13:29:33.699965,loans.csv,0,ON TIME
7709,2370,47,2024-12-14,2024-12-28,,2026-08-12T13:29:33.699965,loans.csv,592,CRITICAL
5689,1202,2,2022-04-09,2022-04-23,2022-04-27,2026-08-12T13:29:33.699965,loans.csv,4,MILD
8522,209,4,2023-07-22,2023-08-05,2023-08-05,2026-08-12T13:29:33.699965,loans.csv,0,ON TIME
2289,367,3,2023-11-05,2023-11-19,2023-11-12,2026-08-12T13:29:33.699965,loans.csv,0,ON TIME
786,2702,14,2022-07-19,2022-08-02,2022-08-07,2026-08-12T13:29:33.699965,loans.csv,5,MILD
7705,629,1,2024-08-02,2024-08-16,2024-08-11,2026-08-12T13:29:33.699965,loans.csv,0,ON TIME
4768,305,1,2023-11-18,2023-12-09,2023-11-19,2026-08-12T13:29:33.699965,loans.csv,0,ON TIME
1598,1986,1,2023-05-24,2023-06-07,2023-06-01,2026-08-12T13:29:33.699965,loans.csv,0,ON TIME
4233,133,125,2024-10-11,2024-10-25,,2026-08-12T13:29:33.699965,loans.csv,656,CRITICAL
399,481,19,2024-05-18,2024-06-08,2024-06-08,2026-08-12T13:29:33.699965,loans.csv,0,ON TIME
5136,2703,2,2024-10-06,2024-10-20,,2026-08-12T13:29:33.699965,loans.csv,661,CRITICAL
6556,1153,1,2022-09-20,2022-10-04,2022-09-27,2026-08-12T13:29:33.699965,loans.csv,0,ON TIME
6599,1549,3,2023-09-17,2023-10-01,2023-10-03,2026-08-12T13:29:33.699965,loans.csv,2,MILD
4289,862,23,2023-12-22,2024-01-05,2024-01-10,2026-08-12T13:29:33.699965,loans.csv,5,MILD
8685,2445,3,2024-12-26,2025-01-09,,2026-08-12T13:29:33.699965,loans.csv,580,CRITICAL
3565,1363,7,2021-11-23,2021-12-14,2022-01-22,2026-08-12T13:29:33.699965,loans.csv,39,CRITICAL
4645,721,114,2022-10-19,2022-11-02,2022-11-02,2026-08-12T13:29:33.699965,loans.csv,0,ON TIME
7451,297,1,2023-04-06,2023-04-20,2023-04-20,2026-08-12T13:29:33.699965,loans.csv,0,ON TIME
4593,649,1,2023-12-04,2023-12-18,2024-01-13,2026-08-12T13:29:33.699965,loans.csv,26,SEVERE
4229,1663,1,2022-05-31,2022-06-14,2022-06-20,2026-08-12T13:29:33.699965,loans.csv,6,MILD
9127,444,1,2024-03-09,2024-03-23,2024-03-22,2026-08-12T13:29:33.699965,loans.csv,0,ON TIME
4351,775,1,2022-03-11,2022-03-25,,2026-08-12T13:29:33.699965,loans.csv,1601,CRITICAL
7059,433,4,2022-02-11,2022-02-25,2022-02-18,2026-08-12T13:29:33.699965,loans.csv,0,ON TIME
7548,242,1,2020-10-14,2020-10-28,2020-10-23,2026-08-12T13:29:33.699965,loans.csv,0,ON TIME
3151,2438,65,2020-12-30,2021-01-13,2021-01-04,2026-08-12T13:29:33.699965,loans.csv,0,ON TIME
2922,2562,7,2020-04-11,2020-04-25,2020-05-01,2026-08-12T13:29:33.699965,loans.csv,6,MILD
1701,1198,3,2024-04-12,2024-04-26,2024-04-29,2026-08-12T13:29:33.699965,loans.csv,3,MILD
3192,907,2,2023-06-13,2023-06-27,2023-06-17,2026-08-12T13:29:33.699965,loans.csv,0,ON TIME
7713,2106,4,2020-11-16,2020-11-30,2020-11-29,2026-08-12T13:29:33.699965,loans.csv,0,ON TIME
5953,1254,3,2022-07-09,2022-07-23,2022-07-21,2026-08-12T13:29:33.699965,loans.csv,0,ON TIME
3012,534,20,2024-06-26,2024-07-10,2024-06-29,2026-08-12T13:29:33.699965,loans.csv,0,ON TIME
2345,1910,2,2024-11-06,2024-11-20,2024-11-10,2026-08-12T13:29:33.699965,loans.csv,0,ON TIME
7115,2572,37,2022-03-18,2022-04-01,,2026-08-12T13:29:33.699965,loans.csv,1594,CRITICAL
7926,2226,1,2024-07-11,2024-07-25,2024-07-28,2026-08-12T13:29:33.699965,loans.csv,3,MILD
7950,201,173,2023-04-08,2023-04-22,,2026-08-12T13:29:33.699965,loans.csv,1208,CRITICAL
7097,1450,4,2024-11-08,2024-11-22,2024-11-12,2026-08-12T13:29:33.699965,loans.csv,0,ON TIME
4671,1976,32,2022-06-24,2022-07-08,2022-06-29,2026-08-12T13:29:33.699965,loans.csv,0,ON TIME
7877,1619,12,2024-12-18,2025-01-01,,2026-08-12T13:29:33.699965,loans.csv,588,CRITICAL
7729,1633,1,2024-12-02,2024-12-16,2024-12-14,2026-08-12T13:29:33.699965,loans.csv,0,ON TIME
8205,1582,2,2023-10-20,2023-11-03,2023-11-06,2026-08-12T13:29:33.699965,loans.csv,3,MILD
5874,1260,1,2023-09-16,2023-09-30,2023-09-21,2026-08-12T13:29:33.699965,loans.csv,0,ON TIME
9284,394,2,2023-10-22,2023-11-05,,2026-08-12T13:29:33.699965,loans.csv,1011,CRITICAL
8548,1400,1,2024-01-27,2024-02-17,2024-02-02,2026-08-12T13:29:33.699965,loans.csv,0,ON TIME
8715,152,2,2024-01-24,2024-02-07,2024-01-29,2026-08-12T13:29:33.699965,loans.csv,0,ON TIME
6337,1694,1,2024-09-03,2024-09-17,2024-09-17,2026-08-12T13:29:33.699965,loans.csv,0,ON TIME
927,2190,8,2022-04-03,2022-04-17,,2026-08-12T13:29:33.699965,loans.csv,1578,CRITICAL
1088,2533,1,2024-10-28,2024-11-18,2024-11-06,2026-08-12T13:29:33.699965,loans.csv,0,ON TIME
1270,2516,33,2023-08-23,2023-09-13,2023-09-14,2026-08-12T13:29:33.699965,loans.csv,1,MILD
4440,2741,8,2022-06-16,2022-06-30,2022-06-23,2026-08-12T13:29:33.699965,loans.csv,0,ON TIME
6902,753,1,2024-09-08,2024-09-22,,2026-08-12T13:29:33.699965,loans.csv,689,CRITICAL
5039,1722,1,2021-08-18,2021-09-01,2021-09-06,2026-08-12T13:29:33.699965,loans.csv,5,MILD
6332,305,3,2023-05-06,2023-05-20,2023-05-22,2026-08-12T13:29:33.699965,loans.csv,2,MILD
6519,1988,1,2021-01-03,2021-01-17,2021-01-13,2026-08-12T13:29:33.699965,loans.csv,0,ON TIME
2927,195,1,2023-08-01,2023-08-15,2023-08-03,2026-08-12T13:29:33.699965,loans.csv,0,ON TIME
752,1523,3,2024-02-16,2024-03-01,,2026-08-12T13:29:33.699965,loans.csv,894,CRITICAL
3933,937,17,2021-12-04,2021-12-18,2021-12-21,2026-08-12T13:29:33.699965,loans.csv,3,MILD
6725,142,1,2024-05-01,2024-05-15,2024-05-12,2026-08-12T13:29:33.699965,loans.csv,0,ON TIME
2169,403,1,2022-04-12,2022-04-26,2022-04-16,2026-08-12T13:29:33.699965,loans.csv,0,ON TIME
8247,414,6,2022-04-25,2022-05-09,2022-05-12,2026-08-12T13:29:33.699965,loans.csv,3,MILD
3978,1629,3,2024-09-17,2024-10-01,2024-11-03,2026-08-12T13:29:33.699965,loans.csv,33,CRITICAL
4900,954,46,2021-12-06,2021-12-20,2021-12-19,2026-08-12T13:29:33.699965,loans.csv,0,ON TIME
4823,2484,30,2024-06-05,2024-06-19,2024-06-11,2026-08-12T13:29:33.699965,loans.csv,0,ON TIME
7466,411,1,2023-06-02,2023-06-16,2023-07-31,2026-08-12T13:29:33.699965,loans.csv,45,CRITICAL
9294,867,2,2022-07-12,2022-07-26,2022-07-26,2026-08-12T13:29:33.699965,loans.csv,0,ON TIME
8440,69,1,2021-08-29,2021-09-12,2021-09-19,2026-08-12T13:29:33.699965,loans.csv,7,MILD
8601,380,8,2022-05-26,2022-06-16,,2026-08-12T13:29:33.699965,loans.csv,1518,CRITICAL
3157,1941,4,2024-05-23,2024-06-06,2024-05-28,2026-08-12T13:29:33.699965,loans.csv,0,ON TIME
4141,2025,1,2024-04-02,2024-04-16,2024-04-19,2026-08-12T13:29:33.699965,loans.csv,3,MILD
6024,767,11,2023-09-12,2023-09-26,2023-10-09,2026-08-12T13:29:33.699965,loans.csv,13,SEVERE
6066,862,46,2023-01-11,2023-01-25,,2026-08-12T13:29:33.699965,loans.csv,1295,CRITICAL
6991,1392,8,2024-05-28,2024-06-11,,2026-08-12T13:29:33.699965,loans.csv,792,CRITICAL
224,935,1,2023-04-24,2023-05-08,2023-05-14,2026-08-12T13:29:33.699965,loans.csv,6,MILD
7986,486,2,2024-03-04,2024-03-25,2024-03-28,2026-08-12T13:29:33.699965,loans.csv,3,MILD
7383,2425,2,2024-01-25,2024-02-08,2024-02-02,2026-08-12T13:29:33.699965,loans.csv,0,ON TIME
4431,2144,1,2023-05-24,2023-06-07,2023-07-03,2026-08-12T13:29:33.699965,loans.csv,26,SEVERE
7286,308,2,2023-09-22,2023-10-06,,2026-08-12T13:29:33.699965,loans.csv,1041,CRITICAL
4637,2790,1,2022-11-30,2022-12-14,2022-12-21,2026-08-12T13:29:33.699965,loans.csv,7,MILD
1123,1631,1,2024-08-17,2024-08-31,2024-08-21,2026-08-12T13:29:33.699965,loans.csv,0,ON TIME
5960,2318,2,2022-05-30,2022-06-13,2022-06-17,2026-08-12T13:29:33.699965,loans.csv,4,MILD
5110,75,3,2024-03-25,2024-04-08,2024-03-28,2026-08-12T13:29:33.699965,loans.csv,0,ON TIME
8086,1533,5,2022-09-10,2022-10-01,2022-10-11,2026-08-12T13:29:33.699965,loans.csv,10,SEVERE
6654,2260,1,2021-08-20,2021-09-03,2021-08-29,2026-08-12T13:29:33.699965,loans.csv,0,ON TIME
4699,239,1,2023-07-18,2023-08-01,2023-07-23,2026-08-12T13:29:33.699965,loans.csv,0,ON TIME
2585,593,46,2024-08-28,2024-09-11,,2026-08-12T13:29:33.699965,loans.csv,700,CRITICAL
6144,893,3,2023-08-02,2023-08-16,2023-08-14,2026-08-12T13:29:33.699965,loans.csv,0,ON TIME
3355,2086,1,2021-12-18,2022-01-01,2021-12-31,2026-08-12T13:29:33.699965,loans.csv,0,ON TIME
6312,728,32,2023-03-08,2023-03-22,2023-03-17,2026-08-12T13:29:33.699965,loans.csv,0,ON TIME
2089,2066,12,2021-12-15,2021-12-29,2021-12-30,2026-08-12T13:29:33.699965,loans.csv,1,MILD
8387,1966,1,2024-09-02,2024-09-16,2024-09-17,2026-08-12T13:29:33.699965,loans.csv,1,MILD
9435,510,1,2024-09-27,2024-10-11,2024-10-30,2026-08-12T13:29:33.699965,loans.csv,19,SEVERE
6038,592,23,2022-07-22,2022-08-05,,2026-08-12T13:29:33.699965,loans.csv,1468,CRITICAL
1074,1176,7,2024-09-14,2024-09-28,,2026-08-12T13:29:33.699965,loans.csv,683,CRITICAL
866,2144,2,2022-12-01,2022-12-15,2022-12-06,2026-08-12T13:29:33.699965,loans.csv,0,ON TIME
4832,1240,2,2023-12-26,2024-01-09,2024-01-05,2026-08-12T13:29:33.699965,loans.csv,0,ON TIME
3667,1814,1,2024-05-25,2024-06-08,2024-06-01,2026-08-12T13:29:33.699965,loans.csv,0,ON TIME
9410,1766,2,2024-08-18,2024-09-01,,2026-08-12T13:29:33.699965,loans.csv,710,CRITICAL
8413,823,2,2023-06-06,2023-06-20,2023-06-22,2026-08-12T13:29:33.699965,loans.csv,2,MILD
3442,909,1,2024-08-19,2024-09-02,2024-09-02,2026-08-12T13:29:33.699965,loans.csv,0,ON TIME
4210,524,15,2024-01-21,2024-02-04,2024-02-08,2026-08-12T13:29:33.699965,loans.csv,4,MILD
3265,1347,19,2024-01-07,2024-01-21,2024-01-14,2026-08-12T13:29:33.699965,loans.csv,0,ON TIME
3871,1165,1,2023-02-09,2023-02-23,2023-02-27,2026-08-12T13:29:33.699965,loans.csv,4,MILD
7266,907,65,2024-10-15,2024-10-29,2024-10-28,2026-08-12T13:29:33.699965,loans.csv,0,ON TIME
3345,1232,1,2023-12-03,2023-12-17,2023-12-19,2026-08-12T13:29:33.699965,loans.csv,2,MILD
7762,1030,1,2024-07-18,2024-08-01,2024-07-27,2026-08-12T13:29:33.699965,loans.csv,0,ON TIME
2860,1980,1,2023-03-30,2023-04-13,2023-04-01,2026-08-12T13:29:33.699965,loans.csv,0,ON TIME
973,1785,1,2024-10-04,2024-10-18,2024-10-22,2026-08-12T13:29:33.699965,loans.csv,4,MILD
712,2045,1,2021-05-21,2021-06-04,2021-06-04,2026-08-12T13:29:33.699965,loans.csv,0,ON TIME
7748,2561,1,2023-05-08,2023-05-22,2023-05-12,2026-08-12T13:29:33.699965,loans.csv,0,ON TIME
3027,2219,1,2021-10-16,2021-10-30,2021-11-06,2026-08-12T13:29:33.699965,loans.csv,7,MILD
6726,1908,76,2023-04-23,2023-05-07,2023-05-04,2026-08-12T13:29:33.699965,loans.csv,0,ON TIME
2741,2482,3,2024-10-11,2024-10-25,2024-10-19,2026-08-12T13:29:33.699965,loans.csv,0,ON TIME
6012,1135,2,2024-05-09,2024-05-23,2024-05-10,2026-08-12T13:29:33.699965,loans.csv,0,ON TIME
3604,418,2,2022-10-19,2022-11-02,2022-10-25,2026-08-12T13:29:33.699965,loans.csv,0,ON TIME
1917,310,33,2020-08-17,2020-08-31,2020-09-01,2026-08-12T13:29:33.699965,loans.csv,1,MILD
4812,2179,1,2023-12-01,2023-12-15,2023-12-20,2026-08-12T13:29:33.699965,loans.csv,5,MILD
6334,2624,2,2023-02-20,2023-03-06,2023-02-24,2026-08-12T13:29:33.699965,loans.csv,0,ON TIME
2730,2774,5,2023-07-19,2023-08-02,2023-09-14,2026-08-12T13:29:33.699965,loans.csv,43,CRITICAL
9131,2626,1,2023-10-27,2023-11-10,2023-11-10,2026-08-12T13:29:33.699965,loans.csv,0,ON TIME
1561,57,3,2024-04-28,2024-05-12,2024-05-04,2026-08-12T13:29:33.699965,loans.csv,0,ON TIME
295,1961,5,2024-08-22,2024-09-05,2024-08-25,2026-08-12T13:29:33.699965,loans.csv,0,ON TIME
2985,2746,1,2022-12-02,2022-12-16,2022-12-05,2026-08-12T13:29:33.699965,loans.csv,0,ON TIME
6343,306,2,2024-02-22,2024-03-07,2024-03-14,2026-08-12T13:29:33.699965,loans.csv,7,MILD
692,1343,43,2024-09-12,2024-09-26,2024-10-03,2026-08-12T13:29:33.699965,loans.csv,7,MILD
3243,1081,1,2024-09-20,2024-10-11,2024-10-07,2026-08-12T13:29:33.699965,loans.csv,0,ON TIME
156,272,1,2023-08-13,2023-08-27,2023-08-24,2026-08-12T13:29:33.699965,loans.csv,0,ON TIME
4995,334,2,2023-02-02,2023-02-16,2023-02-12,2026-08-12T13:29:33.699965,loans.csv,0,ON TIME
9423,1605,1,2021-10-17,2021-10-31,2021-10-30,2026-08-12T13:29:33.699965,loans.csv,0,ON TIME
2400,2608,2,2024-11-19,2024-12-10,2024-11-30,2026-08-12T13:29:33.699965,loans.csv,0,ON TIME
4299,2669,2,2023-03-24,2023-04-07,2023-04-14,2026-08-12T13:29:33.699965,loans.csv,7,MILD
9557,862,1,2023-07-07,2023-07-28,,2026-08-12T13:29:33.699965,loans.csv,1111,CRITICAL
6984,2325,1,2023-10-04,2023-10-25,2023-10-08,2026-08-12T13:29:33.699965,loans.csv,0,ON TIME
4896,2278,2,2024-11-16,2024-11-30,2024-11-27,2026-08-12T13:29:33.699965,loans.csv,0,ON TIME
7650,1279,70,2023-10-12,2023-10-26,2023-10-14,2026-08-12T13:29:33.699965,loans.csv,0,ON TIME
8952,1490,1,2023-05-20,2023-06-03,2023-06-18,2026-08-12T13:29:33.699965,loans.csv,15,SEVERE
851,1961,2,2024-07-19,2024-08-02,2024-08-02,2026-08-12T13:29:33.699965,loans.csv,0,ON TIME
7070,2192,2,2021-04-16,2021-05-07,2021-04-19,2026-08-12T13:29:33.699965,loans.csv,0,ON TIME
3728,1664,3,2024-02-04,2024-02-18,2024-02-17,2026-08-12T13:29:33.699965,loans.csv,0,ON TIME
1413,2342,4,2020-03-21,2020-04-04,2020-03-22,2026-08-12T13:29:33.699965,loans.csv,0,ON TIME
5899,599,2,2023-06-01,2023-06-15,2023-06-15,2026-08-12T13:29:33.699965,loans.csv,0,ON TIME
6069,2024,1,2024-09-16,2024-09-30,2024-09-23,2026-08-12T13:29:33.699965,loans.csv,0,ON TIME
753,1167,3,2024-05-26,2024-06-09,2024-06-10,2026-08-12T13:29:33.699965,loans.csv,1,MILD
3724,1663,21,2022-07-26,2022-08-09,2022-08-10,2026-08-12T13:29:33.699965,loans.csv,1,MILD
9449,1593,8,2020-04-26,2020-05-10,2020-05-03,2026-08-12T13:29:33.699965,loans.csv,0,ON TIME
6625,989,4,2022-11-29,2022-12-13,2022-12-09,2026-08-12T13:29:33.699965,loans.csv,0,ON TIME
5369,1181,1,2022-08-26,2022-09-09,2022-09-12,2026-08-12T13:29:33.699965,loans.csv,3,MILD
2467,1690,1,2024-03-14,2024-03-28,2024-03-18,2026-08-12T13:29:33.699965,loans.csv,0,ON TIME
3162,1068,4,2024-05-06,2024-05-20,2024-05-09,2026-08-12T13:29:33.699965,loans.csv,0,ON TIME
6559,1631,4,2023-11-03,2023-11-17,2023-11-13,2026-08-12T13:29:33.699965,loans.csv,0,ON TIME
3507,1663,1,2023-08-19,2023-09-02,2023-09-07,2026-08-12T13:29:33.699965,loans.csv,5,MILD
4923,2773,1,2021-11-20,2021-12-04,2021-12-10,2026-08-12T13:29:33.699965,loans.csv,6,MILD
4902,75,9,2022-05-18,2022-06-01,2022-05-20,2026-08-12T13:29:33.699965,loans.csv,0,ON TIME
3211,2511,1,2024-10-29,2024-11-12,2024-11-05,2026-08-12T13:29:33.699965,loans.csv,0,ON TIME
4221,1624,18,2022-05-07,2022-05-28,2022-05-09,2026-08-12T13:29:33.699965,loans.csv,0,ON TIME
3949,1927,39,2024-07-31,2024-08-14,2024-08-10,2026-08-12T13:29:33.699965,loans.csv,0,ON TIME
3970,494,1,2024-12-13,2024-12-27,,2026-08-12T13:29:33.699965,loans.csv,593,CRITICAL
4186,1657,29,2023-06-13,2023-06-27,2023-06-21,2026-08-12T13:29:33.699965,loans.csv,0,ON TIME
8862,2538,6,2023-06-16,2023-07-07,2023-07-12,2026-08-12T13:29:33.699965,loans.csv,5,MILD
516,1219,5,2022-06-10,2022-06-24,,2026-08-12T13:29:33.699965,loans.csv,1510,CRITICAL
48,1093,1,2022-11-21,2022-12-05,2022-11-27,2026-08-12T13:29:33.699965,loans.csv,0,ON TIME
6102,1237,1,2024-03-26,2024-04-09,2024-04-02,2026-08-12T13:29:33.699965,loans.csv,0,ON TIME
4670,2666,1,2024-02-22,2024-03-07,2024-03-01,2026-08-12T13:29:33.699965,loans.csv,0,ON TIME
5033,1067,3,2024-07-05,2024-07-19,2024-07-13,2026-08-12T13:29:33.699965,loans.csv,0,ON TIME
794,1230,1,2023-11-07,2023-11-21,2023-11-24,2026-08-12T13:29:33.699965,loans.csv,3,MILD
137,865,7,2024-07-31,2024-08-14,2024-08-03,2026-08-12T13:29:33.699965,loans.csv,0,ON TIME
5731,1759,1,2024-08-28,2024-09-11,2024-09-09,2026-08-12T13:29:33.699965,loans.csv,0,ON TIME
3983,2558,2,2022-03-15,2022-03-29,2022-03-21,2026-08-12T13:29:33.699965,loans.csv,0,ON TIME
9009,1552,1,2023-07-23,2023-08-06,2023-08-11,2026-08-12T13:29:33.699965,loans.csv,5,MILD
3094,2782,3,2020-12-25,2021-01-08,2021-01-12,2026-08-12T13:29:33.699965,loans.csv,4,MILD
6698,1638,14,2024-09-15,2024-09-29,2024-09-18,2026-08-12T13:29:33.699965,loans.csv,0,ON TIME
8583,2118,1,2023-02-27,2023-03-13,2023-03-04,2026-08-12T13:29:33.699965,loans.csv,0,ON TIME
9061,437,5,2024-04-05,2024-04-19,2024-04-12,2026-08-12T13:29:33.699965,loans.csv,0,ON TIME
6962,2240,12,2024-10-16,2024-10-30,2024-11-02,2026-08-12T13:29:33.699965,loans.csv,3,MILD
7843,2024,3,2022-08-13,2022-08-27,2022-08-28,2026-08-12T13:29:33.699965,loans.csv,1,MILD
1937,1949,4,2024-10-30,2024-11-20,2024-11-04,2026-08-12T13:29:33.699965,loans.csv,0,ON TIME
3029,1766,4,2024-05-18,2024-06-01,,2026-08-12T13:29:33.699965,loans.csv,802,CRITICAL
1100,1020,1,2022-07-25,2022-08-08,2022-08-13,2026-08-12T13:29:33.699965,loans.csv,5,MILD
546,191,1,2023-06-19,2023-07-03,2023-08-01,2026-08-12T13:29:33.699965,loans.csv,29,SEVERE
3276,1428,1,2022-07-14,2022-08-04,2022-07-31,2026-08-12T13:29:33.699965,loans.csv,0,ON TIME
5882,2099,1,2022-07-06,2022-07-20,2022-07-24,2026-08-12T13:29:33.699965,loans.csv,4,MILD
7191,680,3,2024-10-26,2024-11-09,2024-11-06,2026-08-12T13:29:33.699965,loans.csv,0,ON TIME
335,2110,2,2022-03-13,2022-03-27,2022-03-17,2026-08-12T13:29:33.699965,loans.csv,0,ON TIME
2002,2184,2,2024-10-25,2024-11-08,2024-11-04,2026-08-12T13:29:33.699965,loans.csv,0,ON TIME
4159,1655,1,2024-08-16,2024-08-30,2024-08-25,2026-08-12T13:29:33.699965,loans.csv,0,ON TIME
4940,226,8,2024-07-06,2024-07-20,2024-07-10,2026-08-12T13:29:33.699965,loans.csv,0,ON TIME
8935,2671,18,2024-08-20,2024-09-03,2024-09-06,2026-08-12T13:29:33.699965,loans.csv,3,MILD
2081,2247,1,2021-10-09,2021-10-23,2021-10-20,2026-08-12T13:29:33.699965,loans.csv,0,ON TIME
9580,2591,1,2020-08-21,2020-09-04,2020-08-27,2026-08-12T13:29:33.699965,loans.csv,0,ON TIME
8838,289,84,2024-03-06,2024-03-20,2024-03-07,2026-08-12T13:29:33.699965,loans.csv,0,ON TIME
3214,2190,7,2023-08-08,2023-08-29,2023-08-17,2026-08-12T13:29:33.699965,loans.csv,0,ON TIME
7290,1077,4,2023-07-04,2023-07-18,2023-07-12,2026-08-12T13:29:33.699965,loans.csv,0,ON TIME
5526,1451,5,2020-04-15,2020-04-29,2020-05-05,2026-08-12T13:29:33.699965,loans.csv,6,MILD
5984,896,1,2024-08-14,2024-08-28,2024-08-26,2026-08-12T13:29:33.699965,loans.csv,0,ON TIME
4914,1150,1,2024-11-18,2024-12-02,2024-11-23,2026-08-12T13:29:33.699965,loans.csv,0,ON TIME
1372,1893,22,2023-05-27,2023-06-10,2023-06-15,2026-08-12T13:29:33.699965,loans.csv,5,MILD
9577,2671,3,2024-08-25,2024-09-08,2024-09-04,2026-08-12T13:29:33.699965,loans.csv,0,ON TIME
891,698,11,2024-08-27,2024-09-10,2024-09-06,2026-08-12T13:29:33.699965,loans.csv,0,ON TIME
9236,347,1,2024-05-13,2024-05-27,2024-05-26,2026-08-12T13:29:33.699965,loans.csv,0,ON TIME
2014,2052,1,2022-12-06,2022-12-20,2023-01-20,2026-08-12T13:29:33.699965,loans.csv,31,CRITICAL
798,2613,11,2022-05-18,2022-06-01,2022-05-30,2026-08-12T13:29:33.699965,loans.csv,0,ON TIME
5180,2470,4,2021-04-22,2021-05-06,2021-05-08,2026-08-12T13:29:33.699965,loans.csv,2,MILD
5003,1526,69,2021-12-20,2022-01-03,2021-12-26,2026-08-12T13:29:33.699965,loans.csv,0,ON TIME
3498,1015,3,2023-12-17,2023-12-31,2023-12-24,2026-08-12T13:29:33.699965,loans.csv,0,ON TIME
1407,1388,3,2020-11-07,2020-11-28,,2026-08-12T13:29:33.699965,loans.csv,2083,CRITICAL
7603,2111,1,2024-09-18,2024-10-02,,2026-08-12T13:29:33.699965,loans.csv,679,CRITICAL
4394,1248,1,2021-08-26,2021-09-09,2021-09-11,2026-08-12T13:29:33.699965,loans.csv,2,MILD
6182,1346,2,2023-09-24,2023-10-08,2023-10-07,2026-08-12T13:29:33.699965,loans.csv,0,ON TIME
4341,843,1,2023-08-07,2023-08-28,2023-08-08,2026-08-12T13:29:33.699965,loans.csv,0,ON TIME
4926,1405,2,2024-12-01,2024-12-15,,2026-08-12T13:29:33.699965,loans.csv,605,CRITICAL
8017,2317,2,2022-04-18,2022-05-02,2022-04-19,2026-08-12T13:29:33.699965,loans.csv,0,ON TIME
7123,780,2,2023-04-08,2023-04-22,2023-04-27,2026-08-12T13:29:33.699965,loans.csv,5,MILD
7087,77,4,2022-08-26,2022-09-09,,2026-08-12T13:29:33.699965,loans.csv,1433,CRITICAL
8206,99,2,2022-10-20,2022-11-03,2022-11-05,2026-08-12T13:29:33.699965,loans.csv,2,MILD
1193,863,1,2024-03-04,2024-03-18,2024-03-18,2026-08-12T13:29:33.699965,loans.csv,0,ON TIME
2073,1582,1,2024-10-24,2024-11-07,2024-11-06,2026-08-12T13:29:33.699965,loans.csv,0,ON TIME
4771,2165,1,2023-05-07,2023-05-21,,2026-08-12T13:29:33.699965,loans.csv,1179,CRITICAL
2483,1601,2,2024-09-05,2024-09-19,2024-09-20,2026-08-12T13:29:33.699965,loans.csv,1,MILD
2191,24,1,2024-04-24,2024-05-15,2024-05-03,2026-08-12T13:29:33.699965,loans.csv,0,ON TIME
4752,1914,5,2022-09-05,2022-09-19,2022-09-11,2026-08-12T13:29:33.699965,loans.csv,0,ON TIME
7003,937,1,2023-10-26,2023-11-09,2023-10-28,2026-08-12T13:29:33.699965,loans.csv,0,ON TIME
1451,1227,8,2021-12-07,2021-12-21,2021-12-16,2026-08-12T13:29:33.699965,loans.csv,0,ON TIME
4305,2027,4,2024-03-15,2024-03-29,2024-04-02,2026-08-12T13:29:33.699965,loans.csv,4,MILD
585,1657,1,2024-03-21,2024-04-11,2024-04-07,2026-08-12T13:29:33.699965,loans.csv,0,ON TIME
5249,1371,8,2024-07-01,2024-07-15,2024-07-18,2026-08-12T13:29:33.699965,loans.csv,3,MILD
3986,2380,1,2022-03-11,2022-03-25,2022-03-17,2026-08-12T13:29:33.699965,loans.csv,0,ON TIME
5670,86,1,2024-04-27,2024-05-11,2024-05-11,2026-08-12T13:29:33.699965,loans.csv,0,ON TIME
7708,2659,1,2021-02-12,2021-02-26,2021-02-26,2026-08-12T13:29:33.699965,loans.csv,0,ON TIME
9576,1562,100,2023-06-15,2023-06-29,2023-07-04,2026-08-12T13:29:33.699965,loans.csv,5,MILD
410,1738,7,2024-06-12,2024-06-26,2024-07-03,2026-08-12T13:29:33.699965,loans.csv,7,MILD
3715,591,1,2024-09-12,2024-09-26,2024-09-27,2026-08-12T13:29:33.699965,loans.csv,1,MILD
3084,1954,2,2024-01-13,2024-01-27,2024-02-01,2026-08-12T13:29:33.699965,loans.csv,5,MILD
4683,2423,3,2024-07-29,2024-08-12,2024-08-07,2026-08-12T13:29:33.699965,loans.csv,0,ON TIME
6016,2218,2,2023-04-07,2023-04-21,2023-04-20,2026-08-12T13:29:33.699965,loans.csv,0,ON TIME
7542,800,1,2022-08-25,2022-09-08,2022-08-27,2026-08-12T13:29:33.699965,loans.csv,0,ON TIME
1356,914,50,2022-05-16,2022-05-30,2022-06-02,2026-08-12T13:29:33.699965,loans.csv,3,MILD
5360,2271,32,2024-09-30,2024-10-14,2024-10-10,2026-08-12T13:29:33.699965,loans.csv,0,ON TIME
9078,2276,5,2023-12-13,2023-12-27,2023-12-24,2026-08-12T13:29:33.699965,loans.csv,0,ON TIME
2976,2272,29,2024-02-19,2024-03-04,,2026-08-12T13:29:33.699965,loans.csv,891,CRITICAL
53,1675,1,2024-04-07,2024-04-21,2024-04-27,2026-08-12T13:29:33.699965,loans.csv,6,MILD
986,193,6,2024-02-10,2024-02-24,2024-02-16,2026-08-12T13:29:33.699965,loans.csv,0,ON TIME
3894,1973,1,2024-02-05,2024-02-19,2024-02-08,2026-08-12T13:29:33.699965,loans.csv,0,ON TIME
3317,321,1,2020-01-12,2020-01-26,2020-01-16,2026-08-12T13:29:33.699965,loans.csv,0,ON TIME
80,1738,1,2023-07-11,2023-07-25,2023-07-27,2026-08-12T13:29:33.699965,loans.csv,2,MILD
6985,782,1,2024-10-19,2024-11-02,2024-11-05,2026-08-12T13:29:33.699965,loans.csv,3,MILD
9196,409,3,2022-07-31,2022-08-14,2022-08-04,2026-08-12T13:29:33.699965,loans.csv,0,ON TIME
7828,2542,1,2023-06-05,2023-06-26,2023-06-22,2026-08-12T13:29:33.699965,loans.csv,0,ON TIME
6661,409,1,2024-11-14,2024-11-28,2024-11-22,2026-08-12T13:29:33.699965,loans.csv,0,ON TIME
4596,2181,41,2024-05-13,2024-05-27,2024-05-22,2026-08-12T13:29:33.699965,loans.csv,0,ON TIME
6117,2340,10,2022-01-08,2022-01-22,,2026-08-12T13:29:33.699965,loans.csv,1663,CRITICAL
8534,625,1,2024-01-13,2024-01-27,2024-01-16,2026-08-12T13:29:33.699965,loans.csv,0,ON TIME
1099,1269,1,2022-02-27,2022-03-13,2022-03-15,2026-08-12T13:29:33.699965,loans.csv,2,MILD
520,2284,1,2024-06-03,2024-06-17,2024-06-19,2026-08-12T13:29:33.699965,loans.csv,2,MILD
773,2622,2,2021-12-16,2021-12-30,2021-12-28,2026-08-12T13:29:33.699965,loans.csv,0,ON TIME
7830,2081,1,2023-08-14,2023-08-28,2023-09-01,2026-08-12T13:29:33.699965,loans.csv,4,MILD
7229,461,2,2023-12-16,2023-12-30,2023-12-26,2026-08-12T13:29:33.699965,loans.csv,0,ON TIME
594,1110,4,2023-02-02,2023-02-16,,2026-08-12T13:29:33.699965,loans.csv,1273,CRITICAL
1111,2239,7,2023-12-28,2024-01-11,2024-02-02,2026-08-12T13:29:33.699965,loans.csv,22,SEVERE
1302,1172,1,2024-09-01,2024-09-22,2024-09-11,2026-08-12T13:29:33.699965,loans.csv,0,ON TIME
2998,1039,104,2020-11-07,2020-11-21,2020-12-09,2026-08-12T13:29:33.699965,loans.csv,18,SEVERE
1168,1720,1,2023-08-20,2023-09-03,2023-08-25,2026-08-12T13:29:33.699965,loans.csv,0,ON TIME
1837,1878,2,2023-09-17,2023-10-08,2023-10-06,2026-08-12T13:29:33.699965,loans.csv,0,ON TIME
4227,1185,1,2022-12-24,2023-01-07,2023-01-14,2026-08-12T13:29:33.699965,loans.csv,7,MILD
132,2042,133,2023-11-02,2023-11-16,2023-11-03,2026-08-12T13:29:33.699965,loans.csv,0,ON TIME
9150,1689,1,2021-04-01,2021-04-15,2021-04-17,2026-08-12T13:29:33.699965,loans.csv,2,MILD
186,12,1,2024-04-26,2024-05-10,2024-04-28,2026-08-12T13:29:33.699965,loans.csv,0,ON TIME
386,1316,1,2024-04-04,2024-04-18,2024-04-14,2026-08-12T13:29:33.699965,loans.csv,0,ON TIME
4527,1403,2,2020-09-09,2020-09-23,2020-09-30,2026-08-12T13:29:33.699965,loans.csv,7,MILD
7411,2253,1,2021-10-15,2021-10-29,2021-10-16,2026-08-12T13:29:33.699965,loans.csv,0,ON TIME
7876,2467,6,2024-11-17,2024-12-01,,2026-08-12T13:29:33.699965,loans.csv,619,CRITICAL
7313,2382,2,2024-09-22,2024-10-06,2024-10-11,2026-08-12T13:29:33.699965,loans.csv,5,MILD
1013,1344,13,2023-12-18,2024-01-01,2023-12-20,2026-08-12T13:29:33.699965,loans.csv,0,ON TIME
8750,2084,1,2020-05-05,2020-05-19,2020-05-22,2026-08-12T13:29:33.699965,loans.csv,3,MILD
1711,1179,87,2024-05-04,2024-05-18,,2026-08-12T13:29:33.699965,loans.csv,816,CRITICAL
7945,1556,1,2024-03-14,2024-03-28,2024-03-20,2026-08-12T13:29:33.699965,loans.csv,0,ON TIME
9278,1190,1,2020-12-08,2020-12-22,,2026-08-12T13:29:33.699965,loans.csv,2059,CRITICAL
4076,1828,1,2024-02-16,2024-03-01,2024-03-08,2026-08-12T13:29:33.699965,loans.csv,7,MILD
3760,536,1,2024-04-17,2024-05-01,2024-05-05,2026-08-12T13:29:33.699965,loans.csv,4,MILD
49,29,1,2022-09-30,2022-10-21,2022-10-10,2026-08-12T13:29:33.699965,loans.csv,0,ON TIME
6374,659,28,2024-07-07,2024-07-21,2024-07-10,2026-08-12T13:29:33.699965,loans.csv,0,ON TIME
4866,2493,1,2021-08-12,2021-08-26,2021-08-13,2026-08-12T13:29:33.699965,loans.csv,0,ON TIME
8704,1694,3,2020-01-28,2020-02-18,2020-02-08,2026-08-12T13:29:33.699965,loans.csv,0,ON TIME
4705,420,6,2021-02-07,2021-02-21,2021-02-10,2026-08-12T13:29:33.699965,loans.csv,0,ON TIME
8340,459,20,2024-12-05,2024-12-19,2024-12-15,2026-08-12T13:29:33.699965,loans.csv,0,ON TIME
7309,2526,1,2022-09-26,2022-10-17,2022-10-19,2026-08-12T13:29:33.699965,loans.csv,2,MILD
7977,2357,2,2024-06-23,2024-07-07,,2026-08-12T13:29:33.699965,loans.csv,766,CRITICAL
1594,242,1,2023-08-28,2023-09-11,2023-09-18,2026-08-12T13:29:33.699965,loans.csv,7,MILD
4428,2240,1,2024-08-04,2024-08-18,2024-08-13,2026-08-12T13:29:33.699965,loans.csv,0,ON TIME
8179,207,99,2024-10-31,2024-11-14,2024-11-11,2026-08-12T13:29:33.699965,loans.csv,0,ON TIME
3165,853,16,2023-11-20,2023-12-04,2023-11-21,2026-08-12T13:29:33.699965,loans.csv,0,ON TIME
8391,2144,1,2023-11-15,2023-11-29,,2026-08-12T13:29:33.699965,loans.csv,987,CRITICAL
1399,721,5,2023-11-26,2023-12-10,2023-12-09,2026-08-12T13:29:33.699965,loans.csv,0,ON TIME
6253,2405,1,2023-10-25,2023-11-15,2023-11-05,2026-08-12T13:29:33.699965,loans.csv,0,ON TIME
7689,2155,3,2024-11-14,2024-11-28,2024-11-20,2026-08-12T13:29:33.699965,loans.csv,0,ON TIME
1196,2646,12,2024-12-25,2025-01-08,,2026-08-12T13:29:33.699965,loans.csv,581,CRITICAL
1194,2442,4,2023-10-25,2023-11-08,2023-11-02,2026-08-12T13:29:33.699965,loans.csv,0,ON TIME
9081,546,4,2021-11-15,2021-11-29,,2026-08-12T13:29:33.699965,loans.csv,1717,CRITICAL
8367,538,4,2024-09-11,2024-10-02,,2026-08-12T13:29:33.699965,loans.csv,679,CRITICAL
22,701,1,2023-03-31,2023-04-14,2023-04-16,2026-08-12T13:29:33.699965,loans.csv,2,MILD
6677,1363,3,2024-02-27,2024-03-12,2024-03-01,2026-08-12T13:29:33.699965,loans.csv,0,ON TIME
7961,1467,39,2024-12-18,2025-01-01,,2026-08-12T13:29:33.699965,loans.csv,588,CRITICAL
3028,1373,1,2024-03-31,2024-04-14,2024-04-07,2026-08-12T13:29:33.699965,loans.csv,0,ON TIME
4067,2219,12,2023-02-14,2023-02-28,,2026-08-12T13:29:33.699965,loans.csv,1261,CRITICAL
8369,682,9,2024-10-29,2024-11-12,,2026-08-12T13:29:33.699965,loans.csv,638,CRITICAL
2669,935,1,2022-03-31,2022-04-14,2022-04-13,2026-08-12T13:29:33.699965,loans.csv,0,ON TIME
8688,1052,133,2024-11-08,2024-11-22,2024-12-10,2026-08-12T13:29:33.699965,loans.csv,18,SEVERE
3761,28,51,2021-02-24,2021-03-10,2021-03-01,2026-08-12T13:29:33.699965,loans.csv,0,ON TIME
7966,1494,6,2024-11-29,2024-12-13,2024-12-02,2026-08-12T13:29:33.699965,loans.csv,0,ON TIME
6291,2091,2,2023-05-02,2023-05-16,2023-05-12,2026-08-12T13:29:33.699965,loans.csv,0,ON TIME
5644,1815,1,2022-03-18,2022-04-08,2022-04-07,2026-08-12T13:29:33.699965,loans.csv,0,ON TIME
6638,848,5,2024-09-29,2024-10-13,2024-10-10,2026-08-12T13:29:33.699965,loans.csv,0,ON TIME
7857,1293,1,2022-11-01,2022-11-15,2022-11-12,2026-08-12T13:29:33.699965,loans.csv,0,ON TIME
4485,1120,9,2022-02-21,2022-03-07,,2026-08-12T13:29:33.699965,loans.csv,1619,CRITICAL
3220,1991,1,2022-02-04,2022-02-18,2022-03-12,2026-08-12T13:29:33.699965,loans.csv,22,SEVERE
4623,691,21,2022-07-26,2022-08-09,2022-08-03,2026-08-12T13:29:33.699965,loans.csv,0,ON TIME
6667,305,22,2020-06-08,2020-06-22,2020-06-21,2026-08-12T13:29:33.699965,loans.csv,0,ON TIME
9497,369,1,2020-08-09,2020-08-23,2020-08-20,2026-08-12T13:29:33.699965,loans.csv,0,ON TIME
5769,928,3,2024-02-23,2024-03-08,2024-03-07,2026-08-12T13:29:33.699965,loans.csv,0,ON TIME
6428,2528,1,2024-02-27,2024-03-12,2024-03-06,2026-08-12T13:29:33.699965,loans.csv,0,ON TIME
3293,1377,1,2022-12-19,2023-01-02,2022-12-20,2026-08-12T13:29:33.699965,loans.csv,0,ON TIME
3019,478,116,2022-06-22,2022-07-06,,2026-08-12T13:29:33.699965,loans.csv,1498,CRITICAL
3428,1306,1,2022-06-01,2022-06-22,,2026-08-12T13:29:33.699965,loans.csv,1512,CRITICAL
9614,2423,1,2024-07-11,2024-07-25,2024-07-23,2026-08-12T13:29:33.699965,loans.csv,0,ON TIME
8257,1699,2,2024-07-10,2024-07-24,2024-07-21,2026-08-12T13:29:33.699965,loans.csv,0,ON TIME
8111,1549,26,2024-01-22,2024-02-05,2024-02-10,2026-08-12T13:29:33.699965,loans.csv,5,MILD
9189,324,4,2023-08-17,2023-09-07,2023-09-11,2026-08-12T13:29:33.699965,loans.csv,4,MILD
7947,1247,12,2020-12-19,2021-01-02,2020-12-23,2026-08-12T13:29:33.699965,loans.csv,0,ON TIME
657,735,1,2024-12-21,2025-01-11,,2026-08-12T13:29:33.699965,loans.csv,578,CRITICAL
7426,2649,2,2023-11-15,2023-11-29,2023-11-20,2026-08-12T13:29:33.699965,loans.csv,0,ON TIME
4548,1678,1,2023-09-03,2023-09-24,,2026-08-12T13:29:33.699965,loans.csv,1053,CRITICAL
1698,1304,4,2020-04-02,2020-04-23,2020-05-02,2026-08-12T13:29:33.699965,loans.csv,9,SEVERE
6474,1973,3,2023-12-11,2023-12-25,2023-12-19,2026-08-12T13:29:33.699965,loans.csv,0,ON TIME
2668,681,1,2022-09-17,2022-10-08,,2026-08-12T13:29:33.699965,loans.csv,1404,CRITICAL
1829,667,1,2024-09-19,2024-10-03,2024-10-09,2026-08-12T13:29:33.699965,loans.csv,6,MILD
4493,1978,3,2024-12-12,2025-01-02,,2026-08-12T13:29:33.699965,loans.csv,587,CRITICAL
1335,1728,97,2023-01-04,2023-01-18,2023-01-07,2026-08-12T13:29:33.699965,loans.csv,0,ON TIME
7316,1346,8,2023-07-12,2023-07-26,2023-07-17,2026-08-12T13:29:33.699965,loans.csv,0,ON TIME
6578,1187,42,2021-03-25,2021-04-08,2021-04-07,2026-08-12T13:29:33.699965,loans.csv,0,ON TIME
6308,347,3,2024-10-22,2024-11-05,2024-11-09,2026-08-12T13:29:33.699965,loans.csv,4,MILD
3942,586,21,2020-03-12,2020-03-26,2020-03-21,2026-08-12T13:29:33.699965,loans.csv,0,ON TIME
8908,1714,3,2024-07-08,2024-07-22,2024-07-18,2026-08-12T13:29:33.699965,loans.csv,0,ON TIME
2582,924,1,2020-10-14,2020-10-28,2020-10-25,2026-08-12T13:29:33.699965,loans.csv,0,ON TIME
6925,1383,1,2023-10-23,2023-11-06,2023-11-11,2026-08-12T13:29:33.699965,loans.csv,5,MILD
1348,1364,5,2024-09-03,2024-09-17,2024-09-18,2026-08-12T13:29:33.699965,loans.csv,1,MILD
3965,1296,14,2024-04-13,2024-04-27,2024-04-16,2026-08-12T13:29:33.699965,loans.csv,0,ON TIME
9482,1301,1,2023-08-15,2023-08-29,2023-09-27,2026-08-12T13:29:33.699965,loans.csv,29,SEVERE
8948,146,4,2024-11-22,2024-12-06,2024-12-06,2026-08-12T13:29:33.699965,loans.csv,0,ON TIME
864,1615,1,2021-03-06,2021-03-20,,2026-08-12T13:29:33.699965,loans.csv,1971,CRITICAL
2185,2589,4,2024-10-20,2024-11-10,2024-11-15,2026-08-12T13:29:33.699965,loans.csv,5,MILD
1939,2296,2,2022-11-27,2022-12-11,2022-12-08,2026-08-12T13:29:33.699965,loans.csv,0,ON TIME
6269,873,107,2023-10-15,2023-10-29,,2026-08-12T13:29:33.699965,loans.csv,1018,CRITICAL
6531,1958,11,2021-04-13,2021-04-27,2021-04-24,2026-08-12T13:29:33.699965,loans.csv,0,ON TIME
5771,568,1,2021-06-30,2021-07-14,2021-07-04,2026-08-12T13:29:33.699965,loans.csv,0,ON TIME
4712,1820,19,2024-07-31,2024-08-14,2024-08-03,2026-08-12T13:29:33.699965,loans.csv,0,ON TIME
6760,2490,1,2021-02-24,2021-03-10,2021-03-03,2026-08-12T13:29:33.699965,loans.csv,0,ON TIME
3222,623,1,2024-11-17,2024-12-01,2025-01-15,2026-08-12T13:29:33.699965,loans.csv,45,CRITICAL
5106,1740,114,2023-07-14,2023-07-28,2023-07-15,2026-08-12T13:29:33.699965,loans.csv,0,ON TIME
1205,996,1,2024-12-21,2025-01-04,,2026-08-12T13:29:33.699965,loans.csv,585,CRITICAL
1112,1970,6,2024-06-10,2024-07-01,2024-06-16,2026-08-12T13:29:33.699965,loans.csv,0,ON TIME
5576,2590,4,2023-08-21,2023-09-04,2023-08-24,2026-08-12T13:29:33.699965,loans.csv,0,ON TIME
2020,2327,4,2023-10-30,2023-11-13,2023-11-13,2026-08-12T13:29:33.699965,loans.csv,0,ON TIME
4599,754,2,2024-04-28,2024-05-12,2024-05-19,2026-08-12T13:29:33.699965,loans.csv,7,MILD
7395,2172,16,2024-05-16,2024-05-30,2024-05-24,2026-08-12T13:29:33.699965,loans.csv,0,ON TIME
8791,249,12,2021-06-02,2021-06-16,,2026-08-12T13:29:33.699965,loans.csv,1883,CRITICAL
3171,955,4,2023-08-24,2023-09-07,2023-09-04,2026-08-12T13:29:33.699965,loans.csv,0,ON TIME
3955,776,1,2023-06-23,2023-07-07,2023-07-03,2026-08-12T13:29:33.699965,loans.csv,0,ON TIME
4194,162,1,2023-08-15,2023-08-29,2023-08-22,2026-08-12T13:29:33.699965,loans.csv,0,ON TIME
2434,341,1,2023-11-20,2023-12-11,2023-11-30,2026-08-12T13:29:33.699965,loans.csv,0,ON TIME
3738,2198,2,2023-09-19,2023-10-03,,2026-08-12T13:29:33.699965,loans.csv,1044,CRITICAL
1161,2165,4,2023-01-22,2023-02-05,2023-01-30,2026-08-12T13:29:33.699965,loans.csv,0,ON TIME
4385,1657,91,2024-12-19,2025-01-09,,2026-08-12T13:29:33.699965,loans.csv,580,CRITICAL
6951,1582,9,2023-08-16,2023-08-30,2023-09-29,2026-08-12T13:29:33.699965,loans.csv,30,SEVERE
3417,1986,1,2024-02-19,2024-03-04,2024-03-08,2026-08-12T13:29:33.699965,loans.csv,4,MILD
7177,1523,2,2024-12-26,2025-01-09,,2026-08-12T13:29:33.699965,loans.csv,580,CRITICAL
8101,342,93,2024-12-23,2025-01-06,,2026-08-12T13:29:33.699965,loans.csv,583,CRITICAL
4849,1613,3,2023-04-23,2023-05-07,2023-04-29,2026-08-12T13:29:33.699965,loans.csv,0,ON TIME
3492,2360,1,2024-08-16,2024-08-30,,2026-08-12T13:29:33.699965,loans.csv,712,CRITICAL
2702,42,2,2022-12-11,2022-12-25,,2026-08-12T13:29:33.699965,loans.csv,1326,CRITICAL
1375,1039,1,2022-06-06,2022-06-20,2022-06-20,2026-08-12T13:29:33.699965,loans.csv,0,ON TIME
626,1962,2,2024-07-18,2024-08-01,2024-07-25,2026-08-12T13:29:33.699965,loans.csv,0,ON TIME
6475,528,113,2023-09-20,2023-10-04,2023-10-02,2026-08-12T13:29:33.699965,loans.csv,0,ON TIME
5854,1545,3,2021-09-29,2021-10-13,2021-10-10,2026-08-12T13:29:33.699965,loans.csv,0,ON TIME
6843,2274,2,2023-12-12,2023-12-26,2023-12-31,2026-08-12T13:29:33.699965,loans.csv,5,MILD
38,1721,3,2023-10-16,2023-10-30,2023-10-30,2026-08-12T13:29:33.699965,loans.csv,0,ON TIME
5029,479,1,2020-03-20,2020-04-03,2020-04-04,2026-08-12T13:29:33.699965,loans.csv,1,MILD
1644,1033,2,2020-11-27,2020-12-11,2020-11-29,2026-08-12T13:29:33.699965,loans.csv,0,ON TIME
4513,800,2,2024-11-22,2024-12-06,2024-12-11,2026-08-12T13:29:33.699965,loans.csv,5,MILD
861,1803,4,2023-06-29,2023-07-13,2023-07-09,2026-08-12T13:29:33.699965,loans.csv,0,ON TIME
2303,1835,8,2023-05-18,2023-06-01,2023-05-25,2026-08-12T13:29:33.699965,loans.csv,0,ON TIME
7869,133,12,2021-04-07,2021-04-21,2021-04-11,2026-08-12T13:29:33.699965,loans.csv,0,ON TIME
7889,2079,7,2024-07-22,2024-08-05,2024-07-23,2026-08-12T13:29:33.699965,loans.csv,0,ON TIME
4369,1620,105,2023-03-20,2023-04-03,2023-03-21,2026-08-12T13:29:33.699965,loans.csv,0,ON TIME
497,2446,1,2023-08-27,2023-09-10,2023-08-31,2026-08-12T13:29:33.699965,loans.csv,0,ON TIME
1743,234,45,2022-07-25,2022-08-08,2022-07-30,2026-08-12T13:29:33.699965,loans.csv,0,ON TIME
7078,1432,24,2024-07-13,2024-07-27,2024-07-21,2026-08-12T13:29:33.699965,loans.csv,0,ON TIME
6496,450,1,2022-07-09,2022-07-23,2022-07-24,2026-08-12T13:29:33.699965,loans.csv,1,MILD
8795,256,2,2022-09-29,2022-10-13,2022-10-15,2026-08-12T13:29:33.699965,loans.csv,2,MILD
7791,1631,37,2023-02-20,2023-03-06,2023-03-06,2026-08-12T13:29:33.699965,loans.csv,0,ON TIME
1494,510,1,2023-02-25,2023-03-11,2023-03-10,2026-08-12T13:29:33.699965,loans.csv,0,ON TIME
4723,892,1,2021-09-24,2021-10-15,,2026-08-12T13:29:33.699965,loans.csv,1762,CRITICAL
4399,839,1,2024-01-19,2024-02-02,2024-01-27,2026-08-12T13:29:33.699965,loans.csv,0,ON TIME
7162,2476,1,2024-09-26,2024-10-10,,2026-08-12T13:29:33.699965,loans.csv,671,CRITICAL
9094,701,2,2023-12-13,2023-12-27,2024-01-03,2026-08-12T13:29:33.699965,loans.csv,7,MILD
5313,2729,4,2022-06-25,2022-07-09,2022-07-13,2026-08-12T13:29:33.699965,loans.csv,4,MILD
9234,1650,1,2023-12-07,2023-12-21,,2026-08-12T13:29:33.699965,loans.csv,965,CRITICAL
4292,812,8,2021-01-21,2021-02-04,2021-01-22,2026-08-12T13:29:33.699965,loans.csv,0,ON TIME
7519,1331,1,2022-11-20,2022-12-04,2022-11-24,2026-08-12T13:29:33.699965,loans.csv,0,ON TIME
8976,1985,1,2023-10-09,2023-10-23,2023-10-23,2026-08-12T13:29:33.699965,loans.csv,0,ON TIME
4655,827,2,2021-11-05,2021-11-19,2021-11-08,2026-08-12T13:29:33.699965,loans.csv,0,ON TIME
9087,678,1,2024-07-05,2024-07-19,2024-07-16,2026-08-12T13:29:33.699965,loans.csv,0,ON TIME
3619,2563,42,2021-02-01,2021-02-15,2021-02-10,2026-08-12T13:29:33.699965,loans.csv,0,ON TIME
4514,478,1,2024-06-07,2024-06-21,2024-06-21,2026-08-12T13:29:33.699965,loans.csv,0,ON TIME
6071,133,3,2022-02-20,2022-03-06,2022-03-04,2026-08-12T13:29:33.699965,loans.csv,0,ON TIME
5267,37,175,2024-10-09,2024-10-23,2024-10-22,2026-08-12T13:29:33.699965,loans.csv,0,ON TIME
6156,2313,6,2022-04-30,2022-05-14,2022-05-04,2026-08-12T13:29:33.699965,loans.csv,0,ON TIME
4594,2516,1,2020-11-20,2020-12-04,2020-12-03,2026-08-12T13:29:33.699965,loans.csv,0,ON TIME
1906,227,10,2022-05-25,2022-06-08,2022-05-27,2026-08-12T13:29:33.699965,loans.csv,0,ON TIME
7192,1967,1,2022-01-05,2022-01-19,,2026-08-12T13:29:33.699965,loans.csv,1666,CRITICAL
8964,382,1,2024-05-08,2024-05-22,2024-05-11,2026-08-12T13:29:33.699965,loans.csv,0,ON TIME
1782,2165,1,2023-01-02,2023-01-16,2023-01-09,2026-08-12T13:29:33.699965,loans.csv,0,ON TIME
4288,280,10,2023-05-13,2023-06-03,,2026-08-12T13:29:33.699965,loans.csv,1166,CRITICAL
7990,2711,1,2024-09-25,2024-10-09,2024-10-03,2026-08-12T13:29:33.699965,loans.csv,0,ON TIME
4038,718,1,2023-07-09,2023-07-23,2023-07-12,2026-08-12T13:29:33.699965,loans.csv,0,ON TIME
131,52,2,2020-04-01,2020-04-15,,2026-08-12T13:29:33.699965,loans.csv,2310,CRITICAL
904,1562,1,2020-07-16,2020-07-30,2020-07-18,2026-08-12T13:29:33.699965,loans.csv,0,ON TIME
3313,2676,3,2022-08-27,2022-09-10,2022-09-07,2026-08-12T13:29:33.699965,loans.csv,0,ON TIME
4936,161,1,2024-05-01,2024-05-15,2024-05-05,2026-08-12T13:29:33.699965,loans.csv,0,ON TIME
2103,5,43,2022-09-15,2022-09-29,,2026-08-12T13:29:33.699965,loans.csv,1413,CRITICAL
4893,199,1,2024-10-18,2024-11-01,2024-10-24,2026-08-12T13:29:33.699965,loans.csv,0,ON TIME
951,1103,26,2022-10-01,2022-10-15,2022-10-18,2026-08-12T13:29:33.699965,loans.csv,3,MILD
9585,1854,1,2023-05-15,2023-05-29,2023-05-26,2026-08-12T13:29:33.699965,loans.csv,0,ON TIME
7669,912,29,2024-09-14,2024-09-28,2024-09-17,2026-08-12T13:29:33.699965,loans.csv,0,ON TIME
5007,2610,1,2021-10-19,2021-11-02,2021-10-20,2026-08-12T13:29:33.699965,loans.csv,0,ON TIME
2021,1373,2,2022-11-17,2022-12-01,2022-12-05,2026-08-12T13:29:33.699965,loans.csv,4,MILD
297,1777,1,2020-01-19,2020-02-02,2020-01-23,2026-08-12T13:29:33.699965,loans.csv,0,ON TIME
4512,2708,6,2024-06-23,2024-07-07,2024-07-07,2026-08-12T13:29:33.699965,loans.csv,0,ON TIME
6131,1243,30,2024-02-19,2024-03-04,2024-02-27,2026-08-12T13:29:33.699965,loans.csv,0,ON TIME
1913,435,26,2024-07-03,2024-07-17,2024-08-20,2026-08-12T13:29:33.699965,loans.csv,34,CRITICAL
220,417,2,2023-05-09,2023-05-23,2023-05-21,2026-08-12T13:29:33.699965,loans.csv,0,ON TIME
4857,605,1,2024-11-14,2024-11-28,2024-11-17,2026-08-12T13:29:33.699965,loans.csv,0,ON TIME
2648,2508,16,2024-09-10,2024-09-24,2024-09-19,2026-08-12T13:29:33.699965,loans.csv,0,ON TIME
1316,2731,1,2024-08-16,2024-08-30,2024-08-30,2026-08-12T13:29:33.699965,loans.csv,0,ON TIME
2230,1053,1,2024-05-13,2024-05-27,2024-05-25,2026-08-12T13:29:33.699965,loans.csv,0,ON TIME
3077,83,26,2023-05-12,2023-05-26,,2026-08-12T13:29:33.699965,loans.csv,1174,CRITICAL
5295,74,1,2023-03-09,2023-03-23,2023-03-29,2026-08-12T13:29:33.699965,loans.csv,6,MILD
176,1091,1,2023-05-12,2023-05-26,2023-07-09,2026-08-12T13:29:33.699965,loans.csv,44,CRITICAL
3261,1007,7,2021-11-12,2021-11-26,2021-11-29,2026-08-12T13:29:33.699965,loans.csv,3,MILD
4762,2099,95,2024-02-22,2024-03-07,2024-02-24,2026-08-12T13:29:33.699965,loans.csv,0,ON TIME
9216,398,1,2022-09-18,2022-10-02,2022-10-05,2026-08-12T13:29:33.699965,loans.csv,3,MILD
6096,714,1,2024-11-15,2024-11-29,2024-11-16,2026-08-12T13:29:33.699965,loans.csv,0,ON TIME
7586,2636,11,2024-09-15,2024-09-29,2024-09-25,2026-08-12T13:29:33.699965,loans.csv,0,ON TIME
7085,1073,4,2024-09-26,2024-10-10,2024-10-10,2026-08-12T13:29:33.699965,loans.csv,0,ON TIME
7047,233,121,2024-04-13,2024-04-27,2024-05-03,2026-08-12T13:29:33.699965,loans.csv,6,MILD
2186,195,2,2024-11-15,2024-11-29,2024-11-25,2026-08-12T13:29:33.699965,loans.csv,0,ON TIME
6326,2756,1,2024-06-07,2024-06-21,2024-06-21,2026-08-12T13:29:33.699965,loans.csv,0,ON TIME
9329,882,1,2024-12-12,2024-12-26,,2026-08-12T13:29:33.699965,loans.csv,594,CRITICAL
6134,87,1,2020-08-07,2020-08-21,2020-10-02,2026-08-12T13:29:33.699965,loans.csv,42,CRITICAL
3186,2068,1,2023-12-20,2024-01-10,2023-12-23,2026-08-12T13:29:33.699965,loans.csv,0,ON TIME
455,2511,1,2024-12-18,2025-01-01,,2026-08-12T13:29:33.699965,loans.csv,588,CRITICAL
4877,2106,2,2020-05-16,2020-05-30,2020-05-18,2026-08-12T13:29:33.699965,loans.csv,0,ON TIME
1850,2340,1,2022-05-21,2022-06-04,2022-06-03,2026-08-12T13:29:33.699965,loans.csv,0,ON TIME
5128,2717,22,2024-03-20,2024-04-03,2024-04-28,2026-08-12T13:29:33.699965,loans.csv,25,SEVERE
7347,1739,14,2024-10-19,2024-11-02,2024-11-06,2026-08-12T13:29:33.699965,loans.csv,4,MILD
2214,2492,1,2023-06-25,2023-07-09,2023-06-30,2026-08-12T13:29:33.699965,loans.csv,0,ON TIME
2485,2496,3,2024-04-27,2024-05-11,2024-05-05,2026-08-12T13:29:33.699965,loans.csv,0,ON TIME
1669,1279,1,2023-12-08,2023-12-22,2023-12-14,2026-08-12T13:29:33.699965,loans.csv,0,ON TIME
974,451,14,2024-10-26,2024-11-09,,2026-08-12T13:29:33.699965,loans.csv,641,CRITICAL
3426,2743,1,2024-10-23,2024-11-06,2024-10-30,2026-08-12T13:29:33.699965,loans.csv,0,ON TIME
7343,2584,30,2023-10-05,2023-10-19,2023-10-25,2026-08-12T13:29:33.699965,loans.csv,6,MILD
8965,1189,1,2024-07-02,2024-07-16,,2026-08-12T13:29:33.699965,loans.csv,757,CRITICAL
4146,2198,6,2021-12-11,2022-01-01,2021-12-23,2026-08-12T13:29:33.699965,loans.csv,0,ON TIME
5591,2445,1,2024-05-22,2024-06-05,2024-06-05,2026-08-12T13:29:33.699965,loans.csv,0,ON TIME
7009,294,3,2020-09-24,2020-10-08,2020-10-02,2026-08-12T13:29:33.699965,loans.csv,0,ON TIME
5541,2377,1,2023-07-24,2023-08-14,2023-07-26,2026-08-12T13:29:33.699965,loans.csv,0,ON TIME
8859,2251,1,2024-04-19,2024-05-10,2024-05-08,2026-08-12T13:29:33.699965,loans.csv,0,ON TIME
217,1597,32,2024-08-01,2024-08-22,,2026-08-12T13:29:33.699965,loans.csv,720,CRITICAL
8558,1711,2,2021-12-21,2022-01-04,2021-12-23,2026-08-12T13:29:33.699965,loans.csv,0,ON TIME
7345,1693,1,2024-03-05,2024-03-19,2024-03-23,2026-08-12T13:29:33.699965,loans.csv,4,MILD
4722,1308,1,2023-07-01,2023-07-15,,2026-08-12T13:29:33.699965,loans.csv,1124,CRITICAL
7499,1443,2,2021-12-20,2022-01-03,2021-12-22,2026-08-12T13:29:33.699965,loans.csv,0,ON TIME
4861,1345,1,2023-10-20,2023-11-03,2023-10-22,2026-08-12T13:29:33.699965,loans.csv,0,ON TIME
4581,382,1,2024-08-13,2024-08-27,2024-08-24,2026-08-12T13:29:33.699965,loans.csv,0,ON TIME
5429,2581,1,2024-03-22,2024-04-05,,2026-08-12T13:29:33.699965,loans.csv,859,CRITICAL
3363,591,2,2024-11-13,2024-11-27,,2026-08-12T13:29:33.699965,loans.csv,623,CRITICAL
7224,1137,16,2024-09-23,2024-10-07,2024-10-18,2026-08-12T13:29:33.699965,loans.csv,11,SEVERE
8871,62,3,2023-02-19,2023-03-05,2023-03-04,2026-08-12T13:29:33.699965,loans.csv,0,ON TIME
8710,2477,2,2023-07-10,2023-07-24,2023-07-23,2026-08-12T13:29:33.699965,loans.csv,0,ON TIME
615,1832,5,2022-02-13,2022-02-27,2022-02-23,2026-08-12T13:29:33.699965,loans.csv,0,ON TIME
6872,1619,9,2024-06-16,2024-06-30,2024-06-24,2026-08-12T13:29:33.699965,loans.csv,0,ON TIME
4106,90,1,2022-07-03,2022-07-17,2022-07-13,2026-08-12T13:29:33.699965,loans.csv,0,ON TIME
796,2442,1,2024-11-09,2024-11-23,2024-11-20,2026-08-12T13:29:33.699965,loans.csv,0,ON TIME
2077,86,4,2024-04-12,2024-04-26,2024-04-30,2026-08-12T13:29:33.699965,loans.csv,4,MILD
364,1453,2,2022-11-01,2022-11-22,2022-11-29,2026-08-12T13:29:33.699965,loans.csv,7,MILD
2601,1985,3,2022-11-14,2022-11-28,2022-12-05,2026-08-12T13:29:33.699965,loans.csv,7,MILD
4630,1507,1,2024-10-22,2024-11-05,2024-10-23,2026-08-12T13:29:33.699965,loans.csv,0,ON TIME
4992,2459,11,2024-10-03,2024-10-17,2024-10-19,2026-08-12T13:29:33.699965,loans.csv,2,MILD
5752,1139,21,2023-02-08,2023-02-22,2023-03-10,2026-08-12T13:29:33.699965,loans.csv,16,SEVERE
2174,759,1,2022-09-15,2022-10-06,2022-10-11,2026-08-12T13:29:33.699965,loans.csv,5,MILD
2782,1526,1,2021-10-10,2021-10-24,2021-10-15,2026-08-12T13:29:33.699965,loans.csv,0,ON TIME
6562,369,32,2024-11-19,2024-12-10,2024-12-02,2026-08-12T13:29:33.699965,loans.csv,0,ON TIME
1754,2782,16,2021-05-10,2021-05-24,2021-05-27,2026-08-12T13:29:33.699965,loans.csv,3,MILD
9207,701,1,2024-07-20,2024-08-03,2024-07-21,2026-08-12T13:29:33.699965,loans.csv,0,ON TIME
6126,1977,1,2024-12-01,2024-12-15,2024-12-08,2026-08-12T13:29:33.699965,loans.csv,0,ON TIME
284,1811,1,2024-08-11,2024-08-25,2024-09-06,2026-08-12T13:29:33.699965,loans.csv,12,SEVERE
2548,1210,4,2022-12-17,2022-12-31,2023-01-04,2026-08-12T13:29:33.699965,loans.csv,4,MILD
8666,1623,3,2023-09-20,2023-10-11,2023-09-25,2026-08-12T13:29:33.699965,loans.csv,0,ON TIME
9191,2108,3,2024-10-28,2024-11-18,2024-11-12,2026-08-12T13:29:33.699965,loans.csv,0,ON TIME
4709,2018,1,2024-06-18,2024-07-02,2024-06-29,2026-08-12T13:29:33.699965,loans.csv,0,ON TIME
8208,2110,2,2022-04-20,2022-05-04,2022-05-02,2026-08-12T13:29:33.699965,loans.csv,0,ON TIME
5872,1653,3,2022-02-15,2022-03-08,2022-02-25,2026-08-12T13:29:33.699965,loans.csv,0,ON TIME
954,2046,1,2024-05-02,2024-05-16,2024-05-13,2026-08-12T13:29:33.699965,loans.csv,0,ON TIME
8570,2369,35,2024-12-12,2024-12-26,,2026-08-12T13:29:33.699965,loans.csv,594,CRITICAL
8032,828,68,2023-02-05,2023-02-19,2023-02-18,2026-08-12T13:29:33.699965,loans.csv,0,ON TIME
2331,1172,2,2023-03-30,2023-04-13,2023-04-02,2026-08-12T13:29:33.699965,loans.csv,0,ON TIME
108,1950,1,2024-06-06,2024-06-20,2024-06-15,2026-08-12T13:29:33.699965,loans.csv,0,ON TIME
5092,979,1,2021-07-19,2021-08-02,2021-08-05,2026-08-12T13:29:33.699965,loans.csv,3,MILD
6026,2301,1,2024-11-15,2024-11-29,2024-12-03,2026-08-12T13:29:33.699965,loans.csv,4,MILD
5437,2620,3,2024-10-23,2024-11-06,2024-10-26,2026-08-12T13:29:33.699965,loans.csv,0,ON TIME
6498,538,3,2024-12-22,2025-01-05,,2026-08-12T13:29:33.699965,loans.csv,584,CRITICAL
2163,999,18,2024-12-13,2024-12-27,,2026-08-12T13:29:33.699965,loans.csv,593,CRITICAL
3769,341,1,2024-06-06,2024-06-20,2024-06-15,2026-08-12T13:29:33.699965,loans.csv,0,ON TIME
5441,621,1,2024-03-14,2024-03-28,,2026-08-12T13:29:33.699965,loans.csv,867,CRITICAL
9370,867,1,2022-10-17,2022-10-31,2022-10-22,2026-08-12T13:29:33.699965,loans.csv,0,ON TIME
532,1698,1,2024-11-11,2024-11-25,2024-11-14,2026-08-12T13:29:33.699965,loans.csv,0,ON TIME
3832,1067,123,2023-12-18,2024-01-01,2023-12-24,2026-08-12T13:29:33.699965,loans.csv,0,ON TIME
5819,2018,8,2024-04-25,2024-05-09,2024-04-27,2026-08-12T13:29:33.699965,loans.csv,0,ON TIME
402,205,6,2024-05-12,2024-05-26,2024-05-14,2026-08-12T13:29:33.699965,loans.csv,0,ON TIME
7750,1561,3,2024-09-29,2024-10-13,2024-10-06,2026-08-12T13:29:33.699965,loans.csv,0,ON TIME
7346,1322,3,2023-11-02,2023-11-16,2023-11-14,2026-08-12T13:29:33.699965,loans.csv,0,ON TIME
5304,2796,102,2021-07-31,2021-08-14,2021-08-13,2026-08-12T13:29:33.699965,loans.csv,0,ON TIME
4320,2093,1,2023-02-26,2023-03-12,2023-03-15,2026-08-12T13:29:33.699965,loans.csv,3,MILD
9067,129,6,2024-12-04,2024-12-18,2024-12-06,2026-08-12T13:29:33.699965,loans.csv,0,ON TIME
4256,527,3,2023-11-06,2023-11-20,2023-11-24,2026-08-12T13:29:33.699965,loans.csv,4,MILD
4193,1536,3,2024-02-13,2024-02-27,2024-02-19,2026-08-12T13:29:33.699965,loans.csv,0,ON TIME
6587,1010,1,2024-05-31,2024-06-14,2024-06-06,2026-08-12T13:29:33.699965,loans.csv,0,ON TIME
3466,2405,1,2024-07-12,2024-07-26,2024-07-25,2026-08-12T13:29:33.699965,loans.csv,0,ON TIME
6482,2411,1,2023-04-27,2023-05-11,2023-05-14,2026-08-12T13:29:33.699965,loans.csv,3,MILD
557,2659,2,2021-06-06,2021-06-20,2021-06-18,2026-08-12T13:29:33.699965,loans.csv,0,ON TIME
6567,2025,6,2020-05-04,2020-05-18,2020-05-23,2026-08-12T13:29:33.699965,loans.csv,5,MILD
8864,1215,23,2020-09-03,2020-09-17,,2026-08-12T13:29:33.699965,loans.csv,2155,CRITICAL
8321,1011,2,2024-11-15,2024-11-29,2024-11-23,2026-08-12T13:29:33.699965,loans.csv,0,ON TIME
7122,1197,45,2023-09-08,2023-09-22,2023-09-15,2026-08-12T13:29:33.699965,loans.csv,0,ON TIME
1442,121,1,2024-02-01,2024-02-15,2024-02-16,2026-08-12T13:29:33.699965,loans.csv,1,MILD
5919,1023,1,2024-03-05,2024-03-19,2024-03-13,2026-08-12T13:29:33.699965,loans.csv,0,ON TIME
4993,85,9,2024-12-12,2024-12-26,,2026-08-12T13:29:33.699965,loans.csv,594,CRITICAL
6831,1698,5,2024-11-25,2024-12-09,2024-12-08,2026-08-12T13:29:33.699965,loans.csv,0,ON TIME
1250,1065,1,2020-10-10,2020-10-24,2020-10-26,2026-08-12T13:29:33.699965,loans.csv,2,MILD
8177,2561,6,2024-02-20,2024-03-05,,2026-08-12T13:29:33.699965,loans.csv,890,CRITICAL
6848,10,1,2022-10-20,2022-11-03,2022-11-01,2026-08-12T13:29:33.699965,loans.csv,0,ON TIME
637,696,3,2023-01-17,2023-01-31,2023-02-02,2026-08-12T13:29:33.699965,loans.csv,2,MILD
490,1027,102,2023-12-09,2023-12-23,2023-12-20,2026-08-12T13:29:33.699965,loans.csv,0,ON TIME
8419,707,154,2022-06-30,2022-07-14,2022-07-16,2026-08-12T13:29:33.699965,loans.csv,2,MILD
1323,1174,95,2024-08-14,2024-08-28,,2026-08-12T13:29:33.699965,loans.csv,714,CRITICAL
250,2436,1,2024-04-08,2024-04-29,2024-04-14,2026-08-12T13:29:33.699965,loans.csv,0,ON TIME
897,1092,5,2021-12-11,2021-12-25,,2026-08-12T13:29:33.699965,loans.csv,1691,CRITICAL
6686,289,2,2024-02-21,2024-03-06,2024-02-27,2026-08-12T13:29:33.699965,loans.csv,0,ON TIME
3999,1845,3,2022-09-15,2022-09-29,2022-09-26,2026-08-12T13:29:33.699965,loans.csv,0,ON TIME
9519,2158,2,2022-01-03,2022-01-17,2022-01-20,2026-08-12T13:29:33.699965,loans.csv,3,MILD
3415,1550,2,2024-03-22,2024-04-05,2024-04-07,2026-08-12T13:29:33.699965,loans.csv,2,MILD
8290,2436,4,2024-07-22,2024-08-05,2024-08-09,2026-08-12T13:29:33.699965,loans.csv,4,MILD
1359,2100,3,2020-09-25,2020-10-09,2020-10-11,2026-08-12T13:29:33.699965,loans.csv,2,MILD
2883,1004,2,2024-04-23,2024-05-07,2024-06-19,2026-08-12T13:29:33.699965,loans.csv,43,CRITICAL
6229,398,2,2023-09-30,2023-10-21,2023-10-04,2026-08-12T13:29:33.699965,loans.csv,0,ON TIME
2988,2516,1,2020-06-29,2020-07-13,2020-08-20,2026-08-12T13:29:33.699965,loans.csv,38,CRITICAL
6784,549,99,2024-10-01,2024-10-15,,2026-08-12T13:29:33.699965,loans.csv,666,CRITICAL
1858,2007,1,2024-10-15,2024-10-29,,2026-08-12T13:29:33.699965,loans.csv,652,CRITICAL
2534,2183,81,2021-11-25,2021-12-09,2021-12-25,2026-08-12T13:29:33.699965,loans.csv,16,SEVERE
4934,1316,1,2024-04-01,2024-04-15,2024-04-02,2026-08-12T13:29:33.699965,loans.csv,0,ON TIME
759,2068,84,2023-11-24,2023-12-08,2023-12-05,2026-08-12T13:29:33.699965,loans.csv,0,ON TIME
3098,587,16,2020-11-18,2020-12-02,,2026-08-12T13:29:33.699965,loans.csv,2079,CRITICAL
4006,1036,4,2024-11-14,2024-11-28,,2026-08-12T13:29:33.699965,loans.csv,622,CRITICAL
7423,1146,2,2022-01-11,2022-02-01,2022-02-04,2026-08-12T13:29:33.699965,loans.csv,3,MILD
8505,2276,140,2024-01-23,2024-02-13,,2026-08-12T13:29:33.699965,loans.csv,911,CRITICAL
9382,1667,57,2021-08-26,2021-09-09,2021-09-09,2026-08-12T13:29:33.699965,loans.csv,0,ON TIME
5636,1102,3,2024-03-06,2024-03-20,2024-03-09,2026-08-12T13:29:33.699965,loans.csv,0,ON TIME
2240,2610,1,2020-12-28,2021-01-18,2021-01-12,2026-08-12T13:29:33.699965,loans.csv,0,ON TIME
9265,1692,5,2023-12-23,2024-01-06,2024-01-05,2026-08-12T13:29:33.699965,loans.csv,0,ON TIME
4873,1202,7,2023-04-07,2023-04-21,2023-04-26,2026-08-12T13:29:33.699965,loans.csv,5,MILD
2030,1806,45,2024-01-20,2024-02-03,2024-01-29,2026-08-12T13:29:33.699965,loans.csv,0,ON TIME
1629,2754,2,2024-12-23,2025-01-06,,2026-08-12T13:29:33.699965,loans.csv,583,CRITICAL
8211,2335,6,2024-04-14,2024-04-28,2024-04-28,2026-08-12T13:29:33.699965,loans.csv,0,ON TIME
3421,1212,3,2022-06-16,2022-07-07,2022-06-27,2026-08-12T13:29:33.699965,loans.csv,0,ON TIME
8929,1276,122,2023-10-03,2023-10-17,2023-10-07,2026-08-12T13:29:33.699965,loans.csv,0,ON TIME
2263,1572,7,2024-09-21,2024-10-05,2024-10-02,2026-08-12T13:29:33.699965,loans.csv,0,ON TIME
8612,572,1,2024-08-07,2024-08-21,2024-08-15,2026-08-12T13:29:33.699965,loans.csv,0,ON TIME
9451,779,1,2023-11-23,2023-12-07,2023-11-25,2026-08-12T13:29:33.699965,loans.csv,0,ON TIME
7473,305,30,2021-07-01,2021-07-15,2021-07-15,2026-08-12T13:29:33.699965,loans.csv,0,ON TIME
6672,209,1,2022-11-05,2022-11-19,2022-11-30,2026-08-12T13:29:33.699965,loans.csv,11,SEVERE
2762,2164,1,2021-04-26,2021-05-10,2021-05-13,2026-08-12T13:29:33.699965,loans.csv,3,MILD
3793,329,2,2023-08-29,2023-09-19,2023-09-04,2026-08-12T13:29:33.699965,loans.csv,0,ON TIME
2731,146,1,2024-10-10,2024-10-24,2024-10-12,2026-08-12T13:29:33.699965,loans.csv,0,ON TIME
1108,549,1,2024-11-21,2024-12-05,2024-11-24,2026-08-12T13:29:33.699965,loans.csv,0,ON TIME
3759,721,2,2024-06-18,2024-07-02,2024-06-24,2026-08-12T13:29:33.699965,loans.csv,0,ON TIME
8855,2262,1,2024-08-22,2024-09-05,2024-08-26,2026-08-12T13:29:33.699965,loans.csv,0,ON TIME
4868,2688,48,2024-10-02,2024-10-16,2024-10-07,2026-08-12T13:29:33.699965,loans.csv,0,ON TIME
6440,625,1,2022-05-26,2022-06-09,2022-06-08,2026-08-12T13:29:33.699965,loans.csv,0,ON TIME
1055,2052,3,2024-03-20,2024-04-03,2024-05-05,2026-08-12T13:29:33.699965,loans.csv,32,CRITICAL
8418,38,76,2024-09-05,2024-09-19,2024-09-22,2026-08-12T13:29:33.699965,loans.csv,3,MILD
2836,1713,10,2023-01-29,2023-02-19,2023-02-22,2026-08-12T13:29:33.699965,loans.csv,3,MILD
4419,2061,1,2024-06-07,2024-06-28,2024-06-18,2026-08-12T13:29:33.699965,loans.csv,0,ON TIME
8155,677,3,2024-11-07,2024-11-21,2024-11-09,2026-08-12T13:29:33.699965,loans.csv,0,ON TIME
1530,2567,46,2024-11-30,2024-12-14,2024-12-01,2026-08-12T13:29:33.699965,loans.csv,0,ON TIME
8383,1111,1,2024-04-23,2024-05-07,2024-06-18,2026-08-12T13:29:33.699965,loans.csv,42,CRITICAL
4744,1339,2,2024-09-27,2024-10-11,2024-10-12,2026-08-12T13:29:33.699965,loans.csv,1,MILD
7800,1302,1,2024-03-12,2024-03-26,2024-04-02,2026-08-12T13:29:33.699965,loans.csv,7,MILD
6799,105,8,2024-09-01,2024-09-15,2024-09-06,2026-08-12T13:29:33.699965,loans.csv,0,ON TIME
5915,1678,23,2021-11-09,2021-11-30,2021-11-18,2026-08-12T13:29:33.699965,loans.csv,0,ON TIME
6476,386,1,2024-06-10,2024-06-24,,2026-08-12T13:29:33.699965,loans.csv,779,CRITICAL
5519,720,9,2022-11-03,2022-11-17,2022-11-10,2026-08-12T13:29:33.699965,loans.csv,0,ON TIME
1363,1792,1,2020-02-10,2020-02-24,2020-02-26,2026-08-12T13:29:33.699965,loans.csv,2,MILD
7681,2207,1,2024-08-09,2024-08-23,,2026-08-12T13:29:33.699965,loans.csv,719,CRITICAL
5785,1719,18,2023-11-07,2023-11-21,,2026-08-12T13:29:33.699965,loans.csv,995,CRITICAL
3549,2432,2,2024-11-07,2024-11-21,2024-11-14,2026-08-12T13:29:33.699965,loans.csv,0,ON TIME
7789,2380,21,2024-04-11,2024-04-25,2024-05-02,2026-08-12T13:29:33.699965,loans.csv,7,MILD
7957,1523,1,2023-10-27,2023-11-10,2023-11-01,2026-08-12T13:29:33.699965,loans.csv,0,ON TIME
150,1641,1,2023-12-28,2024-01-11,2024-01-17,2026-08-12T13:29:33.699965,loans.csv,6,MILD
4136,1944,1,2022-12-20,2023-01-03,2023-01-01,2026-08-12T13:29:33.699965,loans.csv,0,ON TIME
9534,1139,21,2023-02-08,2023-02-22,2023-03-10,2026-08-12T13:29:33.699965,loans.csv,16,SEVERE
7116,2780,1,2022-11-29,2022-12-13,,2026-08-12T13:29:33.699965,loans.csv,1338,CRITICAL
8846,2366,17,2023-09-24,2023-10-08,2023-10-24,2026-08-12T13:29:33.699965,loans.csv,16,SEVERE
9242,1485,3,2024-10-20,2024-11-03,2024-10-31,2026-08-12T13:29:33.699965,loans.csv,0,ON TIME
9471,393,2,2022-02-16,2022-03-02,2022-02-25,2026-08-12T13:29:33.699965,loans.csv,0,ON TIME
1156,1299,4,2023-02-11,2023-02-25,2023-02-19,2026-08-12T13:29:33.699965,loans.csv,0,ON TIME
7013,826,7,2024-03-15,2024-03-29,,2026-08-12T13:29:33.699965,loans.csv,866,CRITICAL
5235,2546,2,2024-05-10,2024-05-24,2024-05-24,2026-08-12T13:29:33.699965,loans.csv,0,ON TIME
3103,394,1,2023-12-17,2023-12-31,2023-12-18,2026-08-12T13:29:33.699965,loans.csv,0,ON TIME
5094,280,7,2022-12-30,2023-01-13,2023-01-23,2026-08-12T13:29:33.699965,loans.csv,10,SEVERE
6696,103,6,2024-08-12,2024-08-26,2024-08-18,2026-08-12T13:29:33.699965,loans.csv,0,ON TIME
2054,362,1,2024-01-20,2024-02-03,2024-02-01,2026-08-12T13:29:33.699965,loans.csv,0,ON TIME
8562,1870,3,2023-09-12,2023-09-26,2023-09-14,2026-08-12T13:29:33.699965,loans.csv,0,ON TIME
2654,1632,1,2024-03-22,2024-04-05,,2026-08-12T13:29:33.699965,loans.csv,859,CRITICAL
701,984,24,2023-07-05,2023-07-19,2023-07-15,2026-08-12T13:29:33.699965,loans.csv,0,ON TIME
700,1159,7,2022-05-20,2022-06-03,2022-06-08,2026-08-12T13:29:33.699965,loans.csv,5,MILD
8850,1619,1,2024-11-24,2024-12-08,2024-12-12,2026-08-12T13:29:33.699965,loans.csv,4,MILD
4789,1789,4,2020-05-24,2020-06-07,2020-06-09,2026-08-12T13:29:33.699965,loans.csv,2,MILD
8848,1699,1,2023-03-17,2023-03-31,,2026-08-12T13:29:33.699965,loans.csv,1230,CRITICAL
8185,667,1,2024-08-04,2024-08-18,2024-08-17,2026-08-12T13:29:33.699965,loans.csv,0,ON TIME
8065,2007,1,2023-03-08,2023-03-29,2023-04-20,2026-08-12T13:29:33.699965,loans.csv,22,SEVERE
1331,1593,2,2024-12-03,2024-12-17,2024-12-14,2026-08-12T13:29:33.699965,loans.csv,0,ON TIME
3925,1084,2,2024-12-11,2024-12-25,,2026-08-12T13:29:33.699965,loans.csv,595,CRITICAL
5404,1470,1,2024-10-02,2024-10-16,2024-10-12,2026-08-12T13:29:33.699965,loans.csv,0,ON TIME
2224,2377,1,2023-11-28,2023-12-12,2023-11-30,2026-08-12T13:29:33.699965,loans.csv,0,ON TIME
1737,1377,12,2023-06-24,2023-07-08,2023-06-30,2026-08-12T13:29:33.699965,loans.csv,0,ON TIME
3433,726,4,2024-01-23,2024-02-13,2024-02-08,2026-08-12T13:29:33.699965,loans.csv,0,ON TIME
7902,2445,3,2024-12-11,2024-12-25,,2026-08-12T13:29:33.699965,loans.csv,595,CRITICAL
8312,392,1,2023-09-01,2023-09-15,2023-10-21,2026-08-12T13:29:33.699965,loans.csv,36,CRITICAL
1840,2325,2,2023-05-15,2023-05-29,2023-05-26,2026-08-12T13:29:33.699965,loans.csv,0,ON TIME
2237,1962,1,2022-10-14,2022-10-28,2022-10-17,2026-08-12T13:29:33.699965,loans.csv,0,ON TIME
8301,312,1,2023-01-17,2023-01-31,2023-01-29,2026-08-12T13:29:33.699965,loans.csv,0,ON TIME
6805,1328,7,2024-09-28,2024-10-12,2024-10-04,2026-08-12T13:29:33.699965,loans.csv,0,ON TIME
1802,1878,1,2024-03-26,2024-04-09,2024-03-28,2026-08-12T13:29:33.699965,loans.csv,0,ON TIME
9460,968,3,2024-01-20,2024-02-03,2024-01-26,2026-08-12T13:29:33.699965,loans.csv,0,ON TIME
4903,2191,3,2021-03-23,2021-04-13,,2026-08-12T13:29:33.699965,loans.csv,1947,CRITICAL
317,1961,3,2024-07-11,2024-07-25,2024-07-18,2026-08-12T13:29:33.699965,loans.csv,0,ON TIME
8611,2083,1,2024-12-02,2024-12-16,2024-12-13,2026-08-12T13:29:33.699965,loans.csv,0,ON TIME
5509,1392,3,2023-04-06,2023-04-27,2023-04-24,2026-08-12T13:29:33.699965,loans.csv,0,ON TIME
9502,2185,21,2024-03-06,2024-03-20,2024-03-10,2026-08-12T13:29:33.699965,loans.csv,0,ON TIME
7515,882,3,2022-12-04,2022-12-18,2022-12-06,2026-08-12T13:29:33.699965,loans.csv,0,ON TIME
8917,2306,3,2023-12-16,2023-12-30,2023-12-26,2026-08-12T13:29:33.699965,loans.csv,0,ON TIME
8880,1098,4,2022-04-20,2022-05-04,2022-04-30,2026-08-12T13:29:33.699965,loans.csv,0,ON TIME
7392,1006,3,2024-10-14,2024-10-28,2024-10-17,2026-08-12T13:29:33.699965,loans.csv,0,ON TIME
4793,2360,1,2024-12-19,2025-01-02,,2026-08-12T13:29:33.699965,loans.csv,587,CRITICAL
8464,1997,32,2024-04-17,2024-05-08,2024-05-07,2026-08-12T13:29:33.699965,loans.csv,0,ON TIME
1240,2701,1,2022-03-18,2022-04-01,2022-04-01,2026-08-12T13:29:33.699965,loans.csv,0,ON TIME
4435,233,1,2024-12-24,2025-01-07,,2026-08-12T13:29:33.699965,loans.csv,582,CRITICAL
652,1292,7,2022-07-11,2022-07-25,2022-07-25,2026-08-12T13:29:33.699965,loans.csv,0,ON TIME
292,1790,1,2021-08-24,2021-09-07,2021-09-05,2026-08-12T13:29:33.699965,loans.csv,0,ON TIME
7365,1683,1,2020-05-19,2020-06-09,2020-06-28,2026-08-12T13:29:33.699965,loans.csv,19,SEVERE
2231,635,71,2024-09-18,2024-10-02,2024-09-30,2026-08-12T13:29:33.699965,loans.csv,0,ON TIME
107,552,1,2022-08-21,2022-09-11,2022-08-30,2026-08-12T13:29:33.699965,loans.csv,0,ON TIME
280,551,1,2024-03-12,2024-03-26,2024-03-16,2026-08-12T13:29:33.699965,loans.csv,0,ON TIME
6252,2253,3,2023-01-30,2023-02-13,2023-02-13,2026-08-12T13:29:33.699965,loans.csv,0,ON TIME
623,1505,1,2023-12-08,2023-12-22,,2026-08-12T13:29:33.699965,loans.csv,964,CRITICAL
5847,2534,1,2024-12-05,2024-12-19,2024-12-19,2026-08-12T13:29:33.699965,loans.csv,0,ON TIME
6926,1964,2,2023-11-06,2023-11-20,2023-11-26,2026-08-12T13:29:33.699965,loans.csv,6,MILD
1951,1938,1,2024-02-19,2024-03-04,2024-02-27,2026-08-12T13:29:33.699965,loans.csv,0,ON TIME
9040,1436,3,2023-02-17,2023-03-03,2023-02-26,2026-08-12T13:29:33.699965,loans.csv,0,ON TIME
6570,1529,1,2023-12-26,2024-01-09,2024-01-05,2026-08-12T13:29:33.699965,loans.csv,0,ON TIME
6857,205,1,2024-11-02,2024-11-23,2024-11-12,2026-08-12T13:29:33.699965,loans.csv,0,ON TIME
3384,1605,1,2021-03-17,2021-03-31,2021-04-03,2026-08-12T13:29:33.699965,loans.csv,3,MILD
807,2659,62,2021-09-26,2021-10-10,2021-10-08,2026-08-12T13:29:33.699965,loans.csv,0,ON TIME
3469,904,21,2024-01-12,2024-01-26,2024-01-30,2026-08-12T13:29:33.699965,loans.csv,4,MILD
4547,1796,1,2021-05-06,2021-05-20,2021-05-08,2026-08-12T13:29:33.699965,loans.csv,0,ON TIME
6231,447,48,2022-09-13,2022-09-27,2022-09-24,2026-08-12T13:29:33.699965,loans.csv,0,ON TIME
4456,377,5,2024-01-04,2024-01-18,2024-01-13,2026-08-12T13:29:33.699965,loans.csv,0,ON TIME
614,1213,1,2024-06-20,2024-07-04,2024-07-06,2026-08-12T13:29:33.699965,loans.csv,2,MILD
2218,2591,1,2024-09-25,2024-10-16,2024-10-07,2026-08-12T13:29:33.699965,loans.csv,0,ON TIME
1176,1343,2,2023-07-04,2023-07-18,2023-07-12,2026-08-12T13:29:33.699965,loans.csv,0,ON TIME
4275,2301,1,2024-05-12,2024-05-26,2024-05-28,2026-08-12T13:29:33.699965,loans.csv,2,MILD
4065,2099,2,2023-08-28,2023-09-11,,2026-08-12T13:29:33.699965,loans.csv,1066,CRITICAL
690,1360,74,2023-10-30,2023-11-13,2023-11-08,2026-08-12T13:29:33.699965,loans.csv,0,ON TIME
2528,708,17,2022-11-19,2022-12-03,2022-11-21,2026-08-12T13:29:33.699965,loans.csv,0,ON TIME
2524,2558,10,2024-11-06,2024-11-20,2024-11-15,2026-08-12T13:29:33.699965,loans.csv,0,ON TIME
4224,52,1,2020-03-26,2020-04-09,2020-04-01,2026-08-12T13:29:33.699965,loans.csv,0,ON TIME
4915,2773,45,2023-03-22,2023-04-05,2023-04-04,2026-08-12T13:29:33.699965,loans.csv,0,ON TIME
2821,2010,31,2023-09-06,2023-09-20,2023-09-25,2026-08-12T13:29:33.699965,loans.csv,5,MILD
761,2041,1,2024-11-08,2024-11-22,2024-11-16,2026-08-12T13:29:33.699965,loans.csv,0,ON TIME
2746,2179,24,2024-01-10,2024-01-24,2024-01-30,2026-08-12T13:29:33.699965,loans.csv,6,MILD
2324,187,2,2022-05-04,2022-05-18,2022-05-17,2026-08-12T13:29:33.699965,loans.csv,0,ON TIME
687,2246,1,2024-01-06,2024-01-20,,2026-08-12T13:29:33.699965,loans.csv,935,CRITICAL
9586,566,1,2024-12-25,2025-01-08,,2026-08-12T13:29:33.699965,loans.csv,581,CRITICAL
1032,2627,3,2023-09-03,2023-09-24,,2026-08-12T13:29:33.699965,loans.csv,1053,CRITICAL
207,2578,2,2022-06-21,2022-07-12,2022-07-01,2026-08-12T13:29:33.699965,loans.csv,0,ON TIME
5135,2714,3,2024-08-20,2024-09-10,2024-09-04,2026-08-12T13:29:33.699965,loans.csv,0,ON TIME
3362,868,4,2024-06-29,2024-07-20,,2026-08-12T13:29:33.699965,loans.csv,753,CRITICAL
8063,1866,71,2023-10-18,2023-11-01,2023-10-19,2026-08-12T13:29:33.699965,loans.csv,0,ON TIME
760,62,11,2024-06-05,2024-06-19,2024-07-10,2026-08-12T13:29:33.699965,loans.csv,21,SEVERE
4218,509,26,2022-10-15,2022-10-29,2022-10-24,2026-08-12T13:29:33.699965,loans.csv,0,ON TIME
3584,960,2,2021-01-09,2021-01-23,2021-01-12,2026-08-12T13:29:33.699965,loans.csv,0,ON TIME
3129,1107,16,2022-09-25,2022-10-09,2022-10-08,2026-08-12T13:29:33.699965,loans.csv,0,ON TIME
4427,2023,1,2024-03-18,2024-04-01,2024-03-20,2026-08-12T13:29:33.699965,loans.csv,0,ON TIME
7412,2372,1,2024-08-26,2024-09-09,,2026-08-12T13:29:33.699965,loans.csv,702,CRITICAL
336,2756,149,2024-05-26,2024-06-09,2024-06-12,2026-08-12T13:29:33.699965,loans.csv,3,MILD
1616,445,6,2024-04-04,2024-04-18,2024-04-25,2026-08-12T13:29:33.699965,loans.csv,7,MILD
4444,1067,2,2023-10-20,2023-11-03,2023-11-04,2026-08-12T13:29:33.699965,loans.csv,1,MILD
9456,2531,2,2024-05-19,2024-06-02,2024-05-20,2026-08-12T13:29:33.699965,loans.csv,0,ON TIME
2225,2758,1,2022-12-13,2022-12-27,2022-12-20,2026-08-12T13:29:33.699965,loans.csv,0,ON TIME
644,2233,2,2022-06-18,2022-07-02,2022-06-28,2026-08-12T13:29:33.699965,loans.csv,0,ON TIME
1340,234,2,2024-10-22,2024-11-05,2024-10-26,2026-08-12T13:29:33.699965,loans.csv,0,ON TIME
6056,1168,20,2024-10-27,2024-11-10,2024-11-08,2026-08-12T13:29:33.699965,loans.csv,0,ON TIME
5134,1150,98,2024-02-19,2024-03-04,2024-02-29,2026-08-12T13:29:33.699965,loans.csv,0,ON TIME
5162,264,2,2024-06-10,2024-06-24,,2026-08-12T13:29:33.699965,loans.csv,779,CRITICAL
3957,1398,1,2024-08-16,2024-08-30,2024-08-30,2026-08-12T13:29:33.699965,loans.csv,0,ON TIME
3327,2766,3,2023-02-11,2023-02-25,2023-02-21,2026-08-12T13:29:33.699965,loans.csv,0,ON TIME
3968,2548,2,2024-06-01,2024-06-15,2024-06-09,2026-08-12T13:29:33.699965,loans.csv,0,ON TIME
6738,2659,7,2023-05-01,2023-05-15,2023-05-18,2026-08-12T13:29:33.699965,loans.csv,3,MILD
1688,828,8,2022-12-08,2022-12-22,2022-12-16,2026-08-12T13:29:33.699965,loans.csv,0,ON TIME
6481,1632,14,2024-02-23,2024-03-08,2024-03-08,2026-08-12T13:29:33.699965,loans.csv,0,ON TIME
3196,675,3,2021-06-25,2021-07-09,2021-07-13,2026-08-12T13:29:33.699965,loans.csv,4,MILD
1278,1582,4,2023-08-13,2023-08-27,2023-08-27,2026-08-12T13:29:33.699965,loans.csv,0,ON TIME
4182,1623,1,2022-08-04,2022-08-18,,2026-08-12T13:29:33.699965,loans.csv,1455,CRITICAL
8284,831,1,2024-02-13,2024-02-27,2024-03-25,2026-08-12T13:29:33.699965,loans.csv,27,SEVERE
4020,1203,1,2022-12-23,2023-01-06,2023-01-06,2026-08-12T13:29:33.699965,loans.csv,0,ON TIME
4978,1581,1,2023-05-28,2023-06-11,2023-05-29,2026-08-12T13:29:33.699965,loans.csv,0,ON TIME
5671,2431,16,2022-04-02,2022-04-16,2022-04-08,2026-08-12T13:29:33.699965,loans.csv,0,ON TIME
513,1021,1,2024-07-19,2024-08-02,,2026-08-12T13:29:33.699965,loans.csv,740,CRITICAL
2009,893,1,2024-11-22,2024-12-06,2024-12-17,2026-08-12T13:29:33.699965,loans.csv,11,SEVERE
5440,381,17,2024-10-03,2024-10-17,2024-10-13,2026-08-12T13:29:33.699965,loans.csv,0,ON TIME
8008,672,3,2023-08-12,2023-08-26,2023-08-18,2026-08-12T13:29:33.699965,loans.csv,0,ON TIME
7712,1122,6,2024-10-15,2024-10-29,2024-10-28,2026-08-12T13:29:33.699965,loans.csv,0,ON TIME
4061,183,1,2022-08-31,2022-09-14,,2026-08-12T13:29:33.699965,loans.csv,1428,CRITICAL
6353,2122,1,2024-08-11,2024-08-25,2024-09-23,2026-08-12T13:29:33.699965,loans.csv,29,SEVERE
5877,2358,62,2022-08-16,2022-09-06,2022-09-01,2026-08-12T13:29:33.699965,loans.csv,0,ON TIME
6669,2400,47,2024-10-05,2024-10-19,2024-10-24,2026-08-12T13:29:33.699965,loans.csv,5,MILD
15,2762,1,2023-04-25,2023-05-09,,2026-08-12T13:29:33.699965,loans.csv,1191,CRITICAL
9162,150,1,2024-08-30,2024-09-13,2024-09-20,2026-08-12T13:29:33.699965,loans.csv,7,MILD
2026,381,17,2024-11-14,2024-11-28,2024-11-20,2026-08-12T13:29:33.699965,loans.csv,0,ON TIME
3118,2310,36,2022-03-24,2022-04-07,2022-04-09,2026-08-12T13:29:33.699965,loans.csv,2,MILD
1311,1013,1,2021-09-05,2021-09-19,2021-09-12,2026-08-12T13:29:33.699965,loans.csv,0,ON TIME
5466,1704,8,2024-04-27,2024-05-18,2024-05-12,2026-08-12T13:29:33.699965,loans.csv,0,ON TIME
8492,770,64,2023-08-30,2023-09-13,2023-09-20,2026-08-12T13:29:33.699965,loans.csv,7,MILD
9326,230,2,2022-04-19,2022-05-10,2022-05-03,2026-08-12T13:29:33.699965,loans.csv,0,ON TIME
8993,2066,1,2023-02-12,2023-02-26,,2026-08-12T13:29:33.699965,loans.csv,1263,CRITICAL
368,1819,1,2022-08-12,2022-08-26,2022-08-20,2026-08-12T13:29:33.699965,loans.csv,0,ON TIME
8970,808,1,2024-10-25,2024-11-08,2024-11-09,2026-08-12T13:29:33.699965,loans.csv,1,MILD
5762,1833,39,2024-03-01,2024-03-15,2024-03-14,2026-08-12T13:29:33.699965,loans.csv,0,ON TIME
5658,2401,4,2024-03-28,2024-04-11,2024-04-03,2026-08-12T13:29:33.699965,loans.csv,0,ON TIME
6687,339,3,2024-08-30,2024-09-13,2024-09-16,2026-08-12T13:29:33.699965,loans.csv,3,MILD
3654,2677,12,2022-07-09,2022-07-23,2022-07-16,2026-08-12T13:29:33.699965,loans.csv,0,ON TIME
3953,2578,4,2023-12-26,2024-01-09,2023-12-29,2026-08-12T13:29:33.699965,loans.csv,0,ON TIME
4410,2529,1,2024-05-19,2024-06-02,,2026-08-12T13:29:33.699965,loans.csv,801,CRITICAL
9351,631,9,2023-07-27,2023-08-10,2023-08-05,2026-08-12T13:29:33.699965,loans.csv,0,ON TIME
763,2779,2,2024-12-03,2024-12-17,2024-12-19,2026-08-12T13:29:33.699965,loans.csv,2,MILD
5772,195,6,2023-07-21,2023-08-04,,2026-08-12T13:29:33.699965,loans.csv,1104,CRITICAL
2757,1549,1,2023-12-09,2023-12-23,2023-12-22,2026-08-12T13:29:33.699965,loans.csv,0,ON TIME
4498,1318,1,2020-04-20,2020-05-04,2020-04-21,2026-08-12T13:29:33.699965,loans.csv,0,ON TIME
2419,2373,5,2024-11-08,2024-11-22,2024-11-15,2026-08-12T13:29:33.699965,loans.csv,0,ON TIME
5717,2738,62,2024-09-21,2024-10-05,2024-10-10,2026-08-12T13:29:33.699965,loans.csv,5,MILD
5753,2693,1,2024-10-25,2024-11-08,2024-10-28,2026-08-12T13:29:33.699965,loans.csv,0,ON TIME
2105,588,15,2023-11-30,2023-12-14,2023-12-15,2026-08-12T13:29:33.699965,loans.csv,1,MILD
6722,1847,145,2024-12-16,2024-12-30,,2026-08-12T13:29:33.699965,loans.csv,590,CRITICAL
5859,394,1,2024-10-17,2024-10-31,2024-10-31,2026-08-12T13:29:33.699965,loans.csv,0,ON TIME
9106,2263,10,2022-07-25,2022-08-08,2022-08-20,2026-08-12T13:29:33.699965,loans.csv,12,SEVERE
9098,2332,1,2023-02-23,2023-03-09,2023-03-02,2026-08-12T13:29:33.699965,loans.csv,0,ON TIME
5539,2035,18,2023-07-09,2023-07-23,2023-07-12,2026-08-12T13:29:33.699965,loans.csv,0,ON TIME
4560,1108,1,2022-05-31,2022-06-14,2022-06-20,2026-08-12T13:29:33.699965,loans.csv,6,MILD
6494,1278,1,2021-09-22,2021-10-06,,2026-08-12T13:29:33.699965,loans.csv,1771,CRITICAL
879,280,130,2022-09-20,2022-10-04,2022-10-02,2026-08-12T13:29:33.699965,loans.csv,0,ON TIME
2279,867,2,2024-11-15,2024-11-29,2024-11-20,2026-08-12T13:29:33.699965,loans.csv,0,ON TIME
6321,894,1,2024-12-23,2025-01-06,,2026-08-12T13:29:33.699965,loans.csv,583,CRITICAL
9168,1486,3,2024-07-15,2024-07-29,2024-07-30,2026-08-12T13:29:33.699965,loans.csv,1,MILD
8075,2089,2,2021-08-09,2021-08-23,2021-08-29,2026-08-12T13:29:33.699965,loans.csv,6,MILD
6947,2615,1,2024-08-29,2024-09-12,2024-09-08,2026-08-12T13:29:33.699965,loans.csv,0,ON TIME
6467,2516,1,2023-08-05,2023-08-19,2023-09-30,2026-08-12T13:29:33.699965,loans.csv,42,CRITICAL
3078,1638,2,2024-08-20,2024-09-03,2024-09-06,2026-08-12T13:29:33.699965,loans.csv,3,MILD
1336,2047,64,2021-06-04,2021-06-25,2021-06-16,2026-08-12T13:29:33.699965,loans.csv,0,ON TIME
5142,859,20,2023-12-02,2023-12-16,2023-12-06,2026-08-12T13:29:33.699965,loans.csv,0,ON TIME
4871,2201,1,2022-09-29,2022-10-13,2022-10-06,2026-08-12T13:29:33.699965,loans.csv,0,ON TIME
2640,2010,42,2022-04-04,2022-04-18,2022-04-23,2026-08-12T13:29:33.699965,loans.csv,5,MILD
352,2325,3,2023-07-22,2023-08-05,2023-08-08,2026-08-12T13:29:33.699965,loans.csv,3,MILD
952,2731,6,2023-03-24,2023-04-14,2023-04-07,2026-08-12T13:29:33.699965,loans.csv,0,ON TIME
1367,380,3,2024-09-10,2024-09-24,2024-09-23,2026-08-12T13:29:33.699965,loans.csv,0,ON TIME
6779,2474,156,2023-11-12,2023-11-26,2023-11-21,2026-08-12T13:29:33.699965,loans.csv,0,ON TIME
2539,1977,151,2022-06-27,2022-07-11,2022-07-03,2026-08-12T13:29:33.699965,loans.csv,0,ON TIME
84,1473,1,2022-07-03,2022-07-24,2022-07-20,2026-08-12T13:29:33.699965,loans.csv,0,ON TIME
8673,2756,9,2024-04-30,2024-05-14,2024-05-04,2026-08-12T13:29:33.699965,loans.csv,0,ON TIME
5790,1392,3,2023-04-13,2023-04-27,2023-04-23,2026-08-12T13:29:33.699965,loans.csv,0,ON TIME
4526,1559,14,2024-07-12,2024-07-26,2024-07-15,2026-08-12T13:29:33.699965,loans.csv,0,ON TIME
5868,1248,8,2021-03-31,2021-04-21,2021-04-15,2026-08-12T13:29:33.699965,loans.csv,0,ON TIME
9598,2558,2,2021-02-12,2021-02-26,2021-03-05,2026-08-12T13:29:33.699965,loans.csv,7,MILD
4277,2745,1,2024-04-28,2024-05-19,,2026-08-12T13:29:33.699965,loans.csv,815,CRITICAL
5821,1798,1,2024-10-13,2024-11-03,2024-10-26,2026-08-12T13:29:33.699965,loans.csv,0,ON TIME
3501,1864,2,2023-07-16,2023-08-06,,2026-08-12T13:29:33.699965,loans.csv,1102,CRITICAL
755,305,8,2021-10-26,2021-11-09,2021-12-09,2026-08-12T13:29:33.699965,loans.csv,30,SEVERE
7680,955,2,2023-09-16,2023-09-30,,2026-08-12T13:29:33.699965,loans.csv,1047,CRITICAL
2952,2723,5,2024-11-13,2024-11-27,,2026-08-12T13:29:33.699965,loans.csv,623,CRITICAL
8465,1417,1,2024-04-26,2024-05-10,2024-04-28,2026-08-12T13:29:33.699965,loans.csv,0,ON TIME
4063,1262,1,2024-12-07,2024-12-21,2024-12-24,2026-08-12T13:29:33.699965,loans.csv,3,MILD
2955,1773,185,2024-03-07,2024-03-21,2024-03-22,2026-08-12T13:29:33.699965,loans.csv,1,MILD
1435,2164,1,2023-05-24,2023-06-07,2023-06-02,2026-08-12T13:29:33.699965,loans.csv,0,ON TIME
1725,1070,3,2022-09-23,2022-10-07,2022-10-09,2026-08-12T13:29:33.699965,loans.csv,2,MILD
6417,2472,3,2022-06-08,2022-06-22,2022-06-26,2026-08-12T13:29:33.699965,loans.csv,4,MILD
877,1344,3,2024-02-23,2024-03-08,2024-03-08,2026-08-12T13:29:33.699965,loans.csv,0,ON TIME
9023,969,1,2024-07-03,2024-07-24,2024-07-11,2026-08-12T13:29:33.699965,loans.csv,0,ON TIME
7863,609,28,2024-10-23,2024-11-06,2024-10-27,2026-08-12T13:29:33.699965,loans.csv,0,ON TIME
1309,1954,2,2023-12-07,2023-12-28,2023-12-17,2026-08-12T13:29:33.699965,loans.csv,0,ON TIME
7956,61,5,2022-07-26,2022-08-16,2022-08-08,2026-08-12T13:29:33.699965,loans.csv,0,ON TIME
3570,724,3,2024-01-15,2024-01-29,2024-01-28,2026-08-12T13:29:33.699965,loans.csv,0,ON TIME
8884,1766,1,2024-04-08,2024-04-22,2024-04-10,2026-08-12T13:29:33.699965,loans.csv,0,ON TIME
2472,771,1,2021-01-21,2021-02-04,,2026-08-12T13:29:33.699965,loans.csv,2015,CRITICAL
383,1243,1,2024-10-06,2024-10-20,2024-10-24,2026-08-12T13:29:33.699965,loans.csv,4,MILD
6846,1301,1,2021-07-23,2021-08-06,2021-08-05,2026-08-12T13:29:33.699965,loans.csv,0,ON TIME
5896,2296,1,2024-11-18,2024-12-02,,2026-08-12T13:29:33.699965,loans.csv,618,CRITICAL
5063,2586,2,2021-08-07,2021-08-21,2021-08-10,2026-08-12T13:29:33.699965,loans.csv,0,ON TIME
4688,2786,2,2023-04-06,2023-04-20,2023-04-07,2026-08-12T13:29:33.699965,loans.csv,0,ON TIME
4366,567,1,2020-12-07,2020-12-21,2020-12-26,2026-08-12T13:29:33.699965,loans.csv,5,MILD
6401,1319,3,2022-11-05,2022-11-19,2022-11-23,2026-08-12T13:29:33.699965,loans.csv,4,MILD
5881,1353,4,2024-12-12,2025-01-02,,2026-08-12T13:29:33.699965,loans.csv,587,CRITICAL
3599,360,19,2022-05-09,2022-05-23,,2026-08-12T13:29:33.699965,loans.csv,1542,CRITICAL
8556,2508,1,2021-07-31,2021-08-14,,2026-08-12T13:29:33.699965,loans.csv,1824,CRITICAL
4567,1506,1,2024-10-01,2024-10-15,2024-10-11,2026-08-12T13:29:33.699965,loans.csv,0,ON TIME
1351,554,5,2024-02-15,2024-02-29,2024-02-20,2026-08-12T13:29:33.699965,loans.csv,0,ON TIME
345,693,12,2023-03-09,2023-03-23,2023-03-24,2026-08-12T13:29:33.699965,loans.csv,1,MILD
7444,2425,28,2023-06-16,2023-06-30,2023-07-01,2026-08-12T13:29:33.699965,loans.csv,1,MILD
1102,464,15,2022-01-18,2022-02-01,2022-01-24,2026-08-12T13:29:33.699965,loans.csv,0,ON TIME
221,2722,2,2024-02-29,2024-03-14,2024-03-16,2026-08-12T13:29:33.699965,loans.csv,2,MILD
5676,1544,1,2024-10-14,2024-10-28,,2026-08-12T13:29:33.699965,loans.csv,653,CRITICAL
1337,2223,9,2023-07-02,2023-07-16,2023-07-04,2026-08-12T13:29:33.699965,loans.csv,0,ON TIME
2431,548,1,2021-06-24,2021-07-08,2021-07-05,2026-08-12T13:29:33.699965,loans.csv,0,ON TIME
320,1096,1,2024-11-07,2024-11-21,2024-11-25,2026-08-12T13:29:33.699965,loans.csv,4,MILD
1264,714,33,2023-10-13,2023-10-27,2023-10-20,2026-08-12T13:29:33.699965,loans.csv,0,ON TIME
3707,1536,3,2024-01-18,2024-02-01,,2026-08-12T13:29:33.699965,loans.csv,923,CRITICAL
5982,304,1,2020-05-09,2020-05-23,2020-05-24,2026-08-12T13:29:33.699965,loans.csv,1,MILD
1902,417,2,2023-10-16,2023-10-30,2023-11-04,2026-08-12T13:29:33.699965,loans.csv,5,MILD
8573,1670,2,2024-02-20,2024-03-05,2024-03-08,2026-08-12T13:29:33.699965,loans.csv,3,MILD
2989,2393,161,2024-05-24,2024-06-14,2024-06-21,2026-08-12T13:29:33.699965,loans.csv,7,MILD
3423,2001,1,2024-01-11,2024-01-25,,2026-08-12T13:29:33.699965,loans.csv,930,CRITICAL
3336,1139,15,2023-11-22,2023-12-13,2023-11-29,2026-08-12T13:29:33.699965,loans.csv,0,ON TIME
5567,1030,2,2024-06-28,2024-07-12,2024-07-05,2026-08-12T13:29:33.699965,loans.csv,0,ON TIME
9555,1680,2,2022-07-27,2022-08-10,2022-08-13,2026-08-12T13:29:33.699965,loans.csv,3,MILD
3292,1003,1,2022-12-15,2022-12-29,2022-12-21,2026-08-12T13:29:33.699965,loans.csv,0,ON TIME
7698,2516,1,2020-09-03,2020-09-17,2020-09-20,2026-08-12T13:29:33.699965,loans.csv,3,MILD
5027,1017,60,2024-04-08,2024-04-22,2024-04-20,2026-08-12T13:29:33.699965,loans.csv,0,ON TIME
2759,2481,10,2024-12-05,2024-12-19,2024-12-10,2026-08-12T13:29:33.699965,loans.csv,0,ON TIME
8599,659,1,2024-05-23,2024-06-06,,2026-08-12T13:29:33.699965,loans.csv,797,CRITICAL
4774,2394,8,2024-05-01,2024-05-15,2024-05-09,2026-08-12T13:29:33.699965,loans.csv,0,ON TIME
5547,1642,11,2024-01-05,2024-01-19,2024-01-10,2026-08-12T13:29:33.699965,loans.csv,0,ON TIME
600,1035,5,2021-11-11,2021-11-25,2021-11-17,2026-08-12T13:29:33.699965,loans.csv,0,ON TIME
5798,2445,11,2024-06-21,2024-07-05,2024-07-03,2026-08-12T13:29:33.699965,loans.csv,0,ON TIME
5317,2678,11,2023-05-16,2023-06-06,2023-05-19,2026-08-12T13:29:33.699965,loans.csv,0,ON TIME
373,1422,3,2023-10-17,2023-11-07,,2026-08-12T13:29:33.699965,loans.csv,1009,CRITICAL
2152,768,2,2022-01-25,2022-02-08,2022-02-14,2026-08-12T13:29:33.699965,loans.csv,6,MILD
7160,1556,3,2024-10-08,2024-10-22,2024-10-25,2026-08-12T13:29:33.699965,loans.csv,3,MILD
219,1024,13,2020-08-10,2020-08-24,2020-08-19,2026-08-12T13:29:33.699965,loans.csv,0,ON TIME
6792,2180,23,2024-06-17,2024-07-01,2024-06-21,2026-08-12T13:29:33.699965,loans.csv,0,ON TIME
5862,276,1,2023-04-27,2023-05-11,2023-05-05,2026-08-12T13:29:33.699965,loans.csv,0,ON TIME
6257,1675,7,2024-10-14,2024-10-28,2024-10-17,2026-08-12T13:29:33.699965,loans.csv,0,ON TIME
8933,1131,1,2021-09-13,2021-09-27,2021-10-03,2026-08-12T13:29:33.699965,loans.csv,6,MILD
4536,2781,2,2023-11-27,2023-12-11,2023-12-07,2026-08-12T13:29:33.699965,loans.csv,0,ON TIME
8631,841,3,2024-10-22,2024-11-05,,2026-08-12T13:29:33.699965,loans.csv,645,CRITICAL
6952,1869,1,2020-09-10,2020-09-24,,2026-08-12T13:29:33.699965,loans.csv,2148,CRITICAL
6097,1036,1,2022-09-01,2022-09-15,2022-09-17,2026-08-12T13:29:33.699965,loans.csv,2,MILD
2975,630,32,2024-11-22,2024-12-06,2024-12-03,2026-08-12T13:29:33.699965,loans.csv,0,ON TIME
7128,2180,6,2024-08-20,2024-09-03,2024-09-05,2026-08-12T13:29:33.699965,loans.csv,2,MILD
5081,2142,37,2024-12-08,2024-12-22,2024-12-21,2026-08-12T13:29:33.699965,loans.csv,0,ON TIME
6397,2754,10,2024-09-25,2024-10-09,2024-11-19,2026-08-12T13:29:33.699965,loans.csv,41,CRITICAL
248,1299,4,2024-04-02,2024-04-23,2024-04-11,2026-08-12T13:29:33.699965,loans.csv,0,ON TIME
3488,2153,1,2023-05-22,2023-06-05,,2026-08-12T13:29:33.699965,loans.csv,1164,CRITICAL
1926,1363,2,2023-12-21,2024-01-04,2024-01-05,2026-08-12T13:29:33.699965,loans.csv,1,MILD
3922,2435,1,2024-07-16,2024-07-30,2024-07-30,2026-08-12T13:29:33.699965,loans.csv,0,ON TIME
1276,210,9,2024-07-07,2024-07-21,2024-07-27,2026-08-12T13:29:33.699965,loans.csv,6,MILD
8780,2795,7,2023-12-14,2023-12-28,2023-12-19,2026-08-12T13:29:33.699965,loans.csv,0,ON TIME
8876,1111,10,2024-04-14,2024-04-28,2024-05-03,2026-08-12T13:29:33.699965,loans.csv,5,MILD
5697,417,1,2024-10-23,2024-11-06,2024-11-04,2026-08-12T13:29:33.699965,loans.csv,0,ON TIME
5242,499,10,2023-10-10,2023-10-24,,2026-08-12T13:29:33.699965,loans.csv,1023,CRITICAL
6943,2537,1,2023-05-18,2023-06-01,2023-05-24,2026-08-12T13:29:33.699965,loans.csv,0,ON TIME
4139,2708,2,2023-05-26,2023-06-09,2023-06-02,2026-08-12T13:29:33.699965,loans.csv,0,ON TIME
4018,257,5,2021-12-01,2021-12-15,2021-12-14,2026-08-12T13:29:33.699965,loans.csv,0,ON TIME
2456,2482,1,2024-08-31,2024-09-21,2024-09-22,2026-08-12T13:29:33.699965,loans.csv,1,MILD
7867,1269,1,2022-09-20,2022-10-04,2022-09-22,2026-08-12T13:29:33.699965,loans.csv,0,ON TIME
2383,1800,114,2024-06-01,2024-06-15,2024-06-05,2026-08-12T13:29:33.699965,loans.csv,0,ON TIME
8882,880,158,2022-08-04,2022-08-18,2022-08-05,2026-08-12T13:29:33.699965,loans.csv,0,ON TIME
3930,9,5,2024-09-20,2024-10-11,2024-10-22,2026-08-12T13:29:33.699965,loans.csv,11,SEVERE
4225,2191,1,2023-06-04,2023-06-18,2023-06-17,2026-08-12T13:29:33.699965,loans.csv,0,ON TIME
8975,2674,1,2024-01-10,2024-01-24,2024-01-30,2026-08-12T13:29:33.699965,loans.csv,6,MILD
8776,973,1,2023-08-26,2023-09-09,2023-08-28,2026-08-12T13:29:33.699965,loans.csv,0,ON TIME
6064,1563,153,2024-12-19,2025-01-02,,2026-08-12T13:29:33.699965,loans.csv,587,CRITICAL
263,2338,2,2023-06-13,2023-06-27,2023-06-23,2026-08-12T13:29:33.699965,loans.csv,0,ON TIME
6002,1864,2,2024-05-03,2024-05-17,2024-05-18,2026-08-12T13:29:33.699965,loans.csv,1,MILD
9479,459,5,2022-01-08,2022-01-22,2022-01-18,2026-08-12T13:29:33.699965,loans.csv,0,ON TIME
6629,299,26,2022-10-10,2022-10-24,2022-10-23,2026-08-12T13:29:33.699965,loans.csv,0,ON TIME
9264,32,96,2023-09-21,2023-10-05,2023-09-23,2026-08-12T13:29:33.699965,loans.csv,0,ON TIME
621,2730,2,2024-12-19,2025-01-02,,2026-08-12T13:29:33.699965,loans.csv,587,CRITICAL
5153,431,3,2024-03-26,2024-04-16,2024-04-23,2026-08-12T13:29:33.699965,loans.csv,7,MILD
436,2167,46,2023-12-14,2024-01-04,2023-12-24,2026-08-12T13:29:33.699965,loans.csv,0,ON TIME
6113,464,13,2024-06-23,2024-07-07,2024-06-24,2026-08-12T13:29:33.699965,loans.csv,0,ON TIME
4344,1098,5,2022-11-15,2022-11-29,2022-11-29,2026-08-12T13:29:33.699965,loans.csv,0,ON TIME
3412,1095,5,2022-01-27,2022-02-10,2022-02-05,2026-08-12T13:29:33.699965,loans.csv,0,ON TIME
101,2052,1,2023-05-25,2023-06-08,2023-06-06,2026-08-12T13:29:33.699965,loans.csv,0,ON TIME
9507,1350,5,2024-12-04,2024-12-18,2024-12-13,2026-08-12T13:29:33.699965,loans.csv,0,ON TIME
91,1272,1,2024-04-27,2024-05-11,2024-05-25,2026-08-12T13:29:33.699965,loans.csv,14,SEVERE
5031,140,8,2022-07-17,2022-07-31,2022-07-29,2026-08-12T13:29:33.699965,loans.csv,0,ON TIME
6685,773,2,2024-07-04,2024-07-18,2024-07-06,2026-08-12T13:29:33.699965,loans.csv,0,ON TIME
6864,2769,4,2024-09-16,2024-09-30,2024-10-11,2026-08-12T13:29:33.699965,loans.csv,11,SEVERE
5194,1887,1,2024-07-21,2024-08-04,2024-08-05,2026-08-12T13:29:33.699965,loans.csv,1,MILD
3379,1211,2,2022-06-30,2022-07-14,2022-07-06,2026-08-12T13:29:33.699965,loans.csv,0,ON TIME
8372,2319,2,2024-07-19,2024-08-02,2024-07-28,2026-08-12T13:29:33.699965,loans.csv,0,ON TIME
8316,48,3,2024-04-23,2024-05-07,2024-04-28,2026-08-12T13:29:33.699965,loans.csv,0,ON TIME
4962,2320,7,2024-03-01,2024-03-15,,2026-08-12T13:29:33.699965,loans.csv,880,CRITICAL
9341,1002,1,2024-06-14,2024-06-28,2024-06-25,2026-08-12T13:29:33.699965,loans.csv,0,ON TIME
2219,596,3,2023-07-17,2023-07-31,,2026-08-12T13:29:33.699965,loans.csv,1108,CRITICAL
9454,2036,4,2023-01-22,2023-02-05,2023-02-04,2026-08-12T13:29:33.699965,loans.csv,0,ON TIME
6395,287,1,2023-09-13,2023-09-27,2023-09-23,2026-08-12T13:29:33.699965,loans.csv,0,ON TIME
2460,2054,4,2024-10-20,2024-11-03,2024-11-03,2026-08-12T13:29:33.699965,loans.csv,0,ON TIME
7425,1350,4,2022-01-27,2022-02-17,2022-02-20,2026-08-12T13:29:33.699965,loans.csv,3,MILD
5538,2147,3,2024-05-18,2024-06-01,,2026-08-12T13:29:33.699965,loans.csv,802,CRITICAL
267,1899,6,2022-03-25,2022-04-08,2022-03-27,2026-08-12T13:29:33.699965,loans.csv,0,ON TIME
8927,2419,10,2022-07-05,2022-07-19,2022-07-12,2026-08-12T13:29:33.699965,loans.csv,0,ON TIME
4714,1981,8,2020-08-07,2020-08-28,2020-08-27,2026-08-12T13:29:33.699965,loans.csv,0,ON TIME
925,26,1,2022-02-21,2022-03-07,2022-03-08,2026-08-12T13:29:33.699965,loans.csv,1,MILD
1472,2758,1,2020-08-31,2020-09-14,2020-09-10,2026-08-12T13:29:33.699965,loans.csv,0,ON TIME
1263,75,2,2023-08-18,2023-09-01,2023-08-30,2026-08-12T13:29:33.699965,loans.csv,0,ON TIME
62,650,26,2024-07-25,2024-08-08,,2026-08-12T13:29:33.699965,loans.csv,734,CRITICAL
7976,1766,1,2024-08-20,2024-09-03,2024-09-02,2026-08-12T13:29:33.699965,loans.csv,0,ON TIME
4140,2669,8,2021-08-16,2021-08-30,2021-08-21,2026-08-12T13:29:33.699965,loans.csv,0,ON TIME
3310,797,7,2022-12-12,2022-12-26,2022-12-20,2026-08-12T13:29:33.699965,loans.csv,0,ON TIME
1866,1195,3,2024-08-22,2024-09-05,2024-09-30,2026-08-12T13:29:33.699965,loans.csv,25,SEVERE
8834,409,2,2022-11-03,2022-11-24,2022-11-18,2026-08-12T13:29:33.699965,loans.csv,0,ON TIME
3494,2099,1,2023-01-26,2023-02-16,2023-01-29,2026-08-12T13:29:33.699965,loans.csv,0,ON TIME
3422,2733,82,2024-01-10,2024-01-24,,2026-08-12T13:29:33.699965,loans.csv,931,CRITICAL
2760,2208,1,2023-05-21,2023-06-04,,2026-08-12T13:29:33.699965,loans.csv,1165,CRITICAL
6054,1922,2,2024-02-10,2024-02-24,2024-02-22,2026-08-12T13:29:33.699965,loans.csv,0,ON TIME
2517,1416,1,2022-12-26,2023-01-16,,2026-08-12T13:29:33.699965,loans.csv,1304,CRITICAL
4648,1198,2,2024-08-16,2024-08-30,2024-08-18,2026-08-12T13:29:33.699965,loans.csv,0,ON TIME
6970,1623,1,2023-05-06,2023-05-20,2023-05-11,2026-08-12T13:29:33.699965,loans.csv,0,ON TIME
697,638,1,2022-11-02,2022-11-16,2022-11-05,2026-08-12T13:29:33.699965,loans.csv,0,ON TIME
9054,2331,2,2024-08-25,2024-09-08,2024-08-31,2026-08-12T13:29:33.699965,loans.csv,0,ON TIME
4468,2035,76,2022-10-30,2022-11-13,2022-11-14,2026-08-12T13:29:33.699965,loans.csv,1,MILD
4979,1937,1,2023-04-22,2023-05-06,2023-06-11,2026-08-12T13:29:33.699965,loans.csv,36,CRITICAL
5301,2223,7,2023-03-26,2023-04-09,2023-04-08,2026-08-12T13:29:33.699965,loans.csv,0,ON TIME
2841,905,1,2022-02-03,2022-02-17,,2026-08-12T13:29:33.699965,loans.csv,1637,CRITICAL
4565,2144,1,2023-08-29,2023-09-12,2023-09-10,2026-08-12T13:29:33.699965,loans.csv,0,ON TIME
5634,2493,3,2023-08-26,2023-09-09,2023-08-30,2026-08-12T13:29:33.699965,loans.csv,0,ON TIME
6085,1118,14,2023-11-30,2023-12-14,2023-12-03,2026-08-12T13:29:33.699965,loans.csv,0,ON TIME
8282,1870,1,2021-04-18,2021-05-02,2021-04-29,2026-08-12T13:29:33.699965,loans.csv,0,ON TIME
9200,380,1,2022-01-30,2022-02-13,2022-02-05,2026-08-12T13:29:33.699965,loans.csv,0,ON TIME
450,2592,1,2023-03-06,2023-03-20,2023-03-23,2026-08-12T13:29:33.699965,loans.csv,3,MILD
9459,1992,1,2024-09-15,2024-10-06,2024-09-16,2026-08-12T13:29:33.699965,loans.csv,0,ON TIME
720,1684,1,2024-01-04,2024-01-18,2024-01-05,2026-08-12T13:29:33.699965,loans.csv,0,ON TIME
727,221,1,2024-10-15,2024-10-29,,2026-08-12T13:29:33.699965,loans.csv,652,CRITICAL
1105,1382,5,2024-10-20,2024-11-03,2024-10-27,2026-08-12T13:29:33.699965,loans.csv,0,ON TIME
1228,2052,16,2024-03-06,2024-03-20,2024-03-18,2026-08-12T13:29:33.699965,loans.csv,0,ON TIME
6886,547,6,2022-06-19,2022-07-03,2022-08-07,2026-08-12T13:29:33.699965,loans.csv,35,CRITICAL
3041,768,3,2023-07-22,2023-08-05,2023-08-07,2026-08-12T13:29:33.699965,loans.csv,2,MILD
500,432,112,2024-06-08,2024-06-22,2024-06-24,2026-08-12T13:29:33.699965,loans.csv,2,MILD
8622,2204,2,2024-07-06,2024-07-20,2024-07-08,2026-08-12T13:29:33.699965,loans.csv,0,ON TIME
2848,1293,46,2021-10-11,2021-10-25,2021-10-12,2026-08-12T13:29:33.699965,loans.csv,0,ON TIME
2885,1386,8,2021-05-28,2021-06-11,2021-06-14,2026-08-12T13:29:33.699965,loans.csv,3,MILD
3898,2084,1,2023-03-15,2023-03-29,,2026-08-12T13:29:33.699965,loans.csv,1232,CRITICAL
814,1371,1,2024-06-06,2024-06-20,2024-08-03,2026-08-12T13:29:33.699965,loans.csv,44,CRITICAL
3960,1061,3,2023-10-07,2023-10-28,2023-10-29,2026-08-12T13:29:33.699965,loans.csv,1,MILD
8596,614,6,2024-01-19,2024-02-02,2024-01-24,2026-08-12T13:29:33.699965,loans.csv,0,ON TIME
188,1775,1,2023-09-29,2023-10-13,,2026-08-12T13:29:33.699965,loans.csv,1034,CRITICAL
1897,935,3,2024-05-22,2024-06-05,2024-05-26,2026-08-12T13:29:33.699965,loans.csv,0,ON TIME
4401,542,1,2020-12-12,2020-12-26,2020-12-26,2026-08-12T13:29:33.699965,loans.csv,0,ON TIME
9104,468,2,2023-12-28,2024-01-11,2024-01-05,2026-08-12T13:29:33.699965,loans.csv,0,ON TIME
8571,1431,1,2022-03-19,2022-04-02,2022-03-22,2026-08-12T13:29:33.699965,loans.csv,0,ON TIME
9245,1781,1,2021-12-23,2022-01-06,2022-01-12,2026-08-12T13:29:33.699965,loans.csv,6,MILD
537,1286,1,2024-09-19,2024-10-10,,2026-08-12T13:29:33.699965,loans.csv,671,CRITICAL
5458,1879,1,2024-02-15,2024-02-29,,2026-08-12T13:29:33.699965,loans.csv,895,CRITICAL
2197,579,2,2024-12-23,2025-01-06,,2026-08-12T13:29:33.699965,loans.csv,583,CRITICAL
9384,2464,1,2023-08-18,2023-09-01,2023-08-29,2026-08-12T13:29:33.699965,loans.csv,0,ON TIME
4966,1148,1,2024-05-10,2024-05-24,2024-05-14,2026-08-12T13:29:33.699965,loans.csv,0,ON TIME
8904,459,3,2022-08-14,2022-08-28,2022-08-25,2026-08-12T13:29:33.699965,loans.csv,0,ON TIME
8293,2561,1,2023-08-27,2023-09-17,,2026-08-12T13:29:33.699965,loans.csv,1060,CRITICAL
9291,1810,1,2020-11-28,2020-12-12,,2026-08-12T13:29:33.699965,loans.csv,2069,CRITICAL
4981,410,2,2023-05-10,2023-05-24,2023-05-23,2026-08-12T13:29:33.699965,loans.csv,0,ON TIME
5652,657,31,2022-08-16,2022-08-30,2022-08-26,2026-08-12T13:29:33.699965,loans.csv,0,ON TIME
8775,644,2,2022-08-20,2022-09-03,2022-08-29,2026-08-12T13:29:33.699965,loans.csv,0,ON TIME
5408,615,20,2024-12-21,2025-01-04,,2026-08-12T13:29:33.699965,loans.csv,585,CRITICAL
144,960,6,2020-09-01,2020-09-15,2020-09-05,2026-08-12T13:29:33.699965,loans.csv,0,ON TIME
3393,2061,2,2024-05-25,2024-06-08,2024-05-27,2026-08-12T13:29:33.699965,loans.csv,0,ON TIME
6704,1610,31,2024-07-12,2024-07-26,2024-07-31,2026-08-12T13:29:33.699965,loans.csv,5,MILD
9211,1140,1,2023-11-27,2023-12-11,2023-11-30,2026-08-12T13:29:33.699965,loans.csv,0,ON TIME
6183,2469,6,2022-08-18,2022-09-01,2022-08-21,2026-08-12T13:29:33.699965,loans.csv,0,ON TIME
6367,2301,1,2024-01-17,2024-01-31,2024-01-20,2026-08-12T13:29:33.699965,loans.csv,0,ON TIME
8157,1623,1,2023-01-14,2023-01-28,2023-02-06,2026-08-12T13:29:33.699965,loans.csv,9,SEVERE
1000,1319,4,2024-08-07,2024-08-21,2024-08-13,2026-08-12T13:29:33.699965,loans.csv,0,ON TIME
2269,1895,1,2024-09-23,2024-10-07,2024-09-28,2026-08-12T13:29:33.699965,loans.csv,0,ON TIME
1697,2325,33,2024-11-06,2024-11-20,2024-11-25,2026-08-12T13:29:33.699965,loans.csv,5,MILD
6911,310,2,2020-01-04,2020-01-25,2020-01-09,2026-08-12T13:29:33.699965,loans.csv,0,ON TIME
185,1255,166,2024-04-16,2024-04-30,2024-04-19,2026-08-12T13:29:33.699965,loans.csv,0,ON TIME
4656,1499,10,2022-09-11,2022-09-25,,2026-08-12T13:29:33.699965,loans.csv,1417,CRITICAL
2941,1977,1,2022-07-02,2022-07-16,2022-07-09,2026-08-12T13:29:33.699965,loans.csv,0,ON TIME
2461,1065,4,2021-10-05,2021-10-19,,2026-08-12T13:29:33.699965,loans.csv,1758,CRITICAL
3429,1949,2,2022-03-13,2022-03-27,2022-03-24,2026-08-12T13:29:33.699965,loans.csv,0,ON TIME
9308,509,1,2024-10-13,2024-10-27,2024-10-31,2026-08-12T13:29:33.699965,loans.csv,4,MILD
119,1067,2,2024-11-22,2024-12-13,2024-11-24,2026-08-12T13:29:33.699965,loans.csv,0,ON TIME
5116,1494,20,2024-10-06,2024-10-27,2024-10-27,2026-08-12T13:29:33.699965,loans.csv,0,ON TIME
944,2649,1,2024-03-22,2024-04-05,2024-04-22,2026-08-12T13:29:33.699965,loans.csv,17,SEVERE
7737,2309,4,2023-10-08,2023-10-22,,2026-08-12T13:29:33.699965,loans.csv,1025,CRITICAL
5243,805,2,2021-08-09,2021-08-23,2021-08-22,2026-08-12T13:29:33.699965,loans.csv,0,ON TIME
5570,128,3,2024-03-19,2024-04-02,2024-04-07,2026-08-12T13:29:33.699965,loans.csv,5,MILD
5901,1369,2,2024-11-07,2024-11-21,,2026-08-12T13:29:33.699965,loans.csv,629,CRITICAL
9250,336,3,2024-03-17,2024-03-31,2024-03-18,2026-08-12T13:29:33.699965,loans.csv,0,ON TIME
3828,2490,4,2024-11-10,2024-11-24,2024-11-15,2026-08-12T13:29:33.699965,loans.csv,0,ON TIME
1661,925,12,2024-10-18,2024-11-01,2024-11-01,2026-08-12T13:29:33.699965,loans.csv,0,ON TIME
5932,1056,1,2024-03-16,2024-04-06,2024-04-11,2026-08-12T13:29:33.699965,loans.csv,5,MILD
6646,485,21,2024-03-22,2024-04-12,2024-03-27,2026-08-12T13:29:33.699965,loans.csv,0,ON TIME
6905,2545,1,2024-03-05,2024-03-19,2024-03-16,2026-08-12T13:29:33.699965,loans.csv,0,ON TIME
6513,398,7,2024-07-29,2024-08-12,2024-08-18,2026-08-12T13:29:33.699965,loans.csv,6,MILD
5517,1584,1,2024-02-26,2024-03-11,,2026-08-12T13:29:33.699965,loans.csv,884,CRITICAL
7781,2164,99,2023-05-20,2023-06-03,2023-05-23,2026-08-12T13:29:33.699965,loans.csv,0,ON TIME
9373,172,1,2023-07-06,2023-07-20,2023-07-18,2026-08-12T13:29:33.699965,loans.csv,0,ON TIME
1807,1373,2,2022-12-30,2023-01-13,2023-01-08,2026-08-12T13:29:33.699965,loans.csv,0,ON TIME
2252,369,5,2021-05-20,2021-06-03,2021-06-09,2026-08-12T13:29:33.699965,loans.csv,6,MILD
6218,24,1,2023-10-23,2023-11-06,2023-11-08,2026-08-12T13:29:33.699965,loans.csv,2,MILD
5457,678,1,2022-07-18,2022-08-01,2022-07-23,2026-08-12T13:29:33.699965,loans.csv,0,ON TIME
7326,899,2,2024-08-25,2024-09-15,2024-09-05,2026-08-12T13:29:33.699965,loans.csv,0,ON TIME
6806,2268,1,2020-08-18,2020-09-01,2020-08-30,2026-08-12T13:29:33.699965,loans.csv,0,ON TIME
8405,454,1,2020-08-19,2020-09-02,2020-08-31,2026-08-12T13:29:33.699965,loans.csv,0,ON TIME
7352,357,1,2024-09-07,2024-09-21,2024-10-24,2026-08-12T13:29:33.699965,loans.csv,33,CRITICAL
4834,1724,14,2023-02-23,2023-03-09,2023-04-08,2026-08-12T13:29:33.699965,loans.csv,30,SEVERE
5351,1492,1,2021-12-31,2022-01-14,2022-01-12,2026-08-12T13:29:33.699965,loans.csv,0,ON TIME
3334,1828,2,2023-03-31,2023-04-14,2023-04-19,2026-08-12T13:29:33.699965,loans.csv,5,MILD
5696,1789,1,2023-06-22,2023-07-06,2023-07-10,2026-08-12T13:29:33.699965,loans.csv,4,MILD
5305,1923,1,2023-02-26,2023-03-12,2023-03-12,2026-08-12T13:29:33.699965,loans.csv,0,ON TIME
2083,1381,1,2023-02-16,2023-03-02,2023-03-06,2026-08-12T13:29:33.699965,loans.csv,4,MILD
1657,828,13,2022-10-18,2022-11-01,2022-10-23,2026-08-12T13:29:33.699965,loans.csv,0,ON TIME
5779,74,25,2023-02-15,2023-03-01,2023-02-23,2026-08-12T13:29:33.699965,loans.csv,0,ON TIME
4332,986,22,2022-06-17,2022-07-01,,2026-08-12T13:29:33.699965,loans.csv,1503,CRITICAL
6106,1198,1,2024-04-05,2024-04-19,2024-05-25,2026-08-12T13:29:33.699965,loans.csv,36,CRITICAL
196,591,1,2024-09-26,2024-10-17,2024-11-23,2026-08-12T13:29:33.699965,loans.csv,37,CRITICAL
7674,2190,1,2022-09-11,2022-09-25,2022-09-19,2026-08-12T13:29:33.699965,loans.csv,0,ON TIME
7558,559,13,2022-09-25,2022-10-09,2022-09-26,2026-08-12T13:29:33.699965,loans.csv,0,ON TIME
2948,146,181,2024-11-22,2024-12-06,2024-12-02,2026-08-12T13:29:33.699965,loans.csv,0,ON TIME
3939,1011,3,2024-08-16,2024-08-30,2024-09-20,2026-08-12T13:29:33.699965,loans.csv,21,SEVERE
2281,1330,5,2024-03-11,2024-03-25,2024-03-23,2026-08-12T13:29:33.699965,loans.csv,0,ON TIME
2018,2088,13,2024-01-05,2024-01-19,2024-01-17,2026-08-12T13:29:33.699965,loans.csv,0,ON TIME
2478,2004,22,2021-04-07,2021-04-21,2021-04-09,2026-08-12T13:29:33.699965,loans.csv,0,ON TIME
7764,2628,1,2022-06-22,2022-07-13,2022-06-27,2026-08-12T13:29:33.699965,loans.csv,0,ON TIME
6626,2228,176,2024-09-16,2024-09-30,2024-10-06,2026-08-12T13:29:33.699965,loans.csv,6,MILD
8161,535,7,2024-12-25,2025-01-08,,2026-08-12T13:29:33.699965,loans.csv,581,CRITICAL
474,1118,2,2023-10-31,2023-11-14,2023-11-03,2026-08-12T13:29:33.699965,loans.csv,0,ON TIME
2875,1748,1,2022-11-20,2022-12-04,2022-12-11,2026-08-12T13:29:33.699965,loans.csv,7,MILD
2430,510,2,2021-04-19,2021-05-03,2021-04-30,2026-08-12T13:29:33.699965,loans.csv,0,ON TIME
4693,1015,1,2020-03-04,2020-03-18,2020-03-18,2026-08-12T13:29:33.699965,loans.csv,0,ON TIME
408,1485,1,2024-06-01,2024-06-15,2024-06-05,2026-08-12T13:29:33.699965,loans.csv,0,ON TIME
2870,1741,11,2024-03-27,2024-04-10,,2026-08-12T13:29:33.699965,loans.csv,854,CRITICAL
4209,1494,2,2024-12-22,2025-01-05,,2026-08-12T13:29:33.699965,loans.csv,584,CRITICAL
6354,2411,1,2023-03-07,2023-03-21,2023-03-14,2026-08-12T13:29:33.699965,loans.csv,0,ON TIME
9004,1323,1,2021-10-17,2021-10-31,2021-10-19,2026-08-12T13:29:33.699965,loans.csv,0,ON TIME
3505,2663,9,2023-02-13,2023-02-27,2023-02-18,2026-08-12T13:29:33.699965,loans.csv,0,ON TIME
118,297,1,2023-08-28,2023-09-11,2023-09-13,2026-08-12T13:29:33.699965,loans.csv,2,MILD
3290,2710,7,2024-11-06,2024-11-27,2024-11-30,2026-08-12T13:29:33.699965,loans.csv,3,MILD
7092,1141,3,2024-07-22,2024-08-05,2024-08-03,2026-08-12T13:29:33.699965,loans.csv,0,ON TIME
4850,237,1,2024-08-27,2024-09-10,2024-09-08,2026-08-12T13:29:33.699965,loans.csv,0,ON TIME
4001,1258,11,2024-12-07,2024-12-21,2025-01-29,2026-08-12T13:29:33.699965,loans.csv,39,CRITICAL
8342,1248,2,2024-03-11,2024-03-25,2024-03-28,2026-08-12T13:29:33.699965,loans.csv,3,MILD
6603,2039,7,2024-12-03,2024-12-17,2024-12-08,2026-08-12T13:29:33.699965,loans.csv,0,ON TIME
5270,904,51,2022-04-05,2022-04-19,2022-04-19,2026-08-12T13:29:33.699965,loans.csv,0,ON TIME
4769,2362,2,2024-11-12,2024-11-26,2024-11-14,2026-08-12T13:29:33.699965,loans.csv,0,ON TIME
5857,187,78,2020-11-14,2020-11-28,2020-12-02,2026-08-12T13:29:33.699965,loans.csv,4,MILD
3600,263,2,2024-11-15,2024-11-29,2024-11-28,2026-08-12T13:29:33.699965,loans.csv,0,ON TIME
3583,2190,1,2021-07-12,2021-07-26,2021-08-01,2026-08-12T13:29:33.699965,loans.csv,6,MILD
898,851,18,2023-04-20,2023-05-11,2023-05-13,2026-08-12T13:29:33.699965,loans.csv,2,MILD
6149,129,1,2023-04-18,2023-05-02,2023-04-19,2026-08-12T13:29:33.699965,loans.csv,0,ON TIME
4786,2233,1,2020-10-05,2020-10-19,,2026-08-12T13:29:33.699965,loans.csv,2123,CRITICAL
6368,1372,16,2023-10-11,2023-10-25,2023-10-22,2026-08-12T13:29:33.699965,loans.csv,0,ON TIME
6073,2186,33,2023-01-26,2023-02-16,,2026-08-12T13:29:33.699965,loans.csv,1273,CRITICAL
5278,2594,1,2024-08-21,2024-09-04,2024-09-10,2026-08-12T13:29:33.699965,loans.csv,6,MILD
5219,884,2,2024-08-04,2024-08-18,2024-08-15,2026-08-12T13:29:33.699965,loans.csv,0,ON TIME
6478,2217,1,2024-03-27,2024-04-10,2024-04-06,2026-08-12T13:29:33.699965,loans.csv,0,ON TIME
1948,1992,1,2023-01-08,2023-01-22,2023-01-10,2026-08-12T13:29:33.699965,loans.csv,0,ON TIME
2791,2713,1,2021-07-16,2021-08-06,,2026-08-12T13:29:33.699965,loans.csv,1832,CRITICAL
452,2679,2,2024-04-06,2024-04-20,2024-04-25,2026-08-12T13:29:33.699965,loans.csv,5,MILD
3377,587,15,2024-07-19,2024-08-02,2024-07-24,2026-08-12T13:29:33.699965,loans.csv,0,ON TIME
6412,1455,13,2024-08-09,2024-08-23,2024-08-18,2026-08-12T13:29:33.699965,loans.csv,0,ON TIME
2500,945,1,2024-07-19,2024-08-02,2024-07-21,2026-08-12T13:29:33.699965,loans.csv,0,ON TIME
7752,1248,3,2023-07-10,2023-07-24,2023-07-28,2026-08-12T13:29:33.699965,loans.csv,4,MILD
4457,1098,5,2020-09-23,2020-10-07,2020-10-07,2026-08-12T13:29:33.699965,loans.csv,0,ON TIME
9389,133,1,2024-03-19,2024-04-02,2024-03-22,2026-08-12T13:29:33.699965,loans.csv,0,ON TIME
5838,2579,11,2023-06-21,2023-07-05,2023-06-23,2026-08-12T13:29:33.699965,loans.csv,0,ON TIME
799,2391,11,2022-11-25,2022-12-09,2022-12-15,2026-08-12T13:29:33.699965,loans.csv,6,MILD
6772,2722,5,2024-06-17,2024-07-01,2024-07-01,2026-08-12T13:29:33.699965,loans.csv,0,ON TIME
3156,1373,21,2023-08-27,2023-09-10,2023-09-17,2026-08-12T13:29:33.699965,loans.csv,7,MILD
4069,589,1,2024-09-01,2024-09-15,,2026-08-12T13:29:33.699965,loans.csv,696,CRITICAL
6453,2547,1,2023-05-01,2023-05-15,2023-05-09,2026-08-12T13:29:33.699965,loans.csv,0,ON TIME
545,1295,49,2022-02-25,2022-03-11,,2026-08-12T13:29:33.699965,loans.csv,1615,CRITICAL
732,335,2,2020-07-09,2020-07-23,2020-07-12,2026-08-12T13:29:33.699965,loans.csv,0,ON TIME
2057,701,1,2024-12-04,2024-12-18,2024-12-05,2026-08-12T13:29:33.699965,loans.csv,0,ON TIME
5342,1626,1,2023-12-25,2024-01-08,2024-01-15,2026-08-12T13:29:33.699965,loans.csv,7,MILD
7033,901,5,2023-09-23,2023-10-07,,2026-08-12T13:29:33.699965,loans.csv,1040,CRITICAL
6278,103,1,2023-08-16,2023-08-30,2023-08-24,2026-08-12T13:29:33.699965,loans.csv,0,ON TIME
5703,2469,5,2024-10-02,2024-10-16,,2026-08-12T13:29:33.699965,loans.csv,665,CRITICAL
3231,1331,9,2020-07-30,2020-08-13,2020-08-11,2026-08-12T13:29:33.699965,loans.csv,0,ON TIME
4509,1508,3,2023-12-09,2023-12-23,,2026-08-12T13:29:33.699965,loans.csv,963,CRITICAL
1687,2331,1,2023-10-19,2023-11-02,2023-11-03,2026-08-12T13:29:33.699965,loans.csv,1,MILD
7929,999,1,2024-09-08,2024-09-22,2024-09-23,2026-08-12T13:29:33.699965,loans.csv,1,MILD
4917,873,2,2023-11-12,2023-11-26,2023-11-23,2026-08-12T13:29:33.699965,loans.csv,0,ON TIME
5813,2358,3,2022-10-28,2022-11-11,2022-11-10,2026-08-12T13:29:33.699965,loans.csv,0,ON TIME
5999,507,1,2022-10-05,2022-10-19,2022-10-26,2026-08-12T13:29:33.699965,loans.csv,7,MILD
1287,2741,2,2024-11-10,2024-12-01,2024-11-13,2026-08-12T13:29:33.699965,loans.csv,0,ON TIME
1851,1759,5,2024-06-18,2024-07-09,2024-06-19,2026-08-12T13:29:33.699965,loans.csv,0,ON TIME
2999,1211,19,2023-01-30,2023-02-20,2023-02-26,2026-08-12T13:29:33.699965,loans.csv,6,MILD
5055,1997,4,2023-03-06,2023-03-20,2023-03-07,2026-08-12T13:29:33.699965,loans.csv,0,ON TIME
279,2620,3,2024-02-27,2024-03-12,2024-03-18,2026-08-12T13:29:33.699965,loans.csv,6,MILD
2273,2156,2,2024-01-03,2024-01-17,2024-01-23,2026-08-12T13:29:33.699965,loans.csv,6,MILD
3934,59,1,2023-06-14,2023-06-28,2023-06-17,2026-08-12T13:29:33.699965,loans.csv,0,ON TIME
6574,120,1,2024-09-16,2024-09-30,,2026-08-12T13:29:33.699965,loans.csv,681,CRITICAL
7251,1562,100,2023-06-15,2023-06-29,2023-07-04,2026-08-12T13:29:33.699965,loans.csv,5,MILD
8260,152,24,2024-10-15,2024-10-29,2024-10-18,2026-08-12T13:29:33.699965,loans.csv,0,ON TIME
967,1026,1,2023-10-13,2023-10-27,2023-10-26,2026-08-12T13:29:33.699965,loans.csv,0,ON TIME
5833,844,1,2024-01-26,2024-02-09,2024-02-28,2026-08-12T13:29:33.699965,loans.csv,19,SEVERE
2662,1634,1,2024-03-06,2024-03-27,2024-03-21,2026-08-12T13:29:33.699965,loans.csv,0,ON TIME
625,1412,1,2023-09-26,2023-10-10,2023-10-10,2026-08-12T13:29:33.699965,loans.csv,0,ON TIME
6305,1279,1,2024-08-01,2024-08-15,2024-08-04,2026-08-12T13:29:33.699965,loans.csv,0,ON TIME
4649,420,2,2024-05-03,2024-05-17,2024-05-04,2026-08-12T13:29:33.699965,loans.csv,0,ON TIME
4134,840,1,2024-12-17,2024-12-31,,2026-08-12T13:29:33.699965,loans.csv,589,CRITICAL
1391,245,13,2024-05-04,2024-05-18,2024-05-17,2026-08-12T13:29:33.699965,loans.csv,0,ON TIME
3109,2094,35,2024-12-12,2024-12-26,,2026-08-12T13:29:33.699965,loans.csv,594,CRITICAL
4175,1282,19,2022-01-12,2022-01-26,2022-01-24,2026-08-12T13:29:33.699965,loans.csv,0,ON TIME
2111,126,1,2022-05-07,2022-05-21,2022-05-28,2026-08-12T13:29:33.699965,loans.csv,7,MILD
2216,2268,2,2023-05-27,2023-06-10,2023-05-31,2026-08-12T13:29:33.699965,loans.csv,0,ON TIME
5832,842,3,2024-07-16,2024-07-30,2024-07-30,2026-08-12T13:29:33.699965,loans.csv,0,ON TIME
6140,2325,1,2023-11-22,2023-12-06,2023-12-01,2026-08-12T13:29:33.699965,loans.csv,0,ON TIME
2943,1554,8,2020-06-13,2020-06-27,2020-06-27,2026-08-12T13:29:33.699965,loans.csv,0,ON TIME
8382,709,1,2024-12-15,2024-12-29,,2026-08-12T13:29:33.699965,loans.csv,591,CRITICAL
5511,1142,1,2021-03-22,2021-04-05,2021-04-01,2026-08-12T13:29:33.699965,loans.csv,0,ON TIME
9101,103,1,2022-01-06,2022-01-20,2022-01-22,2026-08-12T13:29:33.699965,loans.csv,2,MILD
5133,1798,1,2024-06-14,2024-06-28,,2026-08-12T13:29:33.699965,loans.csv,775,CRITICAL
8803,2102,1,2024-07-10,2024-07-24,2024-07-30,2026-08-12T13:29:33.699965,loans.csv,6,MILD
190,1967,1,2022-09-20,2022-10-04,2022-09-30,2026-08-12T13:29:33.699965,loans.csv,0,ON TIME
2711,2690,3,2024-03-10,2024-03-24,,2026-08-12T13:29:33.699965,loans.csv,871,CRITICAL
3791,456,6,2023-12-10,2023-12-24,2023-12-19,2026-08-12T13:29:33.699965,loans.csv,0,ON TIME
3079,558,2,2021-10-28,2021-11-11,2021-11-09,2026-08-12T13:29:33.699965,loans.csv,0,ON TIME
6918,716,1,2022-06-04,2022-06-18,,2026-08-12T13:29:33.699965,loans.csv,1516,CRITICAL
3562,1237,2,2023-02-15,2023-03-01,,2026-08-12T13:29:33.699965,loans.csv,1260,CRITICAL
8360,2086,6,2020-08-22,2020-09-05,2020-08-30,2026-08-12T13:29:33.699965,loans.csv,0,ON TIME
2335,920,1,2024-11-25,2024-12-09,2024-12-01,2026-08-12T13:29:33.699965,loans.csv,0,ON TIME
6237,58,71,2024-05-26,2024-06-09,2024-06-08,2026-08-12T13:29:33.699965,loans.csv,0,ON TIME
4616,412,1,2024-07-31,2024-08-14,2024-08-08,2026-08-12T13:29:33.699965,loans.csv,0,ON TIME
9175,1492,1,2020-09-27,2020-10-18,2020-09-30,2026-08-12T13:29:33.699965,loans.csv,0,ON TIME
1950,615,1,2024-08-27,2024-09-10,2024-09-07,2026-08-12T13:29:33.699965,loans.csv,0,ON TIME
3348,1411,6,2021-08-23,2021-09-06,2021-09-06,2026-08-12T13:29:33.699965,loans.csv,0,ON TIME
277,2779,1,2024-12-26,2025-01-09,,2026-08-12T13:29:33.699965,loans.csv,580,CRITICAL
4029,344,2,2022-03-06,2022-03-20,2022-03-18,2026-08-12T13:29:33.699965,loans.csv,0,ON TIME
7060,182,2,2023-05-02,2023-05-16,2023-05-19,2026-08-12T13:29:33.699965,loans.csv,3,MILD
4963,1906,3,2024-09-23,2024-10-07,,2026-08-12T13:29:33.699965,loans.csv,674,CRITICAL
6153,549,3,2024-12-11,2024-12-25,,2026-08-12T13:29:33.699965,loans.csv,595,CRITICAL
6522,1360,3,2023-07-29,2023-08-12,2023-08-04,2026-08-12T13:29:33.699965,loans.csv,0,ON TIME
1226,1158,37,2022-10-31,2022-11-14,2022-11-14,2026-08-12T13:29:33.699965,loans.csv,0,ON TIME
2094,1527,3,2022-03-18,2022-04-01,2022-03-19,2026-08-12T13:29:33.699965,loans.csv,0,ON TIME
2444,508,2,2024-04-27,2024-05-11,2024-05-06,2026-08-12T13:29:33.699965,loans.csv,0,ON TIME
7018,1161,1,2022-11-26,2022-12-10,2022-12-04,2026-08-12T13:29:33.699965,loans.csv,0,ON TIME
8087,1299,3,2022-03-31,2022-04-14,2022-04-06,2026-08-12T13:29:33.699965,loans.csv,0,ON TIME
7827,1300,1,2022-06-21,2022-07-05,2022-06-25,2026-08-12T13:29:33.699965,loans.csv,0,ON TIME
2617,2739,2,2020-06-25,2020-07-16,2020-07-08,2026-08-12T13:29:33.699965,loans.csv,0,ON TIME
2531,2240,1,2024-10-10,2024-10-24,2024-10-24,2026-08-12T13:29:33.699965,loans.csv,0,ON TIME
1334,1854,1,2023-01-05,2023-01-19,2023-01-25,2026-08-12T13:29:33.699965,loans.csv,6,MILD
8222,1558,1,2024-07-20,2024-08-03,2024-08-01,2026-08-12T13:29:33.699965,loans.csv,0,ON TIME
8110,1199,18,2024-09-08,2024-09-22,,2026-08-12T13:29:33.699965,loans.csv,689,CRITICAL
9240,2396,22,2024-03-03,2024-03-24,,2026-08-12T13:29:33.699965,loans.csv,871,CRITICAL
5931,2250,1,2024-10-26,2024-11-09,2024-11-16,2026-08-12T13:29:33.699965,loans.csv,7,MILD
3763,2060,1,2023-11-19,2023-12-03,2023-11-30,2026-08-12T13:29:33.699965,loans.csv,0,ON TIME
5019,2087,162,2023-04-19,2023-05-03,2023-04-26,2026-08-12T13:29:33.699965,loans.csv,0,ON TIME
4803,1954,1,2024-06-29,2024-07-13,2024-07-16,2026-08-12T13:29:33.699965,loans.csv,3,MILD
6688,528,1,2023-11-15,2023-11-29,2023-11-17,2026-08-12T13:29:33.699965,loans.csv,0,ON TIME
2352,2620,1,2024-11-09,2024-11-23,2024-12-25,2026-08-12T13:29:33.699965,loans.csv,32,CRITICAL
9301,867,18,2024-03-27,2024-04-17,2024-04-29,2026-08-12T13:29:33.699965,loans.csv,12,SEVERE
6188,103,1,2022-02-08,2022-02-22,2022-02-17,2026-08-12T13:29:33.699965,loans.csv,0,ON TIME
7219,2588,1,2024-09-03,2024-09-24,2024-09-17,2026-08-12T13:29:33.699965,loans.csv,0,ON TIME
6700,1217,2,2024-06-26,2024-07-10,2024-07-08,2026-08-12T13:29:33.699965,loans.csv,0,ON TIME
6879,1523,1,2024-08-11,2024-08-25,2024-08-31,2026-08-12T13:29:33.699965,loans.csv,6,MILD
7513,404,4,2024-07-27,2024-08-10,2024-08-29,2026-08-12T13:29:33.699965,loans.csv,19,SEVERE
5410,1061,3,2024-08-23,2024-09-06,2024-09-09,2026-08-12T13:29:33.699965,loans.csv,3,MILD
2881,1820,23,2024-09-21,2024-10-05,,2026-08-12T13:29:33.699965,loans.csv,676,CRITICAL
1233,43,1,2021-03-07,2021-03-21,2021-03-20,2026-08-12T13:29:33.699965,loans.csv,0,ON TIME
5004,1664,3,2023-06-13,2023-06-27,,2026-08-12T13:29:33.699965,loans.csv,1142,CRITICAL
7657,366,6,2020-08-28,2020-09-11,,2026-08-12T13:29:33.699965,loans.csv,2161,CRITICAL
5580,141,1,2024-02-13,2024-02-27,2024-02-28,2026-08-12T13:29:33.699965,loans.csv,1,MILD
3982,698,3,2024-09-25,2024-10-09,2024-10-04,2026-08-12T13:29:33.699965,loans.csv,0,ON TIME
4497,888,1,2024-01-18,2024-02-01,2024-01-29,2026-08-12T13:29:33.699965,loans.csv,0,ON TIME
2877,629,1,2024-03-08,2024-03-22,2024-03-22,2026-08-12T13:29:33.699965,loans.csv,0,ON TIME
2367,471,51,2021-04-07,2021-04-21,2021-04-21,2026-08-12T13:29:33.699965,loans.csv,0,ON TIME
2304,1973,4,2024-09-16,2024-09-30,2024-09-27,2026-08-12T13:29:33.699965,loans.csv,0,ON TIME
3840,1992,2,2023-11-29,2023-12-13,2023-12-15,2026-08-12T13:29:33.699965,loans.csv,2,MILD
3928,638,5,2024-07-06,2024-07-20,2024-07-08,2026-08-12T13:29:33.699965,loans.csv,0,ON TIME
863,2518,2,2023-12-26,2024-01-09,2024-01-04,2026-08-12T13:29:33.699965,loans.csv,0,ON TIME
2274,952,1,2023-11-25,2023-12-09,2023-12-06,2026-08-12T13:29:33.699965,loans.csv,0,ON TIME
3134,2144,1,2024-03-11,2024-03-25,2024-03-21,2026-08-12T13:29:33.699965,loans.csv,0,ON TIME
6956,2092,2,2022-10-19,2022-11-02,2022-10-27,2026-08-12T13:29:33.699965,loans.csv,0,ON TIME
8865,2084,1,2024-12-11,2024-12-25,,2026-08-12T13:29:33.699965,loans.csv,595,CRITICAL
1552,830,1,2021-04-09,2021-04-23,2021-04-20,2026-08-12T13:29:33.699965,loans.csv,0,ON TIME
3901,2141,1,2021-12-22,2022-01-05,2022-01-03,2026-08-12T13:29:33.699965,loans.csv,0,ON TIME
3249,1785,8,2024-09-14,2024-09-28,2024-09-25,2026-08-12T13:29:33.699965,loans.csv,0,ON TIME
735,1410,1,2021-06-13,2021-06-27,2021-06-16,2026-08-12T13:29:33.699965,loans.csv,0,ON TIME
3526,2058,3,2022-03-16,2022-03-30,2022-03-25,2026-08-12T13:29:33.699965,loans.csv,0,ON TIME
6820,2254,34,2021-03-09,2021-03-23,2021-03-23,2026-08-12T13:29:33.699965,loans.csv,0,ON TIME
8591,2685,23,2022-10-21,2022-11-04,2022-11-02,2026-08-12T13:29:33.699965,loans.csv,0,ON TIME
3777,943,1,2023-09-21,2023-10-05,2023-10-05,2026-08-12T13:29:33.699965,loans.csv,0,ON TIME
3874,582,5,2024-05-03,2024-05-17,2024-05-14,2026-08-12T13:29:33.699965,loans.csv,0,ON TIME
9466,1900,3,2020-10-19,2020-11-02,2020-11-08,2026-08-12T13:29:33.699965,loans.csv,6,MILD
5085,50,1,2023-02-20,2023-03-06,2023-02-22,2026-08-12T13:29:33.699965,loans.csv,0,ON TIME
5850,2602,1,2024-11-08,2024-11-22,2024-11-11,2026-08-12T13:29:33.699965,loans.csv,0,ON TIME
96,1373,6,2021-05-17,2021-05-31,2021-05-24,2026-08-12T13:29:33.699965,loans.csv,0,ON TIME
4685,1236,1,2021-08-31,2021-09-14,2021-09-08,2026-08-12T13:29:33.699965,loans.csv,0,ON TIME
5228,2603,14,2024-08-28,2024-09-11,,2026-08-12T13:29:33.699965,loans.csv,700,CRITICAL
3589,2738,1,2023-07-28,2023-08-11,,2026-08-12T13:29:33.699965,loans.csv,1097,CRITICAL
6524,1509,1,2023-05-31,2023-06-14,2023-06-02,2026-08-12T13:29:33.699965,loans.csv,0,ON TIME
9328,1065,5,2020-08-19,2020-09-02,2020-08-25,2026-08-12T13:29:33.699965,loans.csv,0,ON TIME
8793,1451,2,2021-10-13,2021-10-27,2021-10-20,2026-08-12T13:29:33.699965,loans.csv,0,ON TIME
4043,646,1,2020-12-14,2020-12-28,2020-12-25,2026-08-12T13:29:33.699965,loans.csv,0,ON TIME
4951,867,1,2023-01-06,2023-01-20,2023-01-26,2026-08-12T13:29:33.699965,loans.csv,6,MILD
5829,2262,1,2023-05-27,2023-06-10,2023-06-04,2026-08-12T13:29:33.699965,loans.csv,0,ON TIME
6750,1383,1,2023-11-01,2023-11-15,2023-11-07,2026-08-12T13:29:33.699965,loans.csv,0,ON TIME
3411,454,2,2023-04-05,2023-04-19,,2026-08-12T13:29:33.699965,loans.csv,1211,CRITICAL
2618,1341,16,2020-09-13,2020-09-27,2020-09-23,2026-08-12T13:29:33.699965,loans.csv,0,ON TIME
9399,2671,1,2024-07-01,2024-07-15,2024-07-08,2026-08-12T13:29:33.699965,loans.csv,0,ON TIME
3101,646,24,2021-08-02,2021-08-16,2021-08-08,2026-08-12T13:29:33.699965,loans.csv,0,ON TIME
4999,2068,1,2024-03-03,2024-03-24,2024-03-15,2026-08-12T13:29:33.699965,loans.csv,0,ON TIME
4223,745,1,2024-12-14,2024-12-28,,2026-08-12T13:29:33.699965,loans.csv,592,CRITICAL
4700,2753,47,2024-10-30,2024-11-13,2024-11-08,2026-08-12T13:29:33.699965,loans.csv,0,ON TIME
1020,913,1,2024-11-30,2024-12-14,2024-12-09,2026-08-12T13:29:33.699965,loans.csv,0,ON TIME
6527,960,1,2022-04-10,2022-04-24,2022-04-28,2026-08-12T13:29:33.699965,loans.csv,4,MILD
8376,417,1,2023-06-17,2023-07-01,2023-08-13,2026-08-12T13:29:33.699965,loans.csv,43,CRITICAL
4303,1210,1,2021-12-13,2021-12-27,2021-12-26,2026-08-12T13:29:33.699965,loans.csv,0,ON TIME
9268,306,4,2022-10-14,2022-11-04,2022-11-10,2026-08-12T13:29:33.699965,loans.csv,6,MILD
5504,1709,2,2024-08-11,2024-09-01,2024-09-04,2026-08-12T13:29:33.699965,loans.csv,3,MILD
1198,2336,1,2023-05-10,2023-05-31,2023-05-26,2026-08-12T13:29:33.699965,loans.csv,0,ON TIME
721,59,26,2023-08-19,2023-09-09,2023-08-26,2026-08-12T13:29:33.699965,loans.csv,0,ON TIME
6684,1374,2,2024-10-31,2024-11-14,2024-11-08,2026-08-12T13:29:33.699965,loans.csv,0,ON TIME
6198,1674,5,2024-07-29,2024-08-19,2024-08-03,2026-08-12T13:29:33.699965,loans.csv,0,ON TIME
7859,187,39,2024-11-20,2024-12-04,2024-12-02,2026-08-12T13:29:33.699965,loans.csv,0,ON TIME
1290,212,2,2022-07-09,2022-07-30,2022-07-11,2026-08-12T13:29:33.699965,loans.csv,0,ON TIME
2974,66,7,2023-06-28,2023-07-12,2023-07-16,2026-08-12T13:29:33.699965,loans.csv,4,MILD
4167,464,2,2022-04-05,2022-04-19,2022-04-16,2026-08-12T13:29:33.699965,loans.csv,0,ON TIME
3879,1271,1,2022-03-12,2022-04-02,2022-03-25,2026-08-12T13:29:33.699965,loans.csv,0,ON TIME
3005,1118,1,2024-10-19,2024-11-02,2024-11-09,2026-08-12T13:29:33.699965,loans.csv,7,MILD
8108,2562,4,2021-04-11,2021-04-25,2021-04-23,2026-08-12T13:29:33.699965,loans.csv,0,ON TIME
5542,818,16,2024-05-12,2024-06-02,2024-05-25,2026-08-12T13:29:33.699965,loans.csv,0,ON TIME
3053,1632,1,2023-12-10,2023-12-24,2023-12-28,2026-08-12T13:29:33.699965,loans.csv,4,MILD
3283,1605,1,2024-09-16,2024-09-30,2024-09-18,2026-08-12T13:29:33.699965,loans.csv,0,ON TIME
9430,907,3,2024-01-23,2024-02-06,2024-02-09,2026-08-12T13:29:33.699965,loans.csv,3,MILD
8241,1648,2,2023-05-11,2023-05-25,2023-05-12,2026-08-12T13:29:33.699965,loans.csv,0,ON TIME
6381,794,1,2023-12-20,2024-01-03,,2026-08-12T13:29:33.699965,loans.csv,952,CRITICAL
1239,1210,1,2021-12-11,2021-12-25,2021-12-14,2026-08-12T13:29:33.699965,loans.csv,0,ON TIME
6185,2362,10,2023-03-28,2023-04-11,2023-04-09,2026-08-12T13:29:33.699965,loans.csv,0,ON TIME
7660,588,18,2024-11-16,2024-11-30,2025-01-13,2026-08-12T13:29:33.699965,loans.csv,44,CRITICAL
4994,2347,11,2024-10-14,2024-10-28,,2026-08-12T13:29:33.699965,loans.csv,653,CRITICAL
5742,1896,1,2022-07-26,2022-08-09,2022-08-09,2026-08-12T13:29:33.699965,loans.csv,0,ON TIME
3477,2620,4,2024-03-25,2024-04-08,,2026-08-12T13:29:33.699965,loans.csv,856,CRITICAL
4053,1330,26,2024-02-09,2024-02-23,2024-02-27,2026-08-12T13:29:33.699965,loans.csv,4,MILD
3188,986,6,2022-03-09,2022-03-23,2022-03-10,2026-08-12T13:29:33.699965,loans.csv,0,ON TIME
1015,1011,3,2023-08-04,2023-08-18,2023-08-15,2026-08-12T13:29:33.699965,loans.csv,0,ON TIME
1872,2773,3,2024-08-08,2024-08-22,2024-08-15,2026-08-12T13:29:33.699965,loans.csv,0,ON TIME
7288,934,5,2021-04-12,2021-04-26,2021-04-26,2026-08-12T13:29:33.699965,loans.csv,0,ON TIME
2969,646,28,2021-01-16,2021-01-30,,2026-08-12T13:29:33.699965,loans.csv,2020,CRITICAL
7226,1524,1,2022-06-20,2022-07-04,2022-06-22,2026-08-12T13:29:33.699965,loans.csv,0,ON TIME
6853,2612,9,2023-03-07,2023-03-21,2023-03-19,2026-08-12T13:29:33.699965,loans.csv,0,ON TIME
29,260,1,2022-07-26,2022-08-09,2022-08-01,2026-08-12T13:29:33.699965,loans.csv,0,ON TIME
8717,1888,2,2024-10-23,2024-11-06,,2026-08-12T13:29:33.699965,loans.csv,644,CRITICAL
5734,189,3,2020-08-04,2020-08-18,2020-08-10,2026-08-12T13:29:33.699965,loans.csv,0,ON TIME
5815,1211,7,2024-11-10,2024-11-24,2024-11-12,2026-08-12T13:29:33.699965,loans.csv,0,ON TIME
5062,39,3,2022-05-09,2022-05-23,2022-05-21,2026-08-12T13:29:33.699965,loans.csv,0,ON TIME
1135,655,75,2022-12-27,2023-01-10,2023-01-06,2026-08-12T13:29:33.699965,loans.csv,0,ON TIME
9105,2246,1,2023-07-18,2023-08-01,2023-07-22,2026-08-12T13:29:33.699965,loans.csv,0,ON TIME
784,1686,68,2024-12-17,2024-12-31,,2026-08-12T13:29:33.699965,loans.csv,589,CRITICAL
4629,1033,2,2021-06-05,2021-06-19,2021-06-15,2026-08-12T13:29:33.699965,loans.csv,0,ON TIME
5171,2235,1,2024-11-14,2024-11-28,2024-11-20,2026-08-12T13:29:33.699965,loans.csv,0,ON TIME
7813,347,1,2024-09-14,2024-10-05,2024-09-30,2026-08-12T13:29:33.699965,loans.csv,0,ON TIME
63,2353,1,2024-10-27,2024-11-10,2024-11-07,2026-08-12T13:29:33.699965,loans.csv,0,ON TIME
4766,2435,3,2024-09-06,2024-09-20,2024-09-13,2026-08-12T13:29:33.699965,loans.csv,0,ON TIME
4539,187,1,2021-11-28,2021-12-12,2021-12-12,2026-08-12T13:29:33.699965,loans.csv,0,ON TIME
3260,1047,1,2022-07-22,2022-08-12,2022-07-26,2026-08-12T13:29:33.699965,loans.csv,0,ON TIME
6923,732,90,2020-12-20,2021-01-03,2021-01-04,2026-08-12T13:29:33.699965,loans.csv,1,MILD
7448,1210,1,2023-02-06,2023-02-20,2023-02-19,2026-08-12T13:29:33.699965,loans.csv,0,ON TIME
9503,1593,8,2020-04-26,2020-05-10,2020-05-03,2026-08-12T13:29:33.699965,loans.csv,0,ON TIME
2980,145,2,2024-07-02,2024-07-16,2024-07-09,2026-08-12T13:29:33.699965,loans.csv,0,ON TIME
6061,2778,12,2022-08-03,2022-08-17,2022-08-15,2026-08-12T13:29:33.699965,loans.csv,0,ON TIME
2390,1667,3,2023-05-21,2023-06-04,2023-06-06,2026-08-12T13:29:33.699965,loans.csv,2,MILD
1800,2558,4,2021-12-08,2021-12-29,2021-12-25,2026-08-12T13:29:33.699965,loans.csv,0,ON TIME
2420,1624,4,2021-11-02,2021-11-16,2021-12-01,2026-08-12T13:29:33.699965,loans.csv,15,SEVERE
734,1502,2,2023-07-23,2023-08-13,2023-08-03,2026-08-12T13:29:33.699965,loans.csv,0,ON TIME
2530,2274,1,2022-12-31,2023-01-14,2023-01-07,2026-08-12T13:29:33.699965,loans.csv,0,ON TIME
3824,2088,60,2023-07-01,2023-07-15,,2026-08-12T13:29:33.699965,loans.csv,1124,CRITICAL
3721,29,14,2022-08-05,2022-08-26,2022-08-17,2026-08-12T13:29:33.699965,loans.csv,0,ON TIME
3298,457,1,2024-07-15,2024-07-29,2024-07-21,2026-08-12T13:29:33.699965,loans.csv,0,ON TIME
3597,1231,2,2022-04-05,2022-04-19,2022-04-07,2026-08-12T13:29:33.699965,loans.csv,0,ON TIME
1425,1704,1,2024-04-26,2024-05-10,2024-05-01,2026-08-12T13:29:33.699965,loans.csv,0,ON TIME
8112,693,2,2022-01-20,2022-02-03,,2026-08-12T13:29:33.699965,loans.csv,1651,CRITICAL
2037,2530,3,2024-09-28,2024-10-12,2024-11-15,2026-08-12T13:29:33.699965,loans.csv,34,CRITICAL
1329,2558,1,2023-08-05,2023-08-19,2023-08-20,2026-08-12T13:29:33.699965,loans.csv,1,MILD
2347,2366,1,2024-05-28,2024-06-11,2024-07-07,2026-08-12T13:29:33.699965,loans.csv,26,SEVERE
6860,1984,1,2024-07-28,2024-08-11,2024-08-06,2026-08-12T13:29:33.699965,loans.csv,0,ON TIME
7841,179,10,2024-04-09,2024-04-23,2024-04-10,2026-08-12T13:29:33.699965,loans.csv,0,ON TIME
1030,1084,26,2022-07-02,2022-07-16,,2026-08-12T13:29:33.699965,loans.csv,1488,CRITICAL
8890,2511,3,2022-12-11,2022-12-25,2022-12-21,2026-08-12T13:29:33.699965,loans.csv,0,ON TIME
3275,645,1,2022-05-30,2022-06-13,2022-06-16,2026-08-12T13:29:33.699965,loans.csv,3,MILD
7140,1443,72,2022-09-11,2022-09-25,2022-09-21,2026-08-12T13:29:33.699965,loans.csv,0,ON TIME
7311,713,12,2023-05-01,2023-05-15,2023-05-07,2026-08-12T13:29:33.699965,loans.csv,0,ON TIME
8212,678,10,2024-11-22,2024-12-06,2024-12-11,2026-08-12T13:29:33.699965,loans.csv,5,MILD
7772,116,8,2024-07-18,2024-08-01,2024-09-10,2026-08-12T13:29:33.699965,loans.csv,40,CRITICAL
9380,32,3,2024-03-03,2024-03-17,2024-03-05,2026-08-12T13:29:33.699965,loans.csv,0,ON TIME
4124,1148,9,2024-11-02,2024-11-16,2024-11-13,2026-08-12T13:29:33.699965,loans.csv,0,ON TIME
6173,1362,1,2024-10-16,2024-10-30,2024-10-25,2026-08-12T13:29:33.699965,loans.csv,0,ON TIME
1052,2541,1,2021-01-17,2021-01-31,,2026-08-12T13:29:33.699965,loans.csv,2019,CRITICAL
4142,2000,89,2024-07-12,2024-07-26,2024-07-26,2026-08-12T13:29:33.699965,loans.csv,0,ON TIME
353,2719,1,2022-02-11,2022-02-25,2022-02-20,2026-08-12T13:29:33.699965,loans.csv,0,ON TIME
515,1371,7,2024-01-26,2024-02-09,,2026-08-12T13:29:33.699965,loans.csv,915,CRITICAL
2072,2685,4,2023-12-07,2023-12-21,2023-12-27,2026-08-12T13:29:33.699965,loans.csv,6,MILD
8061,907,4,2024-06-03,2024-06-17,2024-06-12,2026-08-12T13:29:33.699965,loans.csv,0,ON TIME
2136,1765,26,2023-07-08,2023-07-22,2023-07-19,2026-08-12T13:29:33.699965,loans.csv,0,ON TIME
1061,195,3,2023-08-30,2023-09-13,2023-09-02,2026-08-12T13:29:33.699965,loans.csv,0,ON TIME
4826,659,1,2024-05-12,2024-05-26,2024-05-24,2026-08-12T13:29:33.699965,loans.csv,0,ON TIME
6015,2560,8,2024-03-20,2024-04-03,2024-04-04,2026-08-12T13:29:33.699965,loans.csv,1,MILD
3856,677,1,2024-09-01,2024-09-15,2024-09-14,2026-08-12T13:29:33.699965,loans.csv,0,ON TIME
9310,290,1,2023-07-31,2023-08-14,2023-08-06,2026-08-12T13:29:33.699965,loans.csv,0,ON TIME
3287,1648,1,2023-11-19,2023-12-10,2023-11-30,2026-08-12T13:29:33.699965,loans.csv,0,ON TIME
1795,1563,2,2024-10-21,2024-11-04,2024-11-12,2026-08-12T13:29:33.699965,loans.csv,8,SEVERE
7560,2591,4,2024-07-20,2024-08-03,2024-07-31,2026-08-12T13:29:33.699965,loans.csv,0,ON TIME
6339,979,1,2021-11-04,2021-11-18,2021-11-12,2026-08-12T13:29:33.699965,loans.csv,0,ON TIME
2747,305,2,2022-06-21,2022-07-05,2022-07-02,2026-08-12T13:29:33.699965,loans.csv,0,ON TIME
7639,1241,1,2020-12-22,2021-01-12,2021-01-18,2026-08-12T13:29:33.699965,loans.csv,6,MILD
1178,850,10,2024-03-29,2024-04-12,,2026-08-12T13:29:33.699965,loans.csv,852,CRITICAL
3884,1814,6,2023-08-21,2023-09-04,2023-09-11,2026-08-12T13:29:33.699965,loans.csv,7,MILD
5812,454,1,2021-04-11,2021-04-25,2021-04-18,2026-08-12T13:29:33.699965,loans.csv,0,ON TIME
9518,2649,1,2024-02-04,2024-02-18,2024-02-05,2026-08-12T13:29:33.699965,loans.csv,0,ON TIME
3640,2004,23,2024-05-24,2024-06-07,2024-06-08,2026-08-12T13:29:33.699965,loans.csv,1,MILD
6855,2671,1,2024-12-20,2025-01-03,,2026-08-12T13:29:33.699965,loans.csv,586,CRITICAL
9028,1059,2,2024-03-15,2024-03-29,,2026-08-12T13:29:33.699965,loans.csv,866,CRITICAL
4746,467,1,2024-04-03,2024-04-17,2024-04-16,2026-08-12T13:29:33.699965,loans.csv,0,ON TIME
3906,2117,1,2022-05-20,2022-06-03,2022-06-02,2026-08-12T13:29:33.699965,loans.csv,0,ON TIME
5909,2467,6,2024-03-26,2024-04-09,2024-03-28,2026-08-12T13:29:33.699965,loans.csv,0,ON TIME
4026,1873,20,2022-01-03,2022-01-17,,2026-08-12T13:29:33.699965,loans.csv,1668,CRITICAL
8378,508,1,2024-05-11,2024-05-25,2024-05-17,2026-08-12T13:29:33.699965,loans.csv,0,ON TIME
6455,1330,1,2024-02-11,2024-02-25,2024-02-24,2026-08-12T13:29:33.699965,loans.csv,0,ON TIME
5112,1139,1,2023-12-22,2024-01-05,2024-01-01,2026-08-12T13:29:33.699965,loans.csv,0,ON TIME
6615,1836,1,2023-05-27,2023-06-10,2023-06-17,2026-08-12T13:29:33.699965,loans.csv,7,MILD
5554,1787,1,2024-02-12,2024-02-26,2024-02-17,2026-08-12T13:29:33.699965,loans.csv,0,ON TIME
174,428,3,2023-06-11,2023-06-25,2023-07-15,2026-08-12T13:29:33.699965,loans.csv,20,SEVERE
9139,1423,1,2023-08-15,2023-08-29,2023-09-01,2026-08-12T13:29:33.699965,loans.csv,3,MILD
2719,2679,12,2023-08-05,2023-08-19,2023-08-26,2026-08-12T13:29:33.699965,loans.csv,7,MILD
366,1095,10,2022-11-20,2022-12-04,2022-11-27,2026-08-12T13:29:33.699965,loans.csv,0,ON TIME
4530,2522,16,2024-10-08,2024-10-22,2024-10-22,2026-08-12T13:29:33.699965,loans.csv,0,ON TIME
4048,1375,1,2024-06-17,2024-07-01,2024-07-02,2026-08-12T13:29:33.699965,loans.csv,1,MILD
201,2190,66,2020-08-23,2020-09-06,,2026-08-12T13:29:33.699965,loans.csv,2166,CRITICAL
8629,1087,54,2024-08-06,2024-08-20,2024-08-21,2026-08-12T13:29:33.699965,loans.csv,1,MILD
998,1276,7,2023-10-22,2023-11-05,2023-10-31,2026-08-12T13:29:33.699965,loans.csv,0,ON TIME
1556,2279,4,2022-10-02,2022-10-16,2022-10-09,2026-08-12T13:29:33.699965,loans.csv,0,ON TIME
3444,1936,3,2022-11-10,2022-12-01,2022-11-25,2026-08-12T13:29:33.699965,loans.csv,0,ON TIME
3217,1553,11,2024-09-09,2024-09-23,,2026-08-12T13:29:33.699965,loans.csv,688,CRITICAL
4108,1098,4,2024-07-18,2024-08-01,2024-07-25,2026-08-12T13:29:33.699965,loans.csv,0,ON TIME
5681,454,1,2020-04-16,2020-04-30,2020-04-26,2026-08-12T13:29:33.699965,loans.csv,0,ON TIME
8913,574,99,2021-03-19,2021-04-02,2021-03-22,2026-08-12T13:29:33.699965,loans.csv,0,ON TIME
6233,747,6,2023-03-18,2023-04-01,,2026-08-12T13:29:33.699965,loans.csv,1229,CRITICAL
2657,626,6,2024-02-24,2024-03-09,2024-03-02,2026-08-12T13:29:33.699965,loans.csv,0,ON TIME
6497,94,3,2024-10-16,2024-10-30,2024-10-19,2026-08-12T13:29:33.699965,loans.csv,0,ON TIME
1954,364,6,2024-02-06,2024-02-20,2024-02-18,2026-08-12T13:29:33.699965,loans.csv,0,ON TIME
2113,862,16,2024-01-09,2024-01-23,,2026-08-12T13:29:33.699965,loans.csv,932,CRITICAL
1301,2533,3,2024-04-16,2024-04-30,2024-04-29,2026-08-12T13:29:33.699965,loans.csv,0,ON TIME
4531,29,1,2021-04-10,2021-04-24,2021-04-25,2026-08-12T13:29:33.699965,loans.csv,1,MILD
9,2362,3,2023-09-26,2023-10-10,2023-10-14,2026-08-12T13:29:33.699965,loans.csv,4,MILD
3734,2520,3,2022-02-23,2022-03-09,2022-02-25,2026-08-12T13:29:33.699965,loans.csv,0,ON TIME
4377,2375,2,2024-04-01,2024-04-15,2024-05-22,2026-08-12T13:29:33.699965,loans.csv,37,CRITICAL
2754,2519,15,2024-12-19,2025-01-09,,2026-08-12T13:29:33.699965,loans.csv,580,CRITICAL
3306,1767,5,2022-02-17,2022-03-03,2022-03-04,2026-08-12T13:29:33.699965,loans.csv,1,MILD
9554,2311,19,2024-11-13,2024-11-27,2024-11-23,2026-08-12T13:29:33.699965,loans.csv,0,ON TIME
8044,2291,1,2024-10-14,2024-10-28,2024-10-23,2026-08-12T13:29:33.699965,loans.csv,0,ON TIME
5260,1961,3,2024-07-08,2024-07-22,2024-07-22,2026-08-12T13:29:33.699965,loans.csv,0,ON TIME
7119,2439,1,2023-03-02,2023-03-16,2023-03-11,2026-08-12T13:29:33.699965,loans.csv,0,ON TIME
4663,1091,103,2021-05-29,2021-06-19,,2026-08-12T13:29:33.699965,loans.csv,1880,CRITICAL
571,2615,1,2020-05-29,2020-06-12,,2026-08-12T13:29:33.699965,loans.csv,2252,CRITICAL
9579,485,1,2024-12-19,2025-01-09,,2026-08-12T13:29:33.699965,loans.csv,580,CRITICAL
8193,2155,1,2023-12-28,2024-01-11,2023-12-30,2026-08-12T13:29:33.699965,loans.csv,0,ON TIME
6743,1147,3,2024-02-23,2024-03-08,2024-03-10,2026-08-12T13:29:33.699965,loans.csv,2,MILD
7798,1490,1,2020-12-04,2020-12-18,2020-12-12,2026-08-12T13:29:33.699965,loans.csv,0,ON TIME
9141,2104,5,2024-01-12,2024-02-02,2024-01-18,2026-08-12T13:29:33.699965,loans.csv,0,ON TIME
7633,1521,17,2023-09-10,2023-09-24,2023-09-20,2026-08-12T13:29:33.699965,loans.csv,0,ON TIME
484,1575,1,2023-10-02,2023-10-16,2023-10-08,2026-08-12T13:29:33.699965,loans.csv,0,ON TIME
3172,1496,2,2024-11-24,2024-12-08,2024-12-04,2026-08-12T13:29:33.699965,loans.csv,0,ON TIME
3536,6,2,2020-06-28,2020-07-12,,2026-08-12T13:29:33.699965,loans.csv,2222,CRITICAL
5502,1899,2,2024-11-10,2024-12-01,2024-11-28,2026-08-12T13:29:33.699965,loans.csv,0,ON TIME
7941,195,11,2024-04-11,2024-04-25,2024-04-12,2026-08-12T13:29:33.699965,loans.csv,0,ON TIME
840,2250,1,2023-08-01,2023-08-15,2023-08-04,2026-08-12T13:29:33.699965,loans.csv,0,ON TIME
7329,1369,5,2024-12-18,2025-01-01,,2026-08-12T13:29:33.699965,loans.csv,588,CRITICAL
8991,510,2,2024-10-04,2024-10-18,2024-10-14,2026-08-12T13:29:33.699965,loans.csv,0,ON TIME
2492,2400,1,2022-03-24,2022-04-07,2022-04-04,2026-08-12T13:29:33.699965,loans.csv,0,ON TIME
6380,1563,2,2024-06-16,2024-07-07,2024-06-19,2026-08-12T13:29:33.699965,loans.csv,0,ON TIME
8512,1605,1,2022-01-23,2022-02-06,,2026-08-12T13:29:33.699965,loans.csv,1648,CRITICAL
6438,1118,1,2024-04-08,2024-04-22,2024-04-27,2026-08-12T13:29:33.699965,loans.csv,5,MILD
1242,2360,4,2024-09-17,2024-10-01,2024-09-30,2026-08-12T13:29:33.699965,loans.csv,0,ON TIME
1869,880,4,2024-03-30,2024-04-20,2024-04-08,2026-08-12T13:29:33.699965,loans.csv,0,ON TIME
4471,2087,2,2023-09-07,2023-09-28,2023-09-26,2026-08-12T13:29:33.699965,loans.csv,0,ON TIME
4021,1609,20,2022-11-04,2022-11-18,2022-11-18,2026-08-12T13:29:33.699965,loans.csv,0,ON TIME
5284,43,2,2021-01-04,2021-01-18,2021-01-15,2026-08-12T13:29:33.699965,loans.csv,0,ON TIME
902,1976,1,2022-02-07,2022-02-21,2022-02-24,2026-08-12T13:29:33.699965,loans.csv,3,MILD
5291,1168,7,2024-09-21,2024-10-05,2024-09-28,2026-08-12T13:29:33.699965,loans.csv,0,ON TIME
6521,1488,5,2024-01-14,2024-01-28,2024-01-26,2026-08-12T13:29:33.699965,loans.csv,0,ON TIME
4030,1748,11,2022-12-26,2023-01-09,2023-01-11,2026-08-12T13:29:33.699965,loans.csv,2,MILD
6261,1167,4,2024-03-12,2024-03-26,2024-03-25,2026-08-12T13:29:33.699965,loans.csv,0,ON TIME
2734,1758,1,2024-11-09,2024-11-23,,2026-08-12T13:29:33.699965,loans.csv,627,CRITICAL
4911,1903,1,2024-07-14,2024-07-28,2024-07-23,2026-08-12T13:29:33.699965,loans.csv,0,ON TIME
634,31,1,2022-07-13,2022-07-27,2022-07-18,2026-08-12T13:29:33.699965,loans.csv,0,ON TIME
7658,588,1,2024-12-09,2024-12-23,,2026-08-12T13:29:33.699965,loans.csv,597,CRITICAL
3539,1798,3,2021-12-13,2021-12-27,2021-12-18,2026-08-12T13:29:33.699965,loans.csv,0,ON TIME
1084,621,1,2024-05-27,2024-06-10,2024-05-29,2026-08-12T13:29:33.699965,loans.csv,0,ON TIME
1089,2672,1,2021-02-15,2021-03-01,2021-02-25,2026-08-12T13:29:33.699965,loans.csv,0,ON TIME
3975,63,1,2024-01-28,2024-02-11,2024-02-12,2026-08-12T13:29:33.699965,loans.csv,1,MILD
2597,528,26,2024-06-27,2024-07-11,2024-07-06,2026-08-12T13:29:33.699965,loans.csv,0,ON TIME
4412,908,3,2021-11-21,2021-12-05,2021-12-05,2026-08-12T13:29:33.699965,loans.csv,0,ON TIME
7738,1874,25,2023-08-24,2023-09-14,2023-08-25,2026-08-12T13:29:33.699965,loans.csv,0,ON TIME
397,1124,1,2024-03-31,2024-04-14,2024-04-02,2026-08-12T13:29:33.699965,loans.csv,0,ON TIME
8259,2036,1,2020-03-02,2020-03-16,2020-03-16,2026-08-12T13:29:33.699965,loans.csv,0,ON TIME
7194,2783,9,2024-08-01,2024-08-15,2024-08-14,2026-08-12T13:29:33.699965,loans.csv,0,ON TIME
1862,2334,7,2024-01-03,2024-01-24,2024-01-16,2026-08-12T13:29:33.699965,loans.csv,0,ON TIME
8822,422,128,2024-06-08,2024-06-22,2024-06-09,2026-08-12T13:29:33.699965,loans.csv,0,ON TIME
3490,2108,1,2024-10-10,2024-10-24,2024-10-26,2026-08-12T13:29:33.699965,loans.csv,2,MILD
540,1227,1,2023-09-26,2023-10-17,2023-10-11,2026-08-12T13:29:33.699965,loans.csv,0,ON TIME
6844,552,3,2022-12-21,2023-01-04,2022-12-29,2026-08-12T13:29:33.699965,loans.csv,0,ON TIME
1834,141,3,2024-01-15,2024-01-29,2024-02-02,2026-08-12T13:29:33.699965,loans.csv,4,MILD
7918,1189,1,2023-08-26,2023-09-09,2023-09-15,2026-08-12T13:29:33.699965,loans.csv,6,MILD
2004,2782,2,2021-03-17,2021-03-31,2021-03-31,2026-08-12T13:29:33.699965,loans.csv,0,ON TIME
4562,1192,10,2024-11-16,2024-11-30,2024-11-23,2026-08-12T13:29:33.699965,loans.csv,0,ON TIME
4506,674,1,2022-12-19,2023-01-02,2022-12-31,2026-08-12T13:29:33.699965,loans.csv,0,ON TIME
111,2486,25,2024-11-05,2024-11-19,,2026-08-12T13:29:33.699965,loans.csv,631,CRITICAL
2996,2649,1,2024-11-02,2024-11-16,2024-11-13,2026-08-12T13:29:33.699965,loans.csv,0,ON TIME
6286,1636,62,2024-07-13,2024-07-27,2024-07-17,2026-08-12T13:29:33.699965,loans.csv,0,ON TIME
4023,2672,2,2024-07-13,2024-07-27,2024-08-03,2026-08-12T13:29:33.699965,loans.csv,7,MILD
7267,2146,1,2021-08-30,2021-09-13,2021-09-12,2026-08-12T13:29:33.699965,loans.csv,0,ON TIME
6884,1903,1,2024-10-21,2024-11-04,2024-10-22,2026-08-12T13:29:33.699965,loans.csv,0,ON TIME
2630,1942,35,2024-08-22,2024-09-05,2024-08-26,2026-08-12T13:29:33.699965,loans.csv,0,ON TIME
7981,880,1,2022-05-25,2022-06-08,2022-07-19,2026-08-12T13:29:33.699965,loans.csv,41,CRITICAL
5473,1988,16,2024-01-22,2024-02-05,2024-01-27,2026-08-12T13:29:33.699965,loans.csv,0,ON TIME
9303,2403,22,2024-12-09,2024-12-23,2024-12-17,2026-08-12T13:29:33.699965,loans.csv,0,ON TIME
1060,1284,1,2024-01-08,2024-01-22,2024-01-23,2026-08-12T13:29:33.699965,loans.csv,1,MILD
7742,1300,1,2021-09-06,2021-09-20,2021-09-07,2026-08-12T13:29:33.699965,loans.csv,0,ON TIME
9491,243,2,2023-07-18,2023-08-01,2023-07-27,2026-08-12T13:29:33.699965,loans.csv,0,ON TIME
5415,552,1,2021-09-27,2021-10-11,2021-10-06,2026-08-12T13:29:33.699965,loans.csv,0,ON TIME
5059,2019,3,2024-11-30,2024-12-14,,2026-08-12T13:29:33.699965,loans.csv,606,CRITICAL
6072,146,1,2024-12-04,2024-12-18,2024-12-10,2026-08-12T13:29:33.699965,loans.csv,0,ON TIME
4751,25,7,2021-01-19,2021-02-02,2021-01-28,2026-08-12T13:29:33.699965,loans.csv,0,ON TIME
4109,128,159,2024-12-01,2024-12-15,2024-12-15,2026-08-12T13:29:33.699965,loans.csv,0,ON TIME
8806,1759,1,2024-04-05,2024-04-19,2024-04-14,2026-08-12T13:29:33.699965,loans.csv,0,ON TIME
541,289,1,2023-06-22,2023-07-06,2023-07-02,2026-08-12T13:29:33.699965,loans.csv,0,ON TIME
4847,1771,2,2023-03-16,2023-03-30,2023-03-27,2026-08-12T13:29:33.699965,loans.csv,0,ON TIME
5009,1712,23,2024-09-02,2024-09-16,2024-09-17,2026-08-12T13:29:33.699965,loans.csv,1,MILD
6929,270,1,2021-10-30,2021-11-13,2021-11-13,2026-08-12T13:29:33.699965,loans.csv,0,ON TIME
9558,1988,22,2021-04-09,2021-04-23,2021-04-15,2026-08-12T13:29:33.699965,loans.csv,0,ON TIME
5822,1571,3,2023-08-21,2023-09-04,2023-08-22,2026-08-12T13:29:33.699965,loans.csv,0,ON TIME
1118,1371,27,2024-06-03,2024-06-17,2024-06-09,2026-08-12T13:29:33.699965,loans.csv,0,ON TIME
8541,1988,2,2024-04-09,2024-04-23,2024-04-17,2026-08-12T13:29:33.699965,loans.csv,0,ON TIME
3312,458,1,2023-05-13,2023-05-27,2023-05-26,2026-08-12T13:29:33.699965,loans.csv,0,ON TIME
4387,1150,4,2023-09-01,2023-09-15,2023-09-18,2026-08-12T13:29:33.699965,loans.csv,3,MILD
2162,1395,8,2024-09-04,2024-09-18,2024-09-15,2026-08-12T13:29:33.699965,loans.csv,0,ON TIME
1151,552,1,2022-02-17,2022-03-03,2022-02-18,2026-08-12T13:29:33.699965,loans.csv,0,ON TIME
1721,1167,4,2024-01-18,2024-02-01,2024-01-28,2026-08-12T13:29:33.699965,loans.csv,0,ON TIME
2697,1772,1,2024-07-26,2024-08-09,2024-08-08,2026-08-12T13:29:33.699965,loans.csv,0,ON TIME
6801,2084,4,2024-03-06,2024-03-20,2024-03-18,2026-08-12T13:29:33.699965,loans.csv,0,ON TIME
997,1623,1,2024-02-03,2024-02-17,2024-02-09,2026-08-12T13:29:33.699965,loans.csv,0,ON TIME
2904,1097,2,2020-04-13,2020-04-27,2020-04-14,2026-08-12T13:29:33.699965,loans.csv,0,ON TIME
9080,1273,1,2024-10-12,2024-10-26,2024-10-25,2026-08-12T13:29:33.699965,loans.csv,0,ON TIME
4813,2142,7,2024-04-23,2024-05-07,2024-05-07,2026-08-12T13:29:33.699965,loans.csv,0,ON TIME
7812,2123,16,2024-09-07,2024-09-21,2024-09-24,2026-08-12T13:29:33.699965,loans.csv,3,MILD
5746,2525,6,2021-01-19,2021-02-02,2021-02-04,2026-08-12T13:29:33.699965,loans.csv,2,MILD
2292,1947,1,2024-06-15,2024-06-29,2024-07-06,2026-08-12T13:29:33.699965,loans.csv,7,MILD
8565,7,2,2024-09-24,2024-10-08,,2026-08-12T13:29:33.699965,loans.csv,673,CRITICAL
2350,2152,2,2023-12-16,2023-12-30,2023-12-25,2026-08-12T13:29:33.699965,loans.csv,0,ON TIME
783,113,11,2021-03-18,2021-04-01,2021-03-19,2026-08-12T13:29:33.699965,loans.csv,0,ON TIME
6491,273,15,2024-10-03,2024-10-24,,2026-08-12T13:29:33.699965,loans.csv,657,CRITICAL
8575,1663,9,2023-01-18,2023-02-01,2023-02-06,2026-08-12T13:29:33.699965,loans.csv,5,MILD
6333,1978,1,2024-06-23,2024-07-07,2024-07-07,2026-08-12T13:29:33.699965,loans.csv,0,ON TIME
1225,1748,96,2022-06-14,2022-07-05,2022-06-25,2026-08-12T13:29:33.699965,loans.csv,0,ON TIME
2615,1061,4,2023-08-20,2023-09-03,2023-08-28,2026-08-12T13:29:33.699965,loans.csv,0,ON TIME
2418,714,2,2024-06-28,2024-07-12,2024-06-29,2026-08-12T13:29:33.699965,loans.csv,0,ON TIME
9494,1896,1,2021-12-23,2022-01-06,2021-12-31,2026-08-12T13:29:33.699965,loans.csv,0,ON TIME
1712,2162,13,2024-02-13,2024-02-27,2024-02-26,2026-08-12T13:29:33.699965,loans.csv,0,ON TIME
6063,2757,18,2023-05-14,2023-05-28,,2026-08-12T13:29:33.699965,loans.csv,1172,CRITICAL
3623,507,1,2024-06-30,2024-07-14,2024-07-21,2026-08-12T13:29:33.699965,loans.csv,7,MILD
9293,2146,21,2023-11-10,2023-11-24,2023-11-29,2026-08-12T13:29:33.699965,loans.csv,5,MILD
7424,1994,7,2024-05-05,2024-05-19,2024-05-16,2026-08-12T13:29:33.699965,loans.csv,0,ON TIME
444,38,3,2024-10-10,2024-10-24,2024-10-30,2026-08-12T13:29:33.699965,loans.csv,6,MILD
8287,1803,2,2024-06-18,2024-07-02,2024-06-19,2026-08-12T13:29:33.699965,loans.csv,0,ON TIME
3402,264,1,2024-08-20,2024-09-03,2024-08-21,2026-08-12T13:29:33.699965,loans.csv,0,ON TIME
3817,944,1,2020-11-25,2020-12-16,2020-12-12,2026-08-12T13:29:33.699965,loans.csv,0,ON TIME
1758,2764,1,2024-11-13,2024-12-04,2024-12-08,2026-08-12T13:29:33.699965,loans.csv,4,MILD
3643,208,5,2024-07-24,2024-08-07,2024-08-11,2026-08-12T13:29:33.699965,loans.csv,4,MILD
708,1142,1,2020-08-03,2020-08-17,2020-08-22,2026-08-12T13:29:33.699965,loans.csv,5,MILD
9599,1344,13,2023-12-18,2024-01-01,2023-12-20,2026-08-12T13:29:33.699965,loans.csv,0,ON TIME
8070,2765,3,2023-10-08,2023-10-22,2023-10-28,2026-08-12T13:29:33.699965,loans.csv,6,MILD
7254,254,1,2024-04-13,2024-04-27,2024-04-16,2026-08-12T13:29:33.699965,loans.csv,0,ON TIME
4802,820,1,2023-12-08,2023-12-22,2023-12-22,2026-08-12T13:29:33.699965,loans.csv,0,ON TIME
5581,2558,2,2024-03-21,2024-04-04,2024-04-11,2026-08-12T13:29:33.699965,loans.csv,7,MILD
66,1354,1,2022-12-25,2023-01-08,2023-01-21,2026-08-12T13:29:33.699965,loans.csv,13,SEVERE
9302,1065,36,2021-12-09,2021-12-23,2021-12-13,2026-08-12T13:29:33.699965,loans.csv,0,ON TIME
3690,1623,3,2023-11-16,2023-12-07,2023-12-23,2026-08-12T13:29:33.699965,loans.csv,16,SEVERE
6602,57,13,2023-02-03,2023-02-17,2023-03-06,2026-08-12T13:29:33.699965,loans.csv,17,SEVERE
8244,924,7,2022-01-27,2022-02-10,2022-02-09,2026-08-12T13:29:33.699965,loans.csv,0,ON TIME
6441,2137,3,2023-04-22,2023-05-06,2023-05-01,2026-08-12T13:29:33.699965,loans.csv,0,ON TIME
4546,2610,10,2024-01-09,2024-01-30,2024-02-01,2026-08-12T13:29:33.699965,loans.csv,2,MILD
2623,1616,60,2023-08-19,2023-09-02,2023-08-31,2026-08-12T13:29:33.699965,loans.csv,0,ON TIME
4776,2529,1,2024-10-16,2024-10-30,2024-11-05,2026-08-12T13:29:33.699965,loans.csv,6,MILD
8830,2036,1,2020-07-05,2020-07-19,2020-07-07,2026-08-12T13:29:33.699965,loans.csv,0,ON TIME
8180,38,1,2022-11-15,2022-11-29,2022-11-16,2026-08-12T13:29:33.699965,loans.csv,0,ON TIME
4198,403,1,2023-11-18,2023-12-02,2023-11-23,2026-08-12T13:29:33.699965,loans.csv,0,ON TIME
136,2743,50,2024-12-05,2024-12-19,2024-12-09,2026-08-12T13:29:33.699965,loans.csv,0,ON TIME
7010,2551,38,2024-10-05,2024-10-19,2024-10-26,2026-08-12T13:29:33.699965,loans.csv,7,MILD
5296,937,1,2022-07-30,2022-08-13,2022-08-09,2026-08-12T13:29:33.699965,loans.csv,0,ON TIME
291,478,1,2024-02-26,2024-03-11,2024-03-07,2026-08-12T13:29:33.699965,loans.csv,0,ON TIME
9181,276,17,2024-04-18,2024-05-02,2024-04-23,2026-08-12T13:29:33.699965,loans.csv,0,ON TIME
4781,668,3,2021-06-13,2021-06-27,2021-06-15,2026-08-12T13:29:33.699965,loans.csv,0,ON TIME
7282,2614,6,2023-05-26,2023-06-09,2023-06-01,2026-08-12T13:29:33.699965,loans.csv,0,ON TIME
4439,1069,3,2023-11-10,2023-12-01,2023-12-06,2026-08-12T13:29:33.699965,loans.csv,5,MILD
1973,1272,1,2024-10-24,2024-11-07,2024-10-29,2026-08-12T13:29:33.699965,loans.csv,0,ON TIME
2314,2477,1,2024-12-25,2025-01-08,,2026-08-12T13:29:33.699965,loans.csv,581,CRITICAL
3891,450,9,2023-12-07,2023-12-21,2023-12-19,2026-08-12T13:29:33.699965,loans.csv,0,ON TIME
5265,66,17,2021-06-13,2021-06-27,,2026-08-12T13:29:33.699965,loans.csv,1872,CRITICAL
7243,942,4,2023-03-02,2023-03-16,2023-03-14,2026-08-12T13:29:33.699965,loans.csv,0,ON TIME
6195,1323,1,2023-03-26,2023-04-09,2023-04-14,2026-08-12T13:29:33.699965,loans.csv,5,MILD
3499,1994,75,2024-05-31,2024-06-14,2024-06-02,2026-08-12T13:29:33.699965,loans.csv,0,ON TIME
2977,1102,63,2023-12-16,2023-12-30,2023-12-20,2026-08-12T13:29:33.699965,loans.csv,0,ON TIME
7203,2503,1,2024-07-21,2024-08-11,2024-07-31,2026-08-12T13:29:33.699965,loans.csv,0,ON TIME
1248,1493,20,2020-12-09,2020-12-23,2020-12-23,2026-08-12T13:29:33.699965,loans.csv,0,ON TIME
7778,680,13,2024-02-25,2024-03-10,2024-03-05,2026-08-12T13:29:33.699965,loans.csv,0,ON TIME
3548,1387,1,2023-03-24,2023-04-07,,2026-08-12T13:29:33.699965,loans.csv,1223,CRITICAL
4231,2233,4,2023-09-03,2023-09-17,,2026-08-12T13:29:33.699965,loans.csv,1060,CRITICAL
7799,2177,1,2024-01-21,2024-02-04,2024-01-27,2026-08-12T13:29:33.699965,loans.csv,0,ON TIME
8720,110,4,2024-09-20,2024-10-04,2024-10-12,2026-08-12T13:29:33.699965,loans.csv,8,SEVERE
2825,2529,4,2024-05-09,2024-05-30,2024-05-24,2026-08-12T13:29:33.699965,loans.csv,0,ON TIME
5992,36,1,2024-03-10,2024-03-31,2024-03-29,2026-08-12T13:29:33.699965,loans.csv,0,ON TIME
3373,1061,5,2023-12-07,2023-12-21,2023-12-27,2026-08-12T13:29:33.699965,loans.csv,6,MILD
7030,2052,119,2024-10-03,2024-10-17,2024-10-17,2026-08-12T13:29:33.699965,loans.csv,0,ON TIME
4909,1134,1,2024-08-12,2024-08-26,2024-08-18,2026-08-12T13:29:33.699965,loans.csv,0,ON TIME
5713,2671,1,2024-01-27,2024-02-10,2024-02-12,2026-08-12T13:29:33.699965,loans.csv,2,MILD
3263,2572,7,2023-06-07,2023-06-21,2023-06-25,2026-08-12T13:29:33.699965,loans.csv,4,MILD
145,639,92,2024-02-13,2024-02-27,2024-03-27,2026-08-12T13:29:33.699965,loans.csv,29,SEVERE
5744,1079,14,2023-07-23,2023-08-06,2023-07-26,2026-08-12T13:29:33.699965,loans.csv,0,ON TIME
5206,1010,4,2022-12-08,2022-12-22,2022-12-11,2026-08-12T13:29:33.699965,loans.csv,0,ON TIME
1607,867,3,2022-11-19,2022-12-03,2022-11-28,2026-08-12T13:29:33.699965,loans.csv,0,ON TIME
5065,1205,83,2022-01-14,2022-01-28,2022-01-28,2026-08-12T13:29:33.699965,loans.csv,0,ON TIME
8329,1935,2,2023-04-24,2023-05-15,2023-05-01,2026-08-12T13:29:33.699965,loans.csv,0,ON TIME
5795,901,1,2023-02-24,2023-03-10,2023-03-12,2026-08-12T13:29:33.699965,loans.csv,2,MILD
4483,1977,1,2023-05-08,2023-05-22,2023-05-17,2026-08-12T13:29:33.699965,loans.csv,0,ON TIME
1801,26,1,2021-08-07,2021-08-21,,2026-08-12T13:29:33.699965,loans.csv,1817,CRITICAL
6248,1936,1,2022-04-15,2022-04-29,2022-04-17,2026-08-12T13:29:33.699965,loans.csv,0,ON TIME
1605,2671,6,2024-05-06,2024-05-27,2024-05-27,2026-08-12T13:29:33.699965,loans.csv,0,ON TIME
2758,2482,1,2024-08-26,2024-09-09,2024-09-03,2026-08-12T13:29:33.699965,loans.csv,0,ON TIME
2475,1360,2,2024-10-18,2024-11-01,2024-10-23,2026-08-12T13:29:33.699965,loans.csv,0,ON TIME
7707,342,2,2023-05-29,2023-06-12,2023-05-30,2026-08-12T13:29:33.699965,loans.csv,0,ON TIME
3164,761,1,2024-01-06,2024-01-27,2024-01-31,2026-08-12T13:29:33.699965,loans.csv,4,MILD
9300,802,1,2024-09-30,2024-10-14,2024-10-17,2026-08-12T13:29:33.699965,loans.csv,3,MILD
4451,279,59,2024-11-26,2024-12-17,2024-12-22,2026-08-12T13:29:33.699965,loans.csv,5,MILD
3321,2185,3,2024-02-01,2024-02-15,2024-02-03,2026-08-12T13:29:33.699965,loans.csv,0,ON TIME
3193,2308,6,2023-11-15,2023-11-29,2023-11-24,2026-08-12T13:29:33.699965,loans.csv,0,ON TIME
1786,182,4,2024-03-23,2024-04-06,2024-04-09,2026-08-12T13:29:33.699965,loans.csv,3,MILD
3176,2737,1,2021-03-01,2021-03-15,2021-03-11,2026-08-12T13:29:33.699965,loans.csv,0,ON TIME
2890,1959,1,2023-10-14,2023-10-28,,2026-08-12T13:29:33.699965,loans.csv,1019,CRITICAL
835,2067,186,2023-12-19,2024-01-02,2023-12-22,2026-08-12T13:29:33.699965,loans.csv,0,ON TIME
6250,558,2,2020-10-19,2020-11-02,2020-10-29,2026-08-12T13:29:33.699965,loans.csv,0,ON TIME
3087,586,1,2024-09-13,2024-10-04,2024-09-18,2026-08-12T13:29:33.699965,loans.csv,0,ON TIME
1212,2328,1,2022-03-31,2022-04-21,,2026-08-12T13:29:33.699965,loans.csv,1574,CRITICAL
5163,2090,1,2024-11-20,2024-12-04,2024-11-24,2026-08-12T13:29:33.699965,loans.csv,0,ON TIME
8588,363,2,2020-03-21,2020-04-04,2020-04-07,2026-08-12T13:29:33.699965,loans.csv,3,MILD
6129,1109,1,2023-09-26,2023-10-10,2023-10-04,2026-08-12T13:29:33.699965,loans.csv,0,ON TIME
1506,1684,2,2023-11-04,2023-11-18,2023-11-05,2026-08-12T13:29:33.699965,loans.csv,0,ON TIME
603,61,43,2024-03-30,2024-04-13,2024-03-31,2026-08-12T13:29:33.699965,loans.csv,0,ON TIME
1574,2003,5,2021-10-20,2021-11-03,,2026-08-12T13:29:33.699965,loans.csv,1743,CRITICAL
5370,1469,28,2024-03-27,2024-04-17,2024-04-14,2026-08-12T13:29:33.699965,loans.csv,0,ON TIME
6797,800,1,2024-06-25,2024-07-09,2024-06-29,2026-08-12T13:29:33.699965,loans.csv,0,ON TIME
3741,2786,10,2020-09-10,2020-09-24,2020-09-19,2026-08-12T13:29:33.699965,loans.csv,0,ON TIME
6650,39,2,2021-03-11,2021-03-25,2021-03-16,2026-08-12T13:29:33.699965,loans.csv,0,ON TIME
628,1058,1,2023-05-23,2023-06-06,,2026-08-12T13:29:33.699965,loans.csv,1163,CRITICAL
3303,1751,1,2023-12-12,2023-12-26,,2026-08-12T13:29:33.699965,loans.csv,960,CRITICAL
1182,904,1,2022-05-28,2022-06-11,2022-06-10,2026-08-12T13:29:33.699965,loans.csv,0,ON TIME
6201,2398,1,2022-08-26,2022-09-09,2022-09-02,2026-08-12T13:29:33.699965,loans.csv,0,ON TIME
3706,2250,7,2024-08-22,2024-09-12,2024-09-09,2026-08-12T13:29:33.699965,loans.csv,0,ON TIME
2278,1484,1,2024-12-12,2024-12-26,,2026-08-12T13:29:33.699965,loans.csv,594,CRITICAL
6997,888,5,2024-07-25,2024-08-15,2024-08-03,2026-08-12T13:29:33.699965,loans.csv,0,ON TIME
7443,1898,1,2020-09-05,2020-09-19,2020-09-07,2026-08-12T13:29:33.699965,loans.csv,0,ON TIME
3205,1236,104,2024-07-02,2024-07-16,2024-07-08,2026-08-12T13:29:33.699965,loans.csv,0,ON TIME
1659,2526,1,2024-08-23,2024-09-06,2024-08-31,2026-08-12T13:29:33.699965,loans.csv,0,ON TIME
6383,1697,64,2024-07-18,2024-08-01,2024-08-05,2026-08-12T13:29:33.699965,loans.csv,4,MILD
4702,1156,1,2024-05-11,2024-05-25,2024-05-21,2026-08-12T13:29:33.699965,loans.csv,0,ON TIME
639,466,1,2021-05-09,2021-05-30,2021-05-25,2026-08-12T13:29:33.699965,loans.csv,0,ON TIME
827,2472,1,2023-07-20,2023-08-03,2023-08-06,2026-08-12T13:29:33.699965,loans.csv,3,MILD
2925,2597,1,2023-10-17,2023-10-31,2023-11-02,2026-08-12T13:29:33.699965,loans.csv,2,MILD
599,2473,5,2020-12-19,2021-01-02,,2026-08-12T13:29:33.699965,loans.csv,2048,CRITICAL
4672,1628,17,2024-11-10,2024-11-24,2024-11-19,2026-08-12T13:29:33.699965,loans.csv,0,ON TIME
253,2199,2,2024-04-27,2024-05-11,2024-05-04,2026-08-12T13:29:33.699965,loans.csv,0,ON TIME
3779,1501,3,2024-06-23,2024-07-07,2024-07-09,2026-08-12T13:29:33.699965,loans.csv,2,MILD
467,1304,18,2024-08-19,2024-09-02,2024-08-26,2026-08-12T13:29:33.699965,loans.csv,0,ON TIME
8849,1494,1,2024-11-07,2024-11-21,2024-11-20,2026-08-12T13:29:33.699965,loans.csv,0,ON TIME
3497,867,1,2022-12-01,2022-12-15,2022-12-14,2026-08-12T13:29:33.699965,loans.csv,0,ON TIME
2013,2050,1,2024-06-15,2024-06-29,2024-06-17,2026-08-12T13:29:33.699965,loans.csv,0,ON TIME
8228,2201,2,2020-12-28,2021-01-11,2021-01-13,2026-08-12T13:29:33.699965,loans.csv,2,MILD
3739,209,2,2022-09-20,2022-10-04,2022-10-03,2026-08-12T13:29:33.699965,loans.csv,0,ON TIME
3064,1230,15,2023-01-05,2023-01-19,2023-01-14,2026-08-12T13:29:33.699965,loans.csv,0,ON TIME
2876,721,1,2022-09-30,2022-10-14,2022-10-02,2026-08-12T13:29:33.699965,loans.csv,0,ON TIME
4005,1091,1,2020-11-02,2020-11-23,2020-12-04,2026-08-12T13:29:33.699965,loans.csv,11,SEVERE
6468,805,6,2024-07-25,2024-08-08,2024-08-09,2026-08-12T13:29:33.699965,loans.csv,1,MILD
1553,2377,1,2023-10-02,2023-10-23,2023-10-20,2026-08-12T13:29:33.699965,loans.csv,0,ON TIME
1035,2147,3,2020-05-09,2020-05-23,2020-05-17,2026-08-12T13:29:33.699965,loans.csv,0,ON TIME
7293,667,1,2024-07-28,2024-08-11,2024-08-09,2026-08-12T13:29:33.699965,loans.csv,0,ON TIME
5281,1610,6,2023-11-18,2023-12-09,2023-12-22,2026-08-12T13:29:33.699965,loans.csv,13,SEVERE
6812,729,15,2024-07-13,2024-08-03,2024-07-31,2026-08-12T13:29:33.699965,loans.csv,0,ON TIME
1665,851,1,2023-06-06,2023-06-20,2023-06-14,2026-08-12T13:29:33.699965,loans.csv,0,ON TIME
4610,2117,7,2020-07-09,2020-07-23,2020-07-30,2026-08-12T13:29:33.699965,loans.csv,7,MILD
7998,468,1,2022-06-10,2022-06-24,2022-06-20,2026-08-12T13:29:33.699965,loans.csv,0,ON TIME
1234,1491,1,2024-12-15,2025-01-05,,2026-08-12T13:29:33.699965,loans.csv,584,CRITICAL
2264,614,1,2024-07-10,2024-07-31,2024-07-18,2026-08-12T13:29:33.699965,loans.csv,0,ON TIME
8194,2129,4,2022-09-24,2022-10-08,2022-10-06,2026-08-12T13:29:33.699965,loans.csv,0,ON TIME
6794,660,1,2023-10-12,2023-10-26,2023-10-25,2026-08-12T13:29:33.699965,loans.csv,0,ON TIME
5384,883,1,2023-12-28,2024-01-11,2023-12-30,2026-08-12T13:29:33.699965,loans.csv,0,ON TIME
907,1169,34,2024-05-14,2024-05-28,2024-05-29,2026-08-12T13:29:33.699965,loans.csv,1,MILD
5701,1900,34,2022-10-16,2022-10-30,2022-11-04,2026-08-12T13:29:33.699965,loans.csv,5,MILD
8398,1605,1,2024-08-14,2024-08-28,2024-08-24,2026-08-12T13:29:33.699965,loans.csv,0,ON TIME
8310,2212,38,2022-05-24,2022-06-07,2022-06-14,2026-08-12T13:29:33.699965,loans.csv,7,MILD
8277,2468,83,2022-11-30,2022-12-14,2022-12-04,2026-08-12T13:29:33.699965,loans.csv,0,ON TIME
5218,2133,1,2024-01-18,2024-02-01,2024-01-20,2026-08-12T13:29:33.699965,loans.csv,0,ON TIME
7174,620,1,2022-02-23,2022-03-09,,2026-08-12T13:29:33.699965,loans.csv,1617,CRITICAL
2337,1501,1,2021-08-06,2021-08-20,2021-08-17,2026-08-12T13:29:33.699965,loans.csv,0,ON TIME
768,1569,2,2021-07-15,2021-07-29,2021-07-20,2026-08-12T13:29:33.699965,loans.csv,0,ON TIME
9362,2200,1,2021-04-30,2021-05-14,2021-05-11,2026-08-12T13:29:33.699965,loans.csv,0,ON TIME
3847,67,4,2024-04-14,2024-04-28,2024-04-30,2026-08-12T13:29:33.699965,loans.csv,2,MILD
1410,2786,1,2022-09-06,2022-09-20,2022-09-11,2026-08-12T13:29:33.699965,loans.csv,0,ON TIME
5314,2791,1,2022-06-18,2022-07-02,2022-07-02,2026-08-12T13:29:33.699965,loans.csv,0,ON TIME
1516,249,2,2021-06-05,2021-06-19,2021-06-11,2026-08-12T13:29:33.699965,loans.csv,0,ON TIME
5768,1611,36,2022-10-24,2022-11-07,2022-11-09,2026-08-12T13:29:33.699965,loans.csv,2,MILD
6780,264,31,2024-11-02,2024-11-16,2024-11-16,2026-08-12T13:29:33.699965,loans.csv,0,ON TIME
1005,328,37,2024-08-21,2024-09-04,,2026-08-12T13:29:33.699965,loans.csv,707,CRITICAL
9033,1319,2,2023-10-14,2023-10-28,2023-10-16,2026-08-12T13:29:33.699965,loans.csv,0,ON TIME
6542,1491,2,2024-10-28,2024-11-11,2024-11-03,2026-08-12T13:29:33.699965,loans.csv,0,ON TIME
7175,470,3,2023-02-28,2023-03-14,2023-03-14,2026-08-12T13:29:33.699965,loans.csv,0,ON TIME
2902,384,1,2022-09-07,2022-09-21,2022-09-22,2026-08-12T13:29:33.699965,loans.csv,1,MILD
4127,169,111,2021-04-11,2021-04-25,2021-04-30,2026-08-12T13:29:33.699965,loans.csv,5,MILD
5489,2372,21,2024-05-02,2024-05-16,2024-05-16,2026-08-12T13:29:33.699965,loans.csv,0,ON TIME
680,2115,6,2024-07-22,2024-08-05,2024-07-31,2026-08-12T13:29:33.699965,loans.csv,0,ON TIME
4447,1334,13,2023-06-28,2023-07-12,2023-07-13,2026-08-12T13:29:33.699965,loans.csv,1,MILD
4928,846,1,2023-06-06,2023-06-20,2023-06-18,2026-08-12T13:29:33.699965,loans.csv,0,ON TIME
906,2626,91,2024-10-14,2024-10-28,2024-11-01,2026-08-12T13:29:33.699965,loans.csv,4,MILD
1268,2216,2,2020-02-24,2020-03-09,2020-03-04,2026-08-12T13:29:33.699965,loans.csv,0,ON TIME
2476,1013,3,2024-08-22,2024-09-05,2024-08-31,2026-08-12T13:29:33.699965,loans.csv,0,ON TIME
3007,2591,2,2021-01-23,2021-02-06,2021-02-21,2026-08-12T13:29:33.699965,loans.csv,15,SEVERE
1531,276,2,2023-11-14,2023-11-28,2023-11-26,2026-08-12T13:29:33.699965,loans.csv,0,ON TIME
9365,447,35,2024-07-01,2024-07-15,,2026-08-12T13:29:33.699965,loans.csv,758,CRITICAL
9057,1323,22,2024-12-22,2025-01-05,,2026-08-12T13:29:33.699965,loans.csv,584,CRITICAL
286,446,119,2024-11-25,2024-12-09,,2026-08-12T13:29:33.699965,loans.csv,611,CRITICAL
7307,277,2,2022-07-14,2022-07-28,,2026-08-12T13:29:33.699965,loans.csv,1476,CRITICAL
3419,756,1,2023-08-23,2023-09-06,2023-09-04,2026-08-12T13:29:33.699965,loans.csv,0,ON TIME
4998,524,2,2023-08-26,2023-09-09,,2026-08-12T13:29:33.699965,loans.csv,1068,CRITICAL
1798,280,188,2023-07-01,2023-07-15,2023-07-18,2026-08-12T13:29:33.699965,loans.csv,3,MILD
8034,1093,53,2023-06-26,2023-07-17,,2026-08-12T13:29:33.699965,loans.csv,1122,CRITICAL
121,627,1,2020-04-05,2020-04-26,2020-04-11,2026-08-12T13:29:33.699965,loans.csv,0,ON TIME
3215,1487,1,2024-07-20,2024-08-03,2024-08-05,2026-08-12T13:29:33.699965,loans.csv,2,MILD
1424,2293,2,2023-07-10,2023-07-24,,2026-08-12T13:29:33.699965,loans.csv,1115,CRITICAL
1403,2268,1,2022-08-15,2022-08-29,2022-08-31,2026-08-12T13:29:33.699965,loans.csv,2,MILD
6108,2722,9,2024-12-17,2024-12-31,,2026-08-12T13:29:33.699965,loans.csv,589,CRITICAL
5474,363,1,2021-12-08,2021-12-22,2021-12-26,2026-08-12T13:29:33.699965,loans.csv,4,MILD
668,15,1,2022-09-29,2022-10-13,2022-10-10,2026-08-12T13:29:33.699965,loans.csv,0,ON TIME
1470,2796,2,2024-07-24,2024-08-07,2024-08-10,2026-08-12T13:29:33.699965,loans.csv,3,MILD
4392,1801,36,2023-08-31,2023-09-21,2023-09-24,2026-08-12T13:29:33.699965,loans.csv,3,MILD
4365,1004,1,2024-10-27,2024-11-10,2024-11-10,2026-08-12T13:29:33.699965,loans.csv,0,ON TIME
237,1068,4,2024-03-20,2024-04-03,2024-03-28,2026-08-12T13:29:33.699965,loans.csv,0,ON TIME
1188,796,1,2024-10-09,2024-10-23,,2026-08-12T13:29:33.699965,loans.csv,658,CRITICAL
3916,2220,39,2024-07-04,2024-07-18,2024-07-09,2026-08-12T13:29:33.699965,loans.csv,0,ON TIME
4455,800,1,2022-07-13,2022-07-27,2022-08-02,2026-08-12T13:29:33.699965,loans.csv,6,MILD
2074,184,2,2023-12-22,2024-01-05,2023-12-30,2026-08-12T13:29:33.699965,loans.csv,0,ON TIME
622,1027,6,2023-02-02,2023-02-16,2023-02-05,2026-08-12T13:29:33.699965,loans.csv,0,ON TIME
4475,655,2,2023-04-22,2023-05-13,2023-05-22,2026-08-12T13:29:33.699965,loans.csv,9,SEVERE
454,276,1,2022-06-01,2022-06-22,,2026-08-12T13:29:33.699965,loans.csv,1512,CRITICAL
6539,1657,169,2024-09-07,2024-09-21,2024-09-17,2026-08-12T13:29:33.699965,loans.csv,0,ON TIME
6206,2748,25,2022-02-09,2022-02-23,2022-02-10,2026-08-12T13:29:33.699965,loans.csv,0,ON TIME
6998,461,2,2022-10-17,2022-10-31,2022-10-28,2026-08-12T13:29:33.699965,loans.csv,0,ON TIME
2293,1255,8,2024-12-08,2024-12-22,2024-12-09,2026-08-12T13:29:33.699965,loans.csv,0,ON TIME
7270,1017,3,2022-12-12,2023-01-02,2022-12-28,2026-08-12T13:29:33.699965,loans.csv,0,ON TIME
4335,1762,1,2024-01-02,2024-01-16,2024-01-22,2026-08-12T13:29:33.699965,loans.csv,6,MILD
5763,2764,9,2020-01-13,2020-01-27,2020-02-01,2026-08-12T13:29:33.699965,loans.csv,5,MILD
869,2052,1,2022-08-30,2022-09-13,2022-09-13,2026-08-12T13:29:33.699965,loans.csv,0,ON TIME
3093,861,7,2021-04-06,2021-04-20,2021-04-23,2026-08-12T13:29:33.699965,loans.csv,3,MILD
6485,804,6,2024-08-04,2024-08-18,2024-08-13,2026-08-12T13:29:33.699965,loans.csv,0,ON TIME
1960,841,1,2024-12-18,2025-01-01,,2026-08-12T13:29:33.699965,loans.csv,588,CRITICAL
6442,1223,1,2021-02-01,2021-02-15,,2026-08-12T13:29:33.699965,loans.csv,2004,CRITICAL
8163,2335,3,2024-03-25,2024-04-15,2024-04-05,2026-08-12T13:29:33.699965,loans.csv,0,ON TIME
1218,1752,3,2023-09-29,2023-10-13,2023-10-14,2026-08-12T13:29:33.699965,loans.csv,1,MILD
6593,71,82,2024-05-26,2024-06-09,2024-06-13,2026-08-12T13:29:33.699965,loans.csv,4,MILD
6356,1967,2,2020-09-18,2020-10-09,2020-09-29,2026-08-12T13:29:33.699965,loans.csv,0,ON TIME
8568,1836,13,2022-02-17,2022-03-03,2022-02-24,2026-08-12T13:29:33.699965,loans.csv,0,ON TIME
1734,304,3,2021-02-09,2021-02-23,2021-02-19,2026-08-12T13:29:33.699965,loans.csv,0,ON TIME
928,2691,6,2024-09-18,2024-10-02,2024-10-06,2026-08-12T13:29:33.699965,loans.csv,4,MILD
6466,540,10,2024-12-04,2024-12-18,2024-12-09,2026-08-12T13:29:33.699965,loans.csv,0,ON TIME
1877,1130,8,2024-08-16,2024-08-30,2024-08-26,2026-08-12T13:29:33.699965,loans.csv,0,ON TIME
2284,276,1,2024-11-15,2024-11-29,,2026-08-12T13:29:33.699965,loans.csv,621,CRITICAL
1505,2086,12,2022-01-18,2022-02-08,2022-01-25,2026-08-12T13:29:33.699965,loans.csv,0,ON TIME
3687,2771,1,2024-06-15,2024-06-29,,2026-08-12T13:29:33.699965,loans.csv,774,CRITICAL
665,150,2,2024-08-05,2024-08-26,,2026-08-12T13:29:33.699965,loans.csv,716,CRITICAL
5732,1719,1,2023-09-23,2023-10-07,,2026-08-12T13:29:33.699965,loans.csv,1040,CRITICAL
5159,3,2,2021-02-15,2021-03-01,2021-02-24,2026-08-12T13:29:33.699965,loans.csv,0,ON TIME
1542,2397,2,2024-07-19,2024-08-02,2024-08-05,2026-08-12T13:29:33.699965,loans.csv,3,MILD
3532,602,1,2022-10-27,2022-11-10,2022-11-09,2026-08-12T13:29:33.699965,loans.csv,0,ON TIME
9524,1141,2,2021-08-20,2021-09-03,2021-08-23,2026-08-12T13:29:33.699965,loans.csv,0,ON TIME
5993,2086,6,2021-07-08,2021-07-29,2021-07-24,2026-08-12T13:29:33.699965,loans.csv,0,ON TIME
1303,1999,12,2024-06-15,2024-06-29,,2026-08-12T13:29:33.699965,loans.csv,774,CRITICAL
9400,1769,49,2021-10-02,2021-10-16,2021-10-13,2026-08-12T13:29:33.699965,loans.csv,0,ON TIME
569,918,1,2024-02-27,2024-03-12,,2026-08-12T13:29:33.699965,loans.csv,883,CRITICAL
1265,108,1,2024-12-04,2024-12-18,2024-12-13,2026-08-12T13:29:33.699965,loans.csv,0,ON TIME
8681,1239,37,2024-07-11,2024-07-25,2024-08-01,2026-08-12T13:29:33.699965,loans.csv,7,MILD
9208,99,1,2023-01-03,2023-01-17,2023-01-06,2026-08-12T13:29:33.699965,loans.csv,0,ON TIME
2568,2327,1,2024-05-11,2024-05-25,,2026-08-12T13:29:33.699965,loans.csv,809,CRITICAL
4012,2516,1,2020-12-21,2021-01-04,2020-12-23,2026-08-12T13:29:33.699965,loans.csv,0,ON TIME
8874,1629,4,2024-01-27,2024-02-10,2024-01-30,2026-08-12T13:29:33.699965,loans.csv,0,ON TIME
7474,548,11,2022-08-26,2022-09-16,2022-10-09,2026-08-12T13:29:33.699965,loans.csv,23,SEVERE
4859,1389,38,2022-06-03,2022-06-17,2022-07-13,2026-08-12T13:29:33.699965,loans.csv,26,SEVERE
8452,1549,1,2024-05-15,2024-05-29,2024-05-23,2026-08-12T13:29:33.699965,loans.csv,0,ON TIME
8176,2459,29,2024-06-22,2024-07-06,2024-06-27,2026-08-12T13:29:33.699965,loans.csv,0,ON TIME
7012,567,1,2020-10-16,2020-10-30,2020-11-03,2026-08-12T13:29:33.699965,loans.csv,4,MILD
4368,2490,35,2024-11-07,2024-11-21,2024-11-17,2026-08-12T13:29:33.699965,loans.csv,0,ON TIME
5934,2525,2,2024-07-19,2024-08-02,2024-08-01,2026-08-12T13:29:33.699965,loans.csv,0,ON TIME
1449,364,1,2024-06-26,2024-07-10,2024-08-09,2026-08-12T13:29:33.699965,loans.csv,30,SEVERE
4138,2783,1,2024-10-04,2024-10-18,2024-10-13,2026-08-12T13:29:33.699965,loans.csv,0,ON TIME
7409,2036,7,2022-01-26,2022-02-09,2022-01-29,2026-08-12T13:29:33.699965,loans.csv,0,ON TIME
5917,2415,7,2023-04-22,2023-05-06,,2026-08-12T13:29:33.699965,loans.csv,1194,CRITICAL
4417,1350,3,2023-05-23,2023-06-06,2023-06-02,2026-08-12T13:29:33.699965,loans.csv,0,ON TIME
2301,1287,2,2024-05-20,2024-06-03,2024-05-31,2026-08-12T13:29:33.699965,loans.csv,0,ON TIME
8916,2115,3,2024-06-24,2024-07-08,2024-07-02,2026-08-12T13:29:33.699965,loans.csv,0,ON TIME
4097,2748,6,2024-08-27,2024-09-10,2024-08-29,2026-08-12T13:29:33.699965,loans.csv,0,ON TIME
8352,2204,1,2023-11-05,2023-11-19,2023-11-22,2026-08-12T13:29:33.699965,loans.csv,3,MILD
3876,1167,1,2024-10-22,2024-11-05,2024-11-05,2026-08-12T13:29:33.699965,loans.csv,0,ON TIME
475,880,1,2024-07-19,2024-08-02,2024-07-25,2026-08-12T13:29:33.699965,loans.csv,0,ON TIME
6851,168,1,2023-03-10,2023-03-24,2023-03-12,2026-08-12T13:29:33.699965,loans.csv,0,ON TIME
7478,2025,20,2021-04-11,2021-04-25,2021-04-20,2026-08-12T13:29:33.699965,loans.csv,0,ON TIME
5468,1010,16,2024-09-29,2024-10-13,2024-10-09,2026-08-12T13:29:33.699965,loans.csv,0,ON TIME
5037,2116,2,2022-08-06,2022-08-20,,2026-08-12T13:29:33.699965,loans.csv,1453,CRITICAL
4132,2652,2,2024-12-21,2025-01-04,,2026-08-12T13:29:33.699965,loans.csv,585,CRITICAL
1190,1624,4,2022-04-05,2022-04-19,2022-04-08,2026-08-12T13:29:33.699965,loans.csv,0,ON TIME
6404,2028,1,2024-04-03,2024-04-17,,2026-08-12T13:29:33.699965,loans.csv,847,CRITICAL
7549,1451,2,2024-08-10,2024-08-24,2024-08-26,2026-08-12T13:29:33.699965,loans.csv,2,MILD
3279,700,1,2022-10-13,2022-10-27,,2026-08-12T13:29:33.699965,loans.csv,1385,CRITICAL
8447,481,2,2024-09-24,2024-10-08,2024-10-11,2026-08-12T13:29:33.699965,loans.csv,3,MILD
7955,683,4,2024-04-01,2024-04-15,2024-04-18,2026-08-12T13:29:33.699965,loans.csv,3,MILD
9226,584,1,2024-03-26,2024-04-16,2024-04-01,2026-08-12T13:29:33.699965,loans.csv,0,ON TIME
6083,2603,1,2023-08-31,2023-09-14,2023-10-16,2026-08-12T13:29:33.699965,loans.csv,32,CRITICAL
9523,1550,1,2024-11-15,2024-11-29,2024-11-29,2026-08-12T13:29:33.699965,loans.csv,0,ON TIME
9270,2121,1,2024-04-25,2024-05-09,2024-05-05,2026-08-12T13:29:33.699965,loans.csv,0,ON TIME
4945,519,36,2024-05-13,2024-06-03,2024-05-30,2026-08-12T13:29:33.699965,loans.csv,0,ON TIME
4804,198,3,2024-11-27,2024-12-11,2024-12-14,2026-08-12T13:29:33.699965,loans.csv,3,MILD
7077,1358,2,2023-09-23,2023-10-07,2023-09-27,2026-08-12T13:29:33.699965,loans.csv,0,ON TIME
182,1314,6,2023-06-29,2023-07-13,,2026-08-12T13:29:33.699965,loans.csv,1126,CRITICAL
7839,1320,33,2024-05-23,2024-06-06,2024-06-06,2026-08-12T13:29:33.699965,loans.csv,0,ON TIME
9418,2358,21,2022-04-15,2022-04-29,2022-04-25,2026-08-12T13:29:33.699965,loans.csv,0,ON TIME
390,1210,1,2020-09-23,2020-10-07,2020-10-03,2026-08-12T13:29:33.699965,loans.csv,0,ON TIME
4657,2480,3,2024-08-10,2024-08-24,2024-08-22,2026-08-12T13:29:33.699965,loans.csv,0,ON TIME
7308,1043,8,2024-04-02,2024-04-16,2024-04-09,2026-08-12T13:29:33.699965,loans.csv,0,ON TIME
8131,334,1,2022-02-13,2022-02-27,2022-02-14,2026-08-12T13:29:33.699965,loans.csv,0,ON TIME
5529,606,11,2024-09-03,2024-09-17,2024-09-28,2026-08-12T13:29:33.699965,loans.csv,11,SEVERE
71,901,9,2024-05-12,2024-05-26,2024-05-14,2026-08-12T13:29:33.699965,loans.csv,0,ON TIME
9217,2416,1,2024-08-29,2024-09-12,2024-08-31,2026-08-12T13:29:33.699965,loans.csv,0,ON TIME
2742,831,1,2024-10-30,2024-11-13,2024-11-12,2026-08-12T13:29:33.699965,loans.csv,0,ON TIME
8343,2147,157,2020-03-02,2020-03-23,2020-03-14,2026-08-12T13:29:33.699965,loans.csv,0,ON TIME
4529,800,1,2022-09-02,2022-09-16,2022-09-13,2026-08-12T13:29:33.699965,loans.csv,0,ON TIME
7989,1414,21,2023-12-25,2024-01-08,2024-01-01,2026-08-12T13:29:33.699965,loans.csv,0,ON TIME
5903,1808,11,2024-04-03,2024-04-17,2024-04-20,2026-08-12T13:29:33.699965,loans.csv,3,MILD
6759,1761,5,2022-05-29,2022-06-12,2022-06-05,2026-08-12T13:29:33.699965,loans.csv,0,ON TIME
5041,2723,1,2023-08-20,2023-09-03,,2026-08-12T13:29:33.699965,loans.csv,1074,CRITICAL
1467,838,1,2024-07-20,2024-08-03,2024-08-02,2026-08-12T13:29:33.699965,loans.csv,0,ON TIME
817,513,4,2022-01-26,2022-02-09,,2026-08-12T13:29:33.699965,loans.csv,1645,CRITICAL
6824,1296,1,2024-12-25,2025-01-08,,2026-08-12T13:29:33.699965,loans.csv,581,CRITICAL
8351,1328,1,2024-11-06,2024-11-20,2024-11-14,2026-08-12T13:29:33.699965,loans.csv,0,ON TIME
4678,1865,1,2024-08-13,2024-08-27,2024-08-14,2026-08-12T13:29:33.699965,loans.csv,0,ON TIME
4036,1248,7,2024-05-18,2024-06-08,2024-06-15,2026-08-12T13:29:33.699965,loans.csv,7,MILD
1373,1920,2,2024-11-10,2024-11-24,,2026-08-12T13:29:33.699965,loans.csv,626,CRITICAL
3792,974,16,2022-01-24,2022-02-07,,2026-08-12T13:29:33.699965,loans.csv,1647,CRITICAL
276,1563,58,2024-03-19,2024-04-09,2024-04-03,2026-08-12T13:29:33.699965,loans.csv,0,ON TIME
7273,444,87,2020-09-13,2020-10-04,2020-09-18,2026-08-12T13:29:33.699965,loans.csv,0,ON TIME
31,2653,7,2023-09-19,2023-10-10,2023-10-02,2026-08-12T13:29:33.699965,loans.csv,0,ON TIME
5322,1494,3,2024-11-01,2024-11-15,2024-11-07,2026-08-12T13:29:33.699965,loans.csv,0,ON TIME
61,2604,59,2024-07-13,2024-07-27,,2026-08-12T13:29:33.699965,loans.csv,746,CRITICAL
6282,1752,5,2024-05-20,2024-06-03,2024-05-23,2026-08-12T13:29:33.699965,loans.csv,0,ON TIME
9313,2469,1,2022-07-28,2022-08-11,2022-08-11,2026-08-12T13:29:33.699965,loans.csv,0,ON TIME
5120,1722,2,2020-10-09,2020-10-23,2020-10-30,2026-08-12T13:29:33.699965,loans.csv,7,MILD
7241,1273,1,2023-06-06,2023-06-20,2023-06-15,2026-08-12T13:29:33.699965,loans.csv,0,ON TIME
2574,1759,11,2023-05-28,2023-06-11,2023-06-09,2026-08-12T13:29:33.699965,loans.csv,0,ON TIME
6022,1377,1,2024-03-15,2024-04-05,2024-03-28,2026-08-12T13:29:33.699965,loans.csv,0,ON TIME
7528,512,11,2021-08-14,2021-08-28,2021-08-17,2026-08-12T13:29:33.699965,loans.csv,0,ON TIME
1796,1560,1,2022-08-12,2022-09-02,,2026-08-12T13:29:33.699965,loans.csv,1440,CRITICAL
7235,1058,2,2024-04-09,2024-04-23,,2026-08-12T13:29:33.699965,loans.csv,841,CRITICAL
1836,1928,1,2024-11-12,2024-11-26,2024-11-13,2026-08-12T13:29:33.699965,loans.csv,0,ON TIME
10,1501,3,2024-11-18,2024-12-02,2024-11-30,2026-08-12T13:29:33.699965,loans.csv,0,ON TIME
3907,178,2,2023-08-15,2023-09-05,2023-08-31,2026-08-12T13:29:33.699965,loans.csv,0,ON TIME
3470,452,1,2022-02-19,2022-03-05,2022-02-23,2026-08-12T13:29:33.699965,loans.csv,0,ON TIME
7565,2259,18,2024-08-25,2024-09-08,2024-09-24,2026-08-12T13:29:33.699965,loans.csv,16,SEVERE
5673,2211,1,2021-08-17,2021-09-07,2021-08-21,2026-08-12T13:29:33.699965,loans.csv,0,ON TIME
4499,435,2,2024-10-09,2024-10-23,2024-10-10,2026-08-12T13:29:33.699965,loans.csv,0,ON TIME
2361,1285,1,2024-05-22,2024-06-05,,2026-08-12T13:29:33.699965,loans.csv,798,CRITICAL
6733,735,2,2024-05-18,2024-06-01,2024-06-25,2026-08-12T13:29:33.699965,loans.csv,24,SEVERE
8651,2273,44,2024-09-10,2024-09-24,2024-09-27,2026-08-12T13:29:33.699965,loans.csv,3,MILD
5374,1419,24,2023-11-02,2023-11-16,,2026-08-12T13:29:33.699965,loans.csv,1000,CRITICAL
8499,2574,3,2024-02-25,2024-03-10,2024-03-16,2026-08-12T13:29:33.699965,loans.csv,6,MILD
8443,76,1,2024-08-06,2024-08-20,2024-08-18,2026-08-12T13:29:33.699965,loans.csv,0,ON TIME
802,1373,2,2022-03-01,2022-03-15,2022-03-16,2026-08-12T13:29:33.699965,loans.csv,1,MILD
8527,2079,1,2024-07-01,2024-07-15,2024-07-04,2026-08-12T13:29:33.699965,loans.csv,0,ON TIME
8182,1518,3,2022-02-17,2022-03-03,,2026-08-12T13:29:33.699965,loans.csv,1623,CRITICAL
8627,85,1,2024-09-19,2024-10-03,2024-10-10,2026-08-12T13:29:33.699965,loans.csv,7,MILD
1267,2745,2,2024-04-28,2024-05-12,2024-05-10,2026-08-12T13:29:33.699965,loans.csv,0,ON TIME
8763,882,1,2024-11-10,2024-11-24,2024-11-16,2026-08-12T13:29:33.699965,loans.csv,0,ON TIME
4650,1314,2,2021-02-24,2021-03-17,2021-03-09,2026-08-12T13:29:33.699965,loans.csv,0,ON TIME
6710,1694,1,2024-08-15,2024-08-29,2024-09-05,2026-08-12T13:29:33.699965,loans.csv,7,MILD
5632,1118,1,2024-11-11,2024-11-25,2024-11-14,2026-08-12T13:29:33.699965,loans.csv,0,ON TIME
6203,403,6,2022-05-05,2022-05-26,2022-05-06,2026-08-12T13:29:33.699965,loans.csv,0,ON TIME
6948,1697,1,2022-12-01,2022-12-15,2022-12-10,2026-08-12T13:29:33.699965,loans.csv,0,ON TIME
7488,871,4,2024-05-12,2024-05-26,,2026-08-12T13:29:33.699965,loans.csv,808,CRITICAL
8083,1149,2,2020-01-05,2020-01-19,2020-01-17,2026-08-12T13:29:33.699965,loans.csv,0,ON TIME
2414,773,1,2021-08-27,2021-09-17,2021-08-30,2026-08-12T13:29:33.699965,loans.csv,0,ON TIME
5513,1421,1,2024-04-04,2024-04-18,2024-04-11,2026-08-12T13:29:33.699965,loans.csv,0,ON TIME
6306,2366,25,2023-09-09,2023-09-23,2023-09-22,2026-08-12T13:29:33.699965,loans.csv,0,ON TIME
6232,160,5,2023-09-14,2023-09-28,2023-09-19,2026-08-12T13:29:33.699965,loans.csv,0,ON TIME
5846,2632,1,2022-01-23,2022-02-13,2022-02-03,2026-08-12T13:29:33.699965,loans.csv,0,ON TIME
1166,1260,2,2024-01-26,2024-02-09,2024-02-15,2026-08-12T13:29:33.699965,loans.csv,6,MILD
6124,1138,1,2022-01-04,2022-01-25,2022-01-09,2026-08-12T13:29:33.699965,loans.csv,0,ON TIME
4088,1916,6,2024-03-31,2024-04-14,2024-04-10,2026-08-12T13:29:33.699965,loans.csv,0,ON TIME
4754,313,2,2020-09-06,2020-09-20,2020-09-26,2026-08-12T13:29:33.699965,loans.csv,6,MILD
1635,715,1,2024-10-16,2024-10-30,2024-10-24,2026-08-12T13:29:33.699965,loans.csv,0,ON TIME
3977,2115,4,2024-06-23,2024-07-07,2024-07-07,2026-08-12T13:29:33.699965,loans.csv,0,ON TIME
7965,127,2,2023-03-31,2023-04-21,2023-04-26,2026-08-12T13:29:33.699965,loans.csv,5,MILD
5127,451,1,2024-02-01,2024-02-15,2024-02-17,2026-08-12T13:29:33.699965,loans.csv,2,MILD
421,495,5,2022-09-11,2022-09-25,2022-09-21,2026-08-12T13:29:33.699965,loans.csv,0,ON TIME
4829,166,2,2023-02-15,2023-03-01,2023-02-16,2026-08-12T13:29:33.699965,loans.csv,0,ON TIME
2562,974,4,2023-02-25,2023-03-11,,2026-08-12T13:29:33.699965,loans.csv,1250,CRITICAL
1341,260,4,2022-05-09,2022-05-23,2022-05-13,2026-08-12T13:29:33.699965,loans.csv,0,ON TIME
1563,43,84,2022-05-29,2022-06-12,2022-06-01,2026-08-12T13:29:33.699965,loans.csv,0,ON TIME
669,2423,1,2024-09-23,2024-10-07,2024-10-11,2026-08-12T13:29:33.699965,loans.csv,4,MILD
1912,2292,1,2024-08-29,2024-09-19,,2026-08-12T13:29:33.699965,loans.csv,692,CRITICAL
4073,1360,4,2023-10-04,2023-10-18,2023-10-15,2026-08-12T13:29:33.699965,loans.csv,0,ON TIME
5885,588,109,2024-07-10,2024-07-24,2024-08-14,2026-08-12T13:29:33.699965,loans.csv,21,SEVERE
1201,1225,2,2022-12-07,2022-12-21,2022-12-10,2026-08-12T13:29:33.699965,loans.csv,0,ON TIME
1804,2411,15,2020-03-06,2020-03-20,,2026-08-12T13:29:33.699965,loans.csv,2336,CRITICAL
1307,1292,6,2023-02-04,2023-02-18,2023-02-07,2026-08-12T13:29:33.699965,loans.csv,0,ON TIME
7489,1098,6,2020-05-28,2020-06-11,2020-06-09,2026-08-12T13:29:33.699965,loans.csv,0,ON TIME
67,2489,1,2024-04-15,2024-04-29,2024-04-17,2026-08-12T13:29:33.699965,loans.csv,0,ON TIME
2826,536,19,2024-07-23,2024-08-13,2024-08-17,2026-08-12T13:29:33.699965,loans.csv,4,MILD
1174,2200,2,2021-07-27,2021-08-10,2021-08-06,2026-08-12T13:29:33.699965,loans.csv,0,ON TIME
1881,963,1,2022-03-12,2022-03-26,2022-03-24,2026-08-12T13:29:33.699965,loans.csv,0,ON TIME
1417,1019,5,2022-02-08,2022-02-22,2022-02-15,2026-08-12T13:29:33.699965,loans.csv,0,ON TIME
6451,881,2,2022-06-25,2022-07-09,2022-07-06,2026-08-12T13:29:33.699965,loans.csv,0,ON TIME
7937,2675,111,2024-11-13,2024-11-27,2024-11-25,2026-08-12T13:29:33.699965,loans.csv,0,ON TIME
7648,2558,5,2020-11-27,2020-12-11,2020-12-12,2026-08-12T13:29:33.699965,loans.csv,1,MILD
6813,180,1,2022-02-28,2022-03-14,2022-03-08,2026-08-12T13:29:33.699965,loans.csv,0,ON TIME
8303,1737,3,2021-08-12,2021-08-26,2021-08-22,2026-08-12T13:29:33.699965,loans.csv,0,ON TIME
7925,433,5,2022-06-04,2022-06-18,2022-06-07,2026-08-12T13:29:33.699965,loans.csv,0,ON TIME
2213,1490,1,2024-08-27,2024-09-10,2024-09-12,2026-08-12T13:29:33.699965,loans.csv,2,MILD
1962,529,2,2024-12-02,2024-12-16,2024-12-17,2026-08-12T13:29:33.699965,loans.csv,1,MILD
2813,2665,2,2020-12-24,2021-01-07,2021-01-06,2026-08-12T13:29:33.699965,loans.csv,0,ON TIME
1714,1140,28,2024-04-17,2024-05-01,2024-04-25,2026-08-12T13:29:33.699965,loans.csv,0,ON TIME
2561,1547,3,2024-11-18,2024-12-02,2024-11-20,2026-08-12T13:29:33.699965,loans.csv,0,ON TIME
427,2468,6,2022-06-10,2022-06-24,2022-06-12,2026-08-12T13:29:33.699965,loans.csv,0,ON TIME
8225,1109,5,2024-09-23,2024-10-07,,2026-08-12T13:29:33.699965,loans.csv,674,CRITICAL
7638,911,1,2024-09-05,2024-09-26,2024-09-22,2026-08-12T13:29:33.699965,loans.csv,0,ON TIME
1275,2386,5,2023-05-22,2023-06-05,2023-06-11,2026-08-12T13:29:33.699965,loans.csv,6,MILD
2718,782,3,2024-05-31,2024-06-14,2024-06-01,2026-08-12T13:29:33.699965,loans.csv,0,ON TIME
2398,1716,3,2024-09-17,2024-10-01,,2026-08-12T13:29:33.699965,loans.csv,680,CRITICAL
2437,1830,1,2022-11-12,2022-11-26,2022-12-18,2026-08-12T13:29:33.699965,loans.csv,22,SEVERE
4107,432,3,2024-07-08,2024-07-22,2024-07-12,2026-08-12T13:29:33.699965,loans.csv,0,ON TIME
3160,100,1,2023-08-04,2023-08-18,2023-08-14,2026-08-12T13:29:33.699965,loans.csv,0,ON TIME
501,572,6,2024-10-07,2024-10-21,2024-10-14,2026-08-12T13:29:33.699965,loans.csv,0,ON TIME
6100,363,5,2021-01-17,2021-01-31,2021-01-25,2026-08-12T13:29:33.699965,loans.csv,0,ON TIME
5353,1157,10,2022-10-18,2022-11-01,2022-10-27,2026-08-12T13:29:33.699965,loans.csv,0,ON TIME
1254,1912,15,2024-08-18,2024-09-08,2024-09-05,2026-08-12T13:29:33.699965,loans.csv,0,ON TIME
3235,2398,3,2023-01-11,2023-01-25,,2026-08-12T13:29:33.699965,loans.csv,1295,CRITICAL
7803,1789,2,2020-10-05,2020-10-19,2020-10-11,2026-08-12T13:29:33.699965,loans.csv,0,ON TIME
6713,715,9,2021-08-07,2021-08-21,2021-08-16,2026-08-12T13:29:33.699965,loans.csv,0,ON TIME
9590,1626,4,2023-03-05,2023-03-19,2023-03-14,2026-08-12T13:29:33.699965,loans.csv,0,ON TIME
1291,1767,1,2023-07-18,2023-08-01,2023-07-29,2026-08-12T13:29:33.699965,loans.csv,0,ON TIME
7978,729,1,2024-09-02,2024-09-16,,2026-08-12T13:29:33.699965,loans.csv,695,CRITICAL
3371,1562,1,2024-01-11,2024-01-25,2024-01-13,2026-08-12T13:29:33.699965,loans.csv,0,ON TIME
9495,910,9,2023-12-08,2023-12-22,,2026-08-12T13:29:33.699965,loans.csv,964,CRITICAL
589,517,1,2024-09-22,2024-10-06,2024-09-23,2026-08-12T13:29:33.699965,loans.csv,0,ON TIME
7053,11,2,2022-05-27,2022-06-10,2022-06-05,2026-08-12T13:29:33.699965,loans.csv,0,ON TIME
8919,1661,1,2022-06-26,2022-07-10,2022-07-13,2026-08-12T13:29:33.699965,loans.csv,3,MILD
110,1068,1,2024-02-11,2024-02-25,,2026-08-12T13:29:33.699965,loans.csv,899,CRITICAL
4905,276,9,2023-10-30,2023-11-20,2023-11-05,2026-08-12T13:29:33.699965,loans.csv,0,ON TIME
3325,2481,4,2024-12-11,2024-12-25,,2026-08-12T13:29:33.699965,loans.csv,595,CRITICAL
1693,800,2,2023-02-21,2023-03-07,2023-02-28,2026-08-12T13:29:33.699965,loans.csv,0,ON TIME
2043,1060,1,2022-07-29,2022-08-12,,2026-08-12T13:29:33.699965,loans.csv,1461,CRITICAL
5074,2669,1,2024-11-06,2024-11-20,2024-11-16,2026-08-12T13:29:33.699965,loans.csv,0,ON TIME
6280,10,1,2023-03-21,2023-04-04,2023-03-25,2026-08-12T13:29:33.699965,loans.csv,0,ON TIME
9229,1067,4,2024-03-07,2024-03-21,2024-03-10,2026-08-12T13:29:33.699965,loans.csv,0,ON TIME
5261,1454,1,2020-07-10,2020-07-24,2020-07-25,2026-08-12T13:29:33.699965,loans.csv,1,MILD
3382,2514,12,2024-04-11,2024-05-02,2024-04-14,2026-08-12T13:29:33.699965,loans.csv,0,ON TIME
5668,1902,1,2021-11-19,2021-12-03,,2026-08-12T13:29:33.699965,loans.csv,1713,CRITICAL
2937,394,1,2024-10-12,2024-11-02,2024-10-18,2026-08-12T13:29:33.699965,loans.csv,0,ON TIME
3865,840,23,2024-07-13,2024-07-27,2024-08-13,2026-08-12T13:29:33.699965,loans.csv,17,SEVERE
4845,1227,1,2023-10-16,2023-10-30,,2026-08-12T13:29:33.699965,loans.csv,1017,CRITICAL
4898,1519,2,2023-01-19,2023-02-02,,2026-08-12T13:29:33.699965,loans.csv,1287,CRITICAL
4556,101,1,2024-05-22,2024-06-05,,2026-08-12T13:29:33.699965,loans.csv,798,CRITICAL
1479,865,1,2023-01-17,2023-01-31,2023-02-04,2026-08-12T13:29:33.699965,loans.csv,4,MILD
4381,1149,32,2023-03-29,2023-04-12,2023-04-01,2026-08-12T13:29:33.699965,loans.csv,0,ON TIME
8081,358,1,2022-08-29,2022-09-12,2022-08-30,2026-08-12T13:29:33.699965,loans.csv,0,ON TIME
7406,1519,8,2023-05-28,2023-06-11,2023-06-13,2026-08-12T13:29:33.699965,loans.csv,2,MILD
1891,388,21,2023-01-06,2023-01-20,,2026-08-12T13:29:33.699965,loans.csv,1300,CRITICAL
6735,1890,3,2024-03-24,2024-04-14,2024-04-11,2026-08-12T13:29:33.699965,loans.csv,0,ON TIME
947,263,6,2024-11-22,2024-12-13,2024-11-29,2026-08-12T13:29:33.699965,loans.csv,0,ON TIME
4307,342,11,2024-04-30,2024-05-14,2024-05-18,2026-08-12T13:29:33.699965,loans.csv,4,MILD
5834,2775,4,2021-04-27,2021-05-11,2021-05-17,2026-08-12T13:29:33.699965,loans.csv,6,MILD
3471,2572,5,2022-10-05,2022-10-19,2022-10-14,2026-08-12T13:29:33.699965,loans.csv,0,ON TIME
4855,498,3,2024-12-04,2024-12-18,2024-12-15,2026-08-12T13:29:33.699965,loans.csv,0,ON TIME
2526,1727,1,2021-11-27,2021-12-11,2021-12-13,2026-08-12T13:29:33.699965,loans.csv,2,MILD
8488,2108,1,2024-12-17,2025-01-07,,2026-08-12T13:29:33.699965,loans.csv,582,CRITICAL
1637,804,1,2024-11-28,2024-12-12,2024-11-30,2026-08-12T13:29:33.699965,loans.csv,0,ON TIME
6010,2108,1,2024-04-26,2024-05-10,2024-05-18,2026-08-12T13:29:33.699965,loans.csv,8,SEVERE
1339,679,1,2024-07-10,2024-07-24,2024-07-29,2026-08-12T13:29:33.699965,loans.csv,5,MILD
285,2340,3,2023-06-22,2023-07-13,2023-07-03,2026-08-12T13:29:33.699965,loans.csv,0,ON TIME
3302,265,1,2020-05-14,2020-05-28,2020-05-21,2026-08-12T13:29:33.699965,loans.csv,0,ON TIME
5578,701,1,2024-01-03,2024-01-24,2024-01-16,2026-08-12T13:29:33.699965,loans.csv,0,ON TIME
251,2190,9,2022-11-16,2022-11-30,2022-11-21,2026-08-12T13:29:33.699965,loans.csv,0,ON TIME
5348,1330,1,2024-10-26,2024-11-16,,2026-08-12T13:29:33.699965,loans.csv,634,CRITICAL
613,849,1,2024-07-09,2024-07-23,2024-08-06,2026-08-12T13:29:33.699965,loans.csv,14,SEVERE
3504,612,8,2024-09-29,2024-10-20,2024-10-25,2026-08-12T13:29:33.699965,loans.csv,5,MILD
5333,1326,1,2022-09-29,2022-10-13,2022-10-04,2026-08-12T13:29:33.699965,loans.csv,0,ON TIME
853,171,121,2023-11-11,2023-11-25,2023-11-13,2026-08-12T13:29:33.699965,loans.csv,0,ON TIME
782,971,59,2024-03-13,2024-03-27,2024-04-19,2026-08-12T13:29:33.699965,loans.csv,23,SEVERE
6364,1118,10,2023-12-11,2023-12-25,2023-12-22,2026-08-12T13:29:33.699965,loans.csv,0,ON TIME
4011,1115,3,2024-02-23,2024-03-08,2024-03-07,2026-08-12T13:29:33.699965,loans.csv,0,ON TIME
3613,1191,1,2023-12-11,2024-01-01,2024-01-07,2026-08-12T13:29:33.699965,loans.csv,6,MILD
7521,132,1,2024-08-25,2024-09-08,2024-10-16,2026-08-12T13:29:33.699965,loans.csv,38,CRITICAL
3085,1052,1,2023-09-21,2023-10-05,,2026-08-12T13:29:33.699965,loans.csv,1042,CRITICAL
7394,1976,11,2021-04-23,2021-05-07,2021-05-10,2026-08-12T13:29:33.699965,loans.csv,3,MILD
6523,195,7,2024-10-14,2024-10-28,2024-10-31,2026-08-12T13:29:33.699965,loans.csv,3,MILD
5818,2325,1,2023-07-05,2023-07-19,2023-07-23,2026-08-12T13:29:33.699965,loans.csv,4,MILD
3577,1767,1,2023-12-31,2024-01-21,2024-01-18,2026-08-12T13:29:33.699965,loans.csv,0,ON TIME
151,2355,1,2024-01-26,2024-02-09,2024-02-12,2026-08-12T13:29:33.699965,loans.csv,3,MILD
8345,1077,1,2024-08-04,2024-08-18,2024-08-24,2026-08-12T13:29:33.699965,loans.csv,6,MILD
4731,668,3,2024-02-20,2024-03-05,2024-03-01,2026-08-12T13:29:33.699965,loans.csv,0,ON TIME
8089,1508,3,2024-07-29,2024-08-12,2024-08-04,2026-08-12T13:29:33.699965,loans.csv,0,ON TIME
5048,2092,18,2022-08-25,2022-09-08,2022-09-05,2026-08-12T13:29:33.699965,loans.csv,0,ON TIME
560,1235,1,2024-12-19,2025-01-02,,2026-08-12T13:29:33.699965,loans.csv,587,CRITICAL
4748,2305,8,2023-08-19,2023-09-02,2023-09-06,2026-08-12T13:29:33.699965,loans.csv,4,MILD
576,136,1,2021-07-24,2021-08-07,2021-07-25,2026-08-12T13:29:33.699965,loans.csv,0,ON TIME
1134,1374,1,2024-06-23,2024-07-07,2024-07-13,2026-08-12T13:29:33.699965,loans.csv,6,MILD
4566,412,1,2022-11-03,2022-11-17,2022-11-24,2026-08-12T13:29:33.699965,loans.csv,7,MILD
3535,1777,3,2020-12-31,2021-01-14,2021-01-04,2026-08-12T13:29:33.699965,loans.csv,0,ON TIME
1769,1108,8,2022-12-10,2022-12-31,2022-12-28,2026-08-12T13:29:33.699965,loans.csv,0,ON TIME
9478,2018,3,2023-12-04,2023-12-18,2024-01-02,2026-08-12T13:29:33.699965,loans.csv,15,SEVERE
8104,852,1,2024-07-30,2024-08-20,2024-08-15,2026-08-12T13:29:33.699965,loans.csv,0,ON TIME
6854,2779,3,2023-06-18,2023-07-02,2023-06-23,2026-08-12T13:29:33.699965,loans.csv,0,ON TIME
1463,1952,1,2024-10-31,2024-11-14,2024-11-05,2026-08-12T13:29:33.699965,loans.csv,0,ON TIME
7084,2607,2,2024-07-04,2024-07-18,2024-07-09,2026-08-12T13:29:33.699965,loans.csv,0,ON TIME
1914,2716,15,2021-10-02,2021-10-16,2021-10-06,2026-08-12T13:29:33.699965,loans.csv,0,ON TIME
7223,1010,2,2022-04-16,2022-04-30,2022-04-28,2026-08-12T13:29:33.699965,loans.csv,0,ON TIME
6798,1832,1,2020-12-15,2020-12-29,2020-12-30,2026-08-12T13:29:33.699965,loans.csv,1,MILD
6023,935,5,2020-03-17,2020-03-31,2020-03-28,2026-08-12T13:29:33.699965,loans.csv,0,ON TIME
4937,2066,1,2023-06-26,2023-07-10,2023-08-11,2026-08-12T13:29:33.699965,loans.csv,32,CRITICAL
3297,2538,1,2021-07-13,2021-07-27,2021-07-14,2026-08-12T13:29:33.699965,loans.csv,0,ON TIME
1283,1253,9,2021-09-22,2021-10-06,2021-10-02,2026-08-12T13:29:33.699965,loans.csv,0,ON TIME
6215,481,3,2022-07-13,2022-07-27,2022-07-16,2026-08-12T13:29:33.699965,loans.csv,0,ON TIME
171,1382,1,2024-07-21,2024-08-04,2024-07-26,2026-08-12T13:29:33.699965,loans.csv,0,ON TIME
2207,1763,2,2022-11-14,2022-11-28,2022-11-24,2026-08-12T13:29:33.699965,loans.csv,0,ON TIME
3295,1231,1,2024-09-11,2024-09-25,,2026-08-12T13:29:33.699965,loans.csv,686,CRITICAL
6175,2280,1,2022-03-10,2022-03-24,2022-03-16,2026-08-12T13:29:33.699965,loans.csv,0,ON TIME
6079,1350,29,2024-05-30,2024-06-13,2024-06-04,2026-08-12T13:29:33.699965,loans.csv,0,ON TIME
1185,1977,6,2022-12-20,2023-01-03,2023-01-10,2026-08-12T13:29:33.699965,loans.csv,7,MILD
8072,622,1,2024-10-04,2024-10-18,2024-10-25,2026-08-12T13:29:33.699965,loans.csv,7,MILD
3474,1954,4,2024-08-14,2024-08-28,2024-08-27,2026-08-12T13:29:33.699965,loans.csv,0,ON TIME
4592,1042,19,2022-07-20,2022-08-03,2022-08-04,2026-08-12T13:29:33.699965,loans.csv,1,MILD
8420,1058,51,2024-05-05,2024-05-19,2024-05-08,2026-08-12T13:29:33.699965,loans.csv,0,ON TIME
8123,638,1,2023-02-06,2023-02-20,2023-02-17,2026-08-12T13:29:33.699965,loans.csv,0,ON TIME
2101,236,1,2024-11-14,2024-11-28,,2026-08-12T13:29:33.699965,loans.csv,622,CRITICAL
8027,2626,2,2023-05-23,2023-06-06,2023-06-16,2026-08-12T13:29:33.699965,loans.csv,10,SEVERE
9147,437,142,2024-06-15,2024-07-06,2024-07-01,2026-08-12T13:29:33.699965,loans.csv,0,ON TIME
5444,1886,52,2024-08-20,2024-09-03,2024-08-24,2026-08-12T13:29:33.699965,loans.csv,0,ON TIME
705,441,6,2024-12-16,2024-12-30,,2026-08-12T13:29:33.699965,loans.csv,590,CRITICAL
5188,957,1,2024-03-05,2024-03-19,2024-03-12,2026-08-12T13:29:33.699965,loans.csv,0,ON TIME
9352,1704,2,2024-06-04,2024-06-18,,2026-08-12T13:29:33.699965,loans.csv,785,CRITICAL
921,546,1,2023-08-08,2023-08-22,2023-08-13,2026-08-12T13:29:33.699965,loans.csv,0,ON TIME
7584,770,7,2021-12-03,2021-12-17,2021-12-06,2026-08-12T13:29:33.699965,loans.csv,0,ON TIME
9076,1988,1,2022-01-27,2022-02-10,2022-02-16,2026-08-12T13:29:33.699965,loans.csv,6,MILD
7636,1703,4,2024-08-05,2024-08-19,,2026-08-12T13:29:33.699965,loans.csv,723,CRITICAL
3347,506,3,2024-08-08,2024-08-22,,2026-08-12T13:29:33.699965,loans.csv,720,CRITICAL
7543,2065,2,2021-01-04,2021-01-18,,2026-08-12T13:29:33.699965,loans.csv,2032,CRITICAL
3843,760,1,2023-01-09,2023-01-23,2023-01-14,2026-08-12T13:29:33.699965,loans.csv,0,ON TIME
2822,1483,1,2021-07-21,2021-08-04,2021-08-06,2026-08-12T13:29:33.699965,loans.csv,2,MILD
2312,25,1,2020-08-02,2020-08-16,2020-08-11,2026-08-12T13:29:33.699965,loans.csv,0,ON TIME
4188,2513,1,2024-04-24,2024-05-08,2024-04-29,2026-08-12T13:29:33.699965,loans.csv,0,ON TIME
5858,1124,4,2024-11-28,2024-12-19,2024-11-30,2026-08-12T13:29:33.699965,loans.csv,0,ON TIME
805,1707,3,2024-09-06,2024-09-20,2024-09-25,2026-08-12T13:29:33.699965,loans.csv,5,MILD
5656,2067,7,2021-05-18,2021-06-01,2021-05-23,2026-08-12T13:29:33.699965,loans.csv,0,ON TIME
4814,1986,1,2023-12-10,2023-12-24,2023-12-20,2026-08-12T13:29:33.699965,loans.csv,0,ON TIME
70,702,2,2024-08-25,2024-09-08,2024-09-09,2026-08-12T13:29:33.699965,loans.csv,1,MILD
7124,1097,4,2022-12-12,2022-12-26,2022-12-21,2026-08-12T13:29:33.699965,loans.csv,0,ON TIME
8523,120,4,2024-01-13,2024-01-27,2024-01-25,2026-08-12T13:29:33.699965,loans.csv,0,ON TIME
4632,1218,2,2024-03-16,2024-03-30,,2026-08-12T13:29:33.699965,loans.csv,865,CRITICAL
8411,1523,3,2024-11-26,2024-12-10,2024-12-05,2026-08-12T13:29:33.699965,loans.csv,0,ON TIME
9275,2065,1,2022-12-30,2023-01-13,2023-01-07,2026-08-12T13:29:33.699965,loans.csv,0,ON TIME
2793,1847,3,2024-12-18,2025-01-01,,2026-08-12T13:29:33.699965,loans.csv,588,CRITICAL
5754,988,2,2024-07-04,2024-07-18,2024-07-08,2026-08-12T13:29:33.699965,loans.csv,0,ON TIME
6508,1015,1,2023-04-14,2023-04-28,2023-05-02,2026-08-12T13:29:33.699965,loans.csv,4,MILD
7779,1582,1,2024-06-06,2024-06-20,2024-06-14,2026-08-12T13:29:33.699965,loans.csv,0,ON TIME
7890,701,1,2023-08-17,2023-08-31,2023-09-01,2026-08-12T13:29:33.699965,loans.csv,1,MILD
1628,636,1,2024-03-10,2024-03-24,2024-03-22,2026-08-12T13:29:33.699965,loans.csv,0,ON TIME
1350,1478,26,2020-08-21,2020-09-04,2020-09-03,2026-08-12T13:29:33.699965,loans.csv,0,ON TIME
4984,2261,3,2023-10-28,2023-11-11,2023-11-13,2026-08-12T13:29:33.699965,loans.csv,2,MILD
5605,459,1,2021-08-23,2021-09-06,2021-08-30,2026-08-12T13:29:33.699965,loans.csv,0,ON TIME
5835,1967,1,2022-07-26,2022-08-16,2022-08-18,2026-08-12T13:29:33.699965,loans.csv,2,MILD
5395,1819,1,2023-05-09,2023-05-30,2023-05-18,2026-08-12T13:29:33.699965,loans.csv,0,ON TIME
1484,1400,12,2024-05-02,2024-05-16,2024-05-23,2026-08-12T13:29:33.699965,loans.csv,7,MILD
7390,449,1,2022-10-10,2022-10-24,2022-10-14,2026-08-12T13:29:33.699965,loans.csv,0,ON TIME
9052,1287,13,2024-11-13,2024-11-27,2024-11-21,2026-08-12T13:29:33.699965,loans.csv,0,ON TIME
6258,888,6,2024-03-25,2024-04-08,2024-04-14,2026-08-12T13:29:33.699965,loans.csv,6,MILD
7696,1062,1,2024-01-08,2024-01-22,2024-01-18,2026-08-12T13:29:33.699965,loans.csv,0,ON TIME
7874,1582,1,2023-10-06,2023-10-20,,2026-08-12T13:29:33.699965,loans.csv,1027,CRITICAL
8664,336,2,2023-10-05,2023-10-19,2023-10-17,2026-08-12T13:29:33.699965,loans.csv,0,ON TIME
9249,2428,1,2023-02-23,2023-03-09,2023-03-07,2026-08-12T13:29:33.699965,loans.csv,0,ON TIME
7739,1998,1,2024-05-18,2024-06-01,2024-05-24,2026-08-12T13:29:33.699965,loans.csv,0,ON TIME
5346,1412,8,2024-10-11,2024-10-25,2024-10-13,2026-08-12T13:29:33.699965,loans.csv,0,ON TIME
3062,966,15,2023-06-24,2023-07-08,2023-07-20,2026-08-12T13:29:33.699965,loans.csv,12,SEVERE
4989,2139,1,2024-08-02,2024-08-16,2024-08-13,2026-08-12T13:29:33.699965,loans.csv,0,ON TIME
8249,2351,6,2022-10-01,2022-10-15,2022-10-02,2026-08-12T13:29:33.699965,loans.csv,0,ON TIME
4152,2520,3,2022-05-01,2022-05-15,2022-05-08,2026-08-12T13:29:33.699965,loans.csv,0,ON TIME
4972,11,1,2024-07-26,2024-08-09,2024-08-06,2026-08-12T13:29:33.699965,loans.csv,0,ON TIME
979,2106,1,2022-05-13,2022-05-27,2022-06-24,2026-08-12T13:29:33.699965,loans.csv,28,SEVERE
4154,1465,1,2024-10-02,2024-10-16,,2026-08-12T13:29:33.699965,loans.csv,665,CRITICAL
4734,254,11,2023-11-14,2023-11-28,2023-11-29,2026-08-12T13:29:33.699965,loans.csv,1,MILD
2436,1534,56,2023-04-15,2023-04-29,2023-04-27,2026-08-12T13:29:33.699965,loans.csv,0,ON TIME
983,1766,39,2024-11-12,2024-11-26,2024-11-14,2026-08-12T13:29:33.699965,loans.csv,0,ON TIME
60,1042,1,2023-08-21,2023-09-04,2023-08-30,2026-08-12T13:29:33.699965,loans.csv,0,ON TIME
8048,1276,1,2024-07-31,2024-08-14,2024-08-03,2026-08-12T13:29:33.699965,loans.csv,0,ON TIME
7040,1058,1,2024-05-18,2024-06-01,2024-05-31,2026-08-12T13:29:33.699965,loans.csv,0,ON TIME
2566,2591,1,2020-08-21,2020-09-04,2020-08-27,2026-08-12T13:29:33.699965,loans.csv,0,ON TIME
8813,2186,1,2024-10-14,2024-10-28,2024-10-25,2026-08-12T13:29:33.699965,loans.csv,0,ON TIME
340,2538,1,2022-04-01,2022-04-15,2022-04-11,2026-08-12T13:29:33.699965,loans.csv,0,ON TIME
83,169,3,2022-01-09,2022-01-23,,2026-08-12T13:29:33.699965,loans.csv,1662,CRITICAL
5144,914,1,2023-04-07,2023-04-21,2023-04-19,2026-08-12T13:29:33.699965,loans.csv,0,ON TIME
7626,129,17,2023-11-15,2023-11-29,2023-11-21,2026-08-12T13:29:33.699965,loans.csv,0,ON TIME
1452,421,3,2021-09-01,2021-09-22,2021-09-19,2026-08-12T13:29:33.699965,loans.csv,0,ON TIME
7656,715,2,2024-05-23,2024-06-06,,2026-08-12T13:29:33.699965,loans.csv,797,CRITICAL
1735,1296,17,2024-12-26,2025-01-09,,2026-08-12T13:29:33.699965,loans.csv,580,CRITICAL
8313,800,69,2024-02-06,2024-02-20,2024-02-16,2026-08-12T13:29:33.699965,loans.csv,0,ON TIME
7303,1798,1,2023-10-21,2023-11-04,2023-10-27,2026-08-12T13:29:33.699965,loans.csv,0,ON TIME
4779,1759,4,2024-04-20,2024-05-04,2024-05-02,2026-08-12T13:29:33.699965,loans.csv,0,ON TIME
6695,2558,13,2021-06-23,2021-07-07,2021-07-31,2026-08-12T13:29:33.699965,loans.csv,24,SEVERE
766,1592,9,2024-02-04,2024-02-18,2024-02-15,2026-08-12T13:29:33.699965,loans.csv,0,ON TIME
1296,264,1,2024-11-07,2024-11-21,,2026-08-12T13:29:33.699965,loans.csv,629,CRITICAL
5131,871,3,2023-12-31,2024-01-14,2024-01-13,2026-08-12T13:29:33.699965,loans.csv,0,ON TIME
1412,2088,2,2024-06-23,2024-07-07,2024-06-29,2026-08-12T13:29:33.699965,loans.csv,0,ON TIME
8954,1833,5,2020-06-12,2020-06-26,,2026-08-12T13:29:33.699965,loans.csv,2238,CRITICAL
5355,1691,5,2024-05-15,2024-05-29,,2026-08-12T13:29:33.699965,loans.csv,805,CRITICAL
9130,2460,10,2024-11-16,2024-11-30,2024-12-02,2026-08-12T13:29:33.699965,loans.csv,2,MILD
854,189,1,2023-10-06,2023-10-20,2023-10-07,2026-08-12T13:29:33.699965,loans.csv,0,ON TIME
7598,1759,4,2024-09-28,2024-10-12,2024-10-11,2026-08-12T13:29:33.699965,loans.csv,0,ON TIME
6116,1748,1,2023-03-23,2023-04-13,2023-05-01,2026-08-12T13:29:33.699965,loans.csv,18,SEVERE
3909,2331,9,2024-04-11,2024-04-25,2024-05-02,2026-08-12T13:29:33.699965,loans.csv,7,MILD
3719,2668,4,2024-08-02,2024-08-16,2024-09-05,2026-08-12T13:29:33.699965,loans.csv,20,SEVERE
2995,264,1,2024-10-17,2024-10-31,2024-10-26,2026-08-12T13:29:33.699965,loans.csv,0,ON TIME
6547,17,41,2023-12-30,2024-01-13,2024-01-01,2026-08-12T13:29:33.699965,loans.csv,0,ON TIME
6921,1671,8,2023-10-19,2023-11-02,2023-11-02,2026-08-12T13:29:33.699965,loans.csv,0,ON TIME
446,2257,2,2024-01-17,2024-01-31,,2026-08-12T13:29:33.699965,loans.csv,924,CRITICAL
3782,388,6,2024-05-22,2024-06-05,2024-06-12,2026-08-12T13:29:33.699965,loans.csv,7,MILD
6045,612,1,2021-04-05,2021-04-19,,2026-08-12T13:29:33.699965,loans.csv,1941,CRITICAL
4300,1555,4,2020-07-04,2020-07-18,2020-07-24,2026-08-12T13:29:33.699965,loans.csv,6,MILD
7388,2025,1,2022-05-27,2022-06-10,2022-05-31,2026-08-12T13:29:33.699965,loans.csv,0,ON TIME
184,1859,3,2024-10-30,2024-11-13,2024-11-07,2026-08-12T13:29:33.699965,loans.csv,0,ON TIME
9610,2680,2,2020-11-18,2020-12-02,2020-11-22,2026-08-12T13:29:33.699965,loans.csv,0,ON TIME
3315,1021,5,2024-11-26,2024-12-10,2024-12-05,2026-08-12T13:29:33.699965,loans.csv,0,ON TIME
5078,1415,3,2021-06-09,2021-06-23,2021-06-10,2026-08-12T13:29:33.699965,loans.csv,0,ON TIME
1428,2310,1,2021-02-28,2021-03-14,2021-03-12,2026-08-12T13:29:33.699965,loans.csv,0,ON TIME
4799,2111,2,2024-12-11,2024-12-25,,2026-08-12T13:29:33.699965,loans.csv,595,CRITICAL
6775,1554,1,2024-03-12,2024-03-26,2024-04-01,2026-08-12T13:29:33.699965,loans.csv,6,MILD
787,1186,5,2022-08-23,2022-09-13,,2026-08-12T13:29:33.699965,loans.csv,1429,CRITICAL
6973,461,5,2024-03-17,2024-03-31,2024-03-19,2026-08-12T13:29:33.699965,loans.csv,0,ON TIME
8252,745,1,2022-02-14,2022-02-28,2022-02-24,2026-08-12T13:29:33.699965,loans.csv,0,ON TIME
5664,2322,1,2023-07-27,2023-08-10,2023-08-04,2026-08-12T13:29:33.699965,loans.csv,0,ON TIME
395,146,1,2024-09-16,2024-09-30,2024-10-01,2026-08-12T13:29:33.699965,loans.csv,1,MILD
1039,814,4,2020-03-21,2020-04-04,2020-03-30,2026-08-12T13:29:33.699965,loans.csv,0,ON TIME
5853,2305,9,2024-02-24,2024-03-09,2024-03-01,2026-08-12T13:29:33.699965,loans.csv,0,ON TIME
4557,1847,1,2024-09-10,2024-09-24,2024-09-21,2026-08-12T13:29:33.699965,loans.csv,0,ON TIME
5725,388,42,2024-07-30,2024-08-13,2024-08-06,2026-08-12T13:29:33.699965,loans.csv,0,ON TIME
6166,1141,44,2024-07-06,2024-07-20,2024-07-07,2026-08-12T13:29:33.699965,loans.csv,0,ON TIME
6241,2399,1,2021-12-08,2021-12-22,2021-12-20,2026-08-12T13:29:33.699965,loans.csv,0,ON TIME
169,2022,11,2022-07-22,2022-08-05,2022-08-08,2026-08-12T13:29:33.699965,loans.csv,3,MILD
1327,1115,1,2023-07-30,2023-08-13,2023-08-04,2026-08-12T13:29:33.699965,loans.csv,0,ON TIME
8128,847,3,2024-12-18,2025-01-01,,2026-08-12T13:29:33.699965,loans.csv,588,CRITICAL
2547,2790,1,2021-02-18,2021-03-04,2021-03-02,2026-08-12T13:29:33.699965,loans.csv,0,ON TIME
1667,2057,96,2024-08-01,2024-08-15,2024-08-14,2026-08-12T13:29:33.699965,loans.csv,0,ON TIME
7017,594,5,2024-06-09,2024-06-23,2024-06-21,2026-08-12T13:29:33.699965,loans.csv,0,ON TIME
4113,187,2,2023-07-12,2023-08-02,2023-08-06,2026-08-12T13:29:33.699965,loans.csv,4,MILD
2962,1480,2,2024-01-09,2024-01-23,2024-01-10,2026-08-12T13:29:33.699965,loans.csv,0,ON TIME
2600,2119,4,2023-06-15,2023-06-29,2023-06-24,2026-08-12T13:29:33.699965,loans.csv,0,ON TIME
3123,2459,7,2024-12-05,2024-12-19,2024-12-08,2026-08-12T13:29:33.699965,loans.csv,0,ON TIME
2330,1254,22,2022-06-08,2022-06-22,2022-06-11,2026-08-12T13:29:33.699965,loans.csv,0,ON TIME
2095,286,1,2024-06-11,2024-06-25,,2026-08-12T13:29:33.699965,loans.csv,778,CRITICAL
1613,417,2,2024-05-03,2024-05-17,2024-05-12,2026-08-12T13:29:33.699965,loans.csv,0,ON TIME
4252,683,14,2022-05-08,2022-05-22,2022-05-16,2026-08-12T13:29:33.699965,loans.csv,0,ON TIME
46,276,13,2023-01-22,2023-02-05,2023-01-26,2026-08-12T13:29:33.699965,loans.csv,0,ON TIME
2970,2394,2,2024-10-25,2024-11-08,2024-11-07,2026-08-12T13:29:33.699965,loans.csv,0,ON TIME
5470,1226,1,2022-10-28,2022-11-11,,2026-08-12T13:29:33.699965,loans.csv,1370,CRITICAL
2632,1842,3,2023-11-29,2023-12-13,2024-01-04,2026-08-12T13:29:33.699965,loans.csv,22,SEVERE
266,552,1,2022-02-01,2022-02-15,2022-02-07,2026-08-12T13:29:33.699965,loans.csv,0,ON TIME
5026,580,2,2024-09-10,2024-09-24,2024-09-22,2026-08-12T13:29:33.699965,loans.csv,0,ON TIME
5391,2701,1,2024-10-21,2024-11-04,2024-10-30,2026-08-12T13:29:33.699965,loans.csv,0,ON TIME
5603,2673,1,2024-03-03,2024-03-17,2024-03-16,2026-08-12T13:29:33.699965,loans.csv,0,ON TIME
3853,2167,1,2023-01-01,2023-01-15,2023-01-13,2026-08-12T13:29:33.699965,loans.csv,0,ON TIME
4753,1067,1,2024-12-04,2024-12-18,2024-12-19,2026-08-12T13:29:33.699965,loans.csv,1,MILD
3773,2252,2,2024-07-20,2024-08-03,2024-07-23,2026-08-12T13:29:33.699965,loans.csv,0,ON TIME
6119,2459,2,2024-06-30,2024-07-21,2024-07-11,2026-08-12T13:29:33.699965,loans.csv,0,ON TIME
90,2016,1,2023-12-20,2024-01-03,2024-01-05,2026-08-12T13:29:33.699965,loans.csv,2,MILD
3035,1005,5,2023-10-23,2023-11-06,2023-10-29,2026-08-12T13:29:33.699965,loans.csv,0,ON TIME
1627,27,1,2024-06-13,2024-06-27,2024-06-28,2026-08-12T13:29:33.699965,loans.csv,1,MILD
4372,261,1,2024-06-01,2024-06-15,2024-06-06,2026-08-12T13:29:33.699965,loans.csv,0,ON TIME
5290,2672,2,2024-11-04,2024-11-18,2024-11-18,2026-08-12T13:29:33.699965,loans.csv,0,ON TIME
1564,1326,2,2024-10-25,2024-11-08,,2026-08-12T13:29:33.699965,loans.csv,642,CRITICAL
7445,2028,2,2024-08-27,2024-09-10,2024-08-28,2026-08-12T13:29:33.699965,loans.csv,0,ON TIME
5866,560,2,2024-09-04,2024-09-18,2024-09-21,2026-08-12T13:29:33.699965,loans.csv,3,MILD
1180,2626,8,2024-10-12,2024-10-26,2024-10-23,2026-08-12T13:29:33.699965,loans.csv,0,ON TIME
8279,398,7,2023-10-29,2023-11-12,2023-11-01,2026-08-12T13:29:33.699965,loans.csv,0,ON TIME
6387,369,72,2022-12-20,2023-01-03,2022-12-22,2026-08-12T13:29:33.699965,loans.csv,0,ON TIME
4293,1247,2,2021-08-04,2021-08-25,2021-08-27,2026-08-12T13:29:33.699965,loans.csv,2,MILD
9556,1440,3,2023-05-07,2023-05-21,2023-05-14,2026-08-12T13:29:33.699965,loans.csv,0,ON TIME
9000,1290,3,2022-10-28,2022-11-11,2022-11-05,2026-08-12T13:29:33.699965,loans.csv,0,ON TIME
579,714,18,2023-10-29,2023-11-12,2023-11-09,2026-08-12T13:29:33.699965,loans.csv,0,ON TIME
146,923,1,2024-06-07,2024-06-21,2024-06-18,2026-08-12T13:29:33.699965,loans.csv,0,ON TIME
1752,1018,1,2021-03-08,2021-03-29,,2026-08-12T13:29:33.699965,loans.csv,1962,CRITICAL
4763,2522,3,2024-11-01,2024-11-15,2024-11-17,2026-08-12T13:29:33.699965,loans.csv,2,MILD
5793,1349,1,2022-08-23,2022-09-06,2022-08-31,2026-08-12T13:29:33.699965,loans.csv,0,ON TIME
428,1291,2,2022-05-14,2022-05-28,2022-05-26,2026-08-12T13:29:33.699965,loans.csv,0,ON TIME
6917,2170,1,2024-11-18,2024-12-02,2024-12-03,2026-08-12T13:29:33.699965,loans.csv,1,MILD
3070,2183,1,2024-06-07,2024-06-28,2024-06-15,2026-08-12T13:29:33.699965,loans.csv,0,ON TIME
2195,39,1,2023-11-13,2023-11-27,,2026-08-12T13:29:33.699965,loans.csv,989,CRITICAL
2950,1239,1,2024-08-09,2024-08-23,2024-08-11,2026-08-12T13:29:33.699965,loans.csv,0,ON TIME
8390,226,1,2024-12-23,2025-01-06,,2026-08-12T13:29:33.699965,loans.csv,583,CRITICAL
3827,628,2,2022-07-03,2022-07-17,2022-07-10,2026-08-12T13:29:33.699965,loans.csv,0,ON TIME
6446,1653,1,2024-03-28,2024-04-11,2024-05-23,2026-08-12T13:29:33.699965,loans.csv,42,CRITICAL
3451,1102,1,2024-10-18,2024-11-01,,2026-08-12T13:29:33.699965,loans.csv,649,CRITICAL
3245,1371,1,2024-07-26,2024-08-09,2024-08-15,2026-08-12T13:29:33.699965,loans.csv,6,MILD
5716,2764,33,2020-03-19,2020-04-02,2020-04-01,2026-08-12T13:29:33.699965,loans.csv,0,ON TIME
4204,1795,1,2024-07-02,2024-07-23,2024-07-03,2026-08-12T13:29:33.699965,loans.csv,0,ON TIME
1482,2659,1,2021-11-18,2021-12-02,2021-12-27,2026-08-12T13:29:33.699965,loans.csv,25,SEVERE
5898,1323,1,2023-05-05,2023-05-26,,2026-08-12T13:29:33.699965,loans.csv,1174,CRITICAL
3802,1852,4,2024-11-28,2024-12-12,2024-12-04,2026-08-12T13:29:33.699965,loans.csv,0,ON TIME
1124,1645,1,2024-05-15,2024-05-29,2024-05-29,2026-08-12T13:29:33.699965,loans.csv,0,ON TIME
5377,1715,77,2024-10-14,2024-11-04,2024-11-25,2026-08-12T13:29:33.699965,loans.csv,21,SEVERE
5706,2010,1,2022-01-20,2022-02-03,2022-01-27,2026-08-12T13:29:33.699965,loans.csv,0,ON TIME
6930,717,1,2022-09-24,2022-10-08,2022-10-24,2026-08-12T13:29:33.699965,loans.csv,16,SEVERE
8592,339,9,2024-12-12,2024-12-26,,2026-08-12T13:29:33.699965,loans.csv,594,CRITICAL
8210,1631,1,2024-03-31,2024-04-14,2024-04-12,2026-08-12T13:29:33.699965,loans.csv,0,ON TIME
9560,1712,2,2024-08-30,2024-09-13,,2026-08-12T13:29:33.699965,loans.csv,698,CRITICAL
8135,1056,2,2024-04-22,2024-05-06,2024-05-02,2026-08-12T13:29:33.699965,loans.csv,0,ON TIME
1318,2746,1,2022-03-11,2022-03-25,2022-03-29,2026-08-12T13:29:33.699965,loans.csv,4,MILD
7684,1402,30,2022-06-03,2022-06-17,2022-06-05,2026-08-12T13:29:33.699965,loans.csv,0,ON TIME
3398,2204,4,2023-07-08,2023-07-22,2023-07-09,2026-08-12T13:29:33.699965,loans.csv,0,ON TIME
7614,2012,22,2023-01-08,2023-01-22,2023-01-24,2026-08-12T13:29:33.699965,loans.csv,2,MILD
648,1119,2,2023-02-26,2023-03-12,,2026-08-12T13:29:33.699965,loans.csv,1249,CRITICAL
7608,588,1,2023-07-26,2023-08-09,2023-07-29,2026-08-12T13:29:33.699965,loans.csv,0,ON TIME
4651,1330,1,2024-03-27,2024-04-10,2024-05-13,2026-08-12T13:29:33.699965,loans.csv,33,CRITICAL
425,1760,35,2023-07-18,2023-08-08,,2026-08-12T13:29:33.699965,loans.csv,1100,CRITICAL
4635,1529,1,2023-02-11,2023-02-25,2023-03-04,2026-08-12T13:29:33.699965,loans.csv,7,MILD
5775,2182,1,2024-08-13,2024-08-27,2024-08-14,2026-08-12T13:29:33.699965,loans.csv,0,ON TIME
