review_id,customer_id,book_id,rating,review_text,created_at,_ingestion_timestamp,_source_file
1412,2568,5,2,Overrated. I did not enjoy the characters at all.,2024-07-08 10:42:10,2026-08-12T13:29:33.761206,reviews.csv
2964,2333,3,4,"Good book, though the ending felt a little rushed.",2024-12-01 09:13:58,2026-08-12T13:29:33.761206,reviews.csv
3657,1499,7,4,Enjoyed it quite a bit. Solid writing and interesting ideas.,2022-03-05 11:40:17,2026-08-12T13:29:33.761206,reviews.csv
4996,1916,1,4,"Good book, though the ending felt a little rushed.",2021-05-28 17:06:29,2026-08-12T13:29:33.761206,reviews.csv
3919,992,31,4,"Good book, though the ending felt a little rushed.",2024-09-19 18:51:54,2026-08-12T13:29:33.761206,reviews.csv
4676,1107,1,3,Neither great nor terrible. Passes the time.,2022-01-09 20:14:50,2026-08-12T13:29:33.761206,reviews.csv
5289,165,6,4,Mostly great. The middle section drags a bit.,2024-10-30 17:43:35,2026-08-12T13:29:33.761206,reviews.csv
2642,2470,12,4,"Good book, though the ending felt a little rushed.",2021-06-19 16:36:09,2026-08-12T13:29:33.761206,reviews.csv
4608,1596,1,4,Well-written and engaging. A few plot holes but forgivable.,2023-02-26 15:14:08,2026-08-12T13:29:33.761206,reviews.csv
5475,1062,23,5,I finished this in two sittings. Absolutely riveting.,2024-02-04 18:57:53,2026-08-12T13:29:33.761206,reviews.csv
525,1940,1,5,The writing is exceptional and the story gripped me from page one.,2022-12-05 15:40:34,2026-08-12T13:29:33.761206,reviews.csv
3097,2002,2,4,Above average. Would recommend to fans of the genre.,2023-02-28 09:42:28,2026-08-12T13:29:33.761206,reviews.csv
2665,2095,5,5,Exceeded all my expectations. Truly extraordinary.,2023-07-07 23:04:37,2026-08-12T13:29:33.761206,reviews.csv
2009,2621,2,4,Enjoyed it quite a bit. Solid writing and interesting ideas.,2022-07-22 10:54:15,2026-08-12T13:29:33.761206,reviews.csv
613,2663,1,3,It was okay. The hype around this book is a bit overstated.,2024-12-31 07:24:19,2026-08-12T13:29:33.761206,reviews.csv
2257,2485,2,4,Well-written and engaging. A few plot holes but forgivable.,2024-02-13 21:14:01,2026-08-12T13:29:33.761206,reviews.csv
5433,2330,4,3,,2023-10-19 16:02:38,2026-08-12T13:29:33.761206,reviews.csv
2533,1710,2,5,Perfect blend of story and insight. Will read again.,2023-01-30 18:52:11,2026-08-12T13:29:33.761206,reviews.csv
2981,442,2,4,Liked it. The first half is stronger than the second.,2024-12-09 16:39:29,2026-08-12T13:29:33.761206,reviews.csv
883,1988,3,3,Decent read. Not my favourite but not bad either.,2022-11-01 04:42:23,2026-08-12T13:29:33.761206,reviews.csv
5232,1042,3,3,Had potential but did not quite deliver on its promise.,2024-09-04 23:17:18,2026-08-12T13:29:33.761206,reviews.csv
3196,29,8,2,Struggled to get through it. The story meanders endlessly.,2024-04-29 22:35:10,2026-08-12T13:29:33.761206,reviews.csv
174,771,1,4,Enjoyed it quite a bit. Solid writing and interesting ideas.,2022-09-25 08:13:59,2026-08-12T13:29:33.761206,reviews.csv
4435,1409,1,5,The writing is exceptional and the story gripped me from page one.,2024-02-13 06:13:00,2026-08-12T13:29:33.761206,reviews.csv
2067,2487,15,3,It was okay. The hype around this book is a bit overstated.,2020-10-12 20:48:02,2026-08-12T13:29:33.761206,reviews.csv
245,1694,5,3,Decent read. Not my favourite but not bad either.,2021-10-14 17:58:10,2026-08-12T13:29:33.761206,reviews.csv
3637,136,1,4,Above average. Would recommend to fans of the genre.,2022-10-22 07:10:08,2026-08-12T13:29:33.761206,reviews.csv
506,2034,1,3,Neither great nor terrible. Passes the time.,2020-04-13 06:52:21,2026-08-12T13:29:33.761206,reviews.csv
930,2094,2,4,A very good read overall. Some chapters were slow but worth it.,2023-06-23 09:09:36,2026-08-12T13:29:33.761206,reviews.csv
1827,2129,1,4,A very good read overall. Some chapters were slow but worth it.,2024-03-18 21:08:39,2026-08-12T13:29:33.761206,reviews.csv
807,1233,3,3,"Some interesting parts, but overall felt underwhelming.",2023-11-21 22:36:10,2026-08-12T13:29:33.761206,reviews.csv
3890,1513,1,4,Well-written and engaging. A few plot holes but forgivable.,2020-10-27 18:17:57,2026-08-12T13:29:33.761206,reviews.csv
89,2406,1,3,Had potential but did not quite deliver on its promise.,2022-09-08 11:35:22,2026-08-12T13:29:33.761206,reviews.csv
972,96,22,3,"Some interesting parts, but overall felt underwhelming.",2023-05-25 14:03:49,2026-08-12T13:29:33.761206,reviews.csv
1707,1973,2,4,Pleasant read. Nothing groundbreaking but definitely enjoyable.,2024-09-28 12:23:15,2026-08-12T13:29:33.761206,reviews.csv
287,1969,2,4,Well-written and engaging. A few plot holes but forgivable.,2024-01-01 16:44:38,2026-08-12T13:29:33.761206,reviews.csv
69,598,1,4,Liked it. The first half is stronger than the second.,2024-01-19 07:48:26,2026-08-12T13:29:33.761206,reviews.csv
3519,282,44,5,,2020-06-23 21:39:31,2026-08-12T13:29:33.761206,reviews.csv
1140,772,8,4,Enjoyed it quite a bit. Solid writing and interesting ideas.,2022-10-19 17:06:11,2026-08-12T13:29:33.761206,reviews.csv
3680,1252,3,3,"Some interesting parts, but overall felt underwhelming.",2024-08-18 20:01:54,2026-08-12T13:29:33.761206,reviews.csv
1270,1460,1,2,Not for me. The writing style felt very dated.,2024-05-04 05:24:16,2026-08-12T13:29:33.761206,reviews.csv
4784,1029,1,5,The writing is exceptional and the story gripped me from page one.,2024-08-17 17:30:25,2026-08-12T13:29:33.761206,reviews.csv
2705,9,1,3,Decent read. Not my favourite but not bad either.,2021-06-10 19:49:11,2026-08-12T13:29:33.761206,reviews.csv
4554,1435,46,3,Decent read. Not my favourite but not bad either.,2023-04-04 17:15:47,2026-08-12T13:29:33.761206,reviews.csv
1450,52,2,4,,2022-03-12 06:29:06,2026-08-12T13:29:33.761206,reviews.csv
3577,1778,37,4,Above average. Would recommend to fans of the genre.,2024-11-29 13:53:00,2026-08-12T13:29:33.761206,reviews.csv
3951,943,114,3,,2022-07-02 07:32:53,2026-08-12T13:29:33.761206,reviews.csv
4310,462,14,4,Mostly great. The middle section drags a bit.,2024-12-28 08:26:31,2026-08-12T13:29:33.761206,reviews.csv
4735,994,1,4,,2021-02-25 15:14:01,2026-08-12T13:29:33.761206,reviews.csv
3814,1703,1,4,Mostly great. The middle section drags a bit.,2024-12-31 17:09:08,2026-08-12T13:29:33.761206,reviews.csv
5470,2049,4,3,"Mixed feelings. Good premise, mediocre execution.",2021-09-17 07:54:48,2026-08-12T13:29:33.761206,reviews.csv
1867,1413,1,4,Pleasant read. Nothing groundbreaking but definitely enjoyable.,2023-10-22 12:02:01,2026-08-12T13:29:33.761206,reviews.csv
3421,1214,5,2,Would not recommend. Too slow and the payoff was not worth it.,2024-01-14 15:04:46,2026-08-12T13:29:33.761206,reviews.csv
4842,1587,41,3,Average. Had its moments but failed to really engage me.,2024-01-14 17:43:09,2026-08-12T13:29:33.761206,reviews.csv
5115,2613,20,5,,2023-11-14 14:29:38,2026-08-12T13:29:33.761206,reviews.csv
4113,2679,2,4,,2023-12-02 19:07:14,2026-08-12T13:29:33.761206,reviews.csv
3188,111,6,3,,2024-04-21 16:48:32,2026-08-12T13:29:33.761206,reviews.csv
127,1081,1,5,Brilliant narrative. The characters feel genuinely real.,2024-12-08 19:44:30,2026-08-12T13:29:33.761206,reviews.csv
753,2571,3,3,"Mixed feelings. Good premise, mediocre execution.",2023-07-21 11:04:03,2026-08-12T13:29:33.761206,reviews.csv
5197,1231,3,3,"Some interesting parts, but overall felt underwhelming.",2021-11-09 14:23:41,2026-08-12T13:29:33.761206,reviews.csv
3393,2749,4,4,Pleasant read. Nothing groundbreaking but definitely enjoyable.,2024-11-08 17:10:30,2026-08-12T13:29:33.761206,reviews.csv
982,2458,6,3,It was okay. The hype around this book is a bit overstated.,2023-07-08 16:07:12,2026-08-12T13:29:33.761206,reviews.csv
483,1240,2,4,Well-written and engaging. A few plot holes but forgivable.,2023-07-05 14:54:21,2026-08-12T13:29:33.761206,reviews.csv
4118,806,1,3,Had potential but did not quite deliver on its promise.,2021-05-27 09:28:37,2026-08-12T13:29:33.761206,reviews.csv
5091,642,2,4,Enjoyed it quite a bit. Solid writing and interesting ideas.,2024-08-26 15:40:27,2026-08-12T13:29:33.761206,reviews.csv
2882,1964,1,5,,2024-03-02 19:38:15,2026-08-12T13:29:33.761206,reviews.csv
601,1580,1,4,Liked it. The first half is stronger than the second.,2023-08-13 08:28:31,2026-08-12T13:29:33.761206,reviews.csv
3384,2069,6,3,Had potential but did not quite deliver on its promise.,2024-06-02 06:49:34,2026-08-12T13:29:33.761206,reviews.csv
1326,723,1,4,"Good book, though the ending felt a little rushed.",2022-10-11 15:50:56,2026-08-12T13:29:33.761206,reviews.csv
1286,909,9,4,"Good book, though the ending felt a little rushed.",2024-10-20 13:03:12,2026-08-12T13:29:33.761206,reviews.csv
2745,2267,15,3,Neither great nor terrible. Passes the time.,2024-01-21 17:42:42,2026-08-12T13:29:33.761206,reviews.csv
4276,50,1,3,Average. Had its moments but failed to really engage me.,2024-06-14 08:23:57,2026-08-12T13:29:33.761206,reviews.csv
4788,285,75,4,Mostly great. The middle section drags a bit.,2024-12-17 12:34:23,2026-08-12T13:29:33.761206,reviews.csv
59,16,2,4,Above average. Would recommend to fans of the genre.,2022-09-22 22:49:27,2026-08-12T13:29:33.761206,reviews.csv
797,1569,1,4,Liked it. The first half is stronger than the second.,2024-06-07 18:46:54,2026-08-12T13:29:33.761206,reviews.csv
1188,2141,1,4,Above average. Would recommend to fans of the genre.,2024-10-25 13:06:46,2026-08-12T13:29:33.761206,reviews.csv
794,2691,1,4,Enjoyed it quite a bit. Solid writing and interesting ideas.,2024-06-06 07:53:32,2026-08-12T13:29:33.761206,reviews.csv
1583,1168,16,5,Beautifully written. The author's style is simply stunning.,2024-08-21 19:03:31,2026-08-12T13:29:33.761206,reviews.csv
2122,2415,17,5,Perfect blend of story and insight. Will read again.,2023-09-21 20:08:44,2026-08-12T13:29:33.761206,reviews.csv
460,1640,4,3,"Mixed feelings. Good premise, mediocre execution.",2021-06-13 07:53:32,2026-08-12T13:29:33.761206,reviews.csv
1417,9,32,2,Would not recommend. Too slow and the payoff was not worth it.,2021-04-28 13:14:48,2026-08-12T13:29:33.761206,reviews.csv
2620,1156,13,3,Average. Had its moments but failed to really engage me.,2022-07-30 11:28:09,2026-08-12T13:29:33.761206,reviews.csv
3095,723,52,2,Disappointed. Expected much more based on the reviews.,2023-05-27 19:27:10,2026-08-12T13:29:33.761206,reviews.csv
4738,657,1,3,Had potential but did not quite deliver on its promise.,2024-12-13 09:08:18,2026-08-12T13:29:33.761206,reviews.csv
663,963,1,5,I finished this in two sittings. Absolutely riveting.,2023-03-29 19:55:07,2026-08-12T13:29:33.761206,reviews.csv
4952,1490,20,5,,2021-12-20 20:25:57,2026-08-12T13:29:33.761206,reviews.csv
5090,2236,1,4,Enjoyed it quite a bit. Solid writing and interesting ideas.,2024-10-08 03:52:35,2026-08-12T13:29:33.761206,reviews.csv
5124,2348,2,3,,2024-05-19 13:58:41,2026-08-12T13:29:33.761206,reviews.csv
1865,1493,1,5,Brilliant narrative. The characters feel genuinely real.,2022-11-26 10:01:21,2026-08-12T13:29:33.761206,reviews.csv
2011,1128,10,3,Decent read. Not my favourite but not bad either.,2023-05-21 14:05:54,2026-08-12T13:29:33.761206,reviews.csv
5607,1357,1,5,Absolutely loved this book — couldn't put it down!,2023-12-28 18:29:38,2026-08-12T13:29:33.761206,reviews.csv
2202,2696,36,5,Beautifully written. The author's style is simply stunning.,2024-05-02 15:42:16,2026-08-12T13:29:33.761206,reviews.csv
2836,2350,1,3,Had potential but did not quite deliver on its promise.,2024-06-08 09:27:28,2026-08-12T13:29:33.761206,reviews.csv
2082,1432,22,4,,2023-11-02 12:49:42,2026-08-12T13:29:33.761206,reviews.csv
1697,77,2,5,Beautifully written. The author's style is simply stunning.,2022-12-28 11:39:09,2026-08-12T13:29:33.761206,reviews.csv
652,1039,12,3,Decent read. Not my favourite but not bad either.,2023-03-04 23:30:46,2026-08-12T13:29:33.761206,reviews.csv
507,1237,1,3,Decent read. Not my favourite but not bad either.,2022-06-02 12:21:43,2026-08-12T13:29:33.761206,reviews.csv
2160,1603,3,4,Enjoyed it quite a bit. Solid writing and interesting ideas.,2022-06-28 05:38:10,2026-08-12T13:29:33.761206,reviews.csv
1896,2424,5,3,"Mixed feelings. Good premise, mediocre execution.",2024-12-12 22:18:34,2026-08-12T13:29:33.761206,reviews.csv
4860,1756,8,2,Disappointed. Expected much more based on the reviews.,2023-05-17 10:35:54,2026-08-12T13:29:33.761206,reviews.csv
3164,1424,1,3,Decent read. Not my favourite but not bad either.,2023-03-31 03:21:38,2026-08-12T13:29:33.761206,reviews.csv
5410,355,6,3,It was okay. The hype around this book is a bit overstated.,2022-04-21 11:04:52,2026-08-12T13:29:33.761206,reviews.csv
2001,1175,1,3,Decent read. Not my favourite but not bad either.,2024-12-31 08:37:15,2026-08-12T13:29:33.761206,reviews.csv
1690,512,1,4,Mostly great. The middle section drags a bit.,2023-11-02 17:07:06,2026-08-12T13:29:33.761206,reviews.csv
3849,1432,1,3,"Some interesting parts, but overall felt underwhelming.",2024-12-31 15:19:53,2026-08-12T13:29:33.761206,reviews.csv
776,1566,11,4,Enjoyed it quite a bit. Solid writing and interesting ideas.,2023-11-04 19:12:37,2026-08-12T13:29:33.761206,reviews.csv
3063,1247,2,4,A very good read overall. Some chapters were slow but worth it.,2022-01-17 18:41:41,2026-08-12T13:29:33.761206,reviews.csv
3345,2588,1,3,Decent read. Not my favourite but not bad either.,2024-10-21 09:40:24,2026-08-12T13:29:33.761206,reviews.csv
5551,1250,16,3,"Some interesting parts, but overall felt underwhelming.",2024-02-06 07:08:44,2026-08-12T13:29:33.761206,reviews.csv
4540,1365,6,2,The plot felt disjointed and the pacing was off throughout.,2024-10-13 17:52:41,2026-08-12T13:29:33.761206,reviews.csv
5472,1852,2,3,,2024-02-08 17:24:31,2026-08-12T13:29:33.761206,reviews.csv
4890,1313,4,3,Average. Had its moments but failed to really engage me.,2023-03-21 03:09:19,2026-08-12T13:29:33.761206,reviews.csv
2704,24,1,5,Beautifully written. The author's style is simply stunning.,2024-07-08 19:53:11,2026-08-12T13:29:33.761206,reviews.csv
1485,1018,9,4,Enjoyed it quite a bit. Solid writing and interesting ideas.,2022-11-29 14:02:42,2026-08-12T13:29:33.761206,reviews.csv
1185,1354,2,4,Enjoyed it quite a bit. Solid writing and interesting ideas.,2023-08-02 08:42:35,2026-08-12T13:29:33.761206,reviews.csv
834,796,2,4,,2024-09-28 02:55:58,2026-08-12T13:29:33.761206,reviews.csv
3339,2016,1,4,,2024-04-29 07:27:06,2026-08-12T13:29:33.761206,reviews.csv
4944,2592,2,4,Well-written and engaging. A few plot holes but forgivable.,2023-10-26 20:40:15,2026-08-12T13:29:33.761206,reviews.csv
3799,1345,109,5,The writing is exceptional and the story gripped me from page one.,2023-10-20 08:43:32,2026-08-12T13:29:33.761206,reviews.csv
4167,262,4,2,Overrated. I did not enjoy the characters at all.,2023-09-14 20:49:37,2026-08-12T13:29:33.761206,reviews.csv
2343,283,16,3,Neither great nor terrible. Passes the time.,2023-10-06 18:06:16,2026-08-12T13:29:33.761206,reviews.csv
1236,2280,1,4,Pleasant read. Nothing groundbreaking but definitely enjoyable.,2024-08-20 13:17:38,2026-08-12T13:29:33.761206,reviews.csv
5114,1919,5,4,Liked it. The first half is stronger than the second.,2021-08-14 12:14:50,2026-08-12T13:29:33.761206,reviews.csv
471,2727,1,2,The plot felt disjointed and the pacing was off throughout.,2023-12-21 17:34:19,2026-08-12T13:29:33.761206,reviews.csv
3404,354,18,4,Above average. Would recommend to fans of the genre.,2024-12-09 21:27:10,2026-08-12T13:29:33.761206,reviews.csv
3772,1420,1,4,Mostly great. The middle section drags a bit.,2024-04-28 14:22:40,2026-08-12T13:29:33.761206,reviews.csv
3904,2767,9,3,Decent read. Not my favourite but not bad either.,2024-06-24 10:45:29,2026-08-12T13:29:33.761206,reviews.csv
728,481,40,5,This book changed the way I think. A must-read for everyone.,2024-01-02 14:58:06,2026-08-12T13:29:33.761206,reviews.csv
4558,1981,39,4,,2021-02-28 21:56:19,2026-08-12T13:29:33.761206,reviews.csv
576,1708,1,3,It was okay. The hype around this book is a bit overstated.,2020-09-03 11:34:49,2026-08-12T13:29:33.761206,reviews.csv
375,2616,4,3,Decent read. Not my favourite but not bad either.,2024-11-26 10:18:57,2026-08-12T13:29:33.761206,reviews.csv
5568,2126,10,4,Above average. Would recommend to fans of the genre.,2023-11-23 09:52:00,2026-08-12T13:29:33.761206,reviews.csv
536,1696,2,3,Decent read. Not my favourite but not bad either.,2024-11-04 07:51:05,2026-08-12T13:29:33.761206,reviews.csv
642,2324,1,3,Decent read. Not my favourite but not bad either.,2021-01-12 20:42:19,2026-08-12T13:29:33.761206,reviews.csv
4587,2589,1,3,Average. Had its moments but failed to really engage me.,2024-10-24 14:01:56,2026-08-12T13:29:33.761206,reviews.csv
2351,2400,2,3,"Mixed feelings. Good premise, mediocre execution.",2024-10-29 07:00:14,2026-08-12T13:29:33.761206,reviews.csv
210,2390,2,4,A very good read overall. Some chapters were slow but worth it.,2024-02-06 09:51:11,2026-08-12T13:29:33.761206,reviews.csv
5484,1705,81,3,It was okay. The hype around this book is a bit overstated.,2022-06-08 16:36:06,2026-08-12T13:29:33.761206,reviews.csv
63,2644,2,6,Above average. Would recommend to fans of the genre.,2022-01-13 19:09:55,2026-08-12T13:29:33.761206,reviews.csv
4515,2219,3,3,It was okay. The hype around this book is a bit overstated.,2022-10-27 12:36:27,2026-08-12T13:29:33.761206,reviews.csv
2969,1744,2,4,Well-written and engaging. A few plot holes but forgivable.,2020-05-09 15:24:59,2026-08-12T13:29:33.761206,reviews.csv
3785,615,1,3,"Mixed feelings. Good premise, mediocre execution.",2024-06-30 19:17:30,2026-08-12T13:29:33.761206,reviews.csv
1949,2703,2,4,"Good book, though the ending felt a little rushed.",2024-07-01 07:33:03,2026-08-12T13:29:33.761206,reviews.csv
1863,2400,35,4,Mostly great. The middle section drags a bit.,2023-06-18 08:13:11,2026-08-12T13:29:33.761206,reviews.csv
841,861,1,4,Mostly great. The middle section drags a bit.,2024-12-31 11:23:47,2026-08-12T13:29:33.761206,reviews.csv
4384,1754,6,4,Liked it. The first half is stronger than the second.,2024-11-16 20:09:21,2026-08-12T13:29:33.761206,reviews.csv
3078,2078,1,5,One of the best reads I have had in years. Highly recommended.,2022-09-11 08:30:14,2026-08-12T13:29:33.761206,reviews.csv
2391,1328,1,4,Pleasant read. Nothing groundbreaking but definitely enjoyable.,2024-12-28 08:30:32,2026-08-12T13:29:33.761206,reviews.csv
2208,312,1,5,,2021-12-17 09:06:46,2026-08-12T13:29:33.761206,reviews.csv
5061,764,23,3,It was okay. The hype around this book is a bit overstated.,2021-12-29 06:53:20,2026-08-12T13:29:33.761206,reviews.csv
5233,629,7,5,Perfect blend of story and insight. Will read again.,2023-10-20 17:57:23,2026-08-12T13:29:33.761206,reviews.csv
1703,1546,2,4,Enjoyed it quite a bit. Solid writing and interesting ideas.,2023-06-15 17:31:38,2026-08-12T13:29:33.761206,reviews.csv
2695,1246,1,4,Pleasant read. Nothing groundbreaking but definitely enjoyable.,2020-12-19 17:00:38,2026-08-12T13:29:33.761206,reviews.csv
2929,479,4,4,Mostly great. The middle section drags a bit.,2024-11-23 20:34:42,2026-08-12T13:29:33.761206,reviews.csv
2633,297,1,3,Average. Had its moments but failed to really engage me.,2022-04-01 19:06:51,2026-08-12T13:29:33.761206,reviews.csv
585,736,1,3,It was okay. The hype around this book is a bit overstated.,2024-03-23 20:36:59,2026-08-12T13:29:33.761206,reviews.csv
3283,245,2,4,Well-written and engaging. A few plot holes but forgivable.,2024-09-25 19:13:16,2026-08-12T13:29:33.761206,reviews.csv
2762,1956,28,2,Would not recommend. Too slow and the payoff was not worth it.,2024-07-03 16:24:15,2026-08-12T13:29:33.761206,reviews.csv
4620,2235,2,4,A very good read overall. Some chapters were slow but worth it.,2024-06-07 10:16:28,2026-08-12T13:29:33.761206,reviews.csv
5576,731,1,3,Decent read. Not my favourite but not bad either.,2022-06-16 15:06:52,2026-08-12T13:29:33.761206,reviews.csv
4094,2079,1,3,Decent read. Not my favourite but not bad either.,2024-08-19 12:58:56,2026-08-12T13:29:33.761206,reviews.csv
2934,545,7,5,A masterpiece. Every chapter left me wanting more.,2022-05-31 20:31:39,2026-08-12T13:29:33.761206,reviews.csv
4480,1306,3,2,Overrated. I did not enjoy the characters at all.,2024-06-19 07:23:26,2026-08-12T13:29:33.761206,reviews.csv
3433,899,7,4,Above average. Would recommend to fans of the genre.,2024-09-09 16:27:30,2026-08-12T13:29:33.761206,reviews.csv
2596,82,6,2,,2022-09-30 17:54:24,2026-08-12T13:29:33.761206,reviews.csv
4550,1808,2,4,Well-written and engaging. A few plot holes but forgivable.,2021-12-26 14:08:48,2026-08-12T13:29:33.761206,reviews.csv
5604,18,16,5,Exceeded all my expectations. Truly extraordinary.,2023-12-05 22:17:20,2026-08-12T13:29:33.761206,reviews.csv
1739,719,13,3,Average. Had its moments but failed to really engage me.,2024-01-15 16:13:54,2026-08-12T13:29:33.761206,reviews.csv
4246,1341,13,4,Above average. Would recommend to fans of the genre.,2021-06-08 05:51:04,2026-08-12T13:29:33.761206,reviews.csv
4601,1842,27,3,Decent read. Not my favourite but not bad either.,2024-03-28 11:02:51,2026-08-12T13:29:33.761206,reviews.csv
4628,2651,1,5,One of the best reads I have had in years. Highly recommended.,2024-12-31 10:43:23,2026-08-12T13:29:33.761206,reviews.csv
1013,2131,1,5,Exceeded all my expectations. Truly extraordinary.,2023-07-23 13:02:28,2026-08-12T13:29:33.761206,reviews.csv
2330,108,4,3,Decent read. Not my favourite but not bad either.,2023-02-01 08:21:47,2026-08-12T13:29:33.761206,reviews.csv
1729,1935,3,3,"Some interesting parts, but overall felt underwhelming.",2021-09-18 18:17:31,2026-08-12T13:29:33.761206,reviews.csv
226,796,19,3,Average. Had its moments but failed to really engage me.,2024-12-31 07:59:44,2026-08-12T13:29:33.761206,reviews.csv
3549,437,4,3,Neither great nor terrible. Passes the time.,2024-02-12 18:59:01,2026-08-12T13:29:33.761206,reviews.csv
780,2267,1,2,The plot felt disjointed and the pacing was off throughout.,2024-10-18 09:23:30,2026-08-12T13:29:33.761206,reviews.csv
1347,2089,3,4,Enjoyed it quite a bit. Solid writing and interesting ideas.,2022-01-06 20:28:42,2026-08-12T13:29:33.761206,reviews.csv
2621,1737,1,4,Mostly great. The middle section drags a bit.,2021-09-26 00:00:38,2026-08-12T13:29:33.761206,reviews.csv
80,2016,23,1,One of the worst books I have read. No coherent plot.,2020-03-13 17:33:00,2026-08-12T13:29:33.761206,reviews.csv
2937,1324,3,3,,2022-01-31 08:31:50,2026-08-12T13:29:33.761206,reviews.csv
54,627,1,3,Average. Had its moments but failed to really engage me.,2021-02-08 16:27:36,2026-08-12T13:29:33.761206,reviews.csv
1212,1008,4,5,A masterpiece. Every chapter left me wanting more.,2021-08-15 08:02:45,2026-08-12T13:29:33.761206,reviews.csv
5486,398,14,4,,2024-04-03 04:43:15,2026-08-12T13:29:33.761206,reviews.csv
4407,1693,1,4,Liked it. The first half is stronger than the second.,2023-01-04 09:20:45,2026-08-12T13:29:33.761206,reviews.csv
1648,17,1,4,Liked it. The first half is stronger than the second.,2023-10-01 21:36:29,2026-08-12T13:29:33.761206,reviews.csv
4838,1762,2,4,Enjoyed it quite a bit. Solid writing and interesting ideas.,2024-12-11 19:27:53,2026-08-12T13:29:33.761206,reviews.csv
2429,2353,4,4,Above average. Would recommend to fans of the genre.,2021-02-14 20:03:42,2026-08-12T13:29:33.761206,reviews.csv
458,1597,2,4,Above average. Would recommend to fans of the genre.,2024-12-31 07:41:45,2026-08-12T13:29:33.761206,reviews.csv
3893,792,9,4,Liked it. The first half is stronger than the second.,2024-03-27 14:31:56,2026-08-12T13:29:33.761206,reviews.csv
4792,821,2,3,,2022-10-23 06:41:59,2026-08-12T13:29:33.761206,reviews.csv
2554,814,2,4,Mostly great. The middle section drags a bit.,2023-08-17 15:24:35,2026-08-12T13:29:33.761206,reviews.csv
498,1718,27,4,Liked it. The first half is stronger than the second.,2023-12-04 21:37:10,2026-08-12T13:29:33.761206,reviews.csv
2490,936,1,4,Above average. Would recommend to fans of the genre.,2022-08-05 11:45:49,2026-08-12T13:29:33.761206,reviews.csv
1259,582,16,3,Decent read. Not my favourite but not bad either.,2023-02-22 08:51:37,2026-08-12T13:29:33.761206,reviews.csv
3619,1379,1,3,It was okay. The hype around this book is a bit overstated.,2023-01-10 11:56:39,2026-08-12T13:29:33.761206,reviews.csv
5319,2297,3,3,"Mixed feelings. Good premise, mediocre execution.",2024-07-15 09:21:06,2026-08-12T13:29:33.761206,reviews.csv
4383,2387,1,4,Pleasant read. Nothing groundbreaking but definitely enjoyable.,2022-11-25 21:43:56,2026-08-12T13:29:33.761206,reviews.csv
882,1751,11,4,Mostly great. The middle section drags a bit.,2021-09-30 14:19:37,2026-08-12T13:29:33.761206,reviews.csv
2467,1983,5,3,Had potential but did not quite deliver on its promise.,2024-11-22 10:56:46,2026-08-12T13:29:33.761206,reviews.csv
3548,2356,2,5,Absolutely loved this book — couldn't put it down!,2024-06-21 19:18:36,2026-08-12T13:29:33.761206,reviews.csv
2947,1599,2,3,It was okay. The hype around this book is a bit overstated.,2024-01-08 16:21:50,2026-08-12T13:29:33.761206,reviews.csv
2407,2455,183,3,,2021-10-20 23:10:09,2026-08-12T13:29:33.761206,reviews.csv
2850,1597,1,4,"Good book, though the ending felt a little rushed.",2024-11-20 19:46:12,2026-08-12T13:29:33.761206,reviews.csv
1173,2540,151,3,"Some interesting parts, but overall felt underwhelming.",2023-01-24 18:01:38,2026-08-12T13:29:33.761206,reviews.csv
1319,1372,15,6,Above average. Would recommend to fans of the genre.,2023-01-29 16:33:19,2026-08-12T13:29:33.761206,reviews.csv
3405,1692,30,3,Neither great nor terrible. Passes the time.,2024-10-13 12:48:54,2026-08-12T13:29:33.761206,reviews.csv
4185,1060,1,4,Enjoyed it quite a bit. Solid writing and interesting ideas.,2023-07-08 09:33:24,2026-08-12T13:29:33.761206,reviews.csv
3046,1225,178,5,One of the best reads I have had in years. Highly recommended.,2023-01-23 16:07:27,2026-08-12T13:29:33.761206,reviews.csv
3986,1530,4,3,"Mixed feelings. Good premise, mediocre execution.",2024-07-18 11:29:52,2026-08-12T13:29:33.761206,reviews.csv
5479,1815,39,4,Above average. Would recommend to fans of the genre.,2024-09-23 19:16:32,2026-08-12T13:29:33.761206,reviews.csv
3330,2179,1,4,Above average. Would recommend to fans of the genre.,2024-03-15 20:56:33,2026-08-12T13:29:33.761206,reviews.csv
595,2434,1,3,Decent read. Not my favourite but not bad either.,2024-10-09 19:59:58,2026-08-12T13:29:33.761206,reviews.csv
4017,583,5,4,A very good read overall. Some chapters were slow but worth it.,2024-08-19 16:33:15,2026-08-12T13:29:33.761206,reviews.csv
2898,1306,1,3,Had potential but did not quite deliver on its promise.,2023-08-25 15:12:50,2026-08-12T13:29:33.761206,reviews.csv
132,2075,1,3,"Some interesting parts, but overall felt underwhelming.",2021-10-14 05:07:31,2026-08-12T13:29:33.761206,reviews.csv
2959,173,3,4,Well-written and engaging. A few plot holes but forgivable.,2020-08-03 20:59:40,2026-08-12T13:29:33.761206,reviews.csv
1056,277,2,5,The writing is exceptional and the story gripped me from page one.,2024-10-04 13:12:31,2026-08-12T13:29:33.761206,reviews.csv
3060,1627,5,3,Decent read. Not my favourite but not bad either.,2024-05-26 21:50:50,2026-08-12T13:29:33.761206,reviews.csv
810,1082,2,4,Well-written and engaging. A few plot holes but forgivable.,2022-09-12 05:06:08,2026-08-12T13:29:33.761206,reviews.csv
4239,2336,2,4,Above average. Would recommend to fans of the genre.,2024-11-18 08:21:53,2026-08-12T13:29:33.761206,reviews.csv
4652,2121,2,4,A very good read overall. Some chapters were slow but worth it.,2023-03-16 15:34:18,2026-08-12T13:29:33.761206,reviews.csv
4775,1919,18,3,Decent read. Not my favourite but not bad either.,2023-12-07 11:01:49,2026-08-12T13:29:33.761206,reviews.csv
2261,2646,2,2,,2024-06-01 13:02:15,2026-08-12T13:29:33.761206,reviews.csv
4565,1049,13,2,Struggled to get through it. The story meanders endlessly.,2022-10-20 06:01:35,2026-08-12T13:29:33.761206,reviews.csv
382,2536,4,2,Disappointed. Expected much more based on the reviews.,2024-12-29 09:01:20,2026-08-12T13:29:33.761206,reviews.csv
3424,572,8,4,Above average. Would recommend to fans of the genre.,2024-10-07 13:02:59,2026-08-12T13:29:33.761206,reviews.csv
4365,2708,1,4,Above average. Would recommend to fans of the genre.,2024-07-21 21:40:55,2026-08-12T13:29:33.761206,reviews.csv
3782,1697,2,3,Decent read. Not my favourite but not bad either.,2021-10-26 08:56:26,2026-08-12T13:29:33.761206,reviews.csv
1074,2037,2,4,Well-written and engaging. A few plot holes but forgivable.,2024-11-12 08:25:40,2026-08-12T13:29:33.761206,reviews.csv
676,2618,1,2,The plot felt disjointed and the pacing was off throughout.,2021-04-30 07:16:22,2026-08-12T13:29:33.761206,reviews.csv
1075,1034,2,5,Absolutely loved this book — couldn't put it down!,2022-09-16 00:44:56,2026-08-12T13:29:33.761206,reviews.csv
2370,19,11,4,A very good read overall. Some chapters were slow but worth it.,2023-11-14 09:58:11,2026-08-12T13:29:33.761206,reviews.csv
1273,931,2,3,"Some interesting parts, but overall felt underwhelming.",2021-01-24 18:09:10,2026-08-12T13:29:33.761206,reviews.csv
4144,977,4,3,Had potential but did not quite deliver on its promise.,2024-05-04 14:59:20,2026-08-12T13:29:33.761206,reviews.csv
195,61,1,4,Liked it. The first half is stronger than the second.,2024-06-22 10:29:04,2026-08-12T13:29:33.761206,reviews.csv
180,1085,1,4,Enjoyed it quite a bit. Solid writing and interesting ideas.,2022-10-12 16:16:11,2026-08-12T13:29:33.761206,reviews.csv
3358,1799,2,2,Would not recommend. Too slow and the payoff was not worth it.,2022-02-01 12:28:58,2026-08-12T13:29:33.761206,reviews.csv
3032,2078,19,4,Enjoyed it quite a bit. Solid writing and interesting ideas.,2023-10-26 15:00:17,2026-08-12T13:29:33.761206,reviews.csv
1775,737,1,4,Pleasant read. Nothing groundbreaking but definitely enjoyable.,2023-10-20 21:29:50,2026-08-12T13:29:33.761206,reviews.csv
3009,1064,3,5,Brilliant narrative. The characters feel genuinely real.,2024-12-07 16:04:34,2026-08-12T13:29:33.761206,reviews.csv
1860,2637,2,4,Enjoyed it quite a bit. Solid writing and interesting ideas.,2024-01-01 07:09:11,2026-08-12T13:29:33.761206,reviews.csv
4766,1395,2,5,I finished this in two sittings. Absolutely riveting.,2024-10-22 23:53:42,2026-08-12T13:29:33.761206,reviews.csv
4441,918,5,3,Decent read. Not my favourite but not bad either.,2024-09-24 10:51:28,2026-08-12T13:29:33.761206,reviews.csv
3977,1999,5,4,Liked it. The first half is stronger than the second.,2024-04-06 08:10:42,2026-08-12T13:29:33.761206,reviews.csv
3397,522,1,0,Decent read. Not my favourite but not bad either.,2021-07-26 16:45:39,2026-08-12T13:29:33.761206,reviews.csv
4100,892,153,4,Liked it. The first half is stronger than the second.,2023-10-23 12:25:24,2026-08-12T13:29:33.761206,reviews.csv
833,1413,29,4,A very good read overall. Some chapters were slow but worth it.,2022-04-06 16:27:30,2026-08-12T13:29:33.761206,reviews.csv
2755,149,1,3,It was okay. The hype around this book is a bit overstated.,2024-11-20 17:35:26,2026-08-12T13:29:33.761206,reviews.csv
4116,723,20,3,"Some interesting parts, but overall felt underwhelming.",2024-12-20 00:38:16,2026-08-12T13:29:33.761206,reviews.csv
3783,1865,12,5,Absolutely loved this book — couldn't put it down!,2023-06-13 18:57:19,2026-08-12T13:29:33.761206,reviews.csv
1727,1187,50,4,"Good book, though the ending felt a little rushed.",2024-01-28 12:52:03,2026-08-12T13:29:33.761206,reviews.csv
33,310,3,5,I finished this in two sittings. Absolutely riveting.,2020-02-06 11:16:53,2026-08-12T13:29:33.761206,reviews.csv
303,740,2,2,Not for me. The writing style felt very dated.,2024-11-01 15:49:54,2026-08-12T13:29:33.761206,reviews.csv
5276,2285,1,3,"Mixed feelings. Good premise, mediocre execution.",2024-10-26 17:27:50,2026-08-12T13:29:33.761206,reviews.csv
2311,1617,1,4,Well-written and engaging. A few plot holes but forgivable.,2024-09-02 07:22:24,2026-08-12T13:29:33.761206,reviews.csv
4125,2548,1,3,Neither great nor terrible. Passes the time.,2022-03-19 22:24:49,2026-08-12T13:29:33.761206,reviews.csv
4576,172,4,3,"Mixed feelings. Good premise, mediocre execution.",2024-02-01 09:54:20,2026-08-12T13:29:33.761206,reviews.csv
391,525,1,5,This book changed the way I think. A must-read for everyone.,2024-12-07 15:48:38,2026-08-12T13:29:33.761206,reviews.csv
1009,1603,6,2,Disappointed. Expected much more based on the reviews.,2021-04-13 03:04:19,2026-08-12T13:29:33.761206,reviews.csv
3394,490,3,2,Not for me. The writing style felt very dated.,2022-02-24 19:29:40,2026-08-12T13:29:33.761206,reviews.csv
691,1111,3,4,Mostly great. The middle section drags a bit.,2024-12-31 09:23:15,2026-08-12T13:29:33.761206,reviews.csv
3585,336,2,5,Perfect blend of story and insight. Will read again.,2024-03-23 19:09:52,2026-08-12T13:29:33.761206,reviews.csv
5073,757,4,4,A very good read overall. Some chapters were slow but worth it.,2022-09-18 17:28:46,2026-08-12T13:29:33.761206,reviews.csv
2021,2581,1,5,A masterpiece. Every chapter left me wanting more.,2024-05-17 12:16:28,2026-08-12T13:29:33.761206,reviews.csv
1031,1348,1,3,Had potential but did not quite deliver on its promise.,2023-08-06 17:59:44,2026-08-12T13:29:33.761206,reviews.csv
4446,2716,53,5,One of the best reads I have had in years. Highly recommended.,2024-04-20 05:26:54,2026-08-12T13:29:33.761206,reviews.csv
4149,624,1,3,"Mixed feelings. Good premise, mediocre execution.",2022-10-25 18:51:59,2026-08-12T13:29:33.761206,reviews.csv
1888,277,94,4,Mostly great. The middle section drags a bit.,2022-03-01 18:44:50,2026-08-12T13:29:33.761206,reviews.csv
1077,1718,2,5,Beautifully written. The author's style is simply stunning.,2023-01-08 20:54:04,2026-08-12T13:29:33.761206,reviews.csv
3747,1500,5,4,A very good read overall. Some chapters were slow but worth it.,2024-09-15 14:09:08,2026-08-12T13:29:33.761206,reviews.csv
5407,301,30,3,Average. Had its moments but failed to really engage me.,2024-06-14 08:23:35,2026-08-12T13:29:33.761206,reviews.csv
4308,790,3,3,Had potential but did not quite deliver on its promise.,2024-09-28 13:23:02,2026-08-12T13:29:33.761206,reviews.csv
861,1155,11,3,"Mixed feelings. Good premise, mediocre execution.",2022-10-16 08:07:05,2026-08-12T13:29:33.761206,reviews.csv
705,1247,5,3,,2023-04-06 18:33:12,2026-08-12T13:29:33.761206,reviews.csv
964,2698,1,3,Had potential but did not quite deliver on its promise.,2024-04-23 20:49:00,2026-08-12T13:29:33.761206,reviews.csv
1573,1655,2,4,"Good book, though the ending felt a little rushed.",2024-04-20 17:29:01,2026-08-12T13:29:33.761206,reviews.csv
4513,2686,3,3,,2024-12-03 04:58:21,2026-08-12T13:29:33.761206,reviews.csv
5538,1505,1,4,Pleasant read. Nothing groundbreaking but definitely enjoyable.,2023-09-09 13:17:00,2026-08-12T13:29:33.761206,reviews.csv
1307,1764,2,6,A masterpiece. Every chapter left me wanting more.,2024-11-09 20:20:11,2026-08-12T13:29:33.761206,reviews.csv
264,1809,1,4,,2021-06-20 15:54:51,2026-08-12T13:29:33.761206,reviews.csv
750,1569,2,0,Pleasant read. Nothing groundbreaking but definitely enjoyable.,2023-11-01 20:12:17,2026-08-12T13:29:33.761206,reviews.csv
2130,2237,2,3,Had potential but did not quite deliver on its promise.,2022-11-17 16:38:17,2026-08-12T13:29:33.761206,reviews.csv
1899,13,4,3,It was okay. The hype around this book is a bit overstated.,2024-08-23 02:02:56,2026-08-12T13:29:33.761206,reviews.csv
1242,504,3,4,"Good book, though the ending felt a little rushed.",2022-01-26 15:30:22,2026-08-12T13:29:33.761206,reviews.csv
3117,1681,3,4,Liked it. The first half is stronger than the second.,2020-02-28 06:18:43,2026-08-12T13:29:33.761206,reviews.csv
3605,1929,2,3,Decent read. Not my favourite but not bad either.,2024-01-09 05:45:01,2026-08-12T13:29:33.761206,reviews.csv
490,75,6,3,Had potential but did not quite deliver on its promise.,2024-12-31 15:03:01,2026-08-12T13:29:33.761206,reviews.csv
4754,1547,1,4,Pleasant read. Nothing groundbreaking but definitely enjoyable.,2024-09-18 07:19:34,2026-08-12T13:29:33.761206,reviews.csv
1221,1865,6,4,,2024-09-20 18:04:25,2026-08-12T13:29:33.761206,reviews.csv
1730,1720,2,4,Mostly great. The middle section drags a bit.,2023-07-27 19:19:04,2026-08-12T13:29:33.761206,reviews.csv
435,628,4,4,Liked it. The first half is stronger than the second.,2024-06-09 12:57:32,2026-08-12T13:29:33.761206,reviews.csv
2360,61,41,4,Pleasant read. Nothing groundbreaking but definitely enjoyable.,2024-06-08 06:48:06,2026-08-12T13:29:33.761206,reviews.csv
4758,2150,4,2,Struggled to get through it. The story meanders endlessly.,2023-08-28 19:36:52,2026-08-12T13:29:33.761206,reviews.csv
4912,1417,5,4,Mostly great. The middle section drags a bit.,2024-10-26 15:34:49,2026-08-12T13:29:33.761206,reviews.csv
1231,2540,1,4,Enjoyed it quite a bit. Solid writing and interesting ideas.,2024-10-28 15:35:47,2026-08-12T13:29:33.761206,reviews.csv
594,852,1,3,Average. Had its moments but failed to really engage me.,2024-12-28 15:29:42,2026-08-12T13:29:33.761206,reviews.csv
1571,2126,10,4,Above average. Would recommend to fans of the genre.,2023-11-23 09:52:00,2026-08-12T13:29:33.761206,reviews.csv
3979,127,24,5,Exceeded all my expectations. Truly extraordinary.,2021-08-15 04:48:06,2026-08-12T13:29:33.761206,reviews.csv
5089,2799,4,3,Decent read. Not my favourite but not bad either.,2020-06-16 18:29:05,2026-08-12T13:29:33.761206,reviews.csv
4242,698,1,4,Mostly great. The middle section drags a bit.,2024-06-30 19:16:00,2026-08-12T13:29:33.761206,reviews.csv
3967,654,2,3,Decent read. Not my favourite but not bad either.,2023-01-02 11:03:52,2026-08-12T13:29:33.761206,reviews.csv
398,930,1,3,"Some interesting parts, but overall felt underwhelming.",2024-11-19 13:56:23,2026-08-12T13:29:33.761206,reviews.csv
2245,858,7,5,Beautifully written. The author's style is simply stunning.,2023-03-18 09:39:35,2026-08-12T13:29:33.761206,reviews.csv
62,547,1,4,"Good book, though the ending felt a little rushed.",2022-09-08 22:57:46,2026-08-12T13:29:33.761206,reviews.csv
4523,791,3,4,Mostly great. The middle section drags a bit.,2024-09-30 21:14:47,2026-08-12T13:29:33.761206,reviews.csv
5170,1489,3,4,Mostly great. The middle section drags a bit.,2022-08-29 08:03:39,2026-08-12T13:29:33.761206,reviews.csv
3387,2454,10,4,A very good read overall. Some chapters were slow but worth it.,2023-11-14 12:10:56,2026-08-12T13:29:33.761206,reviews.csv
2259,98,12,4,,2024-07-19 23:58:08,2026-08-12T13:29:33.761206,reviews.csv
3289,1758,4,4,Pleasant read. Nothing groundbreaking but definitely enjoyable.,2024-10-25 22:44:09,2026-08-12T13:29:33.761206,reviews.csv
2187,2486,5,3,Average. Had its moments but failed to really engage me.,2024-04-18 11:13:20,2026-08-12T13:29:33.761206,reviews.csv
4718,2418,2,3,Neither great nor terrible. Passes the time.,2024-11-26 14:04:32,2026-08-12T13:29:33.761206,reviews.csv
2454,2205,2,5,I finished this in two sittings. Absolutely riveting.,2024-11-24 17:59:37,2026-08-12T13:29:33.761206,reviews.csv
2432,1696,7,4,"Good book, though the ending felt a little rushed.",2024-02-08 07:22:38,2026-08-12T13:29:33.761206,reviews.csv
3114,724,11,4,Enjoyed it quite a bit. Solid writing and interesting ideas.,2022-05-24 18:56:59,2026-08-12T13:29:33.761206,reviews.csv
3737,2306,5,1,Could not finish it. Extremely boring.,2024-04-29 08:48:04,2026-08-12T13:29:33.761206,reviews.csv
2854,1412,1,4,Pleasant read. Nothing groundbreaking but definitely enjoyable.,2024-11-21 12:02:03,2026-08-12T13:29:33.761206,reviews.csv
3975,2375,2,4,,2024-04-13 17:35:46,2026-08-12T13:29:33.761206,reviews.csv
3080,690,4,4,Enjoyed it quite a bit. Solid writing and interesting ideas.,2022-02-09 13:37:32,2026-08-12T13:29:33.761206,reviews.csv
4132,25,1,4,Mostly great. The middle section drags a bit.,2022-10-10 12:45:26,2026-08-12T13:29:33.761206,reviews.csv
4190,533,19,3,"Mixed feelings. Good premise, mediocre execution.",2023-12-04 20:13:21,2026-08-12T13:29:33.761206,reviews.csv
1716,597,2,3,Had potential but did not quite deliver on its promise.,2022-08-17 08:15:23,2026-08-12T13:29:33.761206,reviews.csv
3464,1920,9,5,One of the best reads I have had in years. Highly recommended.,2020-05-21 09:53:13,2026-08-12T13:29:33.761206,reviews.csv
4262,2296,9,4,Mostly great. The middle section drags a bit.,2021-06-02 07:30:01,2026-08-12T13:29:33.761206,reviews.csv
552,1308,1,3,,2022-11-27 09:00:30,2026-08-12T13:29:33.761206,reviews.csv
1609,1533,1,4,Well-written and engaging. A few plot holes but forgivable.,2020-03-28 13:38:08,2026-08-12T13:29:33.761206,reviews.csv
1159,1277,1,4,"Good book, though the ending felt a little rushed.",2022-04-11 18:29:18,2026-08-12T13:29:33.761206,reviews.csv
4643,2799,2,4,"Good book, though the ending felt a little rushed.",2023-10-30 11:27:27,2026-08-12T13:29:33.761206,reviews.csv
2920,1257,100,4,Pleasant read. Nothing groundbreaking but definitely enjoyable.,2023-10-01 09:43:26,2026-08-12T13:29:33.761206,reviews.csv
4297,911,1,3,"Mixed feelings. Good premise, mediocre execution.",2024-10-28 20:01:33,2026-08-12T13:29:33.761206,reviews.csv
271,2533,3,3,Decent read. Not my favourite but not bad either.,2024-03-29 20:54:09,2026-08-12T13:29:33.761206,reviews.csv
3899,969,33,3,Neither great nor terrible. Passes the time.,2024-08-10 09:10:04,2026-08-12T13:29:33.761206,reviews.csv
418,2361,1,4,Pleasant read. Nothing groundbreaking but definitely enjoyable.,2024-09-07 17:25:29,2026-08-12T13:29:33.761206,reviews.csv
4479,1014,3,4,Liked it. The first half is stronger than the second.,2023-12-29 10:17:55,2026-08-12T13:29:33.761206,reviews.csv
5023,1306,13,2,,2022-04-04 13:42:26,2026-08-12T13:29:33.761206,reviews.csv
352,703,1,5,Absolutely loved this book — couldn't put it down!,2024-07-29 19:09:38,2026-08-12T13:29:33.761206,reviews.csv
5401,163,10,2,Disappointed. Expected much more based on the reviews.,2020-09-13 21:17:50,2026-08-12T13:29:33.761206,reviews.csv
1113,1437,1,4,Liked it. The first half is stronger than the second.,2024-06-22 08:46:50,2026-08-12T13:29:33.761206,reviews.csv
1468,2546,22,3,,2021-08-14 12:29:33,2026-08-12T13:29:33.761206,reviews.csv
115,1027,4,5,This book changed the way I think. A must-read for everyone.,2024-03-29 20:49:44,2026-08-12T13:29:33.761206,reviews.csv
4123,332,4,3,Neither great nor terrible. Passes the time.,2024-05-30 17:23:37,2026-08-12T13:29:33.761206,reviews.csv
3654,2008,18,4,Liked it. The first half is stronger than the second.,2023-04-15 19:17:55,2026-08-12T13:29:33.761206,reviews.csv
3582,2135,1,3,Decent read. Not my favourite but not bad either.,2024-07-31 15:36:23,2026-08-12T13:29:33.761206,reviews.csv
682,1922,1,5,Absolutely loved this book — couldn't put it down!,2024-01-25 06:15:18,2026-08-12T13:29:33.761206,reviews.csv
1246,1654,1,4,Well-written and engaging. A few plot holes but forgivable.,2021-11-02 18:55:42,2026-08-12T13:29:33.761206,reviews.csv
5172,1941,3,5,,2024-09-17 17:48:47,2026-08-12T13:29:33.761206,reviews.csv
2657,2512,1,4,Pleasant read. Nothing groundbreaking but definitely enjoyable.,2024-09-01 09:50:46,2026-08-12T13:29:33.761206,reviews.csv
3290,2421,8,3,Average. Had its moments but failed to really engage me.,2022-01-12 19:01:22,2026-08-12T13:29:33.761206,reviews.csv
4529,468,3,3,Average. Had its moments but failed to really engage me.,2022-01-24 07:44:10,2026-08-12T13:29:33.761206,reviews.csv
4600,2729,40,5,Brilliant narrative. The characters feel genuinely real.,2023-02-28 17:57:52,2026-08-12T13:29:33.761206,reviews.csv
516,749,3,4,A very good read overall. Some chapters were slow but worth it.,2020-03-13 18:29:13,2026-08-12T13:29:33.761206,reviews.csv
5306,957,15,5,I finished this in two sittings. Absolutely riveting.,2024-08-02 21:21:21,2026-08-12T13:29:33.761206,reviews.csv
1915,2350,9,3,"Some interesting parts, but overall felt underwhelming.",2024-12-02 08:13:13,2026-08-12T13:29:33.761206,reviews.csv
3911,2288,2,4,Above average. Would recommend to fans of the genre.,2023-11-09 20:03:03,2026-08-12T13:29:33.761206,reviews.csv
1563,1097,7,3,Had potential but did not quite deliver on its promise.,2021-08-22 06:52:14,2026-08-12T13:29:33.761206,reviews.csv
4836,622,11,2,Disappointed. Expected much more based on the reviews.,2024-08-15 08:18:41,2026-08-12T13:29:33.761206,reviews.csv
5405,898,50,5,Absolutely loved this book — couldn't put it down!,2024-04-05 14:26:34,2026-08-12T13:29:33.761206,reviews.csv
3051,2172,4,5,,2024-10-23 20:16:18,2026-08-12T13:29:33.761206,reviews.csv
1213,1720,3,3,Average. Had its moments but failed to really engage me.,2023-11-03 20:57:03,2026-08-12T13:29:33.761206,reviews.csv
4670,1858,7,4,Above average. Would recommend to fans of the genre.,2022-09-11 11:44:48,2026-08-12T13:29:33.761206,reviews.csv
2286,1131,3,4,Above average. Would recommend to fans of the genre.,2023-12-20 23:44:48,2026-08-12T13:29:33.761206,reviews.csv
4186,1685,1,4,Liked it. The first half is stronger than the second.,2021-11-01 17:56:34,2026-08-12T13:29:33.761206,reviews.csv
1454,2510,1,4,Pleasant read. Nothing groundbreaking but definitely enjoyable.,2022-07-07 10:59:48,2026-08-12T13:29:33.761206,reviews.csv
2627,2154,1,4,"Good book, though the ending felt a little rushed.",2024-11-25 06:36:36,2026-08-12T13:29:33.761206,reviews.csv
2638,1038,7,4,Enjoyed it quite a bit. Solid writing and interesting ideas.,2024-02-24 12:33:56,2026-08-12T13:29:33.761206,reviews.csv
5290,2257,2,4,Well-written and engaging. A few plot holes but forgivable.,2024-06-05 17:34:55,2026-08-12T13:29:33.761206,reviews.csv
4147,1939,2,5,,2024-11-15 12:12:10,2026-08-12T13:29:33.761206,reviews.csv
5531,1475,15,4,"Good book, though the ending felt a little rushed.",2024-05-01 10:03:30,2026-08-12T13:29:33.761206,reviews.csv
3586,2399,16,4,A very good read overall. Some chapters were slow but worth it.,2022-09-02 09:43:12,2026-08-12T13:29:33.761206,reviews.csv
4906,328,18,3,Decent read. Not my favourite but not bad either.,2024-09-23 20:22:24,2026-08-12T13:29:33.761206,reviews.csv
2928,2711,1,3,It was okay. The hype around this book is a bit overstated.,2023-01-30 11:47:50,2026-08-12T13:29:33.761206,reviews.csv
358,56,10,3,Average. Had its moments but failed to really engage me.,2021-08-15 18:14:21,2026-08-12T13:29:33.761206,reviews.csv
30,755,27,4,Mostly great. The middle section drags a bit.,2022-06-18 12:52:41,2026-08-12T13:29:33.761206,reviews.csv
5442,2317,4,3,It was okay. The hype around this book is a bit overstated.,2022-10-30 19:55:57,2026-08-12T13:29:33.761206,reviews.csv
363,1834,1,4,"Good book, though the ending felt a little rushed.",2024-09-29 18:30:47,2026-08-12T13:29:33.761206,reviews.csv
4905,1151,7,4,Liked it. The first half is stronger than the second.,2022-03-13 12:18:48,2026-08-12T13:29:33.761206,reviews.csv
3296,138,1,4,Enjoyed it quite a bit. Solid writing and interesting ideas.,2022-11-16 11:19:34,2026-08-12T13:29:33.761206,reviews.csv
3281,2709,1,3,"Mixed feelings. Good premise, mediocre execution.",2024-12-18 22:17:43,2026-08-12T13:29:33.761206,reviews.csv
3409,2683,12,4,Well-written and engaging. A few plot holes but forgivable.,2024-01-14 15:55:56,2026-08-12T13:29:33.761206,reviews.csv
2749,1065,1,4,Pleasant read. Nothing groundbreaking but definitely enjoyable.,2021-01-28 06:39:53,2026-08-12T13:29:33.761206,reviews.csv
3813,2623,16,5,Beautifully written. The author's style is simply stunning.,2023-01-06 11:02:02,2026-08-12T13:29:33.761206,reviews.csv
1441,571,6,3,Decent read. Not my favourite but not bad either.,2024-08-21 12:05:32,2026-08-12T13:29:33.761206,reviews.csv
5012,190,1,3,"Mixed feelings. Good premise, mediocre execution.",2023-08-31 08:39:18,2026-08-12T13:29:33.761206,reviews.csv
4560,2399,2,2,Overrated. I did not enjoy the characters at all.,2023-04-24 17:41:58,2026-08-12T13:29:33.761206,reviews.csv
4447,2233,2,5,Exceeded all my expectations. Truly extraordinary.,2022-05-25 18:33:36,2026-08-12T13:29:33.761206,reviews.csv
3300,2583,2,3,Decent read. Not my favourite but not bad either.,2023-09-11 13:32:23,2026-08-12T13:29:33.761206,reviews.csv
5501,262,17,3,Neither great nor terrible. Passes the time.,2024-03-23 13:27:54,2026-08-12T13:29:33.761206,reviews.csv
1301,1319,31,5,A masterpiece. Every chapter left me wanting more.,2021-11-20 20:26:08,2026-08-12T13:29:33.761206,reviews.csv
758,2396,1,3,,2024-12-27 15:22:31,2026-08-12T13:29:33.761206,reviews.csv
2476,2412,21,4,"Good book, though the ending felt a little rushed.",2022-11-20 09:05:22,2026-08-12T13:29:33.761206,reviews.csv
372,2732,1,5,Brilliant narrative. The characters feel genuinely real.,2024-10-21 23:47:34,2026-08-12T13:29:33.761206,reviews.csv
2885,1225,15,4,A very good read overall. Some chapters were slow but worth it.,2023-05-11 08:08:08,2026-08-12T13:29:33.761206,reviews.csv
1931,2621,3,2,The plot felt disjointed and the pacing was off throughout.,2023-05-02 09:01:05,2026-08-12T13:29:33.761206,reviews.csv
5599,1173,6,2,The plot felt disjointed and the pacing was off throughout.,2024-05-03 16:16:56,2026-08-12T13:29:33.761206,reviews.csv
574,1402,31,4,Liked it. The first half is stronger than the second.,2021-10-19 12:55:01,2026-08-12T13:29:33.761206,reviews.csv
5539,179,1,3,"Some interesting parts, but overall felt underwhelming.",2024-11-10 08:46:05,2026-08-12T13:29:33.761206,reviews.csv
2553,1645,1,3,Decent read. Not my favourite but not bad either.,2024-10-04 17:24:23,2026-08-12T13:29:33.761206,reviews.csv
4457,2261,8,3,Neither great nor terrible. Passes the time.,2023-11-02 16:32:29,2026-08-12T13:29:33.761206,reviews.csv
2999,587,2,4,"Good book, though the ending felt a little rushed.",2024-12-30 23:57:27,2026-08-12T13:29:33.761206,reviews.csv
5446,1480,3,4,Liked it. The first half is stronger than the second.,2023-11-10 20:45:41,2026-08-12T13:29:33.761206,reviews.csv
5223,355,2,4,"Good book, though the ending felt a little rushed.",2021-01-26 19:14:48,2026-08-12T13:29:33.761206,reviews.csv
3982,1809,13,4,Well-written and engaging. A few plot holes but forgivable.,2024-02-15 11:59:56,2026-08-12T13:29:33.761206,reviews.csv
4353,1137,9,5,Absolutely loved this book — couldn't put it down!,2024-11-02 13:47:58,2026-08-12T13:29:33.761206,reviews.csv
1294,352,26,3,It was okay. The hype around this book is a bit overstated.,2024-03-19 13:42:44,2026-08-12T13:29:33.761206,reviews.csv
3151,1301,13,4,Enjoyed it quite a bit. Solid writing and interesting ideas.,2021-07-21 06:26:24,2026-08-12T13:29:33.761206,reviews.csv
2623,73,8,3,Had potential but did not quite deliver on its promise.,2024-07-13 08:27:00,2026-08-12T13:29:33.761206,reviews.csv
3522,111,3,3,It was okay. The hype around this book is a bit overstated.,2024-07-02 11:32:46,2026-08-12T13:29:33.761206,reviews.csv
426,789,2,3,Average. Had its moments but failed to really engage me.,2024-12-26 16:46:42,2026-08-12T13:29:33.761206,reviews.csv
1296,1626,8,2,Overrated. I did not enjoy the characters at all.,2024-08-18 20:32:12,2026-08-12T13:29:33.761206,reviews.csv
2071,965,15,4,Mostly great. The middle section drags a bit.,2024-12-31 10:24:06,2026-08-12T13:29:33.761206,reviews.csv
2994,1640,1,3,,2024-11-07 19:08:32,2026-08-12T13:29:33.761206,reviews.csv
1731,390,28,4,Pleasant read. Nothing groundbreaking but definitely enjoyable.,2022-02-24 22:40:00,2026-08-12T13:29:33.761206,reviews.csv
535,825,1,3,Decent read. Not my favourite but not bad either.,2024-06-16 18:26:19,2026-08-12T13:29:33.761206,reviews.csv
5546,1426,14,4,"Good book, though the ending felt a little rushed.",2021-08-03 18:06:06,2026-08-12T13:29:33.761206,reviews.csv
2318,2539,74,2,Not for me. The writing style felt very dated.,2024-11-16 05:03:11,2026-08-12T13:29:33.761206,reviews.csv
3106,2319,1,3,Average. Had its moments but failed to really engage me.,2024-10-28 21:22:56,2026-08-12T13:29:33.761206,reviews.csv
4903,956,10,4,Pleasant read. Nothing groundbreaking but definitely enjoyable.,2022-08-04 08:45:28,2026-08-12T13:29:33.761206,reviews.csv
4895,1511,1,5,Brilliant narrative. The characters feel genuinely real.,2022-02-14 18:36:01,2026-08-12T13:29:33.761206,reviews.csv
3427,1451,1,3,Decent read. Not my favourite but not bad either.,2022-11-30 08:01:40,2026-08-12T13:29:33.761206,reviews.csv
2814,1874,13,4,Mostly great. The middle section drags a bit.,2024-09-30 16:50:21,2026-08-12T13:29:33.761206,reviews.csv
4615,2329,1,4,A very good read overall. Some chapters were slow but worth it.,2024-02-08 11:19:15,2026-08-12T13:29:33.761206,reviews.csv
718,1289,4,4,Above average. Would recommend to fans of the genre.,2024-04-25 21:21:23,2026-08-12T13:29:33.761206,reviews.csv
4174,1057,13,2,Overrated. I did not enjoy the characters at all.,2021-07-12 14:23:06,2026-08-12T13:29:33.761206,reviews.csv
3183,2617,1,4,"Good book, though the ending felt a little rushed.",2024-02-16 18:20:06,2026-08-12T13:29:33.761206,reviews.csv
5150,2388,1,4,Mostly great. The middle section drags a bit.,2024-08-05 20:54:40,2026-08-12T13:29:33.761206,reviews.csv
1104,1282,3,3,It was okay. The hype around this book is a bit overstated.,2023-08-09 13:05:57,2026-08-12T13:29:33.761206,reviews.csv
3422,2462,13,2,Not for me. The writing style felt very dated.,2024-11-07 08:35:41,2026-08-12T13:29:33.761206,reviews.csv
526,1787,4,3,Decent read. Not my favourite but not bad either.,2024-02-28 22:43:56,2026-08-12T13:29:33.761206,reviews.csv
4551,1370,11,4,Liked it. The first half is stronger than the second.,2024-02-19 08:32:52,2026-08-12T13:29:33.761206,reviews.csv
3369,61,4,4,Pleasant read. Nothing groundbreaking but definitely enjoyable.,2022-10-08 17:41:32,2026-08-12T13:29:33.761206,reviews.csv
4032,1030,2,4,A very good read overall. Some chapters were slow but worth it.,2024-06-06 18:14:59,2026-08-12T13:29:33.761206,reviews.csv
2652,2129,4,2,,2022-10-05 12:12:54,2026-08-12T13:29:33.761206,reviews.csv
1626,796,3,4,Above average. Would recommend to fans of the genre.,2024-10-12 07:26:47,2026-08-12T13:29:33.761206,reviews.csv
1710,105,6,2,The plot felt disjointed and the pacing was off throughout.,2024-08-21 10:21:17,2026-08-12T13:29:33.761206,reviews.csv
4744,114,6,3,Average. Had its moments but failed to really engage me.,2023-02-13 11:16:48,2026-08-12T13:29:33.761206,reviews.csv
5225,2270,4,6,It was okay. The hype around this book is a bit overstated.,2022-03-06 19:11:48,2026-08-12T13:29:33.761206,reviews.csv
4624,1589,3,4,Enjoyed it quite a bit. Solid writing and interesting ideas.,2022-11-12 10:40:51,2026-08-12T13:29:33.761206,reviews.csv
1266,2589,4,3,Decent read. Not my favourite but not bad either.,2024-12-11 18:52:39,2026-08-12T13:29:33.761206,reviews.csv
2295,314,1,3,"Mixed feelings. Good premise, mediocre execution.",2024-06-19 16:38:44,2026-08-12T13:29:33.761206,reviews.csv
323,2734,3,4,Liked it. The first half is stronger than the second.,2022-06-16 14:36:23,2026-08-12T13:29:33.761206,reviews.csv
974,1886,1,4,,2024-11-05 13:04:37,2026-08-12T13:29:33.761206,reviews.csv
2281,42,62,3,Had potential but did not quite deliver on its promise.,2024-05-08 14:08:18,2026-08-12T13:29:33.761206,reviews.csv
4749,1001,1,4,Well-written and engaging. A few plot holes but forgivable.,2024-07-02 18:02:05,2026-08-12T13:29:33.761206,reviews.csv
1201,1101,3,3,,2022-12-28 07:31:19,2026-08-12T13:29:33.761206,reviews.csv
4635,2566,114,3,"Some interesting parts, but overall felt underwhelming.",2024-12-31 12:55:38,2026-08-12T13:29:33.761206,reviews.csv
1392,101,1,3,Average. Had its moments but failed to really engage me.,2024-12-13 17:53:20,2026-08-12T13:29:33.761206,reviews.csv
1415,2621,6,3,"Some interesting parts, but overall felt underwhelming.",2021-09-02 15:36:53,2026-08-12T13:29:33.761206,reviews.csv
4410,2300,1,4,,2023-09-28 13:38:25,2026-08-12T13:29:33.761206,reviews.csv
2966,2354,7,4,Mostly great. The middle section drags a bit.,2022-08-06 06:52:00,2026-08-12T13:29:33.761206,reviews.csv
501,873,3,4,Above average. Would recommend to fans of the genre.,2021-11-29 10:23:20,2026-08-12T13:29:33.761206,reviews.csv
5002,723,93,4,"Good book, though the ending felt a little rushed.",2024-06-15 16:14:38,2026-08-12T13:29:33.761206,reviews.csv
2253,98,9,2,Struggled to get through it. The story meanders endlessly.,2024-12-09 17:48:54,2026-08-12T13:29:33.761206,reviews.csv
2794,789,9,3,It was okay. The hype around this book is a bit overstated.,2023-03-03 05:34:04,2026-08-12T13:29:33.761206,reviews.csv
1060,233,3,2,The plot felt disjointed and the pacing was off throughout.,2024-05-12 12:23:05,2026-08-12T13:29:33.761206,reviews.csv
3465,2160,4,4,Enjoyed it quite a bit. Solid writing and interesting ideas.,2024-11-02 18:33:20,2026-08-12T13:29:33.761206,reviews.csv
2509,373,1,3,Had potential but did not quite deliver on its promise.,2024-09-20 08:18:13,2026-08-12T13:29:33.761206,reviews.csv
5400,2218,5,3,Neither great nor terrible. Passes the time.,2020-04-06 06:45:41,2026-08-12T13:29:33.761206,reviews.csv
3848,1563,2,5,A masterpiece. Every chapter left me wanting more.,2024-02-29 19:52:18,2026-08-12T13:29:33.761206,reviews.csv
905,500,9,5,I finished this in two sittings. Absolutely riveting.,2021-01-22 16:26:27,2026-08-12T13:29:33.761206,reviews.csv
3879,1,2,3,Average. Had its moments but failed to really engage me.,2024-12-19 14:52:30,2026-08-12T13:29:33.761206,reviews.csv
2736,420,35,4,Above average. Would recommend to fans of the genre.,2023-04-07 21:25:06,2026-08-12T13:29:33.761206,reviews.csv
822,2623,1,4,Mostly great. The middle section drags a bit.,2024-06-10 19:24:40,2026-08-12T13:29:33.761206,reviews.csv
4279,2256,1,-1,"Good book, though the ending felt a little rushed.",2023-06-02 18:10:36,2026-08-12T13:29:33.761206,reviews.csv
2294,2623,2,3,"Some interesting parts, but overall felt underwhelming.",2021-08-07 13:56:52,2026-08-12T13:29:33.761206,reviews.csv
3098,2299,7,3,Neither great nor terrible. Passes the time.,2024-10-29 09:20:47,2026-08-12T13:29:33.761206,reviews.csv
5300,306,1,5,The writing is exceptional and the story gripped me from page one.,2023-06-21 10:27:30,2026-08-12T13:29:33.761206,reviews.csv
26,480,1,5,The writing is exceptional and the story gripped me from page one.,2024-06-22 19:17:48,2026-08-12T13:29:33.761206,reviews.csv
5020,2658,1,3,Had potential but did not quite deliver on its promise.,2024-05-03 07:44:23,2026-08-12T13:29:33.761206,reviews.csv
975,2177,1,4,Liked it. The first half is stronger than the second.,2024-05-16 16:32:31,2026-08-12T13:29:33.761206,reviews.csv
3580,422,5,4,"Good book, though the ending felt a little rushed.",2024-04-15 19:26:54,2026-08-12T13:29:33.761206,reviews.csv
42,2391,1,3,Had potential but did not quite deliver on its promise.,2020-11-30 20:36:28,2026-08-12T13:29:33.761206,reviews.csv
1974,889,21,4,,2024-11-10 16:38:12,2026-08-12T13:29:33.761206,reviews.csv
3226,723,2,4,Above average. Would recommend to fans of the genre.,2024-09-14 19:03:21,2026-08-12T13:29:33.761206,reviews.csv
615,801,8,4,,2021-08-27 03:25:07,2026-08-12T13:29:33.761206,reviews.csv
348,2318,1,3,Had potential but did not quite deliver on its promise.,2022-11-06 19:23:52,2026-08-12T13:29:33.761206,reviews.csv
347,2687,1,4,Pleasant read. Nothing groundbreaking but definitely enjoyable.,2024-04-18 14:18:12,2026-08-12T13:29:33.761206,reviews.csv
2251,720,1,3,Neither great nor terrible. Passes the time.,2023-03-19 07:22:45,2026-08-12T13:29:33.761206,reviews.csv
142,1701,1,5,,2024-04-01 09:37:40,2026-08-12T13:29:33.761206,reviews.csv
4990,2438,1,4,,2021-01-16 20:33:55,2026-08-12T13:29:33.761206,reviews.csv
940,2589,5,5,A masterpiece. Every chapter left me wanting more.,2024-12-31 12:06:27,2026-08-12T13:29:33.761206,reviews.csv
197,2185,1,2,Disappointed. Expected much more based on the reviews.,2022-08-16 05:24:27,2026-08-12T13:29:33.761206,reviews.csv
3652,2556,1,4,Well-written and engaging. A few plot holes but forgivable.,2022-12-26 18:56:49,2026-08-12T13:29:33.761206,reviews.csv
491,291,2,4,Well-written and engaging. A few plot holes but forgivable.,2023-01-29 11:09:37,2026-08-12T13:29:33.761206,reviews.csv
4660,2551,1,3,It was okay. The hype around this book is a bit overstated.,2024-11-12 16:37:03,2026-08-12T13:29:33.761206,reviews.csv
4829,454,1,4,Enjoyed it quite a bit. Solid writing and interesting ideas.,2024-07-16 22:19:24,2026-08-12T13:29:33.761206,reviews.csv
5511,2222,3,1,Could not finish it. Extremely boring.,2021-01-07 18:33:51,2026-08-12T13:29:33.761206,reviews.csv
3642,208,4,4,Above average. Would recommend to fans of the genre.,2023-02-06 09:52:44,2026-08-12T13:29:33.761206,reviews.csv
2036,1696,56,4,Liked it. The first half is stronger than the second.,2024-08-22 17:53:16,2026-08-12T13:29:33.761206,reviews.csv
263,457,2,5,Perfect blend of story and insight. Will read again.,2024-01-01 14:08:18,2026-08-12T13:29:33.761206,reviews.csv
1512,679,1,4,,2024-12-31 13:46:35,2026-08-12T13:29:33.761206,reviews.csv
2287,1889,187,2,Overrated. I did not enjoy the characters at all.,2021-06-25 17:42:53,2026-08-12T13:29:33.761206,reviews.csv
3962,863,69,4,Mostly great. The middle section drags a bit.,2024-12-08 06:36:27,2026-08-12T13:29:33.761206,reviews.csv
4668,1267,1,5,Exceeded all my expectations. Truly extraordinary.,2024-10-24 20:00:14,2026-08-12T13:29:33.761206,reviews.csv
3597,1102,1,5,A masterpiece. Every chapter left me wanting more.,2024-04-28 08:49:21,2026-08-12T13:29:33.761206,reviews.csv
2244,1638,1,4,Mostly great. The middle section drags a bit.,2024-09-17 10:58:30,2026-08-12T13:29:33.761206,reviews.csv
3621,1690,1,4,,2024-06-15 10:40:34,2026-08-12T13:29:33.761206,reviews.csv
2218,2242,1,3,It was okay. The hype around this book is a bit overstated.,2021-09-18 13:11:05,2026-08-12T13:29:33.761206,reviews.csv
5149,1504,1,3,"Some interesting parts, but overall felt underwhelming.",2023-12-20 07:28:36,2026-08-12T13:29:33.761206,reviews.csv
796,265,3,3,Decent read. Not my favourite but not bad either.,2022-01-17 10:43:00,2026-08-12T13:29:33.761206,reviews.csv
4390,22,2,4,Enjoyed it quite a bit. Solid writing and interesting ideas.,2022-10-02 12:58:42,2026-08-12T13:29:33.761206,reviews.csv
2002,1584,3,2,Would not recommend. Too slow and the payoff was not worth it.,2021-06-27 13:23:05,2026-08-12T13:29:33.761206,reviews.csv
4146,100,1,3,"Mixed feelings. Good premise, mediocre execution.",2022-12-03 06:12:31,2026-08-12T13:29:33.761206,reviews.csv
1162,1351,1,2,Not for me. The writing style felt very dated.,2022-06-02 14:16:00,2026-08-12T13:29:33.761206,reviews.csv
3432,2298,3,4,"Good book, though the ending felt a little rushed.",2024-12-10 11:22:24,2026-08-12T13:29:33.761206,reviews.csv
5361,1203,49,3,"Some interesting parts, but overall felt underwhelming.",2023-02-09 07:41:01,2026-08-12T13:29:33.761206,reviews.csv
542,1868,2,4,Mostly great. The middle section drags a bit.,2023-08-17 06:51:26,2026-08-12T13:29:33.761206,reviews.csv
5509,1933,1,2,Struggled to get through it. The story meanders endlessly.,2024-12-14 12:11:37,2026-08-12T13:29:33.761206,reviews.csv
3988,1829,4,3,Decent read. Not my favourite but not bad either.,2023-11-16 14:59:50,2026-08-12T13:29:33.761206,reviews.csv
5151,1721,7,3,Had potential but did not quite deliver on its promise.,2023-10-24 09:44:36,2026-08-12T13:29:33.761206,reviews.csv
4533,1923,2,4,Above average. Would recommend to fans of the genre.,2022-02-23 21:06:20,2026-08-12T13:29:33.761206,reviews.csv
3929,313,1,4,A very good read overall. Some chapters were slow but worth it.,2022-11-23 18:23:34,2026-08-12T13:29:33.761206,reviews.csv
2951,1442,1,4,Pleasant read. Nothing groundbreaking but definitely enjoyable.,2024-01-22 17:15:44,2026-08-12T13:29:33.761206,reviews.csv
346,1860,13,3,"Mixed feelings. Good premise, mediocre execution.",2024-07-14 06:52:53,2026-08-12T13:29:33.761206,reviews.csv
4418,1895,2,6,I finished this in two sittings. Absolutely riveting.,2024-04-22 15:57:06,2026-08-12T13:29:33.761206,reviews.csv
465,2040,12,5,,2023-12-16 08:54:20,2026-08-12T13:29:33.761206,reviews.csv
5058,69,9,2,Not for me. The writing style felt very dated.,2023-10-25 18:00:39,2026-08-12T13:29:33.761206,reviews.csv
4027,548,5,5,A masterpiece. Every chapter left me wanting more.,2021-11-27 13:29:38,2026-08-12T13:29:33.761206,reviews.csv
670,1944,13,5,Perfect blend of story and insight. Will read again.,2023-01-15 06:30:34,2026-08-12T13:29:33.761206,reviews.csv
5304,1608,22,4,A very good read overall. Some chapters were slow but worth it.,2023-09-22 19:22:12,2026-08-12T13:29:33.761206,reviews.csv
626,487,1,3,"Some interesting parts, but overall felt underwhelming.",2023-12-20 05:27:06,2026-08-12T13:29:33.761206,reviews.csv
242,151,9,4,A very good read overall. Some chapters were slow but worth it.,2023-03-21 09:48:20,2026-08-12T13:29:33.761206,reviews.csv
2976,622,2,4,Mostly great. The middle section drags a bit.,2024-12-31 16:39:10,2026-08-12T13:29:33.761206,reviews.csv
1497,1844,1,5,A masterpiece. Every chapter left me wanting more.,2022-07-25 07:37:52,2026-08-12T13:29:33.761206,reviews.csv
860,1780,1,2,Struggled to get through it. The story meanders endlessly.,2024-06-20 13:25:10,2026-08-12T13:29:33.761206,reviews.csv
5440,2268,12,5,Absolutely loved this book — couldn't put it down!,2023-04-02 11:51:05,2026-08-12T13:29:33.761206,reviews.csv
5143,2174,2,3,It was okay. The hype around this book is a bit overstated.,2024-07-07 01:54:53,2026-08-12T13:29:33.761206,reviews.csv
3056,2376,1,4,Well-written and engaging. A few plot holes but forgivable.,2021-11-10 21:07:41,2026-08-12T13:29:33.761206,reviews.csv
5038,1516,3,4,"Good book, though the ending felt a little rushed.",2023-02-02 17:27:57,2026-08-12T13:29:33.761206,reviews.csv
4136,1705,3,3,"Mixed feelings. Good premise, mediocre execution.",2020-05-26 21:30:23,2026-08-12T13:29:33.761206,reviews.csv
1746,559,2,4,"Good book, though the ending felt a little rushed.",2021-11-15 18:37:31,2026-08-12T13:29:33.761206,reviews.csv
1064,1689,3,4,Well-written and engaging. A few plot holes but forgivable.,2024-05-23 19:01:34,2026-08-12T13:29:33.761206,reviews.csv
4385,691,2,4,Above average. Would recommend to fans of the genre.,2024-11-20 07:31:01,2026-08-12T13:29:33.761206,reviews.csv
1515,1953,1,5,Brilliant narrative. The characters feel genuinely real.,2022-04-07 19:02:07,2026-08-12T13:29:33.761206,reviews.csv
1363,68,55,2,The plot felt disjointed and the pacing was off throughout.,2024-06-16 13:47:38,2026-08-12T13:29:33.761206,reviews.csv
3625,1951,1,4,Pleasant read. Nothing groundbreaking but definitely enjoyable.,2024-11-20 17:59:03,2026-08-12T13:29:33.761206,reviews.csv
5140,2249,23,4,Mostly great. The middle section drags a bit.,2020-10-24 10:55:12,2026-08-12T13:29:33.761206,reviews.csv
481,2685,7,4,,2023-05-05 13:15:47,2026-08-12T13:29:33.761206,reviews.csv
4173,1315,2,4,"Good book, though the ending felt a little rushed.",2023-09-05 07:45:02,2026-08-12T13:29:33.761206,reviews.csv
3438,2280,6,2,Not for me. The writing style felt very dated.,2023-02-19 19:50:11,2026-08-12T13:29:33.761206,reviews.csv
445,1656,1,3,It was okay. The hype around this book is a bit overstated.,2024-01-26 00:43:18,2026-08-12T13:29:33.761206,reviews.csv
1012,219,4,4,Pleasant read. Nothing groundbreaking but definitely enjoyable.,2022-06-13 21:35:41,2026-08-12T13:29:33.761206,reviews.csv
2506,802,3,3,Average. Had its moments but failed to really engage me.,2022-01-28 13:22:53,2026-08-12T13:29:33.761206,reviews.csv
17,1124,3,3,"Mixed feelings. Good premise, mediocre execution.",2024-04-26 19:08:21,2026-08-12T13:29:33.761206,reviews.csv
1550,2310,1,3,Neither great nor terrible. Passes the time.,2023-11-03 08:10:39,2026-08-12T13:29:33.761206,reviews.csv
71,2036,1,4,Pleasant read. Nothing groundbreaking but definitely enjoyable.,2024-06-28 05:24:59,2026-08-12T13:29:33.761206,reviews.csv
1369,2059,18,3,Decent read. Not my favourite but not bad either.,2020-08-18 17:15:35,2026-08-12T13:29:33.761206,reviews.csv
4939,2288,1,4,A very good read overall. Some chapters were slow but worth it.,2024-11-05 11:10:06,2026-08-12T13:29:33.761206,reviews.csv
3867,959,2,4,A very good read overall. Some chapters were slow but worth it.,2023-05-16 08:57:40,2026-08-12T13:29:33.761206,reviews.csv
5076,887,2,5,Perfect blend of story and insight. Will read again.,2023-09-15 21:28:04,2026-08-12T13:29:33.761206,reviews.csv
3544,658,2,5,Beautifully written. The author's style is simply stunning.,2023-06-01 09:42:55,2026-08-12T13:29:33.761206,reviews.csv
3479,1353,1,5,Beautifully written. The author's style is simply stunning.,2020-04-10 14:38:55,2026-08-12T13:29:33.761206,reviews.csv
4078,1782,61,2,Struggled to get through it. The story meanders endlessly.,2023-10-29 08:16:04,2026-08-12T13:29:33.761206,reviews.csv
1245,602,1,2,Would not recommend. Too slow and the payoff was not worth it.,2024-02-29 17:08:23,2026-08-12T13:29:33.761206,reviews.csv
3389,1754,16,2,Not for me. The writing style felt very dated.,2024-02-21 08:56:25,2026-08-12T13:29:33.761206,reviews.csv
457,2774,82,2,Overrated. I did not enjoy the characters at all.,2024-03-05 18:45:13,2026-08-12T13:29:33.761206,reviews.csv
3874,2348,6,1,Terrible. Wasted my money and my time.,2020-11-12 17:06:17,2026-08-12T13:29:33.761206,reviews.csv
823,1532,1,3,Neither great nor terrible. Passes the time.,2022-03-13 20:56:54,2026-08-12T13:29:33.761206,reviews.csv
5102,304,2,4,"Good book, though the ending felt a little rushed.",2021-09-27 01:27:53,2026-08-12T13:29:33.761206,reviews.csv
5094,469,1,5,,2021-01-02 18:36:21,2026-08-12T13:29:33.761206,reviews.csv
4499,2268,1,2,The plot felt disjointed and the pacing was off throughout.,2021-02-27 08:34:09,2026-08-12T13:29:33.761206,reviews.csv
4885,735,35,3,Decent read. Not my favourite but not bad either.,2024-10-19 07:02:47,2026-08-12T13:29:33.761206,reviews.csv
2118,2238,6,3,Average. Had its moments but failed to really engage me.,2024-08-08 06:29:56,2026-08-12T13:29:33.761206,reviews.csv
4450,714,4,3,It was okay. The hype around this book is a bit overstated.,2024-07-02 19:09:55,2026-08-12T13:29:33.761206,reviews.csv
4157,2340,1,2,Would not recommend. Too slow and the payoff was not worth it.,2022-12-11 07:03:13,2026-08-12T13:29:33.761206,reviews.csv
3756,1843,1,5,,2021-10-14 18:01:28,2026-08-12T13:29:33.761206,reviews.csv
620,2642,1,2,Would not recommend. Too slow and the payoff was not worth it.,2024-02-25 16:25:31,2026-08-12T13:29:33.761206,reviews.csv
4272,1197,5,4,Above average. Would recommend to fans of the genre.,2024-02-10 17:26:08,2026-08-12T13:29:33.761206,reviews.csv
1372,978,1,4,"Good book, though the ending felt a little rushed.",2024-11-06 16:34:29,2026-08-12T13:29:33.761206,reviews.csv
5529,277,6,2,Not for me. The writing style felt very dated.,2024-10-12 12:33:47,2026-08-12T13:29:33.761206,reviews.csv
4253,2055,12,4,Above average. Would recommend to fans of the genre.,2024-09-26 16:10:56,2026-08-12T13:29:33.761206,reviews.csv
4284,1854,30,4,Enjoyed it quite a bit. Solid writing and interesting ideas.,2024-10-17 13:17:06,2026-08-12T13:29:33.761206,reviews.csv
101,251,1,4,Above average. Would recommend to fans of the genre.,2022-11-06 07:44:17,2026-08-12T13:29:33.761206,reviews.csv
1420,2773,1,3,Decent read. Not my favourite but not bad either.,2024-01-19 16:43:55,2026-08-12T13:29:33.761206,reviews.csv
3581,2666,4,4,Well-written and engaging. A few plot holes but forgivable.,2023-08-15 00:30:14,2026-08-12T13:29:33.761206,reviews.csv
5510,2251,1,4,,2020-09-23 08:51:46,2026-08-12T13:29:33.761206,reviews.csv
356,2536,55,3,Neither great nor terrible. Passes the time.,2024-05-14 11:53:04,2026-08-12T13:29:33.761206,reviews.csv
2381,172,5,5,The writing is exceptional and the story gripped me from page one.,2024-05-02 18:50:39,2026-08-12T13:29:33.761206,reviews.csv
2826,403,1,3,It was okay. The hype around this book is a bit overstated.,2024-07-31 21:55:28,2026-08-12T13:29:33.761206,reviews.csv
4982,1708,3,3,Had potential but did not quite deliver on its promise.,2024-04-13 21:05:02,2026-08-12T13:29:33.761206,reviews.csv
120,150,1,3,,2024-12-31 16:21:14,2026-08-12T13:29:33.761206,reviews.csv
3983,2138,15,4,Liked it. The first half is stronger than the second.,2024-09-28 11:54:37,2026-08-12T13:29:33.761206,reviews.csv
1608,2456,1,4,"Good book, though the ending felt a little rushed.",2024-09-08 08:12:16,2026-08-12T13:29:33.761206,reviews.csv
4559,196,1,2,Disappointed. Expected much more based on the reviews.,2023-01-07 08:14:00,2026-08-12T13:29:33.761206,reviews.csv
777,2233,12,4,Liked it. The first half is stronger than the second.,2024-04-17 19:49:50,2026-08-12T13:29:33.761206,reviews.csv
1768,1195,1,4,A very good read overall. Some chapters were slow but worth it.,2023-01-26 14:22:45,2026-08-12T13:29:33.761206,reviews.csv
813,379,59,5,The writing is exceptional and the story gripped me from page one.,2024-12-06 21:14:15,2026-08-12T13:29:33.761206,reviews.csv
4669,589,1,5,One of the best reads I have had in years. Highly recommended.,2024-05-20 21:43:51,2026-08-12T13:29:33.761206,reviews.csv
3743,2485,32,3,,2020-04-19 11:41:12,2026-08-12T13:29:33.761206,reviews.csv
963,285,7,4,Well-written and engaging. A few plot holes but forgivable.,2024-10-04 07:13:28,2026-08-12T13:29:33.761206,reviews.csv
3968,892,3,2,Overrated. I did not enjoy the characters at all.,2022-12-09 08:34:35,2026-08-12T13:29:33.761206,reviews.csv
4458,2713,1,4,,2023-11-15 12:28:34,2026-08-12T13:29:33.761206,reviews.csv
1020,1685,3,3,Decent read. Not my favourite but not bad either.,2020-08-19 18:49:26,2026-08-12T13:29:33.761206,reviews.csv
4327,990,3,5,The writing is exceptional and the story gripped me from page one.,2021-08-28 07:50:42,2026-08-12T13:29:33.761206,reviews.csv
3248,1163,2,5,Beautifully written. The author's style is simply stunning.,2024-01-07 19:06:47,2026-08-12T13:29:33.761206,reviews.csv
3173,2749,3,3,It was okay. The hype around this book is a bit overstated.,2024-09-12 18:25:47,2026-08-12T13:29:33.761206,reviews.csv
2910,1336,8,2,The plot felt disjointed and the pacing was off throughout.,2023-04-21 11:30:29,2026-08-12T13:29:33.761206,reviews.csv
3736,1623,1,4,Mostly great. The middle section drags a bit.,2023-01-11 02:00:49,2026-08-12T13:29:33.761206,reviews.csv
5333,456,3,3,It was okay. The hype around this book is a bit overstated.,2021-01-16 18:45:09,2026-08-12T13:29:33.761206,reviews.csv
5597,1743,26,3,Had potential but did not quite deliver on its promise.,2020-12-29 12:29:08,2026-08-12T13:29:33.761206,reviews.csv
2888,921,5,3,Neither great nor terrible. Passes the time.,2024-10-29 14:25:29,2026-08-12T13:29:33.761206,reviews.csv
3838,5,1,4,Well-written and engaging. A few plot holes but forgivable.,2022-09-27 12:39:34,2026-08-12T13:29:33.761206,reviews.csv
4598,972,1,5,This book changed the way I think. A must-read for everyone.,2021-02-18 18:30:12,2026-08-12T13:29:33.761206,reviews.csv
727,2416,1,3,Had potential but did not quite deliver on its promise.,2024-08-28 19:18:38,2026-08-12T13:29:33.761206,reviews.csv
1829,2288,9,4,A very good read overall. Some chapters were slow but worth it.,2024-11-28 20:25:45,2026-08-12T13:29:33.761206,reviews.csv
4780,1431,1,3,Neither great nor terrible. Passes the time.,2023-12-30 21:53:22,2026-08-12T13:29:33.761206,reviews.csv
46,2799,1,3,It was okay. The hype around this book is a bit overstated.,2021-06-27 21:41:55,2026-08-12T13:29:33.761206,reviews.csv
2752,1393,2,5,I finished this in two sittings. Absolutely riveting.,2024-05-06 20:11:31,2026-08-12T13:29:33.761206,reviews.csv
5398,908,17,3,"Mixed feelings. Good premise, mediocre execution.",2021-08-31 08:41:22,2026-08-12T13:29:33.761206,reviews.csv
5570,178,1,4,Pleasant read. Nothing groundbreaking but definitely enjoyable.,2024-07-17 05:40:27,2026-08-12T13:29:33.761206,reviews.csv
730,114,57,4,Liked it. The first half is stronger than the second.,2024-05-13 18:51:56,2026-08-12T13:29:33.761206,reviews.csv
2240,2046,4,4,Enjoyed it quite a bit. Solid writing and interesting ideas.,2020-06-27 21:16:48,2026-08-12T13:29:33.761206,reviews.csv
1254,1013,1,4,,2020-05-13 08:13:33,2026-08-12T13:29:33.761206,reviews.csv
4819,33,5,5,A masterpiece. Every chapter left me wanting more.,2024-10-10 10:27:33,2026-08-12T13:29:33.761206,reviews.csv
3112,466,187,1,Terrible. Wasted my money and my time.,2020-06-05 18:20:48,2026-08-12T13:29:33.761206,reviews.csv
3113,2537,2,5,The writing is exceptional and the story gripped me from page one.,2022-12-17 06:34:13,2026-08-12T13:29:33.761206,reviews.csv
1479,1732,10,4,Enjoyed it quite a bit. Solid writing and interesting ideas.,2023-11-03 16:52:43,2026-08-12T13:29:33.761206,reviews.csv
1920,783,1,5,I finished this in two sittings. Absolutely riveting.,2022-02-06 07:15:03,2026-08-12T13:29:33.761206,reviews.csv
275,2659,2,5,Exceeded all my expectations. Truly extraordinary.,2024-10-26 18:57:03,2026-08-12T13:29:33.761206,reviews.csv
3138,2178,2,4,Mostly great. The middle section drags a bit.,2024-08-18 18:48:06,2026-08-12T13:29:33.761206,reviews.csv
3484,309,2,4,Liked it. The first half is stronger than the second.,2020-10-17 20:41:36,2026-08-12T13:29:33.761206,reviews.csv
2968,606,1,3,"Some interesting parts, but overall felt underwhelming.",2024-06-23 06:12:14,2026-08-12T13:29:33.761206,reviews.csv
3915,2251,31,3,Had potential but did not quite deliver on its promise.,2022-10-21 08:29:08,2026-08-12T13:29:33.761206,reviews.csv
4729,14,2,4,"Good book, though the ending felt a little rushed.",2022-10-02 18:47:20,2026-08-12T13:29:33.761206,reviews.csv
4469,1621,2,3,"Mixed feelings. Good premise, mediocre execution.",2024-05-09 22:33:37,2026-08-12T13:29:33.761206,reviews.csv
4369,2307,4,3,Had potential but did not quite deliver on its promise.,2021-07-05 17:33:50,2026-08-12T13:29:33.761206,reviews.csv
3882,44,1,4,Enjoyed it quite a bit. Solid writing and interesting ideas.,2023-02-20 12:06:01,2026-08-12T13:29:33.761206,reviews.csv
3434,1316,14,-1,,2022-10-19 07:01:04,2026-08-12T13:29:33.761206,reviews.csv
3366,779,3,5,One of the best reads I have had in years. Highly recommended.,2024-12-30 11:31:09,2026-08-12T13:29:33.761206,reviews.csv
316,111,38,2,The plot felt disjointed and the pacing was off throughout.,2024-06-21 15:56:34,2026-08-12T13:29:33.761206,reviews.csv
949,1383,1,3,"Mixed feelings. Good premise, mediocre execution.",2024-09-11 20:52:32,2026-08-12T13:29:33.761206,reviews.csv
2534,212,2,4,"Good book, though the ending felt a little rushed.",2024-07-23 21:55:57,2026-08-12T13:29:33.761206,reviews.csv
1139,570,1,4,Above average. Would recommend to fans of the genre.,2021-08-21 11:12:28,2026-08-12T13:29:33.761206,reviews.csv
1635,2012,6,2,Not for me. The writing style felt very dated.,2022-07-01 15:29:57,2026-08-12T13:29:33.761206,reviews.csv
3576,1140,2,4,"Good book, though the ending felt a little rushed.",2024-10-07 01:13:29,2026-08-12T13:29:33.761206,reviews.csv
1384,607,1,2,Would not recommend. Too slow and the payoff was not worth it.,2022-09-24 19:33:02,2026-08-12T13:29:33.761206,reviews.csv
2879,2661,2,4,Above average. Would recommend to fans of the genre.,2024-04-10 07:52:09,2026-08-12T13:29:33.761206,reviews.csv
2025,1765,14,0,Well-written and engaging. A few plot holes but forgivable.,2023-09-30 17:26:51,2026-08-12T13:29:33.761206,reviews.csv
4774,1224,1,4,A very good read overall. Some chapters were slow but worth it.,2023-11-29 11:35:36,2026-08-12T13:29:33.761206,reviews.csv
1272,1581,1,4,,2023-11-21 19:44:39,2026-08-12T13:29:33.761206,reviews.csv
1053,669,1,4,Liked it. The first half is stronger than the second.,2023-10-05 10:44:13,2026-08-12T13:29:33.761206,reviews.csv
2428,955,2,2,,2022-12-29 03:43:45,2026-08-12T13:29:33.761206,reviews.csv
1871,2013,1,5,I finished this in two sittings. Absolutely riveting.,2024-12-31 11:37:39,2026-08-12T13:29:33.761206,reviews.csv
48,791,1,2,Disappointed. Expected much more based on the reviews.,2024-02-08 13:36:08,2026-08-12T13:29:33.761206,reviews.csv
5272,2757,1,5,I finished this in two sittings. Absolutely riveting.,2023-08-02 11:17:56,2026-08-12T13:29:33.761206,reviews.csv
1202,1013,6,3,Decent read. Not my favourite but not bad either.,2020-02-05 12:03:52,2026-08-12T13:29:33.761206,reviews.csv
4841,1843,5,3,Average. Had its moments but failed to really engage me.,2021-08-09 14:00:55,2026-08-12T13:29:33.761206,reviews.csv
1070,283,5,2,Overrated. I did not enjoy the characters at all.,2024-03-13 19:35:21,2026-08-12T13:29:33.761206,reviews.csv
3930,1776,4,3,Neither great nor terrible. Passes the time.,2021-09-20 16:02:18,2026-08-12T13:29:33.761206,reviews.csv
3704,312,22,2,,2023-05-08 09:58:27,2026-08-12T13:29:33.761206,reviews.csv
3610,1159,2,3,Decent read. Not my favourite but not bad either.,2024-10-15 19:05:39,2026-08-12T13:29:33.761206,reviews.csv
1576,613,1,4,Liked it. The first half is stronger than the second.,2022-06-08 17:53:25,2026-08-12T13:29:33.761206,reviews.csv
249,1808,1,5,This book changed the way I think. A must-read for everyone.,2023-09-10 13:19:40,2026-08-12T13:29:33.761206,reviews.csv
5365,2299,126,6,Enjoyed it quite a bit. Solid writing and interesting ideas.,2023-05-18 09:36:05,2026-08-12T13:29:33.761206,reviews.csv
2872,371,2,4,Mostly great. The middle section drags a bit.,2022-05-02 16:54:32,2026-08-12T13:29:33.761206,reviews.csv
2521,2685,3,2,Struggled to get through it. The story meanders endlessly.,2022-07-20 11:12:42,2026-08-12T13:29:33.761206,reviews.csv
3317,2062,2,5,Exceeded all my expectations. Truly extraordinary.,2023-09-29 07:01:08,2026-08-12T13:29:33.761206,reviews.csv
941,1269,1,4,Above average. Would recommend to fans of the genre.,2022-03-06 15:58:25,2026-08-12T13:29:33.761206,reviews.csv
3364,1370,7,-1,Average. Had its moments but failed to really engage me.,2024-07-16 19:45:27,2026-08-12T13:29:33.761206,reviews.csv
2107,1064,7,4,Pleasant read. Nothing groundbreaking but definitely enjoyable.,2024-12-31 20:50:58,2026-08-12T13:29:33.761206,reviews.csv
3320,10,12,5,,2022-10-13 07:53:28,2026-08-12T13:29:33.761206,reviews.csv
452,857,6,3,Had potential but did not quite deliver on its promise.,2024-07-27 19:56:03,2026-08-12T13:29:33.761206,reviews.csv
2073,1480,5,3,Neither great nor terrible. Passes the time.,2024-06-19 16:38:42,2026-08-12T13:29:33.761206,reviews.csv
4706,2117,1,3,It was okay. The hype around this book is a bit overstated.,2022-09-15 07:39:21,2026-08-12T13:29:33.761206,reviews.csv
4054,1937,5,3,"Mixed feelings. Good premise, mediocre execution.",2024-05-18 18:23:56,2026-08-12T13:29:33.761206,reviews.csv
1900,2781,2,3,Average. Had its moments but failed to really engage me.,2021-07-12 10:27:56,2026-08-12T13:29:33.761206,reviews.csv
2901,893,39,4,A very good read overall. Some chapters were slow but worth it.,2024-12-31 18:40:17,2026-08-12T13:29:33.761206,reviews.csv
4042,1402,2,3,Had potential but did not quite deliver on its promise.,2023-01-11 10:32:30,2026-08-12T13:29:33.761206,reviews.csv
5473,255,5,3,"Mixed feelings. Good premise, mediocre execution.",2024-08-30 20:40:43,2026-08-12T13:29:33.761206,reviews.csv
432,1673,1,5,Absolutely loved this book — couldn't put it down!,2024-07-08 05:16:05,2026-08-12T13:29:33.761206,reviews.csv
639,2254,2,3,Neither great nor terrible. Passes the time.,2021-09-09 21:04:19,2026-08-12T13:29:33.761206,reviews.csv
4095,656,181,2,Disappointed. Expected much more based on the reviews.,2020-12-08 10:37:32,2026-08-12T13:29:33.761206,reviews.csv
1820,2105,26,5,Brilliant narrative. The characters feel genuinely real.,2022-08-26 15:57:16,2026-08-12T13:29:33.761206,reviews.csv
3012,2225,33,2,Would not recommend. Too slow and the payoff was not worth it.,2024-04-26 18:47:10,2026-08-12T13:29:33.761206,reviews.csv
3140,406,4,3,Had potential but did not quite deliver on its promise.,2023-08-03 19:49:07,2026-08-12T13:29:33.761206,reviews.csv
915,801,1,5,Brilliant narrative. The characters feel genuinely real.,2020-11-25 20:29:39,2026-08-12T13:29:33.761206,reviews.csv
2037,2010,1,3,"Some interesting parts, but overall felt underwhelming.",2020-08-15 12:39:39,2026-08-12T13:29:33.761206,reviews.csv
1621,1009,1,4,Well-written and engaging. A few plot holes but forgivable.,2024-09-21 09:44:36,2026-08-12T13:29:33.761206,reviews.csv
5453,321,4,4,Pleasant read. Nothing groundbreaking but definitely enjoyable.,2021-02-07 18:43:44,2026-08-12T13:29:33.761206,reviews.csv
5324,2054,1,3,Average. Had its moments but failed to really engage me.,2024-04-11 20:34:45,2026-08-12T13:29:33.761206,reviews.csv
237,2319,4,3,Neither great nor terrible. Passes the time.,2024-12-31 14:33:13,2026-08-12T13:29:33.761206,reviews.csv
1737,411,12,4,Liked it. The first half is stronger than the second.,2024-03-30 10:48:02,2026-08-12T13:29:33.761206,reviews.csv
205,1104,6,2,Would not recommend. Too slow and the payoff was not worth it.,2024-02-23 07:00:45,2026-08-12T13:29:33.761206,reviews.csv
4003,2401,19,3,"Mixed feelings. Good premise, mediocre execution.",2023-11-10 08:03:23,2026-08-12T13:29:33.761206,reviews.csv
1411,1097,1,4,Mostly great. The middle section drags a bit.,2024-12-04 19:59:42,2026-08-12T13:29:33.761206,reviews.csv
1046,2723,2,4,Pleasant read. Nothing groundbreaking but definitely enjoyable.,2023-08-14 11:44:40,2026-08-12T13:29:33.761206,reviews.csv
3665,1530,32,3,"Mixed feelings. Good premise, mediocre execution.",2024-06-10 06:10:14,2026-08-12T13:29:33.761206,reviews.csv
5612,56,3,4,Well-written and engaging. A few plot holes but forgivable.,2023-10-18 13:37:31,2026-08-12T13:29:33.761206,reviews.csv
3254,562,4,4,,2022-10-21 19:42:47,2026-08-12T13:29:33.761206,reviews.csv
1505,2208,1,5,Exceeded all my expectations. Truly extraordinary.,2024-07-01 20:39:43,2026-08-12T13:29:33.761206,reviews.csv
1615,1324,1,3,Had potential but did not quite deliver on its promise.,2024-07-12 18:13:46,2026-08-12T13:29:33.761206,reviews.csv
2089,1014,38,5,This book changed the way I think. A must-read for everyone.,2023-10-29 10:35:22,2026-08-12T13:29:33.761206,reviews.csv
3976,353,1,3,Decent read. Not my favourite but not bad either.,2022-02-27 14:19:29,2026-08-12T13:29:33.761206,reviews.csv
2671,2429,5,3,Average. Had its moments but failed to really engage me.,2023-03-07 20:16:09,2026-08-12T13:29:33.761206,reviews.csv
1987,1341,1,4,Well-written and engaging. A few plot holes but forgivable.,2020-03-28 12:22:58,2026-08-12T13:29:33.761206,reviews.csv
1928,677,2,4,Liked it. The first half is stronger than the second.,2022-03-24 00:29:26,2026-08-12T13:29:33.761206,reviews.csv
1649,1690,9,4,Well-written and engaging. A few plot holes but forgivable.,2024-12-03 08:43:28,2026-08-12T13:29:33.761206,reviews.csv
4465,1443,2,5,Exceeded all my expectations. Truly extraordinary.,2021-08-18 10:58:00,2026-08-12T13:29:33.761206,reviews.csv
4504,1321,29,4,Above average. Would recommend to fans of the genre.,2024-04-05 13:22:12,2026-08-12T13:29:33.761206,reviews.csv
4745,561,1,3,"Some interesting parts, but overall felt underwhelming.",2024-05-23 18:28:18,2026-08-12T13:29:33.761206,reviews.csv
2765,558,27,4,,2020-12-10 15:58:36,2026-08-12T13:29:33.761206,reviews.csv
2569,2396,20,4,A very good read overall. Some chapters were slow but worth it.,2022-01-10 09:09:05,2026-08-12T13:29:33.761206,reviews.csv
518,748,3,4,,2022-07-16 19:56:45,2026-08-12T13:29:33.761206,reviews.csv
354,2408,2,4,Pleasant read. Nothing groundbreaking but definitely enjoyable.,2024-02-09 06:33:54,2026-08-12T13:29:33.761206,reviews.csv
2664,2786,29,5,A masterpiece. Every chapter left me wanting more.,2023-08-22 12:01:30,2026-08-12T13:29:33.761206,reviews.csv
277,2381,1,5,A masterpiece. Every chapter left me wanting more.,2024-04-21 08:39:58,2026-08-12T13:29:33.761206,reviews.csv
1370,1807,34,4,Liked it. The first half is stronger than the second.,2024-10-30 14:51:11,2026-08-12T13:29:33.761206,reviews.csv
1467,776,1,4,Well-written and engaging. A few plot holes but forgivable.,2022-10-13 01:55:14,2026-08-12T13:29:33.761206,reviews.csv
4010,1198,32,2,The plot felt disjointed and the pacing was off throughout.,2024-07-05 08:31:03,2026-08-12T13:29:33.761206,reviews.csv
1217,1754,1,3,"Some interesting parts, but overall felt underwhelming.",2024-06-10 22:51:34,2026-08-12T13:29:33.761206,reviews.csv
1958,1197,1,4,A very good read overall. Some chapters were slow but worth it.,2023-12-13 10:31:02,2026-08-12T13:29:33.761206,reviews.csv
2319,2017,8,3,Decent read. Not my favourite but not bad either.,2023-11-27 21:42:51,2026-08-12T13:29:33.761206,reviews.csv
4377,2490,1,3,Average. Had its moments but failed to really engage me.,2024-11-04 12:43:27,2026-08-12T13:29:33.761206,reviews.csv
586,2554,1,4,Mostly great. The middle section drags a bit.,2023-10-15 17:37:10,2026-08-12T13:29:33.761206,reviews.csv
2982,1124,2,3,"Some interesting parts, but overall felt underwhelming.",2024-05-16 08:30:54,2026-08-12T13:29:33.761206,reviews.csv
3182,1924,1,3,Neither great nor terrible. Passes the time.,2023-12-19 17:11:36,2026-08-12T13:29:33.761206,reviews.csv
837,665,1,4,Well-written and engaging. A few plot holes but forgivable.,2022-02-06 12:16:53,2026-08-12T13:29:33.761206,reviews.csv
2331,470,1,4,,2024-11-08 09:22:11,2026-08-12T13:29:33.761206,reviews.csv
1472,2143,26,3,"Some interesting parts, but overall felt underwhelming.",2024-12-19 08:45:04,2026-08-12T13:29:33.761206,reviews.csv
1500,358,1,4,Pleasant read. Nothing groundbreaking but definitely enjoyable.,2021-04-28 19:15:15,2026-08-12T13:29:33.761206,reviews.csv
872,2260,20,4,Mostly great. The middle section drags a bit.,2022-11-02 11:57:32,2026-08-12T13:29:33.761206,reviews.csv
5048,2508,2,3,Decent read. Not my favourite but not bad either.,2023-11-21 09:19:21,2026-08-12T13:29:33.761206,reviews.csv
2667,1599,1,3,,2021-09-26 15:18:42,2026-08-12T13:29:33.761206,reviews.csv
1981,1007,1,3,Decent read. Not my favourite but not bad either.,2020-12-31 16:30:20,2026-08-12T13:29:33.761206,reviews.csv
64,2714,2,3,,2024-06-03 12:50:38,2026-08-12T13:29:33.761206,reviews.csv
201,373,2,4,Enjoyed it quite a bit. Solid writing and interesting ideas.,2024-03-29 18:54:48,2026-08-12T13:29:33.761206,reviews.csv
5215,1473,1,5,The writing is exceptional and the story gripped me from page one.,2022-09-11 10:48:04,2026-08-12T13:29:33.761206,reviews.csv
2175,2658,16,4,Pleasant read. Nothing groundbreaking but definitely enjoyable.,2024-12-07 17:15:09,2026-08-12T13:29:33.761206,reviews.csv
1494,2483,46,6,Not for me. The writing style felt very dated.,2024-11-04 19:00:48,2026-08-12T13:29:33.761206,reviews.csv
83,1188,1,4,Above average. Would recommend to fans of the genre.,2024-02-27 05:37:02,2026-08-12T13:29:33.761206,reviews.csv
2128,1643,1,3,Decent read. Not my favourite but not bad either.,2023-06-04 10:50:49,2026-08-12T13:29:33.761206,reviews.csv
255,1131,44,3,"Mixed feelings. Good premise, mediocre execution.",2023-08-29 08:22:01,2026-08-12T13:29:33.761206,reviews.csv
3803,501,3,4,Well-written and engaging. A few plot holes but forgivable.,2024-07-04 00:36:56,2026-08-12T13:29:33.761206,reviews.csv
3771,298,5,2,The plot felt disjointed and the pacing was off throughout.,2022-07-21 10:11:04,2026-08-12T13:29:33.761206,reviews.csv
2737,2476,6,3,It was okay. The hype around this book is a bit overstated.,2024-12-31 16:33:40,2026-08-12T13:29:33.761206,reviews.csv
2758,327,10,2,Not for me. The writing style felt very dated.,2024-12-31 06:47:44,2026-08-12T13:29:33.761206,reviews.csv
3304,676,11,4,A very good read overall. Some chapters were slow but worth it.,2024-09-28 11:12:12,2026-08-12T13:29:33.761206,reviews.csv
1535,521,1,5,This book changed the way I think. A must-read for everyone.,2024-08-10 21:35:00,2026-08-12T13:29:33.761206,reviews.csv
1733,1194,2,4,Pleasant read. Nothing groundbreaking but definitely enjoyable.,2021-02-09 15:52:31,2026-08-12T13:29:33.761206,reviews.csv
2692,1219,1,4,Mostly great. The middle section drags a bit.,2020-02-16 08:55:52,2026-08-12T13:29:33.761206,reviews.csv
5445,1841,3,4,Mostly great. The middle section drags a bit.,2022-09-09 09:58:32,2026-08-12T13:29:33.761206,reviews.csv
1943,1302,23,4,Well-written and engaging. A few plot holes but forgivable.,2021-06-15 16:52:34,2026-08-12T13:29:33.761206,reviews.csv
4205,1295,162,3,Average. Had its moments but failed to really engage me.,2021-10-28 19:26:45,2026-08-12T13:29:33.761206,reviews.csv
2288,527,2,5,Perfect blend of story and insight. Will read again.,2024-12-19 22:55:58,2026-08-12T13:29:33.761206,reviews.csv
5271,826,2,4,Enjoyed it quite a bit. Solid writing and interesting ideas.,2022-10-07 13:08:36,2026-08-12T13:29:33.761206,reviews.csv
2063,1758,37,4,Mostly great. The middle section drags a bit.,2024-12-24 11:11:43,2026-08-12T13:29:33.761206,reviews.csv
2714,2575,3,4,Mostly great. The middle section drags a bit.,2024-12-01 15:18:58,2026-08-12T13:29:33.761206,reviews.csv
5041,2212,11,3,Decent read. Not my favourite but not bad either.,2022-02-10 19:53:07,2026-08-12T13:29:33.761206,reviews.csv
4417,1452,1,4,Above average. Would recommend to fans of the genre.,2023-08-08 11:00:00,2026-08-12T13:29:33.761206,reviews.csv
4442,29,1,4,"Good book, though the ending felt a little rushed.",2020-11-30 17:08:25,2026-08-12T13:29:33.761206,reviews.csv
4978,1219,2,5,One of the best reads I have had in years. Highly recommended.,2020-09-01 12:12:09,2026-08-12T13:29:33.761206,reviews.csv
4456,1643,2,4,Liked it. The first half is stronger than the second.,2023-02-14 12:50:41,2026-08-12T13:29:33.761206,reviews.csv
4318,308,14,4,Above average. Would recommend to fans of the genre.,2024-07-27 19:09:07,2026-08-12T13:29:33.761206,reviews.csv
4646,1530,64,3,It was okay. The hype around this book is a bit overstated.,2024-12-03 20:16:13,2026-08-12T13:29:33.761206,reviews.csv
4360,964,2,5,The writing is exceptional and the story gripped me from page one.,2023-03-05 00:50:52,2026-08-12T13:29:33.761206,reviews.csv
167,2667,1,3,Neither great nor terrible. Passes the time.,2024-11-08 22:27:14,2026-08-12T13:29:33.761206,reviews.csv
4848,774,1,3,,2022-08-19 21:05:30,2026-08-12T13:29:33.761206,reviews.csv
2655,375,3,3,Average. Had its moments but failed to really engage me.,2021-07-19 18:21:52,2026-08-12T13:29:33.761206,reviews.csv
2776,1333,171,3,Neither great nor terrible. Passes the time.,2024-10-01 18:03:49,2026-08-12T13:29:33.761206,reviews.csv
4891,576,1,5,One of the best reads I have had in years. Highly recommended.,2024-10-09 07:08:01,2026-08-12T13:29:33.761206,reviews.csv
1817,2471,1,3,Had potential but did not quite deliver on its promise.,2022-11-18 09:54:21,2026-08-12T13:29:33.761206,reviews.csv
1252,2378,3,4,"Good book, though the ending felt a little rushed.",2023-07-12 23:57:03,2026-08-12T13:29:33.761206,reviews.csv
4439,1655,10,3,Had potential but did not quite deliver on its promise.,2024-10-21 11:00:34,2026-08-12T13:29:33.761206,reviews.csv
5524,40,5,5,This book changed the way I think. A must-read for everyone.,2024-09-19 15:40:45,2026-08-12T13:29:33.761206,reviews.csv
3806,699,1,5,The writing is exceptional and the story gripped me from page one.,2024-12-16 06:03:41,2026-08-12T13:29:33.761206,reviews.csv
4648,2239,1,2,Struggled to get through it. The story meanders endlessly.,2022-07-09 20:30:02,2026-08-12T13:29:33.761206,reviews.csv
4338,2258,1,3,"Mixed feelings. Good premise, mediocre execution.",2022-11-28 11:53:55,2026-08-12T13:29:33.761206,reviews.csv
4610,2011,17,5,Absolutely loved this book — couldn't put it down!,2024-08-25 06:44:01,2026-08-12T13:29:33.761206,reviews.csv
5138,2184,189,4,Liked it. The first half is stronger than the second.,2024-08-21 09:35:38,2026-08-12T13:29:33.761206,reviews.csv
3841,1638,5,5,I finished this in two sittings. Absolutely riveting.,2024-10-25 08:17:46,2026-08-12T13:29:33.761206,reviews.csv
514,2511,1,4,Enjoyed it quite a bit. Solid writing and interesting ideas.,2023-11-04 18:32:37,2026-08-12T13:29:33.761206,reviews.csv
5147,457,44,3,Average. Had its moments but failed to really engage me.,2024-05-08 23:24:43,2026-08-12T13:29:33.761206,reviews.csv
1193,299,2,5,Brilliant narrative. The characters feel genuinely real.,2023-08-02 18:20:45,2026-08-12T13:29:33.761206,reviews.csv
1274,1134,3,3,Decent read. Not my favourite but not bad either.,2022-07-22 22:13:18,2026-08-12T13:29:33.761206,reviews.csv
2974,2777,2,4,Enjoyed it quite a bit. Solid writing and interesting ideas.,2024-12-13 15:09:38,2026-08-12T13:29:33.761206,reviews.csv
213,1512,1,4,Mostly great. The middle section drags a bit.,2020-07-29 06:51:34,2026-08-12T13:29:33.761206,reviews.csv
971,122,3,2,Not for me. The writing style felt very dated.,2024-12-13 23:36:53,2026-08-12T13:29:33.761206,reviews.csv
3454,567,78,3,"Mixed feelings. Good premise, mediocre execution.",2021-02-06 12:24:01,2026-08-12T13:29:33.761206,reviews.csv
4139,2375,13,3,It was okay. The hype around this book is a bit overstated.,2024-12-04 16:26:36,2026-08-12T13:29:33.761206,reviews.csv
4286,593,7,4,,2024-10-18 12:11:07,2026-08-12T13:29:33.761206,reviews.csv
5317,130,129,4,,2024-08-31 18:58:01,2026-08-12T13:29:33.761206,reviews.csv
1382,1127,2,5,A masterpiece. Every chapter left me wanting more.,2024-10-17 18:02:56,2026-08-12T13:29:33.761206,reviews.csv
49,2179,5,2,Would not recommend. Too slow and the payoff was not worth it.,2023-11-20 09:47:51,2026-08-12T13:29:33.761206,reviews.csv
3342,2728,2,4,Above average. Would recommend to fans of the genre.,2024-08-18 11:00:23,2026-08-12T13:29:33.761206,reviews.csv
3600,80,2,3,"Some interesting parts, but overall felt underwhelming.",2023-10-18 15:17:46,2026-08-12T13:29:33.761206,reviews.csv
4367,2716,2,5,I finished this in two sittings. Absolutely riveting.,2021-03-05 20:58:00,2026-08-12T13:29:33.761206,reviews.csv
436,1995,1,3,"Some interesting parts, but overall felt underwhelming.",2024-11-13 07:52:34,2026-08-12T13:29:33.761206,reviews.csv
21,914,17,3,"Mixed feelings. Good premise, mediocre execution.",2023-05-19 11:16:11,2026-08-12T13:29:33.761206,reviews.csv
4527,1604,5,2,Struggled to get through it. The story meanders endlessly.,2023-11-03 19:57:19,2026-08-12T13:29:33.761206,reviews.csv
5517,1122,1,4,"Good book, though the ending felt a little rushed.",2022-05-06 13:09:11,2026-08-12T13:29:33.761206,reviews.csv
1663,1418,4,3,Had potential but did not quite deliver on its promise.,2022-04-22 11:16:40,2026-08-12T13:29:33.761206,reviews.csv
4685,1803,20,4,Well-written and engaging. A few plot holes but forgivable.,2024-01-14 22:34:24,2026-08-12T13:29:33.761206,reviews.csv
51,1450,6,3,It was okay. The hype around this book is a bit overstated.,2022-08-02 13:59:18,2026-08-12T13:29:33.761206,reviews.csv
1633,122,8,4,Above average. Would recommend to fans of the genre.,2023-02-26 22:38:19,2026-08-12T13:29:33.761206,reviews.csv
1598,89,45,3,"Some interesting parts, but overall felt underwhelming.",2024-08-03 17:30:58,2026-08-12T13:29:33.761206,reviews.csv
2127,175,1,4,Above average. Would recommend to fans of the genre.,2021-03-02 12:33:46,2026-08-12T13:29:33.761206,reviews.csv
2853,2394,27,4,"Good book, though the ending felt a little rushed.",2024-08-23 02:14:41,2026-08-12T13:29:33.761206,reviews.csv
2236,1539,5,2,Would not recommend. Too slow and the payoff was not worth it.,2022-04-01 12:57:19,2026-08-12T13:29:33.761206,reviews.csv
3550,1024,3,4,Enjoyed it quite a bit. Solid writing and interesting ideas.,2020-02-01 12:17:51,2026-08-12T13:29:33.761206,reviews.csv
5268,765,2,3,"Mixed feelings. Good premise, mediocre execution.",2024-12-31 09:53:02,2026-08-12T13:29:33.761206,reviews.csv
561,2527,8,5,This book changed the way I think. A must-read for everyone.,2024-02-11 17:37:36,2026-08-12T13:29:33.761206,reviews.csv
2571,17,2,4,Well-written and engaging. A few plot holes but forgivable.,2023-03-14 12:52:23,2026-08-12T13:29:33.761206,reviews.csv
612,1561,1,3,Average. Had its moments but failed to really engage me.,2024-12-25 12:28:53,2026-08-12T13:29:33.761206,reviews.csv
5017,1033,1,3,Average. Had its moments but failed to really engage me.,2023-10-02 23:40:58,2026-08-12T13:29:33.761206,reviews.csv
3989,108,3,3,Average. Had its moments but failed to really engage me.,2020-11-10 09:25:40,2026-08-12T13:29:33.761206,reviews.csv
1109,1244,21,4,Enjoyed it quite a bit. Solid writing and interesting ideas.,2023-04-11 16:23:38,2026-08-12T13:29:33.761206,reviews.csv
1257,98,1,3,Average. Had its moments but failed to really engage me.,2024-12-16 17:44:11,2026-08-12T13:29:33.761206,reviews.csv
1373,2367,8,3,"Some interesting parts, but overall felt underwhelming.",2024-05-31 16:46:31,2026-08-12T13:29:33.761206,reviews.csv
4127,1727,33,5,Beautifully written. The author's style is simply stunning.,2022-02-09 09:52:19,2026-08-12T13:29:33.761206,reviews.csv
1916,1885,1,5,A masterpiece. Every chapter left me wanting more.,2021-05-29 08:14:28,2026-08-12T13:29:33.761206,reviews.csv
2324,1484,12,4,,2024-09-19 08:54:53,2026-08-12T13:29:33.761206,reviews.csv
2058,1756,10,4,,2023-09-14 14:11:38,2026-08-12T13:29:33.761206,reviews.csv
1643,736,2,6,,2024-12-01 18:46:57,2026-08-12T13:29:33.761206,reviews.csv
3315,2082,1,5,,2024-10-26 19:16:07,2026-08-12T13:29:33.761206,reviews.csv
4511,413,4,3,It was okay. The hype around this book is a bit overstated.,2024-11-30 08:51:53,2026-08-12T13:29:33.761206,reviews.csv
3230,1092,18,4,,2024-06-14 16:27:52,2026-08-12T13:29:33.761206,reviews.csv
3011,2269,1,5,Exceeded all my expectations. Truly extraordinary.,2020-09-18 09:27:47,2026-08-12T13:29:33.761206,reviews.csv
1367,967,1,4,Liked it. The first half is stronger than the second.,2023-09-29 18:48:48,2026-08-12T13:29:33.761206,reviews.csv
5620,2099,15,3,Had potential but did not quite deliver on its promise.,2022-07-18 18:22:28,2026-08-12T13:29:33.761206,reviews.csv
675,718,1,4,Above average. Would recommend to fans of the genre.,2023-05-26 20:53:00,2026-08-12T13:29:33.761206,reviews.csv
4302,2482,5,4,"Good book, though the ending felt a little rushed.",2024-08-22 09:28:01,2026-08-12T13:29:33.761206,reviews.csv
2029,864,4,4,"Good book, though the ending felt a little rushed.",2021-10-25 18:52:11,2026-08-12T13:29:33.761206,reviews.csv
2998,585,6,2,Not for me. The writing style felt very dated.,2024-08-08 17:00:43,2026-08-12T13:29:33.761206,reviews.csv
5158,455,4,4,Well-written and engaging. A few plot holes but forgivable.,2024-08-21 13:04:39,2026-08-12T13:29:33.761206,reviews.csv
5239,2112,2,5,This book changed the way I think. A must-read for everyone.,2023-11-23 14:49:25,2026-08-12T13:29:33.761206,reviews.csv
3876,509,2,4,Above average. Would recommend to fans of the genre.,2023-02-26 18:35:11,2026-08-12T13:29:33.761206,reviews.csv
3041,1547,4,5,Beautifully written. The author's style is simply stunning.,2024-08-21 16:05:01,2026-08-12T13:29:33.761206,reviews.csv
141,216,1,4,Well-written and engaging. A few plot holes but forgivable.,2024-10-05 10:33:28,2026-08-12T13:29:33.761206,reviews.csv
2873,2559,1,3,Decent read. Not my favourite but not bad either.,2022-09-19 17:41:24,2026-08-12T13:29:33.761206,reviews.csv
5243,30,1,4,"Good book, though the ending felt a little rushed.",2022-03-03 09:57:00,2026-08-12T13:29:33.761206,reviews.csv
113,182,69,3,Neither great nor terrible. Passes the time.,2020-11-22 16:35:14,2026-08-12T13:29:33.761206,reviews.csv
636,1952,1,4,Well-written and engaging. A few plot holes but forgivable.,2024-11-11 14:37:52,2026-08-12T13:29:33.761206,reviews.csv
3908,2109,150,5,Brilliant narrative. The characters feel genuinely real.,2024-08-13 16:18:04,2026-08-12T13:29:33.761206,reviews.csv
2195,593,1,4,Enjoyed it quite a bit. Solid writing and interesting ideas.,2024-09-20 10:44:04,2026-08-12T13:29:33.761206,reviews.csv
3223,894,2,5,The writing is exceptional and the story gripped me from page one.,2024-12-31 06:02:04,2026-08-12T13:29:33.761206,reviews.csv
4166,1520,2,5,This book changed the way I think. A must-read for everyone.,2024-02-24 18:07:17,2026-08-12T13:29:33.761206,reviews.csv
1833,1366,1,5,Exceeded all my expectations. Truly extraordinary.,2024-08-23 12:59:31,2026-08-12T13:29:33.761206,reviews.csv
3297,1321,1,4,,2024-03-02 21:25:46,2026-08-12T13:29:33.761206,reviews.csv
1578,1213,13,4,Above average. Would recommend to fans of the genre.,2024-04-22 19:55:17,2026-08-12T13:29:33.761206,reviews.csv
341,1788,6,3,Had potential but did not quite deliver on its promise.,2024-11-17 14:33:40,2026-08-12T13:29:33.761206,reviews.csv
1089,1856,14,4,Mostly great. The middle section drags a bit.,2023-05-25 20:31:07,2026-08-12T13:29:33.761206,reviews.csv
1993,1367,2,2,The plot felt disjointed and the pacing was off throughout.,2024-12-31 15:57:33,2026-08-12T13:29:33.761206,reviews.csv
3316,544,2,3,"Some interesting parts, but overall felt underwhelming.",2024-03-28 07:40:07,2026-08-12T13:29:33.761206,reviews.csv
2647,1779,2,4,A very good read overall. Some chapters were slow but worth it.,2024-12-31 10:06:46,2026-08-12T13:29:33.761206,reviews.csv
2254,147,2,3,"Some interesting parts, but overall felt underwhelming.",2023-03-09 21:21:55,2026-08-12T13:29:33.761206,reviews.csv
1043,497,1,4,,2023-11-03 11:22:26,2026-08-12T13:29:33.761206,reviews.csv
1149,323,1,4,Above average. Would recommend to fans of the genre.,2024-02-15 11:48:29,2026-08-12T13:29:33.761206,reviews.csv
5340,1542,2,4,Enjoyed it quite a bit. Solid writing and interesting ideas.,2023-06-20 16:45:25,2026-08-12T13:29:33.761206,reviews.csv
1439,2229,3,5,The writing is exceptional and the story gripped me from page one.,2024-02-25 15:19:51,2026-08-12T13:29:33.761206,reviews.csv
4730,2406,18,3,"Some interesting parts, but overall felt underwhelming.",2023-10-26 20:09:58,2026-08-12T13:29:33.761206,reviews.csv
614,683,2,2,Would not recommend. Too slow and the payoff was not worth it.,2023-12-22 18:54:36,2026-08-12T13:29:33.761206,reviews.csv
3624,766,3,4,Well-written and engaging. A few plot holes but forgivable.,2024-10-03 10:11:23,2026-08-12T13:29:33.761206,reviews.csv
4785,910,31,4,A very good read overall. Some chapters were slow but worth it.,2024-02-04 13:21:48,2026-08-12T13:29:33.761206,reviews.csv
3969,153,9,4,"Good book, though the ending felt a little rushed.",2021-09-15 19:41:28,2026-08-12T13:29:33.761206,reviews.csv
2350,1856,3,3,"Some interesting parts, but overall felt underwhelming.",2024-03-06 15:45:54,2026-08-12T13:29:33.761206,reviews.csv
3594,1569,4,0,"Some interesting parts, but overall felt underwhelming.",2024-07-10 10:58:21,2026-08-12T13:29:33.761206,reviews.csv
2437,2057,46,3,"Mixed feelings. Good premise, mediocre execution.",2020-07-02 22:03:18,2026-08-12T13:29:33.761206,reviews.csv
4165,1274,27,4,Above average. Would recommend to fans of the genre.,2022-08-10 22:46:08,2026-08-12T13:29:33.761206,reviews.csv
2540,245,7,4,,2024-11-23 07:22:45,2026-08-12T13:29:33.761206,reviews.csv
4853,781,1,3,Had potential but did not quite deliver on its promise.,2024-05-11 05:50:36,2026-08-12T13:29:33.761206,reviews.csv
3360,840,4,3,Decent read. Not my favourite but not bad either.,2024-09-29 07:46:18,2026-08-12T13:29:33.761206,reviews.csv
5578,2242,14,5,,2020-07-06 19:41:39,2026-08-12T13:29:33.761206,reviews.csv
2777,2453,17,3,"Mixed feelings. Good premise, mediocre execution.",2024-11-01 19:03:29,2026-08-12T13:29:33.761206,reviews.csv
495,1037,81,3,Decent read. Not my favourite but not bad either.,2024-07-20 00:11:04,2026-08-12T13:29:33.761206,reviews.csv
2903,548,62,3,"Some interesting parts, but overall felt underwhelming.",2023-12-15 09:27:41,2026-08-12T13:29:33.761206,reviews.csv
321,1202,1,3,It was okay. The hype around this book is a bit overstated.,2022-06-02 06:52:46,2026-08-12T13:29:33.761206,reviews.csv
1003,1907,5,4,Liked it. The first half is stronger than the second.,2024-12-09 18:32:38,2026-08-12T13:29:33.761206,reviews.csv
417,1607,25,4,Mostly great. The middle section drags a bit.,2024-07-08 21:07:24,2026-08-12T13:29:33.761206,reviews.csv
710,670,6,0,Enjoyed it quite a bit. Solid writing and interesting ideas.,2024-11-12 07:40:32,2026-08-12T13:29:33.761206,reviews.csv
4341,1424,2,4,Mostly great. The middle section drags a bit.,2021-10-04 13:51:42,2026-08-12T13:29:33.761206,reviews.csv
430,269,1,4,"Good book, though the ending felt a little rushed.",2024-12-01 22:29:50,2026-08-12T13:29:33.761206,reviews.csv
5451,14,1,4,Well-written and engaging. A few plot holes but forgivable.,2023-08-26 09:07:29,2026-08-12T13:29:33.761206,reviews.csv
3829,424,1,4,Enjoyed it quite a bit. Solid writing and interesting ideas.,2024-05-21 21:06:17,2026-08-12T13:29:33.761206,reviews.csv
378,946,1,4,Liked it. The first half is stronger than the second.,2023-08-17 16:24:04,2026-08-12T13:29:33.761206,reviews.csv
1979,1844,3,4,Mostly great. The middle section drags a bit.,2022-01-29 16:26:00,2026-08-12T13:29:33.761206,reviews.csv
3912,2173,7,3,Had potential but did not quite deliver on its promise.,2024-01-15 13:12:36,2026-08-12T13:29:33.761206,reviews.csv
5016,2652,1,4,Well-written and engaging. A few plot holes but forgivable.,2024-05-29 20:51:27,2026-08-12T13:29:33.761206,reviews.csv
1117,124,10,3,Neither great nor terrible. Passes the time.,2023-12-31 08:53:45,2026-08-12T13:29:33.761206,reviews.csv
1429,3,1,4,"Good book, though the ending felt a little rushed.",2023-07-11 07:10:12,2026-08-12T13:29:33.761206,reviews.csv
329,1998,37,4,Well-written and engaging. A few plot holes but forgivable.,2023-10-23 17:47:51,2026-08-12T13:29:33.761206,reviews.csv
4011,137,2,4,Mostly great. The middle section drags a bit.,2024-11-28 09:04:27,2026-08-12T13:29:33.761206,reviews.csv
4746,376,19,3,,2024-11-06 12:17:41,2026-08-12T13:29:33.761206,reviews.csv
1283,2503,7,0,Enjoyed it quite a bit. Solid writing and interesting ideas.,2024-07-23 12:01:59,2026-08-12T13:29:33.761206,reviews.csv
2172,1908,11,4,,2024-05-07 20:53:15,2026-08-12T13:29:33.761206,reviews.csv
5565,654,7,4,,2021-10-08 09:05:52,2026-08-12T13:29:33.761206,reviews.csv
2061,2229,2,3,It was okay. The hype around this book is a bit overstated.,2022-02-05 10:57:13,2026-08-12T13:29:33.761206,reviews.csv
2778,640,2,5,One of the best reads I have had in years. Highly recommended.,2024-12-16 21:14:03,2026-08-12T13:29:33.761206,reviews.csv
1657,1642,2,6,,2024-04-01 14:38:35,2026-08-12T13:29:33.761206,reviews.csv
3940,1932,1,4,,2021-05-27 11:49:14,2026-08-12T13:29:33.761206,reviews.csv
3946,396,3,4,A very good read overall. Some chapters were slow but worth it.,2024-02-05 01:28:03,2026-08-12T13:29:33.761206,reviews.csv
3310,2178,37,4,,2023-12-11 17:03:56,2026-08-12T13:29:33.761206,reviews.csv
4870,2617,4,3,Had potential but did not quite deliver on its promise.,2024-07-11 09:00:15,2026-08-12T13:29:33.761206,reviews.csv
2542,429,13,5,Beautifully written. The author's style is simply stunning.,2024-05-03 05:48:22,2026-08-12T13:29:33.761206,reviews.csv
4820,1817,1,4,,2023-05-20 21:26:50,2026-08-12T13:29:33.761206,reviews.csv
5077,931,6,3,,2024-07-06 19:48:59,2026-08-12T13:29:33.761206,reviews.csv
2272,74,1,4,A very good read overall. Some chapters were slow but worth it.,2020-05-07 13:49:42,2026-08-12T13:29:33.761206,reviews.csv
631,558,1,3,Average. Had its moments but failed to really engage me.,2021-12-11 18:13:21,2026-08-12T13:29:33.761206,reviews.csv
4801,1503,1,3,Neither great nor terrible. Passes the time.,2024-12-31 15:20:16,2026-08-12T13:29:33.761206,reviews.csv
2918,337,45,4,Pleasant read. Nothing groundbreaking but definitely enjoyable.,2024-05-23 21:16:04,2026-08-12T13:29:33.761206,reviews.csv
2027,362,3,3,"Some interesting parts, but overall felt underwhelming.",2023-02-20 18:42:10,2026-08-12T13:29:33.761206,reviews.csv
3195,789,18,2,Disappointed. Expected much more based on the reviews.,2021-12-16 22:00:45,2026-08-12T13:29:33.761206,reviews.csv
4822,969,125,3,Had potential but did not quite deliver on its promise.,2024-09-12 18:56:32,2026-08-12T13:29:33.761206,reviews.csv
2342,1745,11,3,"Some interesting parts, but overall felt underwhelming.",2022-03-13 18:07:59,2026-08-12T13:29:33.761206,reviews.csv
2387,168,3,2,Disappointed. Expected much more based on the reviews.,2020-11-04 20:14:13,2026-08-12T13:29:33.761206,reviews.csv
2649,899,1,2,Would not recommend. Too slow and the payoff was not worth it.,2024-10-30 06:38:11,2026-08-12T13:29:33.761206,reviews.csv
5282,2444,2,4,A very good read overall. Some chapters were slow but worth it.,2021-12-10 18:39:50,2026-08-12T13:29:33.761206,reviews.csv
3775,191,1,4,Liked it. The first half is stronger than the second.,2020-05-18 07:10:02,2026-08-12T13:29:33.761206,reviews.csv
1008,2433,2,4,Above average. Would recommend to fans of the genre.,2023-06-24 17:31:18,2026-08-12T13:29:33.761206,reviews.csv
1127,580,1,4,Liked it. The first half is stronger than the second.,2024-08-11 19:19:47,2026-08-12T13:29:33.761206,reviews.csv
1004,330,1,3,Decent read. Not my favourite but not bad either.,2024-06-22 11:02:36,2026-08-12T13:29:33.761206,reviews.csv
1250,162,1,3,"Mixed feelings. Good premise, mediocre execution.",2021-05-23 06:24:16,2026-08-12T13:29:33.761206,reviews.csv
2774,1074,1,4,"Good book, though the ending felt a little rushed.",2024-11-12 07:22:08,2026-08-12T13:29:33.761206,reviews.csv
2970,280,27,3,Decent read. Not my favourite but not bad either.,2023-02-10 18:58:32,2026-08-12T13:29:33.761206,reviews.csv
719,2538,2,5,Absolutely loved this book — couldn't put it down!,2023-10-10 08:10:23,2026-08-12T13:29:33.761206,reviews.csv
1950,988,8,1,Terrible. Wasted my money and my time.,2024-11-03 14:14:01,2026-08-12T13:29:33.761206,reviews.csv
2161,320,2,4,,2023-12-16 11:23:46,2026-08-12T13:29:33.761206,reviews.csv
4839,1664,4,3,It was okay. The hype around this book is a bit overstated.,2022-06-23 16:39:17,2026-08-12T13:29:33.761206,reviews.csv
3817,2324,29,4,"Good book, though the ending felt a little rushed.",2020-02-28 11:39:40,2026-08-12T13:29:33.761206,reviews.csv
4604,2043,1,4,A very good read overall. Some chapters were slow but worth it.,2022-12-05 09:56:36,2026-08-12T13:29:33.761206,reviews.csv
890,1570,8,4,Above average. Would recommend to fans of the genre.,2020-06-29 20:22:47,2026-08-12T13:29:33.761206,reviews.csv
3488,1521,81,4,Above average. Would recommend to fans of the genre.,2024-08-14 08:43:47,2026-08-12T13:29:33.761206,reviews.csv
4765,1582,1,3,Decent read. Not my favourite but not bad either.,2024-10-29 17:50:25,2026-08-12T13:29:33.761206,reviews.csv
1797,1903,1,4,Enjoyed it quite a bit. Solid writing and interesting ideas.,2024-07-22 10:36:31,2026-08-12T13:29:33.761206,reviews.csv
1761,1665,1,4,Well-written and engaging. A few plot holes but forgivable.,2023-10-09 08:48:10,2026-08-12T13:29:33.761206,reviews.csv
2682,988,1,4,"Good book, though the ending felt a little rushed.",2024-10-16 19:53:23,2026-08-12T13:29:33.761206,reviews.csv
2936,328,4,3,"Mixed feelings. Good premise, mediocre execution.",2024-10-20 18:50:27,2026-08-12T13:29:33.761206,reviews.csv
1,2631,1,4,A very good read overall. Some chapters were slow but worth it.,2024-06-06 09:38:18,2026-08-12T13:29:33.761206,reviews.csv
116,474,3,4,,2024-12-05 09:29:40,2026-08-12T13:29:33.761206,reviews.csv
2194,2134,1,3,Had potential but did not quite deliver on its promise.,2024-10-30 21:41:58,2026-08-12T13:29:33.761206,reviews.csv
1990,22,1,0,Pleasant read. Nothing groundbreaking but definitely enjoyable.,2024-08-06 09:35:23,2026-08-12T13:29:33.761206,reviews.csv
320,1101,1,4,A very good read overall. Some chapters were slow but worth it.,2024-11-21 10:12:06,2026-08-12T13:29:33.761206,reviews.csv
891,847,1,3,"Mixed feelings. Good premise, mediocre execution.",2024-11-07 13:21:50,2026-08-12T13:29:33.761206,reviews.csv
251,2467,22,3,Decent read. Not my favourite but not bad either.,2023-02-13 11:28:05,2026-08-12T13:29:33.761206,reviews.csv
5082,2283,4,2,Overrated. I did not enjoy the characters at all.,2024-12-27 22:18:44,2026-08-12T13:29:33.761206,reviews.csv
2232,2322,3,4,Enjoyed it quite a bit. Solid writing and interesting ideas.,2022-01-17 08:57:18,2026-08-12T13:29:33.761206,reviews.csv
3235,2647,1,3,"Mixed feelings. Good premise, mediocre execution.",2022-06-11 10:19:20,2026-08-12T13:29:33.761206,reviews.csv
2798,2174,24,4,Pleasant read. Nothing groundbreaking but definitely enjoyable.,2024-02-26 15:50:56,2026-08-12T13:29:33.761206,reviews.csv
5036,2395,4,2,Not for me. The writing style felt very dated.,2023-06-04 18:34:06,2026-08-12T13:29:33.761206,reviews.csv
3792,842,3,4,Well-written and engaging. A few plot holes but forgivable.,2021-09-11 12:10:52,2026-08-12T13:29:33.761206,reviews.csv
4897,870,1,4,,2024-12-21 09:13:06,2026-08-12T13:29:33.761206,reviews.csv
5528,2124,4,4,Above average. Would recommend to fans of the genre.,2023-06-29 05:53:46,2026-08-12T13:29:33.761206,reviews.csv
854,673,12,5,Exceeded all my expectations. Truly extraordinary.,2022-11-28 14:03:45,2026-08-12T13:29:33.761206,reviews.csv
5424,1533,2,4,A very good read overall. Some chapters were slow but worth it.,2020-02-21 20:33:40,2026-08-12T13:29:33.761206,reviews.csv
5284,178,8,3,"Mixed feelings. Good premise, mediocre execution.",2020-04-24 18:29:05,2026-08-12T13:29:33.761206,reviews.csv
831,182,8,3,,2022-04-30 05:09:42,2026-08-12T13:29:33.761206,reviews.csv
1214,785,2,4,Well-written and engaging. A few plot holes but forgivable.,2024-11-17 13:49:30,2026-08-12T13:29:33.761206,reviews.csv
513,990,1,5,Exceeded all my expectations. Truly extraordinary.,2023-02-14 19:03:18,2026-08-12T13:29:33.761206,reviews.csv
3311,1302,11,5,The writing is exceptional and the story gripped me from page one.,2020-09-12 11:25:15,2026-08-12T13:29:33.761206,reviews.csv
5434,17,6,2,Not for me. The writing style felt very dated.,2024-10-28 13:37:25,2026-08-12T13:29:33.761206,reviews.csv
4025,2563,22,2,The plot felt disjointed and the pacing was off throughout.,2020-12-17 15:56:22,2026-08-12T13:29:33.761206,reviews.csv
4637,446,28,3,"Mixed feelings. Good premise, mediocre execution.",2023-12-08 07:24:19,2026-08-12T13:29:33.761206,reviews.csv
3088,945,3,3,Had potential but did not quite deliver on its promise.,2024-07-12 18:42:23,2026-08-12T13:29:33.761206,reviews.csv
2458,362,4,3,Had potential but did not quite deliver on its promise.,2022-06-24 07:37:33,2026-08-12T13:29:33.761206,reviews.csv
4180,2777,1,3,"Some interesting parts, but overall felt underwhelming.",2024-03-20 10:42:29,2026-08-12T13:29:33.761206,reviews.csv
1941,2063,1,4,,2024-11-23 08:02:05,2026-08-12T13:29:33.761206,reviews.csv
4134,332,2,3,Neither great nor terrible. Passes the time.,2024-07-15 08:34:14,2026-08-12T13:29:33.761206,reviews.csv
4666,684,15,4,Enjoyed it quite a bit. Solid writing and interesting ideas.,2023-07-23 08:14:14,2026-08-12T13:29:33.761206,reviews.csv
359,346,6,3,"Mixed feelings. Good premise, mediocre execution.",2024-08-25 11:09:13,2026-08-12T13:29:33.761206,reviews.csv
371,2361,11,3,"Some interesting parts, but overall felt underwhelming.",2024-12-11 20:40:50,2026-08-12T13:29:33.761206,reviews.csv
814,2594,11,4,Enjoyed it quite a bit. Solid writing and interesting ideas.,2024-12-31 19:44:32,2026-08-12T13:29:33.761206,reviews.csv
2132,197,10,4,A very good read overall. Some chapters were slow but worth it.,2024-07-28 17:30:47,2026-08-12T13:29:33.761206,reviews.csv
1665,603,1,3,"Mixed feelings. Good premise, mediocre execution.",2024-06-23 14:35:31,2026-08-12T13:29:33.761206,reviews.csv
1826,1914,1,4,Above average. Would recommend to fans of the genre.,2020-04-14 19:28:58,2026-08-12T13:29:33.761206,reviews.csv
1637,1157,1,2,The plot felt disjointed and the pacing was off throughout.,2024-05-17 17:04:13,2026-08-12T13:29:33.761206,reviews.csv
4197,1807,3,5,Exceeded all my expectations. Truly extraordinary.,2023-08-20 17:30:15,2026-08-12T13:29:33.761206,reviews.csv
658,1321,73,4,"Good book, though the ending felt a little rushed.",2024-07-07 12:18:15,2026-08-12T13:29:33.761206,reviews.csv
25,529,1,4,Above average. Would recommend to fans of the genre.,2024-11-27 17:05:41,2026-08-12T13:29:33.761206,reviews.csv
5192,845,2,3,Had potential but did not quite deliver on its promise.,2022-12-05 11:06:23,2026-08-12T13:29:33.761206,reviews.csv
14,323,4,2,Would not recommend. Too slow and the payoff was not worth it.,2023-09-01 16:34:43,2026-08-12T13:29:33.761206,reviews.csv
1131,1496,1,3,Had potential but did not quite deliver on its promise.,2023-06-26 21:24:45,2026-08-12T13:29:33.761206,reviews.csv
4020,181,2,5,A masterpiece. Every chapter left me wanting more.,2024-09-17 10:19:46,2026-08-12T13:29:33.761206,reviews.csv
5336,1964,13,5,A masterpiece. Every chapter left me wanting more.,2023-08-31 15:11:12,2026-08-12T13:29:33.761206,reviews.csv
4092,1889,41,5,Absolutely loved this book — couldn't put it down!,2021-08-24 14:18:23,2026-08-12T13:29:33.761206,reviews.csv
3130,755,8,3,"Mixed feelings. Good premise, mediocre execution.",2023-12-19 09:21:30,2026-08-12T13:29:33.761206,reviews.csv
4453,1237,36,4,Enjoyed it quite a bit. Solid writing and interesting ideas.,2022-06-02 16:10:20,2026-08-12T13:29:33.761206,reviews.csv
4934,2768,2,5,One of the best reads I have had in years. Highly recommended.,2022-04-28 17:04:59,2026-08-12T13:29:33.761206,reviews.csv
799,1131,5,3,Had potential but did not quite deliver on its promise.,2022-04-24 12:34:33,2026-08-12T13:29:33.761206,reviews.csv
1281,215,1,3,Average. Had its moments but failed to really engage me.,2022-10-08 14:08:18,2026-08-12T13:29:33.761206,reviews.csv
763,2159,4,3,,2024-06-11 14:54:32,2026-08-12T13:29:33.761206,reviews.csv
1810,2668,11,5,A masterpiece. Every chapter left me wanting more.,2021-08-22 15:20:11,2026-08-12T13:29:33.761206,reviews.csv
108,1418,1,4,A very good read overall. Some chapters were slow but worth it.,2023-07-01 12:23:20,2026-08-12T13:29:33.761206,reviews.csv
3795,510,1,3,"Mixed feelings. Good premise, mediocre execution.",2021-06-21 12:28:29,2026-08-12T13:29:33.761206,reviews.csv
609,1806,3,4,A very good read overall. Some chapters were slow but worth it.,2024-05-03 19:44:20,2026-08-12T13:29:33.761206,reviews.csv
4073,1587,1,3,Neither great nor terrible. Passes the time.,2020-12-03 18:51:48,2026-08-12T13:29:33.761206,reviews.csv
5585,2693,1,4,,2021-08-20 18:21:52,2026-08-12T13:29:33.761206,reviews.csv
5205,2089,1,5,,2022-11-18 12:58:58,2026-08-12T13:29:33.761206,reviews.csv
1752,2680,1,3,"Some interesting parts, but overall felt underwhelming.",2022-03-09 07:58:35,2026-08-12T13:29:33.761206,reviews.csv
3746,1796,1,4,Enjoyed it quite a bit. Solid writing and interesting ideas.,2021-09-30 22:02:52,2026-08-12T13:29:33.761206,reviews.csv
3827,854,3,4,Mostly great. The middle section drags a bit.,2020-09-17 22:02:14,2026-08-12T13:29:33.761206,reviews.csv
1529,2073,2,5,Perfect blend of story and insight. Will read again.,2023-02-04 16:45:11,2026-08-12T13:29:33.761206,reviews.csv
1773,98,3,3,Decent read. Not my favourite but not bad either.,2024-09-02 18:20:16,2026-08-12T13:29:33.761206,reviews.csv
3039,2553,1,-1,Disappointed. Expected much more based on the reviews.,2024-09-03 17:44:23,2026-08-12T13:29:33.761206,reviews.csv
4953,1697,1,5,Perfect blend of story and insight. Will read again.,2021-07-06 20:02:08,2026-08-12T13:29:33.761206,reviews.csv
3722,1872,8,3,Had potential but did not quite deliver on its promise.,2023-12-04 13:39:12,2026-08-12T13:29:33.761206,reviews.csv
3070,1127,24,3,Average. Had its moments but failed to really engage me.,2024-10-28 14:27:48,2026-08-12T13:29:33.761206,reviews.csv
1967,1027,1,3,Neither great nor terrible. Passes the time.,2024-04-03 19:04:41,2026-08-12T13:29:33.761206,reviews.csv
3383,1207,3,4,Mostly great. The middle section drags a bit.,2021-03-06 19:12:24,2026-08-12T13:29:33.761206,reviews.csv
2371,797,81,4,A very good read overall. Some chapters were slow but worth it.,2022-04-29 07:20:48,2026-08-12T13:29:33.761206,reviews.csv
3377,2720,13,4,Pleasant read. Nothing groundbreaking but definitely enjoyable.,2024-02-12 16:07:40,2026-08-12T13:29:33.761206,reviews.csv
5314,210,1,4,,2023-07-17 17:18:58,2026-08-12T13:29:33.761206,reviews.csv
4376,2246,4,5,I finished this in two sittings. Absolutely riveting.,2024-12-03 19:24:30,2026-08-12T13:29:33.761206,reviews.csv
1790,1870,46,5,One of the best reads I have had in years. Highly recommended.,2020-12-04 00:23:25,2026-08-12T13:29:33.761206,reviews.csv
2913,641,3,2,Overrated. I did not enjoy the characters at all.,2022-10-18 05:45:11,2026-08-12T13:29:33.761206,reviews.csv
4076,2310,128,1,Gave up halfway. The writing is unbearable.,2021-12-11 09:08:59,2026-08-12T13:29:33.761206,reviews.csv
1348,2378,9,3,,2023-05-12 18:56:44,2026-08-12T13:29:33.761206,reviews.csv
440,423,5,5,Absolutely loved this book — couldn't put it down!,2024-09-10 09:56:11,2026-08-12T13:29:33.761206,reviews.csv
3927,979,2,3,It was okay. The hype around this book is a bit overstated.,2022-02-20 12:12:33,2026-08-12T13:29:33.761206,reviews.csv
4872,619,4,4,Mostly great. The middle section drags a bit.,2024-01-11 09:30:30,2026-08-12T13:29:33.761206,reviews.csv
3765,1754,2,5,Perfect blend of story and insight. Will read again.,2023-05-10 14:03:51,2026-08-12T13:29:33.761206,reviews.csv
4093,795,4,5,A masterpiece. Every chapter left me wanting more.,2023-01-13 18:48:34,2026-08-12T13:29:33.761206,reviews.csv
4697,2394,22,3,It was okay. The hype around this book is a bit overstated.,2024-05-10 13:19:44,2026-08-12T13:29:33.761206,reviews.csv
3417,1477,6,4,"Good book, though the ending felt a little rushed.",2024-01-13 14:33:41,2026-08-12T13:29:33.761206,reviews.csv
977,949,5,2,Would not recommend. Too slow and the payoff was not worth it.,2024-06-03 18:52:43,2026-08-12T13:29:33.761206,reviews.csv
3462,2740,3,5,A masterpiece. Every chapter left me wanting more.,2024-07-14 15:33:42,2026-08-12T13:29:33.761206,reviews.csv
4393,1475,2,4,Liked it. The first half is stronger than the second.,2022-07-27 07:46:53,2026-08-12T13:29:33.761206,reviews.csv
1632,1205,4,3,It was okay. The hype around this book is a bit overstated.,2022-08-09 17:00:51,2026-08-12T13:29:33.761206,reviews.csv
4602,116,12,4,Well-written and engaging. A few plot holes but forgivable.,2024-11-23 12:21:06,2026-08-12T13:29:33.761206,reviews.csv
2290,976,17,5,Beautifully written. The author's style is simply stunning.,2023-11-28 03:00:19,2026-08-12T13:29:33.761206,reviews.csv
1098,416,2,3,"Some interesting parts, but overall felt underwhelming.",2023-07-06 19:36:01,2026-08-12T13:29:33.761206,reviews.csv
2273,953,1,4,Enjoyed it quite a bit. Solid writing and interesting ideas.,2023-01-18 06:14:13,2026-08-12T13:29:33.761206,reviews.csv
3386,172,81,4,A very good read overall. Some chapters were slow but worth it.,2023-09-14 22:54:00,2026-08-12T13:29:33.761206,reviews.csv
3599,2027,2,4,Liked it. The first half is stronger than the second.,2022-12-23 18:58:54,2026-08-12T13:29:33.761206,reviews.csv
3064,1031,4,3,Had potential but did not quite deliver on its promise.,2021-09-01 11:19:38,2026-08-12T13:29:33.761206,reviews.csv
2515,693,1,4,,2024-05-08 15:07:37,2026-08-12T13:29:33.761206,reviews.csv
3538,2775,6,-1,Struggled to get through it. The story meanders endlessly.,2021-11-29 09:31:24,2026-08-12T13:29:33.761206,reviews.csv
1680,663,9,3,Neither great nor terrible. Passes the time.,2024-06-06 18:05:34,2026-08-12T13:29:33.761206,reviews.csv
701,2678,30,4,"Good book, though the ending felt a little rushed.",2022-09-25 22:22:23,2026-08-12T13:29:33.761206,reviews.csv
5152,2594,5,4,Mostly great. The middle section drags a bit.,2024-05-20 13:37:52,2026-08-12T13:29:33.761206,reviews.csv
2858,2390,1,4,Enjoyed it quite a bit. Solid writing and interesting ideas.,2022-01-02 18:56:35,2026-08-12T13:29:33.761206,reviews.csv
4984,647,4,2,The plot felt disjointed and the pacing was off throughout.,2024-10-21 22:15:19,2026-08-12T13:29:33.761206,reviews.csv
4505,787,30,3,Average. Had its moments but failed to really engage me.,2020-03-08 18:42:56,2026-08-12T13:29:33.761206,reviews.csv
1184,1600,28,4,Enjoyed it quite a bit. Solid writing and interesting ideas.,2023-01-09 19:34:15,2026-08-12T13:29:33.761206,reviews.csv
527,1154,2,3,Neither great nor terrible. Passes the time.,2024-12-25 14:35:04,2026-08-12T13:29:33.761206,reviews.csv
3269,1727,2,7,Average. Had its moments but failed to really engage me.,2023-05-14 09:08:32,2026-08-12T13:29:33.761206,reviews.csv
3793,2133,3,5,Absolutely loved this book — couldn't put it down!,2024-07-23 15:27:19,2026-08-12T13:29:33.761206,reviews.csv
3712,1662,2,4,Above average. Would recommend to fans of the genre.,2023-12-11 22:05:23,2026-08-12T13:29:33.761206,reviews.csv
1966,2746,2,5,Perfect blend of story and insight. Will read again.,2023-12-09 04:45:11,2026-08-12T13:29:33.761206,reviews.csv
878,462,1,4,,2024-08-30 14:24:52,2026-08-12T13:29:33.761206,reviews.csv
2173,854,10,4,Liked it. The first half is stronger than the second.,2021-03-09 13:50:48,2026-08-12T13:29:33.761206,reviews.csv
4678,2635,8,3,Decent read. Not my favourite but not bad either.,2022-03-17 14:15:30,2026-08-12T13:29:33.761206,reviews.csv
5342,2487,7,4,"Good book, though the ending felt a little rushed.",2020-10-06 08:25:02,2026-08-12T13:29:33.761206,reviews.csv
4599,2378,2,4,Pleasant read. Nothing groundbreaking but definitely enjoyable.,2024-10-14 03:28:45,2026-08-12T13:29:33.761206,reviews.csv
4626,201,4,3,"Some interesting parts, but overall felt underwhelming.",2022-10-28 11:34:03,2026-08-12T13:29:33.761206,reviews.csv
5211,598,60,3,"Some interesting parts, but overall felt underwhelming.",2023-06-27 16:55:00,2026-08-12T13:29:33.761206,reviews.csv
238,2539,34,5,,2024-11-18 13:29:31,2026-08-12T13:29:33.761206,reviews.csv
942,1258,1,5,I finished this in two sittings. Absolutely riveting.,2023-11-11 09:59:29,2026-08-12T13:29:33.761206,reviews.csv
1828,582,8,2,Would not recommend. Too slow and the payoff was not worth it.,2023-11-11 21:39:31,2026-08-12T13:29:33.761206,reviews.csv
124,1902,2,5,A masterpiece. Every chapter left me wanting more.,2021-08-15 12:35:34,2026-08-12T13:29:33.761206,reviews.csv
3108,620,4,3,"Mixed feelings. Good premise, mediocre execution.",2022-12-22 08:55:43,2026-08-12T13:29:33.761206,reviews.csv
3590,246,3,3,Average. Had its moments but failed to really engage me.,2022-03-30 17:14:41,2026-08-12T13:29:33.761206,reviews.csv
3955,2125,1,5,Beautifully written. The author's style is simply stunning.,2024-04-28 09:51:40,2026-08-12T13:29:33.761206,reviews.csv
3892,878,2,4,"Good book, though the ending felt a little rushed.",2024-12-13 18:49:11,2026-08-12T13:29:33.761206,reviews.csv
278,108,2,3,"Mixed feelings. Good premise, mediocre execution.",2024-04-22 14:22:35,2026-08-12T13:29:33.761206,reviews.csv
4534,182,22,4,,2023-03-07 08:40:30,2026-08-12T13:29:33.761206,reviews.csv
3907,322,6,4,"Good book, though the ending felt a little rushed.",2024-05-31 18:33:26,2026-08-12T13:29:33.761206,reviews.csv
196,995,1,3,Neither great nor terrible. Passes the time.,2023-06-09 09:33:54,2026-08-12T13:29:33.761206,reviews.csv
919,2421,5,4,Liked it. The first half is stronger than the second.,2022-10-13 16:20:30,2026-08-12T13:29:33.761206,reviews.csv
307,2494,2,4,Well-written and engaging. A few plot holes but forgivable.,2022-01-08 16:22:07,2026-08-12T13:29:33.761206,reviews.csv
4825,600,6,4,"Good book, though the ending felt a little rushed.",2022-10-15 20:55:04,2026-08-12T13:29:33.761206,reviews.csv
4796,518,9,4,Enjoyed it quite a bit. Solid writing and interesting ideas.,2024-01-10 10:36:35,2026-08-12T13:29:33.761206,reviews.csv
2644,2770,5,4,Above average. Would recommend to fans of the genre.,2021-03-22 08:29:50,2026-08-12T13:29:33.761206,reviews.csv
478,1500,1,4,"Good book, though the ending felt a little rushed.",2023-11-16 12:24:24,2026-08-12T13:29:33.761206,reviews.csv
1922,1292,1,3,Had potential but did not quite deliver on its promise.,2024-10-17 10:56:26,2026-08-12T13:29:33.761206,reviews.csv
5122,613,103,3,"Mixed feelings. Good premise, mediocre execution.",2022-12-16 09:29:28,2026-08-12T13:29:33.761206,reviews.csv
1357,636,1,5,The writing is exceptional and the story gripped me from page one.,2022-09-01 19:31:14,2026-08-12T13:29:33.761206,reviews.csv
37,2649,2,5,The writing is exceptional and the story gripped me from page one.,2024-01-02 20:56:00,2026-08-12T13:29:33.761206,reviews.csv
3675,1695,3,2,Struggled to get through it. The story meanders endlessly.,2023-09-24 09:00:58,2026-08-12T13:29:33.761206,reviews.csv
2835,446,6,3,Average. Had its moments but failed to really engage me.,2024-11-21 05:11:49,2026-08-12T13:29:33.761206,reviews.csv
198,1023,1,2,Not for me. The writing style felt very dated.,2023-07-14 20:37:38,2026-08-12T13:29:33.761206,reviews.csv
3514,866,1,4,Pleasant read. Nothing groundbreaking but definitely enjoyable.,2024-07-27 22:57:13,2026-08-12T13:29:33.761206,reviews.csv
1825,2458,1,3,Decent read. Not my favourite but not bad either.,2024-12-31 20:56:15,2026-08-12T13:29:33.761206,reviews.csv
4751,1655,15,5,One of the best reads I have had in years. Highly recommended.,2024-08-17 14:36:10,2026-08-12T13:29:33.761206,reviews.csv
5255,2744,83,5,Exceeded all my expectations. Truly extraordinary.,2022-06-08 09:50:07,2026-08-12T13:29:33.761206,reviews.csv
5135,977,1,3,Decent read. Not my favourite but not bad either.,2024-11-28 18:24:04,2026-08-12T13:29:33.761206,reviews.csv
1559,190,7,3,Average. Had its moments but failed to really engage me.,2023-06-10 19:53:11,2026-08-12T13:29:33.761206,reviews.csv
3137,795,1,5,Exceeded all my expectations. Truly extraordinary.,2023-02-23 12:57:16,2026-08-12T13:29:33.761206,reviews.csv
1678,1908,99,4,"Good book, though the ending felt a little rushed.",2024-05-25 12:57:21,2026-08-12T13:29:33.761206,reviews.csv
2465,1170,1,5,Beautifully written. The author's style is simply stunning.,2024-11-14 17:00:43,2026-08-12T13:29:33.761206,reviews.csv
5467,2522,6,3,Decent read. Not my favourite but not bad either.,2024-11-20 18:28:36,2026-08-12T13:29:33.761206,reviews.csv
3472,1783,32,4,,2024-12-31 07:30:21,2026-08-12T13:29:33.761206,reviews.csv
5182,959,3,3,"Mixed feelings. Good premise, mediocre execution.",2023-09-23 11:30:38,2026-08-12T13:29:33.761206,reviews.csv
1401,931,1,3,It was okay. The hype around this book is a bit overstated.,2021-09-30 12:42:26,2026-08-12T13:29:33.761206,reviews.csv
3419,597,3,3,Had potential but did not quite deliver on its promise.,2024-08-10 12:02:36,2026-08-12T13:29:33.761206,reviews.csv
1033,2094,4,4,Liked it. The first half is stronger than the second.,2024-04-17 00:04:09,2026-08-12T13:29:33.761206,reviews.csv
2042,62,4,4,Liked it. The first half is stronger than the second.,2023-07-14 07:09:39,2026-08-12T13:29:33.761206,reviews.csv
3649,2783,3,3,It was okay. The hype around this book is a bit overstated.,2024-12-31 01:18:36,2026-08-12T13:29:33.761206,reviews.csv
2408,1232,1,4,Pleasant read. Nothing groundbreaking but definitely enjoyable.,2023-02-28 11:15:19,2026-08-12T13:29:33.761206,reviews.csv
3295,325,2,3,Had potential but did not quite deliver on its promise.,2023-11-10 12:48:30,2026-08-12T13:29:33.761206,reviews.csv
1926,2148,69,3,"Some interesting parts, but overall felt underwhelming.",2024-02-16 12:04:08,2026-08-12T13:29:33.761206,reviews.csv
2271,157,3,4,Pleasant read. Nothing groundbreaking but definitely enjoyable.,2024-01-13 19:14:39,2026-08-12T13:29:33.761206,reviews.csv
4431,423,1,5,I finished this in two sittings. Absolutely riveting.,2024-06-24 18:42:06,2026-08-12T13:29:33.761206,reviews.csv
3123,2768,1,4,"Good book, though the ending felt a little rushed.",2022-04-06 16:05:05,2026-08-12T13:29:33.761206,reviews.csv
1110,415,2,4,Enjoyed it quite a bit. Solid writing and interesting ideas.,2024-06-03 04:14:23,2026-08-12T13:29:33.761206,reviews.csv
4381,2576,4,4,A very good read overall. Some chapters were slow but worth it.,2023-01-04 12:54:35,2026-08-12T13:29:33.761206,reviews.csv
5332,1502,1,4,A very good read overall. Some chapters were slow but worth it.,2024-06-20 07:04:07,2026-08-12T13:29:33.761206,reviews.csv
16,2612,1,4,,2024-12-22 13:56:22,2026-08-12T13:29:33.761206,reviews.csv
3992,790,2,3,"Some interesting parts, but overall felt underwhelming.",2024-08-14 11:41:40,2026-08-12T13:29:33.761206,reviews.csv
2121,2437,2,3,Neither great nor terrible. Passes the time.,2022-12-04 06:39:39,2026-08-12T13:29:33.761206,reviews.csv
1818,2515,4,3,It was okay. The hype around this book is a bit overstated.,2024-09-18 11:56:25,2026-08-12T13:29:33.761206,reviews.csv
5075,1331,1,4,Enjoyed it quite a bit. Solid writing and interesting ideas.,2021-05-27 21:53:03,2026-08-12T13:29:33.761206,reviews.csv
5588,1696,2,3,Decent read. Not my favourite but not bad either.,2024-11-04 07:51:05,2026-08-12T13:29:33.761206,reviews.csv
4593,101,163,4,"Good book, though the ending felt a little rushed.",2023-11-30 21:13:16,2026-08-12T13:29:33.761206,reviews.csv
2756,871,1,4,,2023-05-09 07:58:43,2026-08-12T13:29:33.761206,reviews.csv
3687,2189,6,3,"Mixed feelings. Good premise, mediocre execution.",2021-12-13 12:40:43,2026-08-12T13:29:33.761206,reviews.csv
403,2498,11,3,"Mixed feelings. Good premise, mediocre execution.",2024-07-17 18:07:53,2026-08-12T13:29:33.761206,reviews.csv
3690,1140,6,3,"Some interesting parts, but overall felt underwhelming.",2024-03-03 11:02:29,2026-08-12T13:29:33.761206,reviews.csv
2145,413,1,4,"Good book, though the ending felt a little rushed.",2024-12-31 12:10:01,2026-08-12T13:29:33.761206,reviews.csv
3124,106,1,4,Pleasant read. Nothing groundbreaking but definitely enjoyable.,2023-12-19 17:16:45,2026-08-12T13:29:33.761206,reviews.csv
567,2547,6,3,Average. Had its moments but failed to really engage me.,2022-08-15 19:08:34,2026-08-12T13:29:33.761206,reviews.csv
4616,4,3,4,Enjoyed it quite a bit. Solid writing and interesting ideas.,2020-09-29 10:47:49,2026-08-12T13:29:33.761206,reviews.csv
4866,273,5,4,A very good read overall. Some chapters were slow but worth it.,2024-03-20 17:25:57,2026-08-12T13:29:33.761206,reviews.csv
1564,754,1,5,Brilliant narrative. The characters feel genuinely real.,2022-11-17 10:44:19,2026-08-12T13:29:33.761206,reviews.csv
4916,145,5,2,Not for me. The writing style felt very dated.,2024-02-15 21:07:47,2026-08-12T13:29:33.761206,reviews.csv
5180,2662,1,4,Well-written and engaging. A few plot holes but forgivable.,2022-04-13 06:32:15,2026-08-12T13:29:33.761206,reviews.csv
2978,1370,1,4,Above average. Would recommend to fans of the genre.,2024-05-04 10:57:14,2026-08-12T13:29:33.761206,reviews.csv
5261,2107,5,4,,2021-07-23 17:54:36,2026-08-12T13:29:33.761206,reviews.csv
1567,1606,1,2,Overrated. I did not enjoy the characters at all.,2023-01-07 22:44:24,2026-08-12T13:29:33.761206,reviews.csv
3525,2177,20,3,It was okay. The hype around this book is a bit overstated.,2024-03-03 18:45:23,2026-08-12T13:29:33.761206,reviews.csv
1580,1151,3,3,Average. Had its moments but failed to really engage me.,2021-03-11 12:51:45,2026-08-12T13:29:33.761206,reviews.csv
3595,2121,13,3,Decent read. Not my favourite but not bad either.,2024-03-07 17:48:51,2026-08-12T13:29:33.761206,reviews.csv
3357,1457,5,3,It was okay. The hype around this book is a bit overstated.,2024-11-17 23:27:02,2026-08-12T13:29:33.761206,reviews.csv
3784,238,2,5,,2024-07-27 09:23:09,2026-08-12T13:29:33.761206,reviews.csv
3758,377,16,4,Mostly great. The middle section drags a bit.,2023-12-15 15:54:25,2026-08-12T13:29:33.761206,reviews.csv
1912,346,4,2,,2024-02-28 08:10:21,2026-08-12T13:29:33.761206,reviews.csv
1041,2383,1,4,Above average. Would recommend to fans of the genre.,2021-12-16 18:32:49,2026-08-12T13:29:33.761206,reviews.csv
266,1128,2,4,Above average. Would recommend to fans of the genre.,2022-12-10 09:23:56,2026-08-12T13:29:33.761206,reviews.csv
4987,1261,4,2,Struggled to get through it. The story meanders endlessly.,2022-12-02 15:02:59,2026-08-12T13:29:33.761206,reviews.csv
5291,652,7,5,One of the best reads I have had in years. Highly recommended.,2023-03-06 22:42:15,2026-08-12T13:29:33.761206,reviews.csv
2617,977,3,4,A very good read overall. Some chapters were slow but worth it.,2023-03-22 21:29:52,2026-08-12T13:29:33.761206,reviews.csv
3055,884,1,3,Average. Had its moments but failed to really engage me.,2024-12-31 13:01:21,2026-08-12T13:29:33.761206,reviews.csv
2304,606,2,4,Enjoyed it quite a bit. Solid writing and interesting ideas.,2024-02-08 21:03:17,2026-08-12T13:29:33.761206,reviews.csv
1778,2314,3,5,,2022-01-05 17:21:58,2026-08-12T13:29:33.761206,reviews.csv
5132,1817,4,6,Decent read. Not my favourite but not bad either.,2021-06-04 17:49:57,2026-08-12T13:29:33.761206,reviews.csv
3883,656,12,5,The writing is exceptional and the story gripped me from page one.,2024-03-16 14:35:01,2026-08-12T13:29:33.761206,reviews.csv
3186,1215,1,2,Struggled to get through it. The story meanders endlessly.,2022-10-11 22:55:36,2026-08-12T13:29:33.761206,reviews.csv
3724,1008,9,3,Neither great nor terrible. Passes the time.,2021-03-28 10:05:19,2026-08-12T13:29:33.761206,reviews.csv
5586,478,6,2,Disappointed. Expected much more based on the reviews.,2024-04-01 18:22:54,2026-08-12T13:29:33.761206,reviews.csv
1435,2254,1,5,A masterpiece. Every chapter left me wanting more.,2023-06-02 21:53:27,2026-08-12T13:29:33.761206,reviews.csv
588,1382,1,5,Exceeded all my expectations. Truly extraordinary.,2024-05-31 18:28:04,2026-08-12T13:29:33.761206,reviews.csv
4929,2185,3,5,Absolutely loved this book — couldn't put it down!,2023-05-17 20:37:35,2026-08-12T13:29:33.761206,reviews.csv
4462,1466,2,4,Liked it. The first half is stronger than the second.,2023-02-14 18:17:21,2026-08-12T13:29:33.761206,reviews.csv
5117,2541,3,4,"Good book, though the ending felt a little rushed.",2023-06-26 13:19:07,2026-08-12T13:29:33.761206,reviews.csv
2489,538,1,4,A very good read overall. Some chapters were slow but worth it.,2022-12-21 19:11:49,2026-08-12T13:29:33.761206,reviews.csv
946,2576,12,4,Well-written and engaging. A few plot holes but forgivable.,2024-12-31 08:23:48,2026-08-12T13:29:33.761206,reviews.csv
997,1120,1,4,Well-written and engaging. A few plot holes but forgivable.,2024-10-13 11:35:04,2026-08-12T13:29:33.761206,reviews.csv
2941,190,13,5,Absolutely loved this book — couldn't put it down!,2021-03-18 17:15:25,2026-08-12T13:29:33.761206,reviews.csv
2696,2733,77,2,Disappointed. Expected much more based on the reviews.,2024-08-19 07:27:04,2026-08-12T13:29:33.761206,reviews.csv
246,1128,1,5,Absolutely loved this book — couldn't put it down!,2023-04-29 19:03:41,2026-08-12T13:29:33.761206,reviews.csv
405,181,7,3,Had potential but did not quite deliver on its promise.,2023-09-13 07:23:27,2026-08-12T13:29:33.761206,reviews.csv
5497,1448,2,4,Mostly great. The middle section drags a bit.,2022-10-25 21:07:29,2026-08-12T13:29:33.761206,reviews.csv
961,1499,3,5,A masterpiece. Every chapter left me wanting more.,2024-02-05 20:53:51,2026-08-12T13:29:33.761206,reviews.csv
1711,1979,12,3,Neither great nor terrible. Passes the time.,2023-07-29 20:22:29,2026-08-12T13:29:33.761206,reviews.csv
2944,1807,1,3,"Some interesting parts, but overall felt underwhelming.",2023-10-30 13:43:26,2026-08-12T13:29:33.761206,reviews.csv
2848,1650,1,4,Mostly great. The middle section drags a bit.,2022-10-30 02:00:00,2026-08-12T13:29:33.761206,reviews.csv
1555,122,1,3,Decent read. Not my favourite but not bad either.,2022-08-20 19:22:52,2026-08-12T13:29:33.761206,reviews.csv
3725,2401,3,4,Mostly great. The middle section drags a bit.,2024-12-31 21:35:46,2026-08-12T13:29:33.761206,reviews.csv
798,2121,12,5,This book changed the way I think. A must-read for everyone.,2024-05-24 09:45:31,2026-08-12T13:29:33.761206,reviews.csv
4802,2263,1,3,Had potential but did not quite deliver on its promise.,2021-02-28 16:59:29,2026-08-12T13:29:33.761206,reviews.csv
5166,359,3,5,,2022-09-09 19:55:41,2026-08-12T13:29:33.761206,reviews.csv
3873,39,2,4,Well-written and engaging. A few plot holes but forgivable.,2021-02-17 07:07:15,2026-08-12T13:29:33.761206,reviews.csv
4855,301,9,3,Average. Had its moments but failed to really engage me.,2024-07-02 19:48:09,2026-08-12T13:29:33.761206,reviews.csv
2098,1134,7,4,Mostly great. The middle section drags a bit.,2021-06-27 18:16:49,2026-08-12T13:29:33.761206,reviews.csv
4969,731,6,3,Neither great nor terrible. Passes the time.,2022-10-27 13:15:59,2026-08-12T13:29:33.761206,reviews.csv
2771,1492,9,3,Decent read. Not my favourite but not bad either.,2024-02-04 21:09:28,2026-08-12T13:29:33.761206,reviews.csv
1351,592,13,3,"Mixed feelings. Good premise, mediocre execution.",2023-03-03 11:50:09,2026-08-12T13:29:33.761206,reviews.csv
82,2297,1,4,Above average. Would recommend to fans of the genre.,2024-04-20 13:10:44,2026-08-12T13:29:33.761206,reviews.csv
1072,244,2,5,Brilliant narrative. The characters feel genuinely real.,2023-12-09 17:50:58,2026-08-12T13:29:33.761206,reviews.csv
75,1363,5,2,Disappointed. Expected much more based on the reviews.,2024-06-26 14:38:47,2026-08-12T13:29:33.761206,reviews.csv
4066,472,172,4,A very good read overall. Some chapters were slow but worth it.,2023-07-05 07:27:54,2026-08-12T13:29:33.761206,reviews.csv
560,861,5,5,Absolutely loved this book — couldn't put it down!,2020-08-05 22:49:28,2026-08-12T13:29:33.761206,reviews.csv
191,2708,41,4,Well-written and engaging. A few plot holes but forgivable.,2022-07-13 11:43:12,2026-08-12T13:29:33.761206,reviews.csv
1247,2718,7,4,Mostly great. The middle section drags a bit.,2023-12-31 14:30:29,2026-08-12T13:29:33.761206,reviews.csv
2689,2246,1,3,"Some interesting parts, but overall felt underwhelming.",2024-12-28 10:33:01,2026-08-12T13:29:33.761206,reviews.csv
2549,1753,6,3,"Some interesting parts, but overall felt underwhelming.",2022-03-04 12:00:09,2026-08-12T13:29:33.761206,reviews.csv
2313,2157,19,2,Would not recommend. Too slow and the payoff was not worth it.,2020-10-13 05:22:39,2026-08-12T13:29:33.761206,reviews.csv
5288,2177,4,3,,2024-10-29 11:26:33,2026-08-12T13:29:33.761206,reviews.csv
5298,204,1,5,,2024-01-15 19:30:32,2026-08-12T13:29:33.761206,reviews.csv
3713,2303,1,4,Above average. Would recommend to fans of the genre.,2024-08-31 09:40:36,2026-08-12T13:29:33.761206,reviews.csv
584,1104,3,4,"Good book, though the ending felt a little rushed.",2024-02-26 09:22:41,2026-08-12T13:29:33.761206,reviews.csv
779,1764,4,3,,2023-04-25 17:02:23,2026-08-12T13:29:33.761206,reviews.csv
5123,2363,1,3,Neither great nor terrible. Passes the time.,2022-12-07 12:43:34,2026-08-12T13:29:33.761206,reviews.csv
5066,488,1,3,Had potential but did not quite deliver on its promise.,2023-11-09 09:03:07,2026-08-12T13:29:33.761206,reviews.csv
4317,1149,2,5,Exceeded all my expectations. Truly extraordinary.,2022-10-16 15:20:52,2026-08-12T13:29:33.761206,reviews.csv
2447,2439,2,4,,2023-06-25 19:43:05,2026-08-12T13:29:33.761206,reviews.csv
3781,1153,6,3,"Mixed feelings. Good premise, mediocre execution.",2023-12-12 18:39:26,2026-08-12T13:29:33.761206,reviews.csv
2219,482,1,4,"Good book, though the ending felt a little rushed.",2024-06-13 08:08:41,2026-08-12T13:29:33.761206,reviews.csv
4498,1256,1,4,Pleasant read. Nothing groundbreaking but definitely enjoyable.,2024-12-10 11:11:10,2026-08-12T13:29:33.761206,reviews.csv
433,1545,2,4,A very good read overall. Some chapters were slow but worth it.,2023-09-01 21:21:40,2026-08-12T13:29:33.761206,reviews.csv
3030,2126,1,4,A very good read overall. Some chapters were slow but worth it.,2024-11-13 15:42:24,2026-08-12T13:29:33.761206,reviews.csv
2492,163,3,4,Above average. Would recommend to fans of the genre.,2022-12-08 19:03:02,2026-08-12T13:29:33.761206,reviews.csv
5490,2781,10,4,,2024-01-06 08:04:41,2026-08-12T13:29:33.761206,reviews.csv
15,642,32,2,The plot felt disjointed and the pacing was off throughout.,2024-12-31 19:03:28,2026-08-12T13:29:33.761206,reviews.csv
3341,2008,1,4,"Good book, though the ending felt a little rushed.",2024-07-30 18:43:34,2026-08-12T13:29:33.761206,reviews.csv
1776,2796,1,4,Well-written and engaging. A few plot holes but forgivable.,2022-09-02 21:32:16,2026-08-12T13:29:33.761206,reviews.csv
1101,1327,1,3,Had potential but did not quite deliver on its promise.,2022-02-14 19:27:09,2026-08-12T13:29:33.761206,reviews.csv
5540,2067,24,3,Average. Had its moments but failed to really engage me.,2023-04-06 05:48:04,2026-08-12T13:29:33.761206,reviews.csv
5252,1133,3,4,Above average. Would recommend to fans of the genre.,2023-10-16 06:01:21,2026-08-12T13:29:33.761206,reviews.csv
1276,400,8,3,Had potential but did not quite deliver on its promise.,2024-11-23 07:31:30,2026-08-12T13:29:33.761206,reviews.csv
397,778,32,3,,2023-08-11 21:29:35,2026-08-12T13:29:33.761206,reviews.csv
410,532,1,4,Well-written and engaging. A few plot holes but forgivable.,2024-12-31 20:01:03,2026-08-12T13:29:33.761206,reviews.csv
4397,1667,1,3,Neither great nor terrible. Passes the time.,2022-09-30 18:17:12,2026-08-12T13:29:33.761206,reviews.csv
1312,1038,10,7,Perfect blend of story and insight. Will read again.,2021-12-19 08:57:42,2026-08-12T13:29:33.761206,reviews.csv
3936,2494,1,4,"Good book, though the ending felt a little rushed.",2024-01-19 17:31:36,2026-08-12T13:29:33.761206,reviews.csv
2069,832,1,-1,A very good read overall. Some chapters were slow but worth it.,2023-07-09 19:21:02,2026-08-12T13:29:33.761206,reviews.csv
4773,1405,1,3,Average. Had its moments but failed to really engage me.,2023-08-05 15:57:06,2026-08-12T13:29:33.761206,reviews.csv
3811,125,2,4,Liked it. The first half is stronger than the second.,2023-05-08 09:11:48,2026-08-12T13:29:33.761206,reviews.csv
1091,109,3,5,The writing is exceptional and the story gripped me from page one.,2023-05-27 17:20:47,2026-08-12T13:29:33.761206,reviews.csv
4395,389,13,2,Disappointed. Expected much more based on the reviews.,2020-12-13 21:37:19,2026-08-12T13:29:33.761206,reviews.csv
3542,65,34,4,Above average. Would recommend to fans of the genre.,2024-05-11 19:09:44,2026-08-12T13:29:33.761206,reviews.csv
3285,2245,2,4,Above average. Would recommend to fans of the genre.,2023-08-11 22:57:30,2026-08-12T13:29:33.761206,reviews.csv
3241,1391,2,4,Enjoyed it quite a bit. Solid writing and interesting ideas.,2023-09-11 19:02:40,2026-08-12T13:29:33.761206,reviews.csv
32,2279,16,2,The plot felt disjointed and the pacing was off throughout.,2024-12-09 14:45:58,2026-08-12T13:29:33.761206,reviews.csv
3623,1949,8,3,"Some interesting parts, but overall felt underwhelming.",2023-12-15 23:29:24,2026-08-12T13:29:33.761206,reviews.csv
2694,2647,3,5,Absolutely loved this book — couldn't put it down!,2024-10-17 13:26:40,2026-08-12T13:29:33.761206,reviews.csv
5518,2345,2,5,The writing is exceptional and the story gripped me from page one.,2024-02-28 21:26:54,2026-08-12T13:29:33.761206,reviews.csv
3425,990,13,3,Neither great nor terrible. Passes the time.,2020-09-19 07:01:18,2026-08-12T13:29:33.761206,reviews.csv
148,185,1,5,The writing is exceptional and the story gripped me from page one.,2024-12-31 12:11:19,2026-08-12T13:29:33.761206,reviews.csv
2491,1321,2,4,Enjoyed it quite a bit. Solid writing and interesting ideas.,2024-12-24 15:31:31,2026-08-12T13:29:33.761206,reviews.csv
4463,1904,1,4,A very good read overall. Some chapters were slow but worth it.,2021-10-10 12:59:07,2026-08-12T13:29:33.761206,reviews.csv
4532,1222,1,4,Above average. Would recommend to fans of the genre.,2023-02-23 13:33:29,2026-08-12T13:29:33.761206,reviews.csv
4151,1620,1,3,Decent read. Not my favourite but not bad either.,2023-05-04 12:02:30,2026-08-12T13:29:33.761206,reviews.csv
2640,1121,1,5,,2022-11-11 15:06:25,2026-08-12T13:29:33.761206,reviews.csv
1416,1361,57,5,I finished this in two sittings. Absolutely riveting.,2024-12-11 12:57:41,2026-08-12T13:29:33.761206,reviews.csv
2266,2178,4,4,Pleasant read. Nothing groundbreaking but definitely enjoyable.,2023-09-28 08:10:53,2026-08-12T13:29:33.761206,reviews.csv
3868,149,5,3,"Some interesting parts, but overall felt underwhelming.",2023-11-07 21:26:40,2026-08-12T13:29:33.761206,reviews.csv
3436,1405,3,3,Decent read. Not my favourite but not bad either.,2023-02-17 05:00:02,2026-08-12T13:29:33.761206,reviews.csv
1204,2680,2,3,Decent read. Not my favourite but not bad either.,2023-11-10 08:00:18,2026-08-12T13:29:33.761206,reviews.csv
4131,1514,110,4,Liked it. The first half is stronger than the second.,2021-08-04 15:49:21,2026-08-12T13:29:33.761206,reviews.csv
5617,956,14,4,Well-written and engaging. A few plot holes but forgivable.,2023-11-24 14:15:41,2026-08-12T13:29:33.761206,reviews.csv
3607,1824,1,2,Struggled to get through it. The story meanders endlessly.,2024-10-26 07:19:43,2026-08-12T13:29:33.761206,reviews.csv
4106,2189,17,4,Mostly great. The middle section drags a bit.,2021-06-09 08:58:19,2026-08-12T13:29:33.761206,reviews.csv
2116,1426,5,4,Pleasant read. Nothing groundbreaking but definitely enjoyable.,2024-02-11 20:42:37,2026-08-12T13:29:33.761206,reviews.csv
1388,1308,8,3,Neither great nor terrible. Passes the time.,2023-04-14 08:55:14,2026-08-12T13:29:33.761206,reviews.csv
166,2528,2,3,Average. Had its moments but failed to really engage me.,2023-10-08 12:32:19,2026-08-12T13:29:33.761206,reviews.csv
2117,2786,1,3,Decent read. Not my favourite but not bad either.,2024-09-01 16:42:37,2026-08-12T13:29:33.761206,reviews.csv
2258,325,1,4,"Good book, though the ending felt a little rushed.",2023-12-09 09:51:26,2026-08-12T13:29:33.761206,reviews.csv
4803,402,1,3,"Some interesting parts, but overall felt underwhelming.",2023-07-29 13:47:41,2026-08-12T13:29:33.761206,reviews.csv
4275,2551,5,3,"Mixed feelings. Good premise, mediocre execution.",2024-12-31 14:27:57,2026-08-12T13:29:33.761206,reviews.csv
1263,377,18,2,Would not recommend. Too slow and the payoff was not worth it.,2022-05-19 10:18:09,2026-08-12T13:29:33.761206,reviews.csv
1083,1085,4,3,Neither great nor terrible. Passes the time.,2024-12-20 14:28:11,2026-08-12T13:29:33.761206,reviews.csv
5047,2684,19,4,Pleasant read. Nothing groundbreaking but definitely enjoyable.,2022-04-05 14:42:41,2026-08-12T13:29:33.761206,reviews.csv
3963,2782,5,2,Struggled to get through it. The story meanders endlessly.,2023-05-27 21:10:32,2026-08-12T13:29:33.761206,reviews.csv
4597,2616,1,4,Liked it. The first half is stronger than the second.,2023-10-04 08:41:15,2026-08-12T13:29:33.761206,reviews.csv
2883,2350,2,4,,2024-04-21 17:27:44,2026-08-12T13:29:33.761206,reviews.csv
1590,642,1,4,Pleasant read. Nothing groundbreaking but definitely enjoyable.,2024-08-14 17:17:48,2026-08-12T13:29:33.761206,reviews.csv
533,1104,8,3,It was okay. The hype around this book is a bit overstated.,2023-12-29 12:17:34,2026-08-12T13:29:33.761206,reviews.csv
5572,1425,8,3,Average. Had its moments but failed to really engage me.,2021-06-13 20:23:32,2026-08-12T13:29:33.761206,reviews.csv
2668,315,16,3,"Some interesting parts, but overall felt underwhelming.",2024-08-22 17:20:54,2026-08-12T13:29:33.761206,reviews.csv
3006,2749,1,5,Perfect blend of story and insight. Will read again.,2023-01-06 18:58:23,2026-08-12T13:29:33.761206,reviews.csv
5040,325,3,3,It was okay. The hype around this book is a bit overstated.,2023-02-08 12:07:21,2026-08-12T13:29:33.761206,reviews.csv
5159,377,8,4,,2023-08-31 16:36:34,2026-08-12T13:29:33.761206,reviews.csv
3948,977,11,5,Beautifully written. The author's style is simply stunning.,2023-04-04 12:31:47,2026-08-12T13:29:33.761206,reviews.csv
4140,2637,1,3,Average. Had its moments but failed to really engage me.,2022-07-24 20:32:46,2026-08-12T13:29:33.761206,reviews.csv
3535,1608,1,5,Perfect blend of story and insight. Will read again.,2024-09-08 09:55:34,2026-08-12T13:29:33.761206,reviews.csv
5263,1020,24,4,Enjoyed it quite a bit. Solid writing and interesting ideas.,2022-05-30 18:46:15,2026-08-12T13:29:33.761206,reviews.csv
2409,2746,13,3,"Mixed feelings. Good premise, mediocre execution.",2022-12-07 11:32:44,2026-08-12T13:29:33.761206,reviews.csv
1464,559,3,2,Disappointed. Expected much more based on the reviews.,2024-01-06 16:04:41,2026-08-12T13:29:33.761206,reviews.csv
415,2053,82,3,It was okay. The hype around this book is a bit overstated.,2022-10-14 16:22:27,2026-08-12T13:29:33.761206,reviews.csv
850,1046,87,4,"Good book, though the ending felt a little rushed.",2021-09-09 19:14:10,2026-08-12T13:29:33.761206,reviews.csv
606,2368,3,3,Neither great nor terrible. Passes the time.,2024-12-12 06:32:36,2026-08-12T13:29:33.761206,reviews.csv
4273,1133,7,3,It was okay. The hype around this book is a bit overstated.,2021-03-27 20:44:43,2026-08-12T13:29:33.761206,reviews.csv
3970,1453,18,2,Overrated. I did not enjoy the characters at all.,2023-11-26 16:11:52,2026-08-12T13:29:33.761206,reviews.csv
1968,1137,1,4,,2024-10-06 20:46:57,2026-08-12T13:29:33.761206,reviews.csv
912,639,11,3,Average. Had its moments but failed to really engage me.,2022-12-31 18:34:53,2026-08-12T13:29:33.761206,reviews.csv
832,932,2,3,Neither great nor terrible. Passes the time.,2022-03-18 11:21:03,2026-08-12T13:29:33.761206,reviews.csv
4640,1830,2,4,Mostly great. The middle section drags a bit.,2024-10-11 00:26:11,2026-08-12T13:29:33.761206,reviews.csv
138,1180,2,3,It was okay. The hype around this book is a bit overstated.,2024-07-22 12:43:38,2026-08-12T13:29:33.761206,reviews.csv
1222,2544,1,3,"Mixed feelings. Good premise, mediocre execution.",2024-10-14 18:39:31,2026-08-12T13:29:33.761206,reviews.csv
1569,2720,26,4,Above average. Would recommend to fans of the genre.,2023-04-13 11:29:37,2026-08-12T13:29:33.761206,reviews.csv
4051,1803,14,5,Brilliant narrative. The characters feel genuinely real.,2024-11-09 17:10:58,2026-08-12T13:29:33.761206,reviews.csv
1282,825,2,5,A masterpiece. Every chapter left me wanting more.,2024-09-20 07:39:19,2026-08-12T13:29:33.761206,reviews.csv
269,1688,2,4,Above average. Would recommend to fans of the genre.,2022-10-22 12:45:15,2026-08-12T13:29:33.761206,reviews.csv
2979,282,1,2,Struggled to get through it. The story meanders endlessly.,2020-11-19 18:40:00,2026-08-12T13:29:33.761206,reviews.csv
3636,2709,4,4,Well-written and engaging. A few plot holes but forgivable.,2024-09-21 13:08:45,2026-08-12T13:29:33.761206,reviews.csv
3972,2267,9,4,,2024-06-08 07:44:30,2026-08-12T13:29:33.761206,reviews.csv
2154,1389,4,2,Overrated. I did not enjoy the characters at all.,2021-11-21 11:57:17,2026-08-12T13:29:33.761206,reviews.csv
3638,1166,2,3,"Mixed feelings. Good premise, mediocre execution.",2021-09-13 11:52:10,2026-08-12T13:29:33.761206,reviews.csv
864,172,12,4,,2024-12-31 13:58:10,2026-08-12T13:29:33.761206,reviews.csv
1112,225,1,3,"Mixed feelings. Good premise, mediocre execution.",2023-12-24 08:09:38,2026-08-12T13:29:33.761206,reviews.csv
2081,1218,1,3,Decent read. Not my favourite but not bad either.,2024-11-11 08:16:11,2026-08-12T13:29:33.761206,reviews.csv
1789,1191,5,3,It was okay. The hype around this book is a bit overstated.,2022-12-25 15:34:23,2026-08-12T13:29:33.761206,reviews.csv
4795,29,6,2,The plot felt disjointed and the pacing was off throughout.,2022-09-05 08:32:03,2026-08-12T13:29:33.761206,reviews.csv
474,2688,3,4,A very good read overall. Some chapters were slow but worth it.,2024-02-17 15:22:53,2026-08-12T13:29:33.761206,reviews.csv
2769,1041,14,4,Enjoyed it quite a bit. Solid writing and interesting ideas.,2022-04-14 08:03:56,2026-08-12T13:29:33.761206,reviews.csv
3558,1006,2,4,Above average. Would recommend to fans of the genre.,2024-08-18 12:32:33,2026-08-12T13:29:33.761206,reviews.csv
1108,2361,2,4,"Good book, though the ending felt a little rushed.",2024-12-23 18:13:37,2026-08-12T13:29:33.761206,reviews.csv
2022,317,28,3,"Mixed feelings. Good premise, mediocre execution.",2023-12-27 13:54:02,2026-08-12T13:29:33.761206,reviews.csv
2750,1435,13,4,,2024-10-13 16:22:14,2026-08-12T13:29:33.761206,reviews.csv
3797,1287,2,4,Above average. Would recommend to fans of the genre.,2024-01-08 08:08:35,2026-08-12T13:29:33.761206,reviews.csv
3121,718,2,3,It was okay. The hype around this book is a bit overstated.,2023-12-24 07:19:27,2026-08-12T13:29:33.761206,reviews.csv
4492,2066,10,2,The plot felt disjointed and the pacing was off throughout.,2022-09-02 07:26:09,2026-08-12T13:29:33.761206,reviews.csv
5307,1486,1,5,Exceeded all my expectations. Truly extraordinary.,2024-05-17 07:25:15,2026-08-12T13:29:33.761206,reviews.csv
3052,1822,12,4,Liked it. The first half is stronger than the second.,2024-11-04 19:00:33,2026-08-12T13:29:33.761206,reviews.csv
4731,1196,21,4,"Good book, though the ending felt a little rushed.",2024-09-26 07:52:28,2026-08-12T13:29:33.761206,reviews.csv
3181,410,2,4,Enjoyed it quite a bit. Solid writing and interesting ideas.,2023-09-13 13:02:35,2026-08-12T13:29:33.761206,reviews.csv
299,2539,13,3,"Some interesting parts, but overall felt underwhelming.",2024-12-25 10:20:26,2026-08-12T13:29:33.761206,reviews.csv
2053,1106,3,3,It was okay. The hype around this book is a bit overstated.,2022-10-21 21:24:44,2026-08-12T13:29:33.761206,reviews.csv
647,1655,1,4,A very good read overall. Some chapters were slow but worth it.,2024-12-09 19:43:16,2026-08-12T13:29:33.761206,reviews.csv
528,2003,2,4,A very good read overall. Some chapters were slow but worth it.,2023-07-27 14:44:09,2026-08-12T13:29:33.761206,reviews.csv
112,1520,1,4,Liked it. The first half is stronger than the second.,2023-05-12 20:09:51,2026-08-12T13:29:33.761206,reviews.csv
760,1478,1,4,Pleasant read. Nothing groundbreaking but definitely enjoyable.,2022-05-22 20:10:25,2026-08-12T13:29:33.761206,reviews.csv
3923,2210,6,4,"Good book, though the ending felt a little rushed.",2024-12-04 18:38:54,2026-08-12T13:29:33.761206,reviews.csv
4203,301,1,4,Above average. Would recommend to fans of the genre.,2022-06-23 04:13:18,2026-08-12T13:29:33.761206,reviews.csv
4111,600,62,3,Decent read. Not my favourite but not bad either.,2022-02-23 15:25:35,2026-08-12T13:29:33.761206,reviews.csv
2986,1968,1,5,Beautifully written. The author's style is simply stunning.,2022-07-12 09:36:41,2026-08-12T13:29:33.761206,reviews.csv
344,1807,2,5,Beautifully written. The author's style is simply stunning.,2024-04-20 11:45:02,2026-08-12T13:29:33.761206,reviews.csv
3085,1971,2,4,Well-written and engaging. A few plot holes but forgivable.,2024-03-28 12:29:28,2026-08-12T13:29:33.761206,reviews.csv
335,1519,1,5,The writing is exceptional and the story gripped me from page one.,2023-06-12 18:02:50,2026-08-12T13:29:33.761206,reviews.csv
1834,875,1,3,It was okay. The hype around this book is a bit overstated.,2022-10-06 22:18:08,2026-08-12T13:29:33.761206,reviews.csv
539,856,16,4,Pleasant read. Nothing groundbreaking but definitely enjoyable.,2023-02-28 14:52:41,2026-08-12T13:29:33.761206,reviews.csv
2805,538,3,2,The plot felt disjointed and the pacing was off throughout.,2023-10-23 14:45:24,2026-08-12T13:29:33.761206,reviews.csv
3381,519,7,5,The writing is exceptional and the story gripped me from page one.,2023-06-06 21:27:11,2026-08-12T13:29:33.761206,reviews.csv
3430,1546,1,5,Brilliant narrative. The characters feel genuinely real.,2024-01-01 12:12:13,2026-08-12T13:29:33.761206,reviews.csv
254,1792,96,3,"Mixed feelings. Good premise, mediocre execution.",2024-08-13 18:39:31,2026-08-12T13:29:33.761206,reviews.csv
4486,1130,6,4,Enjoyed it quite a bit. Solid writing and interesting ideas.,2023-02-24 13:10:50,2026-08-12T13:29:33.761206,reviews.csv
72,2225,4,4,Enjoyed it quite a bit. Solid writing and interesting ideas.,2024-12-08 13:26:50,2026-08-12T13:29:33.761206,reviews.csv
3420,2578,1,4,Liked it. The first half is stronger than the second.,2024-03-09 20:34:39,2026-08-12T13:29:33.761206,reviews.csv
1061,1410,1,3,"Some interesting parts, but overall felt underwhelming.",2020-09-28 09:44:02,2026-08-12T13:29:33.761206,reviews.csv
5462,2444,4,3,"Mixed feelings. Good premise, mediocre execution.",2023-10-05 20:40:23,2026-08-12T13:29:33.761206,reviews.csv
2365,329,1,3,Neither great nor terrible. Passes the time.,2024-11-29 15:04:32,2026-08-12T13:29:33.761206,reviews.csv
1364,1652,1,5,Perfect blend of story and insight. Will read again.,2020-05-16 12:15:12,2026-08-12T13:29:33.761206,reviews.csv
2940,1979,1,4,Mostly great. The middle section drags a bit.,2023-03-16 18:33:18,2026-08-12T13:29:33.761206,reviews.csv
4044,938,2,5,,2023-03-22 16:25:15,2026-08-12T13:29:33.761206,reviews.csv
3802,2022,1,4,Above average. Would recommend to fans of the genre.,2024-02-02 12:13:45,2026-08-12T13:29:33.761206,reviews.csv
4677,2012,11,4,A very good read overall. Some chapters were slow but worth it.,2023-05-28 19:38:44,2026-08-12T13:29:33.761206,reviews.csv
4189,1916,5,3,Neither great nor terrible. Passes the time.,2023-09-02 21:05:25,2026-08-12T13:29:33.761206,reviews.csv
3343,2205,1,3,Average. Had its moments but failed to really engage me.,2021-11-04 10:08:53,2026-08-12T13:29:33.761206,reviews.csv
492,1857,1,4,"Good book, though the ending felt a little rushed.",2024-12-31 19:05:24,2026-08-12T13:29:33.761206,reviews.csv
5315,2700,2,4,"Good book, though the ending felt a little rushed.",2022-09-01 08:19:12,2026-08-12T13:29:33.761206,reviews.csv
3527,1281,2,3,"Mixed feelings. Good premise, mediocre execution.",2020-08-21 09:09:18,2026-08-12T13:29:33.761206,reviews.csv
479,1700,23,4,Above average. Would recommend to fans of the genre.,2020-02-01 19:21:19,2026-08-12T13:29:33.761206,reviews.csv
1923,1155,4,3,"Mixed feelings. Good premise, mediocre execution.",2024-12-12 07:48:42,2026-08-12T13:29:33.761206,reviews.csv
4314,1782,2,3,"Some interesting parts, but overall felt underwhelming.",2024-05-11 09:52:51,2026-08-12T13:29:33.761206,reviews.csv
4098,939,1,3,Had potential but did not quite deliver on its promise.,2024-06-13 11:01:19,2026-08-12T13:29:33.761206,reviews.csv
530,1392,3,3,Had potential but did not quite deliver on its promise.,2023-04-21 20:27:31,2026-08-12T13:29:33.761206,reviews.csv
3208,1193,62,4,"Good book, though the ending felt a little rushed.",2024-12-31 01:22:31,2026-08-12T13:29:33.761206,reviews.csv
1795,2093,2,4,Liked it. The first half is stronger than the second.,2023-09-13 10:20:29,2026-08-12T13:29:33.761206,reviews.csv
3796,1223,1,5,Perfect blend of story and insight. Will read again.,2020-04-03 11:45:42,2026-08-12T13:29:33.761206,reviews.csv
4580,2146,4,2,Would not recommend. Too slow and the payoff was not worth it.,2020-10-02 15:12:35,2026-08-12T13:29:33.761206,reviews.csv
4942,942,3,4,Above average. Would recommend to fans of the genre.,2021-11-10 15:27:13,2026-08-12T13:29:33.761206,reviews.csv
1010,782,1,3,Had potential but did not quite deliver on its promise.,2024-05-05 11:07:56,2026-08-12T13:29:33.761206,reviews.csv
175,1691,2,4,Liked it. The first half is stronger than the second.,2023-07-03 19:24:04,2026-08-12T13:29:33.761206,reviews.csv
1978,1402,7,5,One of the best reads I have had in years. Highly recommended.,2020-12-16 10:55:46,2026-08-12T13:29:33.761206,reviews.csv
1359,1973,9,5,One of the best reads I have had in years. Highly recommended.,2023-02-28 06:51:36,2026-08-12T13:29:33.761206,reviews.csv
2950,691,1,4,Enjoyed it quite a bit. Solid writing and interesting ideas.,2023-04-18 06:42:45,2026-08-12T13:29:33.761206,reviews.csv
4928,640,1,3,Decent read. Not my favourite but not bad either.,2024-01-01 20:04:55,2026-08-12T13:29:33.761206,reviews.csv
3338,2400,1,3,Average. Had its moments but failed to really engage me.,2024-01-06 11:58:05,2026-08-12T13:29:33.761206,reviews.csv
2066,151,2,4,Pleasant read. Nothing groundbreaking but definitely enjoyable.,2022-09-22 17:25:23,2026-08-12T13:29:33.761206,reviews.csv
2609,2760,2,3,It was okay. The hype around this book is a bit overstated.,2024-11-29 07:32:42,2026-08-12T13:29:33.761206,reviews.csv
189,1251,4,5,,2022-06-12 07:06:44,2026-08-12T13:29:33.761206,reviews.csv
1639,1791,1,3,"Mixed feelings. Good premise, mediocre execution.",2024-10-07 19:54:55,2026-08-12T13:29:33.761206,reviews.csv
1230,1923,26,3,Average. Had its moments but failed to really engage me.,2022-11-18 19:25:53,2026-08-12T13:29:33.761206,reviews.csv
4663,1641,2,5,One of the best reads I have had in years. Highly recommended.,2024-05-30 16:02:14,2026-08-12T13:29:33.761206,reviews.csv
1692,2148,1,3,"Some interesting parts, but overall felt underwhelming.",2024-04-11 19:20:32,2026-08-12T13:29:33.761206,reviews.csv
3779,1971,1,4,Above average. Would recommend to fans of the genre.,2024-04-15 12:00:13,2026-08-12T13:29:33.761206,reviews.csv
3414,2670,1,4,"Good book, though the ending felt a little rushed.",2024-01-31 18:44:35,2026-08-12T13:29:33.761206,reviews.csv
1333,348,1,4,Pleasant read. Nothing groundbreaking but definitely enjoyable.,2024-08-27 06:12:54,2026-08-12T13:29:33.761206,reviews.csv
5416,483,6,5,One of the best reads I have had in years. Highly recommended.,2024-09-18 18:30:15,2026-08-12T13:29:33.761206,reviews.csv
914,877,1,3,"Some interesting parts, but overall felt underwhelming.",2024-09-08 08:32:10,2026-08-12T13:29:33.761206,reviews.csv
2136,1790,5,4,"Good book, though the ending felt a little rushed.",2022-04-17 20:24:24,2026-08-12T13:29:33.761206,reviews.csv
1518,374,1,4,Enjoyed it quite a bit. Solid writing and interesting ideas.,2024-12-31 19:35:04,2026-08-12T13:29:33.761206,reviews.csv
605,2207,14,4,"Good book, though the ending felt a little rushed.",2024-11-10 10:43:28,2026-08-12T13:29:33.761206,reviews.csv
4562,1698,6,4,Well-written and engaging. A few plot holes but forgivable.,2024-09-27 02:22:24,2026-08-12T13:29:33.761206,reviews.csv
5328,1701,4,4,Mostly great. The middle section drags a bit.,2024-07-26 07:31:30,2026-08-12T13:29:33.761206,reviews.csv
2525,2009,2,4,Pleasant read. Nothing groundbreaking but definitely enjoyable.,2024-02-24 19:49:35,2026-08-12T13:29:33.761206,reviews.csv
944,402,3,2,Overrated. I did not enjoy the characters at all.,2021-11-09 14:44:14,2026-08-12T13:29:33.761206,reviews.csv
792,2048,1,5,Exceeded all my expectations. Truly extraordinary.,2023-11-24 08:43:37,2026-08-12T13:29:33.761206,reviews.csv
3520,1414,1,4,Well-written and engaging. A few plot holes but forgivable.,2024-08-09 16:42:48,2026-08-12T13:29:33.761206,reviews.csv
2975,1316,5,3,Decent read. Not my favourite but not bad either.,2023-12-05 09:17:42,2026-08-12T13:29:33.761206,reviews.csv
2192,2342,2,4,Above average. Would recommend to fans of the genre.,2023-07-31 12:21:15,2026-08-12T13:29:33.761206,reviews.csv
1862,2086,1,3,Decent read. Not my favourite but not bad either.,2021-01-29 09:29:46,2026-08-12T13:29:33.761206,reviews.csv
4476,842,1,4,,2022-08-16 18:22:25,2026-08-12T13:29:33.761206,reviews.csv
5343,2608,28,3,Had potential but did not quite deliver on its promise.,2023-01-30 09:47:34,2026-08-12T13:29:33.761206,reviews.csv
5413,1441,16,5,Brilliant narrative. The characters feel genuinely real.,2024-04-22 11:44:50,2026-08-12T13:29:33.761206,reviews.csv
2693,322,4,4,Liked it. The first half is stronger than the second.,2024-11-19 14:38:35,2026-08-12T13:29:33.761206,reviews.csv
3717,389,12,5,Absolutely loved this book — couldn't put it down!,2022-10-13 21:55:10,2026-08-12T13:29:33.761206,reviews.csv
3216,1658,5,3,"Mixed feelings. Good premise, mediocre execution.",2023-09-08 00:17:17,2026-08-12T13:29:33.761206,reviews.csv
2018,1082,5,4,Mostly great. The middle section drags a bit.,2024-04-12 18:07:42,2026-08-12T13:29:33.761206,reviews.csv
1321,2776,4,2,Disappointed. Expected much more based on the reviews.,2024-01-10 15:51:16,2026-08-12T13:29:33.761206,reviews.csv
4683,131,1,3,"Some interesting parts, but overall felt underwhelming.",2022-02-07 16:41:41,2026-08-12T13:29:33.761206,reviews.csv
2615,2478,1,3,It was okay. The hype around this book is a bit overstated.,2023-10-03 16:17:43,2026-08-12T13:29:33.761206,reviews.csv
4748,348,8,5,A masterpiece. Every chapter left me wanting more.,2023-02-23 10:09:05,2026-08-12T13:29:33.761206,reviews.csv
4251,1026,19,3,Average. Had its moments but failed to really engage me.,2024-05-03 02:46:14,2026-08-12T13:29:33.761206,reviews.csv
5045,2066,2,3,,2022-11-11 20:47:33,2026-08-12T13:29:33.761206,reviews.csv
2028,1783,11,4,Liked it. The first half is stronger than the second.,2024-09-19 20:59:22,2026-08-12T13:29:33.761206,reviews.csv
3960,2722,77,4,Pleasant read. Nothing groundbreaking but definitely enjoyable.,2024-10-30 20:27:02,2026-08-12T13:29:33.761206,reviews.csv
4388,1138,1,4,Above average. Would recommend to fans of the genre.,2021-10-11 09:39:07,2026-08-12T13:29:33.761206,reviews.csv
4824,1508,1,3,Had potential but did not quite deliver on its promise.,2024-11-30 09:48:25,2026-08-12T13:29:33.761206,reviews.csv
424,554,2,3,"Mixed feelings. Good premise, mediocre execution.",2023-10-12 09:36:58,2026-08-12T13:29:33.761206,reviews.csv
1741,1832,1,5,Exceeded all my expectations. Truly extraordinary.,2024-10-23 16:49:02,2026-08-12T13:29:33.761206,reviews.csv
3127,1600,2,5,I finished this in two sittings. Absolutely riveting.,2023-10-03 19:57:52,2026-08-12T13:29:33.761206,reviews.csv
633,623,1,4,Pleasant read. Nothing groundbreaking but definitely enjoyable.,2023-08-17 06:25:03,2026-08-12T13:29:33.761206,reviews.csv
1036,1613,2,5,Brilliant narrative. The characters feel genuinely real.,2021-04-01 14:26:41,2026-08-12T13:29:33.761206,reviews.csv
1721,1300,3,4,Pleasant read. Nothing groundbreaking but definitely enjoyable.,2024-04-03 17:04:54,2026-08-12T13:29:33.761206,reviews.csv
1328,422,13,4,Well-written and engaging. A few plot holes but forgivable.,2024-09-11 19:41:36,2026-08-12T13:29:33.761206,reviews.csv
537,2206,9,2,Overrated. I did not enjoy the characters at all.,2022-07-11 14:12:32,2026-08-12T13:29:33.761206,reviews.csv
1444,296,1,3,,2023-07-23 11:32:07,2026-08-12T13:29:33.761206,reviews.csv
4894,1521,3,4,Well-written and engaging. A few plot holes but forgivable.,2024-12-12 20:16:58,2026-08-12T13:29:33.761206,reviews.csv
4901,859,3,4,Mostly great. The middle section drags a bit.,2023-01-06 23:38:56,2026-08-12T13:29:33.761206,reviews.csv
2730,2341,1,4,,2022-04-13 06:32:52,2026-08-12T13:29:33.761206,reviews.csv
1613,953,2,4,Pleasant read. Nothing groundbreaking but definitely enjoyable.,2023-07-08 10:14:35,2026-08-12T13:29:33.761206,reviews.csv
2209,1268,3,3,Neither great nor terrible. Passes the time.,2022-07-18 15:58:04,2026-08-12T13:29:33.761206,reviews.csv
1341,1093,79,2,The plot felt disjointed and the pacing was off throughout.,2024-07-04 09:46:48,2026-08-12T13:29:33.761206,reviews.csv
2958,1205,1,5,This book changed the way I think. A must-read for everyone.,2022-04-04 06:31:12,2026-08-12T13:29:33.761206,reviews.csv
2824,2276,2,4,Pleasant read. Nothing groundbreaking but definitely enjoyable.,2023-02-24 06:37:39,2026-08-12T13:29:33.761206,reviews.csv
4658,608,22,4,A very good read overall. Some chapters were slow but worth it.,2024-05-18 21:58:55,2026-08-12T13:29:33.761206,reviews.csv
2308,1948,1,5,Perfect blend of story and insight. Will read again.,2024-05-01 17:07:11,2026-08-12T13:29:33.761206,reviews.csv
5580,2749,2,4,Enjoyed it quite a bit. Solid writing and interesting ideas.,2024-01-23 06:04:22,2026-08-12T13:29:33.761206,reviews.csv
4225,2632,6,1,Terrible. Wasted my money and my time.,2021-11-17 11:29:24,2026-08-12T13:29:33.761206,reviews.csv
400,702,2,4,Liked it. The first half is stronger than the second.,2023-12-19 09:32:09,2026-08-12T13:29:33.761206,reviews.csv
4954,212,22,3,Had potential but did not quite deliver on its promise.,2023-12-14 12:52:29,2026-08-12T13:29:33.761206,reviews.csv
2592,365,16,2,,2023-09-29 21:52:46,2026-08-12T13:29:33.761206,reviews.csv
5220,1920,2,4,Enjoyed it quite a bit. Solid writing and interesting ideas.,2023-06-11 17:39:20,2026-08-12T13:29:33.761206,reviews.csv
5168,2261,3,3,"Mixed feelings. Good premise, mediocre execution.",2024-07-27 19:35:03,2026-08-12T13:29:33.761206,reviews.csv
1005,1102,4,3,"Mixed feelings. Good premise, mediocre execution.",2024-10-28 17:03:58,2026-08-12T13:29:33.761206,reviews.csv
2216,1656,2,3,,2024-07-04 18:23:31,2026-08-12T13:29:33.761206,reviews.csv
1801,2635,7,4,Well-written and engaging. A few plot holes but forgivable.,2021-08-25 06:08:07,2026-08-12T13:29:33.761206,reviews.csv
2603,1985,1,4,Above average. Would recommend to fans of the genre.,2021-12-06 13:52:36,2026-08-12T13:29:33.761206,reviews.csv
3456,2794,1,-1,A very good read overall. Some chapters were slow but worth it.,2024-04-08 21:45:46,2026-08-12T13:29:33.761206,reviews.csv
5471,2263,47,3,Decent read. Not my favourite but not bad either.,2020-04-30 20:36:46,2026-08-12T13:29:33.761206,reviews.csv
2463,1733,1,4,Pleasant read. Nothing groundbreaking but definitely enjoyable.,2024-07-04 17:49:16,2026-08-12T13:29:33.761206,reviews.csv
2282,383,10,3,"Some interesting parts, but overall felt underwhelming.",2023-02-11 20:53:01,2026-08-12T13:29:33.761206,reviews.csv
1878,11,24,3,"Mixed feelings. Good premise, mediocre execution.",2022-03-15 15:34:31,2026-08-12T13:29:33.761206,reviews.csv
4058,2635,3,3,Neither great nor terrible. Passes the time.,2022-11-09 18:03:22,2026-08-12T13:29:33.761206,reviews.csv
5412,219,7,3,"Some interesting parts, but overall felt underwhelming.",2024-09-24 17:22:34,2026-08-12T13:29:33.761206,reviews.csv
4293,2607,1,5,The writing is exceptional and the story gripped me from page one.,2024-08-19 09:16:45,2026-08-12T13:29:33.761206,reviews.csv
3161,2525,2,4,Enjoyed it quite a bit. Solid writing and interesting ideas.,2024-09-03 16:00:42,2026-08-12T13:29:33.761206,reviews.csv
5352,1892,104,3,Had potential but did not quite deliver on its promise.,2023-12-13 22:19:23,2026-08-12T13:29:33.761206,reviews.csv
1299,2659,4,2,Would not recommend. Too slow and the payoff was not worth it.,2022-11-29 19:12:01,2026-08-12T13:29:33.761206,reviews.csv
5356,439,15,3,,2023-05-25 07:41:55,2026-08-12T13:29:33.761206,reviews.csv
5214,782,2,5,Absolutely loved this book — couldn't put it down!,2024-05-27 19:50:10,2026-08-12T13:29:33.761206,reviews.csv
4728,163,14,4,Well-written and engaging. A few plot holes but forgivable.,2023-06-26 16:06:58,2026-08-12T13:29:33.761206,reviews.csv
4437,1831,14,3,Decent read. Not my favourite but not bad either.,2023-11-02 07:13:20,2026-08-12T13:29:33.761206,reviews.csv
3160,640,8,4,Liked it. The first half is stronger than the second.,2024-02-23 16:41:40,2026-08-12T13:29:33.761206,reviews.csv
3501,308,59,5,Beautifully written. The author's style is simply stunning.,2024-10-14 11:36:13,2026-08-12T13:29:33.761206,reviews.csv
5415,2616,13,5,Brilliant narrative. The characters feel genuinely real.,2022-05-01 14:17:18,2026-08-12T13:29:33.761206,reviews.csv
2097,1558,2,3,Decent read. Not my favourite but not bad either.,2024-02-25 08:11:30,2026-08-12T13:29:33.761206,reviews.csv
3145,1267,2,3,It was okay. The hype around this book is a bit overstated.,2024-12-12 08:13:53,2026-08-12T13:29:33.761206,reviews.csv
1426,633,1,5,Perfect blend of story and insight. Will read again.,2023-06-10 15:29:33,2026-08-12T13:29:33.761206,reviews.csv
4938,2695,1,5,This book changed the way I think. A must-read for everyone.,2022-02-03 20:40:20,2026-08-12T13:29:33.761206,reviews.csv
778,741,1,5,Exceeded all my expectations. Truly extraordinary.,2024-05-27 22:42:17,2026-08-12T13:29:33.761206,reviews.csv
4633,2090,123,3,"Some interesting parts, but overall felt underwhelming.",2021-12-29 08:25:01,2026-08-12T13:29:33.761206,reviews.csv
3191,1011,10,3,,2024-01-30 12:14:52,2026-08-12T13:29:33.761206,reviews.csv
1448,2759,1,4,,2021-05-17 19:19:09,2026-08-12T13:29:33.761206,reviews.csv
4156,1903,5,3,"Mixed feelings. Good premise, mediocre execution.",2024-12-07 15:46:49,2026-08-12T13:29:33.761206,reviews.csv
1210,2672,23,5,This book changed the way I think. A must-read for everyone.,2022-04-23 21:43:52,2026-08-12T13:29:33.761206,reviews.csv
2423,1436,1,3,"Some interesting parts, but overall felt underwhelming.",2024-12-31 17:45:51,2026-08-12T13:29:33.761206,reviews.csv
3777,1642,1,4,Liked it. The first half is stronger than the second.,2022-12-09 12:56:35,2026-08-12T13:29:33.761206,reviews.csv
280,2460,13,3,Average. Had its moments but failed to really engage me.,2024-11-21 09:48:29,2026-08-12T13:29:33.761206,reviews.csv
2581,143,1,4,Liked it. The first half is stronger than the second.,2024-11-18 07:16:21,2026-08-12T13:29:33.761206,reviews.csv
3400,1831,2,5,Perfect blend of story and insight. Will read again.,2024-12-28 09:35:58,2026-08-12T13:29:33.761206,reviews.csv
2356,1703,2,3,"Mixed feelings. Good premise, mediocre execution.",2024-12-11 18:46:05,2026-08-12T13:29:33.761206,reviews.csv
888,1908,1,5,One of the best reads I have had in years. Highly recommended.,2023-01-28 22:07:15,2026-08-12T13:29:33.761206,reviews.csv
851,1316,2,4,A very good read overall. Some chapters were slow but worth it.,2024-09-16 10:00:10,2026-08-12T13:29:33.761206,reviews.csv
2277,1297,12,3,Neither great nor terrible. Passes the time.,2023-04-17 10:38:16,2026-08-12T13:29:33.761206,reviews.csv
5228,692,37,4,,2022-07-20 13:54:21,2026-08-12T13:29:33.761206,reviews.csv
1118,2207,3,2,Not for me. The writing style felt very dated.,2024-12-29 20:13:04,2026-08-12T13:29:33.761206,reviews.csv
3603,1120,3,4,Enjoyed it quite a bit. Solid writing and interesting ideas.,2020-09-28 07:26:49,2026-08-12T13:29:33.761206,reviews.csv
2711,2162,1,4,"Good book, though the ending felt a little rushed.",2023-09-26 17:57:51,2026-08-12T13:29:33.761206,reviews.csv
2972,1887,1,2,Struggled to get through it. The story meanders endlessly.,2024-07-12 20:19:01,2026-08-12T13:29:33.761206,reviews.csv
2296,753,1,3,Decent read. Not my favourite but not bad either.,2024-02-17 10:41:08,2026-08-12T13:29:33.761206,reviews.csv
2938,2085,1,3,Had potential but did not quite deliver on its promise.,2023-07-21 22:23:02,2026-08-12T13:29:33.761206,reviews.csv
253,2775,4,3,Neither great nor terrible. Passes the time.,2021-12-16 15:51:31,2026-08-12T13:29:33.761206,reviews.csv
4292,1028,5,1,One of the worst books I have read. No coherent plot.,2020-06-15 07:08:12,2026-08-12T13:29:33.761206,reviews.csv
4863,1943,7,5,Perfect blend of story and insight. Will read again.,2022-03-22 20:18:52,2026-08-12T13:29:33.761206,reviews.csv
2070,1729,1,5,,2023-07-16 09:29:47,2026-08-12T13:29:33.761206,reviews.csv
4898,698,50,5,,2024-09-21 09:04:47,2026-08-12T13:29:33.761206,reviews.csv
2152,1504,4,3,Had potential but did not quite deliver on its promise.,2024-10-15 03:43:33,2026-08-12T13:29:33.761206,reviews.csv
1877,902,3,4,Above average. Would recommend to fans of the genre.,2022-09-27 18:46:18,2026-08-12T13:29:33.761206,reviews.csv
5478,2059,3,2,Would not recommend. Too slow and the payoff was not worth it.,2021-10-02 19:15:14,2026-08-12T13:29:33.761206,reviews.csv
4543,2722,5,4,Liked it. The first half is stronger than the second.,2024-04-24 15:05:32,2026-08-12T13:29:33.761206,reviews.csv
1875,514,1,3,"Mixed feelings. Good premise, mediocre execution.",2024-09-16 08:27:21,2026-08-12T13:29:33.761206,reviews.csv
3780,1748,14,5,Absolutely loved this book — couldn't put it down!,2023-12-28 00:51:50,2026-08-12T13:29:33.761206,reviews.csv
4115,91,3,3,Average. Had its moments but failed to really engage me.,2022-07-28 07:50:08,2026-08-12T13:29:33.761206,reviews.csv
765,295,18,2,Not for me. The writing style felt very dated.,2023-09-15 12:30:40,2026-08-12T13:29:33.761206,reviews.csv
3446,2392,1,3,Average. Had its moments but failed to really engage me.,2024-12-09 19:27:05,2026-08-12T13:29:33.761206,reviews.csv
5571,2012,12,5,Absolutely loved this book — couldn't put it down!,2022-04-12 09:34:16,2026-08-12T13:29:33.761206,reviews.csv
4162,2018,3,4,Pleasant read. Nothing groundbreaking but definitely enjoyable.,2024-07-29 13:11:49,2026-08-12T13:29:33.761206,reviews.csv
4833,245,1,3,Neither great nor terrible. Passes the time.,2024-04-12 09:15:01,2026-08-12T13:29:33.761206,reviews.csv
1229,2635,4,2,Disappointed. Expected much more based on the reviews.,2022-10-17 14:47:28,2026-08-12T13:29:33.761206,reviews.csv
1570,55,2,3,Average. Had its moments but failed to really engage me.,2024-01-16 18:26:34,2026-08-12T13:29:33.761206,reviews.csv
1572,1935,1,3,"Some interesting parts, but overall felt underwhelming.",2022-11-16 19:56:59,2026-08-12T13:29:33.761206,reviews.csv
1586,565,1,4,Pleasant read. Nothing groundbreaking but definitely enjoyable.,2024-03-01 20:44:42,2026-08-12T13:29:33.761206,reviews.csv
336,537,1,4,Well-written and engaging. A few plot holes but forgivable.,2023-05-19 17:52:53,2026-08-12T13:29:33.761206,reviews.csv
5503,1296,1,3,Neither great nor terrible. Passes the time.,2024-06-02 19:03:16,2026-08-12T13:29:33.761206,reviews.csv
2582,327,5,5,Beautifully written. The author's style is simply stunning.,2021-05-06 21:09:54,2026-08-12T13:29:33.761206,reviews.csv
1864,2543,1,4,Liked it. The first half is stronger than the second.,2021-12-06 08:11:04,2026-08-12T13:29:33.761206,reviews.csv
4524,909,125,4,Mostly great. The middle section drags a bit.,2024-10-19 12:28:14,2026-08-12T13:29:33.761206,reviews.csv
2511,60,1,4,Mostly great. The middle section drags a bit.,2024-10-28 20:29:12,2026-08-12T13:29:33.761206,reviews.csv
5030,624,3,3,Average. Had its moments but failed to really engage me.,2023-06-30 10:21:09,2026-08-12T13:29:33.761206,reviews.csv
2748,1226,6,3,It was okay. The hype around this book is a bit overstated.,2023-08-30 13:12:47,2026-08-12T13:29:33.761206,reviews.csv
1304,2172,2,5,The writing is exceptional and the story gripped me from page one.,2021-08-14 23:48:59,2026-08-12T13:29:33.761206,reviews.csv
4155,2668,4,4,Enjoyed it quite a bit. Solid writing and interesting ideas.,2024-02-16 21:59:58,2026-08-12T13:29:33.761206,reviews.csv
4227,446,9,3,"Mixed feelings. Good premise, mediocre execution.",2023-11-07 17:46:51,2026-08-12T13:29:33.761206,reviews.csv
4889,1831,5,5,Exceeded all my expectations. Truly extraordinary.,2023-08-20 21:07:23,2026-08-12T13:29:33.761206,reviews.csv
1751,948,2,4,Liked it. The first half is stronger than the second.,2021-12-07 15:36:57,2026-08-12T13:29:33.761206,reviews.csv
319,1868,3,3,Decent read. Not my favourite but not bad either.,2023-09-11 10:52:07,2026-08-12T13:29:33.761206,reviews.csv
1819,2284,2,5,,2024-10-22 08:32:04,2026-08-12T13:29:33.761206,reviews.csv
5569,1979,12,3,Neither great nor terrible. Passes the time.,2023-07-29 20:22:29,2026-08-12T13:29:33.761206,reviews.csv
444,1545,1,5,I finished this in two sittings. Absolutely riveting.,2022-10-26 08:10:54,2026-08-12T13:29:33.761206,reviews.csv
2953,46,3,3,Neither great nor terrible. Passes the time.,2020-11-17 19:30:03,2026-08-12T13:29:33.761206,reviews.csv
161,2785,11,0,Decent read. Not my favourite but not bad either.,2023-08-16 17:29:19,2026-08-12T13:29:33.761206,reviews.csv
5519,318,1,5,Beautifully written. The author's style is simply stunning.,2024-12-23 19:09:32,2026-08-12T13:29:33.761206,reviews.csv
1477,968,1,4,Enjoyed it quite a bit. Solid writing and interesting ideas.,2024-12-31 13:06:59,2026-08-12T13:29:33.761206,reviews.csv
1405,476,36,4,Liked it. The first half is stronger than the second.,2023-07-31 09:18:02,2026-08-12T13:29:33.761206,reviews.csv
2378,2660,2,3,,2023-10-29 09:41:14,2026-08-12T13:29:33.761206,reviews.csv
114,1471,1,3,Had potential but did not quite deliver on its promise.,2023-11-21 16:15:18,2026-08-12T13:29:33.761206,reviews.csv
2247,390,1,4,Pleasant read. Nothing groundbreaking but definitely enjoyable.,2021-11-24 08:21:01,2026-08-12T13:29:33.761206,reviews.csv
260,605,2,4,,2021-01-27 15:14:25,2026-08-12T13:29:33.761206,reviews.csv
3401,1386,5,3,Had potential but did not quite deliver on its promise.,2022-02-24 16:06:02,2026-08-12T13:29:33.761206,reviews.csv
4756,321,58,3,Average. Had its moments but failed to really engage me.,2022-08-26 10:42:12,2026-08-12T13:29:33.761206,reviews.csv
2234,2319,3,3,Neither great nor terrible. Passes the time.,2023-12-03 08:43:54,2026-08-12T13:29:33.761206,reviews.csv
56,2643,1,4,Above average. Would recommend to fans of the genre.,2024-06-02 14:25:29,2026-08-12T13:29:33.761206,reviews.csv
268,1217,3,3,Decent read. Not my favourite but not bad either.,2024-12-28 20:37:55,2026-08-12T13:29:33.761206,reviews.csv
3044,1205,28,3,Had potential but did not quite deliver on its promise.,2021-03-11 05:22:13,2026-08-12T13:29:33.761206,reviews.csv
3554,579,1,4,A very good read overall. Some chapters were slow but worth it.,2024-12-11 10:17:35,2026-08-12T13:29:33.761206,reviews.csv
5155,2346,2,4,Mostly great. The middle section drags a bit.,2024-02-13 17:33:47,2026-08-12T13:29:33.761206,reviews.csv
5107,1102,2,2,,2024-09-30 18:54:17,2026-08-12T13:29:33.761206,reviews.csv
4595,2353,1,5,Beautifully written. The author's style is simply stunning.,2020-12-05 08:18:06,2026-08-12T13:29:33.761206,reviews.csv
3499,2111,5,4,"Good book, though the ending felt a little rushed.",2024-10-11 19:07:01,2026-08-12T13:29:33.761206,reviews.csv
3663,160,1,4,"Good book, though the ending felt a little rushed.",2023-11-19 23:16:01,2026-08-12T13:29:33.761206,reviews.csv
2496,2549,75,4,Pleasant read. Nothing groundbreaking but definitely enjoyable.,2023-04-01 09:39:51,2026-08-12T13:29:33.761206,reviews.csv
619,2751,9,2,,2022-10-15 11:46:34,2026-08-12T13:29:33.761206,reviews.csv
4684,1987,3,4,Pleasant read. Nothing groundbreaking but definitely enjoyable.,2022-07-16 15:12:14,2026-08-12T13:29:33.761206,reviews.csv
313,1808,25,4,Pleasant read. Nothing groundbreaking but definitely enjoyable.,2022-01-02 13:13:34,2026-08-12T13:29:33.761206,reviews.csv
427,2693,1,4,,2021-08-20 18:21:52,2026-08-12T13:29:33.761206,reviews.csv
5535,1205,2,4,Above average. Would recommend to fans of the genre.,2021-05-08 17:58:12,2026-08-12T13:29:33.761206,reviews.csv
215,1084,1,2,,2022-04-23 22:50:05,2026-08-12T13:29:33.761206,reviews.csv
2560,916,1,4,Enjoyed it quite a bit. Solid writing and interesting ideas.,2022-12-02 12:36:44,2026-08-12T13:29:33.761206,reviews.csv
4542,990,6,2,Not for me. The writing style felt very dated.,2022-11-29 06:31:14,2026-08-12T13:29:33.761206,reviews.csv
3259,73,2,4,Enjoyed it quite a bit. Solid writing and interesting ideas.,2022-11-21 11:32:39,2026-08-12T13:29:33.761206,reviews.csv
1887,731,31,4,Pleasant read. Nothing groundbreaking but definitely enjoyable.,2023-02-23 09:25:56,2026-08-12T13:29:33.761206,reviews.csv
5191,2492,26,4,Mostly great. The middle section drags a bit.,2023-08-14 09:09:25,2026-08-12T13:29:33.761206,reviews.csv
3234,1749,1,3,"Mixed feelings. Good premise, mediocre execution.",2022-12-27 18:40:57,2026-08-12T13:29:33.761206,reviews.csv
2795,739,2,5,Perfect blend of story and insight. Will read again.,2021-02-24 11:46:08,2026-08-12T13:29:33.761206,reviews.csv
5179,1584,1,2,The plot felt disjointed and the pacing was off throughout.,2021-05-21 20:07:39,2026-08-12T13:29:33.761206,reviews.csv
1809,1928,3,3,"Mixed feelings. Good premise, mediocre execution.",2022-11-08 13:05:18,2026-08-12T13:29:33.761206,reviews.csv
2038,1092,1,3,"Mixed feelings. Good premise, mediocre execution.",2021-11-28 20:27:01,2026-08-12T13:29:33.761206,reviews.csv
1533,122,2,5,,2022-10-28 11:41:39,2026-08-12T13:29:33.761206,reviews.csv
5411,1568,3,3,Had potential but did not quite deliver on its promise.,2023-11-02 21:18:33,2026-08-12T13:29:33.761206,reviews.csv
1524,328,1,4,A very good read overall. Some chapters were slow but worth it.,2024-11-30 20:51:13,2026-08-12T13:29:33.761206,reviews.csv
4778,942,2,4,Liked it. The first half is stronger than the second.,2024-11-23 14:00:08,2026-08-12T13:29:33.761206,reviews.csv
2802,476,1,4,Enjoyed it quite a bit. Solid writing and interesting ideas.,2024-08-24 13:55:35,2026-08-12T13:29:33.761206,reviews.csv
2685,521,11,3,"Some interesting parts, but overall felt underwhelming.",2022-02-17 17:03:08,2026-08-12T13:29:33.761206,reviews.csv
4072,1823,1,4,Liked it. The first half is stronger than the second.,2024-11-19 18:35:16,2026-08-12T13:29:33.761206,reviews.csv
4994,2448,10,4,Liked it. The first half is stronger than the second.,2020-09-04 09:32:48,2026-08-12T13:29:33.761206,reviews.csv
4815,2760,1,4,A very good read overall. Some chapters were slow but worth it.,2024-12-02 18:35:17,2026-08-12T13:29:33.761206,reviews.csv
2808,2581,7,3,"Mixed feelings. Good premise, mediocre execution.",2024-04-25 19:30:06,2026-08-12T13:29:33.761206,reviews.csv
1531,637,1,4,Well-written and engaging. A few plot holes but forgivable.,2023-04-09 14:25:30,2026-08-12T13:29:33.761206,reviews.csv
4052,1309,2,3,Neither great nor terrible. Passes the time.,2024-06-01 15:55:55,2026-08-12T13:29:33.761206,reviews.csv
1699,1810,54,0,A very good read overall. Some chapters were slow but worth it.,2020-07-15 19:57:30,2026-08-12T13:29:33.761206,reviews.csv
1971,1041,110,3,"Some interesting parts, but overall felt underwhelming.",2024-11-06 13:04:23,2026-08-12T13:29:33.761206,reviews.csv
235,358,93,4,Well-written and engaging. A few plot holes but forgivable.,2024-03-20 18:13:33,2026-08-12T13:29:33.761206,reviews.csv
2335,2051,2,4,Well-written and engaging. A few plot holes but forgivable.,2023-03-29 20:30:04,2026-08-12T13:29:33.761206,reviews.csv
1338,1026,2,4,"Good book, though the ending felt a little rushed.",2023-01-26 15:20:00,2026-08-12T13:29:33.761206,reviews.csv
3468,1297,10,4,Liked it. The first half is stronger than the second.,2023-12-04 20:51:31,2026-08-12T13:29:33.761206,reviews.csv
2733,1352,1,5,This book changed the way I think. A must-read for everyone.,2021-05-20 16:22:32,2026-08-12T13:29:33.761206,reviews.csv
2468,317,2,5,This book changed the way I think. A must-read for everyone.,2023-03-07 21:39:50,2026-08-12T13:29:33.761206,reviews.csv
1558,340,2,4,Well-written and engaging. A few plot holes but forgivable.,2024-08-02 15:12:04,2026-08-12T13:29:33.761206,reviews.csv
3896,2225,2,4,Above average. Would recommend to fans of the genre.,2023-07-25 07:01:24,2026-08-12T13:29:33.761206,reviews.csv
163,445,7,3,Neither great nor terrible. Passes the time.,2024-01-29 20:32:52,2026-08-12T13:29:33.761206,reviews.csv
2464,2317,37,5,The writing is exceptional and the story gripped me from page one.,2022-08-16 22:36:45,2026-08-12T13:29:33.761206,reviews.csv
1756,280,6,2,The plot felt disjointed and the pacing was off throughout.,2024-05-09 17:42:07,2026-08-12T13:29:33.761206,reviews.csv
5396,1889,1,5,The writing is exceptional and the story gripped me from page one.,2023-03-04 06:22:11,2026-08-12T13:29:33.761206,reviews.csv
3298,2058,5,3,,2023-04-22 19:31:35,2026-08-12T13:29:33.761206,reviews.csv
5178,2425,1,3,"Some interesting parts, but overall felt underwhelming.",2023-02-12 17:17:52,2026-08-12T13:29:33.761206,reviews.csv
4007,377,1,4,Liked it. The first half is stronger than the second.,2024-12-31 13:21:55,2026-08-12T13:29:33.761206,reviews.csv
364,2781,1,4,Mostly great. The middle section drags a bit.,2021-10-21 06:59:00,2026-08-12T13:29:33.761206,reviews.csv
109,546,1,4,A very good read overall. Some chapters were slow but worth it.,2021-11-18 12:59:51,2026-08-12T13:29:33.761206,reviews.csv
4514,1027,8,3,Average. Had its moments but failed to really engage me.,2023-01-12 17:59:32,2026-08-12T13:29:33.761206,reviews.csv
1406,1052,1,4,Well-written and engaging. A few plot holes but forgivable.,2024-07-14 23:33:50,2026-08-12T13:29:33.761206,reviews.csv
2336,1941,2,0,Decent read. Not my favourite but not bad either.,2024-12-31 13:49:48,2026-08-12T13:29:33.761206,reviews.csv
3250,784,2,4,Above average. Would recommend to fans of the genre.,2024-12-31 01:00:29,2026-08-12T13:29:33.761206,reviews.csv
3691,1392,1,3,"Some interesting parts, but overall felt underwhelming.",2021-11-29 06:39:50,2026-08-12T13:29:33.761206,reviews.csv
1132,1537,1,3,Had potential but did not quite deliver on its promise.,2021-09-18 17:54:38,2026-08-12T13:29:33.761206,reviews.csv
2586,2226,2,5,A masterpiece. Every chapter left me wanting more.,2024-07-23 09:41:44,2026-08-12T13:29:33.761206,reviews.csv
3694,2162,2,4,Liked it. The first half is stronger than the second.,2021-12-02 21:04:52,2026-08-12T13:29:33.761206,reviews.csv
3406,2755,4,4,Mostly great. The middle section drags a bit.,2021-09-05 07:54:28,2026-08-12T13:29:33.761206,reviews.csv
5240,2514,1,4,Enjoyed it quite a bit. Solid writing and interesting ideas.,2024-01-13 20:04:32,2026-08-12T13:29:33.761206,reviews.csv
2410,303,3,4,"Good book, though the ending felt a little rushed.",2023-09-14 13:48:19,2026-08-12T13:29:33.761206,reviews.csv
5516,847,4,4,Liked it. The first half is stronger than the second.,2024-09-16 10:19:33,2026-08-12T13:29:33.761206,reviews.csv
5450,1722,1,3,Average. Had its moments but failed to really engage me.,2021-07-17 15:06:55,2026-08-12T13:29:33.761206,reviews.csv
177,769,1,3,,2024-12-14 20:45:15,2026-08-12T13:29:33.761206,reviews.csv
5346,1106,4,4,,2021-10-16 18:49:21,2026-08-12T13:29:33.761206,reviews.csv
3335,2049,2,4,"Good book, though the ending felt a little rushed.",2024-12-31 14:55:09,2026-08-12T13:29:33.761206,reviews.csv
5098,1517,1,3,Decent read. Not my favourite but not bad either.,2024-08-31 07:34:28,2026-08-12T13:29:33.761206,reviews.csv
4018,959,9,5,Exceeded all my expectations. Truly extraordinary.,2023-09-26 12:40:38,2026-08-12T13:29:33.761206,reviews.csv
212,1316,1,4,Mostly great. The middle section drags a bit.,2023-01-08 21:48:54,2026-08-12T13:29:33.761206,reviews.csv
1239,2686,1,4,A very good read overall. Some chapters were slow but worth it.,2024-11-25 17:35:54,2026-08-12T13:29:33.761206,reviews.csv
3902,244,22,4,Well-written and engaging. A few plot holes but forgivable.,2024-11-22 13:21:13,2026-08-12T13:29:33.761206,reviews.csv
4315,344,4,3,Had potential but did not quite deliver on its promise.,2020-12-27 16:23:39,2026-08-12T13:29:33.761206,reviews.csv
1933,139,32,1,Terrible. Wasted my money and my time.,2024-08-04 20:53:38,2026-08-12T13:29:33.761206,reviews.csv
1850,1768,2,4,Enjoyed it quite a bit. Solid writing and interesting ideas.,2022-10-05 17:23:38,2026-08-12T13:29:33.761206,reviews.csv
3493,1028,1,4,Liked it. The first half is stronger than the second.,2022-08-13 13:27:17,2026-08-12T13:29:33.761206,reviews.csv
3373,1004,4,4,Well-written and engaging. A few plot holes but forgivable.,2024-09-04 11:28:35,2026-08-12T13:29:33.761206,reviews.csv
2327,1763,2,3,"Mixed feelings. Good premise, mediocre execution.",2024-05-11 18:05:53,2026-08-12T13:29:33.761206,reviews.csv
5614,2319,3,3,Neither great nor terrible. Passes the time.,2023-12-03 08:43:54,2026-08-12T13:29:33.761206,reviews.csv
3093,2579,2,4,"Good book, though the ending felt a little rushed.",2024-12-05 23:09:56,2026-08-12T13:29:33.761206,reviews.csv
4525,2238,4,4,Enjoyed it quite a bit. Solid writing and interesting ideas.,2024-10-25 10:09:04,2026-08-12T13:29:33.761206,reviews.csv
4281,495,4,3,"Mixed feelings. Good premise, mediocre execution.",2024-12-11 18:37:04,2026-08-12T13:29:33.761206,reviews.csv
3809,1618,7,3,"Mixed feelings. Good premise, mediocre execution.",2022-03-13 23:19:18,2026-08-12T13:29:33.761206,reviews.csv
3455,778,10,3,Neither great nor terrible. Passes the time.,2022-07-01 12:01:44,2026-08-12T13:29:33.761206,reviews.csv
3043,202,5,4,Liked it. The first half is stronger than the second.,2024-12-12 16:14:46,2026-08-12T13:29:33.761206,reviews.csv
5533,1107,2,4,Enjoyed it quite a bit. Solid writing and interesting ideas.,2020-10-18 12:23:45,2026-08-12T13:29:33.761206,reviews.csv
4029,1129,13,4,Liked it. The first half is stronger than the second.,2023-09-06 10:15:21,2026-08-12T13:29:33.761206,reviews.csv
5295,474,61,3,"Some interesting parts, but overall felt underwhelming.",2024-04-26 20:59:22,2026-08-12T13:29:33.761206,reviews.csv
4107,2522,1,4,Mostly great. The middle section drags a bit.,2024-12-10 21:51:19,2026-08-12T13:29:33.761206,reviews.csv
1305,2618,15,3,It was okay. The hype around this book is a bit overstated.,2020-10-17 13:28:09,2026-08-12T13:29:33.761206,reviews.csv
4154,1484,4,4,Well-written and engaging. A few plot holes but forgivable.,2024-10-01 13:25:25,2026-08-12T13:29:33.761206,reviews.csv
73,770,5,5,Absolutely loved this book — couldn't put it down!,2020-08-13 18:10:43,2026-08-12T13:29:33.761206,reviews.csv
937,1425,3,5,I finished this in two sittings. Absolutely riveting.,2023-06-14 11:42:59,2026-08-12T13:29:33.761206,reviews.csv
5353,1946,2,4,Liked it. The first half is stronger than the second.,2024-12-06 17:18:38,2026-08-12T13:29:33.761206,reviews.csv
3706,2099,15,3,Had potential but did not quite deliver on its promise.,2022-07-18 18:22:28,2026-08-12T13:29:33.761206,reviews.csv
4487,1235,3,4,"Good book, though the ending felt a little rushed.",2024-12-22 11:26:53,2026-08-12T13:29:33.761206,reviews.csv
5072,2187,14,4,"Good book, though the ending felt a little rushed.",2024-04-03 14:25:01,2026-08-12T13:29:33.761206,reviews.csv
1331,746,3,4,Liked it. The first half is stronger than the second.,2024-01-02 22:33:54,2026-08-12T13:29:33.761206,reviews.csv
5303,1386,48,3,"Some interesting parts, but overall felt underwhelming.",2021-11-13 12:50:34,2026-08-12T13:29:33.761206,reviews.csv
4596,1633,5,5,Perfect blend of story and insight. Will read again.,2020-12-10 20:36:08,2026-08-12T13:29:33.761206,reviews.csv
4404,1315,4,4,Above average. Would recommend to fans of the genre.,2024-08-06 13:58:22,2026-08-12T13:29:33.761206,reviews.csv
3477,608,2,-1,Enjoyed it quite a bit. Solid writing and interesting ideas.,2024-04-02 08:26:26,2026-08-12T13:29:33.761206,reviews.csv
2907,343,2,5,This book changed the way I think. A must-read for everyone.,2024-07-04 14:31:01,2026-08-12T13:29:33.761206,reviews.csv
2162,911,2,2,,2024-12-03 23:02:30,2026-08-12T13:29:33.761206,reviews.csv
2557,2076,1,3,"Some interesting parts, but overall felt underwhelming.",2024-10-11 11:07:06,2026-08-12T13:29:33.761206,reviews.csv
2859,1178,52,4,Above average. Would recommend to fans of the genre.,2024-09-26 04:41:35,2026-08-12T13:29:33.761206,reviews.csv
665,1955,3,4,Well-written and engaging. A few plot holes but forgivable.,2022-05-10 00:11:18,2026-08-12T13:29:33.761206,reviews.csv
2678,2026,1,4,Pleasant read. Nothing groundbreaking but definitely enjoyable.,2023-06-14 14:30:46,2026-08-12T13:29:33.761206,reviews.csv
3370,721,6,3,Had potential but did not quite deliver on its promise.,2024-08-15 12:34:36,2026-08-12T13:29:33.761206,reviews.csv
4572,55,1,3,It was okay. The hype around this book is a bit overstated.,2023-12-31 15:22:39,2026-08-12T13:29:33.761206,reviews.csv
157,2346,1,5,Absolutely loved this book — couldn't put it down!,2024-06-24 20:22:59,2026-08-12T13:29:33.761206,reviews.csv
712,1591,1,4,Mostly great. The middle section drags a bit.,2023-07-10 15:34:31,2026-08-12T13:29:33.761206,reviews.csv
1685,2722,8,2,Overrated. I did not enjoy the characters at all.,2024-05-02 20:09:38,2026-08-12T13:29:33.761206,reviews.csv
5377,2142,1,4,A very good read overall. Some chapters were slow but worth it.,2024-12-31 16:20:36,2026-08-12T13:29:33.761206,reviews.csv
3224,718,5,2,Struggled to get through it. The story meanders endlessly.,2023-07-12 10:04:16,2026-08-12T13:29:33.761206,reviews.csv
4192,2036,12,4,A very good read overall. Some chapters were slow but worth it.,2022-12-27 10:47:40,2026-08-12T13:29:33.761206,reviews.csv
4936,1765,2,5,Exceeded all my expectations. Truly extraordinary.,2023-01-14 19:09:57,2026-08-12T13:29:33.761206,reviews.csv
3505,1943,1,2,Disappointed. Expected much more based on the reviews.,2022-07-26 11:23:13,2026-08-12T13:29:33.761206,reviews.csv
5461,2775,1,5,This book changed the way I think. A must-read for everyone.,2023-09-13 13:02:31,2026-08-12T13:29:33.761206,reviews.csv
2900,1436,6,3,Decent read. Not my favourite but not bad either.,2024-05-09 12:35:25,2026-08-12T13:29:33.761206,reviews.csv
1462,1260,2,4,A very good read overall. Some chapters were slow but worth it.,2024-09-30 19:40:24,2026-08-12T13:29:33.761206,reviews.csv
2977,1632,1,4,Pleasant read. Nothing groundbreaking but definitely enjoyable.,2023-08-19 18:37:19,2026-08-12T13:29:33.761206,reviews.csv
1636,2045,1,3,It was okay. The hype around this book is a bit overstated.,2021-07-27 22:35:01,2026-08-12T13:29:33.761206,reviews.csv
2719,1023,2,3,"Mixed feelings. Good premise, mediocre execution.",2023-12-20 08:08:31,2026-08-12T13:29:33.761206,reviews.csv
3751,2499,1,5,The writing is exceptional and the story gripped me from page one.,2024-06-10 12:57:24,2026-08-12T13:29:33.761206,reviews.csv
2544,639,2,3,It was okay. The hype around this book is a bit overstated.,2024-11-12 16:40:12,2026-08-12T13:29:33.761206,reviews.csv
2390,1889,4,3,Had potential but did not quite deliver on its promise.,2021-03-30 18:13:26,2026-08-12T13:29:33.761206,reviews.csv
534,1181,1,2,Struggled to get through it. The story meanders endlessly.,2024-01-15 07:09:54,2026-08-12T13:29:33.761206,reviews.csv
2045,1776,3,3,"Some interesting parts, but overall felt underwhelming.",2024-09-04 07:57:56,2026-08-12T13:29:33.761206,reviews.csv
3973,333,2,4,"Good book, though the ending felt a little rushed.",2024-01-04 19:21:18,2026-08-12T13:29:33.761206,reviews.csv
4426,2077,11,5,A masterpiece. Every chapter left me wanting more.,2024-06-01 13:16:51,2026-08-12T13:29:33.761206,reviews.csv
4875,2481,1,3,Decent read. Not my favourite but not bad either.,2024-10-29 18:03:09,2026-08-12T13:29:33.761206,reviews.csv
3050,1514,1,4,Mostly great. The middle section drags a bit.,2024-12-23 20:26:22,2026-08-12T13:29:33.761206,reviews.csv
4366,687,4,3,It was okay. The hype around this book is a bit overstated.,2023-10-09 05:15:39,2026-08-12T13:29:33.761206,reviews.csv
2645,1540,2,4,Well-written and engaging. A few plot holes but forgivable.,2022-04-08 06:31:20,2026-08-12T13:29:33.761206,reviews.csv
2881,670,3,3,Decent read. Not my favourite but not bad either.,2024-06-08 20:02:18,2026-08-12T13:29:33.761206,reviews.csv
97,769,8,3,Decent read. Not my favourite but not bad either.,2024-10-17 23:13:31,2026-08-12T13:29:33.761206,reviews.csv
1044,384,12,5,I finished this in two sittings. Absolutely riveting.,2023-12-29 15:18:57,2026-08-12T13:29:33.761206,reviews.csv
3476,2474,1,4,Mostly great. The middle section drags a bit.,2021-09-11 01:22:50,2026-08-12T13:29:33.761206,reviews.csv
3735,2185,2,5,One of the best reads I have had in years. Highly recommended.,2022-10-12 08:19:42,2026-08-12T13:29:33.761206,reviews.csv
4402,1454,11,1,Terrible. Wasted my money and my time.,2023-08-11 20:51:26,2026-08-12T13:29:33.761206,reviews.csv
4531,861,63,4,Pleasant read. Nothing groundbreaking but definitely enjoyable.,2022-02-09 10:07:46,2026-08-12T13:29:33.761206,reviews.csv
289,1357,3,3,It was okay. The hype around this book is a bit overstated.,2024-10-12 10:16:00,2026-08-12T13:29:33.761206,reviews.csv
4117,1365,3,3,Had potential but did not quite deliver on its promise.,2024-06-25 18:30:49,2026-08-12T13:29:33.761206,reviews.csv
2264,2356,15,5,The writing is exceptional and the story gripped me from page one.,2024-05-31 10:47:30,2026-08-12T13:29:33.761206,reviews.csv
4613,1189,2,4,Pleasant read. Nothing groundbreaking but definitely enjoyable.,2024-09-22 20:45:47,2026-08-12T13:29:33.761206,reviews.csv
1279,2595,4,3,Had potential but did not quite deliver on its promise.,2024-12-22 17:59:31,2026-08-12T13:29:33.761206,reviews.csv
4470,61,3,3,Had potential but did not quite deliver on its promise.,2024-08-27 19:05:45,2026-08-12T13:29:33.761206,reviews.csv
2159,1677,18,3,Had potential but did not quite deliver on its promise.,2024-12-05 20:44:23,2026-08-12T13:29:33.761206,reviews.csv
3846,1995,11,2,Disappointed. Expected much more based on the reviews.,2024-07-18 12:58:50,2026-08-12T13:29:33.761206,reviews.csv
5345,406,1,3,Decent read. Not my favourite but not bad either.,2024-09-15 20:02:22,2026-08-12T13:29:33.761206,reviews.csv
3105,2279,3,4,Liked it. The first half is stronger than the second.,2023-03-13 11:18:11,2026-08-12T13:29:33.761206,reviews.csv
4142,2614,1,5,Beautifully written. The author's style is simply stunning.,2021-08-19 08:26:57,2026-08-12T13:29:33.761206,reviews.csv
477,2528,1,4,Above average. Would recommend to fans of the genre.,2024-07-18 08:09:18,2026-08-12T13:29:33.761206,reviews.csv
826,231,1,5,Absolutely loved this book — couldn't put it down!,2024-11-05 21:16:17,2026-08-12T13:29:33.761206,reviews.csv
1018,2032,5,3,"Some interesting parts, but overall felt underwhelming.",2024-12-13 19:12:43,2026-08-12T13:29:33.761206,reviews.csv
1947,1832,3,3,Had potential but did not quite deliver on its promise.,2023-05-02 13:56:09,2026-08-12T13:29:33.761206,reviews.csv
4519,517,19,3,Had potential but did not quite deliver on its promise.,2021-10-11 11:24:52,2026-08-12T13:29:33.761206,reviews.csv
345,1747,3,4,Liked it. The first half is stronger than the second.,2023-08-02 08:28:57,2026-08-12T13:29:33.761206,reviews.csv
1893,399,36,4,Liked it. The first half is stronger than the second.,2023-08-23 18:39:02,2026-08-12T13:29:33.761206,reviews.csv
2417,2679,1,3,Had potential but did not quite deliver on its promise.,2024-05-09 18:45:00,2026-08-12T13:29:33.761206,reviews.csv
2504,1667,107,4,Above average. Would recommend to fans of the genre.,2024-10-10 05:17:00,2026-08-12T13:29:33.761206,reviews.csv
1787,1793,2,3,Had potential but did not quite deliver on its promise.,2024-12-30 05:12:09,2026-08-12T13:29:33.761206,reviews.csv
4723,1208,9,2,Overrated. I did not enjoy the characters at all.,2024-05-30 11:07:17,2026-08-12T13:29:33.761206,reviews.csv
1517,2672,2,3,Neither great nor terrible. Passes the time.,2023-11-28 18:36:49,2026-08-12T13:29:33.761206,reviews.csv
1345,1784,4,3,Neither great nor terrible. Passes the time.,2023-01-26 12:28:39,2026-08-12T13:29:33.761206,reviews.csv
1683,1731,2,4,"Good book, though the ending felt a little rushed.",2021-06-23 03:40:02,2026-08-12T13:29:33.761206,reviews.csv
102,2324,2,4,,2022-06-03 19:28:34,2026-08-12T13:29:33.761206,reviews.csv
4152,708,4,3,Had potential but did not quite deliver on its promise.,2024-02-05 05:32:56,2026-08-12T13:29:33.761206,reviews.csv
1288,68,6,3,It was okay. The hype around this book is a bit overstated.,2023-11-16 10:04:31,2026-08-12T13:29:33.761206,reviews.csv
5086,2391,65,2,Not for me. The writing style felt very dated.,2020-01-21 08:58:06,2026-08-12T13:29:33.761206,reviews.csv
4711,644,1,3,"Some interesting parts, but overall felt underwhelming.",2023-12-04 19:55:13,2026-08-12T13:29:33.761206,reviews.csv
1209,1480,1,2,,2023-06-30 08:52:06,2026-08-12T13:29:33.761206,reviews.csv
1805,1929,9,5,Absolutely loved this book — couldn't put it down!,2024-08-07 11:21:19,2026-08-12T13:29:33.761206,reviews.csv
133,177,1,2,Disappointed. Expected much more based on the reviews.,2020-03-13 12:11:11,2026-08-12T13:29:33.761206,reviews.csv
4812,228,18,4,Well-written and engaging. A few plot holes but forgivable.,2023-10-30 04:56:02,2026-08-12T13:29:33.761206,reviews.csv
1939,2093,1,5,I finished this in two sittings. Absolutely riveting.,2023-06-26 12:29:21,2026-08-12T13:29:33.761206,reviews.csv
5556,301,9,3,Average. Had its moments but failed to really engage me.,2024-07-02 19:48:09,2026-08-12T13:29:33.761206,reviews.csv
4759,40,3,4,Mostly great. The middle section drags a bit.,2023-05-15 18:20:36,2026-08-12T13:29:33.761206,reviews.csv
1261,939,4,5,I finished this in two sittings. Absolutely riveting.,2024-04-26 13:53:05,2026-08-12T13:29:33.761206,reviews.csv
5499,1895,27,3,"Mixed feelings. Good premise, mediocre execution.",2023-09-15 18:47:21,2026-08-12T13:29:33.761206,reviews.csv
2185,1578,2,5,Exceeded all my expectations. Truly extraordinary.,2024-07-09 17:57:40,2026-08-12T13:29:33.761206,reviews.csv
3276,2513,7,4,Mostly great. The middle section drags a bit.,2024-11-26 14:15:59,2026-08-12T13:29:33.761206,reviews.csv
4548,337,1,4,"Good book, though the ending felt a little rushed.",2024-08-26 14:47:02,2026-08-12T13:29:33.761206,reviews.csv
1327,1120,2,3,"Mixed feelings. Good premise, mediocre execution.",2024-11-04 08:50:39,2026-08-12T13:29:33.761206,reviews.csv
3292,2019,3,3,"Mixed feelings. Good premise, mediocre execution.",2022-06-19 17:17:50,2026-08-12T13:29:33.761206,reviews.csv
1957,1882,15,4,Mostly great. The middle section drags a bit.,2023-06-04 13:34:18,2026-08-12T13:29:33.761206,reviews.csv
5250,1727,5,4,"Good book, though the ending felt a little rushed.",2024-02-17 19:52:52,2026-08-12T13:29:33.761206,reviews.csv
453,578,29,5,Beautifully written. The author's style is simply stunning.,2021-12-07 20:33:46,2026-08-12T13:29:33.761206,reviews.csv
3755,2779,1,3,"Some interesting parts, but overall felt underwhelming.",2024-08-06 12:15:46,2026-08-12T13:29:33.761206,reviews.csv
1227,2678,2,5,I finished this in two sittings. Absolutely riveting.,2022-11-14 15:37:53,2026-08-12T13:29:33.761206,reviews.csv
5275,2569,1,4,Pleasant read. Nothing groundbreaking but definitely enjoyable.,2024-12-31 17:54:32,2026-08-12T13:29:33.761206,reviews.csv
5581,776,1,4,Well-written and engaging. A few plot holes but forgivable.,2022-10-13 01:55:14,2026-08-12T13:29:33.761206,reviews.csv
2656,557,3,3,"Some interesting parts, but overall felt underwhelming.",2024-03-20 20:22:37,2026-08-12T13:29:33.761206,reviews.csv
603,1078,97,4,A very good read overall. Some chapters were slow but worth it.,2023-05-11 21:24:58,2026-08-12T13:29:33.761206,reviews.csv
1835,1443,3,3,"Mixed feelings. Good premise, mediocre execution.",2022-08-06 09:57:47,2026-08-12T13:29:33.761206,reviews.csv
4907,2684,3,2,Overrated. I did not enjoy the characters at all.,2021-12-20 16:30:17,2026-08-12T13:29:33.761206,reviews.csv
709,1077,2,4,,2024-03-07 14:20:15,2026-08-12T13:29:33.761206,reviews.csv
4547,1157,2,3,Decent read. Not my favourite but not bad either.,2022-11-02 08:39:59,2026-08-12T13:29:33.761206,reviews.csv
926,2451,1,4,Pleasant read. Nothing groundbreaking but definitely enjoyable.,2024-06-12 06:27:51,2026-08-12T13:29:33.761206,reviews.csv
827,794,1,4,Pleasant read. Nothing groundbreaking but definitely enjoyable.,2020-01-29 15:42:16,2026-08-12T13:29:33.761206,reviews.csv
3471,577,1,5,One of the best reads I have had in years. Highly recommended.,2024-10-17 12:13:45,2026-08-12T13:29:33.761206,reviews.csv
3993,2272,4,4,Well-written and engaging. A few plot holes but forgivable.,2024-06-06 04:03:22,2026-08-12T13:29:33.761206,reviews.csv
184,1071,4,4,Above average. Would recommend to fans of the genre.,2024-05-27 19:22:29,2026-08-12T13:29:33.761206,reviews.csv
3396,1436,10,4,Well-written and engaging. A few plot holes but forgivable.,2024-11-20 18:11:29,2026-08-12T13:29:33.761206,reviews.csv
4387,1758,5,3,"Mixed feelings. Good premise, mediocre execution.",2024-11-13 09:15:12,2026-08-12T13:29:33.761206,reviews.csv
2090,1865,42,3,Decent read. Not my favourite but not bad either.,2024-01-04 08:54:57,2026-08-12T13:29:33.761206,reviews.csv
1992,1880,1,3,"Mixed feelings. Good premise, mediocre execution.",2023-11-17 00:20:33,2026-08-12T13:29:33.761206,reviews.csv
2403,1668,6,3,Decent read. Not my favourite but not bad either.,2024-09-27 15:10:36,2026-08-12T13:29:33.761206,reviews.csv
2523,63,2,4,Mostly great. The middle section drags a bit.,2023-07-20 15:25:19,2026-08-12T13:29:33.761206,reviews.csv
5193,1295,6,1,Do not waste your money on this.,2024-03-22 10:43:24,2026-08-12T13:29:33.761206,reviews.csv
5226,1388,5,3,Had potential but did not quite deliver on its promise.,2021-10-05 07:43:36,2026-08-12T13:29:33.761206,reviews.csv
2334,308,3,3,,2024-04-05 19:25:03,2026-08-12T13:29:33.761206,reviews.csv
4105,2709,3,2,Struggled to get through it. The story meanders endlessly.,2022-04-06 08:38:39,2026-08-12T13:29:33.761206,reviews.csv
1732,2332,60,3,Had potential but did not quite deliver on its promise.,2023-08-22 12:46:19,2026-08-12T13:29:33.761206,reviews.csv
2611,507,2,4,Enjoyed it quite a bit. Solid writing and interesting ideas.,2020-02-29 13:02:40,2026-08-12T13:29:33.761206,reviews.csv
3201,1700,2,4,Liked it. The first half is stronger than the second.,2022-10-06 13:56:27,2026-08-12T13:29:33.761206,reviews.csv
3715,2412,7,5,The writing is exceptional and the story gripped me from page one.,2023-11-22 12:16:15,2026-08-12T13:29:33.761206,reviews.csv
1552,1049,1,5,A masterpiece. Every chapter left me wanting more.,2020-09-08 19:17:39,2026-08-12T13:29:33.761206,reviews.csv
3015,1670,1,2,,2024-06-07 09:38:08,2026-08-12T13:29:33.761206,reviews.csv
3596,821,1,4,Well-written and engaging. A few plot holes but forgivable.,2024-01-09 21:20:25,2026-08-12T13:29:33.761206,reviews.csv
5325,377,46,3,Neither great nor terrible. Passes the time.,2023-09-26 20:44:38,2026-08-12T13:29:33.761206,reviews.csv
3451,2333,5,2,Disappointed. Expected much more based on the reviews.,2024-01-10 07:02:11,2026-08-12T13:29:33.761206,reviews.csv
969,1133,5,3,"Some interesting parts, but overall felt underwhelming.",2023-02-03 07:15:43,2026-08-12T13:29:33.761206,reviews.csv
5613,108,2,3,"Mixed feelings. Good premise, mediocre execution.",2024-04-22 14:22:35,2026-08-12T13:29:33.761206,reviews.csv
4985,1999,1,4,,2023-11-19 22:57:12,2026-08-12T13:29:33.761206,reviews.csv
5206,1678,1,4,Mostly great. The middle section drags a bit.,2021-02-24 20:13:25,2026-08-12T13:29:33.761206,reviews.csv
2584,2463,1,4,A very good read overall. Some chapters were slow but worth it.,2022-09-18 04:12:55,2026-08-12T13:29:33.761206,reviews.csv
1799,2718,1,3,Neither great nor terrible. Passes the time.,2023-02-25 10:08:55,2026-08-12T13:29:33.761206,reviews.csv
3539,1624,181,3,Average. Had its moments but failed to really engage me.,2023-09-23 18:17:19,2026-08-12T13:29:33.761206,reviews.csv
4653,2232,3,3,Average. Had its moments but failed to really engage me.,2024-12-10 20:32:10,2026-08-12T13:29:33.761206,reviews.csv
3966,710,10,2,Overrated. I did not enjoy the characters at all.,2020-12-31 18:44:40,2026-08-12T13:29:33.761206,reviews.csv
5504,471,8,3,It was okay. The hype around this book is a bit overstated.,2022-04-27 12:30:26,2026-08-12T13:29:33.761206,reviews.csv
119,147,1,2,Not for me. The writing style felt very dated.,2022-10-03 17:26:59,2026-08-12T13:29:33.761206,reviews.csv
3416,2446,1,5,Beautifully written. The author's style is simply stunning.,2023-09-18 15:17:19,2026-08-12T13:29:33.761206,reviews.csv
1660,2324,3,4,,2020-05-25 13:45:34,2026-08-12T13:29:33.761206,reviews.csv
3985,2428,1,3,Decent read. Not my favourite but not bad either.,2024-12-09 13:08:36,2026-08-12T13:29:33.761206,reviews.csv
1804,1639,1,4,Well-written and engaging. A few plot holes but forgivable.,2021-02-19 14:13:36,2026-08-12T13:29:33.761206,reviews.csv
2646,364,1,5,Brilliant narrative. The characters feel genuinely real.,2022-12-01 18:51:03,2026-08-12T13:29:33.761206,reviews.csv
2669,1035,11,4,,2023-02-07 18:51:54,2026-08-12T13:29:33.761206,reviews.csv
2902,2788,5,3,Average. Had its moments but failed to really engage me.,2024-08-21 15:22:17,2026-08-12T13:29:33.761206,reviews.csv
4787,1982,2,4,A very good read overall. Some chapters were slow but worth it.,2020-10-17 10:17:55,2026-08-12T13:29:33.761206,reviews.csv
5485,2569,69,3,Had potential but did not quite deliver on its promise.,2024-10-21 06:33:09,2026-08-12T13:29:33.761206,reviews.csv
3529,1507,17,5,This book changed the way I think. A must-read for everyone.,2023-10-12 22:36:31,2026-08-12T13:29:33.761206,reviews.csv
4925,1411,3,4,Above average. Would recommend to fans of the genre.,2022-07-01 08:38:46,2026-08-12T13:29:33.761206,reviews.csv
2545,244,7,5,One of the best reads I have had in years. Highly recommended.,2023-10-21 07:23:32,2026-08-12T13:29:33.761206,reviews.csv
3077,318,2,4,Above average. Would recommend to fans of the genre.,2024-12-31 10:07:02,2026-08-12T13:29:33.761206,reviews.csv
782,533,127,3,,2024-10-05 06:04:07,2026-08-12T13:29:33.761206,reviews.csv
5507,1280,2,4,Mostly great. The middle section drags a bit.,2021-05-25 18:07:30,2026-08-12T13:29:33.761206,reviews.csv
751,1096,2,5,I finished this in two sittings. Absolutely riveting.,2024-11-17 22:07:37,2026-08-12T13:29:33.761206,reviews.csv
3351,1449,3,4,Pleasant read. Nothing groundbreaking but definitely enjoyable.,2021-11-27 12:22:49,2026-08-12T13:29:33.761206,reviews.csv
3122,2571,4,4,,2024-02-17 16:29:19,2026-08-12T13:29:33.761206,reviews.csv
429,2593,2,4,Above average. Would recommend to fans of the genre.,2023-09-17 15:03:55,2026-08-12T13:29:33.761206,reviews.csv
128,1550,3,3,,2024-01-31 16:18:36,2026-08-12T13:29:33.761206,reviews.csv
880,81,1,5,Exceeded all my expectations. Truly extraordinary.,2023-04-13 19:40:33,2026-08-12T13:29:33.761206,reviews.csv
1203,2249,1,4,Liked it. The first half is stronger than the second.,2022-07-18 08:23:23,2026-08-12T13:29:33.761206,reviews.csv
896,987,29,5,Perfect blend of story and insight. Will read again.,2022-09-25 07:54:16,2026-08-12T13:29:33.761206,reviews.csv
5101,2040,1,3,Neither great nor terrible. Passes the time.,2024-12-31 08:34:27,2026-08-12T13:29:33.761206,reviews.csv
3155,505,1,3,It was okay. The hype around this book is a bit overstated.,2021-11-15 09:46:55,2026-08-12T13:29:33.761206,reviews.csv
2112,2175,3,5,The writing is exceptional and the story gripped me from page one.,2023-11-27 13:55:25,2026-08-12T13:29:33.761206,reviews.csv
2734,1175,7,5,,2024-11-19 17:19:13,2026-08-12T13:29:33.761206,reviews.csv
3954,909,3,4,,2024-12-31 11:37:40,2026-08-12T13:29:33.761206,reviews.csv
2849,981,4,4,A very good read overall. Some chapters were slow but worth it.,2024-08-17 09:32:51,2026-08-12T13:29:33.761206,reviews.csv
1832,447,2,2,Struggled to get through it. The story meanders endlessly.,2023-09-09 05:31:10,2026-08-12T13:29:33.761206,reviews.csv
1143,1814,47,5,A masterpiece. Every chapter left me wanting more.,2024-06-08 11:04:21,2026-08-12T13:29:33.761206,reviews.csv
617,1373,1,4,Well-written and engaging. A few plot holes but forgivable.,2021-06-22 18:50:34,2026-08-12T13:29:33.761206,reviews.csv
5351,745,11,4,Enjoyed it quite a bit. Solid writing and interesting ideas.,2021-07-02 02:55:59,2026-08-12T13:29:33.761206,reviews.csv
297,427,105,2,Would not recommend. Too slow and the payoff was not worth it.,2024-10-14 08:41:49,2026-08-12T13:29:33.761206,reviews.csv
532,2173,4,4,Liked it. The first half is stronger than the second.,2020-11-13 16:04:00,2026-08-12T13:29:33.761206,reviews.csv
3614,538,5,1,One of the worst books I have read. No coherent plot.,2024-08-18 18:08:49,2026-08-12T13:29:33.761206,reviews.csv
4081,754,5,5,One of the best reads I have had in years. Highly recommended.,2022-04-27 18:41:44,2026-08-12T13:29:33.761206,reviews.csv
4689,560,12,2,Overrated. I did not enjoy the characters at all.,2024-12-21 10:23:03,2026-08-12T13:29:33.761206,reviews.csv
2909,1480,12,4,Well-written and engaging. A few plot holes but forgivable.,2023-09-05 18:05:11,2026-08-12T13:29:33.761206,reviews.csv
1126,544,6,3,"Some interesting parts, but overall felt underwhelming.",2024-05-15 18:40:00,2026-08-12T13:29:33.761206,reviews.csv
1942,2067,10,4,Mostly great. The middle section drags a bit.,2021-12-24 06:23:01,2026-08-12T13:29:33.761206,reviews.csv
2135,2353,2,3,Had potential but did not quite deliver on its promise.,2022-01-22 08:26:07,2026-08-12T13:29:33.761206,reviews.csv
3443,2210,2,4,Above average. Would recommend to fans of the genre.,2023-10-13 17:39:53,2026-08-12T13:29:33.761206,reviews.csv
4972,766,1,5,Beautifully written. The author's style is simply stunning.,2023-09-21 14:38:11,2026-08-12T13:29:33.761206,reviews.csv
265,1977,79,3,It was okay. The hype around this book is a bit overstated.,2022-06-10 06:13:28,2026-08-12T13:29:33.761206,reviews.csv
764,1777,1,4,"Good book, though the ending felt a little rushed.",2023-01-11 20:50:52,2026-08-12T13:29:33.761206,reviews.csv
3831,2495,7,3,Decent read. Not my favourite but not bad either.,2021-10-08 16:46:46,2026-08-12T13:29:33.761206,reviews.csv
1054,1853,1,4,Enjoyed it quite a bit. Solid writing and interesting ideas.,2024-11-22 15:19:18,2026-08-12T13:29:33.761206,reviews.csv
4881,2766,3,3,"Some interesting parts, but overall felt underwhelming.",2024-11-02 03:32:33,2026-08-12T13:29:33.761206,reviews.csv
2499,2016,4,3,Decent read. Not my favourite but not bad either.,2021-06-02 20:25:01,2026-08-12T13:29:33.761206,reviews.csv
732,304,20,3,"Some interesting parts, but overall felt underwhelming.",2020-03-10 11:25:51,2026-08-12T13:29:33.761206,reviews.csv
3698,1659,1,5,One of the best reads I have had in years. Highly recommended.,2024-10-20 16:36:52,2026-08-12T13:29:33.761206,reviews.csv
1604,760,1,5,A masterpiece. Every chapter left me wanting more.,2021-11-09 20:12:28,2026-08-12T13:29:33.761206,reviews.csv
3001,2290,5,4,Above average. Would recommend to fans of the genre.,2022-07-28 20:14:26,2026-08-12T13:29:33.761206,reviews.csv
5573,1410,3,3,Neither great nor terrible. Passes the time.,2021-07-23 19:46:03,2026-08-12T13:29:33.761206,reviews.csv
1191,1297,1,4,Pleasant read. Nothing groundbreaking but definitely enjoyable.,2022-03-03 21:31:53,2026-08-12T13:29:33.761206,reviews.csv
1719,2738,4,4,Above average. Would recommend to fans of the genre.,2024-02-24 09:30:15,2026-08-12T13:29:33.761206,reviews.csv
1419,2086,8,3,Decent read. Not my favourite but not bad either.,2020-08-23 12:42:31,2026-08-12T13:29:33.761206,reviews.csv
2183,2714,1,3,Neither great nor terrible. Passes the time.,2024-09-15 11:43:57,2026-08-12T13:29:33.761206,reviews.csv
773,1734,4,3,"Some interesting parts, but overall felt underwhelming.",2023-12-09 09:21:54,2026-08-12T13:29:33.761206,reviews.csv
5063,2227,7,4,Above average. Would recommend to fans of the genre.,2024-02-05 13:41:40,2026-08-12T13:29:33.761206,reviews.csv
4036,2594,2,3,"Mixed feelings. Good premise, mediocre execution.",2024-05-02 17:44:54,2026-08-12T13:29:33.761206,reviews.csv
1200,1490,1,3,It was okay. The hype around this book is a bit overstated.,2024-06-03 09:43:30,2026-08-12T13:29:33.761206,reviews.csv
118,959,1,4,Above average. Would recommend to fans of the genre.,2024-08-05 13:24:40,2026-08-12T13:29:33.761206,reviews.csv
4258,627,7,3,Had potential but did not quite deliver on its promise.,2020-04-18 11:16:37,2026-08-12T13:29:33.761206,reviews.csv
5248,2359,2,3,Neither great nor terrible. Passes the time.,2023-01-22 15:25:27,2026-08-12T13:29:33.761206,reviews.csv
4636,2204,3,4,Liked it. The first half is stronger than the second.,2023-05-30 18:38:52,2026-08-12T13:29:33.761206,reviews.csv
3054,2720,73,3,"Some interesting parts, but overall felt underwhelming.",2024-04-24 07:29:30,2026-08-12T13:29:33.761206,reviews.csv
3021,1329,1,5,I finished this in two sittings. Absolutely riveting.,2024-11-02 12:51:24,2026-08-12T13:29:33.761206,reviews.csv
1623,2780,1,4,Above average. Would recommend to fans of the genre.,2024-01-24 08:55:59,2026-08-12T13:29:33.761206,reviews.csv
361,1979,3,3,It was okay. The hype around this book is a bit overstated.,2021-12-08 20:58:53,2026-08-12T13:29:33.761206,reviews.csv
881,2339,3,3,"Mixed feelings. Good premise, mediocre execution.",2024-01-30 08:37:56,2026-08-12T13:29:33.761206,reviews.csv
2531,1730,4,1,One of the worst books I have read. No coherent plot.,2024-10-20 02:47:33,2026-08-12T13:29:33.761206,reviews.csv
3852,2531,5,2,Overrated. I did not enjoy the characters at all.,2024-11-10 18:13:12,2026-08-12T13:29:33.761206,reviews.csv
998,1711,1,5,Brilliant narrative. The characters feel genuinely real.,2022-10-06 10:15:33,2026-08-12T13:29:33.761206,reviews.csv
3823,409,1,4,,2021-08-11 10:26:45,2026-08-12T13:29:33.761206,reviews.csv
5548,206,2,4,Pleasant read. Nothing groundbreaking but definitely enjoyable.,2024-04-27 08:49:36,2026-08-12T13:29:33.761206,reviews.csv
4312,1374,187,3,"Mixed feelings. Good premise, mediocre execution.",2023-12-23 12:14:57,2026-08-12T13:29:33.761206,reviews.csv
3536,57,4,3,It was okay. The hype around this book is a bit overstated.,2023-05-21 19:47:51,2026-08-12T13:29:33.761206,reviews.csv
5364,2672,3,4,Mostly great. The middle section drags a bit.,2024-03-12 07:03:00,2026-08-12T13:29:33.761206,reviews.csv
2200,1270,1,5,This book changed the way I think. A must-read for everyone.,2024-03-11 06:41:18,2026-08-12T13:29:33.761206,reviews.csv
5201,519,2,4,Mostly great. The middle section drags a bit.,2023-12-22 20:28:34,2026-08-12T13:29:33.761206,reviews.csv
3327,974,28,4,Pleasant read. Nothing groundbreaking but definitely enjoyable.,2022-08-17 08:49:26,2026-08-12T13:29:33.761206,reviews.csv
698,566,2,4,"Good book, though the ending felt a little rushed.",2021-09-13 08:30:21,2026-08-12T13:29:33.761206,reviews.csv
302,2156,1,5,A masterpiece. Every chapter left me wanting more.,2024-05-08 21:28:37,2026-08-12T13:29:33.761206,reviews.csv
1764,2789,139,5,One of the best reads I have had in years. Highly recommended.,2022-03-21 15:30:59,2026-08-12T13:29:33.761206,reviews.csv
4989,749,21,3,"Some interesting parts, but overall felt underwhelming.",2023-07-09 14:54:18,2026-08-12T13:29:33.761206,reviews.csv
5202,2796,4,4,,2022-10-15 11:01:32,2026-08-12T13:29:33.761206,reviews.csv
368,1038,28,4,Well-written and engaging. A few plot holes but forgivable.,2024-03-10 22:17:38,2026-08-12T13:29:33.761206,reviews.csv
1970,127,18,2,Struggled to get through it. The story meanders endlessly.,2024-11-28 20:31:05,2026-08-12T13:29:33.761206,reviews.csv
1521,275,2,5,Exceeded all my expectations. Truly extraordinary.,2021-09-24 11:01:45,2026-08-12T13:29:33.761206,reviews.csv
233,442,1,3,,2024-06-18 15:02:19,2026-08-12T13:29:33.761206,reviews.csv
707,693,5,4,Above average. Would recommend to fans of the genre.,2023-05-16 07:40:38,2026-08-12T13:29:33.761206,reviews.csv
3282,1491,1,3,,2024-10-25 19:58:36,2026-08-12T13:29:33.761206,reviews.csv
159,1115,1,4,Mostly great. The middle section drags a bit.,2022-03-06 14:40:04,2026-08-12T13:29:33.761206,reviews.csv
244,2252,1,3,Neither great nor terrible. Passes the time.,2024-12-31 19:21:00,2026-08-12T13:29:33.761206,reviews.csv
4411,736,4,3,It was okay. The hype around this book is a bit overstated.,2023-11-08 21:36:35,2026-08-12T13:29:33.761206,reviews.csv
4202,1058,1,4,Above average. Would recommend to fans of the genre.,2023-12-22 17:20:13,2026-08-12T13:29:33.761206,reviews.csv
3570,2563,32,3,"Mixed feelings. Good premise, mediocre execution.",2023-01-18 06:04:43,2026-08-12T13:29:33.761206,reviews.csv
24,688,1,2,Struggled to get through it. The story meanders endlessly.,2021-06-28 09:53:10,2026-08-12T13:29:33.761206,reviews.csv
90,1130,1,4,"Good book, though the ending felt a little rushed.",2022-08-01 21:31:39,2026-08-12T13:29:33.761206,reviews.csv
3128,1375,2,3,It was okay. The hype around this book is a bit overstated.,2021-01-31 17:46:54,2026-08-12T13:29:33.761206,reviews.csv
2954,427,2,4,A very good read overall. Some chapters were slow but worth it.,2021-01-12 12:13:44,2026-08-12T13:29:33.761206,reviews.csv
4518,415,4,3,,2024-07-09 16:36:38,2026-08-12T13:29:33.761206,reviews.csv
5195,1779,1,3,"Some interesting parts, but overall felt underwhelming.",2024-08-21 20:36:23,2026-08-12T13:29:33.761206,reviews.csv
2034,2636,4,5,Brilliant narrative. The characters feel genuinely real.,2023-10-29 17:56:04,2026-08-12T13:29:33.761206,reviews.csv
2886,316,1,2,Disappointed. Expected much more based on the reviews.,2024-07-21 12:48:59,2026-08-12T13:29:33.761206,reviews.csv
1785,2660,1,4,Liked it. The first half is stronger than the second.,2022-12-31 18:30:51,2026-08-12T13:29:33.761206,reviews.csv
2083,1700,3,2,Not for me. The writing style felt very dated.,2024-09-26 18:36:33,2026-08-12T13:29:33.761206,reviews.csv
3267,470,4,3,Decent read. Not my favourite but not bad either.,2023-11-15 08:06:53,2026-08-12T13:29:33.761206,reviews.csv
5027,1984,5,3,It was okay. The hype around this book is a bit overstated.,2024-10-29 20:57:24,2026-08-12T13:29:33.761206,reviews.csv
3887,127,3,4,Pleasant read. Nothing groundbreaking but definitely enjoyable.,2023-08-22 00:51:28,2026-08-12T13:29:33.761206,reviews.csv
1473,1835,11,4,"Good book, though the ending felt a little rushed.",2023-06-15 09:52:02,2026-08-12T13:29:33.761206,reviews.csv
4362,2636,25,3,,2024-12-14 11:38:18,2026-08-12T13:29:33.761206,reviews.csv
3156,2071,1,3,,2024-08-13 21:54:37,2026-08-12T13:29:33.761206,reviews.csv
68,1538,1,4,A very good read overall. Some chapters were slow but worth it.,2024-01-25 06:50:05,2026-08-12T13:29:33.761206,reviews.csv
934,754,3,3,Average. Had its moments but failed to really engage me.,2023-07-29 10:03:20,2026-08-12T13:29:33.761206,reviews.csv
5286,1453,33,5,Perfect blend of story and insight. Will read again.,2023-03-08 09:38:10,2026-08-12T13:29:33.761206,reviews.csv
3407,19,20,5,Perfect blend of story and insight. Will read again.,2024-08-30 11:39:48,2026-08-12T13:29:33.761206,reviews.csv
2256,1200,1,4,Liked it. The first half is stronger than the second.,2024-04-02 17:08:24,2026-08-12T13:29:33.761206,reviews.csv
81,234,8,3,"Some interesting parts, but overall felt underwhelming.",2023-09-16 11:01:10,2026-08-12T13:29:33.761206,reviews.csv
671,2473,6,4,,2022-12-12 16:29:14,2026-08-12T13:29:33.761206,reviews.csv
3898,2565,1,3,"Mixed feelings. Good premise, mediocre execution.",2023-11-25 20:34:24,2026-08-12T13:29:33.761206,reviews.csv
1506,1010,2,4,,2023-08-23 07:43:57,2026-08-12T13:29:33.761206,reviews.csv
1183,2060,2,5,One of the best reads I have had in years. Highly recommended.,2023-12-13 09:31:07,2026-08-12T13:29:33.761206,reviews.csv
523,297,4,3,"Some interesting parts, but overall felt underwhelming.",2024-03-01 05:04:34,2026-08-12T13:29:33.761206,reviews.csv
743,2659,8,4,Above average. Would recommend to fans of the genre.,2023-02-15 07:27:16,2026-08-12T13:29:33.761206,reviews.csv
4973,34,29,4,"Good book, though the ending felt a little rushed.",2024-11-14 11:46:47,2026-08-12T13:29:33.761206,reviews.csv
1704,1577,3,3,"Mixed feelings. Good premise, mediocre execution.",2024-06-23 13:02:50,2026-08-12T13:29:33.761206,reviews.csv
2191,257,1,4,Mostly great. The middle section drags a bit.,2022-06-26 06:36:48,2026-08-12T13:29:33.761206,reviews.csv
1937,759,2,3,Decent read. Not my favourite but not bad either.,2024-06-04 19:21:32,2026-08-12T13:29:33.761206,reviews.csv
2822,1078,11,4,Above average. Would recommend to fans of the genre.,2023-12-02 03:04:45,2026-08-12T13:29:33.761206,reviews.csv
1670,2583,1,4,,2024-09-12 15:11:32,2026-08-12T13:29:33.761206,reviews.csv
4983,1609,1,4,Pleasant read. Nothing groundbreaking but definitely enjoyable.,2022-10-05 18:49:07,2026-08-12T13:29:33.761206,reviews.csv
4716,2754,6,3,Neither great nor terrible. Passes the time.,2024-06-04 08:19:53,2026-08-12T13:29:33.761206,reviews.csv
4257,39,78,5,Beautifully written. The author's style is simply stunning.,2024-06-05 20:52:18,2026-08-12T13:29:33.761206,reviews.csv
2182,1446,1,3,Neither great nor terrible. Passes the time.,2022-12-07 10:49:52,2026-08-12T13:29:33.761206,reviews.csv
3818,263,4,2,Disappointed. Expected much more based on the reviews.,2024-03-06 18:45:17,2026-08-12T13:29:33.761206,reviews.csv
3617,2514,2,3,Average. Had its moments but failed to really engage me.,2023-01-27 14:18:37,2026-08-12T13:29:33.761206,reviews.csv
3294,2537,26,3,,2023-09-30 10:06:24,2026-08-12T13:29:33.761206,reviews.csv
4847,482,5,2,Not for me. The writing style felt very dated.,2023-12-28 18:03:25,2026-08-12T13:29:33.761206,reviews.csv
487,758,5,3,Neither great nor terrible. Passes the time.,2021-12-23 17:36:47,2026-08-12T13:29:33.761206,reviews.csv
5388,75,139,2,Would not recommend. Too slow and the payoff was not worth it.,2023-04-30 19:05:50,2026-08-12T13:29:33.761206,reviews.csv
3788,1825,1,4,Mostly great. The middle section drags a bit.,2024-02-04 19:29:05,2026-08-12T13:29:33.761206,reviews.csv
4814,1539,1,2,Not for me. The writing style felt very dated.,2022-07-15 18:57:00,2026-08-12T13:29:33.761206,reviews.csv
1669,1408,2,5,I finished this in two sittings. Absolutely riveting.,2024-03-30 18:33:18,2026-08-12T13:29:33.761206,reviews.csv
5431,2172,5,4,Liked it. The first half is stronger than the second.,2020-08-23 19:33:35,2026-08-12T13:29:33.761206,reviews.csv
5425,26,53,4,Mostly great. The middle section drags a bit.,2024-09-30 08:25:21,2026-08-12T13:29:33.761206,reviews.csv
3804,813,34,4,Above average. Would recommend to fans of the genre.,2024-06-12 11:03:15,2026-08-12T13:29:33.761206,reviews.csv
510,2150,1,4,Mostly great. The middle section drags a bit.,2022-08-12 22:13:33,2026-08-12T13:29:33.761206,reviews.csv
2262,1622,1,3,"Some interesting parts, but overall felt underwhelming.",2023-07-19 00:43:32,2026-08-12T13:29:33.761206,reviews.csv
5009,215,7,4,"Good book, though the ending felt a little rushed.",2022-01-16 18:17:01,2026-08-12T13:29:33.761206,reviews.csv
294,938,1,3,"Some interesting parts, but overall felt underwhelming.",2023-07-15 11:39:49,2026-08-12T13:29:33.761206,reviews.csv
2634,894,1,4,"Good book, though the ending felt a little rushed.",2024-05-29 11:41:43,2026-08-12T13:29:33.761206,reviews.csv
5079,594,138,4,Well-written and engaging. A few plot holes but forgivable.,2024-07-25 09:47:47,2026-08-12T13:29:33.761206,reviews.csv
1511,1328,3,2,Would not recommend. Too slow and the payoff was not worth it.,2024-12-31 21:24:33,2026-08-12T13:29:33.761206,reviews.csv
870,1156,1,4,Well-written and engaging. A few plot holes but forgivable.,2021-09-06 11:47:45,2026-08-12T13:29:33.761206,reviews.csv
2228,2376,10,3,Decent read. Not my favourite but not bad either.,2020-08-16 11:34:47,2026-08-12T13:29:33.761206,reviews.csv
2811,56,1,5,,2022-07-30 12:51:13,2026-08-12T13:29:33.761206,reviews.csv
582,772,3,4,Well-written and engaging. A few plot holes but forgivable.,2024-12-03 19:34:07,2026-08-12T13:29:33.761206,reviews.csv
5590,709,2,4,A very good read overall. Some chapters were slow but worth it.,2022-10-17 19:49:50,2026-08-12T13:29:33.761206,reviews.csv
5230,1873,71,4,Enjoyed it quite a bit. Solid writing and interesting ideas.,2022-11-27 16:21:40,2026-08-12T13:29:33.761206,reviews.csv
4194,857,14,4,Enjoyed it quite a bit. Solid writing and interesting ideas.,2024-10-25 13:12:22,2026-08-12T13:29:33.761206,reviews.csv
4590,277,3,3,"Some interesting parts, but overall felt underwhelming.",2023-01-11 08:32:02,2026-08-12T13:29:33.761206,reviews.csv
2764,37,1,3,It was okay. The hype around this book is a bit overstated.,2024-03-29 17:50:42,2026-08-12T13:29:33.761206,reviews.csv
2412,2167,112,3,Decent read. Not my favourite but not bad either.,2023-01-14 07:13:02,2026-08-12T13:29:33.761206,reviews.csv
194,437,5,2,Disappointed. Expected much more based on the reviews.,2024-12-31 09:23:07,2026-08-12T13:29:33.761206,reviews.csv
1890,161,1,3,"Some interesting parts, but overall felt underwhelming.",2024-01-25 18:10:47,2026-08-12T13:29:33.761206,reviews.csv
2424,2105,4,3,"Some interesting parts, but overall felt underwhelming.",2024-07-31 08:50:01,2026-08-12T13:29:33.761206,reviews.csv
4887,1981,13,3,Decent read. Not my favourite but not bad either.,2020-03-23 22:16:26,2026-08-12T13:29:33.761206,reviews.csv
4099,705,2,3,Neither great nor terrible. Passes the time.,2021-12-19 14:49:53,2026-08-12T13:29:33.761206,reviews.csv
4621,96,1,4,Mostly great. The middle section drags a bit.,2024-03-22 22:13:32,2026-08-12T13:29:33.761206,reviews.csv
5423,227,1,5,Exceeded all my expectations. Truly extraordinary.,2022-06-21 18:46:51,2026-08-12T13:29:33.761206,reviews.csv
3172,2576,5,3,Neither great nor terrible. Passes the time.,2023-03-02 19:00:25,2026-08-12T13:29:33.761206,reviews.csv
2890,2056,10,4,Liked it. The first half is stronger than the second.,2023-09-13 08:25:22,2026-08-12T13:29:33.761206,reviews.csv
1393,2245,30,5,Brilliant narrative. The characters feel genuinely real.,2022-09-09 09:29:13,2026-08-12T13:29:33.761206,reviews.csv
5553,490,12,3,Average. Had its moments but failed to really engage me.,2021-01-10 16:37:01,2026-08-12T13:29:33.761206,reviews.csv
3555,495,1,2,,2024-02-04 19:21:39,2026-08-12T13:29:33.761206,reviews.csv
5189,1760,73,3,Decent read. Not my favourite but not bad either.,2022-12-22 08:44:38,2026-08-12T13:29:33.761206,reviews.csv
4481,1861,1,3,Average. Had its moments but failed to really engage me.,2022-10-01 20:47:37,2026-08-12T13:29:33.761206,reviews.csv
394,1843,6,3,It was okay. The hype around this book is a bit overstated.,2022-03-31 00:18:00,2026-08-12T13:29:33.761206,reviews.csv
3730,2409,1,5,The writing is exceptional and the story gripped me from page one.,2020-08-01 11:42:45,2026-08-12T13:29:33.761206,reviews.csv
4133,1479,3,4,Above average. Would recommend to fans of the genre.,2024-08-29 09:42:20,2026-08-12T13:29:33.761206,reviews.csv
5181,2616,189,4,Enjoyed it quite a bit. Solid writing and interesting ideas.,2024-09-08 17:11:16,2026-08-12T13:29:33.761206,reviews.csv
2834,270,6,4,,2023-02-25 19:36:14,2026-08-12T13:29:33.761206,reviews.csv
4159,892,1,0,Disappointed. Expected much more based on the reviews.,2023-11-21 18:02:24,2026-08-12T13:29:33.761206,reviews.csv
1688,849,1,5,The writing is exceptional and the story gripped me from page one.,2024-05-06 18:22:05,2026-08-12T13:29:33.761206,reviews.csv
2949,2094,1,5,One of the best reads I have had in years. Highly recommended.,2024-05-03 13:56:49,2026-08-12T13:29:33.761206,reviews.csv
3246,2746,4,4,,2021-11-05 04:19:03,2026-08-12T13:29:33.761206,reviews.csv
4034,2211,3,3,It was okay. The hype around this book is a bit overstated.,2021-08-06 17:26:10,2026-08-12T13:29:33.761206,reviews.csv
599,861,53,5,I finished this in two sittings. Absolutely riveting.,2022-12-13 11:57:16,2026-08-12T13:29:33.761206,reviews.csv
3033,1562,4,3,Average. Had its moments but failed to really engage me.,2024-01-13 16:12:49,2026-08-12T13:29:33.761206,reviews.csv
3906,1368,2,5,Perfect blend of story and insight. Will read again.,2024-12-31 17:28:42,2026-08-12T13:29:33.761206,reviews.csv
5292,1979,2,5,One of the best reads I have had in years. Highly recommended.,2024-12-31 12:58:47,2026-08-12T13:29:33.761206,reviews.csv
1513,1262,1,4,Well-written and engaging. A few plot holes but forgivable.,2024-08-14 14:19:18,2026-08-12T13:29:33.761206,reviews.csv
2486,1115,14,4,"Good book, though the ending felt a little rushed.",2022-12-06 16:38:40,2026-08-12T13:29:33.761206,reviews.csv
2394,414,1,3,It was okay. The hype around this book is a bit overstated.,2021-12-27 18:39:11,2026-08-12T13:29:33.761206,reviews.csv
5428,872,3,4,Mostly great. The middle section drags a bit.,2024-01-11 08:55:14,2026-08-12T13:29:33.761206,reviews.csv
564,2467,4,3,Had potential but did not quite deliver on its promise.,2022-11-12 17:23:37,2026-08-12T13:29:33.761206,reviews.csv
2877,2173,27,3,Decent read. Not my favourite but not bad either.,2023-06-06 20:49:15,2026-08-12T13:29:33.761206,reviews.csv
2992,1772,2,4,Pleasant read. Nothing groundbreaking but definitely enjoyable.,2022-11-16 18:47:50,2026-08-12T13:29:33.761206,reviews.csv
4717,1555,12,5,This book changed the way I think. A must-read for everyone.,2023-05-15 08:09:31,2026-08-12T13:29:33.761206,reviews.csv
3650,2492,2,4,,2024-02-12 21:04:39,2026-08-12T13:29:33.761206,reviews.csv
2720,1145,26,3,Average. Had its moments but failed to really engage me.,2024-03-22 07:48:26,2026-08-12T13:29:33.761206,reviews.csv
4220,16,1,2,Struggled to get through it. The story meanders endlessly.,2023-08-11 20:32:30,2026-08-12T13:29:33.761206,reviews.csv
4831,1519,9,4,A very good read overall. Some chapters were slow but worth it.,2024-12-31 09:37:24,2026-08-12T13:29:33.761206,reviews.csv
5552,2223,9,4,Mostly great. The middle section drags a bit.,2024-07-09 07:06:00,2026-08-12T13:29:33.761206,reviews.csv
4986,889,78,4,Liked it. The first half is stronger than the second.,2024-12-11 20:46:19,2026-08-12T13:29:33.761206,reviews.csv
3552,2415,1,3,Had potential but did not quite deliver on its promise.,2023-12-23 17:12:16,2026-08-12T13:29:33.761206,reviews.csv
1137,627,5,3,Neither great nor terrible. Passes the time.,2023-05-10 03:03:06,2026-08-12T13:29:33.761206,reviews.csv
1051,2245,1,4,Mostly great. The middle section drags a bit.,2024-11-21 22:16:14,2026-08-12T13:29:33.761206,reviews.csv
2279,2186,1,4,A very good read overall. Some chapters were slow but worth it.,2021-07-23 09:26:26,2026-08-12T13:29:33.761206,reviews.csv
5118,502,31,4,"Good book, though the ending felt a little rushed.",2021-05-21 15:24:15,2026-08-12T13:29:33.761206,reviews.csv
2141,1463,4,3,"Mixed feelings. Good premise, mediocre execution.",2024-11-07 09:56:32,2026-08-12T13:29:33.761206,reviews.csv
2456,2529,1,5,,2024-08-21 22:19:41,2026-08-12T13:29:33.761206,reviews.csv
2675,2759,11,5,Perfect blend of story and insight. Will read again.,2021-02-16 13:58:20,2026-08-12T13:29:33.761206,reviews.csv
4577,1025,1,6,Perfect blend of story and insight. Will read again.,2021-12-06 18:50:49,2026-08-12T13:29:33.761206,reviews.csv
2270,2549,1,4,,2021-12-28 08:12:27,2026-08-12T13:29:33.761206,reviews.csv
1058,844,3,4,Pleasant read. Nothing groundbreaking but definitely enjoyable.,2024-02-28 19:36:33,2026-08-12T13:29:33.761206,reviews.csv
4910,1064,35,4,Liked it. The first half is stronger than the second.,2024-11-15 12:31:05,2026-08-12T13:29:33.761206,reviews.csv
5241,431,8,5,This book changed the way I think. A must-read for everyone.,2024-12-14 09:19:08,2026-08-12T13:29:33.761206,reviews.csv
3244,1135,1,4,Enjoyed it quite a bit. Solid writing and interesting ideas.,2024-01-24 22:57:44,2026-08-12T13:29:33.761206,reviews.csv
838,2753,2,3,Neither great nor terrible. Passes the time.,2023-11-07 17:20:23,2026-08-12T13:29:33.761206,reviews.csv
868,700,1,3,Neither great nor terrible. Passes the time.,2023-03-14 20:36:12,2026-08-12T13:29:33.761206,reviews.csv
886,1974,3,3,Average. Had its moments but failed to really engage me.,2022-08-25 16:59:10,2026-08-12T13:29:33.761206,reviews.csv
3731,456,4,2,Overrated. I did not enjoy the characters at all.,2022-09-22 12:20:34,2026-08-12T13:29:33.761206,reviews.csv
2193,754,2,3,Average. Had its moments but failed to really engage me.,2020-03-16 10:23:51,2026-08-12T13:29:33.761206,reviews.csv
3965,1874,1,5,This book changed the way I think. A must-read for everyone.,2024-01-09 11:09:00,2026-08-12T13:29:33.761206,reviews.csv
1095,1287,1,3,Decent read. Not my favourite but not bad either.,2023-08-22 06:41:52,2026-08-12T13:29:33.761206,reviews.csv
524,559,5,4,"Good book, though the ending felt a little rushed.",2021-07-01 19:22:08,2026-08-12T13:29:33.761206,reviews.csv
4160,25,3,3,Neither great nor terrible. Passes the time.,2024-08-10 08:49:19,2026-08-12T13:29:33.761206,reviews.csv
892,704,37,3,Had potential but did not quite deliver on its promise.,2024-12-25 12:42:41,2026-08-12T13:29:33.761206,reviews.csv
2072,1229,2,5,Perfect blend of story and insight. Will read again.,2023-05-10 08:40:47,2026-08-12T13:29:33.761206,reviews.csv
2660,977,36,4,Pleasant read. Nothing groundbreaking but definitely enjoyable.,2023-11-04 18:22:56,2026-08-12T13:29:33.761206,reviews.csv
1198,2568,1,-1,The writing is exceptional and the story gripped me from page one.,2024-05-15 12:06:36,2026-08-12T13:29:33.761206,reviews.csv
1339,188,2,2,The plot felt disjointed and the pacing was off throughout.,2023-06-27 16:19:24,2026-08-12T13:29:33.761206,reviews.csv
5522,477,1,4,Enjoyed it quite a bit. Solid writing and interesting ideas.,2022-03-23 21:08:30,2026-08-12T13:29:33.761206,reviews.csv
2895,2055,15,5,Beautifully written. The author's style is simply stunning.,2023-12-12 13:34:06,2026-08-12T13:29:33.761206,reviews.csv
3225,2707,1,2,The plot felt disjointed and the pacing was off throughout.,2024-12-31 08:59:40,2026-08-12T13:29:33.761206,reviews.csv
3141,321,6,2,Not for me. The writing style felt very dated.,2020-05-26 15:28:43,2026-08-12T13:29:33.761206,reviews.csv
4747,155,114,4,Pleasant read. Nothing groundbreaking but definitely enjoyable.,2024-10-13 00:47:14,2026-08-12T13:29:33.761206,reviews.csv
2543,1793,24,3,Average. Had its moments but failed to really engage me.,2023-04-13 14:58:57,2026-08-12T13:29:33.761206,reviews.csv
3518,15,3,4,A very good read overall. Some chapters were slow but worth it.,2022-11-14 07:22:52,2026-08-12T13:29:33.761206,reviews.csv
2255,1621,1,4,Above average. Would recommend to fans of the genre.,2023-08-01 20:55:48,2026-08-12T13:29:33.761206,reviews.csv
1354,2093,68,5,One of the best reads I have had in years. Highly recommended.,2024-06-14 18:19:02,2026-08-12T13:29:33.761206,reviews.csv
3126,1170,5,4,Mostly great. The middle section drags a bit.,2024-12-16 20:11:55,2026-08-12T13:29:33.761206,reviews.csv
1352,351,2,3,Decent read. Not my favourite but not bad either.,2021-09-07 11:00:31,2026-08-12T13:29:33.761206,reviews.csv
1532,2223,5,3,Average. Had its moments but failed to really engage me.,2024-06-09 07:39:23,2026-08-12T13:29:33.761206,reviews.csv
5383,1330,1,4,Enjoyed it quite a bit. Solid writing and interesting ideas.,2024-09-17 15:02:18,2026-08-12T13:29:33.761206,reviews.csv
1028,1041,8,4,"Good book, though the ending felt a little rushed.",2024-01-10 18:15:53,2026-08-12T13:29:33.761206,reviews.csv
3442,2733,1,3,,2024-05-07 11:36:28,2026-08-12T13:29:33.761206,reviews.csv
1894,2348,8,3,Average. Had its moments but failed to really engage me.,2021-05-28 12:33:29,2026-08-12T13:29:33.761206,reviews.csv
3504,2541,9,3,"Mixed feelings. Good premise, mediocre execution.",2021-01-14 17:55:21,2026-08-12T13:29:33.761206,reviews.csv
817,1835,4,3,"Mixed feelings. Good premise, mediocre execution.",2023-06-23 10:44:40,2026-08-12T13:29:33.761206,reviews.csv
2198,208,3,4,A very good read overall. Some chapters were slow but worth it.,2024-01-25 09:58:32,2026-08-12T13:29:33.761206,reviews.csv
3942,770,2,4,"Good book, though the ending felt a little rushed.",2021-03-23 00:52:00,2026-08-12T13:29:33.761206,reviews.csv
1121,2590,1,3,Neither great nor terrible. Passes the time.,2020-02-27 17:25:07,2026-08-12T13:29:33.761206,reviews.csv
13,267,1,5,Exceeded all my expectations. Truly extraordinary.,2024-04-06 22:56:44,2026-08-12T13:29:33.761206,reviews.csv
2587,2326,5,5,A masterpiece. Every chapter left me wanting more.,2024-12-26 10:05:42,2026-08-12T13:29:33.761206,reviews.csv
186,2053,2,4,"Good book, though the ending felt a little rushed.",2020-11-07 19:19:01,2026-08-12T13:29:33.761206,reviews.csv
4521,2613,5,2,Struggled to get through it. The story meanders endlessly.,2023-02-11 11:31:10,2026-08-12T13:29:33.761206,reviews.csv
455,2619,1,4,Above average. Would recommend to fans of the genre.,2024-12-04 08:59:26,2026-08-12T13:29:33.761206,reviews.csv
5320,660,3,4,Pleasant read. Nothing groundbreaking but definitely enjoyable.,2023-12-13 11:07:45,2026-08-12T13:29:33.761206,reviews.csv
5476,514,13,4,Mostly great. The middle section drags a bit.,2024-04-17 17:25:03,2026-08-12T13:29:33.761206,reviews.csv
1503,2057,2,4,Liked it. The first half is stronger than the second.,2024-03-01 08:14:59,2026-08-12T13:29:33.761206,reviews.csv
2698,627,3,4,Pleasant read. Nothing groundbreaking but definitely enjoyable.,2021-10-21 17:44:42,2026-08-12T13:29:33.761206,reviews.csv
1694,1111,1,4,Enjoyed it quite a bit. Solid writing and interesting ideas.,2024-10-05 19:24:21,2026-08-12T13:29:33.761206,reviews.csv
3152,640,9,3,It was okay. The hype around this book is a bit overstated.,2024-10-17 17:50:50,2026-08-12T13:29:33.761206,reviews.csv
3559,1186,7,4,Enjoyed it quite a bit. Solid writing and interesting ideas.,2024-01-21 13:03:55,2026-08-12T13:29:33.761206,reviews.csv
545,819,29,5,Perfect blend of story and insight. Will read again.,2023-06-18 15:43:02,2026-08-12T13:29:33.761206,reviews.csv
4975,849,2,4,Above average. Would recommend to fans of the genre.,2024-06-01 19:38:45,2026-08-12T13:29:33.761206,reviews.csv
2659,390,2,2,Not for me. The writing style felt very dated.,2022-07-26 14:28:07,2026-08-12T13:29:33.761206,reviews.csv
3318,829,9,4,"Good book, though the ending felt a little rushed.",2023-01-14 20:56:41,2026-08-12T13:29:33.761206,reviews.csv
5387,760,4,4,Liked it. The first half is stronger than the second.,2021-06-23 11:43:16,2026-08-12T13:29:33.761206,reviews.csv
3695,1499,1,5,Beautifully written. The author's style is simply stunning.,2021-04-12 12:52:32,2026-08-12T13:29:33.761206,reviews.csv
3534,344,3,3,It was okay. The hype around this book is a bit overstated.,2024-01-13 11:30:45,2026-08-12T13:29:33.761206,reviews.csv
4949,1505,10,4,Well-written and engaging. A few plot holes but forgivable.,2024-05-29 15:14:31,2026-08-12T13:29:33.761206,reviews.csv
688,93,1,5,One of the best reads I have had in years. Highly recommended.,2020-10-22 18:49:49,2026-08-12T13:29:33.761206,reviews.csv
3545,1487,2,4,"Good book, though the ending felt a little rushed.",2024-06-01 21:22:06,2026-08-12T13:29:33.761206,reviews.csv
4563,653,10,4,Above average. Would recommend to fans of the genre.,2024-02-12 19:22:23,2026-08-12T13:29:33.761206,reviews.csv
29,885,1,3,"Some interesting parts, but overall felt underwhelming.",2020-03-19 10:45:20,2026-08-12T13:29:33.761206,reviews.csv
2718,502,29,5,The writing is exceptional and the story gripped me from page one.,2020-12-15 21:12:00,2026-08-12T13:29:33.761206,reviews.csv
1679,2530,4,3,Neither great nor terrible. Passes the time.,2024-05-06 22:24:23,2026-08-12T13:29:33.761206,reviews.csv
5326,2425,8,3,Neither great nor terrible. Passes the time.,2024-10-30 13:53:33,2026-08-12T13:29:33.761206,reviews.csv
76,2399,1,5,Brilliant narrative. The characters feel genuinely real.,2023-02-08 20:30:26,2026-08-12T13:29:33.761206,reviews.csv
1595,209,2,4,Liked it. The first half is stronger than the second.,2024-09-25 11:19:11,2026-08-12T13:29:33.761206,reviews.csv
4586,1376,1,4,Pleasant read. Nothing groundbreaking but definitely enjoyable.,2024-10-23 19:36:12,2026-08-12T13:29:33.761206,reviews.csv
4267,2495,2,4,A very good read overall. Some chapters were slow but worth it.,2023-03-06 08:23:37,2026-08-12T13:29:33.761206,reviews.csv
1534,951,1,5,Exceeded all my expectations. Truly extraordinary.,2024-07-12 20:09:34,2026-08-12T13:29:33.761206,reviews.csv
3613,155,4,3,"Mixed feelings. Good premise, mediocre execution.",2024-09-18 04:55:28,2026-08-12T13:29:33.761206,reviews.csv
4223,272,4,3,,2023-05-19 18:14:59,2026-08-12T13:29:33.761206,reviews.csv
50,1132,1,4,Liked it. The first half is stronger than the second.,2023-10-09 11:25:37,2026-08-12T13:29:33.761206,reviews.csv
4698,1262,3,4,Mostly great. The middle section drags a bit.,2024-12-31 04:51:54,2026-08-12T13:29:33.761206,reviews.csv
4806,914,1,4,"Good book, though the ending felt a little rushed.",2023-10-26 06:49:23,2026-08-12T13:29:33.761206,reviews.csv
1901,948,26,5,The writing is exceptional and the story gripped me from page one.,2022-08-18 17:49:42,2026-08-12T13:29:33.761206,reviews.csv
3365,1418,7,4,Well-written and engaging. A few plot holes but forgivable.,2022-11-19 09:30:46,2026-08-12T13:29:33.761206,reviews.csv
2478,480,3,4,Pleasant read. Nothing groundbreaking but definitely enjoyable.,2023-05-31 14:59:46,2026-08-12T13:29:33.761206,reviews.csv
2237,280,1,7,A very good read overall. Some chapters were slow but worth it.,2023-01-15 17:28:26,2026-08-12T13:29:33.761206,reviews.csv
1742,1388,1,6,"Some interesting parts, but overall felt underwhelming.",2024-02-10 18:10:48,2026-08-12T13:29:33.761206,reviews.csv
4612,2328,83,5,A masterpiece. Every chapter left me wanting more.,2024-11-28 09:01:01,2026-08-12T13:29:33.761206,reviews.csv
431,384,1,4,Well-written and engaging. A few plot holes but forgivable.,2024-01-12 13:15:26,2026-08-12T13:29:33.761206,reviews.csv
3474,704,4,4,"Good book, though the ending felt a little rushed.",2024-11-17 18:16:54,2026-08-12T13:29:33.761206,reviews.csv
2559,769,2,5,One of the best reads I have had in years. Highly recommended.,2024-12-31 14:17:43,2026-08-12T13:29:33.761206,reviews.csv
5362,1014,2,4,,2023-08-31 20:21:34,2026-08-12T13:29:33.761206,reviews.csv
924,1357,1,5,Absolutely loved this book — couldn't put it down!,2023-12-28 18:29:38,2026-08-12T13:29:33.761206,reviews.csv
3674,2692,6,3,"Some interesting parts, but overall felt underwhelming.",2024-07-08 09:20:51,2026-08-12T13:29:33.761206,reviews.csv
5144,2112,8,3,It was okay. The hype around this book is a bit overstated.,2021-08-26 10:01:00,2026-08-12T13:29:33.761206,reviews.csv
3685,1028,3,4,,2021-07-03 07:48:02,2026-08-12T13:29:33.761206,reviews.csv
20,1046,1,3,Average. Had its moments but failed to really engage me.,2024-01-07 23:41:01,2026-08-12T13:29:33.761206,reviews.csv
4979,1395,1,5,A masterpiece. Every chapter left me wanting more.,2024-10-31 06:07:12,2026-08-12T13:29:33.761206,reviews.csv
5039,1656,50,5,A masterpiece. Every chapter left me wanting more.,2024-08-29 19:41:07,2026-08-12T13:29:33.761206,reviews.csv
3774,1701,23,4,,2024-12-31 09:13:53,2026-08-12T13:29:33.761206,reviews.csv
4097,418,3,4,Well-written and engaging. A few plot holes but forgivable.,2024-05-28 18:23:29,2026-08-12T13:29:33.761206,reviews.csv
4647,955,4,2,Not for me. The writing style felt very dated.,2023-10-08 14:08:38,2026-08-12T13:29:33.761206,reviews.csv
1332,1097,6,3,"Some interesting parts, but overall felt underwhelming.",2021-11-11 14:40:30,2026-08-12T13:29:33.761206,reviews.csv
4981,498,59,5,Brilliant narrative. The characters feel genuinely real.,2021-05-13 19:09:40,2026-08-12T13:29:33.761206,reviews.csv
1821,923,5,3,It was okay. The hype around this book is a bit overstated.,2023-07-18 07:52:51,2026-08-12T13:29:33.761206,reviews.csv
611,577,5,2,Struggled to get through it. The story meanders endlessly.,2024-12-19 07:15:02,2026-08-12T13:29:33.761206,reviews.csv
876,164,7,4,Pleasant read. Nothing groundbreaking but definitely enjoyable.,2024-07-10 13:00:09,2026-08-12T13:29:33.761206,reviews.csv
754,720,3,3,,2023-09-01 09:53:42,2026-08-12T13:29:33.761206,reviews.csv
1714,1021,2,3,Decent read. Not my favourite but not bad either.,2024-12-18 17:54:33,2026-08-12T13:29:33.761206,reviews.csv
2103,523,21,3,It was okay. The hype around this book is a bit overstated.,2022-03-15 17:27:04,2026-08-12T13:29:33.761206,reviews.csv
470,486,5,3,Decent read. Not my favourite but not bad either.,2024-09-13 18:24:20,2026-08-12T13:29:33.761206,reviews.csv
206,2126,2,4,Mostly great. The middle section drags a bit.,2024-11-07 12:57:46,2026-08-12T13:29:33.761206,reviews.csv
2322,864,2,4,Mostly great. The middle section drags a bit.,2022-12-19 12:41:12,2026-08-12T13:29:33.761206,reviews.csv
771,582,1,4,Above average. Would recommend to fans of the genre.,2023-10-31 16:51:29,2026-08-12T13:29:33.761206,reviews.csv
3395,1451,2,5,I finished this in two sittings. Absolutely riveting.,2023-12-05 22:57:13,2026-08-12T13:29:33.761206,reviews.csv
5465,1182,2,4,Above average. Would recommend to fans of the genre.,2024-01-16 16:57:14,2026-08-12T13:29:33.761206,reviews.csv
1869,1328,40,4,Above average. Would recommend to fans of the genre.,2024-12-31 13:42:01,2026-08-12T13:29:33.761206,reviews.csv
1672,1797,12,5,Brilliant narrative. The characters feel genuinely real.,2024-08-02 09:30:49,2026-08-12T13:29:33.761206,reviews.csv
4997,875,2,3,"Mixed feelings. Good premise, mediocre execution.",2024-05-04 14:23:01,2026-08-12T13:29:33.761206,reviews.csv
1002,739,1,5,Absolutely loved this book — couldn't put it down!,2022-08-23 18:34:36,2026-08-12T13:29:33.761206,reviews.csv
1872,2252,2,4,Mostly great. The middle section drags a bit.,2024-10-14 11:23:21,2026-08-12T13:29:33.761206,reviews.csv
2706,277,5,4,Above average. Would recommend to fans of the genre.,2023-08-31 04:36:49,2026-08-12T13:29:33.761206,reviews.csv
4935,1935,8,3,,2023-02-18 20:29:46,2026-08-12T13:29:33.761206,reviews.csv
2473,1447,7,5,,2023-08-28 08:56:15,2026-08-12T13:29:33.761206,reviews.csv
3007,2460,1,4,Liked it. The first half is stronger than the second.,2024-12-16 19:51:51,2026-08-12T13:29:33.761206,reviews.csv
4087,1047,15,5,Absolutely loved this book — couldn't put it down!,2023-11-19 16:31:29,2026-08-12T13:29:33.761206,reviews.csv
4714,1388,8,2,,2023-02-17 08:09:09,2026-08-12T13:29:33.761206,reviews.csv
5449,2315,22,3,"Mixed feelings. Good premise, mediocre execution.",2023-12-28 21:33:56,2026-08-12T13:29:33.761206,reviews.csv
1106,2112,1,3,Decent read. Not my favourite but not bad either.,2021-11-02 11:07:53,2026-08-12T13:29:33.761206,reviews.csv
3169,2444,3,4,Mostly great. The middle section drags a bit.,2023-11-29 13:51:04,2026-08-12T13:29:33.761206,reviews.csv
5131,670,4,2,Would not recommend. Too slow and the payoff was not worth it.,2024-11-02 21:49:22,2026-08-12T13:29:33.761206,reviews.csv
3180,563,24,4,Liked it. The first half is stronger than the second.,2020-07-12 00:40:17,2026-08-12T13:29:33.761206,reviews.csv
53,615,3,4,Above average. Would recommend to fans of the genre.,2024-07-20 07:21:52,2026-08-12T13:29:33.761206,reviews.csv
35,1257,1,4,Liked it. The first half is stronger than the second.,2023-09-15 10:02:58,2026-08-12T13:29:33.761206,reviews.csv
3592,1792,1,4,,2021-03-19 17:41:57,2026-08-12T13:29:33.761206,reviews.csv
1541,2372,16,3,Neither great nor terrible. Passes the time.,2024-02-19 19:36:04,2026-08-12T13:29:33.761206,reviews.csv
2701,1314,1,3,Decent read. Not my favourite but not bad either.,2021-02-21 17:04:27,2026-08-12T13:29:33.761206,reviews.csv
5397,1207,5,3,Neither great nor terrible. Passes the time.,2021-05-25 06:07:42,2026-08-12T13:29:33.761206,reviews.csv
2803,1198,2,4,Pleasant read. Nothing groundbreaking but definitely enjoyable.,2024-08-19 09:20:36,2026-08-12T13:29:33.761206,reviews.csv
2790,1260,5,3,Decent read. Not my favourite but not bad either.,2024-12-31 17:00:39,2026-08-12T13:29:33.761206,reviews.csv
1433,1405,2,5,One of the best reads I have had in years. Highly recommended.,2023-07-04 19:19:47,2026-08-12T13:29:33.761206,reviews.csv
1617,1284,1,5,A masterpiece. Every chapter left me wanting more.,2021-09-25 13:01:15,2026-08-12T13:29:33.761206,reviews.csv
193,1814,1,5,,2023-07-05 19:18:14,2026-08-12T13:29:33.761206,reviews.csv
4291,2022,2,2,Disappointed. Expected much more based on the reviews.,2023-12-14 18:38:32,2026-08-12T13:29:33.761206,reviews.csv
1432,2294,2,4,Well-written and engaging. A few plot holes but forgivable.,2023-10-04 21:55:27,2026-08-12T13:29:33.761206,reviews.csv
3851,1285,83,5,Absolutely loved this book — couldn't put it down!,2024-12-31 19:18:57,2026-08-12T13:29:33.761206,reviews.csv
809,2180,22,3,Decent read. Not my favourite but not bad either.,2023-10-06 17:43:31,2026-08-12T13:29:33.761206,reviews.csv
34,2350,19,3,It was okay. The hype around this book is a bit overstated.,2024-09-05 13:39:23,2026-08-12T13:29:33.761206,reviews.csv
1684,1031,11,5,One of the best reads I have had in years. Highly recommended.,2024-04-19 17:42:44,2026-08-12T13:29:33.761206,reviews.csv
4782,1895,4,4,Enjoyed it quite a bit. Solid writing and interesting ideas.,2023-11-23 08:24:28,2026-08-12T13:29:33.761206,reviews.csv
5363,2684,2,4,Enjoyed it quite a bit. Solid writing and interesting ideas.,2021-10-04 10:04:20,2026-08-12T13:29:33.761206,reviews.csv
87,368,5,3,"Mixed feelings. Good premise, mediocre execution.",2023-08-20 19:09:28,2026-08-12T13:29:33.761206,reviews.csv
5056,2541,5,3,Decent read. Not my favourite but not bad either.,2023-11-16 16:04:04,2026-08-12T13:29:33.761206,reviews.csv
1932,2800,3,4,,2023-07-21 20:39:12,2026-08-12T13:29:33.761206,reviews.csv
3961,2770,1,5,Beautifully written. The author's style is simply stunning.,2023-01-15 09:05:06,2026-08-12T13:29:33.761206,reviews.csv
3081,1580,30,3,,2024-12-31 16:51:15,2026-08-12T13:29:33.761206,reviews.csv
1682,2030,9,3,,2024-04-17 17:39:12,2026-08-12T13:29:33.761206,reviews.csv
5468,1369,12,4,Above average. Would recommend to fans of the genre.,2024-10-13 05:31:14,2026-08-12T13:29:33.761206,reviews.csv
3800,1571,1,5,Exceeded all my expectations. Truly extraordinary.,2024-07-08 19:18:26,2026-08-12T13:29:33.761206,reviews.csv
2754,2655,1,2,Overrated. I did not enjoy the characters at all.,2022-12-22 11:45:00,2026-08-12T13:29:33.761206,reviews.csv
704,1610,1,4,A very good read overall. Some chapters were slow but worth it.,2024-04-08 10:59:58,2026-08-12T13:29:33.761206,reviews.csv
592,2298,1,3,Average. Had its moments but failed to really engage me.,2020-11-17 08:41:17,2026-08-12T13:29:33.761206,reviews.csv
3819,2179,3,4,,2023-11-13 22:38:06,2026-08-12T13:29:33.761206,reviews.csv
2413,122,13,3,Neither great nor terrible. Passes the time.,2023-09-13 17:47:37,2026-08-12T13:29:33.761206,reviews.csv
4294,2096,1,3,"Mixed feelings. Good premise, mediocre execution.",2024-09-18 07:45:58,2026-08-12T13:29:33.761206,reviews.csv
2767,1219,28,3,It was okay. The hype around this book is a bit overstated.,2023-02-07 22:16:53,2026-08-12T13:29:33.761206,reviews.csv
2355,1165,2,3,"Mixed feelings. Good premise, mediocre execution.",2023-10-17 18:41:39,2026-08-12T13:29:33.761206,reviews.csv
4247,974,85,4,Liked it. The first half is stronger than the second.,2023-02-08 15:56:42,2026-08-12T13:29:33.761206,reviews.csv
3732,1478,3,4,"Good book, though the ending felt a little rushed.",2024-07-06 19:29:28,2026-08-12T13:29:33.761206,reviews.csv
2518,2181,99,5,Beautifully written. The author's style is simply stunning.,2024-07-05 17:01:19,2026-08-12T13:29:33.761206,reviews.csv
1038,402,4,3,"Some interesting parts, but overall felt underwhelming.",2022-01-11 15:37:24,2026-08-12T13:29:33.761206,reviews.csv
2684,1004,13,2,,2023-09-07 20:08:58,2026-08-12T13:29:33.761206,reviews.csv
2014,796,1,2,Struggled to get through it. The story meanders endlessly.,2024-11-07 21:54:18,2026-08-12T13:29:33.761206,reviews.csv
2106,960,4,2,Not for me. The writing style felt very dated.,2021-06-29 03:42:10,2026-08-12T13:29:33.761206,reviews.csv
4974,2298,2,4,,2022-10-01 21:11:57,2026-08-12T13:29:33.761206,reviews.csv
952,798,1,3,Decent read. Not my favourite but not bad either.,2020-11-22 09:52:02,2026-08-12T13:29:33.761206,reviews.csv
790,1566,2,4,"Good book, though the ending felt a little rushed.",2023-10-15 10:30:01,2026-08-12T13:29:33.761206,reviews.csv
801,666,32,3,"Mixed feelings. Good premise, mediocre execution.",2023-02-04 17:33:31,2026-08-12T13:29:33.761206,reviews.csv
5287,826,7,4,A very good read overall. Some chapters were slow but worth it.,2024-10-09 18:02:05,2026-08-12T13:29:33.761206,reviews.csv
3686,252,2,2,The plot felt disjointed and the pacing was off throughout.,2023-02-03 22:05:27,2026-08-12T13:29:33.761206,reviews.csv
5203,2679,3,3,Average. Had its moments but failed to really engage me.,2023-11-18 10:53:41,2026-08-12T13:29:33.761206,reviews.csv
5273,2625,3,5,Perfect blend of story and insight. Will read again.,2023-01-01 13:46:14,2026-08-12T13:29:33.761206,reviews.csv
1757,1750,16,3,Neither great nor terrible. Passes the time.,2022-10-04 15:26:12,2026-08-12T13:29:33.761206,reviews.csv
183,665,8,3,Neither great nor terrible. Passes the time.,2021-05-28 06:28:08,2026-08-12T13:29:33.761206,reviews.csv
288,1698,3,3,"Some interesting parts, but overall felt underwhelming.",2024-10-18 20:44:59,2026-08-12T13:29:33.761206,reviews.csv
4241,2375,6,3,Neither great nor terrible. Passes the time.,2024-08-19 08:39:09,2026-08-12T13:29:33.761206,reviews.csv
1777,1932,3,2,The plot felt disjointed and the pacing was off throughout.,2021-02-11 18:02:07,2026-08-12T13:29:33.761206,reviews.csv
2997,1792,6,2,Would not recommend. Too slow and the payoff was not worth it.,2020-11-10 07:17:00,2026-08-12T13:29:33.761206,reviews.csv
4177,1677,3,4,"Good book, though the ending felt a little rushed.",2024-11-16 18:53:15,2026-08-12T13:29:33.761206,reviews.csv
4335,2197,42,3,It was okay. The hype around this book is a bit overstated.,2023-09-26 09:23:08,2026-08-12T13:29:33.761206,reviews.csv
1142,2207,1,4,Above average. Would recommend to fans of the genre.,2024-05-29 08:54:21,2026-08-12T13:29:33.761206,reviews.csv
5165,2175,6,2,Overrated. I did not enjoy the characters at all.,2022-09-20 12:31:05,2026-08-12T13:29:33.761206,reviews.csv
3057,2615,1,2,Not for me. The writing style felt very dated.,2021-03-10 18:42:39,2026-08-12T13:29:33.761206,reviews.csv
4911,126,1,4,Above average. Would recommend to fans of the genre.,2022-06-10 11:42:13,2026-08-12T13:29:33.761206,reviews.csv
1228,740,17,5,Absolutely loved this book — couldn't put it down!,2024-08-20 11:39:41,2026-08-12T13:29:33.761206,reviews.csv
1084,256,9,4,A very good read overall. Some chapters were slow but worth it.,2022-03-22 13:18:58,2026-08-12T13:29:33.761206,reviews.csv
1671,2428,3,4,Enjoyed it quite a bit. Solid writing and interesting ideas.,2024-10-26 09:52:13,2026-08-12T13:29:33.761206,reviews.csv
3880,220,2,4,Well-written and engaging. A few plot holes but forgivable.,2023-01-10 18:06:58,2026-08-12T13:29:33.761206,reviews.csv
3677,242,9,3,Neither great nor terrible. Passes the time.,2023-12-27 18:56:43,2026-08-12T13:29:33.761206,reviews.csv
2817,1545,26,2,Overrated. I did not enjoy the characters at all.,2024-01-14 18:35:15,2026-08-12T13:29:33.761206,reviews.csv
2867,496,23,5,This book changed the way I think. A must-read for everyone.,2022-05-08 20:30:40,2026-08-12T13:29:33.761206,reviews.csv
4356,1380,52,3,Neither great nor terrible. Passes the time.,2023-05-31 19:31:51,2026-08-12T13:29:33.761206,reviews.csv
2661,2548,3,3,It was okay. The hype around this book is a bit overstated.,2021-11-11 12:45:01,2026-08-12T13:29:33.761206,reviews.csv
208,2668,1,4,"Good book, though the ending felt a little rushed.",2023-10-04 23:49:31,2026-08-12T13:29:33.761206,reviews.csv
987,98,7,4,Pleasant read. Nothing groundbreaking but definitely enjoyable.,2024-09-28 17:51:39,2026-08-12T13:29:33.761206,reviews.csv
4733,1099,2,4,Well-written and engaging. A few plot holes but forgivable.,2024-02-17 08:10:11,2026-08-12T13:29:33.761206,reviews.csv
1855,1398,2,4,Pleasant read. Nothing groundbreaking but definitely enjoyable.,2024-08-26 12:50:40,2026-08-12T13:29:33.761206,reviews.csv
4068,15,5,3,Decent read. Not my favourite but not bad either.,2024-02-20 17:19:23,2026-08-12T13:29:33.761206,reviews.csv
4482,2635,2,3,"Some interesting parts, but overall felt underwhelming.",2021-07-20 16:16:51,2026-08-12T13:29:33.761206,reviews.csv
4674,2473,1,3,"Mixed feelings. Good premise, mediocre execution.",2022-06-06 10:37:11,2026-08-12T13:29:33.761206,reviews.csv
1788,26,2,5,Absolutely loved this book — couldn't put it down!,2022-06-23 18:47:45,2026-08-12T13:29:33.761206,reviews.csv
3313,1918,2,5,A masterpiece. Every chapter left me wanting more.,2023-09-17 06:20:17,2026-08-12T13:29:33.761206,reviews.csv
945,1209,6,1,Do not waste your money on this.,2023-07-30 14:28:43,2026-08-12T13:29:33.761206,reviews.csv
5302,765,180,3,"Mixed feelings. Good premise, mediocre execution.",2024-12-31 11:25:21,2026-08-12T13:29:33.761206,reviews.csv
4976,1701,7,3,,2023-04-18 10:57:14,2026-08-12T13:29:33.761206,reviews.csv
1581,2046,1,4,Above average. Would recommend to fans of the genre.,2023-04-10 15:50:13,2026-08-12T13:29:33.761206,reviews.csv
4321,2670,2,4,Well-written and engaging. A few plot holes but forgivable.,2024-11-19 17:29:42,2026-08-12T13:29:33.761206,reviews.csv
4459,2592,1,3,Average. Had its moments but failed to really engage me.,2024-04-08 18:50:27,2026-08-12T13:29:33.761206,reviews.csv
4150,1644,1,5,Beautifully written. The author's style is simply stunning.,2021-12-05 22:22:06,2026-08-12T13:29:33.761206,reviews.csv
1614,1832,13,4,"Good book, though the ending felt a little rushed.",2024-12-11 10:32:36,2026-08-12T13:29:33.761206,reviews.csv
951,2531,35,3,It was okay. The hype around this book is a bit overstated.,2024-06-19 10:09:57,2026-08-12T13:29:33.761206,reviews.csv
3629,472,30,2,Struggled to get through it. The story meanders endlessly.,2022-08-11 13:14:51,2026-08-12T13:29:33.761206,reviews.csv
5084,147,27,5,A masterpiece. Every chapter left me wanting more.,2020-05-22 11:15:22,2026-08-12T13:29:33.761206,reviews.csv
2738,1455,5,4,Above average. Would recommend to fans of the genre.,2023-11-21 18:55:51,2026-08-12T13:29:33.761206,reviews.csv
3564,2533,1,5,One of the best reads I have had in years. Highly recommended.,2024-05-26 18:05:50,2026-08-12T13:29:33.761206,reviews.csv
5207,2466,1,4,Liked it. The first half is stronger than the second.,2024-12-06 18:27:58,2026-08-12T13:29:33.761206,reviews.csv
2421,433,3,3,"Mixed feelings. Good premise, mediocre execution.",2021-12-22 15:54:57,2026-08-12T13:29:33.761206,reviews.csv
2140,735,2,5,This book changed the way I think. A must-read for everyone.,2024-07-10 23:20:25,2026-08-12T13:29:33.761206,reviews.csv
2163,1919,1,5,This book changed the way I think. A must-read for everyone.,2020-12-03 19:07:08,2026-08-12T13:29:33.761206,reviews.csv
2397,1895,11,4,Above average. Would recommend to fans of the genre.,2024-08-08 10:28:20,2026-08-12T13:29:33.761206,reviews.csv
1798,2146,12,5,Perfect blend of story and insight. Will read again.,2021-01-04 21:45:17,2026-08-12T13:29:33.761206,reviews.csv
1153,1695,1,3,Had potential but did not quite deliver on its promise.,2024-12-31 20:09:12,2026-08-12T13:29:33.761206,reviews.csv
4065,2032,2,3,"Some interesting parts, but overall felt underwhelming.",2023-11-21 16:41:22,2026-08-12T13:29:33.761206,reviews.csv
2924,1357,30,3,"Mixed feelings. Good premise, mediocre execution.",2023-11-14 13:28:19,2026-08-12T13:29:33.761206,reviews.csv
2306,1880,17,3,Had potential but did not quite deliver on its promise.,2023-12-10 11:38:14,2026-08-12T13:29:33.761206,reviews.csv
4208,1728,68,4,A very good read overall. Some chapters were slow but worth it.,2023-01-17 18:55:50,2026-08-12T13:29:33.761206,reviews.csv
1781,205,2,4,Mostly great. The middle section drags a bit.,2024-08-05 11:56:00,2026-08-12T13:29:33.761206,reviews.csv
3618,1709,58,4,Mostly great. The middle section drags a bit.,2023-06-09 12:20:18,2026-08-12T13:29:33.761206,reviews.csv
693,982,8,3,,2022-05-10 22:20:44,2026-08-12T13:29:33.761206,reviews.csv
4594,837,1,3,"Some interesting parts, but overall felt underwhelming.",2023-10-21 01:31:10,2026-08-12T13:29:33.761206,reviews.csv
267,1168,1,4,Pleasant read. Nothing groundbreaking but definitely enjoyable.,2024-08-28 18:39:31,2026-08-12T13:29:33.761206,reviews.csv
2431,604,9,4,Above average. Would recommend to fans of the genre.,2020-10-12 19:04:18,2026-08-12T13:29:33.761206,reviews.csv
4720,2206,2,5,Exceeded all my expectations. Truly extraordinary.,2022-04-03 17:40:25,2026-08-12T13:29:33.761206,reviews.csv
932,2048,3,5,This book changed the way I think. A must-read for everyone.,2024-05-19 20:55:24,2026-08-12T13:29:33.761206,reviews.csv
1560,2122,4,2,Not for me. The writing style felt very dated.,2024-10-09 12:10:48,2026-08-12T13:29:33.761206,reviews.csv
2235,219,1,4,"Good book, though the ending felt a little rushed.",2023-11-28 18:52:13,2026-08-12T13:29:33.761206,reviews.csv
3825,895,3,3,Neither great nor terrible. Passes the time.,2024-02-11 09:47:47,2026-08-12T13:29:33.761206,reviews.csv
192,770,4,3,Neither great nor terrible. Passes the time.,2024-01-31 07:55:32,2026-08-12T13:29:33.761206,reviews.csv
1422,1991,3,2,Would not recommend. Too slow and the payoff was not worth it.,2021-10-23 03:50:07,2026-08-12T13:29:33.761206,reviews.csv
5544,2197,1,5,A masterpiece. Every chapter left me wanting more.,2023-05-17 08:40:05,2026-08-12T13:29:33.761206,reviews.csv
553,2567,1,3,Decent read. Not my favourite but not bad either.,2024-10-29 19:48:57,2026-08-12T13:29:33.761206,reviews.csv
1446,92,2,3,It was okay. The hype around this book is a bit overstated.,2023-11-29 13:52:03,2026-08-12T13:29:33.761206,reviews.csv
2724,1450,2,5,Perfect blend of story and insight. Will read again.,2024-12-13 06:45:00,2026-08-12T13:29:33.761206,reviews.csv
1144,302,4,4,"Good book, though the ending felt a little rushed.",2024-12-27 11:08:11,2026-08-12T13:29:33.761206,reviews.csv
4434,210,8,4,Above average. Would recommend to fans of the genre.,2024-03-29 22:37:54,2026-08-12T13:29:33.761206,reviews.csv
4351,2154,26,3,Average. Had its moments but failed to really engage me.,2024-02-19 19:23:35,2026-08-12T13:29:33.761206,reviews.csv
2791,2092,2,5,A masterpiece. Every chapter left me wanting more.,2022-11-03 13:40:04,2026-08-12T13:29:33.761206,reviews.csv
5113,169,1,3,Neither great nor terrible. Passes the time.,2021-02-02 10:16:28,2026-08-12T13:29:33.761206,reviews.csv
3640,2326,1,5,Absolutely loved this book — couldn't put it down!,2024-11-25 11:22:05,2026-08-12T13:29:33.761206,reviews.csv
1034,10,2,4,Well-written and engaging. A few plot holes but forgivable.,2023-09-03 23:54:20,2026-08-12T13:29:33.761206,reviews.csv
5492,2147,1,3,Decent read. Not my favourite but not bad either.,2023-04-06 12:35:56,2026-08-12T13:29:33.761206,reviews.csv
469,2148,2,5,I finished this in two sittings. Absolutely riveting.,2021-08-19 14:30:35,2026-08-12T13:29:33.761206,reviews.csv
2880,589,41,4,Liked it. The first half is stronger than the second.,2024-10-28 17:08:38,2026-08-12T13:29:33.761206,reviews.csv
2955,1275,1,4,Above average. Would recommend to fans of the genre.,2021-08-12 08:57:35,2026-08-12T13:29:33.761206,reviews.csv
4254,2005,4,4,Pleasant read. Nothing groundbreaking but definitely enjoyable.,2024-02-10 15:21:52,2026-08-12T13:29:33.761206,reviews.csv
3379,1787,2,3,,2024-05-12 17:28:18,2026-08-12T13:29:33.761206,reviews.csv
5367,1656,3,3,Had potential but did not quite deliver on its promise.,2024-10-27 19:32:12,2026-08-12T13:29:33.761206,reviews.csv
928,1482,20,3,Average. Had its moments but failed to really engage me.,2024-10-31 15:34:58,2026-08-12T13:29:33.761206,reviews.csv
377,1713,9,4,"Good book, though the ending felt a little rushed.",2021-08-19 19:09:20,2026-08-12T13:29:33.761206,reviews.csv
1125,540,1,4,Enjoyed it quite a bit. Solid writing and interesting ideas.,2024-10-19 17:37:11,2026-08-12T13:29:33.761206,reviews.csv
939,959,4,5,Brilliant narrative. The characters feel genuinely real.,2024-02-29 18:56:05,2026-08-12T13:29:33.761206,reviews.csv
999,1635,1,5,Absolutely loved this book — couldn't put it down!,2023-08-10 11:11:54,2026-08-12T13:29:33.761206,reviews.csv
1000,700,2,5,Exceeded all my expectations. Truly extraordinary.,2024-03-28 09:49:55,2026-08-12T13:29:33.761206,reviews.csv
4290,2185,60,3,"Mixed feelings. Good premise, mediocre execution.",2022-11-22 21:25:42,2026-08-12T13:29:33.761206,reviews.csv
2003,560,127,3,Had potential but did not quite deliver on its promise.,2024-11-24 10:38:58,2026-08-12T13:29:33.761206,reviews.csv
4324,416,1,5,Brilliant narrative. The characters feel genuinely real.,2024-04-16 21:20:55,2026-08-12T13:29:33.761206,reviews.csv
317,1410,2,3,Had potential but did not quite deliver on its promise.,2021-06-25 17:39:23,2026-08-12T13:29:33.761206,reviews.csv
190,1281,1,4,,2023-03-16 01:23:35,2026-08-12T13:29:33.761206,reviews.csv
5359,951,4,3,Had potential but did not quite deliver on its promise.,2024-07-30 21:40:36,2026-08-12T13:29:33.761206,reviews.csv
5534,1486,119,2,Disappointed. Expected much more based on the reviews.,2024-03-26 13:31:56,2026-08-12T13:29:33.761206,reviews.csv
4422,1973,1,4,Enjoyed it quite a bit. Solid writing and interesting ideas.,2024-02-29 11:59:08,2026-08-12T13:29:33.761206,reviews.csv
1927,1552,1,3,Decent read. Not my favourite but not bad either.,2023-07-04 08:31:03,2026-08-12T13:29:33.761206,reviews.csv
4623,900,5,3,Had potential but did not quite deliver on its promise.,2020-10-12 09:07:57,2026-08-12T13:29:33.761206,reviews.csv
2732,518,1,4,Well-written and engaging. A few plot holes but forgivable.,2024-03-31 16:15:41,2026-08-12T13:29:33.761206,reviews.csv
4039,1284,15,5,Exceeded all my expectations. Truly extraordinary.,2021-10-27 16:28:03,2026-08-12T13:29:33.761206,reviews.csv
1330,341,2,5,Absolutely loved this book — couldn't put it down!,2024-09-19 18:22:31,2026-08-12T13:29:33.761206,reviews.csv
4488,2735,4,4,Pleasant read. Nothing groundbreaking but definitely enjoyable.,2023-11-01 14:43:31,2026-08-12T13:29:33.761206,reviews.csv
858,2032,17,3,"Mixed feelings. Good premise, mediocre execution.",2024-12-02 13:09:24,2026-08-12T13:29:33.761206,reviews.csv
2723,1573,2,2,The plot felt disjointed and the pacing was off throughout.,2022-04-11 09:55:28,2026-08-12T13:29:33.761206,reviews.csv
2526,1125,134,3,"Some interesting parts, but overall felt underwhelming.",2022-11-11 20:49:52,2026-08-12T13:29:33.761206,reviews.csv
2896,2666,2,4,Mostly great. The middle section drags a bit.,2024-12-31 23:34:18,2026-08-12T13:29:33.761206,reviews.csv
4330,304,3,4,Mostly great. The middle section drags a bit.,2023-12-16 21:41:14,2026-08-12T13:29:33.761206,reviews.csv
1562,1550,2,4,Liked it. The first half is stronger than the second.,2023-03-10 00:20:48,2026-08-12T13:29:33.761206,reviews.csv
5559,61,41,4,Pleasant read. Nothing groundbreaking but definitely enjoyable.,2024-06-08 06:48:06,2026-08-12T13:29:33.761206,reviews.csv
3199,415,1,5,This book changed the way I think. A must-read for everyone.,2023-12-07 15:12:34,2026-08-12T13:29:33.761206,reviews.csv
1706,1893,3,5,Absolutely loved this book — couldn't put it down!,2022-10-13 20:40:31,2026-08-12T13:29:33.761206,reviews.csv
1705,246,6,4,Enjoyed it quite a bit. Solid writing and interesting ideas.,2024-09-30 11:50:22,2026-08-12T13:29:33.761206,reviews.csv
4477,2104,1,4,Liked it. The first half is stronger than the second.,2024-09-13 01:37:13,2026-08-12T13:29:33.761206,reviews.csv
1424,2359,1,4,Enjoyed it quite a bit. Solid writing and interesting ideas.,2022-11-09 12:53:11,2026-08-12T13:29:33.761206,reviews.csv
970,2121,1,4,Mostly great. The middle section drags a bit.,2024-01-04 14:25:48,2026-08-12T13:29:33.761206,reviews.csv
1322,719,3,0,Enjoyed it quite a bit. Solid writing and interesting ideas.,2023-12-26 15:27:38,2026-08-12T13:29:33.761206,reviews.csv
5350,1944,10,4,Pleasant read. Nothing groundbreaking but definitely enjoyable.,2023-08-25 11:04:31,2026-08-12T13:29:33.761206,reviews.csv
3237,1842,3,5,Exceeded all my expectations. Truly extraordinary.,2024-06-06 08:01:16,2026-08-12T13:29:33.761206,reviews.csv
759,730,1,5,I finished this in two sittings. Absolutely riveting.,2024-01-03 16:19:28,2026-08-12T13:29:33.761206,reviews.csv
1964,18,16,5,Exceeded all my expectations. Truly extraordinary.,2023-12-05 22:17:20,2026-08-12T13:29:33.761206,reviews.csv
979,163,1,4,Well-written and engaging. A few plot holes but forgivable.,2021-10-01 14:57:29,2026-08-12T13:29:33.761206,reviews.csv
2339,2554,9,4,Liked it. The first half is stronger than the second.,2022-03-11 18:57:59,2026-08-12T13:29:33.761206,reviews.csv
5357,651,1,3,"Some interesting parts, but overall felt underwhelming.",2024-06-06 10:31:28,2026-08-12T13:29:33.761206,reviews.csv
459,2622,8,4,Pleasant read. Nothing groundbreaking but definitely enjoyable.,2024-01-23 21:59:58,2026-08-12T13:29:33.761206,reviews.csv
58,2059,2,5,One of the best reads I have had in years. Highly recommended.,2022-10-28 23:12:47,2026-08-12T13:29:33.761206,reviews.csv
5526,1412,15,4,A very good read overall. Some chapters were slow but worth it.,2024-07-03 07:36:10,2026-08-12T13:29:33.761206,reviews.csv
4871,918,1,3,"Mixed feelings. Good premise, mediocre execution.",2022-11-21 13:25:45,2026-08-12T13:29:33.761206,reviews.csv
1461,1705,40,3,Neither great nor terrible. Passes the time.,2024-11-02 15:00:44,2026-08-12T13:29:33.761206,reviews.csv
4762,2074,80,4,Liked it. The first half is stronger than the second.,2024-05-20 11:39:58,2026-08-12T13:29:33.761206,reviews.csv
1123,824,9,4,Well-written and engaging. A few plot holes but forgivable.,2023-12-27 12:40:14,2026-08-12T13:29:33.761206,reviews.csv
3291,2057,53,4,Pleasant read. Nothing groundbreaking but definitely enjoyable.,2021-04-25 14:47:11,2026-08-12T13:29:33.761206,reviews.csv
1278,1390,9,4,Liked it. The first half is stronger than the second.,2024-11-19 14:24:06,2026-08-12T13:29:33.761206,reviews.csv
1840,316,3,3,Had potential but did not quite deliver on its promise.,2024-01-11 16:34:18,2026-08-12T13:29:33.761206,reviews.csv
2844,1305,3,2,The plot felt disjointed and the pacing was off throughout.,2023-11-17 00:52:12,2026-08-12T13:29:33.761206,reviews.csv
2201,737,6,3,"Mixed feelings. Good premise, mediocre execution.",2021-08-10 20:36:14,2026-08-12T13:29:33.761206,reviews.csv
1579,1133,2,5,Beautifully written. The author's style is simply stunning.,2024-01-02 14:05:52,2026-08-12T13:29:33.761206,reviews.csv
2233,1690,3,4,A very good read overall. Some chapters were slow but worth it.,2024-09-07 11:08:44,2026-08-12T13:29:33.761206,reviews.csv
4966,1941,102,1,One of the worst books I have read. No coherent plot.,2024-11-24 10:18:00,2026-08-12T13:29:33.761206,reviews.csv
2699,683,4,3,It was okay. The hype around this book is a bit overstated.,2022-03-14 19:28:04,2026-08-12T13:29:33.761206,reviews.csv
2361,370,1,3,,2024-11-14 20:24:18,2026-08-12T13:29:33.761206,reviews.csv
4182,1887,7,4,"Good book, though the ending felt a little rushed.",2024-11-07 07:52:16,2026-08-12T13:29:33.761206,reviews.csv
4958,2425,30,3,It was okay. The hype around this book is a bit overstated.,2022-12-19 17:47:29,2026-08-12T13:29:33.761206,reviews.csv
5216,348,4,6,Pleasant read. Nothing groundbreaking but definitely enjoyable.,2023-04-20 19:08:42,2026-08-12T13:29:33.761206,reviews.csv
994,737,3,3,It was okay. The hype around this book is a bit overstated.,2022-07-27 07:50:45,2026-08-12T13:29:33.761206,reviews.csv
1880,2571,26,4,Enjoyed it quite a bit. Solid writing and interesting ideas.,2022-07-14 08:14:30,2026-08-12T13:29:33.761206,reviews.csv
4064,2087,1,4,Well-written and engaging. A few plot holes but forgivable.,2022-01-31 17:01:17,2026-08-12T13:29:33.761206,reviews.csv
5262,613,4,3,It was okay. The hype around this book is a bit overstated.,2022-12-29 19:01:07,2026-08-12T13:29:33.761206,reviews.csv
4472,111,13,3,,2024-06-08 20:36:24,2026-08-12T13:29:33.761206,reviews.csv
218,1135,6,3,Decent read. Not my favourite but not bad either.,2024-11-04 21:27:26,2026-08-12T13:29:33.761206,reviews.csv
3857,751,1,3,"Mixed feelings. Good premise, mediocre execution.",2024-10-21 08:24:34,2026-08-12T13:29:33.761206,reviews.csv
3167,180,75,4,Above average. Would recommend to fans of the genre.,2024-12-31 19:50:31,2026-08-12T13:29:33.761206,reviews.csv
2249,556,22,4,"Good book, though the ending felt a little rushed.",2022-12-09 17:09:07,2026-08-12T13:29:33.761206,reviews.csv
5187,2113,6,3,Average. Had its moments but failed to really engage me.,2021-06-15 22:08:04,2026-08-12T13:29:33.761206,reviews.csv
1317,2196,8,4,Mostly great. The middle section drags a bit.,2024-10-23 07:46:34,2026-08-12T13:29:33.761206,reviews.csv
4777,1200,2,5,Exceeded all my expectations. Truly extraordinary.,2021-09-21 11:56:12,2026-08-12T13:29:33.761206,reviews.csv
5430,2011,37,3,Decent read. Not my favourite but not bad either.,2022-11-16 22:23:05,2026-08-12T13:29:33.761206,reviews.csv
1728,2429,10,4,Pleasant read. Nothing groundbreaking but definitely enjoyable.,2024-11-14 20:18:39,2026-08-12T13:29:33.761206,reviews.csv
3189,2070,2,4,,2022-05-19 21:32:17,2026-08-12T13:29:33.761206,reviews.csv
4198,168,1,4,"Good book, though the ending felt a little rushed.",2023-10-27 08:21:44,2026-08-12T13:29:33.761206,reviews.csv
2648,2074,1,4,Above average. Would recommend to fans of the genre.,2024-06-20 16:04:46,2026-08-12T13:29:33.761206,reviews.csv
1103,834,1,5,A masterpiece. Every chapter left me wanting more.,2023-03-05 08:26:09,2026-08-12T13:29:33.761206,reviews.csv
1396,622,4,3,Decent read. Not my favourite but not bad either.,2023-09-25 08:10:00,2026-08-12T13:29:33.761206,reviews.csv
4642,1600,1,4,,2024-06-13 15:37:46,2026-08-12T13:29:33.761206,reviews.csv
1057,265,10,4,"Good book, though the ending felt a little rushed.",2021-06-06 14:46:52,2026-08-12T13:29:33.761206,reviews.csv
4694,1707,17,4,"Good book, though the ending felt a little rushed.",2024-07-05 12:09:01,2026-08-12T13:29:33.761206,reviews.csv
3918,1372,1,3,It was okay. The hype around this book is a bit overstated.,2023-05-10 17:35:23,2026-08-12T13:29:33.761206,reviews.csv
4057,2158,2,4,"Good book, though the ending felt a little rushed.",2021-02-05 12:12:20,2026-08-12T13:29:33.761206,reviews.csv
485,1649,3,4,Above average. Would recommend to fans of the genre.,2022-04-16 20:25:53,2026-08-12T13:29:33.761206,reviews.csv
4062,1976,1,4,Enjoyed it quite a bit. Solid writing and interesting ideas.,2022-06-22 18:46:03,2026-08-12T13:29:33.761206,reviews.csv
1551,2175,1,3,Decent read. Not my favourite but not bad either.,2021-10-26 12:02:25,2026-08-12T13:29:33.761206,reviews.csv
1006,1087,1,5,Absolutely loved this book — couldn't put it down!,2024-12-11 11:21:46,2026-08-12T13:29:33.761206,reviews.csv
2143,643,1,3,,2021-09-03 16:46:58,2026-08-12T13:29:33.761206,reviews.csv
1284,2163,1,4,Above average. Would recommend to fans of the genre.,2024-08-13 18:11:52,2026-08-12T13:29:33.761206,reviews.csv
2041,1732,4,4,Enjoyed it quite a bit. Solid writing and interesting ideas.,2024-05-03 12:30:26,2026-08-12T13:29:33.761206,reviews.csv
1749,2560,3,3,Neither great nor terrible. Passes the time.,2024-09-20 13:03:53,2026-08-12T13:29:33.761206,reviews.csv
3473,2662,5,5,Exceeded all my expectations. Truly extraordinary.,2023-07-27 21:58:25,2026-08-12T13:29:33.761206,reviews.csv
2346,1901,10,4,"Good book, though the ending felt a little rushed.",2023-10-17 19:51:43,2026-08-12T13:29:33.761206,reviews.csv
4452,1638,4,4,Enjoyed it quite a bit. Solid writing and interesting ideas.,2024-11-15 16:36:50,2026-08-12T13:29:33.761206,reviews.csv
4080,1325,41,5,The writing is exceptional and the story gripped me from page one.,2022-10-15 17:36:40,2026-08-12T13:29:33.761206,reviews.csv
407,997,6,2,Overrated. I did not enjoy the characters at all.,2023-09-30 20:23:49,2026-08-12T13:29:33.761206,reviews.csv
4681,1293,1,3,Average. Had its moments but failed to really engage me.,2024-12-02 20:21:56,2026-08-12T13:29:33.761206,reviews.csv
1698,1602,3,4,Enjoyed it quite a bit. Solid writing and interesting ideas.,2022-03-17 14:12:09,2026-08-12T13:29:33.761206,reviews.csv
4701,1979,29,5,I finished this in two sittings. Absolutely riveting.,2021-11-03 11:52:25,2026-08-12T13:29:33.761206,reviews.csv
2595,2365,1,3,Neither great nor terrible. Passes the time.,2024-11-20 17:10:30,2026-08-12T13:29:33.761206,reviews.csv
188,331,10,3,Neither great nor terrible. Passes the time.,2024-07-05 13:25:39,2026-08-12T13:29:33.761206,reviews.csv
645,1774,1,3,"Some interesting parts, but overall felt underwhelming.",2020-08-12 19:13:39,2026-08-12T13:29:33.761206,reviews.csv
2772,2399,5,4,Enjoyed it quite a bit. Solid writing and interesting ideas.,2021-03-29 16:55:32,2026-08-12T13:29:33.761206,reviews.csv
1770,898,1,3,"Mixed feelings. Good premise, mediocre execution.",2022-06-08 13:59:07,2026-08-12T13:29:33.761206,reviews.csv
4662,1455,105,5,Exceeded all my expectations. Truly extraordinary.,2024-06-13 18:20:10,2026-08-12T13:29:33.761206,reviews.csv
4813,1624,6,4,Enjoyed it quite a bit. Solid writing and interesting ideas.,2024-09-11 18:24:57,2026-08-12T13:29:33.761206,reviews.csv
3374,2283,68,2,Overrated. I did not enjoy the characters at all.,2023-11-28 15:20:50,2026-08-12T13:29:33.761206,reviews.csv
5,1071,3,3,Neither great nor terrible. Passes the time.,2024-11-06 13:06:45,2026-08-12T13:29:33.761206,reviews.csv
203,268,1,3,Had potential but did not quite deliver on its promise.,2024-10-28 20:27:39,2026-08-12T13:29:33.761206,reviews.csv
3664,1832,6,2,,2021-12-02 22:44:48,2026-08-12T13:29:33.761206,reviews.csv
3480,351,1,4,"Good book, though the ending felt a little rushed.",2024-03-25 16:51:49,2026-08-12T13:29:33.761206,reviews.csv
4948,2667,123,4,"Good book, though the ending felt a little rushed.",2024-09-27 20:34:00,2026-08-12T13:29:33.761206,reviews.csv
5591,230,3,5,I finished this in two sittings. Absolutely riveting.,2023-11-12 17:45:23,2026-08-12T13:29:33.761206,reviews.csv
589,2685,4,5,Perfect blend of story and insight. Will read again.,2023-05-11 23:22:13,2026-08-12T13:29:33.761206,reviews.csv
3475,877,8,4,"Good book, though the ending felt a little rushed.",2022-07-08 12:52:47,2026-08-12T13:29:33.761206,reviews.csv
2399,663,4,2,Would not recommend. Too slow and the payoff was not worth it.,2023-09-19 21:18:08,2026-08-12T13:29:33.761206,reviews.csv
568,107,8,4,"Good book, though the ending felt a little rushed.",2024-06-21 08:00:18,2026-08-12T13:29:33.761206,reviews.csv
1496,2439,1,3,"Mixed feelings. Good premise, mediocre execution.",2024-08-13 19:47:26,2026-08-12T13:29:33.761206,reviews.csv
1986,509,3,3,Average. Had its moments but failed to really engage me.,2022-12-19 17:52:05,2026-08-12T13:29:33.761206,reviews.csv
2354,1898,1,3,It was okay. The hype around this book is a bit overstated.,2022-01-19 08:18:29,2026-08-12T13:29:33.761206,reviews.csv
5474,1745,53,5,Exceeded all my expectations. Truly extraordinary.,2024-05-05 15:20:43,2026-08-12T13:29:33.761206,reviews.csv
5074,1700,56,5,Absolutely loved this book — couldn't put it down!,2024-12-31 08:23:29,2026-08-12T13:29:33.761206,reviews.csv
5126,148,1,5,This book changed the way I think. A must-read for everyone.,2023-08-15 19:54:19,2026-08-12T13:29:33.761206,reviews.csv
486,1436,3,4,A very good read overall. Some chapters were slow but worth it.,2020-11-06 11:07:17,2026-08-12T13:29:33.761206,reviews.csv
2222,1882,17,3,Decent read. Not my favourite but not bad either.,2023-12-18 12:56:15,2026-08-12T13:29:33.761206,reviews.csv
555,2539,4,2,Would not recommend. Too slow and the payoff was not worth it.,2024-10-27 14:04:30,2026-08-12T13:29:33.761206,reviews.csv
4699,735,3,4,Enjoyed it quite a bit. Solid writing and interesting ideas.,2024-11-11 13:29:26,2026-08-12T13:29:33.761206,reviews.csv
282,2307,2,5,This book changed the way I think. A must-read for everyone.,2021-03-14 15:09:32,2026-08-12T13:29:33.761206,reviews.csv
3750,978,15,5,Exceeded all my expectations. Truly extraordinary.,2024-09-14 16:31:19,2026-08-12T13:29:33.761206,reviews.csv
1582,2269,2,4,Above average. Would recommend to fans of the genre.,2024-10-21 19:56:35,2026-08-12T13:29:33.761206,reviews.csv
1972,364,3,4,Above average. Would recommend to fans of the genre.,2023-02-26 07:34:25,2026-08-12T13:29:33.761206,reviews.csv
23,1508,5,0,Not for me. The writing style felt very dated.,2021-04-18 06:59:07,2026-08-12T13:29:33.761206,reviews.csv
745,2501,6,3,Average. Had its moments but failed to really engage me.,2023-10-14 19:37:24,2026-08-12T13:29:33.761206,reviews.csv
3101,2163,2,4,A very good read overall. Some chapters were slow but worth it.,2024-04-28 17:12:42,2026-08-12T13:29:33.761206,reviews.csv
684,362,1,5,I finished this in two sittings. Absolutely riveting.,2023-01-24 15:47:29,2026-08-12T13:29:33.761206,reviews.csv
1350,825,5,4,Mostly great. The middle section drags a bit.,2024-08-27 18:40:30,2026-08-12T13:29:33.761206,reviews.csv
1808,1193,29,4,Liked it. The first half is stronger than the second.,2023-09-21 14:08:14,2026-08-12T13:29:33.761206,reviews.csv
4867,2312,1,4,Mostly great. The middle section drags a bit.,2023-10-15 16:49:45,2026-08-12T13:29:33.761206,reviews.csv
3839,926,8,3,"Some interesting parts, but overall felt underwhelming.",2023-08-02 17:32:14,2026-08-12T13:29:33.761206,reviews.csv
3661,2530,1,5,A masterpiece. Every chapter left me wanting more.,2024-07-24 11:24:31,2026-08-12T13:29:33.761206,reviews.csv
2243,772,2,5,Exceeded all my expectations. Truly extraordinary.,2024-05-11 12:31:18,2026-08-12T13:29:33.761206,reviews.csv
4741,528,2,3,It was okay. The hype around this book is a bit overstated.,2023-06-05 13:34:17,2026-08-12T13:29:33.761206,reviews.csv
5031,736,6,4,Pleasant read. Nothing groundbreaking but definitely enjoyable.,2023-11-26 21:20:31,2026-08-12T13:29:33.761206,reviews.csv
3053,1440,6,2,Overrated. I did not enjoy the characters at all.,2024-02-11 09:39:46,2026-08-12T13:29:33.761206,reviews.csv
3720,1316,7,5,I finished this in two sittings. Absolutely riveting.,2022-05-13 11:02:27,2026-08-12T13:29:33.761206,reviews.csv
2739,2146,70,5,Perfect blend of story and insight. Will read again.,2023-10-20 20:50:02,2026-08-12T13:29:33.761206,reviews.csv
298,181,13,3,,2024-06-09 11:53:13,2026-08-12T13:29:33.761206,reviews.csv
1378,2723,1,5,,2023-02-17 12:10:18,2026-08-12T13:29:33.761206,reviews.csv
898,611,1,5,Brilliant narrative. The characters feel genuinely real.,2024-10-25 17:55:23,2026-08-12T13:29:33.761206,reviews.csv
5301,195,2,5,Absolutely loved this book — couldn't put it down!,2023-12-24 12:43:54,2026-08-12T13:29:33.761206,reviews.csv
3900,1778,1,4,"Good book, though the ending felt a little rushed.",2024-05-10 17:04:07,2026-08-12T13:29:33.761206,reviews.csv
5024,28,4,2,The plot felt disjointed and the pacing was off throughout.,2024-08-24 18:52:02,2026-08-12T13:29:33.761206,reviews.csv
3229,1810,1,4,Liked it. The first half is stronger than the second.,2021-07-12 08:40:17,2026-08-12T13:29:33.761206,reviews.csv
1403,641,1,3,Neither great nor terrible. Passes the time.,2021-12-05 09:18:15,2026-08-12T13:29:33.761206,reviews.csv
616,857,1,4,Enjoyed it quite a bit. Solid writing and interesting ideas.,2024-05-08 14:52:35,2026-08-12T13:29:33.761206,reviews.csv
3090,323,8,4,A very good read overall. Some chapters were slow but worth it.,2023-07-21 08:48:07,2026-08-12T13:29:33.761206,reviews.csv
4509,1697,14,5,A masterpiece. Every chapter left me wanting more.,2021-03-09 17:00:03,2026-08-12T13:29:33.761206,reviews.csv
2060,359,1,4,A very good read overall. Some chapters were slow but worth it.,2024-12-31 18:48:52,2026-08-12T13:29:33.761206,reviews.csv
5469,582,2,4,Well-written and engaging. A few plot holes but forgivable.,2023-09-16 19:59:08,2026-08-12T13:29:33.761206,reviews.csv
2574,1640,2,3,"Some interesting parts, but overall felt underwhelming.",2022-08-06 20:34:21,2026-08-12T13:29:33.761206,reviews.csv
749,1152,13,4,A very good read overall. Some chapters were slow but worth it.,2023-04-18 06:07:03,2026-08-12T13:29:33.761206,reviews.csv
2923,1889,6,1,Gave up halfway. The writing is unbearable.,2022-04-03 21:40:54,2026-08-12T13:29:33.761206,reviews.csv
835,2030,56,4,A very good read overall. Some chapters were slow but worth it.,2023-08-11 07:12:16,2026-08-12T13:29:33.761206,reviews.csv
4364,602,59,3,,2020-10-04 18:05:10,2026-08-12T13:29:33.761206,reviews.csv
150,2635,1,3,Had potential but did not quite deliver on its promise.,2024-08-04 10:10:09,2026-08-12T13:29:33.761206,reviews.csv
3466,1900,3,3,"Mixed feelings. Good premise, mediocre execution.",2021-04-11 07:19:23,2026-08-12T13:29:33.761206,reviews.csv
4021,2498,1,4,A very good read overall. Some chapters were slow but worth it.,2023-05-16 14:16:03,2026-08-12T13:29:33.761206,reviews.csv
5096,2676,5,5,Exceeded all my expectations. Truly extraordinary.,2024-08-06 14:58:22,2026-08-12T13:29:33.761206,reviews.csv
2064,1578,1,3,"Mixed feelings. Good premise, mediocre execution.",2023-08-08 12:29:50,2026-08-12T13:29:33.761206,reviews.csv
2932,818,3,7,It was okay. The hype around this book is a bit overstated.,2024-02-15 17:47:24,2026-08-12T13:29:33.761206,reviews.csv
752,883,68,5,,2024-03-05 13:04:39,2026-08-12T13:29:33.761206,reviews.csv
4657,1580,2,3,Neither great nor terrible. Passes the time.,2024-10-16 09:35:31,2026-08-12T13:29:33.761206,reviews.csv
2357,971,23,4,Well-written and engaging. A few plot holes but forgivable.,2023-09-15 11:19:27,2026-08-12T13:29:33.761206,reviews.csv
2030,2379,1,3,Average. Had its moments but failed to really engage me.,2024-11-02 23:45:58,2026-08-12T13:29:33.761206,reviews.csv
4696,2204,1,4,Enjoyed it quite a bit. Solid writing and interesting ideas.,2023-07-30 11:21:13,2026-08-12T13:29:33.761206,reviews.csv
3842,554,1,4,,2024-01-20 08:58:52,2026-08-12T13:29:33.761206,reviews.csv
3528,326,7,4,Well-written and engaging. A few plot holes but forgivable.,2023-11-12 16:56:51,2026-08-12T13:29:33.761206,reviews.csv
721,479,3,4,A very good read overall. Some chapters were slow but worth it.,2022-08-04 14:43:25,2026-08-12T13:29:33.761206,reviews.csv
408,2665,11,3,"Mixed feelings. Good premise, mediocre execution.",2023-03-17 17:00:33,2026-08-12T13:29:33.761206,reviews.csv
2096,163,2,4,Liked it. The first half is stronger than the second.,2023-12-22 06:55:14,2026-08-12T13:29:33.761206,reviews.csv
1675,348,2,3,"Some interesting parts, but overall felt underwhelming.",2023-10-22 17:58:33,2026-08-12T13:29:33.761206,reviews.csv
1474,1131,2,5,The writing is exceptional and the story gripped me from page one.,2024-05-06 10:54:13,2026-08-12T13:29:33.761206,reviews.csv
2616,2275,1,3,Average. Had its moments but failed to really engage me.,2023-12-26 07:41:37,2026-08-12T13:29:33.761206,reviews.csv
4,758,4,3,Had potential but did not quite deliver on its promise.,2021-11-22 21:31:27,2026-08-12T13:29:33.761206,reviews.csv
2303,2101,11,5,Absolutely loved this book — couldn't put it down!,2022-02-11 20:19:32,2026-08-12T13:29:33.761206,reviews.csv
1919,1422,1,4,Mostly great. The middle section drags a bit.,2024-10-27 00:18:41,2026-08-12T13:29:33.761206,reviews.csv
4771,1133,16,3,Neither great nor terrible. Passes the time.,2021-04-29 15:56:31,2026-08-12T13:29:33.761206,reviews.csv
2168,654,7,4,,2021-10-08 09:05:52,2026-08-12T13:29:33.761206,reviews.csv
4909,434,2,3,Decent read. Not my favourite but not bad either.,2022-08-24 10:35:33,2026-08-12T13:29:33.761206,reviews.csv
4444,548,1,5,Perfect blend of story and insight. Will read again.,2023-11-27 11:34:44,2026-08-12T13:29:33.761206,reviews.csv
3699,1879,1,4,Above average. Would recommend to fans of the genre.,2023-07-26 15:01:25,2026-08-12T13:29:33.761206,reviews.csv
5349,471,10,2,The plot felt disjointed and the pacing was off throughout.,2022-10-20 19:48:46,2026-08-12T13:29:33.761206,reviews.csv
1857,723,10,3,Average. Had its moments but failed to really engage me.,2024-10-07 05:39:57,2026-08-12T13:29:33.761206,reviews.csv
1689,1575,2,4,Well-written and engaging. A few plot holes but forgivable.,2023-10-27 19:31:20,2026-08-12T13:29:33.761206,reviews.csv
772,1060,57,3,Average. Had its moments but failed to really engage me.,2022-03-17 23:56:32,2026-08-12T13:29:33.761206,reviews.csv
1151,2332,6,4,Well-written and engaging. A few plot holes but forgivable.,2024-08-03 09:49:28,2026-08-12T13:29:33.761206,reviews.csv
3572,1481,2,3,"Some interesting parts, but overall felt underwhelming.",2024-07-20 09:09:36,2026-08-12T13:29:33.761206,reviews.csv
3340,2416,2,5,One of the best reads I have had in years. Highly recommended.,2024-07-17 00:47:33,2026-08-12T13:29:33.761206,reviews.csv
3541,708,78,4,"Good book, though the ending felt a little rushed.",2024-08-09 22:00:04,2026-08-12T13:29:33.761206,reviews.csv
2012,1221,2,4,"Good book, though the ending felt a little rushed.",2024-07-31 17:15:04,2026-08-12T13:29:33.761206,reviews.csv
293,716,1,4,Well-written and engaging. A few plot holes but forgivable.,2023-01-09 16:58:36,2026-08-12T13:29:33.761206,reviews.csv
5505,984,4,4,A very good read overall. Some chapters were slow but worth it.,2023-06-18 14:40:03,2026-08-12T13:29:33.761206,reviews.csv
3069,1425,8,3,Average. Had its moments but failed to really engage me.,2021-06-13 20:23:32,2026-08-12T13:29:33.761206,reviews.csv
538,1168,9,2,Disappointed. Expected much more based on the reviews.,2024-11-15 19:55:19,2026-08-12T13:29:33.761206,reviews.csv
657,1040,1,7,Well-written and engaging. A few plot holes but forgivable.,2024-08-30 21:36:51,2026-08-12T13:29:33.761206,reviews.csv
1486,1024,1,2,Overrated. I did not enjoy the characters at all.,2023-06-28 18:11:11,2026-08-12T13:29:33.761206,reviews.csv
2416,144,6,3,Had potential but did not quite deliver on its promise.,2021-09-21 07:33:51,2026-08-12T13:29:33.761206,reviews.csv
384,49,7,3,It was okay. The hype around this book is a bit overstated.,2023-10-17 17:14:16,2026-08-12T13:29:33.761206,reviews.csv
5137,474,17,4,Enjoyed it quite a bit. Solid writing and interesting ideas.,2024-11-04 17:21:51,2026-08-12T13:29:33.761206,reviews.csv
4661,1626,14,5,Exceeded all my expectations. Truly extraordinary.,2023-01-01 10:40:53,2026-08-12T13:29:33.761206,reviews.csv
2338,1320,1,4,Pleasant read. Nothing groundbreaking but definitely enjoyable.,2024-12-06 09:03:25,2026-08-12T13:29:33.761206,reviews.csv
1666,2172,1,4,Well-written and engaging. A few plot holes but forgivable.,2020-12-18 18:55:51,2026-08-12T13:29:33.761206,reviews.csv
1037,253,1,4,Mostly great. The middle section drags a bit.,2023-12-01 08:32:40,2026-08-12T13:29:33.761206,reviews.csv
4799,748,9,3,Neither great nor terrible. Passes the time.,2022-12-05 06:14:45,2026-08-12T13:29:33.761206,reviews.csv
4961,40,104,3,Neither great nor terrible. Passes the time.,2023-12-21 20:02:44,2026-08-12T13:29:33.761206,reviews.csv
4413,729,8,3,Neither great nor terrible. Passes the time.,2024-11-29 07:44:47,2026-08-12T13:29:33.761206,reviews.csv
2722,1499,9,3,Neither great nor terrible. Passes the time.,2022-05-19 14:36:30,2026-08-12T13:29:33.761206,reviews.csv
5021,1332,1,2,Struggled to get through it. The story meanders endlessly.,2021-12-26 16:52:43,2026-08-12T13:29:33.761206,reviews.csv
3739,2485,6,0,Enjoyed it quite a bit. Solid writing and interesting ideas.,2021-01-25 04:00:50,2026-08-12T13:29:33.761206,reviews.csv
2916,1705,2,5,Beautifully written. The author's style is simply stunning.,2020-06-30 08:48:15,2026-08-12T13:29:33.761206,reviews.csv
3349,1832,35,3,It was okay. The hype around this book is a bit overstated.,2024-05-26 04:18:48,2026-08-12T13:29:33.761206,reviews.csv
690,2751,1,4,Above average. Would recommend to fans of the genre.,2023-12-31 19:04:03,2026-08-12T13:29:33.761206,reviews.csv
2599,61,6,4,Above average. Would recommend to fans of the genre.,2023-08-08 14:32:14,2026-08-12T13:29:33.761206,reviews.csv
3368,240,1,4,Liked it. The first half is stronger than the second.,2024-06-27 16:45:16,2026-08-12T13:29:33.761206,reviews.csv
3711,2723,49,0,Neither great nor terrible. Passes the time.,2024-07-04 19:07:21,2026-08-12T13:29:33.761206,reviews.csv
4347,872,2,4,A very good read overall. Some chapters were slow but worth it.,2023-07-01 12:46:23,2026-08-12T13:29:33.761206,reviews.csv
4040,2036,49,2,Struggled to get through it. The story meanders endlessly.,2020-03-09 17:13:06,2026-08-12T13:29:33.761206,reviews.csv
2114,462,4,4,"Good book, though the ending felt a little rushed.",2024-12-04 13:06:55,2026-08-12T13:29:33.761206,reviews.csv
1924,297,2,4,,2024-12-31 16:56:17,2026-08-12T13:29:33.761206,reviews.csv
1745,2627,1,3,Average. Had its moments but failed to really engage me.,2023-09-08 20:51:03,2026-08-12T13:29:33.761206,reviews.csv
1771,230,1,4,"Good book, though the ending felt a little rushed.",2023-08-16 17:13:09,2026-08-12T13:29:33.761206,reviews.csv
742,63,3,2,Not for me. The writing style felt very dated.,2022-07-30 05:40:08,2026-08-12T13:29:33.761206,reviews.csv
3622,1308,2,4,A very good read overall. Some chapters were slow but worth it.,2023-10-30 12:11:54,2026-08-12T13:29:33.761206,reviews.csv
3639,310,23,3,Had potential but did not quite deliver on its promise.,2024-01-13 22:37:34,2026-08-12T13:29:33.761206,reviews.csv
867,2298,13,5,The writing is exceptional and the story gripped me from page one.,2021-10-03 04:44:36,2026-08-12T13:29:33.761206,reviews.csv
130,1833,1,3,It was okay. The hype around this book is a bit overstated.,2021-07-28 13:46:33,2026-08-12T13:29:33.761206,reviews.csv
1192,2228,1,4,,2024-10-21 23:01:14,2026-08-12T13:29:33.761206,reviews.csv
3211,2032,10,3,Decent read. Not my favourite but not bad either.,2024-01-04 06:00:52,2026-08-12T13:29:33.761206,reviews.csv
2164,769,6,3,It was okay. The hype around this book is a bit overstated.,2024-10-30 17:08:05,2026-08-12T13:29:33.761206,reviews.csv
1268,176,1,3,"Mixed feelings. Good premise, mediocre execution.",2024-10-09 20:35:29,2026-08-12T13:29:33.761206,reviews.csv
2075,940,25,5,Exceeded all my expectations. Truly extraordinary.,2023-03-17 14:36:55,2026-08-12T13:29:33.761206,reviews.csv
2528,2581,3,2,,2022-08-06 20:17:30,2026-08-12T13:29:33.761206,reviews.csv
541,468,2,4,Pleasant read. Nothing groundbreaking but definitely enjoyable.,2024-07-23 14:55:43,2026-08-12T13:29:33.761206,reviews.csv
3144,436,1,4,Well-written and engaging. A few plot holes but forgivable.,2024-10-19 19:39:13,2026-08-12T13:29:33.761206,reviews.csv
3440,2067,1,3,Neither great nor terrible. Passes the time.,2023-06-04 11:38:06,2026-08-12T13:29:33.761206,reviews.csv
2985,159,7,4,Liked it. The first half is stronger than the second.,2023-09-17 09:55:01,2026-08-12T13:29:33.761206,reviews.csv
2026,705,8,2,Disappointed. Expected much more based on the reviews.,2022-11-21 07:02:57,2026-08-12T13:29:33.761206,reviews.csv
3193,2375,1,4,Pleasant read. Nothing groundbreaking but definitely enjoyable.,2024-06-23 16:25:17,2026-08-12T13:29:33.761206,reviews.csv
5071,1777,4,4,A very good read overall. Some chapters were slow but worth it.,2020-06-30 17:20:06,2026-08-12T13:29:33.761206,reviews.csv
5464,1039,2,2,Struggled to get through it. The story meanders endlessly.,2020-04-09 17:54:31,2026-08-12T13:29:33.761206,reviews.csv
5049,422,6,2,Not for me. The writing style felt very dated.,2024-08-29 07:28:20,2026-08-12T13:29:33.761206,reviews.csv
467,2255,2,4,Enjoyed it quite a bit. Solid writing and interesting ideas.,2024-08-16 19:13:09,2026-08-12T13:29:33.761206,reviews.csv
3391,791,2,5,This book changed the way I think. A must-read for everyone.,2024-02-24 19:55:08,2026-08-12T13:29:33.761206,reviews.csv
5537,1654,3,4,A very good read overall. Some chapters were slow but worth it.,2024-06-03 12:51:36,2026-08-12T13:29:33.761206,reviews.csv
909,1461,1,4,Pleasant read. Nothing groundbreaking but definitely enjoyable.,2023-08-02 11:34:10,2026-08-12T13:29:33.761206,reviews.csv
1390,1955,2,5,This book changed the way I think. A must-read for everyone.,2023-12-26 16:48:25,2026-08-12T13:29:33.761206,reviews.csv
4823,667,1,4,Above average. Would recommend to fans of the genre.,2024-05-11 12:20:26,2026-08-12T13:29:33.761206,reviews.csv
2129,2405,1,4,Pleasant read. Nothing groundbreaking but definitely enjoyable.,2023-04-20 15:50:45,2026-08-12T13:29:33.761206,reviews.csv
4199,2722,31,4,Mostly great. The middle section drags a bit.,2024-07-05 07:32:47,2026-08-12T13:29:33.761206,reviews.csv
3111,1397,5,3,Neither great nor terrible. Passes the time.,2023-11-26 12:46:43,2026-08-12T13:29:33.761206,reviews.csv
484,801,62,5,Perfect blend of story and insight. Will read again.,2021-10-11 00:12:11,2026-08-12T13:29:33.761206,reviews.csv
5456,1790,3,3,"Some interesting parts, but overall felt underwhelming.",2021-05-11 19:16:47,2026-08-12T13:29:33.761206,reviews.csv
575,2430,2,5,The writing is exceptional and the story gripped me from page one.,2024-12-24 09:39:58,2026-08-12T13:29:33.761206,reviews.csv
3453,2668,7,4,Mostly great. The middle section drags a bit.,2022-10-04 15:29:36,2026-08-12T13:29:33.761206,reviews.csv
3038,2646,1,4,Enjoyed it quite a bit. Solid writing and interesting ideas.,2023-08-13 19:37:59,2026-08-12T13:29:33.761206,reviews.csv
2436,428,1,3,"Mixed feelings. Good premise, mediocre execution.",2023-09-29 15:20:40,2026-08-12T13:29:33.761206,reviews.csv
4108,335,1,4,A very good read overall. Some chapters were slow but worth it.,2023-01-09 12:08:41,2026-08-12T13:29:33.761206,reviews.csv
5494,1265,4,2,Would not recommend. Too slow and the payoff was not worth it.,2020-05-04 12:35:25,2026-08-12T13:29:33.761206,reviews.csv
2796,891,5,3,Decent read. Not my favourite but not bad either.,2023-10-21 03:14:05,2026-08-12T13:29:33.761206,reviews.csv
2285,494,8,2,Not for me. The writing style felt very dated.,2024-10-26 20:30:18,2026-08-12T13:29:33.761206,reviews.csv
4075,1340,1,5,Beautifully written. The author's style is simply stunning.,2024-12-31 13:35:46,2026-08-12T13:29:33.761206,reviews.csv
3778,1606,14,4,Enjoyed it quite a bit. Solid writing and interesting ideas.,2022-11-23 06:08:24,2026-08-12T13:29:33.761206,reviews.csv
4619,2012,29,5,Brilliant narrative. The characters feel genuinely real.,2023-06-29 07:24:49,2026-08-12T13:29:33.761206,reviews.csv
4000,295,31,4,Enjoyed it quite a bit. Solid writing and interesting ideas.,2024-11-26 09:13:48,2026-08-12T13:29:33.761206,reviews.csv
1561,912,17,5,The writing is exceptional and the story gripped me from page one.,2023-06-24 06:47:56,2026-08-12T13:29:33.761206,reviews.csv
5236,344,2,4,"Good book, though the ending felt a little rushed.",2022-01-21 19:37:25,2026-08-12T13:29:33.761206,reviews.csv
2539,1787,1,4,Mostly great. The middle section drags a bit.,2024-03-01 06:29:31,2026-08-12T13:29:33.761206,reviews.csv
2797,1159,4,2,The plot felt disjointed and the pacing was off throughout.,2022-11-13 20:59:42,2026-08-12T13:29:33.761206,reviews.csv
2715,2702,8,1,Gave up halfway. The writing is unbearable.,2023-06-09 13:50:51,2026-08-12T13:29:33.761206,reviews.csv
1520,2735,1,3,Average. Had its moments but failed to really engage me.,2021-02-06 12:49:37,2026-08-12T13:29:33.761206,reviews.csv
3086,2523,1,4,A very good read overall. Some chapters were slow but worth it.,2023-12-26 12:14:33,2026-08-12T13:29:33.761206,reviews.csv
648,376,1,4,"Good book, though the ending felt a little rushed.",2024-04-13 08:16:04,2026-08-12T13:29:33.761206,reviews.csv
4255,898,146,4,Well-written and engaging. A few plot holes but forgivable.,2024-09-06 08:04:57,2026-08-12T13:29:33.761206,reviews.csv
4331,1140,87,5,Exceeded all my expectations. Truly extraordinary.,2021-01-04 08:45:48,2026-08-12T13:29:33.761206,reviews.csv
2993,174,1,4,Well-written and engaging. A few plot holes but forgivable.,2023-09-08 20:52:22,2026-08-12T13:29:33.761206,reviews.csv
2672,856,1,4,Mostly great. The middle section drags a bit.,2024-09-28 10:20:40,2026-08-12T13:29:33.761206,reviews.csv
4858,1871,1,4,"Good book, though the ending felt a little rushed.",2021-08-20 17:08:49,2026-08-12T13:29:33.761206,reviews.csv
5372,1714,1,3,Decent read. Not my favourite but not bad either.,2024-10-27 14:06:33,2026-08-12T13:29:33.761206,reviews.csv
3922,1223,13,4,A very good read overall. Some chapters were slow but worth it.,2023-05-23 20:59:39,2026-08-12T13:29:33.761206,reviews.csv
2488,921,2,4,Mostly great. The middle section drags a bit.,2024-12-31 17:03:46,2026-08-12T13:29:33.761206,reviews.csv
1492,2167,37,3,Neither great nor terrible. Passes the time.,2021-09-22 19:33:05,2026-08-12T13:29:33.761206,reviews.csv
1483,818,5,3,Had potential but did not quite deliver on its promise.,2024-12-31 20:36:13,2026-08-12T13:29:33.761206,reviews.csv
349,40,1,5,I finished this in two sittings. Absolutely riveting.,2024-06-16 15:29:58,2026-08-12T13:29:33.761206,reviews.csv
5460,1203,13,4,Mostly great. The middle section drags a bit.,2023-09-10 11:08:42,2026-08-12T13:29:33.761206,reviews.csv
808,437,1,5,One of the best reads I have had in years. Highly recommended.,2024-04-01 17:31:14,2026-08-12T13:29:33.761206,reviews.csv
326,1674,1,3,It was okay. The hype around this book is a bit overstated.,2022-08-22 19:48:06,2026-08-12T13:29:33.761206,reviews.csv
355,1788,1,3,Average. Had its moments but failed to really engage me.,2021-12-06 17:05:03,2026-08-12T13:29:33.761206,reviews.csv
4016,1081,123,4,"Good book, though the ending felt a little rushed.",2024-12-04 21:34:12,2026-08-12T13:29:33.761206,reviews.csv
306,303,1,5,Perfect blend of story and insight. Will read again.,2023-08-07 16:29:00,2026-08-12T13:29:33.761206,reviews.csv
4843,1515,34,4,Mostly great. The middle section drags a bit.,2023-10-17 22:48:48,2026-08-12T13:29:33.761206,reviews.csv
716,1171,1,3,"Mixed feelings. Good premise, mediocre execution.",2022-03-23 14:54:45,2026-08-12T13:29:33.761206,reviews.csv
2710,1060,33,3,"Mixed feelings. Good premise, mediocre execution.",2022-05-18 18:59:59,2026-08-12T13:29:33.761206,reviews.csv
5455,803,1,5,A masterpiece. Every chapter left me wanting more.,2024-05-23 21:23:32,2026-08-12T13:29:33.761206,reviews.csv
2897,2035,2,3,,2024-02-15 11:17:14,2026-08-12T13:29:33.761206,reviews.csv
66,1777,5,3,Average. Had its moments but failed to really engage me.,2023-12-02 07:15:08,2026-08-12T13:29:33.761206,reviews.csv
4474,153,2,3,Had potential but did not quite deliver on its promise.,2024-09-12 19:56:36,2026-08-12T13:29:33.761206,reviews.csv
2946,874,27,3,Decent read. Not my favourite but not bad either.,2023-06-20 13:21:01,2026-08-12T13:29:33.761206,reviews.csv
5108,699,3,3,Had potential but did not quite deliver on its promise.,2024-10-14 12:14:49,2026-08-12T13:29:33.761206,reviews.csv
4732,80,4,7,"Mixed feelings. Good premise, mediocre execution.",2024-01-28 13:32:23,2026-08-12T13:29:33.761206,reviews.csv
1155,2182,1,5,Exceeded all my expectations. Truly extraordinary.,2024-02-26 14:14:53,2026-08-12T13:29:33.761206,reviews.csv
2446,2699,3,4,Above average. Would recommend to fans of the genre.,2024-11-27 00:01:41,2026-08-12T13:29:33.761206,reviews.csv
629,158,1,4,Liked it. The first half is stronger than the second.,2024-12-27 20:48:08,2026-08-12T13:29:33.761206,reviews.csv
3461,1260,1,4,"Good book, though the ending felt a little rushed.",2024-08-01 07:58:46,2026-08-12T13:29:33.761206,reviews.csv
4873,704,2,4,Above average. Would recommend to fans of the genre.,2024-12-31 20:06:45,2026-08-12T13:29:33.761206,reviews.csv
2597,2375,3,4,,2024-04-01 21:33:56,2026-08-12T13:29:33.761206,reviews.csv
1720,248,1,3,Had potential but did not quite deliver on its promise.,2021-04-14 10:52:36,2026-08-12T13:29:33.761206,reviews.csv
91,2554,2,5,I finished this in two sittings. Absolutely riveting.,2022-12-09 17:40:26,2026-08-12T13:29:33.761206,reviews.csv
2388,1957,3,3,,2020-12-18 17:21:10,2026-08-12T13:29:33.761206,reviews.csv
4048,732,21,3,,2022-02-06 14:27:01,2026-08-12T13:29:33.761206,reviews.csv
5120,2127,15,3,,2023-11-09 08:54:47,2026-08-12T13:29:33.761206,reviews.csv
1892,1192,66,3,Decent read. Not my favourite but not bad either.,2024-11-14 18:00:10,2026-08-12T13:29:33.761206,reviews.csv
4549,788,9,3,It was okay. The hype around this book is a bit overstated.,2023-10-27 12:46:06,2026-08-12T13:29:33.761206,reviews.csv
4070,2592,8,4,"Good book, though the ending felt a little rushed.",2023-11-11 18:30:42,2026-08-12T13:29:33.761206,reviews.csv
4536,2409,2,4,Well-written and engaging. A few plot holes but forgivable.,2021-12-11 22:05:20,2026-08-12T13:29:33.761206,reviews.csv
3245,1861,2,4,Liked it. The first half is stronger than the second.,2023-05-04 11:40:23,2026-08-12T13:29:33.761206,reviews.csv
1168,2390,3,4,Liked it. The first half is stronger than the second.,2022-10-01 18:07:11,2026-08-12T13:29:33.761206,reviews.csv
3411,1428,1,4,A very good read overall. Some chapters were slow but worth it.,2023-08-01 23:54:17,2026-08-12T13:29:33.761206,reviews.csv
3689,1579,3,4,"Good book, though the ending felt a little rushed.",2024-02-07 21:13:27,2026-08-12T13:29:33.761206,reviews.csv
2663,1914,8,4,Mostly great. The middle section drags a bit.,2023-01-27 20:14:41,2026-08-12T13:29:33.761206,reviews.csv
144,1476,13,4,Above average. Would recommend to fans of the genre.,2024-05-23 18:49:57,2026-08-12T13:29:33.761206,reviews.csv
3506,1882,47,4,A very good read overall. Some chapters were slow but worth it.,2024-08-05 09:06:51,2026-08-12T13:29:33.761206,reviews.csv
315,2603,1,2,Disappointed. Expected much more based on the reviews.,2023-12-04 20:01:04,2026-08-12T13:29:33.761206,reviews.csv
3024,2324,23,4,Enjoyed it quite a bit. Solid writing and interesting ideas.,2022-12-06 18:50:21,2026-08-12T13:29:33.761206,reviews.csv
3449,254,2,5,A masterpiece. Every chapter left me wanting more.,2022-12-07 22:39:28,2026-08-12T13:29:33.761206,reviews.csv
1881,1418,2,5,,2023-12-13 18:40:20,2026-08-12T13:29:33.761206,reviews.csv
1620,716,8,4,"Good book, though the ending felt a little rushed.",2022-03-03 17:30:47,2026-08-12T13:29:33.761206,reviews.csv
4951,2227,4,4,Pleasant read. Nothing groundbreaking but definitely enjoyable.,2024-11-16 11:27:20,2026-08-12T13:29:33.761206,reviews.csv
3168,401,1,2,Would not recommend. Too slow and the payoff was not worth it.,2022-12-07 07:04:02,2026-08-12T13:29:33.761206,reviews.csv
2687,2550,1,4,Pleasant read. Nothing groundbreaking but definitely enjoyable.,2022-11-20 16:17:44,2026-08-12T13:29:33.761206,reviews.csv
1655,401,5,4,Mostly great. The middle section drags a bit.,2022-09-26 11:08:17,2026-08-12T13:29:33.761206,reviews.csv
569,1275,5,2,Would not recommend. Too slow and the payoff was not worth it.,2020-09-23 19:14:34,2026-08-12T13:29:33.761206,reviews.csv
991,941,1,5,Exceeded all my expectations. Truly extraordinary.,2023-03-11 06:05:13,2026-08-12T13:29:33.761206,reviews.csv
3481,1624,1,4,Liked it. The first half is stronger than the second.,2024-02-18 09:33:43,2026-08-12T13:29:33.761206,reviews.csv
4857,1059,3,7,"Mixed feelings. Good premise, mediocre execution.",2023-12-08 09:47:40,2026-08-12T13:29:33.761206,reviews.csv
2568,2484,5,4,Mostly great. The middle section drags a bit.,2024-01-14 18:03:25,2026-08-12T13:29:33.761206,reviews.csv
4022,2472,2,4,Enjoyed it quite a bit. Solid writing and interesting ideas.,2022-10-14 19:18:28,2026-08-12T13:29:33.761206,reviews.csv
290,261,1,4,Above average. Would recommend to fans of the genre.,2020-05-24 10:54:40,2026-08-12T13:29:33.761206,reviews.csv
5190,162,2,3,Neither great nor terrible. Passes the time.,2022-02-21 07:52:22,2026-08-12T13:29:33.761206,reviews.csv
4700,2686,20,4,,2024-12-21 16:49:09,2026-08-12T13:29:33.761206,reviews.csv
2184,852,2,4,Well-written and engaging. A few plot holes but forgivable.,2024-09-09 10:33:59,2026-08-12T13:29:33.761206,reviews.csv
4715,2120,182,4,Well-written and engaging. A few plot holes but forgivable.,2022-09-15 20:34:20,2026-08-12T13:29:33.761206,reviews.csv
1410,2065,1,5,The writing is exceptional and the story gripped me from page one.,2021-08-05 18:35:59,2026-08-12T13:29:33.761206,reviews.csv
1549,735,1,4,Above average. Would recommend to fans of the genre.,2024-06-19 17:47:34,2026-08-12T13:29:33.761206,reviews.csv
3858,857,3,4,Pleasant read. Nothing groundbreaking but definitely enjoyable.,2024-12-31 10:26:57,2026-08-12T13:29:33.761206,reviews.csv
4491,1387,1,3,"Mixed feelings. Good premise, mediocre execution.",2023-12-02 15:51:10,2026-08-12T13:29:33.761206,reviews.csv
5256,2243,8,3,Neither great nor terrible. Passes the time.,2021-05-28 08:09:01,2026-08-12T13:29:33.761206,reviews.csv
2367,353,27,4,Liked it. The first half is stronger than the second.,2022-03-17 18:31:51,2026-08-12T13:29:33.761206,reviews.csv
5051,1203,5,3,Average. Had its moments but failed to really engage me.,2024-12-31 18:19:47,2026-08-12T13:29:33.761206,reviews.csv
4844,447,1,4,Above average. Would recommend to fans of the genre.,2021-10-05 14:07:18,2026-08-12T13:29:33.761206,reviews.csv
5496,2112,80,5,This book changed the way I think. A must-read for everyone.,2022-12-12 16:40:07,2026-08-12T13:29:33.761206,reviews.csv
2552,2096,2,4,Liked it. The first half is stronger than the second.,2024-11-26 20:19:02,2026-08-12T13:29:33.761206,reviews.csv
4516,695,8,3,,2022-10-14 16:10:05,2026-08-12T13:29:33.761206,reviews.csv
2781,2401,2,5,This book changed the way I think. A must-read for everyone.,2024-07-03 18:28:31,2026-08-12T13:29:33.761206,reviews.csv
2963,2143,39,3,It was okay. The hype around this book is a bit overstated.,2020-04-16 09:24:36,2026-08-12T13:29:33.761206,reviews.csv
2056,460,1,4,Mostly great. The middle section drags a bit.,2024-06-19 21:56:53,2026-08-12T13:29:33.761206,reviews.csv
2809,287,1,3,Neither great nor terrible. Passes the time.,2022-11-23 11:08:58,2026-08-12T13:29:33.761206,reviews.csv
4739,2260,3,3,Average. Had its moments but failed to really engage me.,2022-01-02 20:48:33,2026-08-12T13:29:33.761206,reviews.csv
5106,559,4,2,Struggled to get through it. The story meanders endlessly.,2024-04-05 17:22:00,2026-08-12T13:29:33.761206,reviews.csv
4755,1392,12,4,Mostly great. The middle section drags a bit.,2024-07-26 20:07:59,2026-08-12T13:29:33.761206,reviews.csv
1174,1477,1,4,Well-written and engaging. A few plot holes but forgivable.,2023-08-20 18:41:57,2026-08-12T13:29:33.761206,reviews.csv
3682,842,8,3,Had potential but did not quite deliver on its promise.,2021-11-20 06:46:18,2026-08-12T13:29:33.761206,reviews.csv
4379,2281,2,5,Beautifully written. The author's style is simply stunning.,2021-09-14 17:33:08,2026-08-12T13:29:33.761206,reviews.csv
3855,1061,1,5,One of the best reads I have had in years. Highly recommended.,2024-07-01 05:49:15,2026-08-12T13:29:33.761206,reviews.csv
284,1965,3,3,"Mixed feelings. Good premise, mediocre execution.",2024-02-10 07:41:41,2026-08-12T13:29:33.761206,reviews.csv
783,2702,1,2,Disappointed. Expected much more based on the reviews.,2024-05-26 14:25:53,2026-08-12T13:29:33.761206,reviews.csv
5564,414,1,3,It was okay. The hype around this book is a bit overstated.,2021-12-27 18:39:11,2026-08-12T13:29:33.761206,reviews.csv
1812,2630,6,3,Neither great nor terrible. Passes the time.,2024-04-15 12:34:17,2026-08-12T13:29:33.761206,reviews.csv
5409,2475,2,4,Pleasant read. Nothing groundbreaking but definitely enjoyable.,2023-02-07 13:58:22,2026-08-12T13:29:33.761206,reviews.csv
4401,2659,9,3,Decent read. Not my favourite but not bad either.,2021-09-12 08:44:41,2026-08-12T13:29:33.761206,reviews.csv
2035,910,1,3,"Some interesting parts, but overall felt underwhelming.",2023-12-08 21:10:59,2026-08-12T13:29:33.761206,reviews.csv
4061,2669,1,4,,2024-06-25 18:46:56,2026-08-12T13:29:33.761206,reviews.csv
2305,2368,70,2,Would not recommend. Too slow and the payoff was not worth it.,2022-06-24 21:29:12,2026-08-12T13:29:33.761206,reviews.csv
3643,223,2,3,"Mixed feelings. Good premise, mediocre execution.",2020-11-07 17:19:26,2026-08-12T13:29:33.761206,reviews.csv
2832,1300,6,4,Well-written and engaging. A few plot holes but forgivable.,2022-09-02 10:58:34,2026-08-12T13:29:33.761206,reviews.csv
768,2265,4,3,Had potential but did not quite deliver on its promise.,2023-09-25 05:46:49,2026-08-12T13:29:33.761206,reviews.csv
5543,34,11,4,Liked it. The first half is stronger than the second.,2024-07-11 19:50:44,2026-08-12T13:29:33.761206,reviews.csv
4923,698,22,4,Well-written and engaging. A few plot holes but forgivable.,2024-10-21 09:58:38,2026-08-12T13:29:33.761206,reviews.csv
4770,1164,124,3,It was okay. The hype around this book is a bit overstated.,2023-10-13 17:52:13,2026-08-12T13:29:33.761206,reviews.csv
2108,2047,28,3,Neither great nor terrible. Passes the time.,2020-04-13 18:33:13,2026-08-12T13:29:33.761206,reviews.csv
1543,982,25,3,It was okay. The hype around this book is a bit overstated.,2023-12-25 12:17:29,2026-08-12T13:29:33.761206,reviews.csv
1516,818,2,4,Mostly great. The middle section drags a bit.,2024-06-04 18:05:33,2026-08-12T13:29:33.761206,reviews.csv
3957,271,1,4,A very good read overall. Some chapters were slow but worth it.,2021-11-06 21:24:06,2026-08-12T13:29:33.761206,reviews.csv
1592,383,1,3,It was okay. The hype around this book is a bit overstated.,2023-09-25 17:16:18,2026-08-12T13:29:33.761206,reviews.csv
3834,1404,2,4,Enjoyed it quite a bit. Solid writing and interesting ideas.,2024-10-05 10:53:22,2026-08-12T13:29:33.761206,reviews.csv
3521,1348,2,4,Above average. Would recommend to fans of the genre.,2022-01-27 23:47:15,2026-08-12T13:29:33.761206,reviews.csv
3659,690,2,3,Decent read. Not my favourite but not bad either.,2022-12-09 12:17:09,2026-08-12T13:29:33.761206,reviews.csv
3821,1342,11,4,Pleasant read. Nothing groundbreaking but definitely enjoyable.,2023-04-03 15:27:53,2026-08-12T13:29:33.761206,reviews.csv
1096,2642,155,4,Enjoyed it quite a bit. Solid writing and interesting ideas.,2023-10-08 21:03:32,2026-08-12T13:29:33.761206,reviews.csv
4249,1315,8,3,Average. Had its moments but failed to really engage me.,2022-11-25 21:30:15,2026-08-12T13:29:33.761206,reviews.csv
3042,2351,1,4,Well-written and engaging. A few plot holes but forgivable.,2022-07-30 11:59:10,2026-08-12T13:29:33.761206,reviews.csv
1846,1282,1,5,Perfect blend of story and insight. Will read again.,2024-09-10 01:43:55,2026-08-12T13:29:33.761206,reviews.csv
31,342,1,5,One of the best reads I have had in years. Highly recommended.,2023-02-05 17:19:05,2026-08-12T13:29:33.761206,reviews.csv
3767,1271,1,4,"Good book, though the ending felt a little rushed.",2023-03-01 11:21:13,2026-08-12T13:29:33.761206,reviews.csv
5435,185,5,3,Neither great nor terrible. Passes the time.,2023-08-02 17:23:10,2026-08-12T13:29:33.761206,reviews.csv
1086,2211,1,3,Had potential but did not quite deliver on its promise.,2021-08-21 07:14:01,2026-08-12T13:29:33.761206,reviews.csv
4261,2356,13,5,Brilliant narrative. The characters feel genuinely real.,2024-12-03 16:07:41,2026-08-12T13:29:33.761206,reviews.csv
3376,2301,2,4,A very good read overall. Some chapters were slow but worth it.,2024-06-28 10:53:02,2026-08-12T13:29:33.761206,reviews.csv
1726,2725,1,3,Neither great nor terrible. Passes the time.,2024-10-21 11:47:49,2026-08-12T13:29:33.761206,reviews.csv
4285,991,1,4,A very good read overall. Some chapters were slow but worth it.,2024-10-31 13:44:09,2026-08-12T13:29:33.761206,reviews.csv
2495,1318,1,4,Well-written and engaging. A few plot holes but forgivable.,2023-03-04 18:02:16,2026-08-12T13:29:33.761206,reviews.csv
2230,292,5,3,,2024-09-12 18:33:45,2026-08-12T13:29:33.761206,reviews.csv
3171,586,17,4,Above average. Would recommend to fans of the genre.,2023-09-21 07:48:11,2026-08-12T13:29:33.761206,reviews.csv
4336,114,8,3,Neither great nor terrible. Passes the time.,2022-04-12 12:59:52,2026-08-12T13:29:33.761206,reviews.csv
916,619,2,4,Pleasant read. Nothing groundbreaking but definitely enjoyable.,2024-06-17 11:53:22,2026-08-12T13:29:33.761206,reviews.csv
2088,2724,1,4,Above average. Would recommend to fans of the genre.,2024-08-08 09:25:03,2026-08-12T13:29:33.761206,reviews.csv
2535,623,4,3,Had potential but did not quite deliver on its promise.,2023-12-14 22:28:53,2026-08-12T13:29:33.761206,reviews.csv
1262,1085,5,1,Gave up halfway. The writing is unbearable.,2023-01-03 17:33:33,2026-08-12T13:29:33.761206,reviews.csv
2988,748,1,4,Enjoyed it quite a bit. Solid writing and interesting ideas.,2021-03-05 17:03:45,2026-08-12T13:29:33.761206,reviews.csv
3139,1247,6,4,Well-written and engaging. A few plot holes but forgivable.,2021-03-07 16:35:32,2026-08-12T13:29:33.761206,reviews.csv
726,124,167,2,Overrated. I did not enjoy the characters at all.,2024-09-14 11:08:52,2026-08-12T13:29:33.761206,reviews.csv
228,1290,1,2,Would not recommend. Too slow and the payoff was not worth it.,2024-11-28 12:31:23,2026-08-12T13:29:33.761206,reviews.csv
4085,927,1,4,Mostly great. The middle section drags a bit.,2024-09-02 23:11:05,2026-08-12T13:29:33.761206,reviews.csv
5208,2774,1,4,Mostly great. The middle section drags a bit.,2024-09-03 21:52:52,2026-08-12T13:29:33.761206,reviews.csv
5562,2635,1,3,Had potential but did not quite deliver on its promise.,2024-08-04 10:10:09,2026-08-12T13:29:33.761206,reviews.csv
2006,1172,1,4,Enjoyed it quite a bit. Solid writing and interesting ideas.,2023-07-18 18:50:45,2026-08-12T13:29:33.761206,reviews.csv
5188,1216,1,3,Neither great nor terrible. Passes the time.,2024-03-11 09:36:05,2026-08-12T13:29:33.761206,reviews.csv
4088,957,1,4,Pleasant read. Nothing groundbreaking but definitely enjoyable.,2021-08-06 12:53:46,2026-08-12T13:29:33.761206,reviews.csv
365,339,1,5,Perfect blend of story and insight. Will read again.,2023-08-28 22:14:13,2026-08-12T13:29:33.761206,reviews.csv
4354,2066,6,2,Disappointed. Expected much more based on the reviews.,2022-02-09 06:48:01,2026-08-12T13:29:33.761206,reviews.csv
5078,2339,23,4,Mostly great. The middle section drags a bit.,2022-02-01 17:26:35,2026-08-12T13:29:33.761206,reviews.csv
5093,2304,1,3,"Mixed feelings. Good premise, mediocre execution.",2022-11-28 08:17:46,2026-08-12T13:29:33.761206,reviews.csv
2884,895,2,2,Not for me. The writing style felt very dated.,2023-03-11 16:12:08,2026-08-12T13:29:33.761206,reviews.csv
2239,1242,2,5,One of the best reads I have had in years. Highly recommended.,2024-02-19 17:20:59,2026-08-12T13:29:33.761206,reviews.csv
4945,14,14,5,Absolutely loved this book — couldn't put it down!,2022-01-21 04:27:36,2026-08-12T13:29:33.761206,reviews.csv
449,1127,1,5,Brilliant narrative. The characters feel genuinely real.,2024-09-13 18:37:39,2026-08-12T13:29:33.761206,reviews.csv
4962,2280,107,4,,2024-08-16 10:29:50,2026-08-12T13:29:33.761206,reviews.csv
1358,675,1,3,Average. Had its moments but failed to really engage me.,2021-10-14 17:38:56,2026-08-12T13:29:33.761206,reviews.csv
88,2748,4,3,"Mixed feelings. Good premise, mediocre execution.",2024-10-09 07:49:48,2026-08-12T13:29:33.761206,reviews.csv
3240,1876,3,4,Enjoyed it quite a bit. Solid writing and interesting ideas.,2023-03-23 09:25:58,2026-08-12T13:29:33.761206,reviews.csv
3566,1810,45,3,"Mixed feelings. Good premise, mediocre execution.",2023-07-09 13:30:24,2026-08-12T13:29:33.761206,reviews.csv
3019,1604,1,4,Above average. Would recommend to fans of the genre.,2022-09-06 20:46:37,2026-08-12T13:29:33.761206,reviews.csv
815,2500,2,3,"Mixed feelings. Good premise, mediocre execution.",2023-02-25 19:07:11,2026-08-12T13:29:33.761206,reviews.csv
3388,1337,2,3,Average. Had its moments but failed to really engage me.,2024-09-15 12:57:03,2026-08-12T13:29:33.761206,reviews.csv
3206,2177,13,5,I finished this in two sittings. Absolutely riveting.,2024-07-30 08:55:28,2026-08-12T13:29:33.761206,reviews.csv
5018,1786,3,2,The plot felt disjointed and the pacing was off throughout.,2022-06-02 15:49:08,2026-08-12T13:29:33.761206,reviews.csv
4702,986,39,4,Above average. Would recommend to fans of the genre.,2023-04-15 10:09:14,2026-08-12T13:29:33.761206,reviews.csv
1068,1114,21,4,,2024-04-06 17:49:06,2026-08-12T13:29:33.761206,reviews.csv
5161,2146,35,3,Neither great nor terrible. Passes the time.,2024-09-29 23:04:24,2026-08-12T13:29:33.761206,reviews.csv
3789,1394,12,4,A very good read overall. Some chapters were slow but worth it.,2023-11-20 19:42:47,2026-08-12T13:29:33.761206,reviews.csv
2422,2588,6,2,Would not recommend. Too slow and the payoff was not worth it.,2024-12-31 17:11:41,2026-08-12T13:29:33.761206,reviews.csv
4693,2041,3,3,"Some interesting parts, but overall felt underwhelming.",2022-07-28 17:48:28,2026-08-12T13:29:33.761206,reviews.csv
1376,405,39,3,"Some interesting parts, but overall felt underwhelming.",2024-11-15 07:01:39,2026-08-12T13:29:33.761206,reviews.csv
4578,2573,1,5,Perfect blend of story and insight. Will read again.,2021-11-02 12:58:15,2026-08-12T13:29:33.761206,reviews.csv
2502,1124,1,4,Enjoyed it quite a bit. Solid writing and interesting ideas.,2024-12-11 07:03:49,2026-08-12T13:29:33.761206,reviews.csv
748,134,4,4,Pleasant read. Nothing groundbreaking but definitely enjoyable.,2022-03-05 08:51:10,2026-08-12T13:29:33.761206,reviews.csv
2293,2657,12,4,Mostly great. The middle section drags a bit.,2024-05-13 18:51:02,2026-08-12T13:29:33.761206,reviews.csv
5034,1840,1,4,Mostly great. The middle section drags a bit.,2023-01-09 14:19:06,2026-08-12T13:29:33.761206,reviews.csv
4688,266,2,4,Above average. Would recommend to fans of the genre.,2024-12-31 12:37:53,2026-08-12T13:29:33.761206,reviews.csv
2604,2740,2,4,"Good book, though the ending felt a little rushed.",2024-06-14 13:28:14,2026-08-12T13:29:33.761206,reviews.csv
667,779,1,4,Above average. Would recommend to fans of the genre.,2024-08-29 09:41:44,2026-08-12T13:29:33.761206,reviews.csv
2137,1939,1,4,Pleasant read. Nothing groundbreaking but definitely enjoyable.,2024-08-16 11:39:40,2026-08-12T13:29:33.761206,reviews.csv
1055,359,2,3,,2021-09-10 19:03:17,2026-08-12T13:29:33.761206,reviews.csv
5330,1173,6,2,The plot felt disjointed and the pacing was off throughout.,2024-05-03 16:16:56,2026-08-12T13:29:33.761206,reviews.csv
4455,1027,13,3,"Some interesting parts, but overall felt underwhelming.",2023-03-14 08:25:40,2026-08-12T13:29:33.761206,reviews.csv
2841,2746,24,3,Decent read. Not my favourite but not bad either.,2022-02-26 19:40:14,2026-08-12T13:29:33.761206,reviews.csv
2176,2563,154,3,Had potential but did not quite deliver on its promise.,2022-07-31 10:38:05,2026-08-12T13:29:33.761206,reviews.csv
4028,83,1,5,A masterpiece. Every chapter left me wanting more.,2023-12-23 22:33:08,2026-08-12T13:29:33.761206,reviews.csv
2783,1915,2,4,A very good read overall. Some chapters were slow but worth it.,2024-08-21 08:34:17,2026-08-12T13:29:33.761206,reviews.csv
2241,1983,2,3,Decent read. Not my favourite but not bad either.,2024-10-16 23:52:50,2026-08-12T13:29:33.761206,reviews.csv
2166,1832,2,3,"Some interesting parts, but overall felt underwhelming.",2022-05-10 07:44:50,2026-08-12T13:29:33.761206,reviews.csv
3760,263,1,4,Mostly great. The middle section drags a bit.,2023-11-19 19:47:54,2026-08-12T13:29:33.761206,reviews.csv
4545,643,17,5,The writing is exceptional and the story gripped me from page one.,2023-05-03 12:27:27,2026-08-12T13:29:33.761206,reviews.csv
692,784,10,3,It was okay. The hype around this book is a bit overstated.,2024-10-09 18:29:34,2026-08-12T13:29:33.761206,reviews.csv
4089,1864,12,4,,2024-02-23 09:48:35,2026-08-12T13:29:33.761206,reviews.csv
3136,129,6,3,Had potential but did not quite deliver on its promise.,2023-12-22 13:33:11,2026-08-12T13:29:33.761206,reviews.csv
2899,940,9,3,Decent read. Not my favourite but not bad either.,2022-11-26 09:44:29,2026-08-12T13:29:33.761206,reviews.csv
1418,2750,2,2,Overrated. I did not enjoy the characters at all.,2023-05-23 08:24:38,2026-08-12T13:29:33.761206,reviews.csv
437,932,1,4,Pleasant read. Nothing groundbreaking but definitely enjoyable.,2023-08-03 09:33:18,2026-08-12T13:29:33.761206,reviews.csv
4649,2762,1,2,The plot felt disjointed and the pacing was off throughout.,2023-04-09 14:38:12,2026-08-12T13:29:33.761206,reviews.csv
2579,462,3,2,Would not recommend. Too slow and the payoff was not worth it.,2021-09-26 16:41:52,2026-08-12T13:29:33.761206,reviews.csv
2815,819,1,5,Absolutely loved this book — couldn't put it down!,2023-03-12 15:11:48,2026-08-12T13:29:33.761206,reviews.csv
4512,2658,6,3,Had potential but did not quite deliver on its promise.,2024-10-08 14:58:48,2026-08-12T13:29:33.761206,reviews.csv
4913,636,2,5,,2021-12-02 20:33:20,2026-08-12T13:29:33.761206,reviews.csv
2933,2305,1,4,Well-written and engaging. A few plot holes but forgivable.,2021-04-01 11:59:48,2026-08-12T13:29:33.761206,reviews.csv
2284,2090,11,3,Neither great nor terrible. Passes the time.,2020-11-14 09:00:33,2026-08-12T13:29:33.761206,reviews.csv
4263,926,5,2,Overrated. I did not enjoy the characters at all.,2022-07-11 08:17:09,2026-08-12T13:29:33.761206,reviews.csv
1930,79,1,2,Struggled to get through it. The story meanders endlessly.,2024-07-14 11:26:11,2026-08-12T13:29:33.761206,reviews.csv
2530,938,5,3,Neither great nor terrible. Passes the time.,2023-02-20 08:31:18,2026-08-12T13:29:33.761206,reviews.csv
621,950,73,4,Well-written and engaging. A few plot holes but forgivable.,2023-09-30 18:28:57,2026-08-12T13:29:33.761206,reviews.csv
1458,1805,2,4,Well-written and engaging. A few plot holes but forgivable.,2023-02-15 09:54:51,2026-08-12T13:29:33.761206,reviews.csv
2726,2734,13,4,"Good book, though the ending felt a little rushed.",2023-03-14 18:49:04,2026-08-12T13:29:33.761206,reviews.csv
995,1138,4,3,Neither great nor terrible. Passes the time.,2021-09-10 12:35:31,2026-08-12T13:29:33.761206,reviews.csv
4764,1057,6,3,"Some interesting parts, but overall felt underwhelming.",2020-01-30 07:33:02,2026-08-12T13:29:33.761206,reviews.csv
3187,2298,4,3,Had potential but did not quite deliver on its promise.,2022-01-12 11:18:57,2026-08-12T13:29:33.761206,reviews.csv
350,155,6,4,Pleasant read. Nothing groundbreaking but definitely enjoyable.,2024-12-29 12:39:19,2026-08-12T13:29:33.761206,reviews.csv
2292,840,2,4,Enjoyed it quite a bit. Solid writing and interesting ideas.,2024-02-20 15:23:09,2026-08-12T13:29:33.761206,reviews.csv
1014,1034,1,2,Overrated. I did not enjoy the characters at all.,2023-04-27 20:44:36,2026-08-12T13:29:33.761206,reviews.csv
1059,1833,2,4,A very good read overall. Some chapters were slow but worth it.,2021-07-29 07:40:40,2026-08-12T13:29:33.761206,reviews.csv
908,2120,1,4,Pleasant read. Nothing groundbreaking but definitely enjoyable.,2021-03-02 18:44:12,2026-08-12T13:29:33.761206,reviews.csv
134,492,4,3,Had potential but did not quite deliver on its promise.,2024-05-18 09:58:55,2026-08-12T13:29:33.761206,reviews.csv
5283,1641,1,3,Average. Had its moments but failed to really engage me.,2024-07-09 18:02:47,2026-08-12T13:29:33.761206,reviews.csv
3129,1911,1,4,Enjoyed it quite a bit. Solid writing and interesting ideas.,2024-05-01 16:54:40,2026-08-12T13:29:33.761206,reviews.csv
1387,411,41,5,Absolutely loved this book — couldn't put it down!,2023-10-08 10:11:03,2026-08-12T13:29:33.761206,reviews.csv
3931,1214,11,4,Well-written and engaging. A few plot holes but forgivable.,2024-08-02 17:42:03,2026-08-12T13:29:33.761206,reviews.csv
2742,1128,11,3,"Mixed feelings. Good premise, mediocre execution.",2023-05-20 11:52:22,2026-08-12T13:29:33.761206,reviews.csv
2358,331,3,5,I finished this in two sittings. Absolutely riveting.,2022-01-25 10:23:41,2026-08-12T13:29:33.761206,reviews.csv
1823,2755,1,4,Pleasant read. Nothing groundbreaking but definitely enjoyable.,2024-11-25 22:06:14,2026-08-12T13:29:33.761206,reviews.csv
923,1548,1,4,Liked it. The first half is stronger than the second.,2024-12-31 20:16:31,2026-08-12T13:29:33.761206,reviews.csv
1584,1926,1,4,A very good read overall. Some chapters were slow but worth it.,2024-07-10 07:57:13,2026-08-12T13:29:33.761206,reviews.csv
222,1451,51,3,,2023-12-03 02:37:30,2026-08-12T13:29:33.761206,reviews.csv
4188,2564,135,2,The plot felt disjointed and the pacing was off throughout.,2023-10-09 16:02:17,2026-08-12T13:29:33.761206,reviews.csv
2177,2037,134,6,Above average. Would recommend to fans of the genre.,2024-06-07 14:36:17,2026-08-12T13:29:33.761206,reviews.csv
2111,498,4,3,Average. Had its moments but failed to really engage me.,2024-12-16 02:36:28,2026-08-12T13:29:33.761206,reviews.csv
1208,1372,3,4,Mostly great. The middle section drags a bit.,2024-06-13 16:45:19,2026-08-12T13:29:33.761206,reviews.csv
3347,843,1,4,Above average. Would recommend to fans of the genre.,2020-08-17 06:57:00,2026-08-12T13:29:33.761206,reviews.csv
2908,1655,89,4,A very good read overall. Some chapters were slow but worth it.,2024-02-15 12:36:27,2026-08-12T13:29:33.761206,reviews.csv
953,1944,4,4,Mostly great. The middle section drags a bit.,2022-06-16 12:09:00,2026-08-12T13:29:33.761206,reviews.csv
3895,2228,2,4,Mostly great. The middle section drags a bit.,2024-10-23 20:20:34,2026-08-12T13:29:33.761206,reviews.csv
1361,708,14,4,Liked it. The first half is stronger than the second.,2023-05-18 16:48:08,2026-08-12T13:29:33.761206,reviews.csv
1116,124,1,3,"Mixed feelings. Good premise, mediocre execution.",2024-01-12 10:10:46,2026-08-12T13:29:33.761206,reviews.csv
3671,1932,7,5,One of the best reads I have had in years. Highly recommended.,2022-01-01 22:13:18,2026-08-12T13:29:33.761206,reviews.csv
1622,1522,3,3,It was okay. The hype around this book is a bit overstated.,2022-11-06 07:18:14,2026-08-12T13:29:33.761206,reviews.csv
959,2396,3,3,,2023-07-10 17:28:26,2026-08-12T13:29:33.761206,reviews.csv
4049,2467,82,3,Decent read. Not my favourite but not bad either.,2024-11-17 10:58:27,2026-08-12T13:29:33.761206,reviews.csv
3991,555,1,3,Had potential but did not quite deliver on its promise.,2024-07-27 19:50:24,2026-08-12T13:29:33.761206,reviews.csv
3233,2527,1,4,Enjoyed it quite a bit. Solid writing and interesting ideas.,2024-06-22 09:12:16,2026-08-12T13:29:33.761206,reviews.csv
3611,810,181,4,Above average. Would recommend to fans of the genre.,2023-10-21 01:56:18,2026-08-12T13:29:33.761206,reviews.csv
746,2349,4,2,Would not recommend. Too slow and the payoff was not worth it.,2023-01-09 10:44:32,2026-08-12T13:29:33.761206,reviews.csv
1824,341,3,2,Would not recommend. Too slow and the payoff was not worth it.,2024-12-25 15:04:35,2026-08-12T13:29:33.761206,reviews.csv
5322,2544,15,5,One of the best reads I have had in years. Highly recommended.,2021-11-20 21:38:39,2026-08-12T13:29:33.761206,reviews.csv
3836,49,109,5,I finished this in two sittings. Absolutely riveting.,2024-08-24 16:58:29,2026-08-12T13:29:33.761206,reviews.csv
4313,1842,2,3,Neither great nor terrible. Passes the time.,2024-04-24 09:58:53,2026-08-12T13:29:33.761206,reviews.csv
664,704,1,5,One of the best reads I have had in years. Highly recommended.,2024-12-31 12:47:48,2026-08-12T13:29:33.761206,reviews.csv
5224,1832,19,3,"Mixed feelings. Good premise, mediocre execution.",2022-01-21 09:03:08,2026-08-12T13:29:33.761206,reviews.csv
1693,1378,4,4,"Good book, though the ending felt a little rushed.",2022-10-13 20:21:56,2026-08-12T13:29:33.761206,reviews.csv
171,1986,1,5,,2024-12-31 14:21:34,2026-08-12T13:29:33.761206,reviews.csv
3236,2754,1,0,Enjoyed it quite a bit. Solid writing and interesting ideas.,2024-07-18 16:34:20,2026-08-12T13:29:33.761206,reviews.csv
5358,1435,1,4,Liked it. The first half is stronger than the second.,2022-07-04 18:48:11,2026-08-12T13:29:33.761206,reviews.csv
3018,155,1,3,Decent read. Not my favourite but not bad either.,2024-10-28 09:34:21,2026-08-12T13:29:33.761206,reviews.csv
3205,2209,1,5,A masterpiece. Every chapter left me wanting more.,2024-08-21 11:22:27,2026-08-12T13:29:33.761206,reviews.csv
556,127,2,3,Had potential but did not quite deliver on its promise.,2024-10-04 19:35:39,2026-08-12T13:29:33.761206,reviews.csv
4445,873,5,3,"Mixed feelings. Good premise, mediocre execution.",2024-02-18 07:10:27,2026-08-12T13:29:33.761206,reviews.csv
3243,1425,1,5,Beautifully written. The author's style is simply stunning.,2022-01-02 00:33:13,2026-08-12T13:29:33.761206,reviews.csv
137,2779,6,3,It was okay. The hype around this book is a bit overstated.,2023-12-23 11:22:56,2026-08-12T13:29:33.761206,reviews.csv
3209,30,5,4,Enjoyed it quite a bit. Solid writing and interesting ideas.,2024-07-14 13:17:26,2026-08-12T13:29:33.761206,reviews.csv
1784,1935,24,4,"Good book, though the ending felt a little rushed.",2022-05-28 19:45:08,2026-08-12T13:29:33.761206,reviews.csv
3202,1664,2,5,Exceeded all my expectations. Truly extraordinary.,2024-04-19 04:53:41,2026-08-12T13:29:33.761206,reviews.csv
4319,2214,62,3,Neither great nor terrible. Passes the time.,2023-02-28 16:55:27,2026-08-12T13:29:33.761206,reviews.csv
2820,547,26,2,Would not recommend. Too slow and the payoff was not worth it.,2024-06-25 19:59:29,2026-08-12T13:29:33.761206,reviews.csv
4614,2100,3,2,The plot felt disjointed and the pacing was off throughout.,2022-06-09 12:44:14,2026-08-12T13:29:33.761206,reviews.csv
380,501,4,3,Average. Had its moments but failed to really engage me.,2024-11-26 23:29:58,2026-08-12T13:29:33.761206,reviews.csv
3035,2088,1,4,,2024-06-01 13:44:22,2026-08-12T13:29:33.761206,reviews.csv
894,1750,1,4,A very good read overall. Some chapters were slow but worth it.,2023-12-09 19:51:22,2026-08-12T13:29:33.761206,reviews.csv
3641,393,3,3,"Some interesting parts, but overall felt underwhelming.",2022-07-26 11:00:59,2026-08-12T13:29:33.761206,reviews.csv
3328,644,3,3,"Mixed feelings. Good premise, mediocre execution.",2023-04-27 07:07:58,2026-08-12T13:29:33.761206,reviews.csv
4260,2725,2,3,Neither great nor terrible. Passes the time.,2021-06-08 18:01:31,2026-08-12T13:29:33.761206,reviews.csv
3776,1117,4,3,,2024-06-22 12:34:57,2026-08-12T13:29:33.761206,reviews.csv
342,453,3,4,Above average. Would recommend to fans of the genre.,2024-03-17 12:36:59,2026-08-12T13:29:33.761206,reviews.csv
301,2077,1,3,Neither great nor terrible. Passes the time.,2024-10-15 07:50:32,2026-08-12T13:29:33.761206,reviews.csv
3540,1019,4,3,"Mixed feelings. Good premise, mediocre execution.",2024-06-22 17:16:27,2026-08-12T13:29:33.761206,reviews.csv
988,756,1,4,Above average. Would recommend to fans of the genre.,2023-09-24 17:27:38,2026-08-12T13:29:33.761206,reviews.csv
2341,2599,5,3,It was okay. The hype around this book is a bit overstated.,2022-07-30 16:44:21,2026-08-12T13:29:33.761206,reviews.csv
3668,1854,4,2,Disappointed. Expected much more based on the reviews.,2023-04-25 09:31:42,2026-08-12T13:29:33.761206,reviews.csv
696,939,3,3,,2024-12-09 07:07:40,2026-08-12T13:29:33.761206,reviews.csv
935,2555,109,5,,2021-08-24 21:22:00,2026-08-12T13:29:33.761206,reviews.csv
3491,813,4,2,The plot felt disjointed and the pacing was off throughout.,2024-08-13 06:01:40,2026-08-12T13:29:33.761206,reviews.csv
3738,330,2,6,One of the best reads I have had in years. Highly recommended.,2024-04-04 07:33:26,2026-08-12T13:29:33.761206,reviews.csv
4927,1753,1,4,Liked it. The first half is stronger than the second.,2021-10-07 13:23:53,2026-08-12T13:29:33.761206,reviews.csv
1847,50,7,4,"Good book, though the ending felt a little rushed.",2022-09-17 18:12:15,2026-08-12T13:29:33.761206,reviews.csv
2960,1743,1,5,Exceeded all my expectations. Truly extraordinary.,2024-01-30 18:20:21,2026-08-12T13:29:33.761206,reviews.csv
5596,1417,5,4,Mostly great. The middle section drags a bit.,2024-10-26 15:34:49,2026-08-12T13:29:33.761206,reviews.csv
5142,1003,8,2,The plot felt disjointed and the pacing was off throughout.,2022-08-13 18:40:29,2026-08-12T13:29:33.761206,reviews.csv
122,2222,2,1,Do not waste your money on this.,2021-01-26 08:43:50,2026-08-12T13:29:33.761206,reviews.csv
3321,443,3,3,Neither great nor terrible. Passes the time.,2023-07-22 12:27:18,2026-08-12T13:29:33.761206,reviews.csv
2374,2245,14,5,I finished this in two sittings. Absolutely riveting.,2022-11-05 09:50:36,2026-08-12T13:29:33.761206,reviews.csv
5513,1277,3,4,Well-written and engaging. A few plot holes but forgivable.,2021-09-18 20:26:31,2026-08-12T13:29:33.761206,reviews.csv
4561,467,1,4,A very good read overall. Some chapters were slow but worth it.,2023-09-20 08:21:06,2026-08-12T13:29:33.761206,reviews.csv
1076,351,4,4,Pleasant read. Nothing groundbreaking but definitely enjoyable.,2022-04-09 15:10:34,2026-08-12T13:29:33.761206,reviews.csv
2891,2469,6,4,A very good read overall. Some chapters were slow but worth it.,2024-05-12 15:24:19,2026-08-12T13:29:33.761206,reviews.csv
420,1047,2,3,Neither great nor terrible. Passes the time.,2024-11-05 11:39:57,2026-08-12T13:29:33.761206,reviews.csv
78,19,1,4,Pleasant read. Nothing groundbreaking but definitely enjoyable.,2024-05-07 16:38:54,2026-08-12T13:29:33.761206,reviews.csv
3853,1076,1,3,It was okay. The hype around this book is a bit overstated.,2024-04-28 20:08:31,2026-08-12T13:29:33.761206,reviews.csv
5477,515,4,2,The plot felt disjointed and the pacing was off throughout.,2024-01-07 07:40:28,2026-08-12T13:29:33.761206,reviews.csv
3271,1224,2,4,,2021-09-15 12:35:52,2026-08-12T13:29:33.761206,reviews.csv
2441,997,2,5,I finished this in two sittings. Absolutely riveting.,2024-12-21 20:43:25,2026-08-12T13:29:33.761206,reviews.csv
4280,480,15,5,A masterpiece. Every chapter left me wanting more.,2022-02-02 18:22:26,2026-08-12T13:29:33.761206,reviews.csv
744,669,2,4,"Good book, though the ending felt a little rushed.",2024-01-26 11:34:06,2026-08-12T13:29:33.761206,reviews.csv
4708,2618,75,4,Enjoyed it quite a bit. Solid writing and interesting ideas.,2022-09-02 20:32:56,2026-08-12T13:29:33.761206,reviews.csv
2823,1352,2,5,Brilliant narrative. The characters feel genuinely real.,2021-11-11 21:11:25,2026-08-12T13:29:33.761206,reviews.csv
4704,2501,1,3,,2022-03-28 21:30:00,2026-08-12T13:29:33.761206,reviews.csv
2507,1553,1,3,"Mixed feelings. Good premise, mediocre execution.",2024-04-06 15:52:31,2026-08-12T13:29:33.761206,reviews.csv
4158,504,6,3,"Mixed feelings. Good premise, mediocre execution.",2021-11-29 08:51:40,2026-08-12T13:29:33.761206,reviews.csv
5532,886,4,3,It was okay. The hype around this book is a bit overstated.,2021-10-24 07:16:56,2026-08-12T13:29:33.761206,reviews.csv
4856,2749,2,4,Enjoyed it quite a bit. Solid writing and interesting ideas.,2024-01-23 06:04:22,2026-08-12T13:29:33.761206,reviews.csv
3162,1490,3,3,Average. Had its moments but failed to really engage me.,2024-11-15 11:18:38,2026-08-12T13:29:33.761206,reviews.csv
2906,1381,1,4,"Good book, though the ending felt a little rushed.",2021-09-11 21:56:00,2026-08-12T13:29:33.761206,reviews.csv
129,1993,8,3,Average. Had its moments but failed to really engage me.,2021-10-02 20:24:58,2026-08-12T13:29:33.761206,reviews.csv
3749,595,30,3,It was okay. The hype around this book is a bit overstated.,2023-03-10 07:13:00,2026-08-12T13:29:33.761206,reviews.csv
2448,790,23,3,,2024-09-23 07:40:22,2026-08-12T13:29:33.761206,reviews.csv
392,193,1,4,Liked it. The first half is stronger than the second.,2023-07-14 04:51:01,2026-08-12T13:29:33.761206,reviews.csv
812,1023,5,2,Struggled to get through it. The story meanders endlessly.,2024-10-07 21:24:44,2026-08-12T13:29:33.761206,reviews.csv
3485,2316,12,5,One of the best reads I have had in years. Highly recommended.,2023-12-28 23:35:49,2026-08-12T13:29:33.761206,reviews.csv
562,670,77,3,"Some interesting parts, but overall felt underwhelming.",2024-06-02 19:27:50,2026-08-12T13:29:33.761206,reviews.csv
1772,292,1,5,This book changed the way I think. A must-read for everyone.,2024-03-29 21:11:09,2026-08-12T13:29:33.761206,reviews.csv
4436,786,7,4,Well-written and engaging. A few plot holes but forgivable.,2023-01-28 07:38:15,2026-08-12T13:29:33.761206,reviews.csv
1436,1698,2,4,"Good book, though the ending felt a little rushed.",2024-12-10 09:20:01,2026-08-12T13:29:33.761206,reviews.csv
2857,2050,1,3,Decent read. Not my favourite but not bad either.,2024-10-13 19:22:02,2026-08-12T13:29:33.761206,reviews.csv
2157,1900,2,4,,2023-11-21 06:21:30,2026-08-12T13:29:33.761206,reviews.csv
7,1241,1,3,"Mixed feelings. Good premise, mediocre execution.",2022-01-11 14:42:04,2026-08-12T13:29:33.761206,reviews.csv
4672,2453,1,2,Would not recommend. Too slow and the payoff was not worth it.,2024-10-31 19:33:12,2026-08-12T13:29:33.761206,reviews.csv
3820,2121,24,3,"Mixed feelings. Good premise, mediocre execution.",2022-05-10 17:22:53,2026-08-12T13:29:33.761206,reviews.csv
4904,1774,3,3,Decent read. Not my favourite but not bad either.,2024-04-12 15:27:43,2026-08-12T13:29:33.761206,reviews.csv
1800,1805,1,3,Neither great nor terrible. Passes the time.,2024-08-13 20:49:12,2026-08-12T13:29:33.761206,reviews.csv
4024,1102,26,4,Mostly great. The middle section drags a bit.,2024-01-20 14:28:29,2026-08-12T13:29:33.761206,reviews.csv
4786,2525,14,3,It was okay. The hype around this book is a bit overstated.,2021-12-14 16:50:59,2026-08-12T13:29:33.761206,reviews.csv
1119,670,8,3,Neither great nor terrible. Passes the time.,2024-07-02 21:17:10,2026-08-12T13:29:33.761206,reviews.csv
5488,448,1,4,Enjoyed it quite a bit. Solid writing and interesting ideas.,2024-03-03 19:46:25,2026-08-12T13:29:33.761206,reviews.csv
551,2177,6,3,Neither great nor terrible. Passes the time.,2024-05-31 03:33:35,2026-08-12T13:29:33.761206,reviews.csv
5221,2146,18,3,"Mixed feelings. Good premise, mediocre execution.",2024-04-16 16:12:48,2026-08-12T13:29:33.761206,reviews.csv
1314,947,2,5,This book changed the way I think. A must-read for everyone.,2023-11-14 13:10:56,2026-08-12T13:29:33.761206,reviews.csv
634,2261,1,2,Would not recommend. Too slow and the payoff was not worth it.,2024-02-12 18:45:59,2026-08-12T13:29:33.761206,reviews.csv
3359,494,3,3,,2024-11-24 08:43:07,2026-08-12T13:29:33.761206,reviews.csv
3861,930,3,3,Had potential but did not quite deliver on its promise.,2024-11-12 09:44:23,2026-08-12T13:29:33.761206,reviews.csv
5210,981,2,4,Pleasant read. Nothing groundbreaking but definitely enjoyable.,2024-09-12 04:12:30,2026-08-12T13:29:33.761206,reviews.csv
1355,992,1,2,Not for me. The writing style felt very dated.,2024-01-28 11:10:09,2026-08-12T13:29:33.761206,reviews.csv
5010,1720,18,2,,2023-08-23 19:04:16,2026-08-12T13:29:33.761206,reviews.csv
1717,1884,1,3,,2024-12-28 15:26:55,2026-08-12T13:29:33.761206,reviews.csv
4359,2760,170,2,Disappointed. Expected much more based on the reviews.,2024-09-07 19:49:54,2026-08-12T13:29:33.761206,reviews.csv
1016,2396,2,3,"Mixed feelings. Good premise, mediocre execution.",2020-10-24 19:44:39,2026-08-12T13:29:33.761206,reviews.csv
884,1610,2,3,"Some interesting parts, but overall felt underwhelming.",2024-06-21 14:10:22,2026-08-12T13:29:33.761206,reviews.csv
3002,1883,1,5,A masterpiece. Every chapter left me wanting more.,2022-07-28 12:05:49,2026-08-12T13:29:33.761206,reviews.csv
733,2339,1,4,Enjoyed it quite a bit. Solid writing and interesting ideas.,2022-05-15 19:02:02,2026-08-12T13:29:33.761206,reviews.csv
2461,636,4,3,"Mixed feelings. Good premise, mediocre execution.",2022-07-29 09:45:52,2026-08-12T13:29:33.761206,reviews.csv
4892,2766,5,3,Neither great nor terrible. Passes the time.,2021-08-14 18:05:12,2026-08-12T13:29:33.761206,reviews.csv
3037,2103,1,4,Pleasant read. Nothing groundbreaking but definitely enjoyable.,2023-12-31 18:52:05,2026-08-12T13:29:33.761206,reviews.csv
2887,898,2,3,Average. Had its moments but failed to really engage me.,2022-03-24 14:49:21,2026-08-12T13:29:33.761206,reviews.csv
983,117,4,3,"Some interesting parts, but overall felt underwhelming.",2024-07-18 23:41:26,2026-08-12T13:29:33.761206,reviews.csv
2398,1032,6,2,Struggled to get through it. The story meanders endlessly.,2024-06-15 07:43:04,2026-08-12T13:29:33.761206,reviews.csv
4370,883,1,5,Absolutely loved this book — couldn't put it down!,2023-09-26 11:30:45,2026-08-12T13:29:33.761206,reviews.csv
2942,360,1,3,,2024-01-14 23:23:58,2026-08-12T13:29:33.761206,reviews.csv
5026,982,1,4,A very good read overall. Some chapters were slow but worth it.,2024-03-20 09:41:39,2026-08-12T13:29:33.761206,reviews.csv
369,2777,3,4,"Good book, though the ending felt a little rushed.",2024-08-27 13:10:10,2026-08-12T13:29:33.761206,reviews.csv
2435,2640,5,4,Well-written and engaging. A few plot holes but forgivable.,2023-09-21 12:05:00,2026-08-12T13:29:33.761206,reviews.csv
3627,1185,1,4,Mostly great. The middle section drags a bit.,2024-09-22 08:17:47,2026-08-12T13:29:33.761206,reviews.csv
3203,1171,18,4,,2023-03-04 13:47:27,2026-08-12T13:29:33.761206,reviews.csv
178,971,1,4,Pleasant read. Nothing groundbreaking but definitely enjoyable.,2024-12-31 18:28:47,2026-08-12T13:29:33.761206,reviews.csv
146,1788,2,3,Average. Had its moments but failed to really engage me.,2023-01-27 11:22:53,2026-08-12T13:29:33.761206,reviews.csv
1368,2184,67,4,Pleasant read. Nothing groundbreaking but definitely enjoyable.,2024-04-21 21:43:50,2026-08-12T13:29:33.761206,reviews.csv
666,2741,4,2,Not for me. The writing style felt very dated.,2022-10-26 17:48:00,2026-08-12T13:29:33.761206,reviews.csv
2484,992,3,2,The plot felt disjointed and the pacing was off throughout.,2024-01-12 12:28:28,2026-08-12T13:29:33.761206,reviews.csv
340,608,3,4,Pleasant read. Nothing groundbreaking but definitely enjoyable.,2024-11-04 20:05:30,2026-08-12T13:29:33.761206,reviews.csv
4703,1411,29,4,,2022-03-30 23:24:51,2026-08-12T13:29:33.761206,reviews.csv
2801,1054,3,3,,2024-07-24 17:06:27,2026-08-12T13:29:33.761206,reviews.csv
2575,959,7,5,Absolutely loved this book — couldn't put it down!,2022-12-04 18:48:26,2026-08-12T13:29:33.761206,reviews.csv
1023,2722,21,4,,2024-05-05 12:51:25,2026-08-12T13:29:33.761206,reviews.csv
3005,1245,18,3,"Mixed feelings. Good premise, mediocre execution.",2020-11-05 18:24:26,2026-08-12T13:29:33.761206,reviews.csv
1379,486,34,3,"Some interesting parts, but overall felt underwhelming.",2021-08-03 19:33:34,2026-08-12T13:29:33.761206,reviews.csv
1960,2652,2,4,Above average. Would recommend to fans of the genre.,2024-10-16 08:26:37,2026-08-12T13:29:33.761206,reviews.csv
4212,111,15,4,"Good book, though the ending felt a little rushed.",2024-12-02 18:07:46,2026-08-12T13:29:33.761206,reviews.csv
3178,2238,1,4,Well-written and engaging. A few plot holes but forgivable.,2024-08-09 12:11:02,2026-08-12T13:29:33.761206,reviews.csv
2015,2272,6,3,"Some interesting parts, but overall felt underwhelming.",2024-11-12 19:10:19,2026-08-12T13:29:33.761206,reviews.csv
2008,2327,1,3,Had potential but did not quite deliver on its promise.,2022-12-02 10:33:39,2026-08-12T13:29:33.761206,reviews.csv
1544,1966,1,5,This book changed the way I think. A must-read for everyone.,2022-02-01 23:53:26,2026-08-12T13:29:33.761206,reviews.csv
202,1839,2,4,Mostly great. The middle section drags a bit.,2024-10-14 04:02:29,2026-08-12T13:29:33.761206,reviews.csv
494,2575,1,3,It was okay. The hype around this book is a bit overstated.,2024-05-29 08:17:38,2026-08-12T13:29:33.761206,reviews.csv
1934,567,1,4,Above average. Would recommend to fans of the genre.,2023-12-19 08:37:43,2026-08-12T13:29:33.761206,reviews.csv
2457,1080,6,3,"Mixed feelings. Good premise, mediocre execution.",2024-06-13 13:21:27,2026-08-12T13:29:33.761206,reviews.csv
4121,1394,1,5,,2023-10-14 19:16:45,2026-08-12T13:29:33.761206,reviews.csv
1984,858,5,2,Disappointed. Expected much more based on the reviews.,2024-05-31 15:59:23,2026-08-12T13:29:33.761206,reviews.csv
1607,952,3,3,,2022-03-23 17:29:49,2026-08-12T13:29:33.761206,reviews.csv
4245,302,35,5,Exceeded all my expectations. Truly extraordinary.,2024-10-05 20:25:21,2026-08-12T13:29:33.761206,reviews.csv
3633,156,4,3,"Some interesting parts, but overall felt underwhelming.",2024-08-02 18:21:08,2026-08-12T13:29:33.761206,reviews.csv
5167,2544,5,3,,2022-09-06 21:39:15,2026-08-12T13:29:33.761206,reviews.csv
4421,1667,32,4,"Good book, though the ending felt a little rushed.",2024-09-28 14:44:07,2026-08-12T13:29:33.761206,reviews.csv
3125,1063,1,4,"Good book, though the ending felt a little rushed.",2024-11-26 09:34:13,2026-08-12T13:29:33.761206,reviews.csv
1627,892,2,3,It was okay. The hype around this book is a bit overstated.,2024-10-15 17:05:42,2026-08-12T13:29:33.761206,reviews.csv
3350,1038,12,4,Well-written and engaging. A few plot holes but forgivable.,2023-07-26 00:22:25,2026-08-12T13:29:33.761206,reviews.csv
3606,239,1,4,"Good book, though the ending felt a little rushed.",2023-11-28 11:04:11,2026-08-12T13:29:33.761206,reviews.csv
5064,1094,8,4,Above average. Would recommend to fans of the genre.,2023-09-12 10:16:46,2026-08-12T13:29:33.761206,reviews.csv
2787,1507,1,4,Enjoyed it quite a bit. Solid writing and interesting ideas.,2024-07-20 21:45:16,2026-08-12T13:29:33.761206,reviews.csv
3612,1322,2,3,Had potential but did not quite deliver on its promise.,2023-01-04 18:03:16,2026-08-12T13:29:33.761206,reviews.csv
2110,1679,2,3,Decent read. Not my favourite but not bad either.,2024-12-31 18:42:16,2026-08-12T13:29:33.761206,reviews.csv
10,1817,2,4,Well-written and engaging. A few plot holes but forgivable.,2022-09-15 20:30:05,2026-08-12T13:29:33.761206,reviews.csv
2109,1821,3,2,The plot felt disjointed and the pacing was off throughout.,2023-11-23 18:13:13,2026-08-12T13:29:33.761206,reviews.csv
907,2667,2,5,I finished this in two sittings. Absolutely riveting.,2024-10-29 14:51:56,2026-08-12T13:29:33.761206,reviews.csv
4172,602,2,3,"Mixed feelings. Good premise, mediocre execution.",2024-07-21 13:09:01,2026-08-12T13:29:33.761206,reviews.csv
3061,2767,63,4,Liked it. The first half is stronger than the second.,2021-11-21 20:47:20,2026-08-12T13:29:33.761206,reviews.csv
4102,2132,30,4,Above average. Would recommend to fans of the genre.,2024-07-20 13:14:38,2026-08-12T13:29:33.761206,reviews.csv
503,2695,3,5,A masterpiece. Every chapter left me wanting more.,2023-02-14 17:33:09,2026-08-12T13:29:33.761206,reviews.csv
3083,622,3,4,Enjoyed it quite a bit. Solid writing and interesting ideas.,2023-11-27 10:28:22,2026-08-12T13:29:33.761206,reviews.csv
4705,2299,28,4,,2023-08-30 21:44:48,2026-08-12T13:29:33.761206,reviews.csv
3346,1369,2,3,"Mixed feelings. Good premise, mediocre execution.",2024-09-02 19:29:46,2026-08-12T13:29:33.761206,reviews.csv
4278,539,6,2,Not for me. The writing style felt very dated.,2023-06-25 08:05:40,2026-08-12T13:29:33.761206,reviews.csv
5482,1445,6,3,Average. Had its moments but failed to really engage me.,2021-03-10 17:43:51,2026-08-12T13:29:33.761206,reviews.csv
5057,2090,3,3,It was okay. The hype around this book is a bit overstated.,2023-11-27 20:12:14,2026-08-12T13:29:33.761206,reviews.csv
4809,2080,1,4,Above average. Would recommend to fans of the genre.,2024-06-05 19:33:04,2026-08-12T13:29:33.761206,reviews.csv
451,1321,6,3,"Some interesting parts, but overall felt underwhelming.",2023-12-05 14:28:54,2026-08-12T13:29:33.761206,reviews.csv
1303,283,2,5,Absolutely loved this book — couldn't put it down!,2024-07-05 10:02:40,2026-08-12T13:29:33.761206,reviews.csv
1491,623,6,3,Neither great nor terrible. Passes the time.,2023-10-28 01:55:45,2026-08-12T13:29:33.761206,reviews.csv
2385,1328,12,4,Liked it. The first half is stronger than the second.,2024-03-28 08:16:09,2026-08-12T13:29:33.761206,reviews.csv
2150,1232,9,3,Had potential but did not quite deliver on its promise.,2020-09-22 12:25:23,2026-08-12T13:29:33.761206,reviews.csv
1115,960,78,4,Above average. Would recommend to fans of the genre.,2023-02-28 20:18:48,2026-08-12T13:29:33.761206,reviews.csv
2459,2289,1,3,It was okay. The hype around this book is a bit overstated.,2024-02-22 18:33:26,2026-08-12T13:29:33.761206,reviews.csv
1638,858,1,3,"Mixed feelings. Good premise, mediocre execution.",2022-09-04 17:14:22,2026-08-12T13:29:33.761206,reviews.csv
1311,2230,1,3,"Mixed feelings. Good premise, mediocre execution.",2024-12-11 07:24:35,2026-08-12T13:29:33.761206,reviews.csv
4371,1144,6,4,A very good read overall. Some chapters were slow but worth it.,2024-08-30 19:08:35,2026-08-12T13:29:33.761206,reviews.csv
3158,1159,1,4,"Good book, though the ending felt a little rushed.",2023-04-20 06:54:14,2026-08-12T13:29:33.761206,reviews.csv
1946,2185,4,3,It was okay. The hype around this book is a bit overstated.,2023-01-07 11:04:56,2026-08-12T13:29:33.761206,reviews.csv
4625,808,23,4,Enjoyed it quite a bit. Solid writing and interesting ideas.,2024-01-26 16:33:40,2026-08-12T13:29:33.761206,reviews.csv
906,95,2,2,Would not recommend. Too slow and the payoff was not worth it.,2022-05-10 09:56:04,2026-08-12T13:29:33.761206,reviews.csv
2065,2701,2,5,Perfect blend of story and insight. Will read again.,2024-07-30 11:03:30,2026-08-12T13:29:33.761206,reviews.csv
4443,2418,1,3,Neither great nor terrible. Passes the time.,2022-08-17 12:20:55,2026-08-12T13:29:33.761206,reviews.csv
1380,2242,2,4,"Good book, though the ending felt a little rushed.",2023-09-20 11:55:53,2026-08-12T13:29:33.761206,reviews.csv
2519,635,7,4,"Good book, though the ending felt a little rushed.",2024-12-26 19:28:59,2026-08-12T13:29:33.761206,reviews.csv
2250,2132,9,3,Had potential but did not quite deliver on its promise.,2024-12-15 22:28:58,2026-08-12T13:29:33.761206,reviews.csv
4493,1704,3,4,Above average. Would recommend to fans of the genre.,2024-01-25 19:52:51,2026-08-12T13:29:33.761206,reviews.csv
5270,203,1,4,,2023-07-02 12:59:51,2026-08-12T13:29:33.761206,reviews.csv
1906,2733,9,5,Beautifully written. The author's style is simply stunning.,2024-02-27 08:36:04,2026-08-12T13:29:33.761206,reviews.csv
3888,745,1,4,,2024-02-01 21:13:42,2026-08-12T13:29:33.761206,reviews.csv
5305,1180,5,5,Absolutely loved this book — couldn't put it down!,2024-12-08 09:37:00,2026-08-12T13:29:33.761206,reviews.csv
5258,1755,2,4,"Good book, though the ending felt a little rushed.",2022-07-02 09:37:45,2026-08-12T13:29:33.761206,reviews.csv
2297,112,4,3,"Mixed feelings. Good premise, mediocre execution.",2023-12-21 18:09:15,2026-08-12T13:29:33.761206,reviews.csv
4325,1155,12,4,"Good book, though the ending felt a little rushed.",2024-01-19 06:50:28,2026-08-12T13:29:33.761206,reviews.csv
5382,705,5,3,Neither great nor terrible. Passes the time.,2023-10-23 15:58:09,2026-08-12T13:29:33.761206,reviews.csv
4050,1119,3,4,Above average. Would recommend to fans of the genre.,2024-05-22 20:55:20,2026-08-12T13:29:33.761206,reviews.csv
3978,919,1,0,Above average. Would recommend to fans of the genre.,2022-10-30 19:03:06,2026-08-12T13:29:33.761206,reviews.csv
2666,1237,3,2,The plot felt disjointed and the pacing was off throughout.,2024-08-14 19:02:21,2026-08-12T13:29:33.761206,reviews.csv
4956,62,3,4,Liked it. The first half is stronger than the second.,2023-06-13 23:06:09,2026-08-12T13:29:33.761206,reviews.csv
2524,2188,3,3,"Mixed feelings. Good premise, mediocre execution.",2022-06-08 19:05:53,2026-08-12T13:29:33.761206,reviews.csv
4296,675,2,3,It was okay. The hype around this book is a bit overstated.,2021-10-24 18:28:23,2026-08-12T13:29:33.761206,reviews.csv
2080,1499,2,4,A very good read overall. Some chapters were slow but worth it.,2023-06-21 11:40:55,2026-08-12T13:29:33.761206,reviews.csv
5560,888,1,3,It was okay. The hype around this book is a bit overstated.,2023-09-29 07:12:15,2026-08-12T13:29:33.761206,reviews.csv
5592,1750,1,4,A very good read overall. Some chapters were slow but worth it.,2023-12-09 19:51:22,2026-08-12T13:29:33.761206,reviews.csv
5380,657,3,4,Above average. Would recommend to fans of the genre.,2024-03-02 08:16:59,2026-08-12T13:29:33.761206,reviews.csv
992,1075,153,5,Beautifully written. The author's style is simply stunning.,2022-11-18 19:21:37,2026-08-12T13:29:33.761206,reviews.csv
2268,499,1,3,Had potential but did not quite deliver on its promise.,2023-12-23 09:50:40,2026-08-12T13:29:33.761206,reviews.csv
3984,1695,2,5,Absolutely loved this book — couldn't put it down!,2024-06-08 07:12:59,2026-08-12T13:29:33.761206,reviews.csv
5067,1449,5,3,"Mixed feelings. Good premise, mediocre execution.",2023-02-08 10:34:58,2026-08-12T13:29:33.761206,reviews.csv
1686,939,122,4,"Good book, though the ending felt a little rushed.",2024-09-28 18:50:50,2026-08-12T13:29:33.761206,reviews.csv
2573,2718,2,5,I finished this in two sittings. Absolutely riveting.,2022-01-18 09:55:18,2026-08-12T13:29:33.761206,reviews.csv
1197,400,18,3,"Some interesting parts, but overall felt underwhelming.",2022-11-14 17:45:34,2026-08-12T13:29:33.761206,reviews.csv
3591,171,2,4,,2024-03-14 19:50:22,2026-08-12T13:29:33.761206,reviews.csv
2226,1077,1,4,"Good book, though the ending felt a little rushed.",2023-08-17 07:31:29,2026-08-12T13:29:33.761206,reviews.csv
4169,509,1,4,A very good read overall. Some chapters were slow but worth it.,2023-05-13 13:14:02,2026-08-12T13:29:33.761206,reviews.csv
3502,986,100,5,One of the best reads I have had in years. Highly recommended.,2023-10-21 01:08:56,2026-08-12T13:29:33.761206,reviews.csv
2856,422,4,5,Beautifully written. The author's style is simply stunning.,2023-12-19 08:25:23,2026-08-12T13:29:33.761206,reviews.csv
4104,623,2,4,Liked it. The first half is stronger than the second.,2023-10-19 22:39:37,2026-08-12T13:29:33.761206,reviews.csv
4507,1523,8,4,A very good read overall. Some chapters were slow but worth it.,2023-10-21 08:50:48,2026-08-12T13:29:33.761206,reviews.csv
4191,516,1,4,Well-written and engaging. A few plot holes but forgivable.,2024-08-20 17:31:22,2026-08-12T13:29:33.761206,reviews.csv
3034,1667,3,3,"Some interesting parts, but overall felt underwhelming.",2023-05-30 05:29:41,2026-08-12T13:29:33.761206,reviews.csv
3385,1386,1,4,Well-written and engaging. A few plot holes but forgivable.,2023-02-02 07:34:07,2026-08-12T13:29:33.761206,reviews.csv
2451,2525,9,4,A very good read overall. Some chapters were slow but worth it.,2022-01-12 17:04:12,2026-08-12T13:29:33.761206,reviews.csv
331,801,2,5,A masterpiece. Every chapter left me wanting more.,2021-12-01 15:10:34,2026-08-12T13:29:33.761206,reviews.csv
4900,2752,35,5,Brilliant narrative. The characters feel genuinely real.,2024-12-31 23:10:46,2026-08-12T13:29:33.761206,reviews.csv
2775,969,11,4,"Good book, though the ending felt a little rushed.",2024-10-03 17:50:01,2026-08-12T13:29:33.761206,reviews.csv
2321,559,1,4,Enjoyed it quite a bit. Solid writing and interesting ideas.,2022-05-22 06:03:13,2026-08-12T13:29:33.761206,reviews.csv
2703,2153,5,3,"Some interesting parts, but overall felt underwhelming.",2022-09-22 09:18:13,2026-08-12T13:29:33.761206,reviews.csv
2363,2278,1,5,I finished this in two sittings. Absolutely riveting.,2024-11-24 11:38:07,2026-08-12T13:29:33.761206,reviews.csv
3278,2296,1,3,Neither great nor terrible. Passes the time.,2023-06-23 05:23:44,2026-08-12T13:29:33.761206,reviews.csv
4946,1417,1,5,Perfect blend of story and insight. Will read again.,2023-09-12 06:58:59,2026-08-12T13:29:33.761206,reviews.csv
2481,1865,2,4,,2024-08-04 10:35:46,2026-08-12T13:29:33.761206,reviews.csv
4471,910,2,4,Well-written and engaging. A few plot holes but forgivable.,2024-11-25 07:07:14,2026-08-12T13:29:33.761206,reviews.csv
1187,965,2,3,Average. Had its moments but failed to really engage me.,2023-09-19 10:31:55,2026-08-12T13:29:33.761206,reviews.csv
4423,352,2,4,Well-written and engaging. A few plot holes but forgivable.,2023-05-07 10:13:30,2026-08-12T13:29:33.761206,reviews.csv
3987,149,2,4,,2024-11-10 19:24:00,2026-08-12T13:29:33.761206,reviews.csv
2610,551,2,3,Decent read. Not my favourite but not bad either.,2024-02-01 07:27:46,2026-08-12T13:29:33.761206,reviews.csv
1700,244,3,3,Neither great nor terrible. Passes the time.,2023-07-04 06:02:58,2026-08-12T13:29:33.761206,reviews.csv
1588,777,2,3,It was okay. The hype around this book is a bit overstated.,2023-01-31 20:19:51,2026-08-12T13:29:33.761206,reviews.csv
3334,2741,10,4,A very good read overall. Some chapters were slow but worth it.,2022-10-04 19:08:21,2026-08-12T13:29:33.761206,reviews.csv
903,2057,1,4,A very good read overall. Some chapters were slow but worth it.,2024-10-10 08:11:34,2026-08-12T13:29:33.761206,reviews.csv
5584,1701,8,3,Decent read. Not my favourite but not bad either.,2023-08-09 08:44:17,2026-08-12T13:29:33.761206,reviews.csv
989,2554,35,4,Pleasant read. Nothing groundbreaking but definitely enjoyable.,2024-07-08 17:34:40,2026-08-12T13:29:33.761206,reviews.csv
248,1162,104,3,It was okay. The hype around this book is a bit overstated.,2021-12-22 08:54:56,2026-08-12T13:29:33.761206,reviews.csv
544,727,1,4,Above average. Would recommend to fans of the genre.,2024-09-13 21:06:17,2026-08-12T13:29:33.761206,reviews.csv
2799,1568,161,5,A masterpiece. Every chapter left me wanting more.,2024-10-12 14:49:07,2026-08-12T13:29:33.761206,reviews.csv
1743,910,16,4,A very good read overall. Some chapters were slow but worth it.,2023-11-09 19:27:48,2026-08-12T13:29:33.761206,reviews.csv
5575,52,2,4,,2022-03-12 06:29:06,2026-08-12T13:29:33.761206,reviews.csv
3571,684,6,2,Struggled to get through it. The story meanders endlessly.,2022-10-26 20:18:59,2026-08-12T13:29:33.761206,reviews.csv
3266,1844,2,4,Mostly great. The middle section drags a bit.,2022-07-05 12:12:00,2026-08-12T13:29:33.761206,reviews.csv
2147,2149,1,4,Mostly great. The middle section drags a bit.,2024-01-27 07:19:25,2026-08-12T13:29:33.761206,reviews.csv
735,725,2,3,Decent read. Not my favourite but not bad either.,2024-11-30 09:16:32,2026-08-12T13:29:33.761206,reviews.csv
5466,68,4,4,Well-written and engaging. A few plot holes but forgivable.,2023-10-11 18:40:20,2026-08-12T13:29:33.761206,reviews.csv
2307,1383,28,4,"Good book, though the ending felt a little rushed.",2024-12-20 16:47:20,2026-08-12T13:29:33.761206,reviews.csv
1042,599,1,4,Well-written and engaging. A few plot holes but forgivable.,2021-11-22 13:16:48,2026-08-12T13:29:33.761206,reviews.csv
1593,84,14,6,"Good book, though the ending felt a little rushed.",2022-09-06 16:48:34,2026-08-12T13:29:33.761206,reviews.csv
2017,571,2,3,It was okay. The hype around this book is a bit overstated.,2020-12-14 19:42:29,2026-08-12T13:29:33.761206,reviews.csv
5422,1235,2,5,One of the best reads I have had in years. Highly recommended.,2024-07-23 13:39:44,2026-08-12T13:29:33.761206,reviews.csv
3428,449,1,5,,2023-12-12 18:51:45,2026-08-12T13:29:33.761206,reviews.csv
2401,709,2,4,A very good read overall. Some chapters were slow but worth it.,2022-10-17 19:49:50,2026-08-12T13:29:33.761206,reviews.csv
3115,892,4,2,Overrated. I did not enjoy the characters at all.,2023-01-04 11:54:43,2026-08-12T13:29:33.761206,reviews.csv
4396,2425,9,3,Neither great nor terrible. Passes the time.,2023-07-25 03:31:24,2026-08-12T13:29:33.761206,reviews.csv
2016,1008,1,3,Neither great nor terrible. Passes the time.,2024-02-26 14:19:23,2026-08-12T13:29:33.761206,reviews.csv
3999,2634,56,4,Well-written and engaging. A few plot holes but forgivable.,2024-03-23 18:40:08,2026-08-12T13:29:33.761206,reviews.csv
4589,2541,11,3,"Some interesting parts, but overall felt underwhelming.",2023-12-03 12:21:44,2026-08-12T13:29:33.761206,reviews.csv
1163,219,3,3,Neither great nor terrible. Passes the time.,2023-12-02 14:12:32,2026-08-12T13:29:33.761206,reviews.csv
4818,2041,4,3,Neither great nor terrible. Passes the time.,2023-07-06 11:01:01,2026-08-12T13:29:33.761206,reviews.csv
276,2729,1,4,Liked it. The first half is stronger than the second.,2022-06-20 00:27:08,2026-08-12T13:29:33.761206,reviews.csv
5587,1701,23,4,,2024-12-31 09:13:53,2026-08-12T13:29:33.761206,reviews.csv
638,2720,52,4,"Good book, though the ending felt a little rushed.",2023-04-08 17:34:55,2026-08-12T13:29:33.761206,reviews.csv
5299,2140,13,5,The writing is exceptional and the story gripped me from page one.,2022-09-01 12:32:29,2026-08-12T13:29:33.761206,reviews.csv
1375,1762,12,5,Beautifully written. The author's style is simply stunning.,2024-09-05 07:48:58,2026-08-12T13:29:33.761206,reviews.csv
2480,2465,2,4,,2024-04-05 16:55:34,2026-08-12T13:29:33.761206,reviews.csv
1838,692,1,4,Liked it. The first half is stronger than the second.,2024-08-27 05:23:31,2026-08-12T13:29:33.761206,reviews.csv
2482,1586,1,2,Overrated. I did not enjoy the characters at all.,2024-01-11 11:59:04,2026-08-12T13:29:33.761206,reviews.csv
978,143,2,4,Pleasant read. Nothing groundbreaking but definitely enjoyable.,2024-12-08 14:54:59,2026-08-12T13:29:33.761206,reviews.csv
781,1841,1,4,A very good read overall. Some chapters were slow but worth it.,2022-07-06 08:54:48,2026-08-12T13:29:33.761206,reviews.csv
2,2444,1,2,Not for me. The writing style felt very dated.,2024-06-18 20:33:24,2026-08-12T13:29:33.761206,reviews.csv
1427,1354,3,3,Decent read. Not my favourite but not bad either.,2024-10-18 13:16:16,2026-08-12T13:29:33.761206,reviews.csv
5426,1722,10,4,Pleasant read. Nothing groundbreaking but definitely enjoyable.,2024-12-10 13:17:34,2026-08-12T13:29:33.761206,reviews.csv
4060,1356,1,4,Liked it. The first half is stronger than the second.,2020-09-25 17:42:36,2026-08-12T13:29:33.761206,reviews.csv
4538,494,12,5,The writing is exceptional and the story gripped me from page one.,2024-12-31 19:35:57,2026-08-12T13:29:33.761206,reviews.csv
3741,197,1,5,Perfect blend of story and insight. Will read again.,2024-12-29 20:29:34,2026-08-12T13:29:33.761206,reviews.csv
2337,1049,2,3,Average. Had its moments but failed to really engage me.,2020-07-21 19:14:26,2026-08-12T13:29:33.761206,reviews.csv
4753,2524,2,5,Perfect blend of story and insight. Will read again.,2021-08-09 21:18:19,2026-08-12T13:29:33.761206,reviews.csv
1870,46,2,3,Had potential but did not quite deliver on its promise.,2024-06-15 17:49:17,2026-08-12T13:29:33.761206,reviews.csv
2512,2536,1,3,Had potential but did not quite deliver on its promise.,2023-12-02 22:22:17,2026-08-12T13:29:33.761206,reviews.csv
3497,933,82,2,Struggled to get through it. The story meanders endlessly.,2024-06-16 19:59:30,2026-08-12T13:29:33.761206,reviews.csv
2068,482,60,5,Perfect blend of story and insight. Will read again.,2021-01-22 04:59:25,2026-08-12T13:29:33.761206,reviews.csv
5164,1163,7,4,Above average. Would recommend to fans of the genre.,2022-10-09 19:03:35,2026-08-12T13:29:33.761206,reviews.csv
1619,939,2,5,The writing is exceptional and the story gripped me from page one.,2024-09-21 07:00:25,2026-08-12T13:29:33.761206,reviews.csv
3770,290,6,3,Average. Had its moments but failed to really engage me.,2021-04-23 19:06:50,2026-08-12T13:29:33.761206,reviews.csv
3740,56,3,4,Well-written and engaging. A few plot holes but forgivable.,2023-10-18 13:37:31,2026-08-12T13:29:33.761206,reviews.csv
583,2097,7,5,Absolutely loved this book — couldn't put it down!,2024-12-01 16:09:32,2026-08-12T13:29:33.761206,reviews.csv
641,1084,4,3,Average. Had its moments but failed to really engage me.,2022-10-04 17:04:43,2026-08-12T13:29:33.761206,reviews.csv
4035,1685,2,5,Perfect blend of story and insight. Will read again.,2021-01-13 18:48:10,2026-08-12T13:29:33.761206,reviews.csv
1111,2588,10,3,Had potential but did not quite deliver on its promise.,2024-10-13 06:55:50,2026-08-12T13:29:33.761206,reviews.csv
5130,2577,9,3,Average. Had its moments but failed to really engage me.,2022-12-17 18:52:21,2026-08-12T13:29:33.761206,reviews.csv
9,1576,2,5,One of the best reads I have had in years. Highly recommended.,2022-05-30 09:17:11,2026-08-12T13:29:33.761206,reviews.csv
2851,2067,20,0,Neither great nor terrible. Passes the time.,2023-02-28 15:57:29,2026-08-12T13:29:33.761206,reviews.csv
1767,1146,1,4,Above average. Would recommend to fans of the genre.,2022-10-14 09:37:28,2026-08-12T13:29:33.761206,reviews.csv
4849,2474,12,3,Had potential but did not quite deliver on its promise.,2023-11-21 23:18:49,2026-08-12T13:29:33.761206,reviews.csv
5542,1657,1,3,,2022-12-22 10:11:27,2026-08-12T13:29:33.761206,reviews.csv
153,1484,1,4,A very good read overall. Some chapters were slow but worth it.,2024-09-21 18:51:32,2026-08-12T13:29:33.761206,reviews.csv
5390,1441,7,5,,2024-03-16 08:29:07,2026-08-12T13:29:33.761206,reviews.csv
5500,350,5,4,Above average. Would recommend to fans of the genre.,2021-02-26 23:49:59,2026-08-12T13:29:33.761206,reviews.csv
4874,997,1,3,Had potential but did not quite deliver on its promise.,2023-08-03 00:52:26,2026-08-12T13:29:33.761206,reviews.csv
4520,855,7,2,Would not recommend. Too slow and the payoff was not worth it.,2023-03-13 16:21:17,2026-08-12T13:29:33.761206,reviews.csv
2142,392,2,3,Average. Had its moments but failed to really engage me.,2024-05-22 17:03:53,2026-08-12T13:29:33.761206,reviews.csv
155,2611,1,2,The plot felt disjointed and the pacing was off throughout.,2024-06-26 12:08:13,2026-08-12T13:29:33.761206,reviews.csv
5512,1701,8,3,Decent read. Not my favourite but not bad either.,2023-08-09 08:44:17,2026-08-12T13:29:33.761206,reviews.csv
2619,597,1,4,Enjoyed it quite a bit. Solid writing and interesting ideas.,2024-01-29 06:15:56,2026-08-12T13:29:33.761206,reviews.csv
2830,884,2,4,"Good book, though the ending felt a little rushed.",2024-10-06 15:55:24,2026-08-12T13:29:33.761206,reviews.csv
5603,500,8,3,Decent read. Not my favourite but not bad either.,2024-09-03 17:18:29,2026-08-12T13:29:33.761206,reviews.csv
855,723,3,3,It was okay. The hype around this book is a bit overstated.,2022-10-11 18:35:13,2026-08-12T13:29:33.761206,reviews.csv
2761,446,2,4,,2024-09-27 10:15:35,2026-08-12T13:29:33.761206,reviews.csv
4915,654,3,4,Enjoyed it quite a bit. Solid writing and interesting ideas.,2023-09-28 06:31:03,2026-08-12T13:29:33.761206,reviews.csv
1891,713,1,4,Enjoyed it quite a bit. Solid writing and interesting ideas.,2021-10-03 13:36:17,2026-08-12T13:29:33.761206,reviews.csv
2983,227,99,5,This book changed the way I think. A must-read for everyone.,2021-09-17 07:23:54,2026-08-12T13:29:33.761206,reviews.csv
2697,2195,12,4,Well-written and engaging. A few plot holes but forgivable.,2022-05-09 08:48:29,2026-08-12T13:29:33.761206,reviews.csv
493,809,1,5,Brilliant narrative. The characters feel genuinely real.,2022-09-02 14:11:07,2026-08-12T13:29:33.761206,reviews.csv
2567,149,6,3,"Mixed feelings. Good premise, mediocre execution.",2024-12-17 10:33:19,2026-08-12T13:29:33.761206,reviews.csv
3302,1987,1,4,Liked it. The first half is stronger than the second.,2022-04-21 13:15:04,2026-08-12T13:29:33.761206,reviews.csv
1071,511,101,4,"Good book, though the ending felt a little rushed.",2023-12-16 17:57:13,2026-08-12T13:29:33.761206,reviews.csv
3029,1416,3,5,Exceeded all my expectations. Truly extraordinary.,2021-12-23 18:04:49,2026-08-12T13:29:33.761206,reviews.csv
5609,2757,1,5,I finished this in two sittings. Absolutely riveting.,2023-08-02 11:17:56,2026-08-12T13:29:33.761206,reviews.csv
227,1214,1,3,It was okay. The hype around this book is a bit overstated.,2021-09-05 18:09:40,2026-08-12T13:29:33.761206,reviews.csv
5557,98,2,3,Average. Had its moments but failed to really engage me.,2024-12-31 09:44:31,2026-08-12T13:29:33.761206,reviews.csv
722,721,2,3,Had potential but did not quite deliver on its promise.,2023-07-27 18:18:21,2026-08-12T13:29:33.761206,reviews.csv
2101,139,1,5,Absolutely loved this book — couldn't put it down!,2024-09-26 16:30:01,2026-08-12T13:29:33.761206,reviews.csv
3944,2337,4,3,Average. Had its moments but failed to really engage me.,2020-07-27 17:26:34,2026-08-12T13:29:33.761206,reviews.csv
2572,178,57,3,Neither great nor terrible. Passes the time.,2021-12-10 18:32:37,2026-08-12T13:29:33.761206,reviews.csv
4957,2634,3,2,Would not recommend. Too slow and the payoff was not worth it.,2022-11-17 10:33:03,2026-08-12T13:29:33.761206,reviews.csv
4323,1524,2,3,Had potential but did not quite deliver on its promise.,2024-11-07 20:58:28,2026-08-12T13:29:33.761206,reviews.csv
357,1258,4,4,Mostly great. The middle section drags a bit.,2023-10-23 06:05:41,2026-08-12T13:29:33.761206,reviews.csv
1223,356,1,5,Brilliant narrative. The characters feel genuinely real.,2024-08-12 13:24:21,2026-08-12T13:29:33.761206,reviews.csv
3207,2567,2,4,"Good book, though the ending felt a little rushed.",2024-10-19 07:56:40,2026-08-12T13:29:33.761206,reviews.csv
5050,2368,51,3,Decent read. Not my favourite but not bad either.,2024-06-05 09:59:43,2026-08-12T13:29:33.761206,reviews.csv
2537,1952,3,3,Decent read. Not my favourite but not bad either.,2024-12-20 17:55:36,2026-08-12T13:29:33.761206,reviews.csv
3628,472,3,3,"Mixed feelings. Good premise, mediocre execution.",2022-08-09 12:21:38,2026-08-12T13:29:33.761206,reviews.csv
1353,2120,2,4,Enjoyed it quite a bit. Solid writing and interesting ideas.,2021-09-24 19:26:45,2026-08-12T13:29:33.761206,reviews.csv
843,1319,1,4,Pleasant read. Nothing groundbreaking but definitely enjoyable.,2024-05-30 14:02:12,2026-08-12T13:29:33.761206,reviews.csv
65,460,134,2,Disappointed. Expected much more based on the reviews.,2022-10-06 08:10:22,2026-08-12T13:29:33.761206,reviews.csv
1048,1440,1,3,"Mixed feelings. Good premise, mediocre execution.",2023-11-28 14:36:29,2026-08-12T13:29:33.761206,reviews.csv
531,1358,1,3,"Some interesting parts, but overall felt underwhelming.",2024-05-13 14:43:31,2026-08-12T13:29:33.761206,reviews.csv
805,2091,1,3,"Mixed feelings. Good premise, mediocre execution.",2022-09-19 09:33:31,2026-08-12T13:29:33.761206,reviews.csv
624,2716,1,3,Neither great nor terrible. Passes the time.,2023-08-25 09:58:22,2026-08-12T13:29:33.761206,reviews.csv
3010,1713,1,4,Well-written and engaging. A few plot holes but forgivable.,2024-10-15 16:56:32,2026-08-12T13:29:33.761206,reviews.csv
362,500,2,4,Liked it. The first half is stronger than the second.,2021-09-03 17:25:38,2026-08-12T13:29:33.761206,reviews.csv
508,725,1,3,"Mixed feelings. Good premise, mediocre execution.",2024-10-22 20:51:38,2026-08-12T13:29:33.761206,reviews.csv
2864,1308,6,4,"Good book, though the ending felt a little rushed.",2023-11-04 19:51:55,2026-08-12T13:29:33.761206,reviews.csv
4109,2159,1,-1,Enjoyed it quite a bit. Solid writing and interesting ideas.,2022-08-27 08:31:38,2026-08-12T13:29:33.761206,reviews.csv
4235,966,3,3,It was okay. The hype around this book is a bit overstated.,2023-12-25 19:53:59,2026-08-12T13:29:33.761206,reviews.csv
1591,1629,1,3,Had potential but did not quite deliver on its promise.,2023-12-07 20:27:02,2026-08-12T13:29:33.761206,reviews.csv
4056,665,2,2,The plot felt disjointed and the pacing was off throughout.,2021-11-13 21:58:53,2026-08-12T13:29:33.761206,reviews.csv
2353,1878,2,4,Well-written and engaging. A few plot holes but forgivable.,2024-09-14 06:58:16,2026-08-12T13:29:33.761206,reviews.csv
680,1397,2,3,It was okay. The hype around this book is a bit overstated.,2021-08-01 08:17:25,2026-08-12T13:29:33.761206,reviews.csv
390,232,11,5,One of the best reads I have had in years. Highly recommended.,2023-01-19 19:38:21,2026-08-12T13:29:33.761206,reviews.csv
2119,1774,48,2,Would not recommend. Too slow and the payoff was not worth it.,2024-03-25 08:27:50,2026-08-12T13:29:33.761206,reviews.csv
1440,462,2,3,Average. Had its moments but failed to really engage me.,2021-03-10 09:04:11,2026-08-12T13:29:33.761206,reviews.csv
4541,327,2,5,Exceeded all my expectations. Truly extraordinary.,2023-06-05 23:24:06,2026-08-12T13:29:33.761206,reviews.csv
4622,2294,9,4,Mostly great. The middle section drags a bit.,2023-09-19 20:51:31,2026-08-12T13:29:33.761206,reviews.csv
3913,1492,1,4,Pleasant read. Nothing groundbreaking but definitely enjoyable.,2023-02-25 16:28:14,2026-08-12T13:29:33.761206,reviews.csv
3935,2255,1,5,I finished this in two sittings. Absolutely riveting.,2023-11-15 13:25:34,2026-08-12T13:29:33.761206,reviews.csv
404,855,31,4,"Good book, though the ending felt a little rushed.",2022-10-13 20:45:26,2026-08-12T13:29:33.761206,reviews.csv
4449,1244,1,3,Average. Had its moments but failed to really engage me.,2020-10-19 09:07:00,2026-08-12T13:29:33.761206,reviews.csv
1050,2309,1,4,Pleasant read. Nothing groundbreaking but definitely enjoyable.,2023-07-21 12:58:25,2026-08-12T13:29:33.761206,reviews.csv
1063,2751,8,2,Would not recommend. Too slow and the payoff was not worth it.,2024-03-08 19:54:54,2026-08-12T13:29:33.761206,reviews.csv
2369,699,4,4,"Good book, though the ending felt a little rushed.",2024-12-31 17:22:42,2026-08-12T13:29:33.761206,reviews.csv
2275,2688,2,5,The writing is exceptional and the story gripped me from page one.,2024-04-11 08:30:04,2026-08-12T13:29:33.761206,reviews.csv
3787,1111,8,5,Absolutely loved this book — couldn't put it down!,2024-12-31 11:12:57,2026-08-12T13:29:33.761206,reviews.csv
500,2425,3,4,Liked it. The first half is stronger than the second.,2023-02-11 20:38:01,2026-08-12T13:29:33.761206,reviews.csv
1856,172,2,4,Above average. Would recommend to fans of the genre.,2024-05-13 09:05:31,2026-08-12T13:29:33.761206,reviews.csv
5052,2733,12,5,,2024-10-01 03:56:09,2026-08-12T13:29:33.761206,reviews.csv
3801,1081,2,3,Decent read. Not my favourite but not bad either.,2024-12-18 15:29:03,2026-08-12T13:29:33.761206,reviews.csv
1654,206,106,3,Decent read. Not my favourite but not bad either.,2024-06-05 11:44:01,2026-08-12T13:29:33.761206,reviews.csv
5393,2771,1,3,Average. Had its moments but failed to really engage me.,2024-03-10 18:42:04,2026-08-12T13:29:33.761206,reviews.csv
4918,1748,2,5,The writing is exceptional and the story gripped me from page one.,2024-11-14 10:26:27,2026-08-12T13:29:33.761206,reviews.csv
1653,1816,44,4,Above average. Would recommend to fans of the genre.,2024-01-17 14:32:07,2026-08-12T13:29:33.761206,reviews.csv
2392,365,1,4,A very good read overall. Some chapters were slow but worth it.,2024-11-12 17:23:24,2026-08-12T13:29:33.761206,reviews.csv
1255,1038,1,4,"Good book, though the ending felt a little rushed.",2022-05-29 13:51:23,2026-08-12T13:29:33.761206,reviews.csv
5032,323,70,4,Well-written and engaging. A few plot holes but forgivable.,2024-08-22 16:40:55,2026-08-12T13:29:33.761206,reviews.csv
3361,2366,5,3,It was okay. The hype around this book is a bit overstated.,2023-09-12 17:50:49,2026-08-12T13:29:33.761206,reviews.csv
4454,2747,5,2,,2023-12-29 19:37:23,2026-08-12T13:29:33.761206,reviews.csv
179,1527,1,5,A masterpiece. Every chapter left me wanting more.,2020-05-12 15:40:11,2026-08-12T13:29:33.761206,reviews.csv
5025,1853,8,4,"Good book, though the ending felt a little rushed.",2024-12-22 23:36:41,2026-08-12T13:29:33.761206,reviews.csv
3761,1355,3,4,Enjoyed it quite a bit. Solid writing and interesting ideas.,2024-07-27 18:44:28,2026-08-12T13:29:33.761206,reviews.csv
4606,1699,2,3,Decent read. Not my favourite but not bad either.,2022-11-15 11:35:45,2026-08-12T13:29:33.761206,reviews.csv
540,724,23,3,It was okay. The hype around this book is a bit overstated.,2024-11-27 22:42:03,2026-08-12T13:29:33.761206,reviews.csv
4526,512,7,5,The writing is exceptional and the story gripped me from page one.,2021-09-16 19:09:45,2026-08-12T13:29:33.761206,reviews.csv
2471,2128,2,2,Not for me. The writing style felt very dated.,2021-09-08 23:35:20,2026-08-12T13:29:33.761206,reviews.csv
1206,165,14,4,Liked it. The first half is stronger than the second.,2023-08-21 21:17:30,2026-08-12T13:29:33.761206,reviews.csv
2563,656,1,2,Struggled to get through it. The story meanders endlessly.,2023-08-14 20:53:26,2026-08-12T13:29:33.761206,reviews.csv
5003,893,4,3,Neither great nor terrible. Passes the time.,2024-09-27 19:09:29,2026-08-12T13:29:33.761206,reviews.csv
1218,2398,1,5,I finished this in two sittings. Absolutely riveting.,2023-11-03 13:33:37,2026-08-12T13:29:33.761206,reviews.csv
3889,453,11,4,Enjoyed it quite a bit. Solid writing and interesting ideas.,2020-06-19 13:47:01,2026-08-12T13:29:33.761206,reviews.csv
828,890,3,7,"Some interesting parts, but overall felt underwhelming.",2023-12-12 12:16:19,2026-08-12T13:29:33.761206,reviews.csv
4209,1771,2,3,Neither great nor terrible. Passes the time.,2022-05-20 12:53:52,2026-08-12T13:29:33.761206,reviews.csv
866,1645,82,3,Decent read. Not my favourite but not bad either.,2024-09-25 11:29:52,2026-08-12T13:29:33.761206,reviews.csv
1324,2005,1,3,"Some interesting parts, but overall felt underwhelming.",2024-09-03 05:44:35,2026-08-12T13:29:33.761206,reviews.csv
948,871,128,4,Above average. Would recommend to fans of the genre.,2023-12-15 14:12:19,2026-08-12T13:29:33.761206,reviews.csv
4828,1498,1,4,Well-written and engaging. A few plot holes but forgivable.,2023-05-04 22:34:07,2026-08-12T13:29:33.761206,reviews.csv
5594,130,129,4,,2024-08-31 18:58:01,2026-08-12T13:29:33.761206,reviews.csv
1538,1203,2,4,Enjoyed it quite a bit. Solid writing and interesting ideas.,2024-06-10 18:44:05,2026-08-12T13:29:33.761206,reviews.csv
1831,2667,37,4,A very good read overall. Some chapters were slow but worth it.,2024-10-09 18:35:34,2026-08-12T13:29:33.761206,reviews.csv
2085,215,32,3,"Mixed feelings. Good premise, mediocre execution.",2022-05-25 13:08:50,2026-08-12T13:29:33.761206,reviews.csv
3531,2760,5,3,It was okay. The hype around this book is a bit overstated.,2024-12-31 11:42:18,2026-08-12T13:29:33.761206,reviews.csv
4791,793,1,4,Liked it. The first half is stronger than the second.,2024-11-30 19:14:33,2026-08-12T13:29:33.761206,reviews.csv
1241,1730,1,5,Exceeded all my expectations. Truly extraordinary.,2024-10-13 04:40:40,2026-08-12T13:29:33.761206,reviews.csv
4067,328,5,5,Absolutely loved this book — couldn't put it down!,2024-03-20 17:14:48,2026-08-12T13:29:33.761206,reviews.csv
4742,1067,2,3,Average. Had its moments but failed to really engage me.,2023-09-05 16:54:13,2026-08-12T13:29:33.761206,reviews.csv
2600,946,3,3,Average. Had its moments but failed to really engage me.,2023-10-05 16:08:35,2026-08-12T13:29:33.761206,reviews.csv
4886,2530,2,4,Mostly great. The middle section drags a bit.,2024-07-12 13:43:30,2026-08-12T13:29:33.761206,reviews.csv
395,2365,16,4,Above average. Would recommend to fans of the genre.,2024-07-17 18:34:07,2026-08-12T13:29:33.761206,reviews.csv
3075,1993,4,4,A very good read overall. Some chapters were slow but worth it.,2024-05-22 07:14:36,2026-08-12T13:29:33.761206,reviews.csv
5621,1854,30,4,Enjoyed it quite a bit. Solid writing and interesting ideas.,2024-10-17 13:17:06,2026-08-12T13:29:33.761206,reviews.csv
1309,54,165,3,"Mixed feelings. Good premise, mediocre execution.",2024-03-18 21:10:11,2026-08-12T13:29:33.761206,reviews.csv
1421,1803,2,4,"Good book, though the ending felt a little rushed.",2023-09-27 15:18:08,2026-08-12T13:29:33.761206,reviews.csv
1256,2055,1,3,"Some interesting parts, but overall felt underwhelming.",2021-06-02 16:30:19,2026-08-12T13:29:33.761206,reviews.csv
374,2191,2,4,Enjoyed it quite a bit. Solid writing and interesting ideas.,2021-03-13 03:55:16,2026-08-12T13:29:33.761206,reviews.csv
1753,2017,22,3,Neither great nor terrible. Passes the time.,2020-05-08 22:21:03,2026-08-12T13:29:33.761206,reviews.csv
4221,2707,3,4,Mostly great. The middle section drags a bit.,2024-09-20 17:43:54,2026-08-12T13:29:33.761206,reviews.csv
4920,728,2,5,Brilliant narrative. The characters feel genuinely real.,2024-10-27 05:01:20,2026-08-12T13:29:33.761206,reviews.csv
913,17,3,3,It was okay. The hype around this book is a bit overstated.,2020-07-13 09:24:12,2026-08-12T13:29:33.761206,reviews.csv
893,272,1,4,Mostly great. The middle section drags a bit.,2024-10-01 18:38:56,2026-08-12T13:29:33.761206,reviews.csv
3013,1333,1,4,"Good book, though the ending felt a little rushed.",2024-12-31 04:25:46,2026-08-12T13:29:33.761206,reviews.csv
3934,1046,5,4,Liked it. The first half is stronger than the second.,2023-12-01 23:45:51,2026-08-12T13:29:33.761206,reviews.csv
1988,1865,8,4,,2024-12-31 08:53:10,2026-08-12T13:29:33.761206,reviews.csv
4074,1982,5,5,Exceeded all my expectations. Truly extraordinary.,2020-01-27 12:32:40,2026-08-12T13:29:33.761206,reviews.csv
1944,787,2,4,"Good book, though the ending felt a little rushed.",2022-11-13 18:41:39,2026-08-12T13:29:33.761206,reviews.csv
5127,2169,2,3,Neither great nor terrible. Passes the time.,2021-12-03 18:22:19,2026-08-12T13:29:33.761206,reviews.csv
714,1782,1,5,Absolutely loved this book — couldn't put it down!,2023-02-01 20:27:10,2026-08-12T13:29:33.761206,reviews.csv
3790,1238,1,4,Above average. Would recommend to fans of the genre.,2022-02-12 19:40:15,2026-08-12T13:29:33.761206,reviews.csv
3031,2479,9,3,Had potential but did not quite deliver on its promise.,2023-11-28 19:01:23,2026-08-12T13:29:33.761206,reviews.csv
3071,539,71,5,Perfect blend of story and insight. Will read again.,2023-10-12 08:32:30,2026-08-12T13:29:33.761206,reviews.csv
4026,1948,4,4,Above average. Would recommend to fans of the genre.,2023-12-18 19:22:32,2026-08-12T13:29:33.761206,reviews.csv
4800,2122,8,1,Could not finish it. Extremely boring.,2024-09-22 19:51:07,2026-08-12T13:29:33.761206,reviews.csv
1851,49,6,2,Would not recommend. Too slow and the payoff was not worth it.,2023-10-15 02:01:33,2026-08-12T13:29:33.761206,reviews.csv
2242,1290,3,3,It was okay. The hype around this book is a bit overstated.,2022-06-21 18:44:31,2026-08-12T13:29:33.761206,reviews.csv
1334,1078,9,3,Decent read. Not my favourite but not bad either.,2024-05-23 20:57:06,2026-08-12T13:29:33.761206,reviews.csv
3092,1497,1,4,A very good read overall. Some chapters were slow but worth it.,2021-08-31 18:58:03,2026-08-12T13:29:33.761206,reviews.csv
2167,1626,3,4,Mostly great. The middle section drags a bit.,2023-11-07 07:22:04,2026-08-12T13:29:33.761206,reviews.csv
5339,1006,4,2,Struggled to get through it. The story meanders endlessly.,2024-07-27 10:54:35,2026-08-12T13:29:33.761206,reviews.csv
559,2513,2,5,Brilliant narrative. The characters feel genuinely real.,2023-12-29 20:13:33,2026-08-12T13:29:33.761206,reviews.csv
2956,1133,4,5,Beautifully written. The author's style is simply stunning.,2022-11-03 17:07:08,2026-08-12T13:29:33.761206,reviews.csv
4467,600,66,2,Disappointed. Expected much more based on the reviews.,2021-03-06 18:21:39,2026-08-12T13:29:33.761206,reviews.csv
2580,1232,2,5,The writing is exceptional and the story gripped me from page one.,2022-02-01 22:03:46,2026-08-12T13:29:33.761206,reviews.csv
1171,664,1,4,Pleasant read. Nothing groundbreaking but definitely enjoyable.,2024-05-23 11:33:28,2026-08-12T13:29:33.761206,reviews.csv
1177,2488,1,5,Absolutely loved this book — couldn't put it down!,2023-09-20 23:01:31,2026-08-12T13:29:33.761206,reviews.csv
1215,321,1,5,This book changed the way I think. A must-read for everyone.,2024-11-03 04:20:28,2026-08-12T13:29:33.761206,reviews.csv
4686,2487,12,4,Liked it. The first half is stronger than the second.,2023-11-03 15:01:20,2026-08-12T13:29:33.761206,reviews.csv
3508,98,5,4,Well-written and engaging. A few plot holes but forgivable.,2024-12-18 09:41:35,2026-08-12T13:29:33.761206,reviews.csv
2860,1820,1,4,Well-written and engaging. A few plot holes but forgivable.,2024-05-19 14:18:01,2026-08-12T13:29:33.761206,reviews.csv
1258,2034,8,2,Disappointed. Expected much more based on the reviews.,2022-04-29 08:38:31,2026-08-12T13:29:33.761206,reviews.csv
4574,115,52,4,Pleasant read. Nothing groundbreaking but definitely enjoyable.,2022-01-16 14:10:02,2026-08-12T13:29:33.761206,reviews.csv
4617,847,6,2,Would not recommend. Too slow and the payoff was not worth it.,2024-10-29 13:18:51,2026-08-12T13:29:33.761206,reviews.csv
677,1965,1,7,Mostly great. The middle section drags a bit.,2022-09-12 12:41:42,2026-08-12T13:29:33.761206,reviews.csv
3074,1706,1,3,"Some interesting parts, but overall felt underwhelming.",2021-03-03 07:27:16,2026-08-12T13:29:33.761206,reviews.csv
2190,1184,4,3,Average. Had its moments but failed to really engage me.,2024-10-05 14:31:49,2026-08-12T13:29:33.761206,reviews.csv
1952,852,3,3,Average. Had its moments but failed to really engage me.,2024-12-31 16:52:56,2026-08-12T13:29:33.761206,reviews.csv
2747,1815,1,5,Absolutely loved this book — couldn't put it down!,2023-12-15 19:38:33,2026-08-12T13:29:33.761206,reviews.csv
4250,1466,5,2,Would not recommend. Too slow and the payoff was not worth it.,2023-03-14 15:09:44,2026-08-12T13:29:33.761206,reviews.csv
967,1696,1,2,Disappointed. Expected much more based on the reviews.,2023-07-07 04:46:50,2026-08-12T13:29:33.761206,reviews.csv
4980,863,1,3,Neither great nor terrible. Passes the time.,2023-04-29 09:52:55,2026-08-12T13:29:33.761206,reviews.csv
804,1841,91,3,"Mixed feelings. Good premise, mediocre execution.",2023-03-16 14:20:27,2026-08-12T13:29:33.761206,reviews.csv
627,1154,1,5,Exceeded all my expectations. Truly extraordinary.,2024-10-22 13:15:55,2026-08-12T13:29:33.761206,reviews.csv
4627,63,4,3,Neither great nor terrible. Passes the time.,2024-01-11 04:23:20,2026-08-12T13:29:33.761206,reviews.csv
5601,2294,1,4,Well-written and engaging. A few plot holes but forgivable.,2020-07-09 14:25:00,2026-08-12T13:29:33.761206,reviews.csv
4350,142,9,5,A masterpiece. Every chapter left me wanting more.,2024-03-04 12:16:57,2026-08-12T13:29:33.761206,reviews.csv
3362,1593,1,5,Perfect blend of story and insight. Will read again.,2023-01-24 18:14:56,2026-08-12T13:29:33.761206,reviews.csv
3154,2041,2,5,Brilliant narrative. The characters feel genuinely real.,2024-03-18 07:31:24,2026-08-12T13:29:33.761206,reviews.csv
4634,436,8,3,It was okay. The hype around this book is a bit overstated.,2024-12-31 00:43:57,2026-08-12T13:29:33.761206,reviews.csv
2996,61,2,4,,2022-12-12 11:08:40,2026-08-12T13:29:33.761206,reviews.csv
5157,647,1,5,,2024-10-25 19:02:42,2026-08-12T13:29:33.761206,reviews.csv
4656,2663,5,2,Not for me. The writing style felt very dated.,2024-06-01 08:32:53,2026-08-12T13:29:33.761206,reviews.csv
819,14,30,3,Decent read. Not my favourite but not bad either.,2024-12-06 20:19:14,2026-08-12T13:29:33.761206,reviews.csv
93,34,69,3,Average. Had its moments but failed to really engage me.,2024-12-14 16:31:59,2026-08-12T13:29:33.761206,reviews.csv
4869,2532,6,3,,2021-06-24 18:22:05,2026-08-12T13:29:33.761206,reviews.csv
3805,2209,2,2,The plot felt disjointed and the pacing was off throughout.,2024-08-16 10:23:12,2026-08-12T13:29:33.761206,reviews.csv
4339,1734,3,4,Enjoyed it quite a bit. Solid writing and interesting ideas.,2024-09-28 06:49:28,2026-08-12T13:29:33.761206,reviews.csv
3816,716,31,4,Above average. Would recommend to fans of the genre.,2022-10-18 16:21:51,2026-08-12T13:29:33.761206,reviews.csv
4781,2038,3,4,Above average. Would recommend to fans of the genre.,2022-10-13 12:59:15,2026-08-12T13:29:33.761206,reviews.csv
2588,1253,1,1,One of the worst books I have read. No coherent plot.,2023-08-17 16:48:13,2026-08-12T13:29:33.761206,reviews.csv
3990,1507,3,3,,2024-04-28 20:28:31,2026-08-12T13:29:33.761206,reviews.csv
5452,224,1,2,Disappointed. Expected much more based on the reviews.,2024-07-27 19:36:23,2026-08-12T13:29:33.761206,reviews.csv
104,2382,2,3,It was okay. The hype around this book is a bit overstated.,2023-06-24 16:16:23,2026-08-12T13:29:33.761206,reviews.csv
3176,1795,1,4,Mostly great. The middle section drags a bit.,2022-12-13 19:21:48,2026-08-12T13:29:33.761206,reviews.csv
1951,446,5,3,"Mixed feelings. Good premise, mediocre execution.",2024-12-01 22:02:15,2026-08-12T13:29:33.761206,reviews.csv
1646,1242,9,3,Decent read. Not my favourite but not bad either.,2024-08-17 20:39:10,2026-08-12T13:29:33.761206,reviews.csv
2691,2259,1,5,This book changed the way I think. A must-read for everyone.,2024-11-09 08:06:23,2026-08-12T13:29:33.761206,reviews.csv
5376,1882,2,4,"Good book, though the ending felt a little rushed.",2024-11-25 07:15:08,2026-08-12T13:29:33.761206,reviews.csv
2396,369,1,4,Enjoyed it quite a bit. Solid writing and interesting ideas.,2020-08-28 14:48:57,2026-08-12T13:29:33.761206,reviews.csv
5375,2513,5,4,A very good read overall. Some chapters were slow but worth it.,2023-05-22 16:09:28,2026-08-12T13:29:33.761206,reviews.csv
3679,143,4,3,"Mixed feelings. Good premise, mediocre execution.",2024-10-13 13:36:19,2026-08-12T13:29:33.761206,reviews.csv
2833,98,2,3,Average. Had its moments but failed to really engage me.,2024-12-31 09:44:31,2026-08-12T13:29:33.761206,reviews.csv
4460,1659,14,2,Would not recommend. Too slow and the payoff was not worth it.,2023-01-03 10:00:58,2026-08-12T13:29:33.761206,reviews.csv
4475,2463,4,4,,2022-04-08 13:04:05,2026-08-12T13:29:33.761206,reviews.csv
5162,1693,37,3,"Mixed feelings. Good premise, mediocre execution.",2023-11-19 09:28:09,2026-08-12T13:29:33.761206,reviews.csv
2115,2188,2,4,Mostly great. The middle section drags a bit.,2023-06-25 10:03:56,2026-08-12T13:29:33.761206,reviews.csv
980,538,6,3,Average. Had its moments but failed to really engage me.,2023-02-23 14:33:27,2026-08-12T13:29:33.761206,reviews.csv
3604,380,1,3,It was okay. The hype around this book is a bit overstated.,2022-03-20 18:58:55,2026-08-12T13:29:33.761206,reviews.csv
993,2038,1,3,Neither great nor terrible. Passes the time.,2023-11-14 09:40:57,2026-08-12T13:29:33.761206,reviews.csv
5414,103,10,4,Liked it. The first half is stronger than the second.,2024-09-21 20:45:41,2026-08-12T13:29:33.761206,reviews.csv
94,2158,1,2,Overrated. I did not enjoy the characters at all.,2022-10-13 16:14:53,2026-08-12T13:29:33.761206,reviews.csv
1437,2166,4,3,"Some interesting parts, but overall felt underwhelming.",2024-12-30 12:00:52,2026-08-12T13:29:33.761206,reviews.csv
5070,196,7,4,Liked it. The first half is stronger than the second.,2021-02-12 18:02:50,2026-08-12T13:29:33.761206,reviews.csv
1293,675,25,5,Brilliant narrative. The characters feel genuinely real.,2022-03-28 11:52:00,2026-08-12T13:29:33.761206,reviews.csv
5294,35,58,3,Had potential but did not quite deliver on its promise.,2024-12-31 06:32:57,2026-08-12T13:29:33.761206,reviews.csv
1510,2412,1,4,Above average. Would recommend to fans of the genre.,2024-08-14 09:55:50,2026-08-12T13:29:33.761206,reviews.csv
274,619,1,5,Absolutely loved this book — couldn't put it down!,2022-11-30 06:32:26,2026-08-12T13:29:33.761206,reviews.csv
4046,2253,18,3,Average. Had its moments but failed to really engage me.,2022-08-16 18:46:19,2026-08-12T13:29:33.761206,reviews.csv
1852,600,2,4,Pleasant read. Nothing groundbreaking but definitely enjoyable.,2021-06-30 20:13:01,2026-08-12T13:29:33.761206,reviews.csv
2962,252,1,4,Pleasant read. Nothing groundbreaking but definitely enjoyable.,2024-06-26 16:26:16,2026-08-12T13:29:33.761206,reviews.csv
852,1490,6,3,"Mixed feelings. Good premise, mediocre execution.",2024-11-28 13:06:36,2026-08-12T13:29:33.761206,reviews.csv
653,756,26,2,Would not recommend. Too slow and the payoff was not worth it.,2023-07-12 07:20:49,2026-08-12T13:29:33.761206,reviews.csv
1017,576,11,4,"Good book, though the ending felt a little rushed.",2021-07-30 09:47:54,2026-08-12T13:29:33.761206,reviews.csv
1226,1776,1,4,A very good read overall. Some chapters were slow but worth it.,2023-09-02 10:48:49,2026-08-12T13:29:33.761206,reviews.csv
5316,2238,7,3,"Mixed feelings. Good premise, mediocre execution.",2024-12-24 13:23:02,2026-08-12T13:29:33.761206,reviews.csv
4375,2131,5,2,Not for me. The writing style felt very dated.,2024-12-31 13:43:51,2026-08-12T13:29:33.761206,reviews.csv
2300,2615,2,5,Brilliant narrative. The characters feel genuinely real.,2022-10-16 20:18:10,2026-08-12T13:29:33.761206,reviews.csv
3309,1475,6,4,,2022-12-12 18:58:31,2026-08-12T13:29:33.761206,reviews.csv
5231,1499,11,4,,2023-08-08 18:18:32,2026-08-12T13:29:33.761206,reviews.csv
4429,2012,7,5,Perfect blend of story and insight. Will read again.,2021-08-03 14:03:24,2026-08-12T13:29:33.761206,reviews.csv
3588,1662,14,4,A very good read overall. Some chapters were slow but worth it.,2024-07-26 17:01:25,2026-08-12T13:29:33.761206,reviews.csv
1094,1426,1,3,"Mixed feelings. Good premise, mediocre execution.",2024-11-21 18:52:30,2026-08-12T13:29:33.761206,reviews.csv
5417,1726,3,3,"Some interesting parts, but overall felt underwhelming.",2023-03-21 01:55:42,2026-08-12T13:29:33.761206,reviews.csv
3249,1414,2,4,,2023-09-24 12:21:43,2026-08-12T13:29:33.761206,reviews.csv
2741,2283,15,3,Decent read. Not my favourite but not bad either.,2024-08-22 20:40:40,2026-08-12T13:29:33.761206,reviews.csv
3047,2299,1,4,"Good book, though the ending felt a little rushed.",2023-09-23 06:35:41,2026-08-12T13:29:33.761206,reviews.csv
126,578,1,5,One of the best reads I have had in years. Highly recommended.,2022-03-09 14:52:54,2026-08-12T13:29:33.761206,reviews.csv
151,1183,1,5,One of the best reads I have had in years. Highly recommended.,2023-12-19 06:12:40,2026-08-12T13:29:33.761206,reviews.csv
231,2380,2,5,Exceeded all my expectations. Truly extraordinary.,2023-03-10 18:02:58,2026-08-12T13:29:33.761206,reviews.csv
5523,892,20,5,Beautifully written. The author's style is simply stunning.,2024-12-15 13:00:36,2026-08-12T13:29:33.761206,reviews.csv
5498,2132,31,4,Above average. Would recommend to fans of the genre.,2024-01-03 16:34:54,2026-08-12T13:29:33.761206,reviews.csv
820,139,3,4,Liked it. The first half is stronger than the second.,2024-11-22 13:43:54,2026-08-12T13:29:33.761206,reviews.csv
900,635,1,4,Enjoyed it quite a bit. Solid writing and interesting ideas.,2023-09-22 17:42:02,2026-08-12T13:29:33.761206,reviews.csv
1179,1514,2,3,Decent read. Not my favourite but not bad either.,2023-07-18 10:50:34,2026-08-12T13:29:33.761206,reviews.csv
2433,613,2,3,Had potential but did not quite deliver on its promise.,2024-03-26 17:22:17,2026-08-12T13:29:33.761206,reviews.csv
2643,1021,3,3,Decent read. Not my favourite but not bad either.,2024-08-22 16:34:27,2026-08-12T13:29:33.761206,reviews.csv
2368,1772,18,3,It was okay. The hype around this book is a bit overstated.,2024-03-10 14:05:27,2026-08-12T13:29:33.761206,reviews.csv
3200,1230,5,2,The plot felt disjointed and the pacing was off throughout.,2020-02-26 23:21:53,2026-08-12T13:29:33.761206,reviews.csv
2650,2730,1,4,Pleasant read. Nothing groundbreaking but definitely enjoyable.,2024-12-31 10:34:32,2026-08-12T13:29:33.761206,reviews.csv
4138,68,3,3,"Some interesting parts, but overall felt underwhelming.",2024-02-07 16:39:26,2026-08-12T13:29:33.761206,reviews.csv
1519,1955,1,3,Decent read. Not my favourite but not bad either.,2022-11-14 18:03:36,2026-08-12T13:29:33.761206,reviews.csv
845,2577,1,5,Brilliant narrative. The characters feel genuinely real.,2022-06-29 22:42:02,2026-08-12T13:29:33.761206,reviews.csv
1431,688,3,5,Exceeded all my expectations. Truly extraordinary.,2021-11-12 07:37:13,2026-08-12T13:29:33.761206,reviews.csv
734,2618,2,4,A very good read overall. Some chapters were slow but worth it.,2020-11-26 10:23:33,2026-08-12T13:29:33.761206,reviews.csv
2912,1582,2,4,Mostly great. The middle section drags a bit.,2024-12-15 21:30:17,2026-08-12T13:29:33.761206,reviews.csv
1362,1410,3,3,Neither great nor terrible. Passes the time.,2021-07-23 19:46:03,2026-08-12T13:29:33.761206,reviews.csv
529,2461,4,3,Had potential but did not quite deliver on its promise.,2024-02-03 22:44:08,2026-08-12T13:29:33.761206,reviews.csv
5163,2488,77,2,,2023-10-13 17:55:24,2026-08-12T13:29:33.761206,reviews.csv
2598,1345,1,3,Neither great nor terrible. Passes the time.,2024-11-13 08:37:52,2026-08-12T13:29:33.761206,reviews.csv
519,2009,1,4,Enjoyed it quite a bit. Solid writing and interesting ideas.,2022-04-30 06:24:54,2026-08-12T13:29:33.761206,reviews.csv
3445,2036,2,4,Liked it. The first half is stronger than the second.,2024-09-12 07:01:32,2026-08-12T13:29:33.761206,reviews.csv
5347,759,95,5,Perfect blend of story and insight. Will read again.,2024-01-21 16:04:25,2026-08-12T13:29:33.761206,reviews.csv
1803,90,2,4,A very good read overall. Some chapters were slow but worth it.,2023-07-16 11:23:52,2026-08-12T13:29:33.761206,reviews.csv
800,928,4,3,Decent read. Not my favourite but not bad either.,2024-12-31 10:32:38,2026-08-12T13:29:33.761206,reviews.csv
250,1152,1,4,Above average. Would recommend to fans of the genre.,2024-10-23 07:18:16,2026-08-12T13:29:33.761206,reviews.csv
1955,2163,7,4,A very good read overall. Some chapters were slow but worth it.,2024-12-29 14:15:00,2026-08-12T13:29:33.761206,reviews.csv
520,437,2,4,Enjoyed it quite a bit. Solid writing and interesting ideas.,2024-09-08 18:21:56,2026-08-12T13:29:33.761206,reviews.csv
3166,1181,3,4,"Good book, though the ending felt a little rushed.",2024-06-27 09:37:45,2026-08-12T13:29:33.761206,reviews.csv
2188,1853,14,3,Average. Had its moments but failed to really engage me.,2024-07-28 09:58:43,2026-08-12T13:29:33.761206,reviews.csv
2636,553,1,4,A very good read overall. Some chapters were slow but worth it.,2021-08-18 09:10:32,2026-08-12T13:29:33.761206,reviews.csv
2670,2006,2,4,"Good book, though the ending felt a little rushed.",2024-03-25 07:17:35,2026-08-12T13:29:33.761206,reviews.csv
3556,1547,6,2,Would not recommend. Too slow and the payoff was not worth it.,2024-08-15 15:56:08,2026-08-12T13:29:33.761206,reviews.csv
4448,1930,3,5,One of the best reads I have had in years. Highly recommended.,2024-12-31 13:12:29,2026-08-12T13:29:33.761206,reviews.csv
5037,2045,10,3,"Mixed feelings. Good premise, mediocre execution.",2021-01-16 19:35:12,2026-08-12T13:29:33.761206,reviews.csv
3325,523,5,4,Mostly great. The middle section drags a bit.,2023-06-19 20:33:59,2026-08-12T13:29:33.761206,reviews.csv
1885,1541,2,4,,2024-03-03 06:08:58,2026-08-12T13:29:33.761206,reviews.csv
1176,35,35,5,Exceeded all my expectations. Truly extraordinary.,2024-06-24 07:49:09,2026-08-12T13:29:33.761206,reviews.csv
2494,2775,2,4,,2021-08-19 08:29:27,2026-08-12T13:29:33.761206,reviews.csv
1069,554,29,0,Absolutely loved this book — couldn't put it down!,2024-11-08 06:26:47,2026-08-12T13:29:33.761206,reviews.csv
4210,509,16,5,,2023-08-08 21:34:07,2026-08-12T13:29:33.761206,reviews.csv
1886,60,11,6,Neither great nor terrible. Passes the time.,2023-09-27 11:54:11,2026-08-12T13:29:33.761206,reviews.csv
2316,2523,4,4,Pleasant read. Nothing groundbreaking but definitely enjoyable.,2024-03-01 16:57:09,2026-08-12T13:29:33.761206,reviews.csv
2231,1658,1,3,"Some interesting parts, but overall felt underwhelming.",2023-10-24 07:08:00,2026-08-12T13:29:33.761206,reviews.csv
1879,1302,1,4,Liked it. The first half is stronger than the second.,2022-01-06 20:54:55,2026-08-12T13:29:33.761206,reviews.csv
3651,2182,12,3,Decent read. Not my favourite but not bad either.,2023-11-24 13:09:24,2026-08-12T13:29:33.761206,reviews.csv
1049,1882,3,4,Mostly great. The middle section drags a bit.,2024-07-04 09:12:44,2026-08-12T13:29:33.761206,reviews.csv
3854,918,2,4,A very good read overall. Some chapters were slow but worth it.,2024-11-21 09:35:10,2026-08-12T13:29:33.761206,reviews.csv
413,2795,93,4,A very good read overall. Some chapters were slow but worth it.,2021-12-19 17:45:45,2026-08-12T13:29:33.761206,reviews.csv
5615,291,2,4,Well-written and engaging. A few plot holes but forgivable.,2023-01-29 11:09:37,2026-08-12T13:29:33.761206,reviews.csv
1438,2685,53,4,Enjoyed it quite a bit. Solid writing and interesting ideas.,2024-08-18 18:05:03,2026-08-12T13:29:33.761206,reviews.csv
3222,2480,1,3,Average. Had its moments but failed to really engage me.,2023-06-22 09:53:26,2026-08-12T13:29:33.761206,reviews.csv
3815,1039,1,5,Brilliant narrative. The characters feel genuinely real.,2024-06-03 11:36:25,2026-08-12T13:29:33.761206,reviews.csv
5334,2394,3,5,Exceeded all my expectations. Truly extraordinary.,2024-05-23 17:59:26,2026-08-12T13:29:33.761206,reviews.csv
4964,1369,1,5,Absolutely loved this book — couldn't put it down!,2024-09-26 19:40:08,2026-08-12T13:29:33.761206,reviews.csv
2505,2154,6,3,It was okay. The hype around this book is a bit overstated.,2022-06-05 11:17:25,2026-08-12T13:29:33.761206,reviews.csv
3981,2030,2,3,,2023-10-29 17:32:57,2026-08-12T13:29:33.761206,reviews.csv
803,987,13,3,"Some interesting parts, but overall felt underwhelming.",2022-12-23 09:50:33,2026-08-12T13:29:33.761206,reviews.csv
4120,2772,21,4,A very good read overall. Some chapters were slow but worth it.,2020-06-30 17:53:24,2026-08-12T13:29:33.761206,reviews.csv
1029,587,1,4,"Good book, though the ending felt a little rushed.",2021-07-13 11:36:49,2026-08-12T13:29:33.761206,reviews.csv
5527,1170,10,3,Decent read. Not my favourite but not bad either.,2024-12-31 20:05:17,2026-08-12T13:29:33.761206,reviews.csv
3543,694,1,4,Above average. Would recommend to fans of the genre.,2024-10-25 21:32:32,2026-08-12T13:29:33.761206,reviews.csv
1925,2030,1,4,Enjoyed it quite a bit. Solid writing and interesting ideas.,2023-06-10 11:04:23,2026-08-12T13:29:33.761206,reviews.csv
802,1258,5,4,,2024-12-06 08:46:37,2026-08-12T13:29:33.761206,reviews.csv
4432,2108,1,5,One of the best reads I have had in years. Highly recommended.,2024-10-31 17:17:05,2026-08-12T13:29:33.761206,reviews.csv
4400,1892,163,3,Decent read. Not my favourite but not bad either.,2021-02-22 12:56:44,2026-08-12T13:29:33.761206,reviews.csv
308,1607,1,4,Liked it. The first half is stronger than the second.,2024-05-14 13:01:15,2026-08-12T13:29:33.761206,reviews.csv
2181,983,10,5,Perfect blend of story and insight. Will read again.,2022-12-28 19:11:52,2026-08-12T13:29:33.761206,reviews.csv
1911,75,2,4,Pleasant read. Nothing groundbreaking but definitely enjoyable.,2023-09-22 13:15:09,2026-08-12T13:29:33.761206,reviews.csv
5046,2435,6,3,Average. Had its moments but failed to really engage me.,2023-01-28 08:15:58,2026-08-12T13:29:33.761206,reviews.csv
5406,30,2,5,Absolutely loved this book — couldn't put it down!,2023-10-06 18:04:54,2026-08-12T13:29:33.761206,reviews.csv
3415,256,3,2,Not for me. The writing style felt very dated.,2020-08-15 08:17:12,2026-08-12T13:29:33.761206,reviews.csv
1815,2659,1,3,Neither great nor terrible. Passes the time.,2021-09-09 09:34:14,2026-08-12T13:29:33.761206,reviews.csv
3744,879,1,3,Had potential but did not quite deliver on its promise.,2022-08-25 21:42:43,2026-08-12T13:29:33.761206,reviews.csv
1754,534,1,4,Liked it. The first half is stronger than the second.,2024-10-09 19:27:44,2026-08-12T13:29:33.761206,reviews.csv
1220,822,1,3,It was okay. The hype around this book is a bit overstated.,2024-08-18 17:58:37,2026-08-12T13:29:33.761206,reviews.csv
4821,224,3,4,,2024-04-02 21:58:52,2026-08-12T13:29:33.761206,reviews.csv
2784,507,4,3,Had potential but did not quite deliver on its promise.,2020-10-03 11:41:51,2026-08-12T13:29:33.761206,reviews.csv
1734,478,1,4,Mostly great. The middle section drags a bit.,2020-10-28 00:08:09,2026-08-12T13:29:33.761206,reviews.csv
1651,1173,2,2,Overrated. I did not enjoy the characters at all.,2024-04-20 12:40:22,2026-08-12T13:29:33.761206,reviews.csv
2278,468,1,3,"Some interesting parts, but overall felt underwhelming.",2022-03-08 18:59:05,2026-08-12T13:29:33.761206,reviews.csv
1180,950,16,2,Disappointed. Expected much more based on the reviews.,2024-09-16 12:55:57,2026-08-12T13:29:33.761206,reviews.csv
3314,2730,13,3,Average. Had its moments but failed to really engage me.,2024-02-29 07:09:23,2026-08-12T13:29:33.761206,reviews.csv
3026,296,2,4,Mostly great. The middle section drags a bit.,2023-06-16 12:36:17,2026-08-12T13:29:33.761206,reviews.csv
2541,2567,3,4,,2024-12-06 10:39:54,2026-08-12T13:29:33.761206,reviews.csv
1460,1923,1,4,"Good book, though the ending felt a little rushed.",2024-12-31 12:43:04,2026-08-12T13:29:33.761206,reviews.csv
879,2430,1,4,Above average. Would recommend to fans of the genre.,2024-07-07 08:09:19,2026-08-12T13:29:33.761206,reviews.csv
787,151,1,4,Mostly great. The middle section drags a bit.,2022-05-27 20:01:40,2026-08-12T13:29:33.761206,reviews.csv
327,726,5,3,Average. Had its moments but failed to really engage me.,2024-11-21 17:52:47,2026-08-12T13:29:33.761206,reviews.csv
673,1279,1,4,Mostly great. The middle section drags a bit.,2024-05-06 11:30:24,2026-08-12T13:29:33.761206,reviews.csv
1507,2133,8,3,Neither great nor terrible. Passes the time.,2024-05-10 19:49:44,2026-08-12T13:29:33.761206,reviews.csv
4137,1319,3,4,Mostly great. The middle section drags a bit.,2022-08-10 18:35:57,2026-08-12T13:29:33.761206,reviews.csv
4023,182,67,2,Struggled to get through it. The story meanders endlessly.,2022-08-28 16:22:12,2026-08-12T13:29:33.761206,reviews.csv
4342,530,48,2,The plot felt disjointed and the pacing was off throughout.,2022-07-29 11:48:22,2026-08-12T13:29:33.761206,reviews.csv
4082,1614,1,3,Decent read. Not my favourite but not bad either.,2024-06-07 10:08:56,2026-08-12T13:29:33.761206,reviews.csv
3683,532,2,4,Above average. Would recommend to fans of the genre.,2023-11-12 18:39:02,2026-08-12T13:29:33.761206,reviews.csv
209,1464,1,4,Above average. Would recommend to fans of the genre.,2023-05-26 06:39:07,2026-08-12T13:29:33.761206,reviews.csv
4311,2714,3,4,A very good read overall. Some chapters were slow but worth it.,2024-09-08 14:24:17,2026-08-12T13:29:33.761206,reviews.csv
1873,412,52,3,"Mixed feelings. Good premise, mediocre execution.",2022-12-03 11:16:41,2026-08-12T13:29:33.761206,reviews.csv
2990,2483,4,2,Not for me. The writing style felt very dated.,2024-12-09 17:15:08,2026-08-12T13:29:33.761206,reviews.csv
4047,772,22,3,Average. Had its moments but failed to really engage me.,2024-09-07 07:27:11,2026-08-12T13:29:33.761206,reviews.csv
1469,2358,4,3,Average. Had its moments but failed to really engage me.,2024-02-28 09:36:42,2026-08-12T13:29:33.761206,reviews.csv
4971,1566,1,2,,2024-09-03 22:04:35,2026-08-12T13:29:33.761206,reviews.csv
1929,2222,1,5,One of the best reads I have had in years. Highly recommended.,2021-09-10 14:24:16,2026-08-12T13:29:33.761206,reviews.csv
3727,1666,3,4,"Good book, though the ending felt a little rushed.",2024-02-05 09:15:07,2026-08-12T13:29:33.761206,reviews.csv
3174,2521,1,2,,2024-04-16 19:17:27,2026-08-12T13:29:33.761206,reviews.csv
5222,2677,1,6,Enjoyed it quite a bit. Solid writing and interesting ideas.,2022-10-12 19:08:41,2026-08-12T13:29:33.761206,reviews.csv
4332,1236,2,4,A very good read overall. Some chapters were slow but worth it.,2024-10-06 12:13:31,2026-08-12T13:29:33.761206,reviews.csv
4665,1250,2,4,Pleasant read. Nothing groundbreaking but definitely enjoyable.,2024-12-31 00:40:38,2026-08-12T13:29:33.761206,reviews.csv
1385,1290,2,4,A very good read overall. Some chapters were slow but worth it.,2021-10-29 13:49:17,2026-08-12T13:29:33.761206,reviews.csv
1232,372,5,3,Average. Had its moments but failed to really engage me.,2023-01-04 08:32:47,2026-08-12T13:29:33.761206,reviews.csv
1702,719,10,3,It was okay. The hype around this book is a bit overstated.,2024-11-07 17:25:54,2026-08-12T13:29:33.761206,reviews.csv
4037,2245,9,5,Beautifully written. The author's style is simply stunning.,2024-09-13 09:48:44,2026-08-12T13:29:33.761206,reviews.csv
27,2348,1,4,A very good read overall. Some chapters were slow but worth it.,2023-03-16 07:02:38,2026-08-12T13:29:33.761206,reviews.csv
385,1004,1,4,,2024-05-29 19:19:25,2026-08-12T13:29:33.761206,reviews.csv
4772,2748,2,4,Liked it. The first half is stronger than the second.,2023-06-19 22:28:25,2026-08-12T13:29:33.761206,reviews.csv
2087,1268,1,3,Average. Had its moments but failed to really engage me.,2023-05-14 06:41:10,2026-08-12T13:29:33.761206,reviews.csv
788,2547,1,4,"Good book, though the ending felt a little rushed.",2021-06-20 17:47:38,2026-08-12T13:29:33.761206,reviews.csv
1092,42,3,4,Well-written and engaging. A few plot holes but forgivable.,2023-01-16 18:13:07,2026-08-12T13:29:33.761206,reviews.csv
1965,49,15,5,A masterpiece. Every chapter left me wanting more.,2023-12-18 02:45:22,2026-08-12T13:29:33.761206,reviews.csv
441,1024,83,4,Well-written and engaging. A few plot holes but forgivable.,2023-12-17 01:19:58,2026-08-12T13:29:33.761206,reviews.csv
5487,2412,30,2,Overrated. I did not enjoy the characters at all.,2022-10-12 11:55:53,2026-08-12T13:29:33.761206,reviews.csv
3308,1089,5,3,,2024-05-03 12:50:46,2026-08-12T13:29:33.761206,reviews.csv
1999,2026,5,3,"Mixed feelings. Good premise, mediocre execution.",2023-07-09 18:34:48,2026-08-12T13:29:33.761206,reviews.csv
895,2281,1,3,,2021-09-18 21:37:29,2026-08-12T13:29:33.761206,reviews.csv
711,107,10,4,"Good book, though the ending felt a little rushed.",2024-11-20 16:31:58,2026-08-12T13:29:33.761206,reviews.csv
4805,2702,11,3,"Mixed feelings. Good premise, mediocre execution.",2021-04-18 17:24:31,2026-08-12T13:29:33.761206,reviews.csv
2782,1777,2,4,Above average. Would recommend to fans of the genre.,2022-03-13 05:36:58,2026-08-12T13:29:33.761206,reviews.csv
3426,117,2,3,It was okay. The hype around this book is a bit overstated.,2023-08-03 08:16:09,2026-08-12T13:29:33.761206,reviews.csv
3509,7,2,4,,2022-12-04 17:07:10,2026-08-12T13:29:33.761206,reviews.csv
3215,2415,5,3,Average. Had its moments but failed to really engage me.,2024-11-02 22:18:38,2026-08-12T13:29:33.761206,reviews.csv
1470,419,32,2,Struggled to get through it. The story meanders endlessly.,2024-09-09 07:37:33,2026-08-12T13:29:33.761206,reviews.csv
2340,1402,1,4,Liked it. The first half is stronger than the second.,2024-02-13 20:41:19,2026-08-12T13:29:33.761206,reviews.csv
515,129,5,3,"Some interesting parts, but overall felt underwhelming.",2023-06-22 03:24:52,2026-08-12T13:29:33.761206,reviews.csv
4468,740,1,4,A very good read overall. Some chapters were slow but worth it.,2023-10-26 01:46:48,2026-08-12T13:29:33.761206,reviews.csv
3759,542,12,4,Well-written and engaging. A few plot holes but forgivable.,2023-10-22 19:42:18,2026-08-12T13:29:33.761206,reviews.csv
2131,2650,1,5,Perfect blend of story and insight. Will read again.,2022-07-01 18:20:26,2026-08-12T13:29:33.761206,reviews.csv
3696,598,4,3,"Mixed feelings. Good premise, mediocre execution.",2023-03-23 11:22:08,2026-08-12T13:29:33.761206,reviews.csv
2497,2373,11,3,"Some interesting parts, but overall felt underwhelming.",2024-08-07 22:28:37,2026-08-12T13:29:33.761206,reviews.csv
4398,1179,4,4,"Good book, though the ending felt a little rushed.",2024-02-16 17:48:47,2026-08-12T13:29:33.761206,reviews.csv
3807,2444,26,3,Average. Had its moments but failed to really engage me.,2021-10-23 02:28:44,2026-08-12T13:29:33.761206,reviews.csv
96,2151,1,4,Pleasant read. Nothing groundbreaking but definitely enjoyable.,2021-06-19 19:23:18,2026-08-12T13:29:33.761206,reviews.csv
5338,2601,28,2,Disappointed. Expected much more based on the reviews.,2021-12-24 14:08:55,2026-08-12T13:29:33.761206,reviews.csv
1996,1885,2,4,Above average. Would recommend to fans of the genre.,2022-07-02 09:38:24,2026-08-12T13:29:33.761206,reviews.csv
2171,1857,2,5,The writing is exceptional and the story gripped me from page one.,2024-03-21 19:46:48,2026-08-12T13:29:33.761206,reviews.csv
4846,1873,30,3,Decent read. Not my favourite but not bad either.,2023-06-26 14:39:37,2026-08-12T13:29:33.761206,reviews.csv
1841,1245,4,6,"Good book, though the ending felt a little rushed.",2024-01-25 12:29:29,2026-08-12T13:29:33.761206,reviews.csv
466,2752,7,5,I finished this in two sittings. Absolutely riveting.,2024-11-29 07:28:05,2026-08-12T13:29:33.761206,reviews.csv
4406,1482,1,4,Enjoyed it quite a bit. Solid writing and interesting ideas.,2023-08-07 11:27:14,2026-08-12T13:29:33.761206,reviews.csv
921,422,3,3,Decent read. Not my favourite but not bad either.,2023-08-08 17:25:52,2026-08-12T13:29:33.761206,reviews.csv
761,520,1,4,Liked it. The first half is stronger than the second.,2023-07-22 08:40:40,2026-08-12T13:29:33.761206,reviews.csv
5404,2552,12,5,This book changed the way I think. A must-read for everyone.,2022-03-08 11:51:20,2026-08-12T13:29:33.761206,reviews.csv
5184,796,9,3,Average. Had its moments but failed to really engage me.,2024-11-30 12:05:26,2026-08-12T13:29:33.761206,reviews.csv
849,312,2,5,Beautifully written. The author's style is simply stunning.,2023-10-21 11:51:26,2026-08-12T13:29:33.761206,reviews.csv
2377,2624,2,5,Beautifully written. The author's style is simply stunning.,2023-07-11 19:29:11,2026-08-12T13:29:33.761206,reviews.csv
901,3,3,4,Enjoyed it quite a bit. Solid writing and interesting ideas.,2022-02-16 18:07:22,2026-08-12T13:29:33.761206,reviews.csv
3498,2525,1,4,Pleasant read. Nothing groundbreaking but definitely enjoyable.,2023-12-18 19:26:51,2026-08-12T13:29:33.761206,reviews.csv
1456,2259,3,3,"Mixed feelings. Good premise, mediocre execution.",2024-12-13 05:38:06,2026-08-12T13:29:33.761206,reviews.csv
3964,983,1,3,Average. Had its moments but failed to really engage me.,2021-01-10 13:04:01,2026-08-12T13:29:33.761206,reviews.csv
3239,1811,1,4,Pleasant read. Nothing groundbreaking but definitely enjoyable.,2021-07-04 16:27:42,2026-08-12T13:29:33.761206,reviews.csv
4585,578,2,4,Liked it. The first half is stronger than the second.,2022-01-04 11:03:22,2026-08-12T13:29:33.761206,reviews.csv
1596,798,3,3,It was okay. The hype around this book is a bit overstated.,2023-03-02 16:38:33,2026-08-12T13:29:33.761206,reviews.csv
304,244,1,3,Had potential but did not quite deliver on its promise.,2024-01-22 16:55:04,2026-08-12T13:29:33.761206,reviews.csv
1662,888,1,3,It was okay. The hype around this book is a bit overstated.,2023-09-29 07:12:15,2026-08-12T13:29:33.761206,reviews.csv
3905,453,28,3,,2020-05-20 21:17:37,2026-08-12T13:29:33.761206,reviews.csv
2443,76,1,3,It was okay. The hype around this book is a bit overstated.,2024-05-15 07:49:32,2026-08-12T13:29:33.761206,reviews.csv
3268,567,35,3,Decent read. Not my favourite but not bad either.,2024-06-20 09:07:55,2026-08-12T13:29:33.761206,reviews.csv
4719,1834,88,4,Pleasant read. Nothing groundbreaking but definitely enjoyable.,2024-06-07 11:31:59,2026-08-12T13:29:33.761206,reviews.csv
604,2672,1,3,Neither great nor terrible. Passes the time.,2023-12-17 09:36:45,2026-08-12T13:29:33.761206,reviews.csv
207,385,173,4,A very good read overall. Some chapters were slow but worth it.,2021-12-10 11:14:17,2026-08-12T13:29:33.761206,reviews.csv
708,256,1,3,"Mixed feelings. Good premise, mediocre execution.",2022-09-13 04:22:51,2026-08-12T13:29:33.761206,reviews.csv
1397,1557,5,2,Would not recommend. Too slow and the payoff was not worth it.,2022-09-13 10:30:48,2026-08-12T13:29:33.761206,reviews.csv
699,735,34,3,Had potential but did not quite deliver on its promise.,2024-06-25 19:54:39,2026-08-12T13:29:33.761206,reviews.csv
1280,2227,10,3,Neither great nor terrible. Passes the time.,2024-08-15 10:03:36,2026-08-12T13:29:33.761206,reviews.csv
2925,2371,35,4,Above average. Would recommend to fans of the genre.,2023-12-18 20:15:43,2026-08-12T13:29:33.761206,reviews.csv
3881,491,12,3,Decent read. Not my favourite but not bad either.,2024-12-21 19:32:04,2026-08-12T13:29:33.761206,reviews.csv
3463,2096,17,4,Liked it. The first half is stronger than the second.,2024-11-10 14:15:03,2026-08-12T13:29:33.761206,reviews.csv
3914,1521,1,4,Pleasant read. Nothing groundbreaking but definitely enjoyable.,2024-01-26 06:03:56,2026-08-12T13:29:33.761206,reviews.csv
4005,1157,35,3,Average. Had its moments but failed to really engage me.,2022-04-29 13:37:36,2026-08-12T13:29:33.761206,reviews.csv
4494,335,4,5,Absolutely loved this book — couldn't put it down!,2020-07-29 19:02:27,2026-08-12T13:29:33.761206,reviews.csv
5125,2522,3,4,A very good read overall. Some chapters were slow but worth it.,2024-11-15 18:04:13,2026-08-12T13:29:33.761206,reviews.csv
1329,2470,1,5,Absolutely loved this book — couldn't put it down!,2022-04-25 22:35:08,2026-08-12T13:29:33.761206,reviews.csv
145,1345,14,3,Average. Had its moments but failed to really engage me.,2024-06-09 17:35:30,2026-08-12T13:29:33.761206,reviews.csv
1365,1655,102,2,Struggled to get through it. The story meanders endlessly.,2024-11-11 15:35:04,2026-08-12T13:29:33.761206,reviews.csv
3920,278,24,3,Decent read. Not my favourite but not bad either.,2024-03-28 08:05:36,2026-08-12T13:29:33.761206,reviews.csv
4539,1251,2,4,"Good book, though the ending felt a little rushed.",2023-03-17 06:06:24,2026-08-12T13:29:33.761206,reviews.csv
3645,188,1,4,Above average. Would recommend to fans of the genre.,2023-01-27 14:36:28,2026-08-12T13:29:33.761206,reviews.csv
2677,2219,9,3,It was okay. The hype around this book is a bit overstated.,2024-04-06 21:36:51,2026-08-12T13:29:33.761206,reviews.csv
1724,1668,5,3,It was okay. The hype around this book is a bit overstated.,2023-11-21 22:26:34,2026-08-12T13:29:33.761206,reviews.csv
502,2513,1,3,,2023-10-05 10:51:26,2026-08-12T13:29:33.761206,reviews.csv
1442,2378,23,4,Liked it. The first half is stronger than the second.,2024-03-13 18:16:45,2026-08-12T13:29:33.761206,reviews.csv
1207,407,3,3,"Mixed feelings. Good premise, mediocre execution.",2023-08-11 14:44:41,2026-08-12T13:29:33.761206,reviews.csv
5420,1172,3,3,Neither great nor terrible. Passes the time.,2023-02-17 20:40:46,2026-08-12T13:29:33.761206,reviews.csv
18,201,2,4,Mostly great. The middle section drags a bit.,2020-07-17 18:29:08,2026-08-12T13:29:33.761206,reviews.csv
3448,605,1,5,Brilliant narrative. The characters feel genuinely real.,2024-05-26 15:37:21,2026-08-12T13:29:33.761206,reviews.csv
324,2553,29,5,Brilliant narrative. The characters feel genuinely real.,2024-12-10 19:26:39,2026-08-12T13:29:33.761206,reviews.csv
28,1228,1,4,Liked it. The first half is stronger than the second.,2024-05-23 18:44:14,2026-08-12T13:29:33.761206,reviews.csv
4004,1028,2,5,Exceeded all my expectations. Truly extraordinary.,2024-01-29 12:07:40,2026-08-12T13:29:33.761206,reviews.csv
911,1036,1,5,Beautifully written. The author's style is simply stunning.,2023-10-02 07:49:22,2026-08-12T13:29:33.761206,reviews.csv
2076,1252,1,4,,2023-04-18 23:39:52,2026-08-12T13:29:33.761206,reviews.csv
4110,405,2,3,"Mixed feelings. Good premise, mediocre execution.",2024-06-25 08:46:23,2026-08-12T13:29:33.761206,reviews.csv
4304,551,5,5,Perfect blend of story and insight. Will read again.,2023-12-01 17:16:06,2026-08-12T13:29:33.761206,reviews.csv
2766,181,4,2,Struggled to get through it. The story meanders endlessly.,2023-04-05 08:12:35,2026-08-12T13:29:33.761206,reviews.csv
2679,710,4,3,,2022-12-14 15:26:50,2026-08-12T13:29:33.761206,reviews.csv
859,2761,1,4,Liked it. The first half is stronger than the second.,2024-10-07 16:43:46,2026-08-12T13:29:33.761206,reviews.csv
1425,2447,1,3,It was okay. The hype around this book is a bit overstated.,2024-09-13 10:04:34,2026-08-12T13:29:33.761206,reviews.csv
4631,2766,2,5,One of the best reads I have had in years. Highly recommended.,2022-09-28 18:54:04,2026-08-12T13:29:33.761206,reviews.csv
1377,2055,2,5,I finished this in two sittings. Absolutely riveting.,2021-02-22 10:55:16,2026-08-12T13:29:33.761206,reviews.csv
2317,1525,12,4,Above average. Would recommend to fans of the genre.,2024-08-30 15:22:28,2026-08-12T13:29:33.761206,reviews.csv
2861,1520,3,3,It was okay. The hype around this book is a bit overstated.,2022-06-17 13:20:51,2026-08-12T13:29:33.761206,reviews.csv
2971,1148,2,5,Absolutely loved this book — couldn't put it down!,2024-05-19 19:10:38,2026-08-12T13:29:33.761206,reviews.csv
2731,1099,6,2,Struggled to get through it. The story meanders endlessly.,2023-07-07 10:19:33,2026-08-12T13:29:33.761206,reviews.csv
2837,482,8,3,Had potential but did not quite deliver on its promise.,2024-12-29 19:05:25,2026-08-12T13:29:33.761206,reviews.csv
4063,2465,1,5,Perfect blend of story and insight. Will read again.,2024-03-05 07:23:26,2026-08-12T13:29:33.761206,reviews.csv
683,1124,169,5,Perfect blend of story and insight. Will read again.,2024-12-31 18:53:27,2026-08-12T13:29:33.761206,reviews.csv
2329,1854,13,4,A very good read overall. Some chapters were slow but worth it.,2024-01-28 13:40:12,2026-08-12T13:29:33.761206,reviews.csv
1150,1651,4,2,Would not recommend. Too slow and the payoff was not worth it.,2024-07-22 17:29:33,2026-08-12T13:29:33.761206,reviews.csv
311,1456,4,4,Pleasant read. Nothing groundbreaking but definitely enjoyable.,2023-02-17 10:39:56,2026-08-12T13:29:33.761206,reviews.csv
5439,2398,30,4,Liked it. The first half is stronger than the second.,2022-03-21 16:14:38,2026-08-12T13:29:33.761206,reviews.csv
672,628,1,5,Exceeded all my expectations. Truly extraordinary.,2022-06-04 15:49:27,2026-08-12T13:29:33.761206,reviews.csv
2485,2452,1,4,A very good read overall. Some chapters were slow but worth it.,2023-02-01 17:19:50,2026-08-12T13:29:33.761206,reviews.csv
4244,1149,1,5,Exceeded all my expectations. Truly extraordinary.,2022-02-21 16:25:45,2026-08-12T13:29:33.761206,reviews.csv
370,1448,1,5,A masterpiece. Every chapter left me wanting more.,2024-03-11 18:11:53,2026-08-12T13:29:33.761206,reviews.csv
4902,43,1,3,"Mixed feelings. Good premise, mediocre execution.",2023-12-05 19:39:38,2026-08-12T13:29:33.761206,reviews.csv
489,2170,3,4,Liked it. The first half is stronger than the second.,2024-11-25 19:28:10,2026-08-12T13:29:33.761206,reviews.csv
1498,2721,1,3,It was okay. The hype around this book is a bit overstated.,2024-02-17 06:04:12,2026-08-12T13:29:33.761206,reviews.csv
976,2337,1,5,One of the best reads I have had in years. Highly recommended.,2024-05-10 14:16:29,2026-08-12T13:29:33.761206,reviews.csv
2047,2343,1,2,Struggled to get through it. The story meanders endlessly.,2020-09-03 20:39:09,2026-08-12T13:29:33.761206,reviews.csv
3634,671,6,3,Had potential but did not quite deliver on its promise.,2024-04-19 07:51:39,2026-08-12T13:29:33.761206,reviews.csv
2527,255,1,5,Perfect blend of story and insight. Will read again.,2024-11-06 08:51:01,2026-08-12T13:29:33.761206,reviews.csv
1575,2672,17,5,Beautifully written. The author's style is simply stunning.,2024-10-09 07:07:42,2026-08-12T13:29:33.761206,reviews.csv
3457,1140,13,5,Beautifully written. The author's style is simply stunning.,2021-03-15 05:42:19,2026-08-12T13:29:33.761206,reviews.csv
4707,692,8,4,Liked it. The first half is stronger than the second.,2023-10-18 05:16:41,2026-08-12T13:29:33.761206,reviews.csv
1765,695,4,4,"Good book, though the ending felt a little rushed.",2022-02-08 03:47:11,2026-08-12T13:29:33.761206,reviews.csv
650,850,9,3,"Some interesting parts, but overall felt underwhelming.",2024-12-19 07:22:39,2026-08-12T13:29:33.761206,reviews.csv
3998,1114,1,3,It was okay. The hype around this book is a bit overstated.,2023-08-31 08:25:41,2026-08-12T13:29:33.761206,reviews.csv
5043,2798,1,4,Above average. Would recommend to fans of the genre.,2024-09-12 06:44:53,2026-08-12T13:29:33.761206,reviews.csv
3791,1432,82,4,Pleasant read. Nothing groundbreaking but definitely enjoyable.,2022-10-26 15:51:21,2026-08-12T13:29:33.761206,reviews.csv
4392,97,1,5,Brilliant narrative. The characters feel genuinely real.,2021-10-04 09:44:46,2026-08-12T13:29:33.761206,reviews.csv
2727,2472,3,3,Neither great nor terrible. Passes the time.,2024-11-12 13:19:33,2026-08-12T13:29:33.761206,reviews.csv
863,295,1,5,The writing is exceptional and the story gripped me from page one.,2024-01-01 11:44:48,2026-08-12T13:29:33.761206,reviews.csv
2624,888,3,4,Enjoyed it quite a bit. Solid writing and interesting ideas.,2023-11-07 08:55:55,2026-08-12T13:29:33.761206,reviews.csv
3447,2637,52,2,Would not recommend. Too slow and the payoff was not worth it.,2023-10-20 20:09:03,2026-08-12T13:29:33.761206,reviews.csv
741,1756,3,3,Average. Had its moments but failed to really engage me.,2024-09-04 09:31:08,2026-08-12T13:29:33.761206,reviews.csv
956,2336,16,3,Average. Had its moments but failed to really engage me.,2024-04-19 21:47:36,2026-08-12T13:29:33.761206,reviews.csv
700,2126,4,4,Mostly great. The middle section drags a bit.,2023-05-09 09:45:41,2026-08-12T13:29:33.761206,reviews.csv
3865,1143,2,4,"Good book, though the ending felt a little rushed.",2024-11-12 05:04:20,2026-08-12T13:29:33.761206,reviews.csv
5279,388,12,3,Decent read. Not my favourite but not bad either.,2023-10-20 00:41:47,2026-08-12T13:29:33.761206,reviews.csv
3721,2059,4,4,"Good book, though the ending felt a little rushed.",2022-09-02 19:33:19,2026-08-12T13:29:33.761206,reviews.csv
4654,1336,1,4,"Good book, though the ending felt a little rushed.",2021-01-08 08:55:29,2026-08-12T13:29:33.761206,reviews.csv
1616,1747,1,4,Well-written and engaging. A few plot holes but forgivable.,2021-11-19 17:53:18,2026-08-12T13:29:33.761206,reviews.csv
2227,96,2,5,Beautifully written. The author's style is simply stunning.,2023-09-18 19:21:40,2026-08-12T13:29:33.761206,reviews.csv
5175,1378,2,3,It was okay. The hype around this book is a bit overstated.,2022-06-14 11:55:45,2026-08-12T13:29:33.761206,reviews.csv
367,2194,2,5,,2024-11-04 12:24:41,2026-08-12T13:29:33.761206,reviews.csv
1196,354,1,4,,2024-11-16 12:06:00,2026-08-12T13:29:33.761206,reviews.csv
2874,1038,20,3,Average. Had its moments but failed to really engage me.,2023-03-04 12:29:55,2026-08-12T13:29:33.761206,reviews.csv
5566,2336,16,3,Average. Had its moments but failed to really engage me.,2024-04-19 21:47:36,2026-08-12T13:29:33.761206,reviews.csv
824,298,1,5,Absolutely loved this book — couldn't put it down!,2022-11-16 05:33:24,2026-08-12T13:29:33.761206,reviews.csv
5112,2019,1,1,Terrible. Wasted my money and my time.,2021-07-08 14:06:16,2026-08-12T13:29:33.761206,reviews.csv
4671,231,4,2,Overrated. I did not enjoy the characters at all.,2023-01-03 13:27:49,2026-08-12T13:29:33.761206,reviews.csv
572,411,1,4,Above average. Would recommend to fans of the genre.,2023-08-30 11:25:52,2026-08-12T13:29:33.761206,reviews.csv
4303,2620,1,5,This book changed the way I think. A must-read for everyone.,2024-04-17 14:57:30,2026-08-12T13:29:33.761206,reviews.csv
4988,491,90,3,Average. Had its moments but failed to really engage me.,2023-08-03 08:39:09,2026-08-12T13:29:33.761206,reviews.csv
4196,1125,1,3,Neither great nor terrible. Passes the time.,2023-10-13 06:05:58,2026-08-12T13:29:33.761206,reviews.csv
2207,1660,1,5,One of the best reads I have had in years. Highly recommended.,2023-08-04 17:31:43,2026-08-12T13:29:33.761206,reviews.csv
2347,426,1,4,Liked it. The first half is stronger than the second.,2020-08-25 18:19:35,2026-08-12T13:29:33.761206,reviews.csv
3526,1816,6,3,"Mixed feelings. Good premise, mediocre execution.",2023-11-29 18:55:33,2026-08-12T13:29:33.761206,reviews.csv
2989,799,1,4,Pleasant read. Nothing groundbreaking but definitely enjoyable.,2024-08-22 07:35:43,2026-08-12T13:29:33.761206,reviews.csv
170,1041,17,5,,2020-12-03 21:50:01,2026-08-12T13:29:33.761206,reviews.csv
3238,1943,6,1,Gave up halfway. The writing is unbearable.,2024-09-29 15:40:21,2026-08-12T13:29:33.761206,reviews.csv
3862,2173,18,3,It was okay. The hype around this book is a bit overstated.,2023-10-24 20:30:45,2026-08-12T13:29:33.761206,reviews.csv
3532,746,2,5,I finished this in two sittings. Absolutely riveting.,2021-08-12 13:50:55,2026-08-12T13:29:33.761206,reviews.csv
4427,1590,1,5,The writing is exceptional and the story gripped me from page one.,2022-08-23 17:22:30,2026-08-12T13:29:33.761206,reviews.csv
2395,809,176,5,Perfect blend of story and insight. Will read again.,2023-03-03 18:24:42,2026-08-12T13:29:33.761206,reviews.csv
984,2032,1,5,Exceeded all my expectations. Truly extraordinary.,2024-09-27 17:18:47,2026-08-12T13:29:33.761206,reviews.csv
3925,2097,1,3,"Mixed feelings. Good premise, mediocre execution.",2024-09-13 11:54:11,2026-08-12T13:29:33.761206,reviews.csv
3153,955,1,3,Had potential but did not quite deliver on its promise.,2023-05-01 18:45:42,2026-08-12T13:29:33.761206,reviews.csv
791,2187,1,4,Liked it. The first half is stronger than the second.,2024-08-06 19:12:45,2026-08-12T13:29:33.761206,reviews.csv
5087,1614,2,4,,2024-08-01 08:34:02,2026-08-12T13:29:33.761206,reviews.csv
4265,917,3,5,Perfect blend of story and insight. Will read again.,2024-06-13 21:24:46,2026-08-12T13:29:33.761206,reviews.csv
869,1651,5,3,Decent read. Not my favourite but not bad either.,2024-06-23 11:44:16,2026-08-12T13:29:33.761206,reviews.csv
44,721,1,4,Mostly great. The middle section drags a bit.,2023-08-05 19:03:39,2026-08-12T13:29:33.761206,reviews.csv
3305,114,1,4,Above average. Would recommend to fans of the genre.,2023-01-30 14:58:43,2026-08-12T13:29:33.761206,reviews.csv
1528,144,1,4,Above average. Would recommend to fans of the genre.,2023-06-29 21:46:21,2026-08-12T13:29:33.761206,reviews.csv
1237,2111,4,3,"Mixed feelings. Good premise, mediocre execution.",2024-11-04 09:23:38,2026-08-12T13:29:33.761206,reviews.csv
5583,519,2,4,Mostly great. The middle section drags a bit.,2023-12-22 20:28:34,2026-08-12T13:29:33.761206,reviews.csv
2683,980,11,4,Pleasant read. Nothing groundbreaking but definitely enjoyable.,2024-12-07 16:56:11,2026-08-12T13:29:33.761206,reviews.csv
1148,2223,2,3,Decent read. Not my favourite but not bad either.,2022-12-08 21:16:09,2026-08-12T13:29:33.761206,reviews.csv
3184,2778,1,5,Exceeded all my expectations. Truly extraordinary.,2024-11-22 07:29:41,2026-08-12T13:29:33.761206,reviews.csv
3210,2038,163,5,Perfect blend of story and insight. Will read again.,2023-10-08 06:37:25,2026-08-12T13:29:33.761206,reviews.csv
2453,265,1,4,Pleasant read. Nothing groundbreaking but definitely enjoyable.,2023-01-12 21:34:17,2026-08-12T13:29:33.761206,reviews.csv
2922,630,1,4,Above average. Would recommend to fans of the genre.,2024-12-05 16:05:35,2026-08-12T13:29:33.761206,reviews.csv
3326,2178,1,5,The writing is exceptional and the story gripped me from page one.,2024-12-31 19:15:48,2026-08-12T13:29:33.761206,reviews.csv
3609,1375,1,5,This book changed the way I think. A must-read for everyone.,2020-12-22 16:43:09,2026-08-12T13:29:33.761206,reviews.csv
236,716,4,3,Average. Had its moments but failed to really engage me.,2022-10-23 16:29:44,2026-08-12T13:29:33.761206,reviews.csv
353,167,2,3,Neither great nor terrible. Passes the time.,2024-12-09 16:21:04,2026-08-12T13:29:33.761206,reviews.csv
4163,2029,2,4,Enjoyed it quite a bit. Solid writing and interesting ideas.,2023-02-08 18:35:11,2026-08-12T13:29:33.761206,reviews.csv
1135,1470,1,3,Had potential but did not quite deliver on its promise.,2024-12-31 15:15:35,2026-08-12T13:29:33.761206,reviews.csv
4264,1386,34,5,A masterpiece. Every chapter left me wanting more.,2024-02-17 14:55:28,2026-08-12T13:29:33.761206,reviews.csv
3470,1581,3,4,Well-written and engaging. A few plot holes but forgivable.,2022-11-01 19:45:23,2026-08-12T13:29:33.761206,reviews.csv
1320,1868,1,4,Mostly great. The middle section drags a bit.,2024-12-31 08:21:29,2026-08-12T13:29:33.761206,reviews.csv
936,338,4,3,"Some interesting parts, but overall felt underwhelming.",2024-05-03 19:41:58,2026-08-12T13:29:33.761206,reviews.csv
3681,2053,1,5,The writing is exceptional and the story gripped me from page one.,2022-12-04 15:52:44,2026-08-12T13:29:33.761206,reviews.csv
401,2772,2,5,The writing is exceptional and the story gripped me from page one.,2021-09-24 14:35:11,2026-08-12T13:29:33.761206,reviews.csv
1748,543,2,2,Struggled to get through it. The story meanders endlessly.,2023-12-09 14:24:36,2026-08-12T13:29:33.761206,reviews.csv
5174,2734,2,5,This book changed the way I think. A must-read for everyone.,2023-06-24 18:43:53,2026-08-12T13:29:33.761206,reviews.csv
3331,527,9,2,Overrated. I did not enjoy the characters at all.,2024-05-26 15:07:09,2026-08-12T13:29:33.761206,reviews.csv
1997,1025,3,2,The plot felt disjointed and the pacing was off throughout.,2023-04-21 07:08:57,2026-08-12T13:29:33.761206,reviews.csv
2430,853,1,4,Enjoyed it quite a bit. Solid writing and interesting ideas.,2022-01-08 06:46:23,2026-08-12T13:29:33.761206,reviews.csv
1471,2284,1,3,It was okay. The hype around this book is a bit overstated.,2024-07-03 20:08:23,2026-08-12T13:29:33.761206,reviews.csv
1601,119,1,4,Enjoyed it quite a bit. Solid writing and interesting ideas.,2022-09-10 18:28:37,2026-08-12T13:29:33.761206,reviews.csv
3878,912,33,4,Mostly great. The middle section drags a bit.,2023-11-15 18:02:23,2026-08-12T13:29:33.761206,reviews.csv
3726,1090,1,4,Above average. Would recommend to fans of the genre.,2024-10-10 14:57:23,2026-08-12T13:29:33.761206,reviews.csv
3863,232,5,4,"Good book, though the ending felt a little rushed.",2022-10-21 21:38:52,2026-08-12T13:29:33.761206,reviews.csv
2404,1000,1,3,,2020-08-18 08:47:25,2026-08-12T13:29:33.761206,reviews.csv
3608,758,2,5,,2021-08-17 12:47:51,2026-08-12T13:29:33.761206,reviews.csv
5265,2686,2,5,I finished this in two sittings. Absolutely riveting.,2024-11-13 07:15:31,2026-08-12T13:29:33.761206,reviews.csv
3132,285,3,4,Liked it. The first half is stronger than the second.,2021-09-05 09:19:50,2026-08-12T13:29:33.761206,reviews.csv
5183,660,1,4,"Good book, though the ending felt a little rushed.",2023-03-20 20:12:23,2026-08-12T13:29:33.761206,reviews.csv
1709,2634,1,-1,Disappointed. Expected much more based on the reviews.,2023-01-28 11:06:27,2026-08-12T13:29:33.761206,reviews.csv
3367,2317,3,4,Enjoyed it quite a bit. Solid writing and interesting ideas.,2022-06-08 11:52:19,2026-08-12T13:29:33.761206,reviews.csv
2427,2160,1,5,I finished this in two sittings. Absolutely riveting.,2024-10-12 19:05:01,2026-08-12T13:29:33.761206,reviews.csv
3159,1478,2,5,A masterpiece. Every chapter left me wanting more.,2020-12-23 20:05:46,2026-08-12T13:29:33.761206,reviews.csv
5441,135,3,4,Enjoyed it quite a bit. Solid writing and interesting ideas.,2021-03-17 20:35:58,2026-08-12T13:29:33.761206,reviews.csv
2838,1490,2,5,I finished this in two sittings. Absolutely riveting.,2022-10-05 12:15:39,2026-08-12T13:29:33.761206,reviews.csv
3551,2663,3,4,Well-written and engaging. A few plot holes but forgivable.,2024-08-30 14:21:36,2026-08-12T13:29:33.761206,reviews.csv
3495,1812,28,3,"Mixed feelings. Good premise, mediocre execution.",2024-04-20 18:27:16,2026-08-12T13:29:33.761206,reviews.csv
2267,278,1,4,Liked it. The first half is stronger than the second.,2022-01-05 13:42:44,2026-08-12T13:29:33.761206,reviews.csv
2538,2483,20,4,Enjoyed it quite a bit. Solid writing and interesting ideas.,2024-08-24 10:58:47,2026-08-12T13:29:33.761206,reviews.csv
1786,112,1,5,This book changed the way I think. A must-read for everyone.,2020-02-10 12:38:17,2026-08-12T13:29:33.761206,reviews.csv
4991,697,16,3,It was okay. The hype around this book is a bit overstated.,2024-11-18 08:24:51,2026-08-12T13:29:33.761206,reviews.csv
4810,1004,7,4,Above average. Would recommend to fans of the genre.,2024-09-12 14:14:08,2026-08-12T13:29:33.761206,reviews.csv
910,2317,1,2,Struggled to get through it. The story meanders endlessly.,2021-10-22 18:15:15,2026-08-12T13:29:33.761206,reviews.csv
668,388,3,4,A very good read overall. Some chapters were slow but worth it.,2023-01-24 12:22:07,2026-08-12T13:29:33.761206,reviews.csv
5418,1477,7,4,Liked it. The first half is stronger than the second.,2022-01-27 13:10:15,2026-08-12T13:29:33.761206,reviews.csv
3766,2744,1,5,I finished this in two sittings. Absolutely riveting.,2022-12-17 20:18:54,2026-08-12T13:29:33.761206,reviews.csv
973,1296,57,4,"Good book, though the ending felt a little rushed.",2024-11-12 12:38:09,2026-08-12T13:29:33.761206,reviews.csv
793,1638,6,3,Had potential but did not quite deliver on its promise.,2024-11-18 08:18:08,2026-08-12T13:29:33.761206,reviews.csv
1530,23,1,4,A very good read overall. Some chapters were slow but worth it.,2023-08-11 12:27:28,2026-08-12T13:29:33.761206,reviews.csv
4760,1169,4,2,Disappointed. Expected much more based on the reviews.,2024-05-14 10:10:35,2026-08-12T13:29:33.761206,reviews.csv
4763,2002,41,5,Brilliant narrative. The characters feel genuinely real.,2022-04-14 17:52:07,2026-08-12T13:29:33.761206,reviews.csv
4710,217,6,4,Well-written and engaging. A few plot holes but forgivable.,2022-02-16 20:57:19,2026-08-12T13:29:33.761206,reviews.csv
4378,1476,2,3,,2023-11-19 19:31:34,2026-08-12T13:29:33.761206,reviews.csv
3897,543,1,4,A very good read overall. Some chapters were slow but worth it.,2024-12-31 15:37:26,2026-08-12T13:29:33.761206,reviews.csv
169,1941,1,4,"Good book, though the ending felt a little rushed.",2022-12-23 16:56:57,2026-08-12T13:29:33.761206,reviews.csv
1315,1439,11,5,The writing is exceptional and the story gripped me from page one.,2024-12-12 15:20:52,2026-08-12T13:29:33.761206,reviews.csv
5593,663,1,4,"Good book, though the ending felt a little rushed.",2023-10-02 14:30:24,2026-08-12T13:29:33.761206,reviews.csv
3049,2538,1,4,"Good book, though the ending felt a little rushed.",2022-11-20 18:00:21,2026-08-12T13:29:33.761206,reviews.csv
3185,547,2,3,Had potential but did not quite deliver on its promise.,2023-09-06 16:43:21,2026-08-12T13:29:33.761206,reviews.csv
5145,2070,3,4,Mostly great. The middle section drags a bit.,2024-01-31 08:51:05,2026-08-12T13:29:33.761206,reviews.csv
241,2505,1,4,Liked it. The first half is stronger than the second.,2022-05-12 20:32:59,2026-08-12T13:29:33.761206,reviews.csv
3079,2667,7,5,This book changed the way I think. A must-read for everyone.,2024-12-31 17:44:43,2026-08-12T13:29:33.761206,reviews.csv
295,1925,3,2,Disappointed. Expected much more based on the reviews.,2024-04-25 19:01:56,2026-08-12T13:29:33.761206,reviews.csv
393,1391,3,5,This book changed the way I think. A must-read for everyone.,2024-04-21 22:11:04,2026-08-12T13:29:33.761206,reviews.csv
2265,807,21,4,Well-written and engaging. A few plot holes but forgivable.,2023-11-01 07:07:34,2026-08-12T13:29:33.761206,reviews.csv
1963,451,34,5,Brilliant narrative. The characters feel genuinely real.,2024-10-01 08:01:40,2026-08-12T13:29:33.761206,reviews.csv
480,435,2,3,It was okay. The hype around this book is a bit overstated.,2024-08-04 09:11:18,2026-08-12T13:29:33.761206,reviews.csv
2032,1918,1,3,Neither great nor terrible. Passes the time.,2024-05-23 20:26:07,2026-08-12T13:29:33.761206,reviews.csv
3826,1507,5,3,Had potential but did not quite deliver on its promise.,2024-11-11 07:42:11,2026-08-12T13:29:33.761206,reviews.csv
1882,350,10,7,Well-written and engaging. A few plot holes but forgivable.,2022-02-24 13:29:31,2026-08-12T13:29:33.761206,reviews.csv
2768,109,1,4,Mostly great. The middle section drags a bit.,2024-11-13 13:12:43,2026-08-12T13:29:33.761206,reviews.csv
4864,1143,1,3,It was okay. The hype around this book is a bit overstated.,2024-11-16 08:22:24,2026-08-12T13:29:33.761206,reviews.csv
5238,793,55,4,,2023-11-15 23:36:39,2026-08-12T13:29:33.761206,reviews.csv
4374,1998,2,4,A very good read overall. Some chapters were slow but worth it.,2024-01-04 18:44:13,2026-08-12T13:29:33.761206,reviews.csv
1289,697,1,4,Above average. Would recommend to fans of the genre.,2022-12-25 09:08:07,2026-08-12T13:29:33.761206,reviews.csv
4868,1742,7,3,"Some interesting parts, but overall felt underwhelming.",2024-12-31 15:21:09,2026-08-12T13:29:33.761206,reviews.csv
5068,2535,2,3,Decent read. Not my favourite but not bad either.,2022-10-18 13:59:23,2026-08-12T13:29:33.761206,reviews.csv
1539,383,14,4,Liked it. The first half is stronger than the second.,2024-12-09 06:51:51,2026-08-12T13:29:33.761206,reviews.csv
5134,2604,2,4,Above average. Would recommend to fans of the genre.,2024-06-30 19:06:20,2026-08-12T13:29:33.761206,reviews.csv
4967,1986,17,4,Mostly great. The middle section drags a bit.,2024-10-25 14:39:13,2026-08-12T13:29:33.761206,reviews.csv
2894,1179,6,3,Decent read. Not my favourite but not bad either.,2024-03-19 12:55:51,2026-08-12T13:29:33.761206,reviews.csv
1167,956,28,2,Would not recommend. Too slow and the payoff was not worth it.,2024-12-01 14:45:35,2026-08-12T13:29:33.761206,reviews.csv
767,396,16,5,,2024-07-31 14:03:41,2026-08-12T13:29:33.761206,reviews.csv
4148,589,47,3,Neither great nor terrible. Passes the time.,2024-07-03 17:42:53,2026-08-12T13:29:33.761206,reviews.csv
1895,2673,1,4,Enjoyed it quite a bit. Solid writing and interesting ideas.,2024-03-12 15:49:44,2026-08-12T13:29:33.761206,reviews.csv
1687,246,1,7,Pleasant read. Nothing groundbreaking but definitely enjoyable.,2022-12-27 09:59:39,2026-08-12T13:29:33.761206,reviews.csv
2508,399,1,4,A very good read overall. Some chapters were slow but worth it.,2024-07-24 22:04:52,2026-08-12T13:29:33.761206,reviews.csv
3728,2522,13,4,Well-written and engaging. A few plot holes but forgivable.,2024-12-31 10:07:59,2026-08-12T13:29:33.761206,reviews.csv
4862,706,2,5,A masterpiece. Every chapter left me wanting more.,2024-12-27 16:28:20,2026-08-12T13:29:33.761206,reviews.csv
11,775,1,5,A masterpiece. Every chapter left me wanting more.,2020-11-24 11:22:19,2026-08-12T13:29:33.761206,reviews.csv
1917,717,5,4,Above average. Would recommend to fans of the genre.,2021-03-19 15:26:15,2026-08-12T13:29:33.761206,reviews.csv
2215,979,6,2,Would not recommend. Too slow and the payoff was not worth it.,2023-06-06 11:42:01,2026-08-12T13:29:33.761206,reviews.csv
2023,1673,20,4,Enjoyed it quite a bit. Solid writing and interesting ideas.,2024-09-06 10:23:15,2026-08-12T13:29:33.761206,reviews.csv
2878,1546,9,3,Decent read. Not my favourite but not bad either.,2023-11-14 12:04:39,2026-08-12T13:29:33.761206,reviews.csv
4557,1290,7,5,The writing is exceptional and the story gripped me from page one.,2023-03-30 18:54:09,2026-08-12T13:29:33.761206,reviews.csv
1913,2412,2,5,The writing is exceptional and the story gripped me from page one.,2023-05-06 09:25:39,2026-08-12T13:29:33.761206,reviews.csv
762,2520,3,4,"Good book, though the ending felt a little rushed.",2024-01-21 20:16:30,2026-08-12T13:29:33.761206,reviews.csv
1489,435,1,3,Average. Had its moments but failed to really engage me.,2024-08-06 12:42:16,2026-08-12T13:29:33.761206,reviews.csv
1954,1743,26,3,Had potential but did not quite deliver on its promise.,2020-12-29 12:29:08,2026-08-12T13:29:33.761206,reviews.csv
4877,2396,6,2,Disappointed. Expected much more based on the reviews.,2023-09-30 17:58:49,2026-08-12T13:29:33.761206,reviews.csv
5054,2057,31,5,Brilliant narrative. The characters feel genuinely real.,2021-03-16 20:45:42,2026-08-12T13:29:33.761206,reviews.csv
685,1338,1,3,Average. Had its moments but failed to really engage me.,2024-05-11 22:33:24,2026-08-12T13:29:33.761206,reviews.csv
1085,293,4,3,Average. Had its moments but failed to really engage me.,2023-03-16 12:13:07,2026-08-12T13:29:33.761206,reviews.csv
1959,1530,1,3,Decent read. Not my favourite but not bad either.,2024-05-22 22:16:19,2026-08-12T13:29:33.761206,reviews.csv
1650,822,2,4,Enjoyed it quite a bit. Solid writing and interesting ideas.,2024-09-29 11:17:28,2026-08-12T13:29:33.761206,reviews.csv
5438,2680,98,4,"Good book, though the ending felt a little rushed.",2023-11-06 18:33:15,2026-08-12T13:29:33.761206,reviews.csv
1181,34,42,2,Would not recommend. Too slow and the payoff was not worth it.,2024-12-31 12:44:58,2026-08-12T13:29:33.761206,reviews.csv
5219,1310,9,4,Well-written and engaging. A few plot holes but forgivable.,2021-12-16 14:15:44,2026-08-12T13:29:33.761206,reviews.csv
262,2072,5,1,One of the worst books I have read. No coherent plot.,2022-04-14 09:15:18,2026-08-12T13:29:33.761206,reviews.csv
4651,51,1,3,"Mixed feelings. Good premise, mediocre execution.",2023-11-28 12:00:22,2026-08-12T13:29:33.761206,reviews.csv
3329,1215,3,3,"Some interesting parts, but overall felt underwhelming.",2021-09-30 11:32:02,2026-08-12T13:29:33.761206,reviews.csv
1594,1734,1,4,Above average. Would recommend to fans of the genre.,2023-12-29 10:54:26,2026-08-12T13:29:33.761206,reviews.csv
229,658,1,4,Enjoyed it quite a bit. Solid writing and interesting ideas.,2021-12-13 18:15:46,2026-08-12T13:29:33.761206,reviews.csv
4053,1230,1,3,"Some interesting parts, but overall felt underwhelming.",2020-11-06 15:50:34,2026-08-12T13:29:33.761206,reviews.csv
4725,359,24,2,Would not recommend. Too slow and the payoff was not worth it.,2024-02-04 18:15:40,2026-08-12T13:29:33.761206,reviews.csv
637,820,7,5,Perfect blend of story and insight. Will read again.,2023-07-28 13:13:13,2026-08-12T13:29:33.761206,reviews.csv
3943,763,11,4,A very good read overall. Some chapters were slow but worth it.,2023-06-29 13:00:34,2026-08-12T13:29:33.761206,reviews.csv
1783,1914,4,4,Above average. Would recommend to fans of the genre.,2022-09-26 08:46:50,2026-08-12T13:29:33.761206,reviews.csv
5244,299,9,4,Above average. Would recommend to fans of the genre.,2024-02-14 20:31:00,2026-08-12T13:29:33.761206,reviews.csv
2688,2487,1,4,A very good read overall. Some chapters were slow but worth it.,2024-02-02 17:36:35,2026-08-12T13:29:33.761206,reviews.csv
4977,2443,2,4,Above average. Would recommend to fans of the genre.,2024-07-04 18:48:22,2026-08-12T13:29:33.761206,reviews.csv
217,284,1,5,This book changed the way I think. A must-read for everyone.,2024-04-22 06:07:48,2026-08-12T13:29:33.761206,reviews.csv
283,116,1,4,Above average. Would recommend to fans of the genre.,2024-07-31 09:45:31,2026-08-12T13:29:33.761206,reviews.csv
3403,198,1,4,,2023-07-14 21:15:38,2026-08-12T13:29:33.761206,reviews.csv
3332,1930,8,1,Gave up halfway. The writing is unbearable.,2024-02-23 08:40:01,2026-08-12T13:29:33.761206,reviews.csv
2328,1156,3,4,A very good read overall. Some chapters were slow but worth it.,2020-05-03 19:31:55,2026-08-12T13:29:33.761206,reviews.csv
5547,2306,10,3,Decent read. Not my favourite but not bad either.,2023-10-25 13:59:51,2026-08-12T13:29:33.761206,reviews.csv
1935,1948,5,3,Neither great nor terrible. Passes the time.,2023-07-14 19:23:51,2026-08-12T13:29:33.761206,reviews.csv
86,507,1,2,Overrated. I did not enjoy the characters at all.,2024-12-31 07:38:19,2026-08-12T13:29:33.761206,reviews.csv
3647,2433,24,2,Disappointed. Expected much more based on the reviews.,2020-10-22 15:50:10,2026-08-12T13:29:33.761206,reviews.csv
439,2796,6,4,Enjoyed it quite a bit. Solid writing and interesting ideas.,2022-02-02 09:51:42,2026-08-12T13:29:33.761206,reviews.csv
3565,1486,2,5,One of the best reads I have had in years. Highly recommended.,2024-05-30 20:28:20,2026-08-12T13:29:33.761206,reviews.csv
3560,558,11,3,It was okay. The hype around this book is a bit overstated.,2021-07-19 09:11:47,2026-08-12T13:29:33.761206,reviews.csv
874,1328,23,4,Mostly great. The middle section drags a bit.,2024-12-31 20:14:48,2026-08-12T13:29:33.761206,reviews.csv
4485,1790,1,4,Liked it. The first half is stronger than the second.,2021-07-05 08:12:06,2026-08-12T13:29:33.761206,reviews.csv
4083,515,1,4,Mostly great. The middle section drags a bit.,2024-05-25 13:11:14,2026-08-12T13:29:33.761206,reviews.csv
2289,1344,1,3,Average. Had its moments but failed to really engage me.,2023-06-22 22:12:15,2026-08-12T13:29:33.761206,reviews.csv
3616,2084,24,4,Pleasant read. Nothing groundbreaking but definitely enjoyable.,2021-08-23 12:53:49,2026-08-12T13:29:33.761206,reviews.csv
1030,455,2,4,Above average. Would recommend to fans of the genre.,2024-08-11 12:14:46,2026-08-12T13:29:33.761206,reviews.csv
4687,1568,1,4,Liked it. The first half is stronger than the second.,2023-06-17 19:57:10,2026-08-12T13:29:33.761206,reviews.csv
4184,1392,111,4,Above average. Would recommend to fans of the genre.,2024-12-31 19:50:03,2026-08-12T13:29:33.761206,reviews.csv
4645,1526,1,4,Enjoyed it quite a bit. Solid writing and interesting ideas.,2024-05-09 07:29:30,2026-08-12T13:29:33.761206,reviews.csv
1565,1531,11,4,Liked it. The first half is stronger than the second.,2024-11-28 18:30:41,2026-08-12T13:29:33.761206,reviews.csv
4084,173,1,5,This book changed the way I think. A must-read for everyone.,2022-06-30 07:42:23,2026-08-12T13:29:33.761206,reviews.csv
6,385,3,4,Above average. Would recommend to fans of the genre.,2020-04-10 22:59:20,2026-08-12T13:29:33.761206,reviews.csv
546,2327,10,5,,2024-08-09 06:35:28,2026-08-12T13:29:33.761206,reviews.csv
3059,565,3,4,Liked it. The first half is stronger than the second.,2024-11-01 13:58:47,2026-08-12T13:29:33.761206,reviews.csv
4101,2132,1,4,Above average. Would recommend to fans of the genre.,2024-09-13 17:49:31,2026-08-12T13:29:33.761206,reviews.csv
2740,639,1,4,Liked it. The first half is stronger than the second.,2022-12-02 07:51:54,2026-08-12T13:29:33.761206,reviews.csv
1738,2017,1,4,Mostly great. The middle section drags a bit.,2024-05-02 13:44:35,2026-08-12T13:29:33.761206,reviews.csv
243,845,1,4,Pleasant read. Nothing groundbreaking but definitely enjoyable.,2024-09-22 07:04:34,2026-08-12T13:29:33.761206,reviews.csv
4218,256,2,2,Overrated. I did not enjoy the characters at all.,2023-07-08 08:18:02,2026-08-12T13:29:33.761206,reviews.csv
3100,89,1,4,Mostly great. The middle section drags a bit.,2024-06-23 21:45:56,2026-08-12T13:29:33.761206,reviews.csv
1205,2260,1,5,The writing is exceptional and the story gripped me from page one.,2023-10-10 20:21:08,2026-08-12T13:29:33.761206,reviews.csv
3118,822,5,3,"Some interesting parts, but overall felt underwhelming.",2024-08-14 17:25:39,2026-08-12T13:29:33.761206,reviews.csv
2529,866,4,2,Disappointed. Expected much more based on the reviews.,2023-05-07 14:43:31,2026-08-12T13:29:33.761206,reviews.csv
2260,813,2,4,Enjoyed it quite a bit. Solid writing and interesting ideas.,2024-12-23 17:18:24,2026-08-12T13:29:33.761206,reviews.csv
1275,1523,1,4,Liked it. The first half is stronger than the second.,2023-07-20 15:36:37,2026-08-12T13:29:33.761206,reviews.csv
4752,2415,3,2,Would not recommend. Too slow and the payoff was not worth it.,2024-01-26 18:11:29,2026-08-12T13:29:33.761206,reviews.csv
2716,977,2,4,Well-written and engaging. A few plot holes but forgivable.,2024-12-25 17:22:10,2026-08-12T13:29:33.761206,reviews.csv
3537,1769,22,3,Neither great nor terrible. Passes the time.,2021-02-16 11:43:27,2026-08-12T13:29:33.761206,reviews.csv
2312,541,1,3,Neither great nor terrible. Passes the time.,2024-12-31 13:55:35,2026-08-12T13:29:33.761206,reviews.csv
3678,564,2,4,Above average. Would recommend to fans of the genre.,2024-11-04 19:08:13,2026-08-12T13:29:33.761206,reviews.csv
2760,1426,2,3,Had potential but did not quite deliver on its promise.,2022-05-06 13:43:58,2026-08-12T13:29:33.761206,reviews.csv
41,1571,5,2,Would not recommend. Too slow and the payoff was not worth it.,2024-12-30 21:07:58,2026-08-12T13:29:33.761206,reviews.csv
2637,731,1,3,Decent read. Not my favourite but not bad either.,2022-06-16 15:06:52,2026-08-12T13:29:33.761206,reviews.csv
2483,895,11,5,Exceeded all my expectations. Truly extraordinary.,2022-01-08 09:29:02,2026-08-12T13:29:33.761206,reviews.csv
3008,951,3,5,One of the best reads I have had in years. Highly recommended.,2024-12-18 11:32:35,2026-08-12T13:29:33.761206,reviews.csv
4200,2047,7,5,Perfect blend of story and insight. Will read again.,2020-03-30 12:14:12,2026-08-12T13:29:33.761206,reviews.csv
1408,2429,1,5,One of the best reads I have had in years. Highly recommended.,2022-06-01 11:52:18,2026-08-12T13:29:33.761206,reviews.csv
2186,2272,1,4,"Good book, though the ending felt a little rushed.",2024-08-07 18:39:24,2026-08-12T13:29:33.761206,reviews.csv
1308,849,18,4,A very good read overall. Some chapters were slow but worth it.,2024-02-16 06:20:51,2026-08-12T13:29:33.761206,reviews.csv
3104,1476,5,3,Decent read. Not my favourite but not bad either.,2023-08-31 11:02:18,2026-08-12T13:29:33.761206,reviews.csv
376,1691,1,4,A very good read overall. Some chapters were slow but worth it.,2024-04-03 16:20:53,2026-08-12T13:29:33.761206,reviews.csv
4019,1219,3,5,A masterpiece. Every chapter left me wanting more.,2023-03-28 15:21:52,2026-08-12T13:29:33.761206,reviews.csv
3022,2130,2,3,It was okay. The hype around this book is a bit overstated.,2024-01-11 08:59:53,2026-08-12T13:29:33.761206,reviews.csv
1490,2359,4,2,Disappointed. Expected much more based on the reviews.,2022-11-20 19:40:19,2026-08-12T13:29:33.761206,reviews.csv
2276,1895,3,3,"Mixed feelings. Good premise, mediocre execution.",2024-08-22 09:38:42,2026-08-12T13:29:33.761206,reviews.csv
2414,2576,1,4,A very good read overall. Some chapters were slow but worth it.,2022-07-30 19:54:07,2026-08-12T13:29:33.761206,reviews.csv
3742,2529,4,3,Had potential but did not quite deliver on its promise.,2024-08-15 23:35:28,2026-08-12T13:29:33.761206,reviews.csv
747,887,3,4,Liked it. The first half is stronger than the second.,2023-10-24 12:28:04,2026-08-12T13:29:33.761206,reviews.csv
4333,2288,29,6,Absolutely loved this book — couldn't put it down!,2024-07-28 00:29:35,2026-08-12T13:29:33.761206,reviews.csv
4183,2697,1,5,One of the best reads I have had in years. Highly recommended.,2023-04-07 13:21:02,2026-08-12T13:29:33.761206,reviews.csv
3626,1007,5,4,Liked it. The first half is stronger than the second.,2022-01-24 22:52:04,2026-08-12T13:29:33.761206,reviews.csv
3280,1264,1,4,,2022-10-20 17:24:37,2026-08-12T13:29:33.761206,reviews.csv
1945,1854,1,4,Pleasant read. Nothing groundbreaking but definitely enjoyable.,2024-12-20 06:37:52,2026-08-12T13:29:33.761206,reviews.csv
3490,1900,5,4,"Good book, though the ending felt a little rushed.",2023-12-08 17:58:54,2026-08-12T13:29:33.761206,reviews.csv
2551,1993,1,4,Above average. Would recommend to fans of the genre.,2024-07-23 12:49:49,2026-08-12T13:29:33.761206,reviews.csv
1291,1478,8,4,Well-written and engaging. A few plot holes but forgivable.,2021-01-06 12:59:46,2026-08-12T13:29:33.761206,reviews.csv
2622,2413,25,3,"Mixed feelings. Good premise, mediocre execution.",2023-05-19 11:51:18,2026-08-12T13:29:33.761206,reviews.csv
389,1301,3,4,Mostly great. The middle section drags a bit.,2022-10-02 23:32:31,2026-08-12T13:29:33.761206,reviews.csv
681,2792,1,3,Average. Had its moments but failed to really engage me.,2023-06-15 18:07:53,2026-08-12T13:29:33.761206,reviews.csv
5229,1383,3,4,Above average. Would recommend to fans of the genre.,2023-11-19 09:17:08,2026-08-12T13:29:33.761206,reviews.csv
4307,683,1,3,Average. Had its moments but failed to really engage me.,2021-12-27 18:44:11,2026-08-12T13:29:33.761206,reviews.csv
1302,1521,2,2,Disappointed. Expected much more based on the reviews.,2024-01-01 17:54:06,2026-08-12T13:29:33.761206,reviews.csv
4438,838,1,4,Pleasant read. Nothing groundbreaking but definitely enjoyable.,2022-12-15 07:29:40,2026-08-12T13:29:33.761206,reviews.csv
2199,1574,1,3,Average. Had its moments but failed to really engage me.,2024-08-05 14:34:47,2026-08-12T13:29:33.761206,reviews.csv
2751,1573,1,3,"Some interesting parts, but overall felt underwhelming.",2024-11-22 18:06:58,2026-08-12T13:29:33.761206,reviews.csv
312,465,1,3,,2024-10-30 20:53:11,2026-08-12T13:29:33.761206,reviews.csv
3284,844,8,3,"Some interesting parts, but overall felt underwhelming.",2024-07-14 09:31:13,2026-08-12T13:29:33.761206,reviews.csv
239,2312,2,4,Above average. Would recommend to fans of the genre.,2024-11-02 13:49:01,2026-08-12T13:29:33.761206,reviews.csv
1914,1217,2,4,Enjoyed it quite a bit. Solid writing and interesting ideas.,2024-12-22 20:24:19,2026-08-12T13:29:33.761206,reviews.csv
1806,1603,1,2,Overrated. I did not enjoy the characters at all.,2021-12-12 15:03:00,2026-08-12T13:29:33.761206,reviews.csv
2452,2739,3,4,A very good read overall. Some chapters were slow but worth it.,2023-02-10 18:58:36,2026-08-12T13:29:33.761206,reviews.csv
4947,989,1,5,One of the best reads I have had in years. Highly recommended.,2024-02-24 16:58:46,2026-08-12T13:29:33.761206,reviews.csv
181,2261,2,3,Average. Had its moments but failed to really engage me.,2024-12-31 14:00:53,2026-08-12T13:29:33.761206,reviews.csv
2179,886,1,4,Above average. Would recommend to fans of the genre.,2021-07-10 21:25:25,2026-08-12T13:29:33.761206,reviews.csv
1574,484,4,2,Overrated. I did not enjoy the characters at all.,2023-02-15 14:01:51,2026-08-12T13:29:33.761206,reviews.csv
1164,10,7,7,This book changed the way I think. A must-read for everyone.,2023-05-04 02:19:04,2026-08-12T13:29:33.761206,reviews.csv
694,2292,4,4,Well-written and engaging. A few plot holes but forgivable.,2024-11-26 23:27:49,2026-08-12T13:29:33.761206,reviews.csv
5022,539,2,3,"Mixed feelings. Good premise, mediocre execution.",2023-01-10 19:36:50,2026-08-12T13:29:33.761206,reviews.csv
1956,1085,2,3,"Mixed feelings. Good premise, mediocre execution.",2022-04-11 11:20:27,2026-08-12T13:29:33.761206,reviews.csv
1502,308,1,4,"Good book, though the ending felt a little rushed.",2024-02-02 02:42:31,2026-08-12T13:29:33.761206,reviews.csv
334,332,1,4,Well-written and engaging. A few plot holes but forgivable.,2024-11-20 04:17:31,2026-08-12T13:29:33.761206,reviews.csv
504,964,4,4,Enjoyed it quite a bit. Solid writing and interesting ideas.,2022-01-20 19:09:33,2026-08-12T13:29:33.761206,reviews.csv
4386,1372,22,2,The plot felt disjointed and the pacing was off throughout.,2024-01-29 09:17:57,2026-08-12T13:29:33.761206,reviews.csv
5160,1726,1,3,"Mixed feelings. Good premise, mediocre execution.",2023-02-11 17:09:57,2026-08-12T13:29:33.761206,reviews.csv
3084,676,5,2,The plot felt disjointed and the pacing was off throughout.,2024-12-27 01:27:38,2026-08-12T13:29:33.761206,reviews.csv
1599,239,4,3,Decent read. Not my favourite but not bad either.,2024-07-05 14:48:38,2026-08-12T13:29:33.761206,reviews.csv
3413,1882,8,4,Mostly great. The middle section drags a bit.,2024-01-06 18:49:45,2026-08-12T13:29:33.761206,reviews.csv
3734,1221,11,3,Neither great nor terrible. Passes the time.,2024-08-24 12:01:26,2026-08-12T13:29:33.761206,reviews.csv
3435,1923,4,3,Average. Had its moments but failed to really engage me.,2022-09-06 13:14:21,2026-08-12T13:29:33.761206,reviews.csv
1277,299,1,3,"Mixed feelings. Good premise, mediocre execution.",2023-09-15 12:19:21,2026-08-12T13:29:33.761206,reviews.csv
1980,2442,1,4,Enjoyed it quite a bit. Solid writing and interesting ideas.,2023-02-05 23:27:19,2026-08-12T13:29:33.761206,reviews.csv
5110,229,1,4,,2022-08-27 12:17:01,2026-08-12T13:29:33.761206,reviews.csv
1545,2613,6,3,"Some interesting parts, but overall felt underwhelming.",2020-03-16 08:20:48,2026-08-12T13:29:33.761206,reviews.csv
2948,1433,2,4,"Good book, though the ending felt a little rushed.",2023-10-27 11:14:22,2026-08-12T13:29:33.761206,reviews.csv
3563,1618,6,3,It was okay. The hype around this book is a bit overstated.,2021-03-22 16:11:22,2026-08-12T13:29:33.761206,reviews.csv
1605,1664,1,2,Would not recommend. Too slow and the payoff was not worth it.,2020-08-07 08:33:03,2026-08-12T13:29:33.761206,reviews.csv
5176,2608,11,4,Well-written and engaging. A few plot holes but forgivable.,2023-04-24 17:04:23,2026-08-12T13:29:33.761206,reviews.csv
5156,527,8,3,It was okay. The hype around this book is a bit overstated.,2024-09-13 08:25:03,2026-08-12T13:29:33.761206,reviews.csv
2383,2470,2,3,"Some interesting parts, but overall felt underwhelming.",2024-08-24 11:18:58,2026-08-12T13:29:33.761206,reviews.csv
2000,392,1,4,Pleasant read. Nothing groundbreaking but definitely enjoyable.,2024-09-20 19:49:07,2026-08-12T13:29:33.761206,reviews.csv
3177,2041,1,5,I finished this in two sittings. Absolutely riveting.,2022-12-21 17:16:37,2026-08-12T13:29:33.761206,reviews.csv
697,708,1,4,Above average. Would recommend to fans of the genre.,2022-11-09 09:30:36,2026-08-12T13:29:33.761206,reviews.csv
2380,758,1,3,"Mixed feelings. Good premise, mediocre execution.",2024-11-30 06:05:07,2026-08-12T13:29:33.761206,reviews.csv
4124,2213,11,3,Average. Had its moments but failed to really engage me.,2023-09-05 09:35:41,2026-08-12T13:29:33.761206,reviews.csv
687,731,73,2,Would not recommend. Too slow and the payoff was not worth it.,2024-04-22 18:18:17,2026-08-12T13:29:33.761206,reviews.csv
4679,1521,4,4,Mostly great. The middle section drags a bit.,2024-01-30 17:05:50,2026-08-12T13:29:33.761206,reviews.csv
3630,1062,3,3,Had potential but did not quite deliver on its promise.,2024-08-04 18:22:24,2026-08-12T13:29:33.761206,reviews.csv
3707,1674,149,0,The plot felt disjointed and the pacing was off throughout.,2024-02-20 11:32:32,2026-08-12T13:29:33.761206,reviews.csv
2843,1390,1,4,,2022-05-27 14:17:05,2026-08-12T13:29:33.761206,reviews.csv
2044,304,1,3,"Mixed feelings. Good premise, mediocre execution.",2024-03-18 13:49:18,2026-08-12T13:29:33.761206,reviews.csv
3431,351,7,-1,Liked it. The first half is stronger than the second.,2023-03-10 12:32:33,2026-08-12T13:29:33.761206,reviews.csv
5260,917,1,4,,2024-10-31 08:01:53,2026-08-12T13:29:33.761206,reviews.csv
1457,59,1,4,Pleasant read. Nothing groundbreaking but definitely enjoyable.,2022-02-09 12:44:17,2026-08-12T13:29:33.761206,reviews.csv
2146,1252,2,5,One of the best reads I have had in years. Highly recommended.,2023-12-04 08:00:55,2026-08-12T13:29:33.761206,reviews.csv
2546,1929,35,4,A very good read overall. Some chapters were slow but worth it.,2022-11-16 13:11:00,2026-08-12T13:29:33.761206,reviews.csv
1128,506,1,4,Liked it. The first half is stronger than the second.,2024-12-21 10:00:13,2026-08-12T13:29:33.761206,reviews.csv
2263,435,5,2,The plot felt disjointed and the pacing was off throughout.,2024-08-15 07:35:15,2026-08-12T13:29:33.761206,reviews.csv
3496,950,1,5,One of the best reads I have had in years. Highly recommended.,2024-11-15 13:04:03,2026-08-12T13:29:33.761206,reviews.csv
3547,2719,2,5,Exceeded all my expectations. Truly extraordinary.,2024-06-19 08:25:35,2026-08-12T13:29:33.761206,reviews.csv
5530,2606,3,3,It was okay. The hype around this book is a bit overstated.,2024-12-31 08:12:31,2026-08-12T13:29:33.761206,reviews.csv
547,1412,11,2,,2024-08-05 14:07:11,2026-08-12T13:29:33.761206,reviews.csv
1813,725,13,3,"Some interesting parts, but overall felt underwhelming.",2024-12-08 13:12:26,2026-08-12T13:29:33.761206,reviews.csv
5081,1636,4,3,Decent read. Not my favourite but not bad either.,2024-09-28 18:11:39,2026-08-12T13:29:33.761206,reviews.csv
5447,359,31,0,Exceeded all my expectations. Truly extraordinary.,2024-01-12 18:16:13,2026-08-12T13:29:33.761206,reviews.csv
220,1439,1,5,,2024-08-06 21:24:20,2026-08-12T13:29:33.761206,reviews.csv
5253,1890,1,4,Liked it. The first half is stronger than the second.,2023-05-18 08:52:40,2026-08-12T13:29:33.761206,reviews.csv
5296,2125,3,3,"Mixed feelings. Good premise, mediocre execution.",2024-01-21 07:31:41,2026-08-12T13:29:33.761206,reviews.csv
3459,471,1,4,A very good read overall. Some chapters were slow but worth it.,2024-09-08 21:37:25,2026-08-12T13:29:33.761206,reviews.csv
172,865,1,4,Liked it. The first half is stronger than the second.,2022-07-20 11:19:13,2026-08-12T13:29:33.761206,reviews.csv
4797,2599,1,4,Well-written and engaging. A few plot holes but forgivable.,2023-08-02 17:29:47,2026-08-12T13:29:33.761206,reviews.csv
996,1787,22,3,Decent read. Not my favourite but not bad either.,2023-12-13 20:41:31,2026-08-12T13:29:33.761206,reviews.csv
1868,2012,12,5,Absolutely loved this book — couldn't put it down!,2022-04-12 09:34:16,2026-08-12T13:29:33.761206,reviews.csv
1253,1363,1,5,Absolutely loved this book — couldn't put it down!,2024-06-07 11:03:02,2026-08-12T13:29:33.761206,reviews.csv
3932,630,2,5,The writing is exceptional and the story gripped me from page one.,2024-12-14 20:45:41,2026-08-12T13:29:33.761206,reviews.csv
2973,2417,1,4,Liked it. The first half is stronger than the second.,2024-10-19 09:47:08,2026-08-12T13:29:33.761206,reviews.csv
2536,2167,1,4,Mostly great. The middle section drags a bit.,2021-05-03 15:06:45,2026-08-12T13:29:33.761206,reviews.csv
3214,2334,9,2,,2024-12-31 15:14:27,2026-08-12T13:29:33.761206,reviews.csv
2225,2663,2,5,Brilliant narrative. The characters feel genuinely real.,2022-11-22 13:53:39,2026-08-12T13:29:33.761206,reviews.csv
4876,980,4,3,Neither great nor terrible. Passes the time.,2024-08-01 03:27:49,2026-08-12T13:29:33.761206,reviews.csv
2713,159,2,5,Brilliant narrative. The characters feel genuinely real.,2023-12-02 17:48:31,2026-08-12T13:29:33.761206,reviews.csv
3255,734,4,5,Brilliant narrative. The characters feel genuinely real.,2024-05-05 19:58:48,2026-08-12T13:29:33.761206,reviews.csv
240,2215,1,3,Neither great nor terrible. Passes the time.,2020-10-16 12:02:59,2026-08-12T13:29:33.761206,reviews.csv
3530,1355,1,2,Would not recommend. Too slow and the payoff was not worth it.,2023-11-10 09:45:38,2026-08-12T13:29:33.761206,reviews.csv
4326,2235,8,4,Pleasant read. Nothing groundbreaking but definitely enjoyable.,2023-08-23 08:11:17,2026-08-12T13:29:33.761206,reviews.csv
4215,996,1,5,Absolutely loved this book — couldn't put it down!,2023-12-28 11:30:33,2026-08-12T13:29:33.761206,reviews.csv
943,780,5,2,The plot felt disjointed and the pacing was off throughout.,2023-10-31 15:27:17,2026-08-12T13:29:33.761206,reviews.csv
4591,1641,38,5,Absolutely loved this book — couldn't put it down!,2020-04-02 16:24:50,2026-08-12T13:29:33.761206,reviews.csv
3299,1667,5,3,Had potential but did not quite deliver on its promise.,2023-06-17 10:38:31,2026-08-12T13:29:33.761206,reviews.csv
4861,663,2,4,,2023-08-02 17:55:56,2026-08-12T13:29:33.761206,reviews.csv
4724,180,1,4,Liked it. The first half is stronger than the second.,2022-04-12 16:03:05,2026-08-12T13:29:33.761206,reviews.csv
4355,2231,2,4,Pleasant read. Nothing groundbreaking but definitely enjoyable.,2022-02-10 11:09:48,2026-08-12T13:29:33.761206,reviews.csv
5116,1074,7,4,Above average. Would recommend to fans of the genre.,2024-08-23 16:12:09,2026-08-12T13:29:33.761206,reviews.csv
4349,514,16,5,Brilliant narrative. The characters feel genuinely real.,2024-06-18 20:10:37,2026-08-12T13:29:33.761206,reviews.csv
2780,1070,2,4,A very good read overall. Some chapters were slow but worth it.,2021-11-18 19:49:35,2026-08-12T13:29:33.761206,reviews.csv
3091,725,4,4,Enjoyed it quite a bit. Solid writing and interesting ideas.,2024-10-25 21:34:11,2026-08-12T13:29:33.761206,reviews.csv
5198,1232,41,5,This book changed the way I think. A must-read for everyone.,2022-03-23 08:29:17,2026-08-12T13:29:33.761206,reviews.csv
1136,2634,2,4,Above average. Would recommend to fans of the genre.,2023-10-24 21:02:07,2026-08-12T13:29:33.761206,reviews.csv
4420,1877,21,5,Beautifully written. The author's style is simply stunning.,2024-11-03 21:52:58,2026-08-12T13:29:33.761206,reviews.csv
4489,1829,2,4,A very good read overall. Some chapters were slow but worth it.,2022-10-02 15:05:33,2026-08-12T13:29:33.761206,reviews.csv
2547,279,2,0,Had potential but did not quite deliver on its promise.,2020-10-24 21:25:51,2026-08-12T13:29:33.761206,reviews.csv
5454,681,1,3,Had potential but did not quite deliver on its promise.,2024-08-27 17:32:48,2026-08-12T13:29:33.761206,reviews.csv
2213,1533,34,4,Pleasant read. Nothing groundbreaking but definitely enjoyable.,2021-04-10 20:52:53,2026-08-12T13:29:33.761206,reviews.csv
3356,1272,7,5,Exceeded all my expectations. Truly extraordinary.,2024-06-15 19:28:50,2026-08-12T13:29:33.761206,reviews.csv
549,2071,4,3,,2024-06-22 18:38:13,2026-08-12T13:29:33.761206,reviews.csv
1953,1468,1,5,Brilliant narrative. The characters feel genuinely real.,2022-04-15 15:20:38,2026-08-12T13:29:33.761206,reviews.csv
1065,1964,2,5,Exceeded all my expectations. Truly extraordinary.,2024-02-10 21:48:44,2026-08-12T13:29:33.761206,reviews.csv
3561,2721,2,4,Mostly great. The middle section drags a bit.,2024-10-04 11:02:31,2026-08-12T13:29:33.761206,reviews.csv
2197,962,1,3,Neither great nor terrible. Passes the time.,2023-05-07 05:01:58,2026-08-12T13:29:33.761206,reviews.csv
1443,230,3,5,I finished this in two sittings. Absolutely riveting.,2023-11-12 17:45:23,2026-08-12T13:29:33.761206,reviews.csv
3631,2457,5,4,Pleasant read. Nothing groundbreaking but definitely enjoyable.,2024-05-13 11:44:03,2026-08-12T13:29:33.761206,reviews.csv
724,1752,27,2,Not for me. The writing style felt very dated.,2024-01-28 11:58:31,2026-08-12T13:29:33.761206,reviews.csv
4528,1388,2,4,Mostly great. The middle section drags a bit.,2021-08-26 08:22:39,2026-08-12T13:29:33.761206,reviews.csv
2477,928,2,5,Brilliant narrative. The characters feel genuinely real.,2024-11-02 18:51:22,2026-08-12T13:29:33.761206,reviews.csv
5549,385,5,4,Well-written and engaging. A few plot holes but forgivable.,2024-12-24 19:16:45,2026-08-12T13:29:33.761206,reviews.csv
678,262,1,3,"Some interesting parts, but overall felt underwhelming.",2022-08-30 08:23:57,2026-08-12T13:29:33.761206,reviews.csv
70,1450,1,3,"Some interesting parts, but overall felt underwhelming.",2022-05-13 23:18:48,2026-08-12T13:29:33.761206,reviews.csv
3288,1082,1,5,Brilliant narrative. The characters feel genuinely real.,2024-01-08 07:14:40,2026-08-12T13:29:33.761206,reviews.csv
3546,215,13,4,,2021-08-09 10:27:09,2026-08-12T13:29:33.761206,reviews.csv
4644,2379,2,3,Decent read. Not my favourite but not bad either.,2024-12-31 18:31:42,2026-08-12T13:29:33.761206,reviews.csv
4722,1104,7,5,One of the best reads I have had in years. Highly recommended.,2023-12-11 13:30:50,2026-08-12T13:29:33.761206,reviews.csv
4236,461,1,4,A very good read overall. Some chapters were slow but worth it.,2024-07-15 16:31:23,2026-08-12T13:29:33.761206,reviews.csv
3264,1088,2,3,Neither great nor terrible. Passes the time.,2023-04-20 19:36:31,2026-08-12T13:29:33.761206,reviews.csv
3000,2283,3,3,Neither great nor terrible. Passes the time.,2023-11-15 15:41:33,2026-08-12T13:29:33.761206,reviews.csv
4502,1937,2,3,Average. Had its moments but failed to really engage me.,2023-06-11 19:18:54,2026-08-12T13:29:33.761206,reviews.csv
1093,2635,10,3,,2021-05-02 17:48:42,2026-08-12T13:29:33.761206,reviews.csv
4581,16,3,4,"Good book, though the ending felt a little rushed.",2022-08-14 05:50:36,2026-08-12T13:29:33.761206,reviews.csv
1527,1289,6,2,Would not recommend. Too slow and the payoff was not worth it.,2024-05-04 14:01:27,2026-08-12T13:29:33.761206,reviews.csv
3688,1175,3,2,Overrated. I did not enjoy the characters at all.,2024-10-14 18:39:34,2026-08-12T13:29:33.761206,reviews.csv
2520,2055,13,3,Average. Had its moments but failed to really engage me.,2023-12-06 06:49:11,2026-08-12T13:29:33.761206,reviews.csv
1073,1869,30,3,Neither great nor terrible. Passes the time.,2020-08-08 07:18:28,2026-08-12T13:29:33.761206,reviews.csv
2302,1280,1,4,Liked it. The first half is stronger than the second.,2021-08-16 22:29:55,2026-08-12T13:29:33.761206,reviews.csv
522,2594,1,4,,2024-07-06 12:44:57,2026-08-12T13:29:33.761206,reviews.csv
4737,920,2,5,Beautifully written. The author's style is simply stunning.,2024-10-22 17:33:12,2026-08-12T13:29:33.761206,reviews.csv
3662,1698,9,4,Mostly great. The middle section drags a bit.,2024-12-29 21:19:04,2026-08-12T13:29:33.761206,reviews.csv
2866,1742,1,4,Above average. Would recommend to fans of the genre.,2022-11-11 16:32:34,2026-08-12T13:29:33.761206,reviews.csv
412,2393,1,4,Enjoyed it quite a bit. Solid writing and interesting ideas.,2021-12-08 19:28:48,2026-08-12T13:29:33.761206,reviews.csv
5281,955,17,3,Decent read. Not my favourite but not bad either.,2022-10-02 14:56:30,2026-08-12T13:29:33.761206,reviews.csv
211,575,70,3,"Mixed feelings. Good premise, mediocre execution.",2024-07-08 17:41:11,2026-08-12T13:29:33.761206,reviews.csv
4270,868,24,2,Disappointed. Expected much more based on the reviews.,2024-11-15 13:24:23,2026-08-12T13:29:33.761206,reviews.csv
2269,1215,22,2,Not for me. The writing style felt very dated.,2020-11-30 14:06:40,2026-08-12T13:29:33.761206,reviews.csv
1837,1242,3,4,Mostly great. The middle section drags a bit.,2022-02-17 17:14:08,2026-08-12T13:29:33.761206,reviews.csv
1858,1257,2,4,Well-written and engaging. A few plot holes but forgivable.,2023-05-10 11:03:17,2026-08-12T13:29:33.761206,reviews.csv
462,1796,12,4,Liked it. The first half is stronger than the second.,2022-09-19 16:02:18,2026-08-12T13:29:33.761206,reviews.csv
473,672,3,3,"Some interesting parts, but overall felt underwhelming.",2024-10-16 10:30:33,2026-08-12T13:29:33.761206,reviews.csv
2613,1236,1,3,It was okay. The hype around this book is a bit overstated.,2023-08-13 13:04:14,2026-08-12T13:29:33.761206,reviews.csv
406,2334,3,4,"Good book, though the ending felt a little rushed.",2023-02-23 19:10:28,2026-08-12T13:29:33.761206,reviews.csv
1323,1142,1,4,,2022-03-12 18:24:33,2026-08-12T13:29:33.761206,reviews.csv
3635,194,1,4,Well-written and engaging. A few plot holes but forgivable.,2022-07-28 09:58:51,2026-08-12T13:29:33.761206,reviews.csv
1921,541,2,3,It was okay. The hype around this book is a bit overstated.,2021-10-30 12:30:58,2026-08-12T13:29:33.761206,reviews.csv
4394,1524,4,5,,2022-02-14 17:14:20,2026-08-12T13:29:33.761206,reviews.csv
2050,908,2,4,Liked it. The first half is stronger than the second.,2023-10-29 18:41:20,2026-08-12T13:29:33.761206,reviews.csv
1499,422,2,4,Well-written and engaging. A few plot holes but forgivable.,2023-09-04 03:27:17,2026-08-12T13:29:33.761206,reviews.csv
5001,1040,47,3,Neither great nor terrible. Passes the time.,2024-08-01 09:52:41,2026-08-12T13:29:33.761206,reviews.csv
3423,857,2,4,Above average. Would recommend to fans of the genre.,2024-06-17 22:44:19,2026-08-12T13:29:33.761206,reviews.csv
3272,2143,1,4,,2023-01-02 16:56:39,2026-08-12T13:29:33.761206,reviews.csv
4305,2682,1,3,Average. Had its moments but failed to really engage me.,2024-09-24 11:49:40,2026-08-12T13:29:33.761206,reviews.csv
593,2507,1,4,Mostly great. The middle section drags a bit.,2024-12-25 22:23:24,2026-08-12T13:29:33.761206,reviews.csv
2700,1718,1,3,Decent read. Not my favourite but not bad either.,2024-05-14 10:50:34,2026-08-12T13:29:33.761206,reviews.csv
3615,2483,6,7,Not for me. The writing style felt very dated.,2024-10-27 12:30:53,2026-08-12T13:29:33.761206,reviews.csv
2344,2397,1,4,Enjoyed it quite a bit. Solid writing and interesting ideas.,2024-06-03 09:44:37,2026-08-12T13:29:33.761206,reviews.csv
1722,107,4,3,Average. Had its moments but failed to really engage me.,2024-06-09 18:17:39,2026-08-12T13:29:33.761206,reviews.csv
1750,2379,4,3,,2024-10-16 17:55:19,2026-08-12T13:29:33.761206,reviews.csv
587,2401,1,4,Above average. Would recommend to fans of the genre.,2024-12-31 18:39:32,2026-08-12T13:29:33.761206,reviews.csv
5493,69,3,6,Had potential but did not quite deliver on its promise.,2021-02-23 05:25:03,2026-08-12T13:29:33.761206,reviews.csv
4334,1185,20,5,Brilliant narrative. The characters feel genuinely real.,2023-12-03 22:59:00,2026-08-12T13:29:33.761206,reviews.csv
4931,1800,1,4,Above average. Would recommend to fans of the genre.,2024-02-15 12:34:33,2026-08-12T13:29:33.761206,reviews.csv
1712,1377,1,5,Exceeded all my expectations. Truly extraordinary.,2024-09-03 01:36:30,2026-08-12T13:29:33.761206,reviews.csv
2827,916,2,3,Average. Had its moments but failed to really engage me.,2023-03-18 18:55:58,2026-08-12T13:29:33.761206,reviews.csv
434,2318,2,4,,2023-02-16 07:21:35,2026-08-12T13:29:33.761206,reviews.csv
703,236,1,4,A very good read overall. Some chapters were slow but worth it.,2021-08-09 21:55:45,2026-08-12T13:29:33.761206,reviews.csv
5379,2753,102,4,Pleasant read. Nothing groundbreaking but definitely enjoyable.,2023-12-28 07:04:56,2026-08-12T13:29:33.761206,reviews.csv
4161,2778,4,3,,2022-07-06 18:12:06,2026-08-12T13:29:33.761206,reviews.csv
4583,1758,1,6,"Some interesting parts, but overall felt underwhelming.",2024-11-29 11:08:18,2026-08-12T13:29:33.761206,reviews.csv
4001,2470,7,3,"Some interesting parts, but overall felt underwhelming.",2022-10-24 09:40:18,2026-08-12T13:29:33.761206,reviews.csv
3410,2382,1,5,Beautifully written. The author's style is simply stunning.,2024-11-01 07:30:50,2026-08-12T13:29:33.761206,reviews.csv
679,1459,2,4,"Good book, though the ending felt a little rushed.",2024-11-03 04:35:02,2026-08-12T13:29:33.761206,reviews.csv
2770,255,8,4,Enjoyed it quite a bit. Solid writing and interesting ideas.,2024-10-27 22:49:32,2026-08-12T13:29:33.761206,reviews.csv
3798,1135,27,5,Exceeded all my expectations. Truly extraordinary.,2024-11-22 22:31:57,2026-08-12T13:29:33.761206,reviews.csv
3822,1719,18,3,Neither great nor terrible. Passes the time.,2021-11-21 10:07:18,2026-08-12T13:29:33.761206,reviews.csv
2658,1258,2,3,Decent read. Not my favourite but not bad either.,2023-12-19 00:03:12,2026-08-12T13:29:33.761206,reviews.csv
1434,637,16,5,Beautifully written. The author's style is simply stunning.,2023-04-13 10:47:04,2026-08-12T13:29:33.761206,reviews.csv
756,1015,5,3,"Some interesting parts, but overall felt underwhelming.",2024-04-27 21:59:12,2026-08-12T13:29:33.761206,reviews.csv
3909,2364,16,5,This book changed the way I think. A must-read for everyone.,2024-08-27 17:18:40,2026-08-12T13:29:33.761206,reviews.csv
2681,2571,1,5,One of the best reads I have had in years. Highly recommended.,2023-09-28 17:13:49,2026-08-12T13:29:33.761206,reviews.csv
187,817,1,3,"Mixed feelings. Good premise, mediocre execution.",2023-03-05 11:19:53,2026-08-12T13:29:33.761206,reviews.csv
1983,1152,2,3,Had potential but did not quite deliver on its promise.,2023-04-13 20:52:29,2026-08-12T13:29:33.761206,reviews.csv
5213,1418,38,4,,2023-12-08 19:23:14,2026-08-12T13:29:33.761206,reviews.csv
2550,618,1,4,Liked it. The first half is stronger than the second.,2023-12-12 20:16:07,2026-08-12T13:29:33.761206,reviews.csv
5595,2322,1,4,Enjoyed it quite a bit. Solid writing and interesting ideas.,2022-01-28 21:43:34,2026-08-12T13:29:33.761206,reviews.csv
4204,1307,1,4,"Good book, though the ending felt a little rushed.",2024-10-11 21:00:25,2026-08-12T13:29:33.761206,reviews.csv
2439,530,3,3,Had potential but did not quite deliver on its promise.,2024-06-11 19:35:45,2026-08-12T13:29:33.761206,reviews.csv
4667,863,2,3,"Some interesting parts, but overall felt underwhelming.",2022-01-10 19:24:20,2026-08-12T13:29:33.761206,reviews.csv
5280,2427,7,3,Neither great nor terrible. Passes the time.,2024-12-31 07:36:55,2026-08-12T13:29:33.761206,reviews.csv
2871,1718,26,3,"Some interesting parts, but overall felt underwhelming.",2024-01-06 13:11:03,2026-08-12T13:29:33.761206,reviews.csv
402,2790,113,4,A very good read overall. Some chapters were slow but worth it.,2024-02-21 12:19:31,2026-08-12T13:29:33.761206,reviews.csv
5448,1364,16,4,Pleasant read. Nothing groundbreaking but definitely enjoyable.,2024-10-24 18:40:15,2026-08-12T13:29:33.761206,reviews.csv
2462,2699,1,5,Brilliant narrative. The characters feel genuinely real.,2021-12-26 07:16:41,2026-08-12T13:29:33.761206,reviews.csv
2105,821,9,3,Neither great nor terrible. Passes the time.,2023-11-29 17:34:11,2026-08-12T13:29:33.761206,reviews.csv
3583,1600,11,5,Brilliant narrative. The characters feel genuinely real.,2021-12-10 01:55:07,2026-08-12T13:29:33.761206,reviews.csv
2445,1809,2,2,Would not recommend. Too slow and the payoff was not worth it.,2021-04-05 08:02:52,2026-08-12T13:29:33.761206,reviews.csv
2345,2394,1,4,Enjoyed it quite a bit. Solid writing and interesting ideas.,2024-07-31 19:05:14,2026-08-12T13:29:33.761206,reviews.csv
3843,937,1,3,"Some interesting parts, but overall felt underwhelming.",2024-06-20 19:53:12,2026-08-12T13:29:33.761206,reviews.csv
3190,500,1,3,Average. Had its moments but failed to really engage me.,2020-09-22 05:54:39,2026-08-12T13:29:33.761206,reviews.csv
3653,1064,1,3,Decent read. Not my favourite but not bad either.,2024-06-05 06:57:38,2026-08-12T13:29:33.761206,reviews.csv
2653,1719,2,3,"Some interesting parts, but overall felt underwhelming.",2022-10-13 15:33:59,2026-08-12T13:29:33.761206,reviews.csv
2326,1463,13,3,It was okay. The hype around this book is a bit overstated.,2021-04-27 11:03:18,2026-08-12T13:29:33.761206,reviews.csv
4243,2448,1,3,Had potential but did not quite deliver on its promise.,2024-10-04 11:04:42,2026-08-12T13:29:33.761206,reviews.csv
4168,1090,31,5,Brilliant narrative. The characters feel genuinely real.,2024-12-31 21:49:02,2026-08-12T13:29:33.761206,reviews.csv
846,2281,51,2,Struggled to get through it. The story meanders endlessly.,2023-12-13 12:20:49,2026-08-12T13:29:33.761206,reviews.csv
4924,2557,1,3,"Some interesting parts, but overall felt underwhelming.",2022-03-12 20:07:52,2026-08-12T13:29:33.761206,reviews.csv
1374,245,47,3,Average. Had its moments but failed to really engage me.,2024-12-07 14:04:14,2026-08-12T13:29:33.761206,reviews.csv
1603,2424,3,3,Neither great nor terrible. Passes the time.,2024-11-02 06:39:36,2026-08-12T13:29:33.761206,reviews.csv
3301,155,3,4,Well-written and engaging. A few plot holes but forgivable.,2024-11-29 08:34:00,2026-08-12T13:29:33.761206,reviews.csv
702,519,3,3,Had potential but did not quite deliver on its promise.,2023-04-08 04:29:07,2026-08-12T13:29:33.761206,reviews.csv
5103,1579,1,4,Pleasant read. Nothing groundbreaking but definitely enjoyable.,2023-10-08 09:42:25,2026-08-12T13:29:33.761206,reviews.csv
1021,2207,100,5,Brilliant narrative. The characters feel genuinely real.,2024-07-02 11:42:25,2026-08-12T13:29:33.761206,reviews.csv
285,1388,3,3,"Some interesting parts, but overall felt underwhelming.",2023-10-04 19:56:19,2026-08-12T13:29:33.761206,reviews.csv
4096,1902,8,3,Neither great nor terrible. Passes the time.,2023-10-15 13:14:39,2026-08-12T13:29:33.761206,reviews.csv
98,2587,11,4,Pleasant read. Nothing groundbreaking but definitely enjoyable.,2024-10-17 18:02:26,2026-08-12T13:29:33.761206,reviews.csv
654,826,1,3,Average. Had its moments but failed to really engage me.,2024-12-31 17:46:44,2026-08-12T13:29:33.761206,reviews.csv
4500,1314,5,4,A very good read overall. Some chapters were slow but worth it.,2020-10-01 18:44:39,2026-08-12T13:29:33.761206,reviews.csv
3148,2640,17,3,Decent read. Not my favourite but not bad either.,2023-12-15 11:54:01,2026-08-12T13:29:33.761206,reviews.csv
1908,859,2,2,Overrated. I did not enjoy the characters at all.,2022-03-20 20:48:02,2026-08-12T13:29:33.761206,reviews.csv
3952,159,1,3,Average. Had its moments but failed to really engage me.,2024-10-27 10:25:29,2026-08-12T13:29:33.761206,reviews.csv
3718,707,4,3,Decent read. Not my favourite but not bad either.,2024-03-14 06:26:51,2026-08-12T13:29:33.761206,reviews.csv
857,1916,25,2,Disappointed. Expected much more based on the reviews.,2022-04-25 08:17:04,2026-08-12T13:29:33.761206,reviews.csv
4506,1904,2,4,"Good book, though the ending felt a little rushed.",2020-11-18 07:22:43,2026-08-12T13:29:33.761206,reviews.csv
2169,2535,1,3,Decent read. Not my favourite but not bad either.,2022-11-29 10:10:46,2026-08-12T13:29:33.761206,reviews.csv
2062,760,6,3,It was okay. The hype around this book is a bit overstated.,2021-01-31 11:16:51,2026-08-12T13:29:33.761206,reviews.csv
4579,2746,34,7,It was okay. The hype around this book is a bit overstated.,2024-10-13 12:35:07,2026-08-12T13:29:33.761206,reviews.csv
1830,2096,3,2,Would not recommend. Too slow and the payoff was not worth it.,2024-11-08 12:36:31,2026-08-12T13:29:33.761206,reviews.csv
4299,2676,13,5,I finished this in two sittings. Absolutely riveting.,2024-01-26 13:23:48,2026-08-12T13:29:33.761206,reviews.csv
4361,1751,1,4,Well-written and engaging. A few plot holes but forgivable.,2023-01-13 17:37:46,2026-08-12T13:29:33.761206,reviews.csv
4503,2425,14,5,The writing is exceptional and the story gripped me from page one.,2024-06-09 08:25:47,2026-08-12T13:29:33.761206,reviews.csv
2384,2535,78,4,Above average. Would recommend to fans of the genre.,2023-09-05 20:23:11,2026-08-12T13:29:33.761206,reviews.csv
3885,1367,7,5,Beautifully written. The author's style is simply stunning.,2024-04-18 12:31:48,2026-08-12T13:29:33.761206,reviews.csv
5044,1963,1,3,Neither great nor terrible. Passes the time.,2020-10-12 13:14:03,2026-08-12T13:29:33.761206,reviews.csv
4789,343,4,3,"Some interesting parts, but overall felt underwhelming.",2022-10-28 16:46:29,2026-08-12T13:29:33.761206,reviews.csv
2607,1363,7,3,Average. Had its moments but failed to really engage me.,2024-03-11 11:27:06,2026-08-12T13:29:33.761206,reviews.csv
4230,2489,8,2,Struggled to get through it. The story meanders endlessly.,2024-10-12 11:20:37,2026-08-12T13:29:33.761206,reviews.csv
3648,787,1,3,Decent read. Not my favourite but not bad either.,2023-05-15 18:25:40,2026-08-12T13:29:33.761206,reviews.csv
1371,786,2,5,Perfect blend of story and insight. Will read again.,2023-01-03 17:19:03,2026-08-12T13:29:33.761206,reviews.csv
1225,455,16,4,"Good book, though the ending felt a little rushed.",2024-09-09 19:59:17,2026-08-12T13:29:33.761206,reviews.csv
2945,500,8,3,Decent read. Not my favourite but not bad either.,2024-09-03 17:18:29,2026-08-12T13:29:33.761206,reviews.csv
757,2539,1,3,Average. Had its moments but failed to really engage me.,2024-11-20 17:25:18,2026-08-12T13:29:33.761206,reviews.csv
3786,1598,1,4,Mostly great. The middle section drags a bit.,2024-09-16 01:06:41,2026-08-12T13:29:33.761206,reviews.csv
3579,1627,61,3,It was okay. The hype around this book is a bit overstated.,2024-12-31 19:35:06,2026-08-12T13:29:33.761206,reviews.csv
3926,2708,2,3,"Mixed feelings. Good premise, mediocre execution.",2022-06-21 08:49:32,2026-08-12T13:29:33.761206,reviews.csv
1849,1607,10,5,A masterpiece. Every chapter left me wanting more.,2023-01-27 21:27:36,2026-08-12T13:29:33.761206,reviews.csv
4382,1962,1,5,Absolutely loved this book — couldn't put it down!,2024-12-31 09:41:43,2026-08-12T13:29:33.761206,reviews.csv
4014,2182,2,3,Average. Had its moments but failed to really engage me.,2023-01-03 18:00:05,2026-08-12T13:29:33.761206,reviews.csv
1760,744,1,4,A very good read overall. Some chapters were slow but worth it.,2021-06-02 21:36:53,2026-08-12T13:29:33.761206,reviews.csv
409,1850,1,4,Liked it. The first half is stronger than the second.,2023-10-10 18:09:56,2026-08-12T13:29:33.761206,reviews.csv
3768,275,6,1,Gave up halfway. The writing is unbearable.,2023-10-31 21:47:41,2026-08-12T13:29:33.761206,reviews.csv
1708,1533,13,5,Beautifully written. The author's style is simply stunning.,2022-01-15 18:31:07,2026-08-12T13:29:33.761206,reviews.csv
105,225,2,5,The writing is exceptional and the story gripped me from page one.,2024-09-20 18:09:52,2026-08-12T13:29:33.761206,reviews.csv
1240,2356,1,4,"Good book, though the ending felt a little rushed.",2024-05-19 20:21:13,2026-08-12T13:29:33.761206,reviews.csv
1062,2569,19,4,Above average. Would recommend to fans of the genre.,2024-11-20 10:29:47,2026-08-12T13:29:33.761206,reviews.csv
4119,1200,20,4,Well-written and engaging. A few plot holes but forgivable.,2022-09-14 10:07:39,2026-08-12T13:29:33.761206,reviews.csv
5059,2399,6,2,,2023-10-25 10:09:42,2026-08-12T13:29:33.761206,reviews.csv
1602,1278,38,5,The writing is exceptional and the story gripped me from page one.,2022-01-29 13:29:41,2026-08-12T13:29:33.761206,reviews.csv
3072,739,27,4,Mostly great. The middle section drags a bit.,2023-05-23 20:17:30,2026-08-12T13:29:33.761206,reviews.csv
1097,2723,6,2,Struggled to get through it. The story meanders endlessly.,2023-04-30 18:36:32,2026-08-12T13:29:33.761206,reviews.csv
5285,455,1,4,Liked it. The first half is stronger than the second.,2024-08-31 16:24:21,2026-08-12T13:29:33.761206,reviews.csv
5327,825,7,4,Well-written and engaging. A few plot holes but forgivable.,2024-11-02 18:15:32,2026-08-12T13:29:33.761206,reviews.csv
3673,1399,1,4,Mostly great. The middle section drags a bit.,2022-10-30 18:05:08,2026-08-12T13:29:33.761206,reviews.csv
3,753,2,3,Decent read. Not my favourite but not bad either.,2023-01-01 20:28:12,2026-08-12T13:29:33.761206,reviews.csv
2007,1859,5,3,,2020-12-07 12:33:31,2026-08-12T13:29:33.761206,reviews.csv
3884,156,1,4,"Good book, though the ending felt a little rushed.",2024-01-29 17:37:29,2026-08-12T13:29:33.761206,reviews.csv
5269,466,7,3,Had potential but did not quite deliver on its promise.,2022-03-18 10:19:42,2026-08-12T13:29:33.761206,reviews.csv
4629,1085,8,4,Well-written and engaging. A few plot holes but forgivable.,2023-12-21 09:24:11,2026-08-12T13:29:33.761206,reviews.csv
5004,437,52,3,It was okay. The hype around this book is a bit overstated.,2024-06-13 00:33:00,2026-08-12T13:29:33.761206,reviews.csv
149,2089,2,4,Liked it. The first half is stronger than the second.,2022-10-09 07:28:50,2026-08-12T13:29:33.761206,reviews.csv
1141,422,9,4,A very good read overall. Some chapters were slow but worth it.,2024-11-29 11:30:19,2026-08-12T13:29:33.761206,reviews.csv
3589,2207,2,5,The writing is exceptional and the story gripped me from page one.,2024-09-10 12:40:16,2026-08-12T13:29:33.761206,reviews.csv
2601,803,6,3,It was okay. The hype around this book is a bit overstated.,2024-09-01 13:08:35,2026-08-12T13:29:33.761206,reviews.csv
2299,1008,2,4,Mostly great. The middle section drags a bit.,2024-05-03 18:53:33,2026-08-12T13:29:33.761206,reviews.csv
1391,1154,3,2,Overrated. I did not enjoy the characters at all.,2024-03-28 05:04:23,2026-08-12T13:29:33.761206,reviews.csv
3221,554,9,4,A very good read overall. Some chapters were slow but worth it.,2023-07-05 17:11:22,2026-08-12T13:29:33.761206,reviews.csv
3524,101,4,3,Decent read. Not my favourite but not bad either.,2023-06-21 13:16:06,2026-08-12T13:29:33.761206,reviews.csv
1861,2485,5,4,Mostly great. The middle section drags a bit.,2024-12-31 15:36:04,2026-08-12T13:29:33.761206,reviews.csv
4368,685,87,3,"Some interesting parts, but overall felt underwhelming.",2024-06-03 12:39:25,2026-08-12T13:29:33.761206,reviews.csv
4817,2300,7,3,"Some interesting parts, but overall felt underwhelming.",2022-12-28 11:13:44,2026-08-12T13:29:33.761206,reviews.csv
3027,2589,3,2,Not for me. The writing style felt very dated.,2024-10-09 09:08:42,2026-08-12T13:29:33.761206,reviews.csv
3004,794,8,2,Disappointed. Expected much more based on the reviews.,2023-11-19 17:19:07,2026-08-12T13:29:33.761206,reviews.csv
610,2554,6,3,Decent read. Not my favourite but not bad either.,2023-02-24 13:45:27,2026-08-12T13:29:33.761206,reviews.csv
1399,2148,27,4,Well-written and engaging. A few plot holes but forgivable.,2024-11-18 14:06:39,2026-08-12T13:29:33.761206,reviews.csv
5212,1402,10,4,Liked it. The first half is stronger than the second.,2023-03-17 17:51:04,2026-08-12T13:29:33.761206,reviews.csv
4767,2650,18,2,Disappointed. Expected much more based on the reviews.,2024-11-23 10:05:19,2026-08-12T13:29:33.761206,reviews.csv
1780,1086,5,5,Beautifully written. The author's style is simply stunning.,2023-07-17 16:39:20,2026-08-12T13:29:33.761206,reviews.csv
1610,281,1,3,Neither great nor terrible. Passes the time.,2024-07-28 22:08:53,2026-08-12T13:29:33.761206,reviews.csv
2905,1788,3,3,,2024-04-05 19:24:42,2026-08-12T13:29:33.761206,reviews.csv
1045,187,2,4,Well-written and engaging. A few plot holes but forgivable.,2021-08-20 15:24:02,2026-08-12T13:29:33.761206,reviews.csv
2793,1735,2,4,A very good read overall. Some chapters were slow but worth it.,2024-06-12 17:59:17,2026-08-12T13:29:33.761206,reviews.csv
1166,1006,1,3,"Mixed feelings. Good premise, mediocre execution.",2024-11-28 19:41:14,2026-08-12T13:29:33.761206,reviews.csv
1235,1295,2,4,Enjoyed it quite a bit. Solid writing and interesting ideas.,2022-11-12 06:39:57,2026-08-12T13:29:33.761206,reviews.csv
4882,401,2,3,It was okay. The hype around this book is a bit overstated.,2022-03-24 05:36:18,2026-08-12T13:29:33.761206,reviews.csv
784,876,1,2,,2024-10-22 20:25:23,2026-08-12T13:29:33.761206,reviews.csv
3910,409,5,4,Above average. Would recommend to fans of the genre.,2023-09-15 08:17:06,2026-08-12T13:29:33.761206,reviews.csv
3486,1866,1,3,It was okay. The hype around this book is a bit overstated.,2024-01-22 03:26:22,2026-08-12T13:29:33.761206,reviews.csv
4588,1213,62,3,Neither great nor terrible. Passes the time.,2024-04-18 16:38:12,2026-08-12T13:29:33.761206,reviews.csv
3872,2670,9,3,Had potential but did not quite deliver on its promise.,2024-08-30 15:13:43,2026-08-12T13:29:33.761206,reviews.csv
4740,2462,7,5,The writing is exceptional and the story gripped me from page one.,2024-12-28 16:52:41,2026-08-12T13:29:33.761206,reviews.csv
1548,757,1,2,The plot felt disjointed and the pacing was off throughout.,2020-12-22 14:37:02,2026-08-12T13:29:33.761206,reviews.csv
5521,2595,2,3,Neither great nor terrible. Passes the time.,2023-09-26 12:52:31,2026-08-12T13:29:33.761206,reviews.csv
135,1841,2,2,Not for me. The writing style felt very dated.,2023-06-30 21:59:07,2026-08-12T13:29:33.761206,reviews.csv
4965,1516,1,4,Well-written and engaging. A few plot holes but forgivable.,2023-04-11 07:16:06,2026-08-12T13:29:33.761206,reviews.csv
496,2361,6,2,Not for me. The writing style felt very dated.,2024-12-31 19:42:43,2026-08-12T13:29:33.761206,reviews.csv
4544,834,102,4,Above average. Would recommend to fans of the genre.,2024-04-01 07:28:21,2026-08-12T13:29:33.761206,reviews.csv
5297,1153,4,2,Struggled to get through it. The story meanders endlessly.,2021-04-19 12:50:40,2026-08-12T13:29:33.761206,reviews.csv
318,2485,1,4,"Good book, though the ending felt a little rushed.",2024-02-24 09:57:44,2026-08-12T13:29:33.761206,reviews.csv
4883,2098,2,4,Pleasant read. Nothing groundbreaking but definitely enjoyable.,2024-08-09 21:19:48,2026-08-12T13:29:33.761206,reviews.csv
1298,921,3,3,Had potential but did not quite deliver on its promise.,2024-11-19 03:09:49,2026-08-12T13:29:33.761206,reviews.csv
3198,631,1,5,A masterpiece. Every chapter left me wanting more.,2023-08-24 14:28:57,2026-08-12T13:29:33.761206,reviews.csv
5384,727,2,4,Enjoyed it quite a bit. Solid writing and interesting ideas.,2022-11-26 10:27:30,2026-08-12T13:29:33.761206,reviews.csv
4692,2174,23,3,,2024-01-20 10:33:37,2026-08-12T13:29:33.761206,reviews.csv
591,1812,2,4,Pleasant read. Nothing groundbreaking but definitely enjoyable.,2023-06-17 16:41:20,2026-08-12T13:29:33.761206,reviews.csv
1758,2485,3,4,Enjoyed it quite a bit. Solid writing and interesting ideas.,2022-11-09 13:47:04,2026-08-12T13:29:33.761206,reviews.csv
925,1721,4,2,Would not recommend. Too slow and the payoff was not worth it.,2023-09-04 22:32:44,2026-08-12T13:29:33.761206,reviews.csv
660,2547,3,4,Enjoyed it quite a bit. Solid writing and interesting ideas.,2022-11-23 13:08:12,2026-08-12T13:29:33.761206,reviews.csv
947,1050,1,7,"Good book, though the ending felt a little rushed.",2024-12-31 08:13:17,2026-08-12T13:29:33.761206,reviews.csv
512,192,1,4,"Good book, though the ending felt a little rushed.",2024-09-20 15:56:21,2026-08-12T13:29:33.761206,reviews.csv
4009,2356,3,3,Neither great nor terrible. Passes the time.,2024-11-04 10:02:50,2026-08-12T13:29:33.761206,reviews.csv
1170,1482,48,2,,2023-12-19 00:22:34,2026-08-12T13:29:33.761206,reviews.csv
4816,412,12,5,,2023-05-10 12:20:32,2026-08-12T13:29:33.761206,reviews.csv
720,969,4,3,Had potential but did not quite deliver on its promise.,2024-07-23 00:01:51,2026-08-12T13:29:33.761206,reviews.csv
2055,2294,1,4,Well-written and engaging. A few plot holes but forgivable.,2020-07-09 14:25:00,2026-08-12T13:29:33.761206,reviews.csv
309,729,1,3,It was okay. The hype around this book is a bit overstated.,2022-12-02 15:17:05,2026-08-12T13:29:33.761206,reviews.csv
2059,243,2,5,This book changed the way I think. A must-read for everyone.,2024-05-23 11:12:37,2026-08-12T13:29:33.761206,reviews.csv
5344,500,3,5,This book changed the way I think. A must-read for everyone.,2023-09-13 19:18:49,2026-08-12T13:29:33.761206,reviews.csv
164,1163,1,4,Above average. Would recommend to fans of the genre.,2022-07-22 01:26:43,2026-08-12T13:29:33.761206,reviews.csv
5436,490,2,4,A very good read overall. Some chapters were slow but worth it.,2023-07-18 12:28:08,2026-08-12T13:29:33.761206,reviews.csv
590,1071,1,4,Pleasant read. Nothing groundbreaking but definitely enjoyable.,2024-11-12 08:10:22,2026-08-12T13:29:33.761206,reviews.csv
1463,608,1,5,Absolutely loved this book — couldn't put it down!,2024-03-02 20:10:03,2026-08-12T13:29:33.761206,reviews.csv
4256,1168,3,3,Had potential but did not quite deliver on its promise.,2024-09-24 18:31:50,2026-08-12T13:29:33.761206,reviews.csv
4779,1659,31,3,Decent read. Not my favourite but not bad either.,2023-10-21 08:37:00,2026-08-12T13:29:33.761206,reviews.csv
1047,295,2,4,Enjoyed it quite a bit. Solid writing and interesting ideas.,2023-08-06 14:59:50,2026-08-12T13:29:33.761206,reviews.csv
1905,2564,39,5,A masterpiece. Every chapter left me wanting more.,2023-06-18 01:50:57,2026-08-12T13:29:33.761206,reviews.csv
4630,1031,2,5,A masterpiece. Every chapter left me wanting more.,2022-08-17 19:31:21,2026-08-12T13:29:33.761206,reviews.csv
1556,1735,1,5,I finished this in two sittings. Absolutely riveting.,2023-10-20 20:15:14,2026-08-12T13:29:33.761206,reviews.csv
3692,329,3,5,A masterpiece. Every chapter left me wanting more.,2024-06-23 16:01:11,2026-08-12T13:29:33.761206,reviews.csv
5395,2322,2,5,Perfect blend of story and insight. Will read again.,2022-07-24 13:57:43,2026-08-12T13:29:33.761206,reviews.csv
3352,2174,1,4,Enjoyed it quite a bit. Solid writing and interesting ideas.,2024-07-04 18:46:41,2026-08-12T13:29:33.761206,reviews.csv
3723,1286,1,4,Enjoyed it quite a bit. Solid writing and interesting ideas.,2024-08-23 11:00:52,2026-08-12T13:29:33.761206,reviews.csv
4013,2004,1,3,Average. Had its moments but failed to really engage me.,2024-12-31 22:47:08,2026-08-12T13:29:33.761206,reviews.csv
1480,2029,21,5,Perfect blend of story and insight. Will read again.,2021-10-02 22:22:33,2026-08-12T13:29:33.761206,reviews.csv
1265,2194,3,4,Pleasant read. Nothing groundbreaking but definitely enjoyable.,2024-12-31 17:03:53,2026-08-12T13:29:33.761206,reviews.csv
731,1059,1,3,"Mixed feelings. Good premise, mediocre execution.",2024-05-28 09:19:48,2026-08-12T13:29:33.761206,reviews.csv
3252,211,1,4,,2023-12-23 13:54:56,2026-08-12T13:29:33.761206,reviews.csv
5247,785,12,4,Liked it. The first half is stronger than the second.,2024-08-24 09:32:49,2026-08-12T13:29:33.761206,reviews.csv
4768,586,1,5,Perfect blend of story and insight. Will read again.,2021-05-08 20:55:08,2026-08-12T13:29:33.761206,reviews.csv
597,2398,3,5,I finished this in two sittings. Absolutely riveting.,2024-10-04 14:03:00,2026-08-12T13:29:33.761206,reviews.csv
1394,2700,1,2,Not for me. The writing style felt very dated.,2022-03-04 08:19:24,2026-08-12T13:29:33.761206,reviews.csv
2460,2632,3,4,,2021-07-26 16:17:18,2026-08-12T13:29:33.761206,reviews.csv
4827,386,1,4,Well-written and engaging. A few plot holes but forgivable.,2024-02-26 11:56:46,2026-08-12T13:29:33.761206,reviews.csv
769,1858,1,4,Well-written and engaging. A few plot holes but forgivable.,2022-11-17 10:33:18,2026-08-12T13:29:33.761206,reviews.csv
3697,2442,6,3,,2023-09-02 16:13:36,2026-08-12T13:29:33.761206,reviews.csv
5323,703,41,5,Beautifully written. The author's style is simply stunning.,2024-10-16 06:28:48,2026-08-12T13:29:33.761206,reviews.csv
3025,1509,3,3,Neither great nor terrible. Passes the time.,2023-12-09 11:25:21,2026-08-12T13:29:33.761206,reviews.csv
4834,1721,1,3,,2023-10-27 17:37:14,2026-08-12T13:29:33.761206,reviews.csv
3733,2668,6,3,"Some interesting parts, but overall felt underwhelming.",2022-01-08 14:20:59,2026-08-12T13:29:33.761206,reviews.csv
1122,2678,1,3,It was okay. The hype around this book is a bit overstated.,2024-11-11 23:25:32,2026-08-12T13:29:33.761206,reviews.csv
1389,1392,2,4,Well-written and engaging. A few plot holes but forgivable.,2023-12-26 19:13:04,2026-08-12T13:29:33.761206,reviews.csv
1344,1837,2,6,One of the best reads I have had in years. Highly recommended.,2021-09-16 10:30:27,2026-08-12T13:29:33.761206,reviews.csv
3494,893,1,3,It was okay. The hype around this book is a bit overstated.,2024-11-09 18:40:55,2026-08-12T13:29:33.761206,reviews.csv
1395,1506,2,4,A very good read overall. Some chapters were slow but worth it.,2024-08-22 08:52:42,2026-08-12T13:29:33.761206,reviews.csv
5121,1181,16,4,Enjoyed it quite a bit. Solid writing and interesting ideas.,2023-01-30 19:59:18,2026-08-12T13:29:33.761206,reviews.csv
902,2394,2,5,A masterpiece. Every chapter left me wanting more.,2024-08-01 15:13:59,2026-08-12T13:29:33.761206,reviews.csv
4164,950,4,3,Average. Had its moments but failed to really engage me.,2023-09-04 07:28:20,2026-08-12T13:29:33.761206,reviews.csv
2077,194,2,4,Well-written and engaging. A few plot holes but forgivable.,2021-10-29 12:07:25,2026-08-12T13:29:33.761206,reviews.csv
4743,120,11,1,,2023-01-15 09:13:36,2026-08-12T13:29:33.761206,reviews.csv
2406,2750,1,4,Well-written and engaging. A few plot holes but forgivable.,2024-10-16 18:03:19,2026-08-12T13:29:33.761206,reviews.csv
2078,1035,9,3,Had potential but did not quite deliver on its promise.,2024-03-07 13:34:55,2026-08-12T13:29:33.761206,reviews.csv
1998,2208,7,3,"Some interesting parts, but overall felt underwhelming.",2024-08-12 08:56:21,2026-08-12T13:29:33.761206,reviews.csv
2013,1384,5,3,Average. Had its moments but failed to really engage me.,2024-10-25 15:06:06,2026-08-12T13:29:33.761206,reviews.csv
3287,1252,115,5,Absolutely loved this book — couldn't put it down!,2024-06-13 21:39:53,2026-08-12T13:29:33.761206,reviews.csv
4217,1599,73,3,Had potential but did not quite deliver on its promise.,2024-11-25 14:37:09,2026-08-12T13:29:33.761206,reviews.csv
695,345,1,3,It was okay. The hype around this book is a bit overstated.,2024-10-03 11:48:00,2026-08-12T13:29:33.761206,reviews.csv
840,1432,53,2,The plot felt disjointed and the pacing was off throughout.,2022-08-14 10:13:51,2026-08-12T13:29:33.761206,reviews.csv
3045,1626,1,3,,2024-12-15 06:00:37,2026-08-12T13:29:33.761206,reviews.csv
5095,1156,2,3,"Some interesting parts, but overall felt underwhelming.",2023-12-09 08:57:16,2026-08-12T13:29:33.761206,reviews.csv
1811,2037,3,5,Perfect blend of story and insight. Will read again.,2024-08-19 18:16:16,2026-08-12T13:29:33.761206,reviews.csv
4322,788,5,4,Well-written and engaging. A few plot holes but forgivable.,2023-02-27 08:24:28,2026-08-12T13:29:33.761206,reviews.csv
3134,1024,2,4,Well-written and engaging. A few plot holes but forgivable.,2021-03-11 15:07:32,2026-08-12T13:29:33.761206,reviews.csv
3850,67,166,3,"Mixed feelings. Good premise, mediocre execution.",2024-09-24 18:26:46,2026-08-12T13:29:33.761206,reviews.csv
1537,945,2,4,Liked it. The first half is stronger than the second.,2024-12-18 10:51:34,2026-08-12T13:29:33.761206,reviews.csv
4277,1338,5,3,It was okay. The hype around this book is a bit overstated.,2024-07-20 21:59:21,2026-08-12T13:29:33.761206,reviews.csv
4830,813,38,4,A very good read overall. Some chapters were slow but worth it.,2024-07-24 17:06:52,2026-08-12T13:29:33.761206,reviews.csv
4933,650,1,7,Perfect blend of story and insight. Will read again.,2024-08-31 07:40:54,2026-08-12T13:29:33.761206,reviews.csv
1553,2424,4,3,Average. Had its moments but failed to really engage me.,2024-03-09 18:46:01,2026-08-12T13:29:33.761206,reviews.csv
4216,2784,1,4,Liked it. The first half is stronger than the second.,2023-09-02 19:15:42,2026-08-12T13:29:33.761206,reviews.csv
4071,96,63,4,Mostly great. The middle section drags a bit.,2022-03-25 14:01:13,2026-08-12T13:29:33.761206,reviews.csv
19,2307,1,4,Pleasant read. Nothing groundbreaking but definitely enjoyable.,2021-11-02 11:38:07,2026-08-12T13:29:33.761206,reviews.csv
2608,438,1,4,"Good book, though the ending felt a little rushed.",2023-12-18 18:54:40,2026-08-12T13:29:33.761206,reviews.csv
1251,1272,2,4,Enjoyed it quite a bit. Solid writing and interesting ideas.,2024-12-31 16:37:50,2026-08-12T13:29:33.761206,reviews.csv
5185,317,8,4,Mostly great. The middle section drags a bit.,2023-10-28 12:59:23,2026-08-12T13:29:33.761206,reviews.csv
2418,1298,1,3,Had potential but did not quite deliver on its promise.,2023-02-14 10:45:54,2026-08-12T13:29:33.761206,reviews.csv
4546,1859,7,2,Struggled to get through it. The story meanders endlessly.,2022-01-17 01:41:38,2026-08-12T13:29:33.761206,reviews.csv
2220,956,4,4,Enjoyed it quite a bit. Solid writing and interesting ideas.,2021-04-24 07:49:38,2026-08-12T13:29:33.761206,reviews.csv
2690,1342,14,4,Mostly great. The middle section drags a bit.,2024-11-17 16:56:28,2026-08-12T13:29:33.761206,reviews.csv
3023,2317,2,4,Enjoyed it quite a bit. Solid writing and interesting ideas.,2024-09-04 19:45:40,2026-08-12T13:29:33.761206,reviews.csv
3672,965,105,2,Struggled to get through it. The story meanders endlessly.,2024-06-06 07:29:33,2026-08-12T13:29:33.761206,reviews.csv
3363,2197,6,4,Enjoyed it quite a bit. Solid writing and interesting ideas.,2024-04-18 04:44:37,2026-08-12T13:29:33.761206,reviews.csv
117,54,1,5,This book changed the way I think. A must-read for everyone.,2024-03-08 21:27:54,2026-08-12T13:29:33.761206,reviews.csv
2631,877,9,6,"Mixed feelings. Good premise, mediocre execution.",2022-05-20 12:42:04,2026-08-12T13:29:33.761206,reviews.csv
8,1328,25,5,I finished this in two sittings. Absolutely riveting.,2024-09-04 08:24:03,2026-08-12T13:29:33.761206,reviews.csv
3273,2339,2,4,,2022-05-16 19:12:46,2026-08-12T13:29:33.761206,reviews.csv
2819,2613,2,5,A masterpiece. Every chapter left me wanting more.,2020-10-16 10:51:44,2026-08-12T13:29:33.761206,reviews.csv
2870,773,2,4,Above average. Would recommend to fans of the genre.,2023-08-07 19:27:45,2026-08-12T13:29:33.761206,reviews.csv
3242,692,9,5,Beautifully written. The author's style is simply stunning.,2024-11-17 14:27:51,2026-08-12T13:29:33.761206,reviews.csv
1866,486,1,3,Had potential but did not quite deliver on its promise.,2024-04-15 20:14:46,2026-08-12T13:29:33.761206,reviews.csv
1618,394,1,4,Mostly great. The middle section drags a bit.,2023-01-12 07:43:36,2026-08-12T13:29:33.761206,reviews.csv
566,685,1,4,A very good read overall. Some chapters were slow but worth it.,2024-12-31 22:36:49,2026-08-12T13:29:33.761206,reviews.csv
922,90,8,4,Enjoyed it quite a bit. Solid writing and interesting ideas.,2024-08-14 18:16:33,2026-08-12T13:29:33.761206,reviews.csv
920,1815,5,2,Disappointed. Expected much more based on the reviews.,2023-05-24 18:20:06,2026-08-12T13:29:33.761206,reviews.csv
4069,64,1,6,Decent read. Not my favourite but not bad either.,2023-12-09 21:51:07,2026-08-12T13:29:33.761206,reviews.csv
3275,1665,3,2,Not for me. The writing style felt very dated.,2022-09-10 07:40:30,2026-08-12T13:29:33.761206,reviews.csv
3533,1746,2,5,A masterpiece. Every chapter left me wanting more.,2023-03-04 16:29:36,2026-08-12T13:29:33.761206,reviews.csv
3523,396,1,4,Well-written and engaging. A few plot holes but forgivable.,2024-05-01 11:27:51,2026-08-12T13:29:33.761206,reviews.csv
829,2638,7,3,"Some interesting parts, but overall felt underwhelming.",2024-05-23 08:31:41,2026-08-12T13:29:33.761206,reviews.csv
5029,2361,4,4,Well-written and engaging. A few plot holes but forgivable.,2024-06-05 05:35:24,2026-08-12T13:29:33.761206,reviews.csv
310,604,1,-1,Well-written and engaging. A few plot holes but forgivable.,2024-12-12 19:07:31,2026-08-12T13:29:33.761206,reviews.csv
3644,1414,9,3,Average. Had its moments but failed to really engage me.,2024-07-13 14:18:34,2026-08-12T13:29:33.761206,reviews.csv
3553,2314,1,4,Mostly great. The middle section drags a bit.,2022-05-11 23:38:48,2026-08-12T13:29:33.761206,reviews.csv
5370,68,26,4,Well-written and engaging. A few plot holes but forgivable.,2024-11-10 18:47:44,2026-08-12T13:29:33.761206,reviews.csv
3103,1435,2,4,Mostly great. The middle section drags a bit.,2023-11-05 10:49:59,2026-08-12T13:29:33.761206,reviews.csv
5483,474,4,3,"Some interesting parts, but overall felt underwhelming.",2024-11-02 22:14:56,2026-08-12T13:29:33.761206,reviews.csv
232,1678,76,2,Disappointed. Expected much more based on the reviews.,2020-12-03 07:25:29,2026-08-12T13:29:33.761206,reviews.csv
5055,238,1,4,"Good book, though the ending felt a little rushed.",2024-10-26 20:09:05,2026-08-12T13:29:33.761206,reviews.csv
446,2070,1,3,"Some interesting parts, but overall felt underwhelming.",2022-02-24 08:52:12,2026-08-12T13:29:33.761206,reviews.csv
573,956,14,4,Well-written and engaging. A few plot holes but forgivable.,2023-11-24 14:15:41,2026-08-12T13:29:33.761206,reviews.csv
5558,2394,3,5,Exceeded all my expectations. Truly extraordinary.,2024-05-23 17:59:26,2026-08-12T13:29:33.761206,reviews.csv
655,2313,3,4,Liked it. The first half is stronger than the second.,2024-10-26 07:25:41,2026-08-12T13:29:33.761206,reviews.csv
5419,1527,7,4,Above average. Would recommend to fans of the genre.,2022-09-28 17:51:25,2026-08-12T13:29:33.761206,reviews.csv
5245,98,8,4,,2024-07-19 21:19:54,2026-08-12T13:29:33.761206,reviews.csv
1138,542,1,4,Mostly great. The middle section drags a bit.,2024-06-06 08:47:17,2026-08-12T13:29:33.761206,reviews.csv
292,2014,1,3,"Some interesting parts, but overall felt underwhelming.",2024-12-20 06:13:12,2026-08-12T13:29:33.761206,reviews.csv
2139,1988,2,4,Liked it. The first half is stronger than the second.,2023-04-03 08:27:37,2026-08-12T13:29:33.761206,reviews.csv
2400,1718,9,4,Above average. Would recommend to fans of the genre.,2022-07-04 14:50:45,2026-08-12T13:29:33.761206,reviews.csv
125,1692,1,3,Average. Had its moments but failed to really engage me.,2024-01-19 19:33:24,2026-08-12T13:29:33.761206,reviews.csv
3102,2433,21,4,Mostly great. The middle section drags a bit.,2020-03-24 20:01:36,2026-08-12T13:29:33.761206,reviews.csv
3660,2082,2,4,Above average. Would recommend to fans of the genre.,2024-12-20 10:40:44,2026-08-12T13:29:33.761206,reviews.csv
291,1235,1,4,A very good read overall. Some chapters were slow but worth it.,2024-04-28 22:02:52,2026-08-12T13:29:33.761206,reviews.csv
5598,2566,1,4,,2024-12-12 07:01:34,2026-08-12T13:29:33.761206,reviews.csv
4045,672,1,4,Pleasant read. Nothing groundbreaking but definitely enjoyable.,2023-08-04 12:34:04,2026-08-12T13:29:33.761206,reviews.csv
4433,2599,3,3,"Mixed feelings. Good premise, mediocre execution.",2024-05-08 20:22:01,2026-08-12T13:29:33.761206,reviews.csv
5589,429,13,5,Beautifully written. The author's style is simply stunning.,2024-05-03 05:48:22,2026-08-12T13:29:33.761206,reviews.csv
2863,1506,4,2,,2024-09-20 20:14:06,2026-08-12T13:29:33.761206,reviews.csv
632,476,68,5,One of the best reads I have had in years. Highly recommended.,2023-03-09 02:40:16,2026-08-12T13:29:33.761206,reviews.csv
1381,1342,2,5,I finished this in two sittings. Absolutely riveting.,2023-12-21 08:11:41,2026-08-12T13:29:33.761206,reviews.csv
2102,1881,1,4,Above average. Would recommend to fans of the genre.,2022-10-31 17:03:22,2026-08-12T13:29:33.761206,reviews.csv
580,1758,8,2,The plot felt disjointed and the pacing was off throughout.,2024-12-31 18:54:33,2026-08-12T13:29:33.761206,reviews.csv
3950,2412,3,4,Pleasant read. Nothing groundbreaking but definitely enjoyable.,2024-12-29 08:58:53,2026-08-12T13:29:33.761206,reviews.csv
5459,33,3,2,Overrated. I did not enjoy the characters at all.,2022-08-21 07:06:31,2026-08-12T13:29:33.761206,reviews.csv
5616,1329,1,5,I finished this in two sittings. Absolutely riveting.,2024-11-02 12:51:24,2026-08-12T13:29:33.761206,reviews.csv
3830,2112,9,3,Had potential but did not quite deliver on its promise.,2022-08-15 17:17:36,2026-08-12T13:29:33.761206,reviews.csv
4798,2280,30,3,Decent read. Not my favourite but not bad either.,2024-01-24 19:53:08,2026-08-12T13:29:33.761206,reviews.csv
3602,511,2,4,Mostly great. The middle section drags a bit.,2022-12-05 23:05:32,2026-08-12T13:29:33.761206,reviews.csv
5177,324,1,4,Liked it. The first half is stronger than the second.,2022-09-21 17:05:57,2026-08-12T13:29:33.761206,reviews.csv
2040,201,1,4,,2021-12-01 22:02:33,2026-08-12T13:29:33.761206,reviews.csv
438,2109,1,3,Neither great nor terrible. Passes the time.,2021-12-07 06:38:13,2026-08-12T13:29:33.761206,reviews.csv
1897,2781,12,4,"Good book, though the ending felt a little rushed.",2021-09-11 23:48:06,2026-08-12T13:29:33.761206,reviews.csv
2789,44,2,3,It was okay. The hype around this book is a bit overstated.,2022-11-15 23:14:32,2026-08-12T13:29:33.761206,reviews.csv
3135,1838,1,4,A very good read overall. Some chapters were slow but worth it.,2024-07-06 12:01:07,2026-08-12T13:29:33.761206,reviews.csv
2810,1429,1,5,,2024-08-03 20:11:12,2026-08-12T13:29:33.761206,reviews.csv
2415,1169,2,4,Pleasant read. Nothing groundbreaking but definitely enjoyable.,2024-05-19 08:41:28,2026-08-12T13:29:33.761206,reviews.csv
3197,2758,13,3,"Some interesting parts, but overall felt underwhelming.",2021-11-20 06:59:26,2026-08-12T13:29:33.761206,reviews.csv
4440,1283,2,4,Well-written and engaging. A few plot holes but forgivable.,2023-11-24 16:25:54,2026-08-12T13:29:33.761206,reviews.csv
300,1475,1,4,Mostly great. The middle section drags a bit.,2024-09-13 19:03:09,2026-08-12T13:29:33.761206,reviews.csv
4352,2196,2,4,Well-written and engaging. A few plot holes but forgivable.,2024-11-01 20:21:33,2026-08-12T13:29:33.761206,reviews.csv
3489,1904,3,5,Exceeded all my expectations. Truly extraordinary.,2021-04-12 07:33:42,2026-08-12T13:29:33.761206,reviews.csv
550,1929,1,4,Mostly great. The middle section drags a bit.,2024-09-19 06:02:19,2026-08-12T13:29:33.761206,reviews.csv
5019,388,2,4,"Good book, though the ending felt a little rushed.",2022-05-08 08:46:45,2026-08-12T13:29:33.761206,reviews.csv
3980,2675,1,4,Pleasant read. Nothing groundbreaking but definitely enjoyable.,2024-05-30 09:15:47,2026-08-12T13:29:33.761206,reviews.csv
4409,416,41,5,One of the best reads I have had in years. Highly recommended.,2024-08-17 18:51:09,2026-08-12T13:29:33.761206,reviews.csv
774,1970,2,3,"Some interesting parts, but overall felt underwhelming.",2024-11-07 11:12:01,2026-08-12T13:29:33.761206,reviews.csv
3231,1413,2,4,Pleasant read. Nothing groundbreaking but definitely enjoyable.,2022-05-24 11:55:21,2026-08-12T13:29:33.761206,reviews.csv
2590,355,1,4,Mostly great. The middle section drags a bit.,2023-05-03 11:05:27,2026-08-12T13:29:33.761206,reviews.csv
2712,505,15,3,"Some interesting parts, but overall felt underwhelming.",2023-03-08 00:28:57,2026-08-12T13:29:33.761206,reviews.csv
3877,2120,16,4,Mostly great. The middle section drags a bit.,2022-02-17 21:45:47,2026-08-12T13:29:33.761206,reviews.csv
386,1012,1,4,,2023-06-05 19:41:45,2026-08-12T13:29:33.761206,reviews.csv
2914,1957,1,4,Enjoyed it quite a bit. Solid writing and interesting ideas.,2022-09-27 08:40:27,2026-08-12T13:29:33.761206,reviews.csv
618,1398,1,3,Neither great nor terrible. Passes the time.,2024-11-02 12:28:25,2026-08-12T13:29:33.761206,reviews.csv
5186,2543,15,5,One of the best reads I have had in years. Highly recommended.,2022-02-20 12:32:39,2026-08-12T13:29:33.761206,reviews.csv
333,683,3,4,Pleasant read. Nothing groundbreaking but definitely enjoyable.,2024-10-07 21:33:23,2026-08-12T13:29:33.761206,reviews.csv
4363,2447,10,4,,2024-04-19 11:16:28,2026-08-12T13:29:33.761206,reviews.csv
95,1528,2,5,,2024-08-02 13:47:06,2026-08-12T13:29:33.761206,reviews.csv
4248,1608,3,3,"Some interesting parts, but overall felt underwhelming.",2023-08-16 11:18:16,2026-08-12T13:29:33.761206,reviews.csv
416,43,37,4,Above average. Would recommend to fans of the genre.,2024-02-05 20:57:40,2026-08-12T13:29:33.761206,reviews.csv
1766,2359,7,5,This book changed the way I think. A must-read for everyone.,2022-07-02 17:11:45,2026-08-12T13:29:33.761206,reviews.csv
325,542,2,5,Beautifully written. The author's style is simply stunning.,2021-08-19 12:16:19,2026-08-12T13:29:33.761206,reviews.csv
5348,1081,18,4,Above average. Would recommend to fans of the genre.,2024-12-31 19:34:01,2026-08-12T13:29:33.761206,reviews.csv
2283,666,1,3,It was okay. The hype around this book is a bit overstated.,2023-09-03 21:33:59,2026-08-12T13:29:33.761206,reviews.csv
962,535,1,3,Neither great nor terrible. Passes the time.,2024-09-19 13:51:33,2026-08-12T13:29:33.761206,reviews.csv
1428,1588,2,3,Average. Had its moments but failed to really engage me.,2023-04-24 07:48:36,2026-08-12T13:29:33.761206,reviews.csv
273,525,12,5,Brilliant narrative. The characters feel genuinely real.,2024-12-31 16:01:51,2026-08-12T13:29:33.761206,reviews.csv
5308,215,29,4,"Good book, though the ending felt a little rushed.",2022-08-26 18:23:57,2026-08-12T13:29:33.761206,reviews.csv
1816,1681,2,4,Liked it. The first half is stronger than the second.,2021-10-05 18:12:43,2026-08-12T13:29:33.761206,reviews.csv
5563,754,1,5,Brilliant narrative. The characters feel genuinely real.,2022-11-17 10:44:19,2026-08-12T13:29:33.761206,reviews.csv
4451,932,6,4,Pleasant read. Nothing groundbreaking but definitely enjoyable.,2024-10-19 05:22:30,2026-08-12T13:29:33.761206,reviews.csv
2440,527,1,4,A very good read overall. Some chapters were slow but worth it.,2023-07-18 20:39:10,2026-08-12T13:29:33.761206,reviews.csv
3452,375,2,5,Beautifully written. The author's style is simply stunning.,2024-12-27 18:45:53,2026-08-12T13:29:33.761206,reviews.csv
5385,608,5,5,Exceeded all my expectations. Truly extraordinary.,2024-12-02 18:06:48,2026-08-12T13:29:33.761206,reviews.csv
2449,4,1,4,Liked it. The first half is stronger than the second.,2021-03-19 10:53:35,2026-08-12T13:29:33.761206,reviews.csv
4921,64,165,-1,Liked it. The first half is stronger than the second.,2023-04-03 06:56:29,2026-08-12T13:29:33.761206,reviews.csv
286,2579,1,4,Above average. Would recommend to fans of the genre.,2021-08-31 11:39:59,2026-08-12T13:29:33.761206,reviews.csv
5309,772,1,5,I finished this in two sittings. Absolutely riveting.,2024-11-07 19:56:33,2026-08-12T13:29:33.761206,reviews.csv
3693,645,10,4,Enjoyed it quite a bit. Solid writing and interesting ideas.,2024-12-27 23:41:24,2026-08-12T13:29:33.761206,reviews.csv
3667,569,4,4,,2024-09-05 11:29:41,2026-08-12T13:29:33.761206,reviews.csv
3040,1548,3,4,Above average. Would recommend to fans of the genre.,2024-10-30 20:11:40,2026-08-12T13:29:33.761206,reviews.csv
1940,117,1,5,One of the best reads I have had in years. Highly recommended.,2024-03-29 21:37:35,2026-08-12T13:29:33.761206,reviews.csv
2057,1449,1,4,Pleasant read. Nothing groundbreaking but definitely enjoyable.,2024-01-13 14:53:00,2026-08-12T13:29:33.761206,reviews.csv
1744,483,1,3,Neither great nor terrible. Passes the time.,2024-07-21 20:58:20,2026-08-12T13:29:33.761206,reviews.csv
4346,1233,1,4,,2024-09-10 18:27:22,2026-08-12T13:29:33.761206,reviews.csv
2602,1844,30,3,"Mixed feelings. Good premise, mediocre execution.",2023-02-23 11:58:07,2026-08-12T13:29:33.761206,reviews.csv
3107,2012,1,4,Above average. Would recommend to fans of the genre.,2022-02-26 13:18:20,2026-08-12T13:29:33.761206,reviews.csv
1962,1752,2,4,Mostly great. The middle section drags a bit.,2024-11-08 07:28:31,2026-08-12T13:29:33.761206,reviews.csv
2852,1541,3,3,Decent read. Not my favourite but not bad either.,2024-09-26 19:19:19,2026-08-12T13:29:33.761206,reviews.csv
2165,2108,42,2,Disappointed. Expected much more based on the reviews.,2023-10-28 10:50:37,2026-08-12T13:29:33.761206,reviews.csv
4466,1301,4,2,Struggled to get through it. The story meanders endlessly.,2022-08-23 15:04:52,2026-08-12T13:29:33.761206,reviews.csv
1290,978,3,2,Not for me. The writing style felt very dated.,2024-10-25 22:52:16,2026-08-12T13:29:33.761206,reviews.csv
5065,1941,85,5,This book changed the way I think. A must-read for everyone.,2024-04-05 02:58:48,2026-08-12T13:29:33.761206,reviews.csv
2366,284,12,4,Mostly great. The middle section drags a bit.,2024-08-23 17:39:15,2026-08-12T13:29:33.761206,reviews.csv
3062,216,6,4,Liked it. The first half is stronger than the second.,2024-07-21 15:29:16,2026-08-12T13:29:33.761206,reviews.csv
3894,2337,38,5,,2024-06-22 15:34:56,2026-08-12T13:29:33.761206,reviews.csv
3921,166,3,4,"Good book, though the ending felt a little rushed.",2024-12-24 08:22:33,2026-08-12T13:29:33.761206,reviews.csv
4611,598,3,3,"Mixed feelings. Good premise, mediocre execution.",2023-10-16 15:16:38,2026-08-12T13:29:33.761206,reviews.csv
4484,1405,7,4,Enjoyed it quite a bit. Solid writing and interesting ideas.,2023-04-02 18:24:18,2026-08-12T13:29:33.761206,reviews.csv
1876,2508,1,4,Mostly great. The middle section drags a bit.,2020-11-30 11:33:59,2026-08-12T13:29:33.761206,reviews.csv
3845,2242,14,5,,2020-07-06 19:41:39,2026-08-12T13:29:33.761206,reviews.csv
1383,2580,139,4,Mostly great. The middle section drags a bit.,2024-10-17 18:32:01,2026-08-12T13:29:33.761206,reviews.csv
3437,1441,10,3,Neither great nor terrible. Passes the time.,2024-07-19 15:09:56,2026-08-12T13:29:33.761206,reviews.csv
1645,489,1,5,One of the best reads I have had in years. Highly recommended.,2021-11-04 08:24:32,2026-08-12T13:29:33.761206,reviews.csv
4919,818,1,4,,2024-02-27 17:39:31,2026-08-12T13:29:33.761206,reviews.csv
2548,2266,2,2,,2024-12-03 18:10:58,2026-08-12T13:29:33.761206,reviews.csv
2470,1477,2,3,Decent read. Not my favourite but not bad either.,2023-12-21 17:23:35,2026-08-12T13:29:33.761206,reviews.csv
499,1403,2,-1,Well-written and engaging. A few plot holes but forgivable.,2023-04-03 08:16:19,2026-08-12T13:29:33.761206,reviews.csv
789,2054,6,4,Above average. Would recommend to fans of the genre.,2023-07-11 08:04:28,2026-08-12T13:29:33.761206,reviews.csv
1297,1655,9,2,Struggled to get through it. The story meanders endlessly.,2024-03-19 09:46:44,2026-08-12T13:29:33.761206,reviews.csv
1874,966,1,2,Would not recommend. Too slow and the payoff was not worth it.,2023-12-06 21:17:39,2026-08-12T13:29:33.761206,reviews.csv
5457,2601,1,2,Disappointed. Expected much more based on the reviews.,2021-05-06 03:01:27,2026-08-12T13:29:33.761206,reviews.csv
1910,1737,8,4,Above average. Would recommend to fans of the genre.,2021-11-30 14:54:06,2026-08-12T13:29:33.761206,reviews.csv
100,93,14,4,Above average. Would recommend to fans of the genre.,2023-11-17 14:06:45,2026-08-12T13:29:33.761206,reviews.csv
2629,67,1,3,Had potential but did not quite deliver on its promise.,2024-03-07 11:03:26,2026-08-12T13:29:33.761206,reviews.csv
2578,343,5,3,Had potential but did not quite deliver on its promise.,2023-03-04 10:21:04,2026-08-12T13:29:33.761206,reviews.csv
1540,1929,10,4,Mostly great. The middle section drags a bit.,2024-05-20 18:54:49,2026-08-12T13:29:33.761206,reviews.csv
4880,1802,6,4,A very good read overall. Some chapters were slow but worth it.,2023-12-20 11:57:19,2026-08-12T13:29:33.761206,reviews.csv
954,531,1,4,Above average. Would recommend to fans of the genre.,2023-12-06 06:57:14,2026-08-12T13:29:33.761206,reviews.csv
173,466,1,4,Pleasant read. Nothing groundbreaking but definitely enjoyable.,2024-07-16 07:05:38,2026-08-12T13:29:33.761206,reviews.csv
1859,2133,1,4,A very good read overall. Some chapters were slow but worth it.,2024-03-16 09:57:37,2026-08-12T13:29:33.761206,reviews.csv
630,890,1,3,Had potential but did not quite deliver on its promise.,2024-11-12 18:55:33,2026-08-12T13:29:33.761206,reviews.csv
4878,472,2,4,Well-written and engaging. A few plot holes but forgivable.,2024-10-21 05:48:30,2026-08-12T13:29:33.761206,reviews.csv
3482,505,2,5,Perfect blend of story and insight. Will read again.,2024-02-08 15:47:19,2026-08-12T13:29:33.761206,reviews.csv
5257,1154,19,3,"Mixed feelings. Good premise, mediocre execution.",2024-05-03 10:04:26,2026-08-12T13:29:33.761206,reviews.csv
1554,1716,5,3,Average. Had its moments but failed to really engage me.,2023-06-25 17:22:45,2026-08-12T13:29:33.761206,reviews.csv
4195,455,8,3,"Mixed feelings. Good premise, mediocre execution.",2024-11-15 22:10:53,2026-08-12T13:29:33.761206,reviews.csv
414,1896,1,4,Liked it. The first half is stronger than the second.,2024-12-13 12:39:31,2026-08-12T13:29:33.761206,reviews.csv
1836,1411,2,3,Neither great nor terrible. Passes the time.,2022-03-21 17:06:16,2026-08-12T13:29:33.761206,reviews.csv
4575,1775,3,4,A very good read overall. Some chapters were slow but worth it.,2023-12-18 08:17:54,2026-08-12T13:29:33.761206,reviews.csv
463,679,4,4,Mostly great. The middle section drags a bit.,2024-09-05 10:11:29,2026-08-12T13:29:33.761206,reviews.csv
2564,1295,1,3,Had potential but did not quite deliver on its promise.,2021-07-10 17:58:58,2026-08-12T13:29:33.761206,reviews.csv
1423,2440,9,3,Decent read. Not my favourite but not bad either.,2024-11-28 05:43:38,2026-08-12T13:29:33.761206,reviews.csv
3702,1717,3,3,"Some interesting parts, but overall felt underwhelming.",2024-10-06 08:08:07,2026-08-12T13:29:33.761206,reviews.csv
3232,2593,1,4,Above average. Would recommend to fans of the genre.,2021-11-20 17:04:28,2026-08-12T13:29:33.761206,reviews.csv
4193,468,4,3,"Mixed feelings. Good premise, mediocre execution.",2022-01-08 23:54:53,2026-08-12T13:29:33.761206,reviews.csv
2892,2425,5,3,Had potential but did not quite deliver on its promise.,2023-12-08 00:31:51,2026-08-12T13:29:33.761206,reviews.csv
1285,2521,14,3,Decent read. Not my favourite but not bad either.,2024-09-28 11:28:23,2026-08-12T13:29:33.761206,reviews.csv
2426,1542,1,3,"Mixed feelings. Good premise, mediocre execution.",2023-02-11 17:28:13,2026-08-12T13:29:33.761206,reviews.csv
2493,119,3,5,One of the best reads I have had in years. Highly recommended.,2022-07-10 08:01:29,2026-08-12T13:29:33.761206,reviews.csv
4761,1315,3,0,Had potential but did not quite deliver on its promise.,2021-02-09 16:58:13,2026-08-12T13:29:33.761206,reviews.csv
223,993,1,3,It was okay. The hype around this book is a bit overstated.,2024-12-31 17:49:39,2026-08-12T13:29:33.761206,reviews.csv
3274,1177,1,4,Pleasant read. Nothing groundbreaking but definitely enjoyable.,2024-10-22 20:55:15,2026-08-12T13:29:33.761206,reviews.csv
4592,109,8,4,Liked it. The first half is stronger than the second.,2023-06-07 05:18:34,2026-08-12T13:29:33.761206,reviews.csv
1015,62,1,3,,2023-01-22 13:38:22,2026-08-12T13:29:33.761206,reviews.csv
1430,1385,1,2,Disappointed. Expected much more based on the reviews.,2024-10-28 11:09:49,2026-08-12T13:29:33.761206,reviews.csv
554,1715,1,3,Neither great nor terrible. Passes the time.,2022-10-29 17:56:22,2026-08-12T13:29:33.761206,reviews.csv
1542,956,2,4,A very good read overall. Some chapters were slow but worth it.,2023-04-07 21:33:50,2026-08-12T13:29:33.761206,reviews.csv
2211,790,1,3,Decent read. Not my favourite but not bad either.,2024-05-31 18:21:45,2026-08-12T13:29:33.761206,reviews.csv
5014,2119,1,3,Had potential but did not quite deliver on its promise.,2024-03-15 13:47:26,2026-08-12T13:29:33.761206,reviews.csv
442,2201,3,3,Average. Had its moments but failed to really engage me.,2020-11-21 16:46:34,2026-08-12T13:29:33.761206,reviews.csv
204,1506,1,5,I finished this in two sittings. Absolutely riveting.,2024-12-31 20:25:35,2026-08-12T13:29:33.761206,reviews.csv
2952,1907,6,3,"Some interesting parts, but overall felt underwhelming.",2024-11-27 14:48:44,2026-08-12T13:29:33.761206,reviews.csv
4517,99,1,3,"Some interesting parts, but overall felt underwhelming.",2022-10-15 21:09:19,2026-08-12T13:29:33.761206,reviews.csv
3959,2393,2,4,"Good book, though the ending felt a little rushed.",2024-05-02 20:08:18,2026-08-12T13:29:33.761206,reviews.csv
3429,790,15,5,This book changed the way I think. A must-read for everyone.,2024-06-20 06:52:12,2026-08-12T13:29:33.761206,reviews.csv
475,2283,1,4,A very good read overall. Some chapters were slow but worth it.,2023-10-27 19:38:17,2026-08-12T13:29:33.761206,reviews.csv
2375,883,4,3,"Mixed feelings. Good premise, mediocre execution.",2024-11-23 14:50:11,2026-08-12T13:29:33.761206,reviews.csv
2031,608,62,3,It was okay. The hype around this book is a bit overstated.,2023-10-17 21:50:23,2026-08-12T13:29:33.761206,reviews.csv
1079,2319,2,2,,2023-10-28 08:47:07,2026-08-12T13:29:33.761206,reviews.csv
2503,2749,47,4,Above average. Would recommend to fans of the genre.,2022-01-15 18:39:40,2026-08-12T13:29:33.761206,reviews.csv
4112,968,2,3,,2024-12-31 05:50:03,2026-08-12T13:29:33.761206,reviews.csv
659,412,1,4,Above average. Would recommend to fans of the genre.,2023-05-21 13:56:18,2026-08-12T13:29:33.761206,reviews.csv
2845,2220,2,4,"Good book, though the ending felt a little rushed.",2023-09-29 10:57:55,2026-08-12T13:29:33.761206,reviews.csv
4306,1974,1,4,Mostly great. The middle section drags a bit.,2023-01-22 00:06:38,2026-08-12T13:29:33.761206,reviews.csv
2593,1416,35,4,Liked it. The first half is stronger than the second.,2022-01-12 10:01:24,2026-08-12T13:29:33.761206,reviews.csv
2995,1745,6,2,Struggled to get through it. The story meanders endlessly.,2023-04-27 07:06:55,2026-08-12T13:29:33.761206,reviews.csv
3119,2016,3,4,"Good book, though the ending felt a little rushed.",2023-07-05 08:00:12,2026-08-12T13:29:33.761206,reviews.csv
85,1370,2,5,A masterpiece. Every chapter left me wanting more.,2023-08-23 07:10:49,2026-08-12T13:29:33.761206,reviews.csv
4380,530,1,4,Pleasant read. Nothing groundbreaking but definitely enjoyable.,2023-06-12 19:38:27,2026-08-12T13:29:33.761206,reviews.csv
4043,912,5,2,,2024-06-08 06:46:05,2026-08-12T13:29:33.761206,reviews.csv
1718,2427,1,1,Gave up halfway. The writing is unbearable.,2024-11-17 08:25:22,2026-08-12T13:29:33.761206,reviews.csv
1027,1526,2,5,Beautifully written. The author's style is simply stunning.,2024-11-04 14:20:23,2026-08-12T13:29:33.761206,reviews.csv
885,166,1,3,Decent read. Not my favourite but not bad either.,2023-07-27 19:42:11,2026-08-12T13:29:33.761206,reviews.csv
847,1289,1,2,Would not recommend. Too slow and the payoff was not worth it.,2024-11-09 18:32:19,2026-08-12T13:29:33.761206,reviews.csv
1165,1365,19,4,Pleasant read. Nothing groundbreaking but definitely enjoyable.,2024-11-30 11:05:34,2026-08-12T13:29:33.761206,reviews.csv
2444,788,1,4,"Good book, though the ending felt a little rushed.",2024-12-20 19:14:52,2026-08-12T13:29:33.761206,reviews.csv
2104,1179,1,4,Well-written and engaging. A few plot holes but forgivable.,2023-09-30 14:01:15,2026-08-12T13:29:33.761206,reviews.csv
4567,2448,13,5,A masterpiece. Every chapter left me wanting more.,2022-04-14 17:56:51,2026-08-12T13:29:33.761206,reviews.csv
3510,2288,3,4,Well-written and engaging. A few plot holes but forgivable.,2024-10-04 05:42:40,2026-08-12T13:29:33.761206,reviews.csv
2206,1677,1,4,Above average. Would recommend to fans of the genre.,2024-10-30 12:46:23,2026-08-12T13:29:33.761206,reviews.csv
3016,2163,10,3,,2024-10-28 08:55:50,2026-08-12T13:29:33.761206,reviews.csv
1120,1717,1,3,Average. Had its moments but failed to really engage me.,2024-06-30 07:17:03,2026-08-12T13:29:33.761206,reviews.csv
1779,131,24,3,"Some interesting parts, but overall felt underwhelming.",2021-06-23 04:18:21,2026-08-12T13:29:33.761206,reviews.csv
3286,1141,5,2,Overrated. I did not enjoy the characters at all.,2024-12-31 14:49:00,2026-08-12T13:29:33.761206,reviews.csv
3575,2262,1,4,Liked it. The first half is stronger than the second.,2023-06-13 10:50:15,2026-08-12T13:29:33.761206,reviews.csv
3076,231,6,2,Struggled to get through it. The story meanders endlessly.,2023-07-05 14:41:53,2026-08-12T13:29:33.761206,reviews.csv
2323,576,5,1,Do not waste your money on this.,2023-09-17 19:11:26,2026-08-12T13:29:33.761206,reviews.csv
4552,1630,1,2,The plot felt disjointed and the pacing was off throughout.,2021-04-27 16:08:34,2026-08-12T13:29:33.761206,reviews.csv
723,1079,1,4,Mostly great. The middle section drags a bit.,2024-09-19 06:22:57,2026-08-12T13:29:33.761206,reviews.csv
1493,1449,2,4,Pleasant read. Nothing groundbreaking but definitely enjoyable.,2023-08-21 21:39:35,2026-08-12T13:29:33.761206,reviews.csv
5111,1462,1,5,I finished this in two sittings. Absolutely riveting.,2021-02-20 15:56:53,2026-08-12T13:29:33.761206,reviews.csv
247,1934,1,4,Enjoyed it quite a bit. Solid writing and interesting ideas.,2024-04-19 10:55:08,2026-08-12T13:29:33.761206,reviews.csv
1792,95,3,3,Neither great nor terrible. Passes the time.,2021-02-08 16:05:19,2026-08-12T13:29:33.761206,reviews.csv
577,966,4,4,,2023-05-10 08:36:13,2026-08-12T13:29:33.761206,reviews.csv
3066,1434,3,3,Had potential but did not quite deliver on its promise.,2024-11-11 19:49:25,2026-08-12T13:29:33.761206,reviews.csv
3763,2796,3,3,Had potential but did not quite deliver on its promise.,2020-04-09 19:53:35,2026-08-12T13:29:33.761206,reviews.csv
3337,2458,2,4,,2024-10-17 06:00:37,2026-08-12T13:29:33.761206,reviews.csv
4357,1176,2,3,It was okay. The hype around this book is a bit overstated.,2024-11-05 12:33:06,2026-08-12T13:29:33.761206,reviews.csv
2223,1,1,2,Would not recommend. Too slow and the payoff was not worth it.,2024-11-30 13:39:21,2026-08-12T13:29:33.761206,reviews.csv
4736,915,3,4,A very good read overall. Some chapters were slow but worth it.,2023-10-22 17:10:16,2026-08-12T13:29:33.761206,reviews.csv
2405,2339,6,1,Terrible. Wasted my money and my time.,2022-07-18 16:35:13,2026-08-12T13:29:33.761206,reviews.csv
4461,1245,2,4,Enjoyed it quite a bit. Solid writing and interesting ideas.,2021-03-27 06:57:12,2026-08-12T13:29:33.761206,reviews.csv
3584,1496,2,3,Neither great nor terrible. Passes the time.,2024-02-24 06:52:56,2026-08-12T13:29:33.761206,reviews.csv
5427,2188,1,5,This book changed the way I think. A must-read for everyone.,2023-06-21 21:17:56,2026-08-12T13:29:33.761206,reviews.csv
4229,2101,1,3,Decent read. Not my favourite but not bad either.,2024-12-31 23:53:34,2026-08-12T13:29:33.761206,reviews.csv
2676,2038,2,4,Liked it. The first half is stronger than the second.,2022-05-14 17:09:43,2026-08-12T13:29:33.761206,reviews.csv
3928,1319,5,2,Disappointed. Expected much more based on the reviews.,2024-04-08 19:22:31,2026-08-12T13:29:33.761206,reviews.csv
4573,2108,2,3,It was okay. The hype around this book is a bit overstated.,2023-06-15 12:03:42,2026-08-12T13:29:33.761206,reviews.csv
1903,2279,1,3,,2024-01-11 17:16:29,2026-08-12T13:29:33.761206,reviews.csv
5605,147,2,3,"Some interesting parts, but overall felt underwhelming.",2023-03-09 21:21:55,2026-08-12T13:29:33.761206,reviews.csv
1459,519,1,3,Average. Had its moments but failed to really engage me.,2024-06-10 21:45:03,2026-08-12T13:29:33.761206,reviews.csv
2831,434,1,4,A very good read overall. Some chapters were slow but worth it.,2024-04-01 18:24:24,2026-08-12T13:29:33.761206,reviews.csv
706,2638,1,4,Mostly great. The middle section drags a bit.,2023-03-19 21:38:21,2026-08-12T13:29:33.761206,reviews.csv
3859,117,5,4,Well-written and engaging. A few plot holes but forgivable.,2023-05-30 17:28:03,2026-08-12T13:29:33.761206,reviews.csv
5042,197,4,4,Mostly great. The middle section drags a bit.,2024-10-26 19:15:28,2026-08-12T13:29:33.761206,reviews.csv
1740,6,26,3,Neither great nor terrible. Passes the time.,2024-09-26 07:51:48,2026-08-12T13:29:33.761206,reviews.csv
3150,1232,109,4,Above average. Would recommend to fans of the genre.,2022-01-05 21:00:52,2026-08-12T13:29:33.761206,reviews.csv
3306,2195,10,3,It was okay. The hype around this book is a bit overstated.,2024-01-20 21:03:45,2026-08-12T13:29:33.761206,reviews.csv
1629,511,1,4,"Good book, though the ending felt a little rushed.",2021-03-28 17:18:42,2026-08-12T13:29:33.761206,reviews.csv
3179,2490,84,4,"Good book, though the ending felt a little rushed.",2023-12-13 09:59:49,2026-08-12T13:29:33.761206,reviews.csv
1040,2627,6,3,Had potential but did not quite deliver on its promise.,2024-08-31 17:57:26,2026-08-12T13:29:33.761206,reviews.csv
2048,1072,3,3,"Some interesting parts, but overall felt underwhelming.",2023-11-30 20:06:31,2026-08-12T13:29:33.761206,reviews.csv
4794,2483,5,3,"Some interesting parts, but overall felt underwhelming.",2024-12-26 14:41:58,2026-08-12T13:29:33.761206,reviews.csv
4170,2216,1,4,Above average. Would recommend to fans of the genre.,2022-11-15 21:14:17,2026-08-12T13:29:33.761206,reviews.csv
1080,266,20,3,,2024-05-02 17:45:48,2026-08-12T13:29:33.761206,reviews.csv
3251,1893,1,3,Neither great nor terrible. Passes the time.,2021-06-29 12:40:57,2026-08-12T13:29:33.761206,reviews.csv
2314,1471,4,4,Pleasant read. Nothing groundbreaking but definitely enjoyable.,2024-11-05 18:39:16,2026-08-12T13:29:33.761206,reviews.csv
4605,1451,72,-1,Above average. Would recommend to fans of the genre.,2022-07-24 16:30:06,2026-08-12T13:29:33.761206,reviews.csv
12,1151,1,4,A very good read overall. Some chapters were slow but worth it.,2024-08-05 14:34:55,2026-08-12T13:29:33.761206,reviews.csv
1024,1576,19,3,It was okay. The hype around this book is a bit overstated.,2024-11-03 20:50:58,2026-08-12T13:29:33.761206,reviews.csv
3729,2178,6,2,Struggled to get through it. The story meanders endlessly.,2024-06-15 13:36:30,2026-08-12T13:29:33.761206,reviews.csv
2763,1030,1,4,Enjoyed it quite a bit. Solid writing and interesting ideas.,2024-04-10 20:08:14,2026-08-12T13:29:33.761206,reviews.csv
52,1098,5,2,Not for me. The writing style felt very dated.,2023-07-04 12:06:07,2026-08-12T13:29:33.761206,reviews.csv
4535,1644,3,3,Average. Had its moments but failed to really engage me.,2023-06-10 17:57:02,2026-08-12T13:29:33.761206,reviews.csv
3058,736,3,3,It was okay. The hype around this book is a bit overstated.,2024-01-05 09:11:05,2026-08-12T13:29:33.761206,reviews.csv
1989,2777,7,5,Exceeded all my expectations. Truly extraordinary.,2024-08-14 11:02:29,2026-08-12T13:29:33.761206,reviews.csv
1807,1047,1,2,Not for me. The writing style felt very dated.,2022-09-19 07:05:42,2026-08-12T13:29:33.761206,reviews.csv
2252,1691,5,3,Neither great nor terrible. Passes the time.,2023-11-02 05:22:20,2026-08-12T13:29:33.761206,reviews.csv
3087,1589,1,2,Would not recommend. Too slow and the payoff was not worth it.,2022-11-23 04:48:15,2026-08-12T13:29:33.761206,reviews.csv
2178,327,1,3,Decent read. Not my favourite but not bad either.,2022-11-05 19:40:58,2026-08-12T13:29:33.761206,reviews.csv
2868,770,1,4,Liked it. The first half is stronger than the second.,2021-07-07 19:06:19,2026-08-12T13:29:33.761206,reviews.csv
2020,1041,4,5,A masterpiece. Every chapter left me wanting more.,2020-06-13 08:43:18,2026-08-12T13:29:33.761206,reviews.csv
3392,2396,8,3,"Mixed feelings. Good premise, mediocre execution.",2021-06-09 09:21:54,2026-08-12T13:29:33.761206,reviews.csv
5567,787,30,3,Average. Had its moments but failed to really engage me.,2020-03-08 18:42:56,2026-08-12T13:29:33.761206,reviews.csv
1264,2274,1,5,Perfect blend of story and insight. Will read again.,2022-08-07 17:17:59,2026-08-12T13:29:33.761206,reviews.csv
5619,190,2,4,"Good book, though the ending felt a little rushed.",2023-12-10 14:13:59,2026-08-12T13:29:33.761206,reviews.csv
2033,632,1,2,The plot felt disjointed and the pacing was off throughout.,2023-07-27 07:18:29,2026-08-12T13:29:33.761206,reviews.csv
1484,329,2,4,"Good book, though the ending felt a little rushed.",2023-08-19 18:53:22,2026-08-12T13:29:33.761206,reviews.csv
3703,1636,1,4,Liked it. The first half is stronger than the second.,2024-09-08 20:41:01,2026-08-12T13:29:33.761206,reviews.csv
360,606,8,1,Do not waste your money on this.,2024-06-03 21:53:13,2026-08-12T13:29:33.761206,reviews.csv
1001,174,6,3,Average. Had its moments but failed to really engage me.,2024-08-20 12:27:18,2026-08-12T13:29:33.761206,reviews.csv
1105,1106,8,2,Would not recommend. Too slow and the payoff was not worth it.,2021-01-07 19:25:44,2026-08-12T13:29:33.761206,reviews.csv
4835,855,4,3,"Mixed feelings. Good premise, mediocre execution.",2024-11-14 05:02:53,2026-08-12T13:29:33.761206,reviews.csv
5366,2455,3,5,A masterpiece. Every chapter left me wanting more.,2022-07-30 15:16:13,2026-08-12T13:29:33.761206,reviews.csv
450,1189,1,3,Decent read. Not my favourite but not bad either.,2023-12-26 13:28:20,2026-08-12T13:29:33.761206,reviews.csv
4727,476,4,3,It was okay. The hype around this book is a bit overstated.,2022-10-14 15:11:05,2026-08-12T13:29:33.761206,reviews.csv
557,928,1,4,A very good read overall. Some chapters were slow but worth it.,2024-11-11 07:47:32,2026-08-12T13:29:33.761206,reviews.csv
3217,1428,2,4,Pleasant read. Nothing groundbreaking but definitely enjoyable.,2024-06-13 18:29:44,2026-08-12T13:29:33.761206,reviews.csv
5463,2419,1,4,"Good book, though the ending felt a little rushed.",2024-12-07 14:03:03,2026-08-12T13:29:33.761206,reviews.csv
3562,387,2,4,Mostly great. The middle section drags a bit.,2022-03-20 17:08:54,2026-08-12T13:29:33.761206,reviews.csv
1300,34,1,5,Perfect blend of story and insight. Will read again.,2024-06-19 06:35:52,2026-08-12T13:29:33.761206,reviews.csv
4845,2771,5,4,Enjoyed it quite a bit. Solid writing and interesting ideas.,2024-11-30 08:23:44,2026-08-12T13:29:33.761206,reviews.csv
2555,1671,1,3,"Mixed feelings. Good premise, mediocre execution.",2024-09-22 15:01:22,2026-08-12T13:29:33.761206,reviews.csv
110,560,3,5,The writing is exceptional and the story gripped me from page one.,2024-06-15 22:10:28,2026-08-12T13:29:33.761206,reviews.csv
5139,2111,1,4,Enjoyed it quite a bit. Solid writing and interesting ideas.,2024-12-20 18:18:07,2026-08-12T13:29:33.761206,reviews.csv
4143,1291,1,3,It was okay. The hype around this book is a bit overstated.,2022-12-25 12:34:00,2026-08-12T13:29:33.761206,reviews.csv
3573,730,3,4,"Good book, though the ending felt a little rushed.",2022-12-03 06:50:14,2026-08-12T13:29:33.761206,reviews.csv
5312,733,2,2,Struggled to get through it. The story meanders endlessly.,2022-08-18 12:57:51,2026-08-12T13:29:33.761206,reviews.csv
4908,2776,2,4,,2024-01-02 16:37:56,2026-08-12T13:29:33.761206,reviews.csv
99,181,1,3,It was okay. The hype around this book is a bit overstated.,2023-07-10 12:12:20,2026-08-12T13:29:33.761206,reviews.csv
4416,584,7,5,,2024-12-14 19:42:33,2026-08-12T13:29:33.761206,reviews.csv
816,2173,38,4,A very good read overall. Some chapters were slow but worth it.,2024-07-03 18:47:21,2026-08-12T13:29:33.761206,reviews.csv
3655,346,39,2,Not for me. The writing style felt very dated.,2024-04-17 17:29:27,2026-08-12T13:29:33.761206,reviews.csv
1100,18,1,4,Enjoyed it quite a bit. Solid writing and interesting ideas.,2021-06-14 21:51:12,2026-08-12T13:29:33.761206,reviews.csv
22,1915,1,4,Above average. Would recommend to fans of the genre.,2024-09-08 10:21:00,2026-08-12T13:29:33.761206,reviews.csv
3708,631,24,4,"Good book, though the ending felt a little rushed.",2024-07-28 16:53:40,2026-08-12T13:29:33.761206,reviews.csv
1782,1863,1,4,"Good book, though the ending felt a little rushed.",2024-07-09 17:35:57,2026-08-12T13:29:33.761206,reviews.csv
795,2766,7,4,Liked it. The first half is stronger than the second.,2020-10-26 21:38:41,2026-08-12T13:29:33.761206,reviews.csv
766,2050,6,3,Had potential but did not quite deliver on its promise.,2020-04-14 14:32:19,2026-08-12T13:29:33.761206,reviews.csv
4373,941,4,5,Exceeded all my expectations. Truly extraordinary.,2021-11-29 08:20:30,2026-08-12T13:29:33.761206,reviews.csv
2717,603,40,4,Mostly great. The middle section drags a bit.,2024-06-28 06:00:48,2026-08-12T13:29:33.761206,reviews.csv
4266,2693,3,3,Neither great nor terrible. Passes the time.,2024-11-18 18:56:27,2026-08-12T13:29:33.761206,reviews.csv
3312,639,77,4,Well-written and engaging. A few plot holes but forgivable.,2022-01-23 20:07:46,2026-08-12T13:29:33.761206,reviews.csv
1160,801,7,3,Neither great nor terrible. Passes the time.,2022-04-25 09:34:08,2026-08-12T13:29:33.761206,reviews.csv
39,1089,1,4,A very good read overall. Some chapters were slow but worth it.,2024-09-13 14:58:41,2026-08-12T13:29:33.761206,reviews.csv
4343,2178,14,3,It was okay. The hype around this book is a bit overstated.,2024-10-11 07:37:15,2026-08-12T13:29:33.761206,reviews.csv
67,2787,1,4,"Good book, though the ending felt a little rushed.",2020-12-12 12:12:25,2026-08-12T13:29:33.761206,reviews.csv
1715,938,13,3,"Some interesting parts, but overall felt underwhelming.",2022-02-06 12:23:01,2026-08-12T13:29:33.761206,reviews.csv
2570,585,1,4,A very good read overall. Some chapters were slow but worth it.,2024-12-31 07:05:18,2026-08-12T13:29:33.761206,reviews.csv
1478,1698,1,4,Enjoyed it quite a bit. Solid writing and interesting ideas.,2024-11-21 16:35:37,2026-08-12T13:29:33.761206,reviews.csv
2092,2197,4,4,Mostly great. The middle section drags a bit.,2022-12-20 07:34:52,2026-08-12T13:29:33.761206,reviews.csv
669,2233,1,5,Absolutely loved this book — couldn't put it down!,2021-11-03 22:15:32,2026-08-12T13:29:33.761206,reviews.csv
4041,1829,5,-1,Struggled to get through it. The story meanders endlessly.,2022-08-05 20:51:25,2026-08-12T13:29:33.761206,reviews.csv
4497,1437,4,3,"Mixed feelings. Good premise, mediocre execution.",2023-05-31 08:43:43,2026-08-12T13:29:33.761206,reviews.csv
5402,2578,7,3,Average. Had its moments but failed to really engage me.,2022-12-15 19:08:58,2026-08-12T13:29:33.761206,reviews.csv
2725,2776,3,3,It was okay. The hype around this book is a bit overstated.,2024-04-05 06:49:29,2026-08-12T13:29:33.761206,reviews.csv
5200,332,3,2,Disappointed. Expected much more based on the reviews.,2024-09-15 20:57:43,2026-08-12T13:29:33.761206,reviews.csv
3869,2510,6,4,Mostly great. The middle section drags a bit.,2020-12-04 06:57:16,2026-08-12T13:29:33.761206,reviews.csv
1514,1221,1,5,I finished this in two sittings. Absolutely riveting.,2022-03-25 20:43:04,2026-08-12T13:29:33.761206,reviews.csv
5171,2487,2,4,Well-written and engaging. A few plot holes but forgivable.,2020-08-28 12:34:06,2026-08-12T13:29:33.761206,reviews.csv
2393,697,20,5,Brilliant narrative. The characters feel genuinely real.,2024-02-12 07:34:46,2026-08-12T13:29:33.761206,reviews.csv
3891,2214,1,3,"Some interesting parts, but overall felt underwhelming.",2022-01-05 07:59:03,2026-08-12T13:29:33.761206,reviews.csv
806,1436,2,4,Well-written and engaging. A few plot holes but forgivable.,2024-07-08 08:50:28,2026-08-12T13:29:33.761206,reviews.csv
3487,2401,25,4,Above average. Would recommend to fans of the genre.,2024-01-25 12:48:34,2026-08-12T13:29:33.761206,reviews.csv
3204,317,6,5,This book changed the way I think. A must-read for everyone.,2021-02-24 14:25:46,2026-08-12T13:29:33.761206,reviews.csv
5515,1816,8,3,"Some interesting parts, but overall felt underwhelming.",2024-12-17 19:53:04,2026-08-12T13:29:33.761206,reviews.csv
4584,2768,8,4,Above average. Would recommend to fans of the genre.,2021-05-09 19:59:16,2026-08-12T13:29:33.761206,reviews.csv
2158,36,26,4,Enjoyed it quite a bit. Solid writing and interesting ideas.,2021-10-19 23:00:03,2026-08-12T13:29:33.761206,reviews.csv
2743,474,7,5,Perfect blend of story and insight. Will read again.,2023-12-26 19:22:40,2026-08-12T13:29:33.761206,reviews.csv
4091,2325,3,3,Had potential but did not quite deliver on its promise.,2024-05-05 18:23:31,2026-08-12T13:29:33.761206,reviews.csv
1774,1775,1,3,Average. Had its moments but failed to really engage me.,2023-11-05 15:07:48,2026-08-12T13:29:33.761206,reviews.csv
3322,753,8,4,Pleasant read. Nothing groundbreaking but definitely enjoyable.,2024-09-15 13:15:12,2026-08-12T13:29:33.761206,reviews.csv
2210,1903,7,4,A very good read overall. Some chapters were slow but worth it.,2024-11-15 18:48:33,2026-08-12T13:29:33.761206,reviews.csv
4268,342,32,3,Average. Had its moments but failed to really engage me.,2024-03-06 06:17:46,2026-08-12T13:29:33.761206,reviews.csv
5502,2410,3,3,It was okay. The hype around this book is a bit overstated.,2024-10-28 16:43:39,2026-08-12T13:29:33.761206,reviews.csv
1640,1018,1,3,It was okay. The hype around this book is a bit overstated.,2021-12-10 22:33:07,2026-08-12T13:29:33.761206,reviews.csv
5582,1006,3,4,,2024-12-31 20:17:47,2026-08-12T13:29:33.761206,reviews.csv
2869,450,6,2,The plot felt disjointed and the pacing was off throughout.,2022-12-16 20:36:58,2026-08-12T13:29:33.761206,reviews.csv
3837,2574,3,3,Average. Had its moments but failed to really engage me.,2022-04-18 03:27:07,2026-08-12T13:29:33.761206,reviews.csv
2915,1130,5,4,"Good book, though the ending felt a little rushed.",2024-04-29 06:46:47,2026-08-12T13:29:33.761206,reviews.csv
4031,743,1,4,,2020-09-27 19:30:19,2026-08-12T13:29:33.761206,reviews.csv
3568,2582,2,2,Would not recommend. Too slow and the payoff was not worth it.,2023-10-07 07:20:40,2026-08-12T13:29:33.761206,reviews.csv
456,645,3,4,Pleasant read. Nothing groundbreaking but definitely enjoyable.,2022-12-10 07:12:20,2026-08-12T13:29:33.761206,reviews.csv
1451,971,20,4,Pleasant read. Nothing groundbreaking but definitely enjoyable.,2024-11-20 17:29:19,2026-08-12T13:29:33.761206,reviews.csv
1566,165,18,2,Struggled to get through it. The story meanders endlessly.,2024-05-30 19:55:54,2026-08-12T13:29:33.761206,reviews.csv
5392,1493,4,3,"Mixed feelings. Good premise, mediocre execution.",2022-09-16 08:55:34,2026-08-12T13:29:33.761206,reviews.csv
2315,1362,1,3,"Mixed feelings. Good premise, mediocre execution.",2024-06-06 12:08:54,2026-08-12T13:29:33.761206,reviews.csv
1260,2741,2,4,Enjoyed it quite a bit. Solid writing and interesting ideas.,2022-06-28 10:42:03,2026-08-12T13:29:33.761206,reviews.csv
259,2621,1,3,Decent read. Not my favourite but not bad either.,2023-11-12 08:20:21,2026-08-12T13:29:33.761206,reviews.csv
873,2242,38,2,Overrated. I did not enjoy the characters at all.,2022-06-11 18:04:37,2026-08-12T13:29:33.761206,reviews.csv
1673,1950,1,2,Disappointed. Expected much more based on the reviews.,2023-11-13 23:57:53,2026-08-12T13:29:33.761206,reviews.csv
3996,149,134,3,Average. Had its moments but failed to really engage me.,2024-11-15 12:25:16,2026-08-12T13:29:33.761206,reviews.csv
4530,2668,3,4,Pleasant read. Nothing groundbreaking but definitely enjoyable.,2023-10-15 14:19:30,2026-08-12T13:29:33.761206,reviews.csv
1022,547,8,4,"Good book, though the ending felt a little rushed.",2023-07-09 19:03:23,2026-08-12T13:29:33.761206,reviews.csv
1677,793,2,5,,2023-11-28 09:07:51,2026-08-12T13:29:33.761206,reviews.csv
3705,603,4,4,Above average. Would recommend to fans of the genre.,2024-09-07 18:07:24,2026-08-12T13:29:33.761206,reviews.csv
1667,1005,6,3,Had potential but did not quite deliver on its promise.,2024-10-16 22:34:12,2026-08-12T13:29:33.761206,reviews.csv
2125,2318,99,3,,2022-05-29 19:05:15,2026-08-12T13:29:33.761206,reviews.csv
4569,560,1,7,Enjoyed it quite a bit. Solid writing and interesting ideas.,2024-09-24 18:06:53,2026-08-12T13:29:33.761206,reviews.csv
4122,2352,3,4,Liked it. The first half is stronger than the second.,2020-11-10 18:51:08,2026-08-12T13:29:33.761206,reviews.csv
2402,2173,2,4,,2024-12-19 18:22:24,2026-08-12T13:29:33.761206,reviews.csv
2364,2796,2,6,Exceeded all my expectations. Truly extraordinary.,2023-09-19 19:45:05,2026-08-12T13:29:33.761206,reviews.csv
3073,2641,2,3,,2023-04-29 08:45:44,2026-08-12T13:29:33.761206,reviews.csv
4790,2207,8,4,Liked it. The first half is stronger than the second.,2024-06-20 10:32:01,2026-08-12T13:29:33.761206,reviews.csv
2635,563,36,3,Average. Had its moments but failed to really engage me.,2020-11-05 04:58:07,2026-08-12T13:29:33.761206,reviews.csv
1152,127,1,4,Above average. Would recommend to fans of the genre.,2021-02-13 20:53:35,2026-08-12T13:29:33.761206,reviews.csv
4077,2462,1,5,Exceeded all my expectations. Truly extraordinary.,2024-04-05 08:32:29,2026-08-12T13:29:33.761206,reviews.csv
2773,1800,2,2,Not for me. The writing style felt very dated.,2024-02-10 17:57:02,2026-08-12T13:29:33.761206,reviews.csv
4008,279,1,3,"Some interesting parts, but overall felt underwhelming.",2020-06-27 07:20:53,2026-08-12T13:29:33.761206,reviews.csv
3903,529,16,3,,2024-07-29 09:11:59,2026-08-12T13:29:33.761206,reviews.csv
373,2566,1,4,,2024-12-12 07:01:34,2026-08-12T13:29:33.761206,reviews.csv
3253,2567,6,2,The plot felt disjointed and the pacing was off throughout.,2024-09-27 20:55:49,2026-08-12T13:29:33.761206,reviews.csv
1522,400,3,3,"Mixed feelings. Good premise, mediocre execution.",2024-09-30 03:39:08,2026-08-12T13:29:33.761206,reviews.csv
4926,1767,1,4,"Good book, though the ending felt a little rushed.",2023-09-14 17:34:03,2026-08-12T13:29:33.761206,reviews.csv
1747,1534,1,3,"Some interesting parts, but overall felt underwhelming.",2022-09-01 19:16:11,2026-08-12T13:29:33.761206,reviews.csv
662,2525,7,4,Well-written and engaging. A few plot holes but forgivable.,2022-12-23 08:04:13,2026-08-12T13:29:33.761206,reviews.csv
5085,922,2,0,A masterpiece. Every chapter left me wanting more.,2023-06-13 22:19:21,2026-08-12T13:29:33.761206,reviews.csv
4783,2332,1,4,Enjoyed it quite a bit. Solid writing and interesting ideas.,2023-11-26 07:18:44,2026-08-12T13:29:33.761206,reviews.csv
5000,1571,4,3,Decent read. Not my favourite but not bad either.,2023-12-12 11:50:40,2026-08-12T13:29:33.761206,reviews.csv
5169,129,10,3,Neither great nor terrible. Passes the time.,2024-12-31 19:59:55,2026-08-12T13:29:33.761206,reviews.csv
5491,1983,15,4,Well-written and engaging. A few plot holes but forgivable.,2024-11-28 10:35:18,2026-08-12T13:29:33.761206,reviews.csv
4211,1370,85,3,"Some interesting parts, but overall felt underwhelming.",2024-03-30 18:48:14,2026-08-12T13:29:33.761206,reviews.csv
596,824,1,5,Absolutely loved this book — couldn't put it down!,2022-12-07 11:41:36,2026-08-12T13:29:33.761206,reviews.csv
1982,205,1,4,Well-written and engaging. A few plot holes but forgivable.,2024-12-07 08:21:08,2026-08-12T13:29:33.761206,reviews.csv
3068,2547,2,5,I finished this in two sittings. Absolutely riveting.,2022-05-13 20:02:19,2026-08-12T13:29:33.761206,reviews.csv
844,2643,27,5,The writing is exceptional and the story gripped me from page one.,2024-11-17 19:48:32,2026-08-12T13:29:33.761206,reviews.csv
1918,1594,17,4,Above average. Would recommend to fans of the genre.,2022-09-16 17:59:03,2026-08-12T13:29:33.761206,reviews.csv
4214,1203,10,3,It was okay. The hype around this book is a bit overstated.,2023-02-26 14:37:14,2026-08-12T13:29:33.761206,reviews.csv
2229,1286,3,1,,2024-12-03 07:35:47,2026-08-12T13:29:33.761206,reviews.csv
3110,2542,1,3,Had potential but did not quite deliver on its promise.,2023-05-20 10:03:03,2026-08-12T13:29:33.761206,reviews.csv
2320,797,1,4,Liked it. The first half is stronger than the second.,2022-07-18 20:01:46,2026-08-12T13:29:33.761206,reviews.csv
2352,2492,1,3,Had potential but did not quite deliver on its promise.,2023-05-27 05:46:11,2026-08-12T13:29:33.761206,reviews.csv
5399,2770,2,3,Average. Had its moments but failed to really engage me.,2024-12-23 09:45:29,2026-08-12T13:29:33.761206,reviews.csv
4145,2229,1,4,Well-written and engaging. A few plot holes but forgivable.,2022-07-08 10:36:38,2026-08-12T13:29:33.761206,reviews.csv
3149,2368,1,7,A very good read overall. Some chapters were slow but worth it.,2024-01-03 07:17:21,2026-08-12T13:29:33.761206,reviews.csv
4691,700,8,4,Pleasant read. Nothing groundbreaking but definitely enjoyable.,2024-04-21 18:05:26,2026-08-12T13:29:33.761206,reviews.csv
3277,406,2,3,It was okay. The hype around this book is a bit overstated.,2024-05-17 07:33:09,2026-08-12T13:29:33.761206,reviews.csv
2991,2774,3,3,Had potential but did not quite deliver on its promise.,2023-06-26 21:20:43,2026-08-12T13:29:33.761206,reviews.csv
1007,1368,1,4,,2022-07-18 10:14:27,2026-08-12T13:29:33.761206,reviews.csv
4807,980,2,4,Liked it. The first half is stronger than the second.,2024-06-03 10:36:53,2026-08-12T13:29:33.761206,reviews.csv
5035,2739,2,4,Enjoyed it quite a bit. Solid writing and interesting ideas.,2022-05-04 17:58:49,2026-08-12T13:29:33.761206,reviews.csv
388,1474,1,4,Enjoyed it quite a bit. Solid writing and interesting ideas.,2024-12-18 13:28:05,2026-08-12T13:29:33.761206,reviews.csv
3133,1716,14,4,Well-written and engaging. A few plot holes but forgivable.,2022-10-20 10:44:56,2026-08-12T13:29:33.761206,reviews.csv
2792,2735,2,3,Had potential but did not quite deliver on its promise.,2023-10-25 12:02:24,2026-08-12T13:29:33.761206,reviews.csv
3219,1848,1,4,,2024-03-10 19:40:00,2026-08-12T13:29:33.761206,reviews.csv
2138,2097,2,3,Decent read. Not my favourite but not bad either.,2024-08-13 18:04:32,2026-08-12T13:29:33.761206,reviews.csv
737,1301,1,4,Well-written and engaging. A few plot holes but forgivable.,2022-07-03 23:11:11,2026-08-12T13:29:33.761206,reviews.csv
443,1261,1,3,Decent read. Not my favourite but not bad either.,2024-10-24 09:11:09,2026-08-12T13:29:33.761206,reviews.csv
2746,2000,1,4,Liked it. The first half is stronger than the second.,2023-05-06 16:25:40,2026-08-12T13:29:33.761206,reviews.csv
933,1391,1,3,Neither great nor terrible. Passes the time.,2024-01-20 12:20:53,2026-08-12T13:29:33.761206,reviews.csv
715,2800,1,3,It was okay. The hype around this book is a bit overstated.,2021-09-02 21:48:28,2026-08-12T13:29:33.761206,reviews.csv
3516,1791,7,4,,2024-09-16 15:09:47,2026-08-12T13:29:33.761206,reviews.csv
4271,1944,46,2,Overrated. I did not enjoy the characters at all.,2020-12-19 21:12:38,2026-08-12T13:29:33.761206,reviews.csv
5266,780,4,4,A very good read overall. Some chapters were slow but worth it.,2023-12-10 08:57:58,2026-08-12T13:29:33.761206,reviews.csv
3319,370,4,3,It was okay. The hype around this book is a bit overstated.,2024-12-10 16:47:54,2026-08-12T13:29:33.761206,reviews.csv
2204,344,1,5,Beautifully written. The author's style is simply stunning.,2024-12-31 17:13:37,2026-08-12T13:29:33.761206,reviews.csv
2086,232,10,4,Well-written and engaging. A few plot holes but forgivable.,2021-04-20 16:15:07,2026-08-12T13:29:33.761206,reviews.csv
1481,28,3,3,Had potential but did not quite deliver on its promise.,2022-12-30 19:08:06,2026-08-12T13:29:33.761206,reviews.csv
1146,480,96,4,Well-written and engaging. A few plot holes but forgivable.,2022-03-28 12:41:06,2026-08-12T13:29:33.761206,reviews.csv
2625,139,18,3,"Mixed feelings. Good premise, mediocre execution.",2024-08-21 17:19:21,2026-08-12T13:29:33.761206,reviews.csv
4130,1260,7,4,Well-written and engaging. A few plot holes but forgivable.,2023-06-07 18:51:11,2026-08-12T13:29:33.761206,reviews.csv
1628,2504,1,3,Decent read. Not my favourite but not bad either.,2021-12-31 15:50:13,2026-08-12T13:29:33.761206,reviews.csv
3260,2495,18,2,Struggled to get through it. The story meanders endlessly.,2024-05-09 07:01:03,2026-08-12T13:29:33.761206,reviews.csv
2939,209,3,3,Average. Had its moments but failed to really engage me.,2023-01-14 14:20:40,2026-08-12T13:29:33.761206,reviews.csv
904,108,1,5,Perfect blend of story and insight. Will read again.,2022-01-18 13:29:22,2026-08-12T13:29:33.761206,reviews.csv
185,451,1,4,"Good book, though the ending felt a little rushed.",2024-12-13 02:21:04,2026-08-12T13:29:33.761206,reviews.csv
1169,2526,1,4,Liked it. The first half is stronger than the second.,2023-08-26 11:09:51,2026-08-12T13:29:33.761206,reviews.csv
2865,1168,8,2,Disappointed. Expected much more based on the reviews.,2024-10-15 11:28:17,2026-08-12T13:29:33.761206,reviews.csv
1161,1750,5,4,Well-written and engaging. A few plot holes but forgivable.,2022-01-15 12:46:42,2026-08-12T13:29:33.761206,reviews.csv
1066,2359,3,3,"Mixed feelings. Good premise, mediocre execution.",2024-05-01 18:07:30,2026-08-12T13:29:33.761206,reviews.csv
5011,1679,1,4,Liked it. The first half is stronger than the second.,2024-10-03 08:37:33,2026-08-12T13:29:33.761206,reviews.csv
725,49,1,3,Average. Had its moments but failed to really engage me.,2023-01-18 20:34:02,2026-08-12T13:29:33.761206,reviews.csv
4769,332,5,5,A masterpiece. Every chapter left me wanting more.,2024-12-26 13:11:34,2026-08-12T13:29:33.761206,reviews.csv
1157,1807,101,4,Pleasant read. Nothing groundbreaking but definitely enjoyable.,2024-01-04 13:09:12,2026-08-12T13:29:33.761206,reviews.csv
3120,1140,39,5,Brilliant narrative. The characters feel genuinely real.,2020-09-11 21:42:40,2026-08-12T13:29:33.761206,reviews.csv
598,2059,1,6,Overrated. I did not enjoy the characters at all.,2022-04-03 19:35:56,2026-08-12T13:29:33.761206,reviews.csv
4038,2245,5,3,Decent read. Not my favourite but not bad either.,2023-06-02 09:29:11,2026-08-12T13:29:33.761206,reviews.csv
563,674,11,4,A very good read overall. Some chapters were slow but worth it.,2023-12-03 20:53:11,2026-08-12T13:29:33.761206,reviews.csv
4899,2218,113,5,A masterpiece. Every chapter left me wanting more.,2020-07-10 17:59:30,2026-08-12T13:29:33.761206,reviews.csv
4859,2735,51,3,"Some interesting parts, but overall felt underwhelming.",2022-03-09 09:05:20,2026-08-12T13:29:33.761206,reviews.csv
3958,1696,4,4,"Good book, though the ending felt a little rushed.",2024-10-19 06:17:24,2026-08-12T13:29:33.761206,reviews.csv
3812,1756,43,3,"Some interesting parts, but overall felt underwhelming.",2024-10-05 15:40:05,2026-08-12T13:29:33.761206,reviews.csv
1842,1359,4,4,Above average. Would recommend to fans of the genre.,2024-07-11 13:36:23,2026-08-12T13:29:33.761206,reviews.csv
1585,2723,3,5,A masterpiece. Every chapter left me wanting more.,2024-12-31 08:29:00,2026-08-12T13:29:33.761206,reviews.csv
656,1819,2,4,Well-written and engaging. A few plot holes but forgivable.,2023-11-15 13:39:50,2026-08-12T13:29:33.761206,reviews.csv
1039,1411,1,4,"Good book, though the ending felt a little rushed.",2021-11-22 23:24:24,2026-08-12T13:29:33.761206,reviews.csv
2280,121,1,3,Neither great nor terrible. Passes the time.,2024-12-18 18:43:19,2026-08-12T13:29:33.761206,reviews.csv
4128,1361,2,5,,2024-09-07 18:31:52,2026-08-12T13:29:33.761206,reviews.csv
3754,2272,2,5,This book changed the way I think. A must-read for everyone.,2023-10-15 19:05:09,2026-08-12T13:29:33.761206,reviews.csv
1759,1829,13,2,Overrated. I did not enjoy the characters at all.,2024-01-01 14:21:29,2026-08-12T13:29:33.761206,reviews.csv
4274,1932,42,2,Overrated. I did not enjoy the characters at all.,2020-12-06 21:42:29,2026-08-12T13:29:33.761206,reviews.csv
2967,1203,1,4,,2023-12-29 14:26:01,2026-08-12T13:29:33.761206,reviews.csv
2566,1338,4,3,"Some interesting parts, but overall felt underwhelming.",2023-12-12 17:42:02,2026-08-12T13:29:33.761206,reviews.csv
3870,2036,22,3,"Some interesting parts, but overall felt underwhelming.",2023-11-23 18:07:56,2026-08-12T13:29:33.761206,reviews.csv
3601,1307,7,7,Well-written and engaging. A few plot holes but forgivable.,2024-11-19 08:01:40,2026-08-12T13:29:33.761206,reviews.csv
2332,2257,7,3,"Mixed feelings. Good premise, mediocre execution.",2021-07-19 15:21:52,2026-08-12T13:29:33.761206,reviews.csv
5506,2292,1,4,"Good book, though the ending felt a little rushed.",2024-07-06 20:04:44,2026-08-12T13:29:33.761206,reviews.csv
1199,557,1,5,Brilliant narrative. The characters feel genuinely real.,2023-12-26 15:17:26,2026-08-12T13:29:33.761206,reviews.csv
2019,1027,3,3,"Some interesting parts, but overall felt underwhelming.",2023-10-23 18:01:35,2026-08-12T13:29:33.761206,reviews.csv
1449,971,2,4,A very good read overall. Some chapters were slow but worth it.,2024-11-21 05:19:11,2026-08-12T13:29:33.761206,reviews.csv
2420,717,2,5,One of the best reads I have had in years. Highly recommended.,2021-05-04 17:55:25,2026-08-12T13:29:33.761206,reviews.csv
579,1099,1,4,"Good book, though the ending felt a little rushed.",2023-11-25 12:23:21,2026-08-12T13:29:33.761206,reviews.csv
2961,2018,23,3,Neither great nor terrible. Passes the time.,2024-12-17 12:57:26,2026-08-12T13:29:33.761206,reviews.csv
36,1181,18,2,Struggled to get through it. The story meanders endlessly.,2023-01-25 17:16:00,2026-08-12T13:29:33.761206,reviews.csv
3593,1649,7,3,"Some interesting parts, but overall felt underwhelming.",2023-09-14 19:01:31,2026-08-12T13:29:33.761206,reviews.csv
1794,1530,29,4,Well-written and engaging. A few plot holes but forgivable.,2023-12-28 23:48:59,2026-08-12T13:29:33.761206,reviews.csv
5264,1912,1,4,Well-written and engaging. A few plot holes but forgivable.,2024-11-03 19:54:35,2026-08-12T13:29:33.761206,reviews.csv
5381,475,16,3,"Some interesting parts, but overall felt underwhelming.",2023-03-18 12:31:51,2026-08-12T13:29:33.761206,reviews.csv
4811,155,11,3,Average. Had its moments but failed to really engage me.,2024-12-05 09:06:39,2026-08-12T13:29:33.761206,reviews.csv
4832,2458,5,3,Had potential but did not quite deliver on its promise.,2023-04-11 19:55:20,2026-08-12T13:29:33.761206,reviews.csv
2046,68,31,3,Neither great nor terrible. Passes the time.,2023-08-24 13:54:25,2026-08-12T13:29:33.761206,reviews.csv
3439,948,1,2,Not for me. The writing style felt very dated.,2024-11-28 12:45:31,2026-08-12T13:29:33.761206,reviews.csv
1973,506,9,4,Pleasant read. Nothing groundbreaking but definitely enjoyable.,2024-12-31 08:15:01,2026-08-12T13:29:33.761206,reviews.csv
4232,2789,1,2,Not for me. The writing style felt very dated.,2020-12-27 17:36:06,2026-08-12T13:29:33.761206,reviews.csv
1325,214,16,3,"Mixed feelings. Good premise, mediocre execution.",2023-02-12 05:18:14,2026-08-12T13:29:33.761206,reviews.csv
214,2660,16,4,Pleasant read. Nothing groundbreaking but definitely enjoyable.,2020-06-10 19:49:07,2026-08-12T13:29:33.761206,reviews.csv
2309,472,6,3,"Mixed feelings. Good premise, mediocre execution.",2024-08-31 20:21:45,2026-08-12T13:29:33.761206,reviews.csv
4884,2391,3,3,It was okay. The hype around this book is a bit overstated.,2023-06-25 11:32:22,2026-08-12T13:29:33.761206,reviews.csv
2149,914,2,4,Well-written and engaging. A few plot holes but forgivable.,2023-12-14 13:36:57,2026-08-12T13:29:33.761206,reviews.csv
4181,1667,2,5,This book changed the way I think. A must-read for everyone.,2024-01-26 21:39:04,2026-08-12T13:29:33.761206,reviews.csv
5277,2688,1,3,Decent read. Not my favourite but not bad either.,2024-05-19 09:08:44,2026-08-12T13:29:33.761206,reviews.csv
1088,616,2,5,Beautifully written. The author's style is simply stunning.,2024-12-06 22:16:16,2026-08-12T13:29:33.761206,reviews.csv
4618,1376,6,3,"Mixed feelings. Good premise, mediocre execution.",2022-08-26 21:46:02,2026-08-12T13:29:33.761206,reviews.csv
77,1584,126,5,Brilliant narrative. The characters feel genuinely real.,2022-05-10 19:09:23,2026-08-12T13:29:33.761206,reviews.csv
5313,2412,4,5,Absolutely loved this book — couldn't put it down!,2022-11-05 15:42:11,2026-08-12T13:29:33.761206,reviews.csv
425,1089,22,3,"Some interesting parts, but overall felt underwhelming.",2024-05-09 18:12:54,2026-08-12T13:29:33.761206,reviews.csv
5611,782,1,3,Had potential but did not quite deliver on its promise.,2024-05-05 11:07:56,2026-08-12T13:29:33.761206,reviews.csv
3941,1130,4,3,Had potential but did not quite deliver on its promise.,2023-09-29 21:13:23,2026-08-12T13:29:33.761206,reviews.csv
4522,1069,3,5,One of the best reads I have had in years. Highly recommended.,2024-09-24 19:50:59,2026-08-12T13:29:33.761206,reviews.csv
2466,1837,1,3,"Mixed feelings. Good premise, mediocre execution.",2023-08-22 20:36:51,2026-08-12T13:29:33.761206,reviews.csv
4141,476,5,4,Pleasant read. Nothing groundbreaking but definitely enjoyable.,2023-01-29 18:28:46,2026-08-12T13:29:33.761206,reviews.csv
3307,1650,2,3,Decent read. Not my favourite but not bad either.,2023-01-18 15:37:12,2026-08-12T13:29:33.761206,reviews.csv
842,348,30,4,Well-written and engaging. A few plot holes but forgivable.,2023-12-20 09:56:34,2026-08-12T13:29:33.761206,reviews.csv
2674,1687,3,3,"Some interesting parts, but overall felt underwhelming.",2024-09-10 07:15:25,2026-08-12T13:29:33.761206,reviews.csv
1791,2370,1,5,Beautifully written. The author's style is simply stunning.,2023-08-16 18:15:01,2026-08-12T13:29:33.761206,reviews.csv
877,154,5,4,"Good book, though the ending felt a little rushed.",2024-05-03 08:41:32,2026-08-12T13:29:33.761206,reviews.csv
199,759,3,4,"Good book, though the ending felt a little rushed.",2023-12-20 07:58:17,2026-08-12T13:29:33.761206,reviews.csv
2438,1626,5,3,Neither great nor terrible. Passes the time.,2023-09-30 11:37:35,2026-08-12T13:29:33.761206,reviews.csv
3700,1748,18,4,,2024-08-16 18:33:50,2026-08-12T13:29:33.761206,reviews.csv
4287,1829,3,3,Had potential but did not quite deliver on its promise.,2022-12-15 19:12:34,2026-08-12T13:29:33.761206,reviews.csv
2626,2180,1,4,Mostly great. The middle section drags a bit.,2023-12-26 21:58:44,2026-08-12T13:29:33.761206,reviews.csv
2931,2742,1,4,Mostly great. The middle section drags a bit.,2024-07-07 12:23:54,2026-08-12T13:29:33.761206,reviews.csv
2501,2613,95,4,Mostly great. The middle section drags a bit.,2023-10-18 21:33:54,2026-08-12T13:29:33.761206,reviews.csv
261,2495,4,2,Not for me. The writing style felt very dated.,2024-11-18 12:14:08,2026-08-12T13:29:33.761206,reviews.csv
4865,915,4,4,Well-written and engaging. A few plot holes but forgivable.,2020-05-29 20:29:43,2026-08-12T13:29:33.761206,reviews.csv
2855,2332,2,4,Liked it. The first half is stronger than the second.,2023-06-06 10:08:18,2026-08-12T13:29:33.761206,reviews.csv
889,746,1,4,A very good read overall. Some chapters were slow but worth it.,2023-04-07 07:39:31,2026-08-12T13:29:33.761206,reviews.csv
5104,1472,1,4,Above average. Would recommend to fans of the genre.,2024-10-25 08:53:08,2026-08-12T13:29:33.761206,reviews.csv
1898,772,4,4,Mostly great. The middle section drags a bit.,2022-05-16 19:27:02,2026-08-12T13:29:33.761206,reviews.csv
140,1834,12,5,The writing is exceptional and the story gripped me from page one.,2024-03-15 17:01:32,2026-08-12T13:29:33.761206,reviews.csv
2935,1570,1,5,One of the best reads I have had in years. Highly recommended.,2021-02-20 20:01:11,2026-08-12T13:29:33.761206,reviews.csv
2039,2435,1,4,Enjoyed it quite a bit. Solid writing and interesting ideas.,2023-06-10 21:13:43,2026-08-12T13:29:33.761206,reviews.csv
5153,2334,4,4,Well-written and engaging. A few plot holes but forgivable.,2023-08-28 18:06:23,2026-08-12T13:29:33.761206,reviews.csv
136,143,10,4,"Good book, though the ending felt a little rushed.",2024-12-17 19:09:18,2026-08-12T13:29:33.761206,reviews.csv
3886,2101,22,2,The plot felt disjointed and the pacing was off throughout.,2021-05-14 07:30:23,2026-08-12T13:29:33.761206,reviews.csv
328,201,17,4,Above average. Would recommend to fans of the genre.,2020-03-07 10:07:14,2026-08-12T13:29:33.761206,reviews.csv
3632,2111,3,4,Above average. Would recommend to fans of the genre.,2024-11-07 09:17:07,2026-08-12T13:29:33.761206,reviews.csv
2051,1769,1,4,A very good read overall. Some chapters were slow but worth it.,2024-12-31 17:48:12,2026-08-12T13:29:33.761206,reviews.csv
4288,1365,7,3,Average. Had its moments but failed to really engage me.,2024-11-25 09:30:41,2026-08-12T13:29:33.761206,reviews.csv
602,708,11,3,It was okay. The hype around this book is a bit overstated.,2022-07-20 12:47:52,2026-08-12T13:29:33.761206,reviews.csv
2411,660,51,3,,2024-02-26 19:05:12,2026-08-12T13:29:33.761206,reviews.csv
1233,139,36,4,A very good read overall. Some chapters were slow but worth it.,2024-06-29 22:01:22,2026-08-12T13:29:33.761206,reviews.csv
2919,236,2,4,Well-written and engaging. A few plot holes but forgivable.,2022-03-29 08:22:29,2026-08-12T13:29:33.761206,reviews.csv
4391,1249,1,4,A very good read overall. Some chapters were slow but worth it.,2023-04-03 07:11:25,2026-08-12T13:29:33.761206,reviews.csv
862,1813,1,4,A very good read overall. Some chapters were slow but worth it.,2024-09-12 18:50:57,2026-08-12T13:29:33.761206,reviews.csv
1611,377,2,4,Liked it. The first half is stronger than the second.,2023-10-26 07:29:26,2026-08-12T13:29:33.761206,reviews.csv
5249,565,2,3,Average. Had its moments but failed to really engage me.,2024-02-12 20:01:33,2026-08-12T13:29:33.761206,reviews.csv
3333,2274,5,3,"Some interesting parts, but overall felt underwhelming.",2021-07-22 05:25:39,2026-08-12T13:29:33.761206,reviews.csv
1099,2601,4,5,Brilliant narrative. The characters feel genuinely real.,2022-11-04 18:25:18,2026-08-12T13:29:33.761206,reviews.csv
3116,279,3,4,Enjoyed it quite a bit. Solid writing and interesting ideas.,2020-02-27 16:36:30,2026-08-12T13:29:33.761206,reviews.csv
258,190,6,2,Would not recommend. Too slow and the payoff was not worth it.,2024-12-31 19:33:04,2026-08-12T13:29:33.761206,reviews.csv
517,2200,28,4,Above average. Would recommend to fans of the genre.,2021-03-25 11:19:23,2026-08-12T13:29:33.761206,reviews.csv
3353,2127,19,3,"Mixed feelings. Good premise, mediocre execution.",2022-05-14 08:08:06,2026-08-12T13:29:33.761206,reviews.csv
121,479,1,5,I finished this in two sittings. Absolutely riveting.,2023-03-11 19:36:06,2026-08-12T13:29:33.761206,reviews.csv
1853,1860,1,3,"Mixed feelings. Good premise, mediocre execution.",2024-04-07 07:33:46,2026-08-12T13:29:33.761206,reviews.csv
1114,474,1,3,Decent read. Not my favourite but not bad either.,2024-01-19 08:53:49,2026-08-12T13:29:33.761206,reviews.csv
623,2066,1,4,,2022-12-10 19:55:02,2026-08-12T13:29:33.761206,reviews.csv
5100,2430,43,4,Above average. Would recommend to fans of the genre.,2024-01-30 11:20:33,2026-08-12T13:29:33.761206,reviews.csv
3146,1550,7,5,One of the best reads I have had in years. Highly recommended.,2023-09-18 14:47:17,2026-08-12T13:29:33.761206,reviews.csv
4995,2236,4,4,Pleasant read. Nothing groundbreaking but definitely enjoyable.,2024-09-21 13:17:03,2026-08-12T13:29:33.761206,reviews.csv
2889,513,1,3,Neither great nor terrible. Passes the time.,2022-09-28 16:02:55,2026-08-12T13:29:33.761206,reviews.csv
1249,1711,97,3,Had potential but did not quite deliver on its promise.,2024-01-23 22:48:50,2026-08-12T13:29:33.761206,reviews.csv
3752,1217,1,4,Well-written and engaging. A few plot holes but forgivable.,2024-06-28 10:34:33,2026-08-12T13:29:33.761206,reviews.csv
4222,1701,22,3,"Some interesting parts, but overall felt underwhelming.",2024-05-07 08:39:46,2026-08-12T13:29:33.761206,reviews.csv
143,2009,5,5,Exceeded all my expectations. Truly extraordinary.,2024-07-07 16:21:08,2026-08-12T13:29:33.761206,reviews.csv
1822,1037,23,4,Mostly great. The middle section drags a bit.,2022-12-18 10:57:49,2026-08-12T13:29:33.761206,reviews.csv
1814,2786,3,3,"Some interesting parts, but overall felt underwhelming.",2022-11-06 12:15:47,2026-08-12T13:29:33.761206,reviews.csv
423,387,1,3,"Some interesting parts, but overall felt underwhelming.",2023-02-11 23:08:27,2026-08-12T13:29:33.761206,reviews.csv
1504,2750,3,3,It was okay. The hype around this book is a bit overstated.,2024-09-16 14:41:34,2026-08-12T13:29:33.761206,reviews.csv
2565,1439,3,4,Liked it. The first half is stronger than the second.,2024-12-31 08:40:27,2026-08-12T13:29:33.761206,reviews.csv
1961,733,1,5,,2024-05-05 14:36:11,2026-08-12T13:29:33.761206,reviews.csv
1335,2298,8,3,Had potential but did not quite deliver on its promise.,2022-02-26 07:57:28,2026-08-12T13:29:33.761206,reviews.csv
3270,2719,1,3,It was okay. The hype around this book is a bit overstated.,2022-03-11 09:40:28,2026-08-12T13:29:33.761206,reviews.csv
5602,1250,16,3,"Some interesting parts, but overall felt underwhelming.",2024-02-06 07:08:44,2026-08-12T13:29:33.761206,reviews.csv
3441,219,64,4,Enjoyed it quite a bit. Solid writing and interesting ideas.,2022-05-05 07:34:56,2026-08-12T13:29:33.761206,reviews.csv
4804,676,1,3,Neither great nor terrible. Passes the time.,2024-01-15 12:17:39,2026-08-12T13:29:33.761206,reviews.csv
2348,2521,36,5,Brilliant narrative. The characters feel genuinely real.,2024-12-21 14:39:08,2026-08-12T13:29:33.761206,reviews.csv
3598,1764,3,2,Not for me. The writing style felt very dated.,2023-06-18 12:06:55,2026-08-12T13:29:33.761206,reviews.csv
1026,2594,3,5,Absolutely loved this book — couldn't put it down!,2024-08-03 13:32:34,2026-08-12T13:29:33.761206,reviews.csv
296,254,1,4,Above average. Would recommend to fans of the genre.,2022-11-04 18:05:21,2026-08-12T13:29:33.761206,reviews.csv
3399,2290,1,4,,2021-11-05 19:10:39,2026-08-12T13:29:33.761206,reviews.csv
2386,123,2,5,Absolutely loved this book — couldn't put it down!,2024-07-10 14:12:46,2026-08-12T13:29:33.761206,reviews.csv
4179,1807,7,5,Absolutely loved this book — couldn't put it down!,2024-08-13 08:10:01,2026-08-12T13:29:33.761206,reviews.csv
482,1437,22,3,"Some interesting parts, but overall felt underwhelming.",2023-02-02 17:55:53,2026-08-12T13:29:33.761206,reviews.csv
4408,2527,5,3,,2022-11-29 15:20:54,2026-08-12T13:29:33.761206,reviews.csv
4403,1465,1,4,Pleasant read. Nothing groundbreaking but definitely enjoyable.,2021-04-02 05:11:49,2026-08-12T13:29:33.761206,reviews.csv
4283,2673,8,3,It was okay. The hype around this book is a bit overstated.,2024-09-28 20:22:31,2026-08-12T13:29:33.761206,reviews.csv
2911,2317,15,4,Enjoyed it quite a bit. Solid writing and interesting ideas.,2022-12-16 18:00:39,2026-08-12T13:29:33.761206,reviews.csv
1577,1674,4,4,Above average. Would recommend to fans of the genre.,2022-10-10 17:16:04,2026-08-12T13:29:33.761206,reviews.csv
1269,956,1,4,Above average. Would recommend to fans of the genre.,2020-10-24 12:15:13,2026-08-12T13:29:33.761206,reviews.csv
5373,877,5,4,Enjoyed it quite a bit. Solid writing and interesting ideas.,2024-07-09 15:14:23,2026-08-12T13:29:33.761206,reviews.csv
4059,2029,11,3,Had potential but did not quite deliver on its promise.,2023-12-03 14:37:02,2026-08-12T13:29:33.761206,reviews.csv
3228,1875,2,4,Enjoyed it quite a bit. Solid writing and interesting ideas.,2024-08-05 16:29:25,2026-08-12T13:29:33.761206,reviews.csv
5013,133,6,3,It was okay. The hype around this book is a bit overstated.,2021-01-17 15:51:05,2026-08-12T13:29:33.761206,reviews.csv
2043,1979,4,3,It was okay. The hype around this book is a bit overstated.,2021-08-01 07:46:14,2026-08-12T13:29:33.761206,reviews.csv
3974,310,5,4,Mostly great. The middle section drags a bit.,2023-04-26 09:49:20,2026-08-12T13:29:33.761206,reviews.csv
3444,2720,5,2,Overrated. I did not enjoy the characters at all.,2024-08-03 12:34:48,2026-08-12T13:29:33.761206,reviews.csv
1130,1150,6,3,"Some interesting parts, but overall felt underwhelming.",2024-01-02 19:45:39,2026-08-12T13:29:33.761206,reviews.csv
5062,2103,3,3,Average. Had its moments but failed to really engage me.,2023-12-24 09:11:09,2026-08-12T13:29:33.761206,reviews.csv
3916,1355,63,5,The writing is exceptional and the story gripped me from page one.,2024-03-01 19:05:36,2026-08-12T13:29:33.761206,reviews.csv
2606,1003,2,3,Decent read. Not my favourite but not bad either.,2021-10-06 07:35:15,2026-08-12T13:29:33.761206,reviews.csv
5015,458,1,4,Pleasant read. Nothing groundbreaking but definitely enjoyable.,2023-11-29 08:48:57,2026-08-12T13:29:33.761206,reviews.csv
1656,1303,6,3,Average. Had its moments but failed to really engage me.,2022-11-02 03:40:03,2026-08-12T13:29:33.761206,reviews.csv
111,1816,1,4,Enjoyed it quite a bit. Solid writing and interesting ideas.,2023-11-13 06:58:37,2026-08-12T13:29:33.761206,reviews.csv
5368,2548,6,3,Neither great nor terrible. Passes the time.,2023-10-23 07:56:00,2026-08-12T13:29:33.761206,reviews.csv
2562,80,1,4,Enjoyed it quite a bit. Solid writing and interesting ideas.,2023-08-31 09:53:38,2026-08-12T13:29:33.761206,reviews.csv
3418,1441,1,3,Neither great nor terrible. Passes the time.,2024-12-22 10:47:22,2026-08-12T13:29:33.761206,reviews.csv
4851,2596,1,5,,2020-11-16 06:46:08,2026-08-12T13:29:33.761206,reviews.csv
5480,2082,4,3,Average. Had its moments but failed to really engage me.,2024-12-21 06:51:14,2026-08-12T13:29:33.761206,reviews.csv
2921,209,1,4,Mostly great. The middle section drags a bit.,2022-08-13 22:14:50,2026-08-12T13:29:33.761206,reviews.csv
4712,1283,1,4,Well-written and engaging. A few plot holes but forgivable.,2024-11-29 09:33:36,2026-08-12T13:29:33.761206,reviews.csv
5579,1673,1,5,Absolutely loved this book — couldn't put it down!,2024-07-08 05:16:05,2026-08-12T13:29:33.761206,reviews.csv
2333,1389,1,5,One of the best reads I have had in years. Highly recommended.,2023-12-18 13:27:02,2026-08-12T13:29:33.761206,reviews.csv
5554,250,2,3,Average. Had its moments but failed to really engage me.,2022-01-15 12:19:22,2026-08-12T13:29:33.761206,reviews.csv
2144,1223,2,6,Pleasant read. Nothing groundbreaking but definitely enjoyable.,2021-12-05 20:29:56,2026-08-12T13:29:33.761206,reviews.csv
2594,1390,2,5,I finished this in two sittings. Absolutely riveting.,2020-05-17 13:39:42,2026-08-12T13:29:33.761206,reviews.csv
4237,771,2,3,"Some interesting parts, but overall felt underwhelming.",2022-08-30 18:25:26,2026-08-12T13:29:33.761206,reviews.csv
1985,773,5,0,Pleasant read. Nothing groundbreaking but definitely enjoyable.,2021-10-15 17:49:49,2026-08-12T13:29:33.761206,reviews.csv
3213,616,3,4,Above average. Would recommend to fans of the genre.,2024-01-25 10:21:36,2026-08-12T13:29:33.761206,reviews.csv
2842,2634,21,3,Had potential but did not quite deliver on its promise.,2024-02-25 10:24:03,2026-08-12T13:29:33.761206,reviews.csv
565,1700,1,5,Absolutely loved this book — couldn't put it down!,2021-11-10 19:28:17,2026-08-12T13:29:33.761206,reviews.csv
966,153,5,3,,2023-08-10 22:00:03,2026-08-12T13:29:33.761206,reviews.csv
4941,2774,117,2,Disappointed. Expected much more based on the reviews.,2022-12-08 12:50:18,2026-08-12T13:29:33.761206,reviews.csv
4690,969,5,2,The plot felt disjointed and the pacing was off throughout.,2024-06-22 19:10:17,2026-08-12T13:29:33.761206,reviews.csv
853,29,2,3,It was okay. The hype around this book is a bit overstated.,2022-09-24 10:17:29,2026-08-12T13:29:33.761206,reviews.csv
224,570,3,4,Well-written and engaging. A few plot holes but forgivable.,2020-08-26 23:52:44,2026-08-12T13:29:33.761206,reviews.csv
45,1758,2,3,Average. Had its moments but failed to really engage me.,2024-11-12 08:22:41,2026-08-12T13:29:33.761206,reviews.csv
509,2547,14,3,"Mixed feelings. Good premise, mediocre execution.",2023-12-22 15:24:53,2026-08-12T13:29:33.761206,reviews.csv
2298,663,86,3,"Some interesting parts, but overall felt underwhelming.",2024-03-28 21:15:38,2026-08-12T13:29:33.761206,reviews.csv
3769,202,2,4,Pleasant read. Nothing groundbreaking but definitely enjoyable.,2024-11-06 07:55:19,2026-08-12T13:29:33.761206,reviews.csv
3953,2072,3,4,A very good read overall. Some chapters were slow but worth it.,2020-11-28 19:14:07,2026-08-12T13:29:33.761206,reviews.csv
2800,382,1,4,Well-written and engaging. A few plot holes but forgivable.,2024-09-01 06:57:57,2026-08-12T13:29:33.761206,reviews.csv
5235,1571,2,5,This book changed the way I think. A must-read for everyone.,2024-12-31 11:59:13,2026-08-12T13:29:33.761206,reviews.csv
3372,492,8,4,Enjoyed it quite a bit. Solid writing and interesting ideas.,2024-03-03 06:07:11,2026-08-12T13:29:33.761206,reviews.csv
3028,1207,1,3,"Some interesting parts, but overall felt underwhelming.",2023-03-18 12:02:08,2026-08-12T13:29:33.761206,reviews.csv
2224,2489,17,4,Enjoyed it quite a bit. Solid writing and interesting ideas.,2023-12-31 17:32:21,2026-08-12T13:29:33.761206,reviews.csv
1407,548,3,4,A very good read overall. Some chapters were slow but worth it.,2024-11-20 20:19:40,2026-08-12T13:29:33.761206,reviews.csv
5495,2207,11,4,Pleasant read. Nothing groundbreaking but definitely enjoyable.,2024-09-24 22:16:49,2026-08-12T13:29:33.761206,reviews.csv
4328,132,1,4,Above average. Would recommend to fans of the genre.,2023-07-24 14:41:24,2026-08-12T13:29:33.761206,reviews.csv
2074,2528,3,3,Average. Had its moments but failed to really engage me.,2022-03-01 20:16:06,2026-08-12T13:29:33.761206,reviews.csv
5128,1569,6,2,Overrated. I did not enjoy the characters at all.,2022-06-11 14:04:13,2026-08-12T13:29:33.761206,reviews.csv
2639,2534,6,2,Would not recommend. Too slow and the payoff was not worth it.,2023-10-15 18:28:31,2026-08-12T13:29:33.761206,reviews.csv
366,1459,50,5,One of the best reads I have had in years. Highly recommended.,2024-10-12 04:03:24,2026-08-12T13:29:33.761206,reviews.csv
2605,620,1,3,Neither great nor terrible. Passes the time.,2022-11-21 14:37:22,2026-08-12T13:29:33.761206,reviews.csv
472,283,1,4,Liked it. The first half is stronger than the second.,2024-02-22 06:39:32,2026-08-12T13:29:33.761206,reviews.csv
1360,1928,5,4,"Good book, though the ending felt a little rushed.",2024-07-24 08:15:36,2026-08-12T13:29:33.761206,reviews.csv
4963,2244,2,5,Absolutely loved this book — couldn't put it down!,2024-03-03 14:08:50,2026-08-12T13:29:33.761206,reviews.csv
770,1883,2,5,Perfect blend of story and insight. Will read again.,2021-05-26 13:59:11,2026-08-12T13:29:33.761206,reviews.csv
3947,2739,1,4,A very good read overall. Some chapters were slow but worth it.,2022-05-31 08:30:00,2026-08-12T13:29:33.761206,reviews.csv
158,1550,1,4,Above average. Would recommend to fans of the genre.,2024-10-01 15:36:50,2026-08-12T13:29:33.761206,reviews.csv
1124,1798,1,4,"Good book, though the ending felt a little rushed.",2024-08-31 19:46:00,2026-08-12T13:29:33.761206,reviews.csv
3467,2457,3,3,Neither great nor terrible. Passes the time.,2022-10-25 18:26:02,2026-08-12T13:29:33.761206,reviews.csv
411,954,2,4,Mostly great. The middle section drags a bit.,2024-10-17 18:41:56,2026-08-12T13:29:33.761206,reviews.csv
4405,217,5,5,,2023-05-04 14:27:54,2026-08-12T13:29:33.761206,reviews.csv
5083,502,3,3,,2024-07-24 16:25:47,2026-08-12T13:29:33.761206,reviews.csv
2576,116,8,3,It was okay. The hype around this book is a bit overstated.,2024-10-16 16:22:23,2026-08-12T13:29:33.761206,reviews.csv
1676,987,1,5,One of the best reads I have had in years. Highly recommended.,2023-03-06 21:24:03,2026-08-12T13:29:33.761206,reviews.csv
3937,1463,1,3,Neither great nor terrible. Passes the time.,2023-02-26 00:40:34,2026-08-12T13:29:33.761206,reviews.csv
2709,266,1,3,Neither great nor terrible. Passes the time.,2024-08-02 14:51:15,2026-08-12T13:29:33.761206,reviews.csv
2804,1848,2,4,,2024-11-22 19:53:50,2026-08-12T13:29:33.761206,reviews.csv
1536,2378,1,3,"Mixed feelings. Good premise, mediocre execution.",2024-03-08 22:15:43,2026-08-12T13:29:33.761206,reviews.csv
2680,2111,7,4,Well-written and engaging. A few plot holes but forgivable.,2024-10-18 18:09:31,2026-08-12T13:29:33.761206,reviews.csv
1133,1772,4,4,Enjoyed it quite a bit. Solid writing and interesting ideas.,2021-03-03 23:31:09,2026-08-12T13:29:33.761206,reviews.csv
2753,555,4,4,Above average. Would recommend to fans of the genre.,2024-08-30 18:47:57,2026-08-12T13:29:33.761206,reviews.csv
3257,37,5,2,Would not recommend. Too slow and the payoff was not worth it.,2023-07-03 09:56:28,2026-08-12T13:29:33.761206,reviews.csv
3676,1399,2,5,Perfect blend of story and insight. Will read again.,2023-08-14 13:12:29,2026-08-12T13:29:33.761206,reviews.csv
3336,469,6,4,,2021-06-07 04:41:52,2026-08-12T13:29:33.761206,reviews.csv
2054,2290,2,5,Beautifully written. The author's style is simply stunning.,2021-12-17 22:05:31,2026-08-12T13:29:33.761206,reviews.csv
1696,761,1,4,"Good book, though the ending felt a little rushed.",2021-04-01 19:35:18,2026-08-12T13:29:33.761206,reviews.csv
1067,274,1,4,Well-written and engaging. A few plot holes but forgivable.,2024-09-17 14:39:10,2026-08-12T13:29:33.761206,reviews.csv
3997,1492,52,2,Overrated. I did not enjoy the characters at all.,2022-12-11 10:08:30,2026-08-12T13:29:33.761206,reviews.csv
1306,2574,2,4,Above average. Would recommend to fans of the genre.,2023-03-05 11:37:33,2026-08-12T13:29:33.761206,reviews.csv
1995,2378,4,3,Neither great nor terrible. Passes the time.,2023-03-17 22:38:39,2026-08-12T13:29:33.761206,reviews.csv
5369,528,3,5,,2023-05-30 22:16:47,2026-08-12T13:29:33.761206,reviews.csv
1295,978,9,3,"Some interesting parts, but overall felt underwhelming.",2024-10-14 20:08:08,2026-08-12T13:29:33.761206,reviews.csv
1587,63,1,5,A masterpiece. Every chapter left me wanting more.,2023-10-26 17:25:26,2026-08-12T13:29:33.761206,reviews.csv
5154,2440,1,4,Above average. Would recommend to fans of the genre.,2022-07-28 07:18:35,2026-08-12T13:29:33.761206,reviews.csv
4213,142,1,5,I finished this in two sittings. Absolutely riveting.,2023-06-15 19:27:41,2026-08-12T13:29:33.761206,reviews.csv
2153,340,1,4,Mostly great. The middle section drags a bit.,2024-02-03 10:55:26,2026-08-12T13:29:33.761206,reviews.csv
2561,545,1,4,"Good book, though the ending felt a little rushed.",2022-11-09 08:51:24,2026-08-12T13:29:33.761206,reviews.csv
2980,1548,2,3,Average. Had its moments but failed to really engage me.,2024-08-13 20:38:41,2026-08-12T13:29:33.761206,reviews.csv
200,1721,2,3,Neither great nor terrible. Passes the time.,2024-01-03 15:23:37,2026-08-12T13:29:33.761206,reviews.csv
1508,666,2,5,I finished this in two sittings. Absolutely riveting.,2024-05-23 14:38:14,2026-08-12T13:29:33.761206,reviews.csv
4955,162,3,5,Beautifully written. The author's style is simply stunning.,2022-04-18 11:43:39,2026-08-12T13:29:33.761206,reviews.csv
1509,2476,1,4,A very good read overall. Some chapters were slow but worth it.,2024-10-20 07:58:03,2026-08-12T13:29:33.761206,reviews.csv
2728,1895,1,3,Average. Had its moments but failed to really engage me.,2024-10-01 10:16:38,2026-08-12T13:29:33.761206,reviews.csv
897,1926,11,3,Neither great nor terrible. Passes the time.,2021-12-02 21:15:39,2026-08-12T13:29:33.761206,reviews.csv
505,2454,1,3,Decent read. Not my favourite but not bad either.,2024-05-01 16:19:08,2026-08-12T13:29:33.761206,reviews.csv
152,2350,38,4,Enjoyed it quite a bit. Solid writing and interesting ideas.,2024-05-12 03:43:37,2026-08-12T13:29:33.761206,reviews.csv
2099,2590,2,3,Had potential but did not quite deliver on its promise.,2021-09-07 11:49:46,2026-08-12T13:29:33.761206,reviews.csv
43,2265,1,5,Beautifully written. The author's style is simply stunning.,2024-09-21 08:48:31,2026-08-12T13:29:33.761206,reviews.csv
272,2319,32,2,Overrated. I did not enjoy the characters at all.,2023-12-30 18:58:56,2026-08-12T13:29:33.761206,reviews.csv
1659,700,39,3,Decent read. Not my favourite but not bad either.,2022-12-22 20:24:34,2026-08-12T13:29:33.761206,reviews.csv
1310,1773,66,3,"Some interesting parts, but overall felt underwhelming.",2023-05-09 14:55:47,2026-08-12T13:29:33.761206,reviews.csv
4002,2641,9,3,"Mixed feelings. Good premise, mediocre execution.",2024-02-03 21:31:27,2026-08-12T13:29:33.761206,reviews.csv
2759,27,1,5,Brilliant narrative. The characters feel genuinely real.,2024-10-17 05:02:24,2026-08-12T13:29:33.761206,reviews.csv
4603,2595,3,3,It was okay. The hype around this book is a bit overstated.,2022-01-04 03:47:42,2026-08-12T13:29:33.761206,reviews.csv
5218,649,3,3,Average. Had its moments but failed to really engage me.,2024-06-06 21:25:38,2026-08-12T13:29:33.761206,reviews.csv
4968,101,34,4,Well-written and engaging. A few plot holes but forgivable.,2024-03-15 19:25:21,2026-08-12T13:29:33.761206,reviews.csv
305,2487,102,3,Decent read. Not my favourite but not bad either.,2022-08-15 22:08:39,2026-08-12T13:29:33.761206,reviews.csv
1630,475,1,5,Brilliant narrative. The characters feel genuinely real.,2024-08-12 10:02:36,2026-08-12T13:29:33.761206,reviews.csv
5408,1842,13,5,A masterpiece. Every chapter left me wanting more.,2024-12-31 19:14:53,2026-08-12T13:29:33.761206,reviews.csv
5033,170,1,5,Brilliant narrative. The characters feel genuinely real.,2024-08-30 18:27:53,2026-08-12T13:29:33.761206,reviews.csv
74,1186,2,5,Brilliant narrative. The characters feel genuinely real.,2021-05-04 19:26:44,2026-08-12T13:29:33.761206,reviews.csv
2474,2374,1,4,Well-written and engaging. A few plot holes but forgivable.,2024-12-28 12:45:46,2026-08-12T13:29:33.761206,reviews.csv
4207,524,2,4,Mostly great. The middle section drags a bit.,2022-10-03 20:20:01,2026-08-12T13:29:33.761206,reviews.csv
2532,2065,44,4,Mostly great. The middle section drags a bit.,2024-10-23 14:58:37,2026-08-12T13:29:33.761206,reviews.csv
3714,2357,1,3,Neither great nor terrible. Passes the time.,2023-10-07 07:25:03,2026-08-12T13:29:33.761206,reviews.csv
2702,647,96,3,It was okay. The hype around this book is a bit overstated.,2023-12-09 18:26:54,2026-08-12T13:29:33.761206,reviews.csv
252,1041,1,3,Had potential but did not quite deliver on its promise.,2024-06-28 20:22:24,2026-08-12T13:29:33.761206,reviews.csv
3048,2410,1,4,Mostly great. The middle section drags a bit.,2024-09-30 08:39:10,2026-08-12T13:29:33.761206,reviews.csv
5293,822,31,3,Neither great nor terrible. Passes the time.,2024-10-08 20:31:03,2026-08-12T13:29:33.761206,reviews.csv
4571,7,5,3,"Some interesting parts, but overall felt underwhelming.",2024-04-22 14:02:40,2026-08-12T13:29:33.761206,reviews.csv
4943,458,6,3,Average. Had its moments but failed to really engage me.,2023-06-06 21:51:25,2026-08-12T13:29:33.761206,reviews.csv
4713,2253,1,2,,2021-11-03 08:43:00,2026-08-12T13:29:33.761206,reviews.csv
5577,1882,2,4,"Good book, though the ending felt a little rushed.",2024-11-25 07:15:08,2026-08-12T13:29:33.761206,reviews.csv
5481,170,2,4,Above average. Would recommend to fans of the genre.,2022-02-12 07:51:31,2026-08-12T13:29:33.761206,reviews.csv
3147,1180,1,0,A very good read overall. Some chapters were slow but worth it.,2024-02-24 16:27:46,2026-08-12T13:29:33.761206,reviews.csv
5606,1504,1,3,"Some interesting parts, but overall felt underwhelming.",2023-12-20 07:28:36,2026-08-12T13:29:33.761206,reviews.csv
4960,1701,3,3,Average. Had its moments but failed to really engage me.,2024-06-29 12:37:22,2026-08-12T13:29:33.761206,reviews.csv
848,1720,1,3,"Some interesting parts, but overall felt underwhelming.",2023-09-11 19:31:24,2026-08-12T13:29:33.761206,reviews.csv
3469,604,2,4,Liked it. The first half is stronger than the second.,2023-06-12 09:47:16,2026-08-12T13:29:33.761206,reviews.csv
3020,642,3,1,Do not waste your money on this.,2024-09-28 21:07:18,2026-08-12T13:29:33.761206,reviews.csv
381,1502,4,4,Pleasant read. Nothing groundbreaking but definitely enjoyable.,2024-06-07 18:22:29,2026-08-12T13:29:33.761206,reviews.csv
821,2783,1,4,Well-written and engaging. A few plot holes but forgivable.,2024-12-29 09:17:24,2026-08-12T13:29:33.761206,reviews.csv
957,1870,7,4,Mostly great. The middle section drags a bit.,2020-03-11 08:58:48,2026-08-12T13:29:33.761206,reviews.csv
3458,2564,2,3,Average. Had its moments but failed to really engage me.,2024-12-31 13:14:24,2026-08-12T13:29:33.761206,reviews.csv
1991,28,1,4,A very good read overall. Some chapters were slow but worth it.,2022-10-22 16:21:11,2026-08-12T13:29:33.761206,reviews.csv
2818,134,3,3,It was okay. The hype around this book is a bit overstated.,2021-06-22 18:52:15,2026-08-12T13:29:33.761206,reviews.csv
2238,823,4,3,Decent read. Not my favourite but not bad either.,2024-03-15 19:35:43,2026-08-12T13:29:33.761206,reviews.csv
61,2467,2,4,"Good book, though the ending felt a little rushed.",2024-04-25 06:32:29,2026-08-12T13:29:33.761206,reviews.csv
55,434,3,4,Above average. Would recommend to fans of the genre.,2021-07-08 20:25:20,2026-08-12T13:29:33.761206,reviews.csv
2095,2062,38,5,This book changed the way I think. A must-read for everyone.,2024-04-09 07:08:25,2026-08-12T13:29:33.761206,reviews.csv
4734,2493,6,2,Disappointed. Expected much more based on the reviews.,2024-07-28 19:43:32,2026-08-12T13:29:33.761206,reviews.csv
887,1856,1,4,A very good read overall. Some chapters were slow but worth it.,2024-04-29 12:33:44,2026-08-12T13:29:33.761206,reviews.csv
461,1284,2,5,Beautifully written. The author's style is simply stunning.,2023-07-15 10:40:16,2026-08-12T13:29:33.761206,reviews.csv
2373,1370,4,4,Above average. Would recommend to fans of the genre.,2024-12-31 03:33:19,2026-08-12T13:29:33.761206,reviews.csv
4478,115,3,3,Had potential but did not quite deliver on its promise.,2024-05-25 20:54:11,2026-08-12T13:29:33.761206,reviews.csv
3220,1039,106,5,The writing is exceptional and the story gripped me from page one.,2024-09-02 17:17:19,2026-08-12T13:29:33.761206,reviews.csv
2049,2666,22,7,It was okay. The hype around this book is a bit overstated.,2023-11-07 21:04:10,2026-08-12T13:29:33.761206,reviews.csv
4680,588,2,4,"Good book, though the ending felt a little rushed.",2023-08-27 08:27:17,2026-08-12T13:29:33.761206,reviews.csv
4389,349,6,4,A very good read overall. Some chapters were slow but worth it.,2023-06-26 19:42:16,2026-08-12T13:29:33.761206,reviews.csv
3669,206,7,5,One of the best reads I have had in years. Highly recommended.,2024-10-15 11:28:28,2026-08-12T13:29:33.761206,reviews.csv
2005,1979,8,3,It was okay. The hype around this book is a bit overstated.,2021-08-30 18:42:56,2026-08-12T13:29:33.761206,reviews.csv
938,663,1,4,"Good book, though the ending felt a little rushed.",2023-10-02 14:30:24,2026-08-12T13:29:33.761206,reviews.csv
5541,1716,1,5,Exceeded all my expectations. Truly extraordinary.,2024-04-13 19:05:41,2026-08-12T13:29:33.761206,reviews.csv
5550,203,13,2,Would not recommend. Too slow and the payoff was not worth it.,2021-12-29 22:06:47,2026-08-12T13:29:33.761206,reviews.csv
1547,167,1,4,Pleasant read. Nothing groundbreaking but definitely enjoyable.,2024-08-26 20:29:34,2026-08-12T13:29:33.761206,reviews.csv
2217,2567,5,3,"Some interesting parts, but overall felt underwhelming.",2024-11-20 17:58:51,2026-08-12T13:29:33.761206,reviews.csv
396,2090,2,4,Enjoyed it quite a bit. Solid writing and interesting ideas.,2024-10-25 17:06:48,2026-08-12T13:29:33.761206,reviews.csv
1736,1226,3,4,"Good book, though the ending felt a little rushed.",2024-02-25 07:53:15,2026-08-12T13:29:33.761206,reviews.csv
1019,2380,1,5,Perfect blend of story and insight. Will read again.,2023-04-19 06:49:54,2026-08-12T13:29:33.761206,reviews.csv
581,1842,12,4,A very good read overall. Some chapters were slow but worth it.,2024-10-17 12:43:26,2026-08-12T13:29:33.761206,reviews.csv
811,1707,1,3,Had potential but did not quite deliver on its promise.,2024-12-31 08:07:43,2026-08-12T13:29:33.761206,reviews.csv
2846,762,1,3,Had potential but did not quite deliver on its promise.,2023-12-21 11:48:44,2026-08-12T13:29:33.761206,reviews.csv
2917,150,2,3,Had potential but did not quite deliver on its promise.,2024-08-03 10:12:21,2026-08-12T13:29:33.761206,reviews.csv
2875,2038,4,3,Had potential but did not quite deliver on its promise.,2021-04-27 13:18:35,2026-08-12T13:29:33.761206,reviews.csv
3014,755,2,4,Liked it. The first half is stronger than the second.,2022-04-19 22:19:28,2026-08-12T13:29:33.761206,reviews.csv
2510,2124,3,4,"Good book, though the ending felt a little rushed.",2024-12-16 20:46:17,2026-08-12T13:29:33.761206,reviews.csv
600,2280,10,4,Enjoyed it quite a bit. Solid writing and interesting ideas.,2023-11-27 14:03:42,2026-08-12T13:29:33.761206,reviews.csv
4959,693,16,5,Beautifully written. The author's style is simply stunning.,2024-04-28 09:02:00,2026-08-12T13:29:33.761206,reviews.csv
5105,2597,1,4,Mostly great. The middle section drags a bit.,2023-11-05 18:02:30,2026-08-12T13:29:33.761206,reviews.csv
3262,500,5,0,Decent read. Not my favourite but not bad either.,2022-12-16 21:49:47,2026-08-12T13:29:33.761206,reviews.csv
2926,384,3,2,Disappointed. Expected much more based on the reviews.,2023-09-09 07:00:28,2026-08-12T13:29:33.761206,reviews.csv
5259,2681,3,4,"Good book, though the ending felt a little rushed.",2024-08-27 14:28:47,2026-08-12T13:29:33.761206,reviews.csv
4030,1115,12,4,Liked it. The first half is stronger than the second.,2022-09-11 18:02:48,2026-08-12T13:29:33.761206,reviews.csv
156,178,1,4,Pleasant read. Nothing groundbreaking but definitely enjoyable.,2024-07-17 05:40:27,2026-08-12T13:29:33.761206,reviews.csv
4358,2547,4,3,Neither great nor terrible. Passes the time.,2021-05-06 15:15:40,2026-08-12T13:29:33.761206,reviews.csv
4568,1927,1,4,A very good read overall. Some chapters were slow but worth it.,2023-06-11 08:36:38,2026-08-12T13:29:33.761206,reviews.csv
330,685,3,3,It was okay. The hype around this book is a bit overstated.,2024-05-10 20:07:09,2026-08-12T13:29:33.761206,reviews.csv
1398,2734,1,3,It was okay. The hype around this book is a bit overstated.,2021-09-19 21:12:47,2026-08-12T13:29:33.761206,reviews.csv
931,44,7,5,The writing is exceptional and the story gripped me from page one.,2023-07-04 13:12:09,2026-08-12T13:29:33.761206,reviews.csv
4808,1749,6,2,,2024-01-07 13:36:28,2026-08-12T13:29:33.761206,reviews.csv
2585,1206,3,4,,2023-05-01 08:06:34,2026-08-12T13:29:33.761206,reviews.csv
1904,2602,1,5,This book changed the way I think. A must-read for everyone.,2024-09-03 21:35:43,2026-08-12T13:29:33.761206,reviews.csv
5148,502,8,3,Had potential but did not quite deliver on its promise.,2023-09-01 08:57:15,2026-08-12T13:29:33.761206,reviews.csv
2248,1290,6,5,This book changed the way I think. A must-read for everyone.,2022-07-11 18:42:00,2026-08-12T13:29:33.761206,reviews.csv
4153,676,92,5,Beautifully written. The author's style is simply stunning.,2024-03-15 17:11:31,2026-08-12T13:29:33.761206,reviews.csv
2133,360,2,3,Neither great nor terrible. Passes the time.,2024-08-30 09:15:43,2026-08-12T13:29:33.761206,reviews.csv
3157,892,5,3,"Some interesting parts, but overall felt underwhelming.",2024-12-15 17:38:33,2026-08-12T13:29:33.761206,reviews.csv
651,1972,6,3,Average. Had its moments but failed to really engage me.,2023-07-31 15:15:06,2026-08-12T13:29:33.761206,reviews.csv
1975,367,12,3,Average. Had its moments but failed to really engage me.,2024-04-05 20:12:22,2026-08-12T13:29:33.761206,reviews.csv
468,2436,32,1,Terrible. Wasted my money and my time.,2024-07-02 19:15:13,2026-08-12T13:29:33.761206,reviews.csv
3303,284,3,4,Pleasant read. Nothing groundbreaking but definitely enjoyable.,2023-07-11 23:02:22,2026-08-12T13:29:33.761206,reviews.csv
2472,2797,1,5,Brilliant narrative. The characters feel genuinely real.,2020-12-16 14:23:02,2026-08-12T13:29:33.761206,reviews.csv
1337,2390,6,2,Disappointed. Expected much more based on the reviews.,2021-07-30 19:58:05,2026-08-12T13:29:33.761206,reviews.csv
4006,1338,2,3,Neither great nor terrible. Passes the time.,2024-05-13 08:58:25,2026-08-12T13:29:33.761206,reviews.csv
2589,1802,1,3,Average. Had its moments but failed to really engage me.,2024-04-15 07:47:13,2026-08-12T13:29:33.761206,reviews.csv
154,2547,18,3,Average. Had its moments but failed to really engage me.,2023-02-06 15:33:35,2026-08-12T13:29:33.761206,reviews.csv
3279,1562,1,3,It was okay. The hype around this book is a bit overstated.,2021-02-26 10:02:20,2026-08-12T13:29:33.761206,reviews.csv
3380,2389,6,2,Disappointed. Expected much more based on the reviews.,2023-10-29 21:06:12,2026-08-12T13:29:33.761206,reviews.csv
958,83,11,4,Liked it. The first half is stronger than the second.,2022-07-12 17:18:13,2026-08-12T13:29:33.761206,reviews.csv
2450,1021,1,4,Liked it. The first half is stronger than the second.,2024-11-29 18:19:41,2026-08-12T13:29:33.761206,reviews.csv
1158,1122,6,2,Overrated. I did not enjoy the characters at all.,2021-09-12 07:22:42,2026-08-12T13:29:33.761206,reviews.csv
2876,836,1,4,"Good book, though the ending felt a little rushed.",2024-05-16 07:04:53,2026-08-12T13:29:33.761206,reviews.csv
3344,4,2,4,"Good book, though the ending felt a little rushed.",2021-12-09 18:54:29,2026-08-12T13:29:33.761206,reviews.csv
387,298,2,4,Liked it. The first half is stronger than the second.,2024-02-04 13:00:39,2026-08-12T13:29:33.761206,reviews.csv
2984,1193,1,4,Mostly great. The middle section drags a bit.,2024-04-21 21:44:48,2026-08-12T13:29:33.761206,reviews.csv
785,1636,12,4,Above average. Would recommend to fans of the genre.,2024-04-16 21:32:37,2026-08-12T13:29:33.761206,reviews.csv
1248,642,39,3,It was okay. The hype around this book is a bit overstated.,2024-12-24 12:47:38,2026-08-12T13:29:33.761206,reviews.csv
4015,1557,14,5,I finished this in two sittings. Absolutely riveting.,2022-10-01 19:12:09,2026-08-12T13:29:33.761206,reviews.csv
4726,362,6,1,Terrible. Wasted my money and my time.,2023-07-30 11:24:28,2026-08-12T13:29:33.761206,reviews.csv
2522,1250,1,3,It was okay. The hype around this book is a bit overstated.,2024-05-12 20:01:49,2026-08-12T13:29:33.761206,reviews.csv
3507,153,1,3,"Mixed feelings. Good premise, mediocre execution.",2023-06-20 06:55:45,2026-08-12T13:29:33.761206,reviews.csv
1090,165,1,3,"Some interesting parts, but overall felt underwhelming.",2024-07-19 12:05:51,2026-08-12T13:29:33.761206,reviews.csv
2987,2613,1,5,Perfect blend of story and insight. Will read again.,2024-04-19 10:48:46,2026-08-12T13:29:33.761206,reviews.csv
3574,1512,2,4,Liked it. The first half is stronger than the second.,2024-03-11 19:06:46,2026-08-12T13:29:33.761206,reviews.csv
2359,2430,5,4,Above average. Would recommend to fans of the genre.,2024-12-31 17:21:13,2026-08-12T13:29:33.761206,reviews.csv
5458,2580,1,4,Enjoyed it quite a bit. Solid writing and interesting ideas.,2020-04-26 08:28:04,2026-08-12T13:29:33.761206,reviews.csv
2516,476,2,5,I finished this in two sittings. Absolutely riveting.,2023-01-12 18:40:34,2026-08-12T13:29:33.761206,reviews.csv
818,250,1,5,One of the best reads I have had in years. Highly recommended.,2024-01-23 19:04:11,2026-08-12T13:29:33.761206,reviews.csv
165,2075,2,5,A masterpiece. Every chapter left me wanting more.,2020-12-08 00:04:12,2026-08-12T13:29:33.761206,reviews.csv
4659,2432,1,3,"Some interesting parts, but overall felt underwhelming.",2023-09-12 20:18:28,2026-08-12T13:29:33.761206,reviews.csv
1336,337,10,4,"Good book, though the ending felt a little rushed.",2021-11-16 14:03:31,2026-08-12T13:29:33.761206,reviews.csv
5389,2661,1,4,Enjoyed it quite a bit. Solid writing and interesting ideas.,2023-06-12 07:33:59,2026-08-12T13:29:33.761206,reviews.csv
755,1152,4,3,Decent read. Not my favourite but not bad either.,2024-12-12 12:01:29,2026-08-12T13:29:33.761206,reviews.csv
2840,111,1,3,Neither great nor terrible. Passes the time.,2024-06-02 13:14:23,2026-08-12T13:29:33.761206,reviews.csv
447,2607,4,3,Neither great nor terrible. Passes the time.,2024-06-11 17:46:01,2026-08-12T13:29:33.761206,reviews.csv
646,531,2,4,,2024-03-30 09:26:34,2026-08-12T13:29:33.761206,reviews.csv
1936,2192,1,4,"Good book, though the ending felt a little rushed.",2021-07-04 19:13:01,2026-08-12T13:29:33.761206,reviews.csv
162,1140,1,4,Above average. Would recommend to fans of the genre.,2021-10-24 13:25:06,2026-08-12T13:29:33.761206,reviews.csv
4914,1952,2,4,,2024-04-04 10:34:01,2026-08-12T13:29:33.761206,reviews.csv
1523,129,15,4,Pleasant read. Nothing groundbreaking but definitely enjoyable.,2024-01-12 21:17:06,2026-08-12T13:29:33.761206,reviews.csv
2686,1208,5,3,Average. Had its moments but failed to really engage me.,2023-04-03 13:37:21,2026-08-12T13:29:33.761206,reviews.csv
4415,2446,119,4,,2023-12-07 16:37:50,2026-08-12T13:29:33.761206,reviews.csv
2024,1995,3,3,Neither great nor terrible. Passes the time.,2024-06-13 11:15:07,2026-08-12T13:29:33.761206,reviews.csv
2829,811,3,2,Would not recommend. Too slow and the payoff was not worth it.,2024-12-25 10:02:33,2026-08-12T13:29:33.761206,reviews.csv
5204,1206,1,4,Enjoyed it quite a bit. Solid writing and interesting ideas.,2022-02-14 10:16:29,2026-08-12T13:29:33.761206,reviews.csv
1802,82,1,4,A very good read overall. Some chapters were slow but worth it.,2021-01-21 21:24:21,2026-08-12T13:29:33.761206,reviews.csv
2372,1659,7,3,Decent read. Not my favourite but not bad either.,2022-08-15 12:23:30,2026-08-12T13:29:33.761206,reviews.csv
4564,2722,1,4,A very good read overall. Some chapters were slow but worth it.,2024-06-09 23:15:11,2026-08-12T13:29:33.761206,reviews.csv
1735,2175,2,4,Mostly great. The middle section drags a bit.,2021-12-25 15:03:29,2026-08-12T13:29:33.761206,reviews.csv
139,2227,1,3,Had potential but did not quite deliver on its promise.,2023-09-15 09:39:36,2026-08-12T13:29:33.761206,reviews.csv
1848,1022,2,3,"Mixed feelings. Good premise, mediocre execution.",2020-11-03 12:01:59,2026-08-12T13:29:33.761206,reviews.csv
3844,469,4,4,Enjoyed it quite a bit. Solid writing and interesting ideas.,2021-06-02 20:31:21,2026-08-12T13:29:33.761206,reviews.csv
3569,1787,11,4,"Good book, though the ending felt a little rushed.",2024-12-31 14:24:23,2026-08-12T13:29:33.761206,reviews.csv
2100,865,2,4,Above average. Would recommend to fans of the genre.,2023-07-01 19:32:13,2026-08-12T13:29:33.761206,reviews.csv
1938,1173,1,4,Pleasant read. Nothing groundbreaking but definitely enjoyable.,2023-10-28 11:22:59,2026-08-12T13:29:33.761206,reviews.csv
649,579,3,3,It was okay. The hype around this book is a bit overstated.,2023-02-11 20:12:05,2026-08-12T13:29:33.761206,reviews.csv
927,2788,2,3,"Mixed feelings. Good premise, mediocre execution.",2024-11-12 17:23:34,2026-08-12T13:29:33.761206,reviews.csv
2091,415,3,4,Above average. Would recommend to fans of the genre.,2024-02-11 19:49:01,2026-08-12T13:29:33.761206,reviews.csv
2469,1315,10,4,Enjoyed it quite a bit. Solid writing and interesting ideas.,2022-03-16 12:20:34,2026-08-12T13:29:33.761206,reviews.csv
4837,834,5,5,One of the best reads I have had in years. Highly recommended.,2023-08-10 20:43:14,2026-08-12T13:29:33.761206,reviews.csv
4970,816,55,3,Average. Had its moments but failed to really engage me.,2022-12-22 13:09:26,2026-08-12T13:29:33.761206,reviews.csv
225,2696,1,3,,2024-08-24 18:51:56,2026-08-12T13:29:33.761206,reviews.csv
1243,1097,2,3,Average. Had its moments but failed to really engage me.,2022-11-16 10:45:53,2026-08-12T13:29:33.761206,reviews.csv
5337,2240,2,3,It was okay. The hype around this book is a bit overstated.,2024-10-08 17:54:23,2026-08-12T13:29:33.761206,reviews.csv
1078,2660,83,4,Well-written and engaging. A few plot holes but forgivable.,2021-08-12 15:56:22,2026-08-12T13:29:33.761206,reviews.csv
3323,143,11,5,The writing is exceptional and the story gripped me from page one.,2024-11-15 23:44:42,2026-08-12T13:29:33.761206,reviews.csv
686,2662,61,3,Decent read. Not my favourite but not bad either.,2024-08-01 20:02:04,2026-08-12T13:29:33.761206,reviews.csv
106,544,1,3,Had potential but did not quite deliver on its promise.,2024-12-29 18:22:27,2026-08-12T13:29:33.761206,reviews.csv
2180,1226,5,2,Disappointed. Expected much more based on the reviews.,2022-02-26 17:21:24,2026-08-12T13:29:33.761206,reviews.csv
219,1882,1,3,"Mixed feelings. Good premise, mediocre execution.",2024-01-17 22:59:20,2026-08-12T13:29:33.761206,reviews.csv
5331,111,21,4,Liked it. The first half is stronger than the second.,2024-08-26 09:29:02,2026-08-12T13:29:33.761206,reviews.csv
2010,2280,8,4,Pleasant read. Nothing groundbreaking but definitely enjoyable.,2024-09-06 18:26:50,2026-08-12T13:29:33.761206,reviews.csv
3247,2677,4,5,Exceeded all my expectations. Truly extraordinary.,2021-08-06 11:24:00,2026-08-12T13:29:33.761206,reviews.csv
643,480,2,3,Neither great nor terrible. Passes the time.,2023-04-11 05:26:39,2026-08-12T13:29:33.761206,reviews.csv
5119,970,7,4,Above average. Would recommend to fans of the genre.,2024-12-07 12:04:53,2026-08-12T13:29:33.761206,reviews.csv
3355,2217,4,4,Mostly great. The middle section drags a bit.,2021-10-29 20:23:37,2026-08-12T13:29:33.761206,reviews.csv
4259,2234,33,5,Absolutely loved this book — couldn't put it down!,2022-12-24 06:18:40,2026-08-12T13:29:33.761206,reviews.csv
4566,2397,5,4,"Good book, though the ending felt a little rushed.",2024-06-02 17:41:22,2026-08-12T13:29:33.761206,reviews.csv
1763,976,1,5,Brilliant narrative. The characters feel genuinely real.,2022-12-25 17:03:24,2026-08-12T13:29:33.761206,reviews.csv
2839,660,2,3,Had potential but did not quite deliver on its promise.,2024-01-17 11:31:32,2026-08-12T13:29:33.761206,reviews.csv
2425,653,1,3,"Some interesting parts, but overall felt underwhelming.",2024-02-03 14:18:02,2026-08-12T13:29:33.761206,reviews.csv
717,2669,3,4,Well-written and engaging. A few plot holes but forgivable.,2022-04-07 11:36:55,2026-08-12T13:29:33.761206,reviews.csv
4537,59,68,5,One of the best reads I have had in years. Highly recommended.,2024-01-21 08:07:57,2026-08-12T13:29:33.761206,reviews.csv
3658,1441,9,3,"Some interesting parts, but overall felt underwhelming.",2024-10-30 10:18:02,2026-08-12T13:29:33.761206,reviews.csv
3003,873,1,5,Exceeded all my expectations. Truly extraordinary.,2023-01-05 16:11:03,2026-08-12T13:29:33.761206,reviews.csv
1597,573,1,4,A very good read overall. Some chapters were slow but worth it.,2022-03-25 21:25:37,2026-08-12T13:29:33.761206,reviews.csv
4641,2644,1,4,Above average. Would recommend to fans of the genre.,2020-05-29 11:21:00,2026-08-12T13:29:33.761206,reviews.csv
2203,361,2,5,A masterpiece. Every chapter left me wanting more.,2024-12-31 20:56:07,2026-08-12T13:29:33.761206,reviews.csv
2654,1515,1,3,Decent read. Not my favourite but not bad either.,2021-04-24 22:14:05,2026-08-12T13:29:33.761206,reviews.csv
5354,1776,2,4,Above average. Would recommend to fans of the genre.,2023-06-18 19:50:46,2026-08-12T13:29:33.761206,reviews.csv
5254,1910,1,4,Above average. Would recommend to fans of the genre.,2023-12-21 10:42:53,2026-08-12T13:29:33.761206,reviews.csv
2632,1444,1,4,,2024-11-01 10:45:38,2026-08-12T13:29:33.761206,reviews.csv
168,2632,1,4,Mostly great. The middle section drags a bit.,2021-08-25 20:45:17,2026-08-12T13:29:33.761206,reviews.csv
2785,498,1,4,Well-written and engaging. A few plot holes but forgivable.,2023-07-24 18:38:50,2026-08-12T13:29:33.761206,reviews.csv
3258,1340,2,4,Pleasant read. Nothing groundbreaking but definitely enjoyable.,2024-09-11 12:17:00,2026-08-12T13:29:33.761206,reviews.csv
2455,28,2,5,A masterpiece. Every chapter left me wanting more.,2023-10-20 06:03:20,2026-08-12T13:29:33.761206,reviews.csv
3492,2769,1,3,"Some interesting parts, but overall felt underwhelming.",2024-12-31 07:32:03,2026-08-12T13:29:33.761206,reviews.csv
3256,1273,11,4,Enjoyed it quite a bit. Solid writing and interesting ideas.,2022-06-03 19:54:10,2026-08-12T13:29:33.761206,reviews.csv
1755,625,7,5,,2022-05-28 15:47:47,2026-08-12T13:29:33.761206,reviews.csv
4240,2424,1,4,Above average. Would recommend to fans of the genre.,2024-04-27 07:52:47,2026-08-12T13:29:33.761206,reviews.csv
2806,41,1,3,Average. Had its moments but failed to really engage me.,2024-08-18 11:37:38,2026-08-12T13:29:33.761206,reviews.csv
4114,2362,10,4,Pleasant read. Nothing groundbreaking but definitely enjoyable.,2023-06-08 07:12:49,2026-08-12T13:29:33.761206,reviews.csv
1501,1752,1,2,,2024-02-09 20:48:45,2026-08-12T13:29:33.761206,reviews.csv
2721,1373,12,4,Liked it. The first half is stronger than the second.,2024-12-28 13:56:57,2026-08-12T13:29:33.761206,reviews.csv
1546,1301,2,5,,2021-06-10 20:21:14,2026-08-12T13:29:33.761206,reviews.csv
1219,2556,10,3,Average. Had its moments but failed to really engage me.,2024-11-26 21:48:55,2026-08-12T13:29:33.761206,reviews.csv
4695,2224,3,3,"Mixed feelings. Good premise, mediocre execution.",2022-04-13 07:55:23,2026-08-12T13:29:33.761206,reviews.csv
3875,18,3,3,"Some interesting parts, but overall felt underwhelming.",2023-04-19 13:22:41,2026-08-12T13:29:33.761206,reviews.csv
4419,2582,1,5,I finished this in two sittings. Absolutely riveting.,2022-11-10 14:41:15,2026-08-12T13:29:33.761206,reviews.csv
2812,324,2,5,A masterpiece. Every chapter left me wanting more.,2024-08-22 07:16:08,2026-08-12T13:29:33.761206,reviews.csv
3375,2392,21,4,"Good book, though the ending felt a little rushed.",2024-12-05 08:52:31,2026-08-12T13:29:33.761206,reviews.csv
1035,2633,1,3,Average. Had its moments but failed to really engage me.,2024-12-15 19:20:37,2026-08-12T13:29:33.761206,reviews.csv
5371,2315,1,4,Liked it. The first half is stronger than the second.,2021-09-24 19:37:51,2026-08-12T13:29:33.761206,reviews.csv
448,2170,1,3,"Some interesting parts, but overall felt underwhelming.",2024-11-12 16:41:13,2026-08-12T13:29:33.761206,reviews.csv
1342,843,6,2,,2024-12-08 09:45:37,2026-08-12T13:29:33.761206,reviews.csv
1495,1396,2,4,Mostly great. The middle section drags a bit.,2024-03-01 08:17:12,2026-08-12T13:29:33.761206,reviews.csv
5618,1972,6,3,Average. Had its moments but failed to really engage me.,2023-07-31 15:15:06,2026-08-12T13:29:33.761206,reviews.csv
5196,1732,2,3,Had potential but did not quite deliver on its promise.,2023-04-05 08:53:34,2026-08-12T13:29:33.761206,reviews.csv
1453,27,2,3,"Some interesting parts, but overall felt underwhelming.",2024-09-27 13:02:59,2026-08-12T13:29:33.761206,reviews.csv
3143,732,1,3,It was okay. The hype around this book is a bit overstated.,2020-08-05 19:26:45,2026-08-12T13:29:33.761206,reviews.csv
3515,134,1,5,Exceeded all my expectations. Truly extraordinary.,2021-05-22 10:13:51,2026-08-12T13:29:33.761206,reviews.csv
1526,2716,3,5,This book changed the way I think. A must-read for everyone.,2023-08-31 23:57:09,2026-08-12T13:29:33.761206,reviews.csv
5080,2746,93,4,Above average. Would recommend to fans of the genre.,2024-11-13 14:57:55,2026-08-12T13:29:33.761206,reviews.csv
3847,1806,1,4,Mostly great. The middle section drags a bit.,2024-08-04 08:16:15,2026-08-12T13:29:33.761206,reviews.csv
3864,2226,1,5,Absolutely loved this book — couldn't put it down!,2023-02-25 02:23:34,2026-08-12T13:29:33.761206,reviews.csv
1178,719,1,5,The writing is exceptional and the story gripped me from page one.,2023-10-20 18:58:13,2026-08-12T13:29:33.761206,reviews.csv
2487,190,2,4,"Good book, though the ending felt a little rushed.",2023-12-10 14:13:59,2026-08-12T13:29:33.761206,reviews.csv
4609,31,1,4,,2023-03-20 17:20:06,2026-08-12T13:29:33.761206,reviews.csv
2816,1215,8,4,A very good read overall. Some chapters were slow but worth it.,2024-11-21 18:54:48,2026-08-12T13:29:33.761206,reviews.csv
3483,2739,4,3,Decent read. Not my favourite but not bad either.,2022-11-24 16:50:48,2026-08-12T13:29:33.761206,reviews.csv
351,2434,3,3,"Some interesting parts, but overall felt underwhelming.",2024-11-26 20:32:04,2026-08-12T13:29:33.761206,reviews.csv
84,2455,1,4,A very good read overall. Some chapters were slow but worth it.,2023-09-06 14:35:26,2026-08-12T13:29:33.761206,reviews.csv
5335,2411,2,2,Struggled to get through it. The story meanders endlessly.,2022-12-01 21:01:35,2026-08-12T13:29:33.761206,reviews.csv
4750,1366,11,3,Had potential but did not quite deliver on its promise.,2022-03-24 06:02:27,2026-08-12T13:29:33.761206,reviews.csv
2862,1799,1,5,I finished this in two sittings. Absolutely riveting.,2024-06-05 18:47:52,2026-08-12T13:29:33.761206,reviews.csv
3808,2742,2,4,Enjoyed it quite a bit. Solid writing and interesting ideas.,2023-08-30 10:33:12,2026-08-12T13:29:33.761206,reviews.csv
2779,414,9,3,Neither great nor terrible. Passes the time.,2023-10-12 14:10:24,2026-08-12T13:29:33.761206,reviews.csv
1644,1884,4,3,"Some interesting parts, but overall felt underwhelming.",2022-10-25 22:57:41,2026-08-12T13:29:33.761206,reviews.csv
968,2116,1,3,Average. Had its moments but failed to really engage me.,2022-12-16 20:00:05,2026-08-12T13:29:33.761206,reviews.csv
856,1923,6,3,"Mixed feelings. Good premise, mediocre execution.",2023-11-17 10:52:49,2026-08-12T13:29:33.761206,reviews.csv
3512,1027,2,4,Liked it. The first half is stronger than the second.,2022-12-14 20:57:27,2026-08-12T13:29:33.761206,reviews.csv
131,2245,3,3,It was okay. The hype around this book is a bit overstated.,2024-07-24 08:48:19,2026-08-12T13:29:33.761206,reviews.csv
2556,2440,2,4,"Good book, though the ending felt a little rushed.",2024-05-29 17:39:04,2026-08-12T13:29:33.761206,reviews.csv
5608,1391,2,4,Enjoyed it quite a bit. Solid writing and interesting ideas.,2023-09-11 19:02:40,2026-08-12T13:29:33.761206,reviews.csv
5403,602,3,4,A very good read overall. Some chapters were slow but worth it.,2023-07-17 20:29:00,2026-08-12T13:29:33.761206,reviews.csv
4412,1272,10,4,Enjoyed it quite a bit. Solid writing and interesting ideas.,2024-07-24 13:30:24,2026-08-12T13:29:33.761206,reviews.csv
1409,374,38,4,Liked it. The first half is stronger than the second.,2024-04-22 12:21:44,2026-08-12T13:29:33.761206,reviews.csv
918,140,1,5,Beautifully written. The author's style is simply stunning.,2023-05-24 11:35:26,2026-08-12T13:29:33.761206,reviews.csv
1134,77,4,3,"Mixed feelings. Good premise, mediocre execution.",2024-05-05 11:46:37,2026-08-12T13:29:33.761206,reviews.csv
3503,1007,3,3,"Mixed feelings. Good premise, mediocre execution.",2022-11-18 00:25:01,2026-08-12T13:29:33.761206,reviews.csv
3917,478,6,2,Disappointed. Expected much more based on the reviews.,2024-04-01 18:22:54,2026-08-12T13:29:33.761206,reviews.csv
256,2664,1,2,Struggled to get through it. The story meanders endlessly.,2023-10-01 14:12:58,2026-08-12T13:29:33.761206,reviews.csv
2662,2515,1,4,A very good read overall. Some chapters were slow but worth it.,2024-03-10 17:19:07,2026-08-12T13:29:33.761206,reviews.csv
160,1006,3,4,,2024-12-31 20:17:47,2026-08-12T13:29:33.761206,reviews.csv
1844,878,4,2,Disappointed. Expected much more based on the reviews.,2021-07-29 15:09:44,2026-08-12T13:29:33.761206,reviews.csv
4178,1569,74,1,Do not waste your money on this.,2021-12-11 09:24:19,2026-08-12T13:29:33.761206,reviews.csv
2301,2718,3,3,"Some interesting parts, but overall felt underwhelming.",2022-01-22 19:08:09,2026-08-12T13:29:33.761206,reviews.csv
1316,362,2,4,Liked it. The first half is stronger than the second.,2023-04-13 16:24:58,2026-08-12T13:29:33.761206,reviews.csv
3835,265,53,3,"Mixed feelings. Good premise, mediocre execution.",2023-01-03 03:38:16,2026-08-12T13:29:33.761206,reviews.csv
3949,1671,4,4,,2024-10-31 19:17:10,2026-08-12T13:29:33.761206,reviews.csv
1186,2486,1,3,"Some interesting parts, but overall felt underwhelming.",2024-06-06 20:16:09,2026-08-12T13:29:33.761206,reviews.csv
3082,570,5,2,Not for me. The writing style felt very dated.,2020-10-17 10:49:26,2026-08-12T13:29:33.761206,reviews.csv
4337,1313,1,3,It was okay. The hype around this book is a bit overstated.,2023-09-08 08:01:13,2026-08-12T13:29:33.761206,reviews.csv
5006,1642,3,4,,2022-12-12 18:22:46,2026-08-12T13:29:33.761206,reviews.csv
4348,2771,29,4,A very good read overall. Some chapters were slow but worth it.,2024-08-21 07:27:41,2026-08-12T13:29:33.761206,reviews.csv
1854,2425,2,4,Well-written and engaging. A few plot holes but forgivable.,2024-11-13 07:04:54,2026-08-12T13:29:33.761206,reviews.csv
5129,1381,2,4,Enjoyed it quite a bit. Solid writing and interesting ideas.,2023-09-20 14:21:47,2026-08-12T13:29:33.761206,reviews.csv
4999,797,2,3,"Some interesting parts, but overall felt underwhelming.",2022-07-06 10:46:30,2026-08-12T13:29:33.761206,reviews.csv
3567,162,11,3,Average. Had its moments but failed to really engage me.,2024-06-27 20:13:19,2026-08-12T13:29:33.761206,reviews.csv
1011,754,4,3,Neither great nor terrible. Passes the time.,2024-07-22 23:45:02,2026-08-12T13:29:33.761206,reviews.csv
3324,45,1,4,Well-written and engaging. A few plot holes but forgivable.,2024-09-28 18:00:12,2026-08-12T13:29:33.761206,reviews.csv
3956,1693,3,3,Had potential but did not quite deliver on its promise.,2024-07-13 00:35:50,2026-08-12T13:29:33.761206,reviews.csv
1156,1482,3,3,Decent read. Not my favourite but not bad either.,2024-07-24 17:57:06,2026-08-12T13:29:33.761206,reviews.csv
4252,2654,2,5,I finished this in two sittings. Absolutely riveting.,2024-11-27 10:48:16,2026-08-12T13:29:33.761206,reviews.csv
2618,2696,2,4,Above average. Would recommend to fans of the genre.,2024-01-01 12:22:27,2026-08-12T13:29:33.761206,reviews.csv
1145,830,1,4,,2022-10-21 11:58:37,2026-08-12T13:29:33.761206,reviews.csv
1349,2786,33,2,Overrated. I did not enjoy the characters at all.,2022-03-03 14:12:44,2026-08-12T13:29:33.761206,reviews.csv
1102,1149,3,4,Enjoyed it quite a bit. Solid writing and interesting ideas.,2023-09-06 19:55:58,2026-08-12T13:29:33.761206,reviews.csv
558,268,3,4,Mostly great. The middle section drags a bit.,2024-08-04 21:48:46,2026-08-12T13:29:33.761206,reviews.csv
4682,1184,1,4,Mostly great. The middle section drags a bit.,2023-02-14 19:06:05,2026-08-12T13:29:33.761206,reviews.csv
875,2122,1,3,"Mixed feelings. Good premise, mediocre execution.",2024-12-29 10:27:36,2026-08-12T13:29:33.761206,reviews.csv
5217,983,28,5,I finished this in two sittings. Absolutely riveting.,2023-07-24 20:34:40,2026-08-12T13:29:33.761206,reviews.csv
1402,840,16,4,Enjoyed it quite a bit. Solid writing and interesting ideas.,2024-12-08 21:00:17,2026-08-12T13:29:33.761206,reviews.csv
1488,1180,3,3,Had potential but did not quite deliver on its promise.,2024-12-16 17:36:58,2026-08-12T13:29:33.761206,reviews.csv
3109,1484,2,3,,2024-08-15 18:35:29,2026-08-12T13:29:33.761206,reviews.csv
4238,206,1,4,,2022-09-21 11:21:04,2026-08-12T13:29:33.761206,reviews.csv
4632,671,11,5,A masterpiece. Every chapter left me wanting more.,2020-10-07 21:05:13,2026-08-12T13:29:33.761206,reviews.csv
2434,914,4,2,Overrated. I did not enjoy the characters at all.,2024-09-27 21:22:03,2026-08-12T13:29:33.761206,reviews.csv
4231,2379,3,4,A very good read overall. Some chapters were slow but worth it.,2024-12-31 07:55:03,2026-08-12T13:29:33.761206,reviews.csv
3901,2202,1,3,Neither great nor terrible. Passes the time.,2023-02-10 17:39:33,2026-08-12T13:29:33.761206,reviews.csv
4340,747,1,4,A very good read overall. Some chapters were slow but worth it.,2021-10-31 11:38:50,2026-08-12T13:29:33.761206,reviews.csv
4709,1744,7,3,Decent read. Not my favourite but not bad either.,2020-08-17 07:06:50,2026-08-12T13:29:33.761206,reviews.csv
4079,955,3,4,"Good book, though the ending felt a little rushed.",2023-04-05 17:44:49,2026-08-12T13:29:33.761206,reviews.csv
2170,184,1,5,Exceeded all my expectations. Truly extraordinary.,2023-12-13 12:23:28,2026-08-12T13:29:33.761206,reviews.csv
1452,2759,78,1,Gave up halfway. The writing is unbearable.,2023-04-10 19:56:52,2026-08-12T13:29:33.761206,reviews.csv
4950,1032,7,3,Had potential but did not quite deliver on its promise.,2023-07-24 20:57:35,2026-08-12T13:29:33.761206,reviews.csv
1681,2741,5,4,Pleasant read. Nothing groundbreaking but definitely enjoyable.,2023-04-30 14:43:19,2026-08-12T13:29:33.761206,reviews.csv
399,411,2,5,Absolutely loved this book — couldn't put it down!,2024-12-09 20:56:07,2026-08-12T13:29:33.761206,reviews.csv
3684,1483,4,3,Had potential but did not quite deliver on its promise.,2020-03-05 18:06:02,2026-08-12T13:29:33.761206,reviews.csv
3263,1430,1,4,Mostly great. The middle section drags a bit.,2023-06-02 15:36:12,2026-08-12T13:29:33.761206,reviews.csv
1701,700,29,5,One of the best reads I have had in years. Highly recommended.,2021-08-06 08:41:49,2026-08-12T13:29:33.761206,reviews.csv
2514,1537,2,3,"Some interesting parts, but overall felt underwhelming.",2021-07-13 08:27:28,2026-08-12T13:29:33.761206,reviews.csv
1668,10,58,4,Mostly great. The middle section drags a bit.,2024-05-27 09:55:19,2026-08-12T13:29:33.761206,reviews.csv
4840,1658,3,4,Above average. Would recommend to fans of the genre.,2024-04-11 11:55:29,2026-08-12T13:29:33.761206,reviews.csv
4650,2065,2,3,Average. Had its moments but failed to really engage me.,2023-12-13 11:20:35,2026-08-12T13:29:33.761206,reviews.csv
2930,1947,1,4,"Good book, though the ending felt a little rushed.",2023-11-01 00:17:44,2026-08-12T13:29:33.761206,reviews.csv
2673,1349,1,3,Average. Had its moments but failed to really engage me.,2023-05-27 11:54:42,2026-08-12T13:29:33.761206,reviews.csv
775,983,3,3,,2024-08-07 15:42:46,2026-08-12T13:29:33.761206,reviews.csv
3666,840,47,5,Exceeded all my expectations. Truly extraordinary.,2023-12-21 14:32:55,2026-08-12T13:29:33.761206,reviews.csv
4940,2644,4,3,"Mixed feelings. Good premise, mediocre execution.",2020-08-02 20:35:44,2026-08-12T13:29:33.761206,reviews.csv
3710,1017,2,5,I finished this in two sittings. Absolutely riveting.,2024-08-08 07:22:25,2026-08-12T13:29:33.761206,reviews.csv
2591,2725,3,4,Mostly great. The middle section drags a bit.,2020-10-21 08:41:58,2026-08-12T13:29:33.761206,reviews.csv
3265,957,2,4,,2020-12-17 05:33:13,2026-08-12T13:29:33.761206,reviews.csv
3773,869,6,2,Overrated. I did not enjoy the characters at all.,2024-02-06 15:52:44,2026-08-12T13:29:33.761206,reviews.csv
5199,334,2,4,Enjoyed it quite a bit. Solid writing and interesting ideas.,2023-03-28 16:24:01,2026-08-12T13:29:33.761206,reviews.csv
4639,944,2,4,Pleasant read. Nothing groundbreaking but definitely enjoyable.,2022-09-06 16:25:33,2026-08-12T13:29:33.761206,reviews.csv
2221,1901,2,4,Above average. Would recommend to fans of the genre.,2021-06-13 13:25:20,2026-08-12T13:29:33.761206,reviews.csv
2196,941,16,4,Above average. Would recommend to fans of the genre.,2023-10-28 11:56:29,2026-08-12T13:29:33.761206,reviews.csv
4673,790,4,3,Had potential but did not quite deliver on its promise.,2024-12-31 22:58:03,2026-08-12T13:29:33.761206,reviews.csv
3764,2309,111,4,Pleasant read. Nothing groundbreaking but definitely enjoyable.,2023-10-07 11:06:07,2026-08-12T13:29:33.761206,reviews.csv
2628,2166,3,3,It was okay. The hype around this book is a bit overstated.,2024-06-25 14:21:33,2026-08-12T13:29:33.761206,reviews.csv
4012,113,4,3,Decent read. Not my favourite but not bad either.,2023-09-22 07:48:44,2026-08-12T13:29:33.761206,reviews.csv
5561,1338,1,3,Average. Had its moments but failed to really engage me.,2024-05-11 22:33:24,2026-08-12T13:29:33.761206,reviews.csv
4556,1384,1,4,Above average. Would recommend to fans of the genre.,2023-02-12 10:37:28,2026-08-12T13:29:33.761206,reviews.csv
628,808,25,3,Neither great nor terrible. Passes the time.,2024-10-28 11:45:39,2026-08-12T13:29:33.761206,reviews.csv
3939,988,4,3,"Mixed feelings. Good premise, mediocre execution.",2024-08-20 19:53:33,2026-08-12T13:29:33.761206,reviews.csv
1994,1624,20,2,Not for me. The writing style felt very dated.,2022-09-28 11:15:45,2026-08-12T13:29:33.761206,reviews.csv
5209,2536,3,3,Average. Had its moments but failed to really engage me.,2022-01-17 21:17:32,2026-08-12T13:29:33.761206,reviews.csv
3408,335,8,2,Overrated. I did not enjoy the characters at all.,2022-04-29 09:57:36,2026-08-12T13:29:33.761206,reviews.csv
965,450,1,3,Had potential but did not quite deliver on its promise.,2023-03-01 18:39:21,2026-08-12T13:29:33.761206,reviews.csv
4721,2686,12,5,Exceeded all my expectations. Truly extraordinary.,2024-10-24 19:23:40,2026-08-12T13:29:33.761206,reviews.csv
2325,2605,3,2,Not for me. The writing style felt very dated.,2024-07-22 17:27:22,2026-08-12T13:29:33.761206,reviews.csv
5088,1735,3,4,Pleasant read. Nothing groundbreaking but definitely enjoyable.,2024-02-13 08:56:55,2026-08-12T13:29:33.761206,reviews.csv
5141,1489,13,4,,2024-09-15 20:22:37,2026-08-12T13:29:33.761206,reviews.csv
1902,339,3,3,It was okay. The hype around this book is a bit overstated.,2024-11-18 20:13:11,2026-08-12T13:29:33.761206,reviews.csv
1658,730,11,4,Well-written and engaging. A few plot holes but forgivable.,2024-08-31 22:38:19,2026-08-12T13:29:33.761206,reviews.csv
5069,916,8,4,A very good read overall. Some chapters were slow but worth it.,2024-10-16 08:41:37,2026-08-12T13:29:33.761206,reviews.csv
2442,39,1,4,"Good book, though the ending felt a little rushed.",2020-11-08 03:52:37,2026-08-12T13:29:33.761206,reviews.csv
3096,2391,2,5,,2022-02-17 14:24:40,2026-08-12T13:29:33.761206,reviews.csv
4922,2605,1,5,Perfect blend of story and insight. Will read again.,2022-09-12 13:10:17,2026-08-12T13:29:33.761206,reviews.csv
4854,1911,9,4,"Good book, though the ending felt a little rushed.",2023-01-19 18:04:36,2026-08-12T13:29:33.761206,reviews.csv
2389,548,4,4,"Good book, though the ending felt a little rushed.",2023-08-01 11:55:35,2026-08-12T13:29:33.761206,reviews.csv
176,562,1,4,Liked it. The first half is stronger than the second.,2024-12-20 12:16:46,2026-08-12T13:29:33.761206,reviews.csv
1883,2640,2,4,,2024-10-28 00:47:44,2026-08-12T13:29:33.761206,reviews.csv
5444,1223,6,3,Average. Had its moments but failed to really engage me.,2022-11-27 15:46:49,2026-08-12T13:29:33.761206,reviews.csv
1466,1294,1,3,Average. Had its moments but failed to really engage me.,2024-11-17 16:50:20,2026-08-12T13:29:33.761206,reviews.csv
5520,815,1,4,Well-written and engaging. A few plot holes but forgivable.,2022-10-21 11:12:14,2026-08-12T13:29:33.761206,reviews.csv
4428,1744,16,-1,"Mixed feelings. Good premise, mediocre execution.",2022-08-09 15:35:25,2026-08-12T13:29:33.761206,reviews.csv
2376,2672,6,3,Had potential but did not quite deliver on its promise.,2023-01-17 21:10:50,2026-08-12T13:29:33.761206,reviews.csv
4555,557,13,3,"Mixed feelings. Good premise, mediocre execution.",2023-06-05 18:18:39,2026-08-12T13:29:33.761206,reviews.csv
1082,2372,1,3,"Mixed feelings. Good premise, mediocre execution.",2021-12-18 21:39:20,2026-08-12T13:29:33.761206,reviews.csv
5391,224,7,4,"Good book, though the ending felt a little rushed.",2024-11-02 12:51:55,2026-08-12T13:29:33.761206,reviews.csv
990,505,5,4,Pleasant read. Nothing groundbreaking but definitely enjoyable.,2022-04-22 20:23:50,2026-08-12T13:29:33.761206,reviews.csv
2744,2037,1,2,Not for me. The writing style felt very dated.,2023-06-06 21:28:26,2026-08-12T13:29:33.761206,reviews.csv
4309,432,10,4,Enjoyed it quite a bit. Solid writing and interesting ideas.,2024-11-24 17:31:21,2026-08-12T13:29:33.761206,reviews.csv
3017,1894,2,4,A very good read overall. Some chapters were slow but worth it.,2023-07-19 14:04:42,2026-08-12T13:29:33.761206,reviews.csv
2362,2264,1,4,Liked it. The first half is stronger than the second.,2021-05-16 11:07:55,2026-08-12T13:29:33.761206,reviews.csv
625,830,10,5,Brilliant narrative. The characters feel genuinely real.,2022-10-13 19:18:41,2026-08-12T13:29:33.761206,reviews.csv
1447,1357,2,4,Enjoyed it quite a bit. Solid writing and interesting ideas.,2024-09-30 08:28:06,2026-08-12T13:29:33.761206,reviews.csv
4607,23,9,4,Mostly great. The middle section drags a bit.,2023-04-30 07:36:27,2026-08-12T13:29:33.761206,reviews.csv
3656,124,29,4,Above average. Would recommend to fans of the genre.,2024-02-06 08:21:58,2026-08-12T13:29:33.761206,reviews.csv
1081,1064,2,3,Average. Had its moments but failed to really engage me.,2024-06-01 06:40:53,2026-08-12T13:29:33.761206,reviews.csv
5360,284,28,1,,2023-12-08 08:32:27,2026-08-12T13:29:33.761206,reviews.csv
3587,2024,15,4,"Good book, though the ending felt a little rushed.",2024-06-11 08:08:05,2026-08-12T13:29:33.761206,reviews.csv
865,1887,3,4,Well-written and engaging. A few plot holes but forgivable.,2024-09-25 15:54:06,2026-08-12T13:29:33.761206,reviews.csv
2291,710,1,3,,2021-11-07 19:27:35,2026-08-12T13:29:33.761206,reviews.csv
3412,707,8,4,Liked it. The first half is stronger than the second.,2021-09-27 01:20:52,2026-08-12T13:29:33.761206,reviews.csv
3099,1722,84,2,Struggled to get through it. The story meanders endlessly.,2022-11-29 09:50:42,2026-08-12T13:29:33.761206,reviews.csv
1211,2270,1,3,"Mixed feelings. Good premise, mediocre execution.",2024-05-23 19:27:32,2026-08-12T13:29:33.761206,reviews.csv
1839,425,1,3,"Some interesting parts, but overall felt underwhelming.",2023-09-30 09:28:45,2026-08-12T13:29:33.761206,reviews.csv
1025,1428,21,4,Mostly great. The middle section drags a bit.,2022-10-03 18:35:58,2026-08-12T13:29:33.761206,reviews.csv
3856,660,6,2,The plot felt disjointed and the pacing was off throughout.,2023-04-18 21:12:11,2026-08-12T13:29:33.761206,reviews.csv
47,1409,3,3,It was okay. The hype around this book is a bit overstated.,2021-12-11 17:55:23,2026-08-12T13:29:33.761206,reviews.csv
5574,645,1,4,Above average. Would recommend to fans of the genre.,2024-03-26 15:02:45,2026-08-12T13:29:33.761206,reviews.csv
4289,1755,4,3,Had potential but did not quite deliver on its promise.,2022-01-28 18:31:26,2026-08-12T13:29:33.761206,reviews.csv
57,1777,163,3,Decent read. Not my favourite but not bad either.,2020-07-20 18:32:38,2026-08-12T13:29:33.761206,reviews.csv
5194,1944,1,4,Pleasant read. Nothing groundbreaking but definitely enjoyable.,2022-12-08 19:56:46,2026-08-12T13:29:33.761206,reviews.csv
2614,2328,1,4,A very good read overall. Some chapters were slow but worth it.,2023-04-12 12:29:24,2026-08-12T13:29:33.761206,reviews.csv
1948,2735,53,4,Enjoyed it quite a bit. Solid writing and interesting ideas.,2024-01-05 13:46:28,2026-08-12T13:29:33.761206,reviews.csv
2707,2502,1,4,Pleasant read. Nothing groundbreaking but definitely enjoyable.,2024-02-04 14:20:37,2026-08-12T13:29:33.761206,reviews.csv
5429,139,8,2,Disappointed. Expected much more based on the reviews.,2024-07-09 18:49:44,2026-08-12T13:29:33.761206,reviews.csv
5008,2420,1,4,Mostly great. The middle section drags a bit.,2021-09-10 12:55:33,2026-08-12T13:29:33.761206,reviews.csv
4826,212,11,5,A masterpiece. Every chapter left me wanting more.,2024-09-18 07:28:22,2026-08-12T13:29:33.761206,reviews.csv
92,550,2,5,A masterpiece. Every chapter left me wanting more.,2024-12-31 09:56:28,2026-08-12T13:29:33.761206,reviews.csv
2735,350,2,3,Decent read. Not my favourite but not bad either.,2024-12-31 08:18:29,2026-08-12T13:29:33.761206,reviews.csv
1346,182,1,3,"Some interesting parts, but overall felt underwhelming.",2020-09-01 20:35:51,2026-08-12T13:29:33.761206,reviews.csv
960,1080,18,1,Gave up halfway. The writing is unbearable.,2024-12-07 20:07:14,2026-08-12T13:29:33.761206,reviews.csv
739,253,4,2,The plot felt disjointed and the pacing was off throughout.,2024-06-12 15:24:11,2026-08-12T13:29:33.761206,reviews.csv
4187,390,4,3,Average. Had its moments but failed to really engage me.,2023-04-10 18:51:45,2026-08-12T13:29:33.761206,reviews.csv
729,385,1,2,Struggled to get through it. The story meanders endlessly.,2022-10-15 16:10:22,2026-08-12T13:29:33.761206,reviews.csv
421,483,176,3,Average. Had its moments but failed to really engage me.,2024-07-26 15:50:20,2026-08-12T13:29:33.761206,reviews.csv
3511,176,4,0,,2021-09-20 21:02:17,2026-08-12T13:29:33.761206,reviews.csv
3348,144,2,3,,2021-12-17 11:58:23,2026-08-12T13:29:33.761206,reviews.csv
3860,2013,26,5,Exceeded all my expectations. Truly extraordinary.,2024-12-31 21:08:22,2026-08-12T13:29:33.761206,reviews.csv
4033,319,1,4,Above average. Would recommend to fans of the genre.,2024-05-18 22:14:06,2026-08-12T13:29:33.761206,reviews.csv
2475,95,60,3,Neither great nor terrible. Passes the time.,2021-04-21 18:19:16,2026-08-12T13:29:33.761206,reviews.csv
4757,422,1,5,I finished this in two sittings. Absolutely riveting.,2023-07-06 21:12:38,2026-08-12T13:29:33.761206,reviews.csv
3716,778,2,4,"Good book, though the ending felt a little rushed.",2024-11-20 23:54:09,2026-08-12T13:29:33.761206,reviews.csv
2893,842,9,6,Enjoyed it quite a bit. Solid writing and interesting ideas.,2023-06-03 22:37:30,2026-08-12T13:29:33.761206,reviews.csv
1845,1367,1,3,It was okay. The hype around this book is a bit overstated.,2020-02-23 08:58:36,2026-08-12T13:29:33.761206,reviews.csv
4896,1154,114,3,It was okay. The hype around this book is a bit overstated.,2024-06-08 23:37:37,2026-08-12T13:29:33.761206,reviews.csv
2379,2231,1,4,Liked it. The first half is stronger than the second.,2021-05-19 10:03:31,2026-08-12T13:29:33.761206,reviews.csv
4664,225,27,3,Had potential but did not quite deliver on its promise.,2023-10-01 09:54:11,2026-08-12T13:29:33.761206,reviews.csv
1641,2355,1,4,"Good book, though the ending felt a little rushed.",2022-10-25 20:50:31,2026-08-12T13:29:33.761206,reviews.csv
3794,1464,6,2,The plot felt disjointed and the pacing was off throughout.,2024-04-24 17:53:48,2026-08-12T13:29:33.761206,reviews.csv
3938,1408,4,3,Average. Had its moments but failed to really engage me.,2024-06-13 05:11:51,2026-08-12T13:29:33.761206,reviews.csv
4345,531,4,4,Well-written and engaging. A few plot holes but forgivable.,2023-05-27 17:25:39,2026-08-12T13:29:33.761206,reviews.csv
1271,2346,25,4,Pleasant read. Nothing groundbreaking but definitely enjoyable.,2023-08-18 07:25:45,2026-08-12T13:29:33.761206,reviews.csv
1647,1354,1,5,This book changed the way I think. A must-read for everyone.,2022-11-30 21:08:17,2026-08-12T13:29:33.761206,reviews.csv
2904,2477,1,4,"Good book, though the ending felt a little rushed.",2023-04-15 15:45:28,2026-08-12T13:29:33.761206,reviews.csv
2807,2495,1,4,Mostly great. The middle section drags a bit.,2022-12-05 11:02:00,2026-08-12T13:29:33.761206,reviews.csv
4490,239,13,3,"Some interesting parts, but overall felt underwhelming.",2023-10-27 19:13:07,2026-08-12T13:29:33.761206,reviews.csv
661,2541,94,5,I finished this in two sittings. Absolutely riveting.,2023-10-04 13:15:45,2026-08-12T13:29:33.761206,reviews.csv
5099,950,38,2,Struggled to get through it. The story meanders endlessly.,2024-11-09 19:54:52,2026-08-12T13:29:33.761206,reviews.csv
2825,2104,2,4,"Good book, though the ending felt a little rushed.",2023-01-24 21:40:07,2026-08-12T13:29:33.761206,reviews.csv
4424,557,53,3,Average. Had its moments but failed to really engage me.,2024-03-04 18:32:49,2026-08-12T13:29:33.761206,reviews.csv
1386,660,15,4,Pleasant read. Nothing groundbreaking but definitely enjoyable.,2023-11-20 17:53:50,2026-08-12T13:29:33.761206,reviews.csv
2500,1858,4,2,Struggled to get through it. The story meanders endlessly.,2023-03-18 18:28:46,2026-08-12T13:29:33.761206,reviews.csv
3513,640,61,2,Not for me. The writing style felt very dated.,2024-11-09 13:25:18,2026-08-12T13:29:33.761206,reviews.csv
5133,766,190,5,Perfect blend of story and insight. Will read again.,2023-10-22 21:31:19,2026-08-12T13:29:33.761206,reviews.csv
2558,1150,1,4,Well-written and engaging. A few plot holes but forgivable.,2024-03-13 14:02:56,2026-08-12T13:29:33.761206,reviews.csv
5311,2101,2,5,,2024-06-22 19:09:48,2026-08-12T13:29:33.761206,reviews.csv
234,2347,1,5,One of the best reads I have had in years. Highly recommended.,2024-10-08 21:34:10,2026-08-12T13:29:33.761206,reviews.csv
4171,1119,1,5,A masterpiece. Every chapter left me wanting more.,2024-02-11 10:53:40,2026-08-12T13:29:33.761206,reviews.csv
2156,476,16,4,Well-written and engaging. A few plot holes but forgivable.,2023-12-18 06:34:32,2026-08-12T13:29:33.761206,reviews.csv
5378,411,59,5,Beautifully written. The author's style is simply stunning.,2023-02-25 13:34:58,2026-08-12T13:29:33.761206,reviews.csv
5109,1773,14,5,Beautifully written. The author's style is simply stunning.,2022-10-03 09:21:36,2026-08-12T13:29:33.761206,reviews.csv
830,2322,1,4,Enjoyed it quite a bit. Solid writing and interesting ideas.,2022-01-28 21:43:34,2026-08-12T13:29:33.761206,reviews.csv
640,2641,1,3,Had potential but did not quite deliver on its promise.,2024-08-21 19:46:27,2026-08-12T13:29:33.761206,reviews.csv
4219,2470,3,4,Pleasant read. Nothing groundbreaking but definitely enjoyable.,2021-09-02 21:39:32,2026-08-12T13:29:33.761206,reviews.csv
2943,2017,2,4,Above average. Would recommend to fans of the genre.,2024-04-06 22:28:05,2026-08-12T13:29:33.761206,reviews.csv
2212,909,14,7,Mostly great. The middle section drags a bit.,2024-12-10 16:42:21,2026-08-12T13:29:33.761206,reviews.csv
5321,519,29,5,Beautifully written. The author's style is simply stunning.,2024-07-02 11:23:34,2026-08-12T13:29:33.761206,reviews.csv
4320,2228,4,3,Decent read. Not my favourite but not bad either.,2024-09-20 15:13:17,2026-08-12T13:29:33.761206,reviews.csv
5394,84,1,5,The writing is exceptional and the story gripped me from page one.,2023-07-08 19:12:59,2026-08-12T13:29:33.761206,reviews.csv
2479,87,1,2,Not for me. The writing style felt very dated.,2023-10-07 07:13:51,2026-08-12T13:29:33.761206,reviews.csv
3261,367,1,4,Liked it. The first half is stronger than the second.,2024-10-22 18:54:11,2026-08-12T13:29:33.761206,reviews.csv
1624,1632,3,4,,2024-08-21 13:30:02,2026-08-12T13:29:33.761206,reviews.csv
5234,2338,1,3,Had potential but did not quite deliver on its promise.,2024-06-21 12:06:43,2026-08-12T13:29:33.761206,reviews.csv
4464,619,22,3,Average. Had its moments but failed to really engage me.,2022-11-06 09:08:50,2026-08-12T13:29:33.761206,reviews.csv
1224,1269,16,4,,2023-09-12 18:36:03,2026-08-12T13:29:33.761206,reviews.csv
4298,2166,1,5,,2021-12-16 09:18:06,2026-08-12T13:29:33.761206,reviews.csv
4850,1376,5,4,"Good book, though the ending felt a little rushed.",2023-06-30 13:13:39,2026-08-12T13:29:33.761206,reviews.csv
3354,1659,24,5,I finished this in two sittings. Absolutely riveting.,2020-12-30 18:49:32,2026-08-12T13:29:33.761206,reviews.csv
4425,1753,15,4,Enjoyed it quite a bit. Solid writing and interesting ideas.,2020-10-16 23:19:23,2026-08-12T13:29:33.761206,reviews.csv
3866,1679,19,4,Pleasant read. Nothing groundbreaking but definitely enjoyable.,2024-09-08 05:20:27,2026-08-12T13:29:33.761206,reviews.csv
3165,423,2,5,This book changed the way I think. A must-read for everyone.,2022-06-16 06:28:24,2026-08-12T13:29:33.761206,reviews.csv
4495,2541,4,3,Had potential but did not quite deliver on its promise.,2023-01-22 15:15:05,2026-08-12T13:29:33.761206,reviews.csv
1147,2534,1,4,Enjoyed it quite a bit. Solid writing and interesting ideas.,2020-09-18 10:51:23,2026-08-12T13:29:33.761206,reviews.csv
1292,2191,1,4,A very good read overall. Some chapters were slow but worth it.,2024-05-11 20:25:15,2026-08-12T13:29:33.761206,reviews.csv
3212,311,2,5,This book changed the way I think. A must-read for everyone.,2024-08-02 17:34:38,2026-08-12T13:29:33.761206,reviews.csv
1884,2177,8,4,Mostly great. The middle section drags a bit.,2024-06-23 11:43:47,2026-08-12T13:29:33.761206,reviews.csv
5092,1931,38,5,Beautifully written. The author's style is simply stunning.,2024-11-05 06:11:19,2026-08-12T13:29:33.761206,reviews.csv
1107,1564,1,4,,2020-04-03 08:42:11,2026-08-12T13:29:33.761206,reviews.csv
1631,2442,12,4,"Good book, though the ending felt a little rushed.",2023-07-19 10:14:04,2026-08-12T13:29:33.761206,reviews.csv
713,2172,13,3,,2020-12-11 18:40:03,2026-08-12T13:29:33.761206,reviews.csv
3398,2756,3,4,Liked it. The first half is stronger than the second.,2024-11-02 12:41:44,2026-08-12T13:29:33.761206,reviews.csv
981,2105,2,4,Pleasant read. Nothing groundbreaking but definitely enjoyable.,2024-02-12 22:27:57,2026-08-12T13:29:33.761206,reviews.csv
4055,494,1,4,Enjoyed it quite a bit. Solid writing and interesting ideas.,2024-12-31 19:31:00,2026-08-12T13:29:33.761206,reviews.csv
1244,1014,19,4,Above average. Would recommend to fans of the genre.,2023-08-09 12:59:38,2026-08-12T13:29:33.761206,reviews.csv
1476,2208,4,2,Not for me. The writing style felt very dated.,2020-09-13 13:50:22,2026-08-12T13:29:33.761206,reviews.csv
4295,2495,6,4,A very good read overall. Some chapters were slow but worth it.,2022-12-20 06:54:34,2026-08-12T13:29:33.761206,reviews.csv
3832,1572,3,3,,2024-12-31 18:45:18,2026-08-12T13:29:33.761206,reviews.csv
279,2746,1,4,Mostly great. The middle section drags a bit.,2022-08-29 18:20:24,2026-08-12T13:29:33.761206,reviews.csv
825,1765,1,4,Enjoyed it quite a bit. Solid writing and interesting ideas.,2023-11-06 13:23:14,2026-08-12T13:29:33.761206,reviews.csv
3810,718,18,3,"Some interesting parts, but overall felt underwhelming.",2023-04-17 06:06:12,2026-08-12T13:29:33.761206,reviews.csv
3557,1870,1,3,Average. Had its moments but failed to really engage me.,2021-03-02 18:57:26,2026-08-12T13:29:33.761206,reviews.csv
5028,854,1,5,This book changed the way I think. A must-read for everyone.,2022-10-06 17:29:08,2026-08-12T13:29:33.761206,reviews.csv
1087,855,1,3,Average. Had its moments but failed to really engage me.,2020-06-20 08:25:33,2026-08-12T13:29:33.761206,reviews.csv
786,359,15,5,The writing is exceptional and the story gripped me from page one.,2022-09-06 21:31:38,2026-08-12T13:29:33.761206,reviews.csv
1568,102,4,2,Would not recommend. Too slow and the payoff was not worth it.,2024-10-12 23:18:40,2026-08-12T13:29:33.761206,reviews.csv
1695,1545,3,5,One of the best reads I have had in years. Highly recommended.,2024-08-18 19:49:41,2026-08-12T13:29:33.761206,reviews.csv
4126,1471,3,5,I finished this in two sittings. Absolutely riveting.,2024-11-10 20:16:15,2026-08-12T13:29:33.761206,reviews.csv
1366,2339,34,4,Mostly great. The middle section drags a bit.,2023-03-28 13:23:22,2026-08-12T13:29:33.761206,reviews.csv
2813,2334,1,3,Had potential but did not quite deliver on its promise.,2024-01-02 15:00:17,2026-08-12T13:29:33.761206,reviews.csv
257,1764,1,3,,2020-08-12 13:27:21,2026-08-12T13:29:33.761206,reviews.csv
2583,2577,4,3,It was okay. The hype around this book is a bit overstated.,2021-10-14 07:31:54,2026-08-12T13:29:33.761206,reviews.csv
2205,552,1,4,"Good book, though the ending felt a little rushed.",2023-02-20 21:31:21,2026-08-12T13:29:33.761206,reviews.csv
5525,53,4,3,"Mixed feelings. Good premise, mediocre execution.",2024-06-09 21:19:15,2026-08-12T13:29:33.761206,reviews.csv
3194,378,1,4,"Good book, though the ending felt a little rushed.",2020-08-24 19:50:12,2026-08-12T13:29:33.761206,reviews.csv
2079,2194,1,4,Enjoyed it quite a bit. Solid writing and interesting ideas.,2024-10-21 13:42:30,2026-08-12T13:29:33.761206,reviews.csv
2214,2775,3,4,Well-written and engaging. A few plot holes but forgivable.,2021-05-22 12:03:41,2026-08-12T13:29:33.761206,reviews.csv
4582,1572,6,4,Above average. Would recommend to fans of the genre.,2024-12-12 15:31:08,2026-08-12T13:29:33.761206,reviews.csv
3995,1519,3,3,"Some interesting parts, but overall felt underwhelming.",2022-02-12 17:23:34,2026-08-12T13:29:33.761206,reviews.csv
4129,1846,1,5,The writing is exceptional and the story gripped me from page one.,2021-08-24 08:14:08,2026-08-12T13:29:33.761206,reviews.csv
2757,1497,6,3,,2022-12-19 11:05:15,2026-08-12T13:29:33.761206,reviews.csv
1414,2200,3,2,Not for me. The writing style felt very dated.,2023-08-19 07:40:06,2026-08-12T13:29:33.761206,reviews.csv
2349,172,1,3,Average. Had its moments but failed to really engage me.,2024-04-19 13:08:40,2026-08-12T13:29:33.761206,reviews.csv
4675,1646,1,4,"Good book, though the ending felt a little rushed.",2022-04-25 11:54:38,2026-08-12T13:29:33.761206,reviews.csv
3218,1366,2,5,I finished this in two sittings. Absolutely riveting.,2022-04-01 17:00:08,2026-08-12T13:29:33.761206,reviews.csv
4103,681,5,3,"Mixed feelings. Good premise, mediocre execution.",2023-03-07 16:53:09,2026-08-12T13:29:33.761206,reviews.csv
1445,636,13,4,Above average. Would recommend to fans of the genre.,2023-03-23 06:34:15,2026-08-12T13:29:33.761206,reviews.csv
3753,1689,10,3,Had potential but did not quite deliver on its promise.,2022-11-04 04:09:27,2026-08-12T13:29:33.761206,reviews.csv
4175,921,6,3,Average. Had its moments but failed to really engage me.,2024-11-18 20:21:36,2026-08-12T13:29:33.761206,reviews.csv
1642,2024,1,5,Perfect blend of story and insight. Will read again.,2021-10-15 18:16:42,2026-08-12T13:29:33.761206,reviews.csv
3933,1041,6,3,Average. Had its moments but failed to really engage me.,2020-04-14 08:54:30,2026-08-12T13:29:33.761206,reviews.csv
3670,1272,1,4,Pleasant read. Nothing groundbreaking but definitely enjoyable.,2024-10-27 17:11:32,2026-08-12T13:29:33.761206,reviews.csv
1465,2483,1,4,Well-written and engaging. A few plot holes but forgivable.,2024-11-15 17:57:34,2026-08-12T13:29:33.761206,reviews.csv
3945,2380,7,5,The writing is exceptional and the story gripped me from page one.,2022-11-13 06:22:07,2026-08-12T13:29:33.761206,reviews.csv
5555,2254,5,2,Disappointed. Expected much more based on the reviews.,2022-06-27 19:05:41,2026-08-12T13:29:33.761206,reviews.csv
5514,1914,2,4,"Good book, though the ending felt a little rushed.",2023-10-11 20:16:28,2026-08-12T13:29:33.761206,reviews.csv
3402,2164,1,4,,2021-04-30 03:14:25,2026-08-12T13:29:33.761206,reviews.csv
5432,1796,18,4,A very good read overall. Some chapters were slow but worth it.,2021-11-05 11:59:50,2026-08-12T13:29:33.761206,reviews.csv
40,1345,2,4,,2024-12-05 08:58:32,2026-08-12T13:29:33.761206,reviews.csv
917,1978,54,3,Neither great nor terrible. Passes the time.,2024-12-17 13:05:02,2026-08-12T13:29:33.761206,reviews.csv
4932,217,4,4,Liked it. The first half is stronger than the second.,2021-06-19 05:22:42,2026-08-12T13:29:33.761206,reviews.csv
4206,2184,4,4,Above average. Would recommend to fans of the genre.,2024-01-16 09:08:23,2026-08-12T13:29:33.761206,reviews.csv
4917,922,1,3,Neither great nor terrible. Passes the time.,2024-01-12 10:38:14,2026-08-12T13:29:33.761206,reviews.csv
2729,2146,1,3,Neither great nor terrible. Passes the time.,2022-06-04 18:46:45,2026-08-12T13:29:33.761206,reviews.csv
3828,613,7,4,Well-written and engaging. A few plot holes but forgivable.,2021-03-26 16:19:48,2026-08-12T13:29:33.761206,reviews.csv
3840,1748,187,3,Average. Had its moments but failed to really engage me.,2023-05-18 15:55:31,2026-08-12T13:29:33.761206,reviews.csv
5341,1798,3,3,It was okay. The hype around this book is a bit overstated.,2022-08-09 23:48:39,2026-08-12T13:29:33.761206,reviews.csv
314,1202,3,4,Liked it. The first half is stronger than the second.,2022-09-29 21:15:35,2026-08-12T13:29:33.761206,reviews.csv
3378,1383,2,3,Had potential but did not quite deliver on its promise.,2024-06-25 20:17:03,2026-08-12T13:29:33.761206,reviews.csv
1976,963,2,5,One of the best reads I have had in years. Highly recommended.,2024-12-31 07:15:52,2026-08-12T13:29:33.761206,reviews.csv
3924,1879,13,3,"Mixed feelings. Good premise, mediocre execution.",2022-08-28 09:18:34,2026-08-12T13:29:33.761206,reviews.csv
1413,2273,62,2,Disappointed. Expected much more based on the reviews.,2024-10-05 19:09:38,2026-08-12T13:29:33.761206,reviews.csv
5437,850,22,4,Above average. Would recommend to fans of the genre.,2024-08-12 12:56:42,2026-08-12T13:29:33.761206,reviews.csv
107,155,2,4,Pleasant read. Nothing groundbreaking but definitely enjoyable.,2024-10-22 21:43:33,2026-08-12T13:29:33.761206,reviews.csv
2708,2316,5,4,"Good book, though the ending felt a little rushed.",2023-06-18 16:30:21,2026-08-12T13:29:33.761206,reviews.csv
2419,1014,14,4,A very good read overall. Some chapters were slow but worth it.,2024-12-31 09:59:18,2026-08-12T13:29:33.761206,reviews.csv
2630,1477,21,3,It was okay. The hype around this book is a bit overstated.,2024-05-02 08:52:50,2026-08-12T13:29:33.761206,reviews.csv
1189,2394,10,4,A very good read overall. Some chapters were slow but worth it.,2024-07-15 20:50:13,2026-08-12T13:29:33.761206,reviews.csv
3142,1859,1,3,Neither great nor terrible. Passes the time.,2020-09-18 17:25:15,2026-08-12T13:29:33.761206,reviews.csv
4496,957,4,3,Neither great nor terrible. Passes the time.,2024-12-31 07:52:55,2026-08-12T13:29:33.761206,reviews.csv
3824,1557,1,2,Would not recommend. Too slow and the payoff was not worth it.,2023-06-29 19:19:51,2026-08-12T13:29:33.761206,reviews.csv
4269,2608,1,3,"Some interesting parts, but overall felt underwhelming.",2022-08-17 21:52:22,2026-08-12T13:29:33.761206,reviews.csv
4879,1938,1,2,The plot felt disjointed and the pacing was off throughout.,2023-05-25 21:40:36,2026-08-12T13:29:33.761206,reviews.csv
3227,1097,20,5,Brilliant narrative. The characters feel genuinely real.,2023-10-11 17:14:10,2026-08-12T13:29:33.761206,reviews.csv
5318,583,1,2,Would not recommend. Too slow and the payoff was not worth it.,2024-01-25 08:30:22,2026-08-12T13:29:33.761206,reviews.csv
2577,1677,154,4,A very good read overall. Some chapters were slow but worth it.,2024-11-29 12:41:40,2026-08-12T13:29:33.761206,reviews.csv
339,1123,1,2,Would not recommend. Too slow and the payoff was not worth it.,2024-11-02 15:45:38,2026-08-12T13:29:33.761206,reviews.csv
871,2685,1,4,Above average. Would recommend to fans of the genre.,2022-09-24 10:06:27,2026-08-12T13:29:33.761206,reviews.csv
2155,1158,2,4,Liked it. The first half is stronger than the second.,2024-06-22 18:40:00,2026-08-12T13:29:33.761206,reviews.csv
3065,1721,3,3,Had potential but did not quite deliver on its promise.,2023-08-08 14:45:57,2026-08-12T13:29:33.761206,reviews.csv
689,2668,9,3,Average. Had its moments but failed to really engage me.,2023-12-10 06:24:05,2026-08-12T13:29:33.761206,reviews.csv
3371,475,2,4,Well-written and engaging. A few plot holes but forgivable.,2022-05-04 08:21:41,2026-08-12T13:29:33.761206,reviews.csv
3748,1662,1,3,Average. Had its moments but failed to really engage me.,2024-11-03 13:07:19,2026-08-12T13:29:33.761206,reviews.csv
985,2172,3,3,It was okay. The hype around this book is a bit overstated.,2020-07-20 12:46:51,2026-08-12T13:29:33.761206,reviews.csv
270,2643,3,4,Mostly great. The middle section drags a bit.,2023-05-16 06:33:39,2026-08-12T13:29:33.761206,reviews.csv
4226,372,9,3,Decent read. Not my favourite but not bad either.,2024-09-01 20:44:28,2026-08-12T13:29:33.761206,reviews.csv
1796,1078,1,4,Mostly great. The middle section drags a bit.,2023-10-27 16:40:27,2026-08-12T13:29:33.761206,reviews.csv
5600,1772,2,4,Pleasant read. Nothing groundbreaking but definitely enjoyable.,2022-11-16 18:47:50,2026-08-12T13:29:33.761206,reviews.csv
2382,2533,4,3,Average. Had its moments but failed to really engage me.,2024-03-29 18:38:49,2026-08-12T13:29:33.761206,reviews.csv
1267,1300,8,2,The plot felt disjointed and the pacing was off throughout.,2024-08-01 16:59:14,2026-08-12T13:29:33.761206,reviews.csv
4234,1437,5,3,It was okay. The hype around this book is a bit overstated.,2023-11-05 19:45:41,2026-08-12T13:29:33.761206,reviews.csv
5545,2521,2,4,A very good read overall. Some chapters were slow but worth it.,2024-02-14 17:10:21,2026-08-12T13:29:33.761206,reviews.csv
2151,2364,1,4,Pleasant read. Nothing groundbreaking but definitely enjoyable.,2024-09-09 11:37:48,2026-08-12T13:29:33.761206,reviews.csv
2246,646,12,4,Enjoyed it quite a bit. Solid writing and interesting ideas.,2021-10-31 06:30:53,2026-08-12T13:29:33.761206,reviews.csv
4553,1055,2,4,Mostly great. The middle section drags a bit.,2024-12-08 16:09:08,2026-08-12T13:29:33.761206,reviews.csv
5310,2779,4,3,Decent read. Not my favourite but not bad either.,2024-03-20 17:23:58,2026-08-12T13:29:33.761206,reviews.csv
2927,339,4,4,Above average. Would recommend to fans of the genre.,2024-03-15 08:04:49,2026-08-12T13:29:33.761206,reviews.csv
343,1750,2,4,Well-written and engaging. A few plot holes but forgivable.,2022-03-21 20:48:00,2026-08-12T13:29:33.761206,reviews.csv
3620,1920,1,4,Enjoyed it quite a bit. Solid writing and interesting ideas.,2021-07-05 11:02:59,2026-08-12T13:29:33.761206,reviews.csv
2965,1461,14,4,Mostly great. The middle section drags a bit.,2023-12-22 18:23:06,2026-08-12T13:29:33.761206,reviews.csv
1909,2337,140,4,Pleasant read. Nothing groundbreaking but definitely enjoyable.,2023-12-18 08:42:50,2026-08-12T13:29:33.761206,reviews.csv
738,479,12,4,Above average. Would recommend to fans of the genre.,2022-12-25 20:17:57,2026-08-12T13:29:33.761206,reviews.csv
379,2116,6,3,It was okay. The hype around this book is a bit overstated.,2024-07-25 18:11:40,2026-08-12T13:29:33.761206,reviews.csv
5097,2770,13,4,A very good read overall. Some chapters were slow but worth it.,2022-07-10 12:09:15,2026-08-12T13:29:33.761206,reviews.csv
1318,931,21,5,Exceeded all my expectations. Truly extraordinary.,2022-08-11 21:14:08,2026-08-12T13:29:33.761206,reviews.csv
5136,186,1,4,Liked it. The first half is stronger than the second.,2023-08-19 07:47:58,2026-08-12T13:29:33.761206,reviews.csv
1313,2286,1,0,Pleasant read. Nothing groundbreaking but definitely enjoyable.,2024-06-25 17:27:22,2026-08-12T13:29:33.761206,reviews.csv
1154,719,2,2,Not for me. The writing style felt very dated.,2024-02-25 09:06:44,2026-08-12T13:29:33.761206,reviews.csv
1589,1288,1,3,It was okay. The hype around this book is a bit overstated.,2024-10-19 08:46:12,2026-08-12T13:29:33.761206,reviews.csv
2513,1041,2,3,Had potential but did not quite deliver on its promise.,2022-07-16 16:00:51,2026-08-12T13:29:33.761206,reviews.csv
4086,2153,3,3,Had potential but did not quite deliver on its promise.,2024-09-18 18:01:02,2026-08-12T13:29:33.761206,reviews.csv
1634,397,34,5,Exceeded all my expectations. Truly extraordinary.,2021-12-16 01:31:25,2026-08-12T13:29:33.761206,reviews.csv
2847,1307,2,4,Enjoyed it quite a bit. Solid writing and interesting ideas.,2023-09-26 16:38:13,2026-08-12T13:29:33.761206,reviews.csv
5237,400,22,4,Mostly great. The middle section drags a bit.,2024-03-28 19:50:00,2026-08-12T13:29:33.761206,reviews.csv
5386,2014,4,3,"Some interesting parts, but overall felt underwhelming.",2024-12-09 13:32:34,2026-08-12T13:29:33.761206,reviews.csv
2189,1842,1,5,Absolutely loved this book — couldn't put it down!,2024-08-21 14:42:53,2026-08-12T13:29:33.761206,reviews.csv
2084,1504,9,3,Had potential but did not quite deliver on its promise.,2023-06-20 13:46:07,2026-08-12T13:29:33.761206,reviews.csv
4638,2243,1,4,Enjoyed it quite a bit. Solid writing and interesting ideas.,2021-04-02 17:43:36,2026-08-12T13:29:33.761206,reviews.csv
986,2438,2,5,I finished this in two sittings. Absolutely riveting.,2023-09-17 12:40:34,2026-08-12T13:29:33.761206,reviews.csv
4893,1943,2,4,A very good read overall. Some chapters were slow but worth it.,2024-12-07 15:35:48,2026-08-12T13:29:33.761206,reviews.csv
543,295,28,4,Pleasant read. Nothing groundbreaking but definitely enjoyable.,2024-12-31 09:14:21,2026-08-12T13:29:33.761206,reviews.csv
622,1126,1,4,Enjoyed it quite a bit. Solid writing and interesting ideas.,2022-08-27 17:46:48,2026-08-12T13:29:33.761206,reviews.csv
5246,2257,1,4,Enjoyed it quite a bit. Solid writing and interesting ideas.,2024-03-14 16:03:21,2026-08-12T13:29:33.761206,reviews.csv
3701,2130,11,3,Decent read. Not my favourite but not bad either.,2023-08-31 14:01:47,2026-08-12T13:29:33.761206,reviews.csv
5060,1865,3,5,Perfect blend of story and insight. Will read again.,2024-01-07 20:13:11,2026-08-12T13:29:33.761206,reviews.csv
1713,2109,18,4,Enjoyed it quite a bit. Solid writing and interesting ideas.,2021-11-25 17:09:53,2026-08-12T13:29:33.761206,reviews.csv
3450,2566,2,4,Mostly great. The middle section drags a bit.,2024-12-09 15:43:13,2026-08-12T13:29:33.761206,reviews.csv
147,1173,3,5,Beautifully written. The author's style is simply stunning.,2024-09-29 20:02:01,2026-08-12T13:29:33.761206,reviews.csv
4570,2020,1,4,Pleasant read. Nothing groundbreaking but definitely enjoyable.,2024-12-26 12:41:41,2026-08-12T13:29:33.761206,reviews.csv
1052,2336,4,3,Average. Had its moments but failed to really engage me.,2024-11-24 18:43:18,2026-08-12T13:29:33.761206,reviews.csv
4176,912,8,3,Neither great nor terrible. Passes the time.,2023-11-10 15:14:03,2026-08-12T13:29:33.761206,reviews.csv
497,1538,4,3,Decent read. Not my favourite but not bad either.,2023-05-25 17:51:22,2026-08-12T13:29:33.761206,reviews.csv
4776,995,3,5,,2023-12-21 07:10:26,2026-08-12T13:29:33.761206,reviews.csv
2957,979,3,4,Enjoyed it quite a bit. Solid writing and interesting ideas.,2024-08-29 04:43:41,2026-08-12T13:29:33.761206,reviews.csv
1343,228,1,3,,2024-01-23 21:20:33,2026-08-12T13:29:33.761206,reviews.csv
281,1900,1,3,Decent read. Not my favourite but not bad either.,2021-10-03 13:05:24,2026-08-12T13:29:33.761206,reviews.csv
4301,1457,1,3,Neither great nor terrible. Passes the time.,2024-05-29 19:31:35,2026-08-12T13:29:33.761206,reviews.csv
4473,419,5,3,Neither great nor terrible. Passes the time.,2024-12-31 20:58:07,2026-08-12T13:29:33.761206,reviews.csv
3094,2766,1,3,It was okay. The hype around this book is a bit overstated.,2023-11-05 04:25:22,2026-08-12T13:29:33.761206,reviews.csv
4930,1831,1,5,This book changed the way I think. A must-read for everyone.,2022-11-09 08:19:49,2026-08-12T13:29:33.761206,reviews.csv
950,1187,1,3,"Mixed feelings. Good premise, mediocre execution.",2021-11-22 16:10:40,2026-08-12T13:29:33.761206,reviews.csv
4998,1731,8,3,It was okay. The hype around this book is a bit overstated.,2023-07-25 17:19:47,2026-08-12T13:29:33.761206,reviews.csv
5005,2601,3,3,Average. Had its moments but failed to really engage me.,2024-10-17 22:40:10,2026-08-12T13:29:33.761206,reviews.csv
5489,186,3,3,It was okay. The hype around this book is a bit overstated.,2022-05-25 07:02:57,2026-08-12T13:29:33.761206,reviews.csv
4316,1203,44,4,Pleasant read. Nothing groundbreaking but definitely enjoyable.,2023-09-14 22:52:23,2026-08-12T13:29:33.761206,reviews.csv
488,2182,20,3,Decent read. Not my favourite but not bad either.,2023-05-18 20:51:45,2026-08-12T13:29:33.761206,reviews.csv
476,2336,1,3,Decent read. Not my favourite but not bad either.,2024-05-15 10:33:13,2026-08-12T13:29:33.761206,reviews.csv
899,2709,6,4,Mostly great. The middle section drags a bit.,2022-12-02 13:18:17,2026-08-12T13:29:33.761206,reviews.csv
4224,2755,7,5,This book changed the way I think. A must-read for everyone.,2023-11-21 22:14:41,2026-08-12T13:29:33.761206,reviews.csv
740,2140,1,4,"Good book, though the ending felt a little rushed.",2023-08-15 20:20:21,2026-08-12T13:29:33.761206,reviews.csv
2113,460,20,5,,2023-06-07 21:53:09,2026-08-12T13:29:33.761206,reviews.csv
3382,1251,1,5,Beautifully written. The author's style is simply stunning.,2021-06-12 12:03:56,2026-08-12T13:29:33.761206,reviews.csv
4793,1803,46,3,Neither great nor terrible. Passes the time.,2024-01-07 08:57:41,2026-08-12T13:29:33.761206,reviews.csv
3709,990,2,5,Brilliant narrative. The characters feel genuinely real.,2023-04-13 05:44:53,2026-08-12T13:29:33.761206,reviews.csv
1625,1363,8,3,"Mixed feelings. Good premise, mediocre execution.",2021-08-06 06:53:35,2026-08-12T13:29:33.761206,reviews.csv
2786,1091,1,4,A very good read overall. Some chapters were slow but worth it.,2021-09-19 21:25:24,2026-08-12T13:29:33.761206,reviews.csv
4300,63,9,5,Perfect blend of story and insight. Will read again.,2024-08-09 08:19:47,2026-08-12T13:29:33.761206,reviews.csv
1674,2013,5,4,"Good book, though the ending felt a little rushed.",2023-09-17 11:35:52,2026-08-12T13:29:33.761206,reviews.csv
4937,2668,23,3,Average. Had its moments but failed to really engage me.,2024-07-06 14:31:27,2026-08-12T13:29:33.761206,reviews.csv
5267,584,5,3,Had potential but did not quite deliver on its promise.,2024-05-23 19:55:00,2026-08-12T13:29:33.761206,reviews.csv
3390,1835,2,4,"Good book, though the ending felt a little rushed.",2022-05-15 07:26:10,2026-08-12T13:29:33.761206,reviews.csv
1969,364,12,3,"Some interesting parts, but overall felt underwhelming.",2021-10-23 10:15:03,2026-08-12T13:29:33.761206,reviews.csv
103,57,1,3,Had potential but did not quite deliver on its promise.,2023-04-07 06:44:36,2026-08-12T13:29:33.761206,reviews.csv
521,1291,3,3,Decent read. Not my favourite but not bad either.,2023-02-01 09:44:57,2026-08-12T13:29:33.761206,reviews.csv
4372,524,1,5,This book changed the way I think. A must-read for everyone.,2024-07-25 22:39:14,2026-08-12T13:29:33.761206,reviews.csv
1652,2072,1,5,,2021-09-15 14:26:39,2026-08-12T13:29:33.761206,reviews.csv
3646,1022,1,4,Well-written and engaging. A few plot holes but forgivable.,2022-06-27 22:19:29,2026-08-12T13:29:33.761206,reviews.csv
1129,123,1,3,It was okay. The hype around this book is a bit overstated.,2023-09-16 13:25:35,2026-08-12T13:29:33.761206,reviews.csv
464,207,69,5,A masterpiece. Every chapter left me wanting more.,2024-11-04 10:52:40,2026-08-12T13:29:33.761206,reviews.csv
2641,1588,11,3,Neither great nor terrible. Passes the time.,2021-02-27 16:48:14,2026-08-12T13:29:33.761206,reviews.csv
4655,2384,1,3,Average. Had its moments but failed to really engage me.,2024-03-16 06:11:36,2026-08-12T13:29:33.761206,reviews.csv
1172,1343,3,4,Pleasant read. Nothing groundbreaking but definitely enjoyable.,2023-06-27 23:30:02,2026-08-12T13:29:33.761206,reviews.csv
337,2072,2,3,It was okay. The hype around this book is a bit overstated.,2022-01-28 07:34:51,2026-08-12T13:29:33.761206,reviews.csv
3163,93,15,5,,2023-02-13 21:04:45,2026-08-12T13:29:33.761206,reviews.csv
674,1433,8,3,"Mixed feelings. Good premise, mediocre execution.",2024-09-05 12:19:27,2026-08-12T13:29:33.761206,reviews.csv
4090,1262,2,5,A masterpiece. Every chapter left me wanting more.,2024-11-28 12:08:00,2026-08-12T13:29:33.761206,reviews.csv
839,747,2,3,"Some interesting parts, but overall felt underwhelming.",2021-12-19 13:21:46,2026-08-12T13:29:33.761206,reviews.csv
4135,2552,9,5,I finished this in two sittings. Absolutely riveting.,2024-10-25 09:20:25,2026-08-12T13:29:33.761206,reviews.csv
216,1790,2,4,Enjoyed it quite a bit. Solid writing and interesting ideas.,2024-10-15 07:15:23,2026-08-12T13:29:33.761206,reviews.csv
3131,471,24,4,,2024-11-18 21:20:07,2026-08-12T13:29:33.761206,reviews.csv
2148,112,17,4,Well-written and engaging. A few plot holes but forgivable.,2021-06-19 18:00:05,2026-08-12T13:29:33.761206,reviews.csv
1525,1294,2,4,Well-written and engaging. A few plot holes but forgivable.,2023-06-05 18:27:44,2026-08-12T13:29:33.761206,reviews.csv
3745,1376,93,3,"Some interesting parts, but overall felt underwhelming.",2023-06-11 23:11:34,2026-08-12T13:29:33.761206,reviews.csv
182,348,3,4,Pleasant read. Nothing groundbreaking but definitely enjoyable.,2023-10-06 14:18:25,2026-08-12T13:29:33.761206,reviews.csv
5053,1998,25,4,Well-written and engaging. A few plot holes but forgivable.,2023-11-21 08:54:15,2026-08-12T13:29:33.761206,reviews.csv
1175,2531,3,4,,2024-12-31 19:24:50,2026-08-12T13:29:33.761206,reviews.csv
3762,2575,6,2,Struggled to get through it. The story meanders endlessly.,2024-12-15 01:08:13,2026-08-12T13:29:33.761206,reviews.csv
1725,681,9,4,"Good book, though the ending felt a little rushed.",2024-01-24 22:01:58,2026-08-12T13:29:33.761206,reviews.csv
570,1978,1,3,Decent read. Not my favourite but not bad either.,2024-04-06 15:18:52,2026-08-12T13:29:33.761206,reviews.csv
123,1023,100,5,Brilliant narrative. The characters feel genuinely real.,2024-11-23 19:02:56,2026-08-12T13:29:33.761206,reviews.csv
635,1829,1,5,I finished this in two sittings. Absolutely riveting.,2023-01-21 15:07:48,2026-08-12T13:29:33.761206,reviews.csv
5146,1385,16,3,Average. Had its moments but failed to really engage me.,2022-04-07 08:06:14,2026-08-12T13:29:33.761206,reviews.csv
1216,774,2,4,Mostly great. The middle section drags a bit.,2023-11-23 15:44:46,2026-08-12T13:29:33.761206,reviews.csv
1190,521,15,4,A very good read overall. Some chapters were slow but worth it.,2022-03-09 15:22:42,2026-08-12T13:29:33.761206,reviews.csv
3067,496,1,5,,2023-05-13 17:04:41,2026-08-12T13:29:33.761206,reviews.csv
4282,547,35,3,,2023-10-28 05:01:46,2026-08-12T13:29:33.761206,reviews.csv
955,627,2,5,I finished this in two sittings. Absolutely riveting.,2020-10-12 22:16:28,2026-08-12T13:29:33.761206,reviews.csv
1661,1487,1,5,The writing is exceptional and the story gripped me from page one.,2023-03-13 14:07:17,2026-08-12T13:29:33.761206,reviews.csv
4508,912,2,4,Mostly great. The middle section drags a bit.,2023-04-07 19:03:14,2026-08-12T13:29:33.761206,reviews.csv
5274,1872,1,2,Disappointed. Expected much more based on the reviews.,2021-01-14 16:07:13,2026-08-12T13:29:33.761206,reviews.csv
1793,854,5,3,Decent read. Not my favourite but not bad either.,2023-06-13 12:48:18,2026-08-12T13:29:33.761206,reviews.csv
4430,1777,29,5,The writing is exceptional and the story gripped me from page one.,2021-03-30 11:01:56,2026-08-12T13:29:33.761206,reviews.csv
1723,2421,4,3,"Mixed feelings. Good premise, mediocre execution.",2023-09-17 19:07:16,2026-08-12T13:29:33.761206,reviews.csv
2004,784,1,4,Liked it. The first half is stronger than the second.,2024-11-29 22:14:07,2026-08-12T13:29:33.761206,reviews.csv
2651,1181,68,4,Well-written and engaging. A few plot holes but forgivable.,2024-04-24 07:02:08,2026-08-12T13:29:33.761206,reviews.csv
2310,661,49,3,"Mixed feelings. Good premise, mediocre execution.",2024-08-20 06:12:31,2026-08-12T13:29:33.761206,reviews.csv
3833,1357,4,4,Pleasant read. Nothing groundbreaking but definitely enjoyable.,2023-10-03 22:45:48,2026-08-12T13:29:33.761206,reviews.csv
1195,10,1,3,Had potential but did not quite deliver on its promise.,2024-09-11 15:22:12,2026-08-12T13:29:33.761206,reviews.csv
1769,1757,1,4,Pleasant read. Nothing groundbreaking but definitely enjoyable.,2022-07-18 21:56:27,2026-08-12T13:29:33.761206,reviews.csv
5508,707,1,4,Liked it. The first half is stronger than the second.,2023-11-10 19:17:02,2026-08-12T13:29:33.761206,reviews.csv
1977,974,19,2,Overrated. I did not enjoy the characters at all.,2022-01-19 22:47:57,2026-08-12T13:29:33.761206,reviews.csv
5329,2667,23,4,,2024-09-14 01:45:01,2026-08-12T13:29:33.761206,reviews.csv
5610,388,2,4,"Good book, though the ending felt a little rushed.",2022-05-08 08:46:45,2026-08-12T13:29:33.761206,reviews.csv
929,622,13,4,Mostly great. The middle section drags a bit.,2024-10-04 09:18:05,2026-08-12T13:29:33.761206,reviews.csv
1238,2330,2,4,Liked it. The first half is stronger than the second.,2022-09-21 17:00:37,2026-08-12T13:29:33.761206,reviews.csv
644,1300,9,3,,2023-08-08 09:04:49,2026-08-12T13:29:33.761206,reviews.csv
1889,2508,5,2,The plot felt disjointed and the pacing was off throughout.,2024-09-07 15:29:00,2026-08-12T13:29:33.761206,reviews.csv
221,1266,1,5,Brilliant narrative. The characters feel genuinely real.,2024-11-12 06:28:38,2026-08-12T13:29:33.761206,reviews.csv
5278,368,66,5,Perfect blend of story and insight. Will read again.,2022-06-16 01:58:32,2026-08-12T13:29:33.761206,reviews.csv
2498,2750,6,3,It was okay. The hype around this book is a bit overstated.,2024-11-29 08:18:05,2026-08-12T13:29:33.761206,reviews.csv
4201,39,8,2,Disappointed. Expected much more based on the reviews.,2022-03-05 21:51:19,2026-08-12T13:29:33.761206,reviews.csv
383,1983,1,3,,2022-06-25 04:11:46,2026-08-12T13:29:33.761206,reviews.csv
1287,1476,1,3,Decent read. Not my favourite but not bad either.,2024-08-29 13:12:36,2026-08-12T13:29:33.761206,reviews.csv
2517,2078,31,4,Liked it. The first half is stronger than the second.,2023-09-13 05:34:56,2026-08-12T13:29:33.761206,reviews.csv
511,1773,1,5,Brilliant narrative. The characters feel genuinely real.,2021-10-28 19:07:31,2026-08-12T13:29:33.761206,reviews.csv
1404,2263,8,3,Average. Had its moments but failed to really engage me.,2024-10-24 07:54:12,2026-08-12T13:29:33.761206,reviews.csv
4888,2179,6,2,Struggled to get through it. The story meanders endlessly.,2024-11-20 19:09:12,2026-08-12T13:29:33.761206,reviews.csv
4501,446,1,3,Decent read. Not my favourite but not bad either.,2024-01-03 12:44:52,2026-08-12T13:29:33.761206,reviews.csv
3517,2424,27,3,"Some interesting parts, but overall felt underwhelming.",2024-03-14 18:04:14,2026-08-12T13:29:33.761206,reviews.csv
1475,1220,4,2,Would not recommend. Too slow and the payoff was not worth it.,2022-08-15 21:41:39,2026-08-12T13:29:33.761206,reviews.csv
4344,326,1,5,A masterpiece. Every chapter left me wanting more.,2023-10-30 12:28:55,2026-08-12T13:29:33.761206,reviews.csv
3757,2515,5,3,"Some interesting parts, but overall felt underwhelming.",2023-02-05 15:28:48,2026-08-12T13:29:33.761206,reviews.csv
4399,645,1,4,Above average. Would recommend to fans of the genre.,2024-03-26 15:02:45,2026-08-12T13:29:33.761206,reviews.csv
2120,1594,1,3,Decent read. Not my favourite but not bad either.,2023-01-18 15:54:07,2026-08-12T13:29:33.761206,reviews.csv
454,118,1,3,"Mixed feelings. Good premise, mediocre execution.",2024-03-08 08:30:19,2026-08-12T13:29:33.761206,reviews.csv
1606,2446,2,3,Had potential but did not quite deliver on its promise.,2024-12-08 07:22:45,2026-08-12T13:29:33.761206,reviews.csv
1032,1682,1,4,A very good read overall. Some chapters were slow but worth it.,2024-12-31 15:53:35,2026-08-12T13:29:33.761206,reviews.csv
736,1359,1,3,"Some interesting parts, but overall felt underwhelming.",2024-07-29 19:18:57,2026-08-12T13:29:33.761206,reviews.csv
2134,1745,1,4,Enjoyed it quite a bit. Solid writing and interesting ideas.,2024-04-01 17:07:34,2026-08-12T13:29:33.761206,reviews.csv
548,1274,1,5,,2022-04-15 11:08:37,2026-08-12T13:29:33.761206,reviews.csv
2126,651,10,5,One of the best reads I have had in years. Highly recommended.,2023-07-15 17:03:31,2026-08-12T13:29:33.761206,reviews.csv
3971,1605,1,2,The plot felt disjointed and the pacing was off throughout.,2023-12-13 18:24:49,2026-08-12T13:29:33.761206,reviews.csv
1340,1753,3,4,Mostly great. The middle section drags a bit.,2024-09-21 09:22:47,2026-08-12T13:29:33.761206,reviews.csv
3175,1293,11,4,A very good read overall. Some chapters were slow but worth it.,2023-04-28 20:39:07,2026-08-12T13:29:33.761206,reviews.csv
1182,200,1,5,,2022-01-28 14:25:54,2026-08-12T13:29:33.761206,reviews.csv
322,302,2,5,Brilliant narrative. The characters feel genuinely real.,2024-11-03 05:05:30,2026-08-12T13:29:33.761206,reviews.csv
1691,1119,10,5,Perfect blend of story and insight. Will read again.,2023-04-11 07:49:30,2026-08-12T13:29:33.761206,reviews.csv
1762,2255,4,4,Above average. Would recommend to fans of the genre.,2023-08-26 07:03:27,2026-08-12T13:29:33.761206,reviews.csv
332,622,1,3,"Some interesting parts, but overall felt underwhelming.",2023-09-05 22:12:33,2026-08-12T13:29:33.761206,reviews.csv
5536,2391,8,3,Average. Had its moments but failed to really engage me.,2020-11-20 08:15:55,2026-08-12T13:29:33.761206,reviews.csv
3170,1097,4,2,Would not recommend. Too slow and the payoff was not worth it.,2024-11-14 14:57:26,2026-08-12T13:29:33.761206,reviews.csv
5421,582,22,3,,2023-05-31 18:28:05,2026-08-12T13:29:33.761206,reviews.csv
5007,1625,2,4,Mostly great. The middle section drags a bit.,2024-10-02 07:56:21,2026-08-12T13:29:33.761206,reviews.csv
5374,346,1,2,Not for me. The writing style felt very dated.,2024-07-31 17:35:00,2026-08-12T13:29:33.761206,reviews.csv
5443,1784,1,4,Liked it. The first half is stronger than the second.,2024-09-12 05:02:46,2026-08-12T13:29:33.761206,reviews.csv
5355,1839,1,4,Mostly great. The middle section drags a bit.,2020-10-05 17:53:51,2026-08-12T13:29:33.761206,reviews.csv
4233,1978,31,4,,2024-08-23 18:38:24,2026-08-12T13:29:33.761206,reviews.csv
428,850,1,4,A very good read overall. Some chapters were slow but worth it.,2024-08-21 11:21:13,2026-08-12T13:29:33.761206,reviews.csv
38,2209,5,2,Overrated. I did not enjoy the characters at all.,2024-06-09 12:10:20,2026-08-12T13:29:33.761206,reviews.csv
578,839,1,4,Liked it. The first half is stronger than the second.,2024-12-31 08:28:17,2026-08-12T13:29:33.761206,reviews.csv
3460,104,1,5,The writing is exceptional and the story gripped me from page one.,2023-11-07 20:13:15,2026-08-12T13:29:33.761206,reviews.csv
4852,2443,164,4,A very good read overall. Some chapters were slow but worth it.,2024-09-07 06:59:46,2026-08-12T13:29:33.761206,reviews.csv
4483,1912,29,5,Exceeded all my expectations. Truly extraordinary.,2024-07-23 17:58:30,2026-08-12T13:29:33.761206,reviews.csv
2821,2552,1,4,"Good book, though the ending felt a little rushed.",2023-12-31 14:17:32,2026-08-12T13:29:33.761206,reviews.csv
4510,42,1,3,"Some interesting parts, but overall felt underwhelming.",2022-12-26 17:22:49,2026-08-12T13:29:33.761206,reviews.csv
3719,2436,9,4,Liked it. The first half is stronger than the second.,2024-04-11 11:21:51,2026-08-12T13:29:33.761206,reviews.csv
1194,1278,21,5,,2024-12-10 12:56:19,2026-08-12T13:29:33.761206,reviews.csv
1487,566,5,4,Above average. Would recommend to fans of the genre.,2024-12-31 08:49:50,2026-08-12T13:29:33.761206,reviews.csv
422,77,1,4,Liked it. The first half is stronger than the second.,2022-03-31 08:59:35,2026-08-12T13:29:33.761206,reviews.csv
5227,2227,8,3,It was okay. The hype around this book is a bit overstated.,2024-10-25 15:00:14,2026-08-12T13:29:33.761206,reviews.csv
5251,2412,65,4,Well-written and engaging. A few plot holes but forgivable.,2023-02-02 09:25:55,2026-08-12T13:29:33.761206,reviews.csv
571,2574,1,5,Perfect blend of story and insight. Will read again.,2021-08-20 19:34:32,2026-08-12T13:29:33.761206,reviews.csv
1455,2203,3,3,Had potential but did not quite deliver on its promise.,2023-11-04 10:31:27,2026-08-12T13:29:33.761206,reviews.csv
5173,1343,1,3,Had potential but did not quite deliver on its promise.,2024-10-30 12:35:43,2026-08-12T13:29:33.761206,reviews.csv
230,214,4,3,Neither great nor terrible. Passes the time.,2023-07-16 08:32:50,2026-08-12T13:29:33.761206,reviews.csv
1612,366,1,2,Struggled to get through it. The story meanders endlessly.,2020-12-07 19:58:16,2026-08-12T13:29:33.761206,reviews.csv
2788,676,62,4,Pleasant read. Nothing groundbreaking but definitely enjoyable.,2024-08-09 19:11:44,2026-08-12T13:29:33.761206,reviews.csv
60,1669,2,5,Exceeded all my expectations. Truly extraordinary.,2020-09-26 19:19:29,2026-08-12T13:29:33.761206,reviews.csv
2124,1774,5,2,Disappointed. Expected much more based on the reviews.,2022-07-08 17:48:12,2026-08-12T13:29:33.761206,reviews.csv
4329,1224,87,4,Well-written and engaging. A few plot holes but forgivable.,2023-10-05 18:18:17,2026-08-12T13:29:33.761206,reviews.csv
1400,2343,30,5,I finished this in two sittings. Absolutely riveting.,2023-12-21 18:13:41,2026-08-12T13:29:33.761206,reviews.csv
1482,1689,1,3,"Mixed feelings. Good premise, mediocre execution.",2021-11-20 08:09:50,2026-08-12T13:29:33.761206,reviews.csv
419,2461,2,4,Liked it. The first half is stronger than the second.,2024-11-01 14:53:51,2026-08-12T13:29:33.761206,reviews.csv
3578,906,16,-1,Above average. Would recommend to fans of the genre.,2024-10-23 21:13:44,2026-08-12T13:29:33.761206,reviews.csv
836,1844,8,4,Liked it. The first half is stronger than the second.,2024-03-10 07:16:01,2026-08-12T13:29:33.761206,reviews.csv
1234,2732,5,3,Decent read. Not my favourite but not bad either.,2024-09-14 17:43:15,2026-08-12T13:29:33.761206,reviews.csv
1664,2531,2,3,It was okay. The hype around this book is a bit overstated.,2023-12-01 19:27:25,2026-08-12T13:29:33.761206,reviews.csv
2612,2246,2,4,Pleasant read. Nothing groundbreaking but definitely enjoyable.,2024-12-16 19:38:27,2026-08-12T13:29:33.761206,reviews.csv
1600,2485,31,5,Brilliant narrative. The characters feel genuinely real.,2021-09-12 08:03:02,2026-08-12T13:29:33.761206,reviews.csv
2828,1505,2,5,Brilliant narrative. The characters feel genuinely real.,2023-04-07 16:36:53,2026-08-12T13:29:33.761206,reviews.csv
2093,673,2,4,A very good read overall. Some chapters were slow but worth it.,2022-06-25 17:07:39,2026-08-12T13:29:33.761206,reviews.csv
608,285,1,3,Had potential but did not quite deliver on its promise.,2022-05-19 06:44:08,2026-08-12T13:29:33.761206,reviews.csv
3478,625,2,-1,Above average. Would recommend to fans of the genre.,2021-08-15 11:19:28,2026-08-12T13:29:33.761206,reviews.csv
1843,290,2,3,Decent read. Not my favourite but not bad either.,2022-09-11 12:37:21,2026-08-12T13:29:33.761206,reviews.csv
2274,483,4,3,"Some interesting parts, but overall felt underwhelming.",2023-12-26 06:55:21,2026-08-12T13:29:33.761206,reviews.csv
607,611,2,5,The writing is exceptional and the story gripped me from page one.,2024-12-31 13:56:05,2026-08-12T13:29:33.761206,reviews.csv
1907,1035,1,3,,2022-01-11 09:50:57,2026-08-12T13:29:33.761206,reviews.csv
1356,2799,42,4,,2020-10-21 05:35:35,2026-08-12T13:29:33.761206,reviews.csv
79,52,1,4,Well-written and engaging. A few plot holes but forgivable.,2021-01-02 21:46:07,2026-08-12T13:29:33.761206,reviews.csv
5242,830,45,4,Enjoyed it quite a bit. Solid writing and interesting ideas.,2020-11-07 23:47:28,2026-08-12T13:29:33.761206,reviews.csv
338,135,1,4,"Good book, though the ending felt a little rushed.",2022-01-20 18:47:00,2026-08-12T13:29:33.761206,reviews.csv
2094,182,40,3,Had potential but did not quite deliver on its promise.,2021-07-16 12:57:54,2026-08-12T13:29:33.761206,reviews.csv
4992,794,98,4,Enjoyed it quite a bit. Solid writing and interesting ideas.,2023-06-30 13:02:14,2026-08-12T13:29:33.761206,reviews.csv
3871,223,1,4,Enjoyed it quite a bit. Solid writing and interesting ideas.,2023-05-14 08:45:52,2026-08-12T13:29:33.761206,reviews.csv
2174,370,2,4,Mostly great. The middle section drags a bit.,2024-06-21 17:34:21,2026-08-12T13:29:33.761206,reviews.csv
4993,2173,1,5,Exceeded all my expectations. Truly extraordinary.,2021-06-19 19:58:02,2026-08-12T13:29:33.761206,reviews.csv
4414,1614,59,5,One of the best reads I have had in years. Highly recommended.,2023-12-16 21:50:20,2026-08-12T13:29:33.761206,reviews.csv
3192,2723,5,3,Neither great nor terrible. Passes the time.,2024-10-12 08:27:06,2026-08-12T13:29:33.761206,reviews.csv
4228,153,3,5,Brilliant narrative. The characters feel genuinely real.,2022-03-03 19:07:39,2026-08-12T13:29:33.761206,reviews.csv
2123,2540,2,4,Above average. Would recommend to fans of the genre.,2023-03-29 08:48:02,2026-08-12T13:29:33.761206,reviews.csv
2052,317,1,4,Well-written and engaging. A few plot holes but forgivable.,2022-04-05 08:10:17,2026-08-12T13:29:33.761206,reviews.csv
3500,2763,2,3,"Some interesting parts, but overall felt underwhelming.",2023-12-04 22:18:37,2026-08-12T13:29:33.761206,reviews.csv
3994,1168,2,4,Pleasant read. Nothing groundbreaking but definitely enjoyable.,2024-11-12 08:38:07,2026-08-12T13:29:33.761206,reviews.csv
3293,2380,5,3,"Some interesting parts, but overall felt underwhelming.",2022-01-05 19:01:32,2026-08-12T13:29:33.761206,reviews.csv
1557,1717,12,5,I finished this in two sittings. Absolutely riveting.,2024-12-23 11:03:11,2026-08-12T13:29:33.761206,reviews.csv
3089,2053,150,3,Average. Had its moments but failed to really engage me.,2020-05-27 13:48:35,2026-08-12T13:29:33.761206,reviews.csv
3036,889,2,4,Pleasant read. Nothing groundbreaking but definitely enjoyable.,2024-09-18 21:28:15,2026-08-12T13:29:33.761206,reviews.csv
