customer_id,first_name,last_name,email,phone,city,state,country,signup_date,membership,status
CUST00001,Diana,Bass,paulerica@example.org,9935730990,Mumbai,Delhi,India,2023-10-17,Platinum,Inactive
CUST00002,Patricia,Pena,samanthahoward@example.net,9489223748,Pune,Bihar,India,2022-09-08,Platinum,Active
CUST00003,Dalton,Smith,carolyn94@example.com,(913)361-4471x19728,Jaipur,Maharashtra,India,2023-11-24,Platinum,Inactive
CUST00004,Rose,Hall,justinadkins@example.com,(329)594-8104x439,Delhi,Maharashtra,India,2022-02-02,Silver,Active
CUST00005,Phyllis,Cook,antonio04@example.net,001-988-350-0848x43155,Kolkata,Delhi,India,2023-06-02,Platinum,Active
CUST00006,Wesley,Martin,emoore@example.com,859-552-2841x0783,Jaipur,Uttar Pradesh,India,2024-01-04,Silver,Inactive
CUST00007,Daniel,Campbell,tterrell@example.net,(579)822-1239x4281,Hyderabad,Delhi,India,2023-08-27,Silver,Inactive
CUST00008,Brandy,Brewer,vanderson@example.net,+1-343-662-7124x976,Hyderabad,Bihar,India,2022-12-15,Silver,Inactive
CUST00009,Edward,Love,bishopeugene@example.org,737-303-1192x667,Mumbai,Uttar Pradesh,India,2022-04-15,Silver,Inactive
CUST00010,Hunter,Johnson,andrewyoung@example.com,836.828.0929x38037,Chennai,Telangana,India,2024-05-17,Silver,Inactive
CUST00011,William,Johnson,john80@example.com,+1-664-309-1475x815,Mumbai,Uttar Pradesh,India,2023-07-04,Silver,Inactive
CUST00012,Sheila,Martin,melissa18@example.net,517.821.0574,Kolkata,Karnataka,India,2024-04-29,Platinum,Active
CUST00013,Rebecca,Hill,wrightsarah@example.net,5273704592,Mumbai,Delhi,India,2023-12-23,Platinum,Active
CUST00014,Richard,Davis,christopherboyd@example.net,824.298.4604x50411,Hyderabad,Maharashtra,India,2024-03-02,Silver,Active
CUST00015,Jennifer,Jimenez,susan80@example.net,998-728-6546,Hyderabad,Rajasthan,India,2023-01-25,Platinum,Inactive
CUST00016,Jonathan,Harper,joellewis@example.org,459.739.7629x137,Chennai,Karnataka,India,2022-06-16,Silver,Inactive
CUST00017,Sonia,Young,joe68@example.com,218.287.8749,Mumbai,Bihar,India,2023-12-20,Platinum,Active
CUST00018,Kathleen,Mitchell,kennethclark@example.org,(525)298-4346,Lucknow,Uttar Pradesh,India,2022-06-17,Gold,Active
CUST00019,April,Frederick,julianadams@example.com,(939)663-7638x01698,Chennai,Delhi,India,2023-12-03,Silver,Active
CUST00020,Eileen,Cunningham,malonelinda@example.net,784-963-1883x364,Chennai,Uttar Pradesh,India,2024-04-04,Gold,Active
CUST00021,Mariah,Guzman,campbellcarolyn@example.net,001-740-453-5128x9212,Kolkata,Karnataka,India,2022-08-05,Silver,Inactive
CUST00022,Brian,Soto,danielramirez@example.com,001-903-556-4303x076,Lucknow,Bihar,India,2023-02-10,Gold,Active
CUST00023,John,Mullen,gregorykennedy@example.net,672.781.8673,Jaipur,West Bengal,India,2022-09-10,Gold,Inactive
CUST00024,Vanessa,Dunn,milleramber@example.net,851-556-6962x6908,Bangalore,Karnataka,India,2023-08-21,Silver,Active
CUST00025,Monica,Petersen,williamsjorge@example.net,+1-204-246-4108x3505,Lucknow,Maharashtra,India,2023-06-06,Silver,Active
CUST00026,Brittany,Mccall,debra88@example.com,306-309-9316x068,Patna,Uttar Pradesh,India,2022-06-06,Platinum,Active
CUST00027,Heather,Campbell,fpatterson@example.org,597-494-7749x61677,Bangalore,Rajasthan,India,2023-01-30,Platinum,Inactive
CUST00028,Tamara,Kelley,mark97@example.net,935.617.5477,Delhi,Maharashtra,India,2023-07-21,Platinum,Inactive
CUST00029,Clayton,Miller,usanchez@example.com,3398133667,Chennai,Maharashtra,India,2024-02-27,Gold,Inactive
CUST00030,Daniel,Brown,austin23@example.net,,Lucknow,Delhi,India,2022-06-11,Platinum,Inactive
CUST00031,Emily,Young,deborahvillanueva@example.net,517.209.8041x43093,Patna,West Bengal,India,2023-05-28,Silver,Inactive
CUST00032,Eric,Hicks,eric72@example.org,837-625-8768x48586,Jaipur,Tamil Nadu,India,2024-05-11,Silver,Inactive
CUST00033,Sheryl,Morris,parkerbrian@example.org,+1-707-842-5037,Patna,West Bengal,India,2024-02-20,Platinum,Active
CUST00034,Amanda,Reynolds,mitchellnicholas@example.net,338.418.7194,Chennai,Rajasthan,India,2023-09-06,Silver,Active
CUST00035,Joseph,Moreno,castromitchell@example.org,593-216-6065x2615,Hyderabad,Tamil Nadu,India,2023-01-07,Silver,Active
CUST00036,Carlos,Hicks,xreyes@example.org,485.399.1007,Kolkata,Maharashtra,India,2024-06-18,Silver,Inactive
CUST00037,James,Moore,christopher35@example.net,385.325.2358x358,Mumbai,West Bengal,India,2024-04-15,Silver,Active
CUST00038,Veronica,Gilbert,stevenhughes@example.net,929-751-1636,Lucknow,West Bengal,India,2023-11-07,Silver,Inactive
CUST00039,Jeremy,Burns,ejohnson@example.net,395-439-4388,Kolkata,Uttar Pradesh,India,2023-06-25,Silver,Active
CUST00040,Jesse,Peterson,bendersarah@example.net,407-577-7891,Hyderabad,Uttar Pradesh,India,2024-01-01,Platinum,Inactive
CUST00041,Dawn,Miller,daniel22@example.org,001-611-611-2750x68450,Jaipur,Rajasthan,India,2023-03-25,Silver,Active
CUST00042,Tina,Wilson,wellsana@example.org,001-814-597-5160x0359,Mumbai,Karnataka,India,2022-08-19,Silver,Active
CUST00043,Charlene,Armstrong,juan58@example.org,+1-500-353-5016,Pune,Delhi,India,2023-08-26,Silver,Active
CUST00044,Angela,Pruitt,evelyn35@example.com,(735)319-3272x1415,Mumbai,Delhi,India,2022-08-23,Gold,Active
CUST00045,Hector,Smith,xjohnson@example.com,001-359-760-9665x862,Pune,Telangana,India,2023-06-11,Platinum,Inactive
CUST00046,Luis,Rowe,julie97@example.org,001-206-756-4873x98271,Jaipur,Bihar,India,2022-08-08,Platinum,Inactive
CUST00047,Ryan,Lutz,martinezdouglas@example.org,7674190107,Lucknow,Uttar Pradesh,India,2022-09-06,Silver,Active
CUST00048,Jill,Taylor,danielmason@example.com,001-390-226-0315x91043,Bangalore,Karnataka,India,2022-04-10,Gold,Inactive
CUST00049,David,Castillo,anthony61@example.net,+1-414-493-9718,Delhi,Maharashtra,India,2023-04-24,Silver,Inactive
CUST00050,David,Dominguez,istewart@example.org,845.687.5776x31471,Chennai,Maharashtra,India,2024-01-16,Silver,Active
CUST00051,Mark,Nixon,jesus50@example.com,+1-865-690-0785x67689,Jaipur,Rajasthan,India,2022-07-14,Silver,Inactive
CUST00052,Emily,Rubio,christopher07@example.org,001-460-981-7536x99612,Hyderabad,Rajasthan,India,2022-07-07,Silver,Active
CUST00053,Carla,Morales,lambertnancy@example.net,+1-202-579-7792x2502,Jaipur,Maharashtra,India,2023-03-30,Silver,Active
CUST00054,Robert,Barnes,sarajackson@example.org,001-480-292-6742x860,Pune,Bihar,India,2022-04-06,Gold,Inactive
CUST00055,Stacey,Terry,kevin68@example.com,999.759.1715x135,Pune,Uttar Pradesh,India,2023-05-08,Silver,Active
CUST00056,Michele,Aguirre,garciaethan@example.org,+1-687-326-5283,Delhi,Uttar Pradesh,India,2023-01-24,Gold,Inactive
CUST00057,Lisa,Perez,dlopez@example.org,+1-580-594-2509x55770,Bangalore,West Bengal,India,2022-10-20,Platinum,Inactive
CUST00058,Julia,Hunter,jamesbauer@example.net,+1-220-242-5643x263,Pune,Telangana,India,2022-06-08,Silver,Active
CUST00059,Melissa,Frost,dhernandez@example.com,+1-312-419-0984x41423,Jaipur,Delhi,India,2023-08-17,Platinum,Inactive
CUST00060,Jill,Logan,bjarvis@example.com,(943)651-0159,Delhi,Rajasthan,India,2022-02-28,Platinum,Active
CUST00061,Lisa,Rosario,pamela45@example.org,+1-325-878-8648x3412,Jaipur,Maharashtra,India,2022-02-28,Silver,Active
CUST00062,Jeffrey,Miller,psmith@example.org,3554838069,Mumbai,Tamil Nadu,India,2023-09-02,Gold,Active
CUST00063,Kimberly,Moore,kimberly84@example.net,+1-297-950-7001x663,Pune,Delhi,India,2023-08-07,Platinum,Active
CUST00064,Brett,Shannon,shortpeter@example.org,(614)782-4666,Kolkata,West Bengal,India,2023-03-06,Gold,Inactive
CUST00065,Brendan,Shah,milleraustin@example.org,2966586334,Chennai,Tamil Nadu,India,2022-07-29,Gold,Inactive
CUST00066,Cindy,Tucker,qmclaughlin@example.com,,Hyderabad,Rajasthan,India,2022-05-15,Gold,Active
CUST00067,David,Fields,qmontes@example.net,001-250-391-6014x687,Lucknow,Maharashtra,India,2022-01-10,Silver,Active
CUST00068,Debra,Hall,judithoneill@example.com,8697158503,Hyderabad,Bihar,India,2023-06-03,Gold,Active
CUST00069,Penny,Norris,garywood@example.org,603.413.3937,Pune,Karnataka,India,2024-06-19,Gold,Active
CUST00070,Paul,Johnson,debra07@example.org,001-399-625-9641x083,Jaipur,Telangana,India,2023-03-25,Platinum,Active
CUST00071,Catherine,Mclean,christophersimpson@example.org,001-438-538-7718x948,Jaipur,Telangana,India,2023-11-15,Platinum,Active
CUST00072,Brenda,Snyder,mwise@example.com,670-943-2417,Patna,Telangana,India,2024-06-18,Silver,Active
CUST00073,Angela,Miller,monteschristopher@example.com,638.675.3616,Jaipur,Bihar,India,2024-01-31,Gold,Inactive
CUST00074,Paul,Richardson,collierkayla@example.org,(383)408-3010x00816,Pune,Karnataka,India,2023-09-12,Silver,Inactive
CUST00075,Rebecca,Lopez,karenjordan@example.org,533-717-6271x373,Lucknow,Telangana,India,2023-06-02,Silver,Active
CUST00076,Pamela,Carroll,mikeburns@example.org,308.724.4015x9886,Bangalore,Telangana,India,2023-10-12,Silver,Active
CUST00077,Emily,Horn,kathleenmitchell@example.com,001-439-531-1168x60700,Patna,Telangana,India,2022-12-08,Silver,Inactive
CUST00078,Matthew,Nelson,judithkennedy@example.org,368-265-1542,Bangalore,West Bengal,India,2023-07-19,Silver,Active
CUST00079,Sean,Graham,davissteven@example.net,606-887-0290,Patna,West Bengal,India,2022-03-19,Silver,Inactive
CUST00080,Rachel,Harvey,kimberlyjones@example.com,563-767-3369x36335,Jaipur,Bihar,India,2023-08-20,Gold,Active
CUST00081,John,Stewart,jbeck@example.net,+1-349-437-1903x570,Hyderabad,Karnataka,India,2022-02-12,Silver,Inactive
CUST00082,Brianna,Olson,huynhdavid@example.com,550-948-7908x085,Pune,Maharashtra,India,2022-08-04,Gold,Inactive
CUST00083,Amy,Gonzalez,myersdarren@example.net,445-724-0914x66407,Patna,Tamil Nadu,India,2023-09-28,Silver,Active
CUST00084,Jeffrey,Perez,julia96@example.net,(876)417-5553,Delhi,Bihar,India,2023-02-27,Platinum,Inactive
CUST00085,David,Hernandez,sheltonjennifer@example.com,228-555-0968,Bangalore,Tamil Nadu,India,2024-03-12,Gold,Active
CUST00086,Donald,Robinson,brian01@example.org,(490)710-5519,Mumbai,Uttar Pradesh,India,2024-03-17,Silver,Inactive
CUST00087,Brian,Neal,rachel23@example.org,424.943.1216x58507,Pune,Rajasthan,India,2022-08-16,Gold,Inactive
CUST00088,Nathan,Knox,hallchristine@example.net,874-675-4615x929,Pune,Tamil Nadu,India,2024-04-20,Silver,Active
CUST00089,Kenneth,Hall,jared68@example.com,001-575-633-2635x278,Chennai,Telangana,India,2023-02-13,Silver,Inactive
CUST00090,Julie,Knox,ffrye@example.org,+1-250-760-1235,Jaipur,Uttar Pradesh,India,2022-12-26,Platinum,Inactive
CUST00091,Ashley,Gardner,zrocha@example.com,201-866-1316x06281,Mumbai,Telangana,India,2022-01-29,Silver,Inactive
CUST00092,Jennifer,Perez,xhernandez@example.com,001-987-618-8548x06994,Mumbai,Uttar Pradesh,India,2022-02-09,Gold,Inactive
CUST00093,Tara,Baird,rbrooks@example.com,001-621-906-4372x383,Kolkata,West Bengal,India,2023-03-23,Silver,Inactive
CUST00094,Denise,Robertson,bbrady@example.com,538.762.5380x359,Pune,Telangana,India,2023-08-14,Silver,Inactive
CUST00095,Steven,Smith,fnguyen@example.net,001-494-350-9761x37375,Jaipur,West Bengal,India,2022-01-02,Platinum,Active
CUST00096,James,Diaz,maxwell86@example.org,934-323-9404x55655,Bangalore,Maharashtra,India,2023-01-08,Platinum,Inactive
CUST00097,Travis,Daniels,tiffany92@example.net,274.977.8626x0243,Chennai,Maharashtra,India,2023-10-01,Platinum,Inactive
CUST00098,Lindsey,Guzman,aaronclark@example.org,536.923.6684x7114,Hyderabad,Uttar Pradesh,India,2023-06-04,Gold,Inactive
CUST00099,Dustin,Russell,walkerjesse@example.net,860-474-4549,Hyderabad,West Bengal,India,2023-12-15,Silver,Active
CUST00100,Randy,Ware,dominique29@example.net,614-515-0182x887,Bangalore,Bihar,India,2023-03-07,Platinum,Inactive
CUST00101,Carol,Bullock,vfox@example.net,241.617.7120x446,Jaipur,Delhi,India,2023-02-20,Gold,Inactive
CUST00102,Tina,Morales,owilliams@example.net,001-944-532-3269,Bangalore,Karnataka,India,2022-08-04,Gold,Inactive
CUST00103,Amanda,Santiago,jacquelinewood@example.org,428-801-4437x3100,Pune,West Bengal,India,2023-03-29,Gold,Active
CUST00104,Carmen,Parker,connie99@example.net,+1-374-648-9386x06328,Mumbai,Telangana,India,2023-11-06,Platinum,Inactive
CUST00105,Katherine,Walker,sheila67@example.net,2027800808,Pune,Telangana,India,2022-04-06,Silver,Active
CUST00106,Daniel,Edwards,fosterjeremy@example.org,001-657-211-4354,Delhi,Delhi,India,2022-05-31,Silver,Inactive
CUST00107,Carlos,Davis,shawn07@example.org,,Mumbai,Rajasthan,India,2023-09-18,Gold,Active
CUST00108,Sara,Woods,alexanderbentley@example.com,327-392-9504x9916,Bangalore,Rajasthan,India,2024-01-06,Gold,Active
CUST00109,Carmen,Smith,benjamin24@example.com,8095136979,Delhi,Maharashtra,India,2022-06-01,Gold,Active
CUST00110,Lisa,Keller,tyler09@example.net,586.407.4008,Jaipur,Rajasthan,India,2022-06-30,Silver,Active
CUST00111,James,Beltran,dmartinez@example.com,420.271.1258x7435,Mumbai,Rajasthan,India,2024-05-18,Silver,Inactive
CUST00112,Jonathan,Cook,danielsmatthew@example.com,001-770-269-4942x25414,Jaipur,West Bengal,India,2023-11-15,Platinum,Inactive
CUST00113,Daniel,Daniel,williamsjason@example.org,242-909-0327,Lucknow,West Bengal,India,2024-02-13,Gold,Inactive
CUST00114,Michael,Henry,shaheric@example.org,756-721-9473x97927,Lucknow,Rajasthan,India,2022-06-12,Gold,Active
CUST00115,Larry,Powell,richard92@example.net,+1-713-565-2265x02004,Hyderabad,West Bengal,India,2024-05-10,Gold,Active
CUST00116,Nancy,Gonzales,hochoa@example.com,(555)698-1338,Lucknow,Maharashtra,India,2022-10-09,Platinum,Inactive
CUST00117,Audrey,Fleming,david08@example.net,(829)566-2388x83772,Hyderabad,Karnataka,India,2022-08-29,Gold,Active
CUST00118,Jose,Richardson,jyoung@example.net,297-369-0336x193,Patna,Tamil Nadu,India,2022-05-22,Gold,Active
CUST00119,Christine,Neal,shaneponce@example.com,001-274-826-9403x432,Pune,Maharashtra,India,2023-12-25,Gold,Inactive
CUST00120,Kathryn,Solomon,taylorbeth@example.com,+1-536-743-3140,Jaipur,Rajasthan,India,2022-12-05,Gold,Active
CUST00121,Shannon,Mitchell,daniel31@example.net,+1-603-785-9301x917,Bangalore,Uttar Pradesh,India,2022-07-31,Platinum,Active
CUST00122,Matthew,Moore,markcross@example.net,+1-445-679-7143x3334,Kolkata,Uttar Pradesh,India,2024-05-27,Gold,Active
CUST00123,Alexis,Robinson,troyclark@example.org,732.871.9747x2535,Hyderabad,Uttar Pradesh,India,2022-12-27,Gold,Active
CUST00124,Tammy,Bates,bradley89@example.com,727-649-0722,Pune,Telangana,India,2023-05-15,Gold,Inactive
CUST00125,Rebecca,Anthony,mtaylor@example.org,977.274.8804x58073,Bangalore,Karnataka,India,2022-01-30,Platinum,Inactive
CUST00126,Bruce,Cole,dunnmichele@example.net,+1-851-692-9214x43495,Patna,Rajasthan,India,2024-01-12,Silver,Active
CUST00127,Michael,Acosta,jamessmith@example.org,444-267-7537,Kolkata,Delhi,India,2023-02-08,Silver,Inactive
CUST00128,Cindy,Stewart,diana17@example.com,(797)219-1753x5568,Lucknow,Bihar,India,2022-05-19,Silver,Inactive
CUST00129,Mary,Smith,dscott@example.com,+1-916-857-6953,Chennai,Tamil Nadu,India,2023-01-24,Gold,Inactive
CUST00130,Gina,Diaz,emiller@example.org,+1-386-943-7784x8124,Bangalore,Telangana,India,2022-12-12,Gold,Inactive
CUST00131,Ann,Lopez,donnasnyder@example.com,8336990333,Mumbai,Rajasthan,India,2024-05-04,Silver,Active
CUST00132,Christopher,Morgan,wparker@example.net,001-645-221-1988,Pune,Maharashtra,India,2022-12-25,Platinum,Active
CUST00133,Craig,Morse,mariorangel@example.org,+1-720-654-0911x58201,Delhi,Tamil Nadu,India,2024-02-12,Silver,Active
CUST00134,Sandra,Castro,sarahgutierrez@example.net,9458792786,Patna,Tamil Nadu,India,2023-09-29,Silver,Inactive
CUST00135,Anthony,Jackson,youngtravis@example.net,+1-249-666-2736x678,Mumbai,Tamil Nadu,India,2023-11-17,Gold,Inactive
CUST00136,Melissa,Dickson,aaron55@example.net,001-297-380-3733,Chennai,Bihar,India,2024-02-25,Platinum,Active
CUST00137,Alexander,Ramos,colenicholas@example.com,8953941950,Patna,Telangana,India,2024-03-07,Silver,Active
CUST00138,Alexis,Chase,brad77@example.net,245-403-7698x7240,Kolkata,Uttar Pradesh,India,2022-11-16,Gold,Active
CUST00139,Luis,Salinas,kingtravis@example.com,(229)255-2710,Kolkata,Tamil Nadu,India,2022-03-19,Silver,Inactive
CUST00140,Ian,Blanchard,diana88@example.com,217-722-8753,Kolkata,Maharashtra,India,2024-05-20,Platinum,Active
CUST00141,Dawn,Douglas,jonesjoshua@example.com,(741)477-3787x731,Jaipur,Uttar Pradesh,India,2022-12-22,Platinum,Inactive
CUST00142,Sara,Davis,rwells@example.com,570.863.6173,Jaipur,Karnataka,India,2022-03-12,Silver,Inactive
CUST00143,Daisy,Clarke,michellelee@example.org,344-278-3489x985,Lucknow,Maharashtra,India,2024-04-22,Gold,Inactive
CUST00144,James,Castaneda,mercedes46@example.org,827.434.7780,Lucknow,Bihar,India,2023-10-13,Gold,Active
CUST00145,Benjamin,Chapman,snyderadam@example.com,938-709-8918x151,Jaipur,Telangana,India,2024-01-22,Platinum,Inactive
CUST00146,John,Gonzalez,erintaylor@example.net,001-439-912-7584x61186,Bangalore,Telangana,India,2023-04-22,Gold,Active
CUST00147,Jerry,Gonzalez,sharonlove@example.net,347.737.2608x89815,Mumbai,Telangana,India,2024-04-30,Gold,Active
CUST00148,Jessica,Johnson,tiffany00@example.org,+1-933-828-7046x6587,Lucknow,Uttar Pradesh,India,2024-02-08,Gold,Active
CUST00149,Kevin,Roman,careykimberly@example.net,(263)774-0070,Chennai,Bihar,India,2023-05-22,Gold,Active
CUST00150,Christopher,Hughes,christopherpaul@example.net,(522)701-6783x28476,Hyderabad,Karnataka,India,2022-12-30,Gold,Inactive
CUST00151,Richard,Andrews,adrian26@example.com,259-472-2118x0545,Delhi,West Bengal,India,2023-07-24,Silver,Active
CUST00152,Joseph,Bradley,johnsonalvin@example.org,990.423.6549,Bangalore,Rajasthan,India,2022-09-05,Platinum,Active
CUST00153,Joshua,Lambert,jgonzalez@example.com,(313)977-0116x190,Lucknow,Rajasthan,India,2023-12-09,Gold,Active
CUST00154,Ashley,Hill,camerontasha@example.net,(664)228-2404x15190,Hyderabad,Tamil Nadu,India,2022-04-06,Gold,Active
CUST00155,Margaret,Wilson,alexisjones@example.org,895.627.1431x826,Kolkata,Karnataka,India,2022-11-10,Gold,Inactive
CUST00156,Shane,Wilson,joneschristopher@example.com,(412)632-6053x22620,Jaipur,Karnataka,India,2023-03-12,Gold,Inactive
CUST00157,Ashley,Gonzalez,michael24@example.org,(983)737-3431,Hyderabad,Telangana,India,2022-10-05,Silver,Active
CUST00158,Melinda,Smith,cantuchristine@example.org,737.975.1866x9404,Pune,Karnataka,India,2024-01-09,Silver,Active
CUST00159,Kelly,Oconnor,fharris@example.org,470-897-0541x60685,Pune,Rajasthan,India,2022-07-16,Gold,Inactive
CUST00160,Melinda,Walker,dennisnichole@example.org,735-298-0601,Pune,Telangana,India,2022-04-13,Silver,Inactive
CUST00161,Heather,Morris,smithjacob@example.org,(353)462-7378x99779,Hyderabad,Delhi,India,2022-07-03,Platinum,Active
CUST00162,Michael,Allen,bobbydelgado@example.org,(715)669-5275x301,Delhi,Delhi,India,2022-10-08,Platinum,Inactive
CUST00163,Gary,Green,treeves@example.net,(608)910-7505,Patna,Rajasthan,India,2023-12-16,Silver,Active
CUST00164,Mary,Williams,whahn@example.net,378-341-1765x96645,Hyderabad,Rajasthan,India,2023-08-11,Gold,Inactive
CUST00165,Jason,Olson,zpollard@example.org,+1-430-549-3914x25602,Patna,Delhi,India,2022-12-15,Gold,Inactive
CUST00166,Kathleen,Soto,rodney71@example.net,648-492-4760x417,Mumbai,Uttar Pradesh,India,2022-04-27,Gold,Active
CUST00167,Bruce,Rocha,greynolds@example.net,812.594.4821x6248,Delhi,Bihar,India,2023-08-14,Silver,Inactive
CUST00168,Lisa,Cox,nthompson@example.net,281-744-2148x9439,Pune,Maharashtra,India,2022-03-29,Platinum,Inactive
CUST00169,Stephanie,Bishop,bridgesjuan@example.net,455.700.8957x338,Kolkata,Tamil Nadu,India,2023-09-13,Platinum,Inactive
CUST00170,Adam,Foley,craigguzman@example.com,442.274.7601x0869,Lucknow,Telangana,India,2023-04-07,Platinum,Inactive
CUST00171,Christopher,Daugherty,csmith@example.com,660-712-9340x17867,Kolkata,Delhi,India,2022-11-09,Platinum,Active
CUST00172,Stephen,Zamora,amy87@example.com,653-318-0111x7091,Pune,Tamil Nadu,India,2024-02-21,Gold,Active
CUST00173,Laurie,Tapia,duarterichard@example.net,908.211.4181x007,Pune,Bihar,India,2022-06-10,Platinum,Active
CUST00174,Aaron,Brown,udunlap@example.org,001-267-410-7156,Delhi,Uttar Pradesh,India,2022-06-10,Gold,Inactive
CUST00175,Amber,Beck,lance43@example.org,279-242-7650x85549,Delhi,Tamil Nadu,India,2022-10-26,Gold,Inactive
CUST00176,Isaiah,Morris,jeffrey51@example.net,+1-716-865-7743,Lucknow,Maharashtra,India,2023-12-21,Platinum,Active
CUST00177,Kathleen,Williams,oherrera@example.com,(767)646-6699,Kolkata,Tamil Nadu,India,2022-09-28,Gold,Active
CUST00178,Brenda,Serrano,kristina53@example.com,6029653003,Pune,Bihar,India,2023-07-12,Gold,Active
CUST00179,Joshua,Navarro,jonathancrawford@example.net,419.795.5925x032,Delhi,Bihar,India,2022-03-15,Gold,Inactive
CUST00180,Timothy,Smith,perezjulie@example.com,424-844-3398x1349,Mumbai,Rajasthan,India,2023-03-26,Platinum,Inactive
CUST00181,Thomas,Smith,sherrydean@example.org,3412225663,Bangalore,Telangana,India,2023-12-18,Platinum,Inactive
CUST00182,William,Lynch,wrightmarcus@example.net,887.454.4758,Mumbai,Delhi,India,2023-03-25,Gold,Inactive
CUST00183,Joyce,Murillo,icarter@example.net,547.832.1457,Hyderabad,Delhi,India,2023-09-11,Silver,Active
CUST00184,Susan,Moore,pmccoy@example.com,(841)253-1271x4831,Kolkata,Delhi,India,2023-11-22,Platinum,Inactive
CUST00185,Caroline,Thomas,zjackson@example.net,3745766895,Delhi,Bihar,India,2023-08-14,Gold,Inactive
CUST00186,Michael,Harris,uramirez@example.net,001-734-656-3850x24055,Patna,Uttar Pradesh,India,2022-10-12,Platinum,Inactive
CUST00187,Christopher,Collins,jeremymorse@example.net,+1-487-442-5300,Lucknow,Karnataka,India,2022-04-04,Gold,Inactive
CUST00188,Alexandria,Tucker,juliaklein@example.com,404-567-0875x30715,Mumbai,Bihar,India,2022-11-25,Gold,Inactive
CUST00189,Carolyn,Lee,youngaustin@example.com,666.493.1571,Lucknow,Telangana,India,2023-12-12,Platinum,Inactive
CUST00190,Michael,Sanders,donaldharris@example.com,579.581.0599x995,Jaipur,Delhi,India,2024-04-13,Gold,Active
CUST00191,Justin,Williams,walshbrandon@example.net,431.241.3057,Hyderabad,Karnataka,India,2022-11-19,Silver,Inactive
CUST00192,Kimberly,Hutchinson,santoscheryl@example.net,+1-530-931-7979,Jaipur,Delhi,India,2024-06-04,Platinum,Inactive
CUST00193,Jeffrey,Baker,michaeltaylor@example.net,706.753.0821,Delhi,Tamil Nadu,India,2023-02-28,Platinum,Inactive
CUST00194,Michael,Stewart,leahperez@example.net,831-323-3581,Lucknow,Rajasthan,India,2023-09-30,Silver,Active
CUST00195,Mary,Dodson,jeffrey23@example.com,(715)863-6708,Jaipur,Bihar,India,2022-10-01,Gold,Inactive
CUST00196,Eric,Harmon,richardray@example.org,602.320.2286x7759,Lucknow,Maharashtra,India,2023-12-17,,Active
CUST00197,Ian,Dunn,nelsonsamantha@example.net,815.512.8906,Patna,Telangana,India,2023-12-28,Platinum,Active
CUST00198,Meghan,Hess,ashley65@example.org,001-332-250-8576x551,Bangalore,Maharashtra,India,2023-07-20,Silver,Active
CUST00199,Thomas,Avery,alan68@example.com,(370)749-4314,Mumbai,Bihar,India,2023-04-18,Gold,Inactive
CUST00200,Paula,Moran,anthony39@example.net,624.400.1282,Hyderabad,Uttar Pradesh,India,2023-06-06,Gold,Inactive
CUST00201,Kevin,Padilla,robleskevin@example.net,(455)872-4923,Lucknow,West Bengal,India,2022-09-07,Silver,Inactive
CUST00202,Jennifer,Henry,charles22@example.com,232.262.6716,Kolkata,West Bengal,India,2022-07-15,Platinum,Active
CUST00203,Nancy,Sims,laurachang@example.com,(880)929-9845,Mumbai,Telangana,India,2024-06-03,Gold,Inactive
CUST00204,Ashley,Trujillo,stacie69@example.org,8482932284,Jaipur,Telangana,India,2024-03-17,Silver,Inactive
CUST00205,Cynthia,King,harrisgregory@example.com,+1-720-762-9458x285,Hyderabad,Rajasthan,India,2024-01-14,Silver,Inactive
CUST00206,Wesley,Hernandez,bryan06@example.com,925-854-1623x80871,Lucknow,Karnataka,India,2023-07-06,Gold,Inactive
CUST00207,Michael,Williams,matthewmooney@example.org,454.231.4928,Chennai,Tamil Nadu,India,2023-04-12,Platinum,Active
CUST00208,Jamie,Holmes,ellen10@example.com,(330)796-4416x3186,Bangalore,Tamil Nadu,India,2023-08-09,Gold,Active
CUST00209,John,Turner,medinavalerie@example.net,001-442-450-0209,Lucknow,Uttar Pradesh,India,2022-11-22,Gold,Active
CUST00210,Stephen,Haynes,cynthiahobbs@example.com,972.361.7266,Delhi,Bihar,India,2023-05-23,Platinum,Inactive
CUST00211,Sarah,Woods,blee@example.org,8627019612,Mumbai,Rajasthan,India,2024-06-09,Silver,Inactive
CUST00212,Donna,Yang,briancoleman@example.net,(607)342-2958,Patna,Uttar Pradesh,India,2022-01-16,Platinum,Active
CUST00213,Aaron,Gentry,rachel42@example.com,968.626.6689,Lucknow,Telangana,India,2022-03-18,Gold,Inactive
CUST00214,Megan,Whitehead,moorejessica@example.com,338-923-0980x31477,Mumbai,Karnataka,India,2023-10-28,Platinum,Inactive
CUST00215,Stephen,Andrews,vpoole@example.com,001-719-329-8190x7771,Lucknow,West Bengal,India,2022-11-21,Silver,Active
CUST00216,Carla,Roth,lcosta@example.net,504-574-0270x31607,Hyderabad,Tamil Nadu,India,2022-08-29,Platinum,Active
CUST00217,Bridget,Ferguson,pattersonjulie@example.com,(448)978-6005x27578,Mumbai,Maharashtra,India,2023-03-21,Gold,Active
CUST00218,Aaron,Hickman,handerson@example.org,(701)485-5948x2469,Hyderabad,Delhi,India,2023-12-12,Silver,Inactive
CUST00219,Jonathan,Martin,amber91@example.net,549-561-9977x468,Delhi,Telangana,India,2024-03-26,Gold,Inactive
CUST00220,Cynthia,Lucas,kimberlydavis@example.net,+1-570-206-2177x47510,Patna,Tamil Nadu,India,2023-03-18,Platinum,Inactive
CUST00221,Mark,Webster,donnabaker@example.org,001-336-247-9315,Patna,Bihar,India,2023-08-03,Silver,Active
CUST00222,Paul,Ayers,matthewhahn@example.com,(479)623-6545,Bangalore,Tamil Nadu,India,2023-09-17,Gold,Active
CUST00223,Jamie,Rodriguez,pgreen@example.net,+1-518-589-6798x697,Lucknow,Telangana,India,2022-08-26,Gold,Inactive
CUST00224,Crystal,Paul,david31@example.net,+1-681-821-7039x093,Delhi,Rajasthan,India,2023-11-14,Gold,Active
CUST00225,Felicia,Bell,gregorypalmer@example.org,417.774.6048x1485,Lucknow,Karnataka,India,2022-03-17,Platinum,Inactive
CUST00226,Angela,Lee,prodriguez@example.com,(257)612-4677,Bangalore,Telangana,India,2023-10-17,Gold,Inactive
CUST00227,Lisa,Rose,walterduncan@example.org,373-670-4144,Bangalore,Rajasthan,India,2022-07-23,Silver,Active
CUST00228,Christine,Ortiz,gmcgee@example.org,(901)404-1191,Kolkata,Karnataka,India,2023-01-26,Platinum,Inactive
CUST00229,Jason,Mendoza,reyesjennifer@example.net,,Hyderabad,Delhi,India,2023-12-18,Platinum,Inactive
CUST00230,Joseph,Miller,andrewlester@example.org,001-691-529-8491x2536,Delhi,Delhi,India,2022-10-09,Platinum,Inactive
CUST00231,Jennifer,Bradley,johnsonscott@example.com,423-222-3106x17011,Hyderabad,Tamil Nadu,India,2024-05-02,Platinum,Inactive
CUST00232,Jose,Sims,leemary@example.org,680-988-7166x31132,Pune,Telangana,India,2022-08-13,Platinum,Active
CUST00233,Tammie,Johnson,kclark@example.org,001-673-622-9001,Mumbai,Delhi,India,2023-10-06,Gold,Inactive
CUST00234,Sarah,Anderson,dcobb@example.com,(605)433-0117,Kolkata,Karnataka,India,2022-02-04,Platinum,Active
CUST00235,Jennifer,Deleon,seanbell@example.com,982-946-9279x5909,Hyderabad,Karnataka,India,2022-04-03,Platinum,Inactive
CUST00236,Gina,Oneal,carl11@example.net,+1-421-544-7681x09545,Pune,Bihar,India,2022-06-29,Platinum,Inactive
CUST00237,Amanda,Hoffman,garciaraymond@example.com,258-632-4352,Jaipur,Telangana,India,2023-06-28,Silver,Inactive
CUST00238,Jennifer,Sullivan,coxsara@example.org,+1-520-212-3044,Lucknow,Telangana,India,2024-04-24,Platinum,Inactive
CUST00239,Kimberly,Sanchez,willisdaniel@example.com,927-473-8998x8348,Mumbai,Rajasthan,India,2024-04-03,Silver,Active
CUST00240,Peter,Pham,dbarrett@example.com,565.342.3795,Pune,Uttar Pradesh,India,2024-02-12,Platinum,Inactive
CUST00241,Rebecca,Knight,nthompson@example.com,(591)573-7648,Bangalore,Delhi,India,2022-04-03,Gold,Active
CUST00242,Jessica,Bailey,foxsusan@example.net,722-667-8328,Chennai,Telangana,India,2023-04-11,Platinum,Inactive
CUST00243,Timothy,Kelley,lindsey34@example.org,001-728-832-7957x73697,Chennai,Maharashtra,India,2024-04-22,Platinum,Active
CUST00244,Michelle,Cox,xmccarthy@example.com,+1-536-574-0377x672,Delhi,West Bengal,India,2023-04-28,Gold,Active
CUST00245,David,Santana,brownbarbara@example.net,(201)440-7482,Mumbai,Rajasthan,India,2023-10-26,Platinum,Inactive
CUST00246,Melanie,Rogers,melissa06@example.org,+1-591-460-0981x842,Bangalore,Maharashtra,India,2023-10-27,Silver,Active
CUST00247,Nicholas,Kelly,jonescharles@example.com,638-339-0682,Hyderabad,Rajasthan,India,2022-02-08,Silver,Active
CUST00248,Elizabeth,Walker,choigrace@example.org,708-975-0183,Jaipur,Bihar,India,2022-08-29,Gold,Inactive
CUST00249,Arthur,Holmes,yolandaphillips@example.com,(856)225-8619x745,Jaipur,Uttar Pradesh,India,2023-01-15,Platinum,Active
CUST00250,Toni,Hunt,steeleanna@example.org,001-964-792-6624,Mumbai,Rajasthan,India,2023-03-01,Platinum,Inactive
CUST00251,Amy,Mcmahon,castillorobin@example.com,(776)921-9705,Delhi,Karnataka,India,2022-10-14,Silver,Inactive
CUST00252,Benjamin,Dunlap,bchandler@example.org,+1-631-978-3303x69626,Pune,Karnataka,India,2023-04-01,Silver,Inactive
CUST00253,Derrick,Garza,silvacatherine@example.com,571.932.9941,Chennai,Delhi,India,2023-07-12,Gold,Inactive
CUST00254,Omar,Morris,qtaylor@example.com,001-810-873-0097x062,Mumbai,Rajasthan,India,2022-07-14,Silver,Active
CUST00255,Alexis,Anderson,cynthia18@example.com,792-556-8073x98662,Kolkata,Delhi,India,2023-10-20,Silver,Inactive
CUST00256,David,Lane,wrightamy@example.org,933-455-7491x5734,Patna,Tamil Nadu,India,2022-09-07,Silver,Active
CUST00257,Sherri,Hardy,jesse63@example.com,242.539.5133,Pune,Tamil Nadu,India,2023-08-24,Gold,Active
CUST00258,Antonio,White,ckhan@example.net,(319)652-4747x9404,Kolkata,Delhi,India,2024-03-18,Gold,Active
CUST00259,Beverly,Parker,sean71@example.net,(675)268-9626x72436,Jaipur,Telangana,India,2022-05-14,Silver,Active
CUST00260,Cynthia,Levine,emilybrown@example.net,859-975-8538x81453,Delhi,Bihar,India,2023-11-08,Silver,Inactive
CUST00261,Patricia,Valenzuela,gabrielle19@example.com,+1-540-229-2757x364,Pune,Karnataka,India,2024-03-19,Silver,Active
CUST00262,Timothy,Hernandez,mackenziemills@example.org,2216986018,Delhi,Bihar,India,2022-09-29,Platinum,Inactive
CUST00263,Taylor,Nunez,elizabeththomas@example.com,4297148849,Mumbai,Maharashtra,India,2023-06-23,Gold,Inactive
CUST00264,Bailey,Hawkins,bankstammy@example.net,744-516-4472,Chennai,West Bengal,India,2024-03-07,Platinum,Active
CUST00265,Jack,Meadows,mcintyrekatherine@example.org,421.657.1011x44101,Jaipur,Tamil Nadu,India,2023-04-08,Platinum,Active
CUST00266,Jennifer,Davis,lesliejacobs@example.org,001-371-876-7394x85093,Jaipur,Telangana,India,2024-01-15,Gold,Active
CUST00267,Gilbert,Patel,keith01@example.net,8396389847,Lucknow,Uttar Pradesh,India,2022-03-04,Gold,Active
CUST00268,Craig,Pacheco,carl30@example.net,+1-540-755-8990,Lucknow,Maharashtra,India,2023-05-18,Silver,Inactive
CUST00269,Alexandra,Serrano,jillian96@example.com,680.704.0521,Patna,Maharashtra,India,2023-09-15,Silver,Inactive
CUST00270,Jose,Kim,heather71@example.org,458.765.5745,Kolkata,West Bengal,India,2023-10-02,Platinum,Inactive
CUST00271,Deborah,Murray,urhodes@example.net,960-256-6714x839,Kolkata,West Bengal,India,2023-01-26,Gold,Inactive
CUST00272,Kathleen,Le,maxwellmelissa@example.com,(298)989-4667x102,Kolkata,Uttar Pradesh,India,2023-06-02,Silver,Active
CUST00273,Jennifer,Flores,theresa69@example.com,(612)900-0642,Jaipur,Tamil Nadu,India,2024-05-23,Gold,Inactive
CUST00274,Shelly,Mitchell,xcrawford@example.org,858.361.0319,Bangalore,Karnataka,India,2022-08-22,Gold,Inactive
CUST00275,Stanley,Zimmerman,rita89@example.com,248-277-8476,Mumbai,Karnataka,India,2023-03-02,Gold,Inactive
CUST00276,Vanessa,Brown,briannagriffin@example.com,+1-594-711-0183x83765,Hyderabad,Karnataka,India,2023-11-13,,Inactive
CUST00277,Joel,Stout,aforbes@example.net,8658107659,Mumbai,Maharashtra,India,2022-03-10,Silver,Inactive
CUST00278,Melissa,Curtis,adamsrebecca@example.com,+1-964-369-0204x198,Chennai,Bihar,India,2022-04-09,Platinum,Active
CUST00279,Christopher,Nicholson,jpruitt@example.net,540-463-5466x1678,Jaipur,West Bengal,India,2023-08-24,Gold,Active
CUST00280,Justin,Benson,rosariorobin@example.com,2057770621,Chennai,Uttar Pradesh,India,2023-02-25,Platinum,Active
CUST00281,Laura,Vasquez,fishertimothy@example.com,(445)449-4133,Kolkata,Telangana,India,2022-10-22,Gold,Active
CUST00282,Christopher,Robertson,webercrystal@example.com,288.488.5622,Jaipur,Tamil Nadu,India,2023-08-15,Silver,Inactive
CUST00283,Chelsea,Cox,michelleramirez@example.com,(630)398-8250,Mumbai,Karnataka,India,2022-08-18,Platinum,Inactive
CUST00284,Amanda,Jones,kathleenhahn@example.org,001-567-750-0107x54446,Hyderabad,Tamil Nadu,India,2022-04-28,Gold,Active
CUST00285,Shannon,Morales,danielvalerie@example.com,(205)849-7751x1393,Hyderabad,Delhi,India,2023-09-16,Silver,Inactive
CUST00286,Gregory,Holmes,thompsondon@example.com,(379)246-2071,Hyderabad,Karnataka,India,2023-12-21,Gold,Active
CUST00287,Andrew,Moore,jessicaturner@example.com,+1-674-868-7038,Patna,Uttar Pradesh,India,2022-07-05,Silver,Active
CUST00288,Matthew,Baker,krystal43@example.org,(415)764-0610x843,Delhi,Maharashtra,India,2024-01-29,Platinum,Active
CUST00289,James,Elliott,susan40@example.org,511.751.3325,Bangalore,Rajasthan,India,2023-01-21,Gold,Active
CUST00290,Cassandra,Harding,connordeleon@example.org,001-306-575-8359x182,Hyderabad,Karnataka,India,2023-01-14,Platinum,Active
CUST00291,Sarah,Randall,andersongina@example.com,(220)488-7285x21910,Patna,Bihar,India,2022-02-23,Platinum,Active
CUST00292,Amy,Barnes,michaelterrell@example.net,653-977-2184x265,Mumbai,Telangana,India,2023-11-22,Gold,Inactive
CUST00293,Kevin,Frank,goldentodd@example.com,(735)722-8047x5249,Kolkata,Rajasthan,India,2023-05-13,Gold,Inactive
CUST00294,James,Barnes,jasonmoore@example.com,001-679-810-5565x422,Jaipur,Maharashtra,India,2022-08-09,Gold,Inactive
CUST00295,Carly,Adams,josephshort@example.org,+1-296-793-2369x820,Hyderabad,Rajasthan,India,2022-04-24,Platinum,Inactive
CUST00296,Justin,Burke,sgomez@example.org,2409957997,Pune,Uttar Pradesh,India,2022-02-16,Platinum,Active
CUST00297,Laura,Collins,alyssasingleton@example.com,001-805-457-2143x2430,Pune,Telangana,India,2022-01-08,Silver,Active
CUST00298,Michele,Murphy,andrew66@example.org,+1-285-506-5562,Hyderabad,Telangana,India,2024-02-22,Gold,Active
CUST00299,Paula,Conrad,qjohnson@example.net,739-820-6813x35150,Lucknow,Uttar Pradesh,India,2022-01-08,Silver,Active
CUST00300,Abigail,Williams,kentkyle@example.net,001-511-824-2344,Jaipur,Tamil Nadu,India,2023-01-25,Platinum,Inactive
CUST00301,Carlos,Davis,randylong@example.net,636.650.4665x019,Bangalore,Delhi,India,2022-03-15,Gold,Active
CUST00302,Hannah,Howard,gsweeney@example.net,+1-347-304-8974x3154,Mumbai,Karnataka,India,2023-04-16,Platinum,Inactive
CUST00303,Andrew,Taylor,ebarron@example.net,+1-317-611-9936,Bangalore,Uttar Pradesh,India,2023-08-11,Gold,Active
CUST00304,Bethany,Kirk,taylorfrank@example.org,382.648.2678x85040,Delhi,Karnataka,India,2023-02-19,Silver,Inactive
CUST00305,Brian,Jones,glennheidi@example.net,+1-341-392-3927x3370,Chennai,Maharashtra,India,2024-05-01,Gold,Active
CUST00306,Adam,Benton,gary36@example.net,538.203.4475x66091,Bangalore,Uttar Pradesh,India,2022-09-07,Platinum,Active
CUST00307,Kathy,Rogers,thomas14@example.net,382-931-6664x53072,Hyderabad,Karnataka,India,2023-02-10,Silver,Inactive
CUST00308,Lisa,Hayes,brenda21@example.net,558-465-7843x40182,Patna,Maharashtra,India,2024-03-08,Platinum,Active
CUST00309,Daniel,Williams,andrew67@example.net,234-420-5360x3490,Jaipur,Tamil Nadu,India,2023-06-28,Gold,Inactive
CUST00310,Julie,Walters,zimmermanscott@example.org,691.224.0395x354,Patna,Tamil Nadu,India,2024-01-15,Silver,Active
CUST00311,Norma,Keller,ulewis@example.org,443-610-6055x919,Pune,Bihar,India,2022-09-20,Platinum,Active
CUST00312,Angela,Barrett,angelamoody@example.com,(645)743-9646x23056,Mumbai,Bihar,India,2024-02-18,Platinum,Inactive
CUST00313,Christie,Williams,alexis50@example.com,408-978-4456x1630,Kolkata,Rajasthan,India,2023-04-21,Platinum,Inactive
CUST00314,Kimberly,Andrews,pwilson@example.com,823-395-3039,Chennai,Bihar,India,2024-06-03,Gold,Active
CUST00315,Wesley,Rojas,jennifer59@example.com,802-547-7488,Lucknow,Telangana,India,2023-04-26,Gold,Active
CUST00316,Brenda,Lopez,blackwellfelicia@example.com,811.313.7401x46223,Jaipur,Maharashtra,India,2022-12-27,Gold,Inactive
CUST00317,Adam,Casey,kendrahardy@example.com,977-332-2354,Delhi,Delhi,India,2023-04-08,Gold,Inactive
CUST00318,Daniel,Terry,lovekatherine@example.net,(273)706-7684,Mumbai,West Bengal,India,2022-03-20,Gold,Inactive
CUST00319,Albert,Campbell,perkinskyle@example.org,(870)702-6949,Jaipur,Delhi,India,2023-08-18,Gold,Active
CUST00320,Alexander,Taylor,michaelward@example.org,325-752-4021x96569,Kolkata,Rajasthan,India,2022-11-26,Platinum,Active
CUST00321,Michael,Nguyen,maddoxmartin@example.org,001-938-303-8717,Lucknow,Maharashtra,India,2022-03-05,Gold,Active
CUST00322,John,Hogan,sandovalreginald@example.org,296.522.7612x4005,Patna,Delhi,India,2023-06-01,Silver,Inactive
CUST00323,Doris,Garcia,jweber@example.org,269-594-9171x241,Jaipur,West Bengal,India,2023-03-26,Platinum,Active
CUST00324,Colin,Richardson,robertperez@example.com,480.814.5772,Chennai,Telangana,India,2023-01-08,Gold,Inactive
CUST00325,Jeffrey,Love,blairmichael@example.net,265-652-6175x244,Chennai,Delhi,India,2024-03-04,Platinum,Inactive
CUST00326,Kelly,Barber,thompsonjasmine@example.com,428.852.0380x85437,Chennai,Maharashtra,India,2022-03-09,Platinum,Inactive
CUST00327,Erin,Lewis,samanthagardner@example.net,569-884-8100x39517,Hyderabad,Bihar,India,2022-10-18,Gold,Active
CUST00328,Christopher,Fisher,cjohnson@example.org,001-717-813-0886x034,Patna,Karnataka,India,2023-08-20,Gold,Inactive
CUST00329,Robert,Mcguire,jnicholson@example.net,(472)533-3171,Kolkata,Maharashtra,India,2022-05-13,Gold,Inactive
CUST00330,Sarah,Nguyen,lwilliams@example.net,(466)569-0239,Chennai,Bihar,India,2023-10-21,Platinum,Active
CUST00331,Austin,Sullivan,william68@example.com,+1-274-454-2775x29621,Bangalore,West Bengal,India,2023-10-24,Gold,Active
CUST00332,Brianna,Welch,brookeharrison@example.com,+1-274-982-0843x64182,Hyderabad,Bihar,India,2023-01-07,Silver,Inactive
CUST00333,Michael,Vincent,ywolf@example.com,001-929-293-5378x27221,Lucknow,Tamil Nadu,India,2024-02-24,Silver,Active
CUST00334,Brittany,Nguyen,pmiller@example.net,,Mumbai,Telangana,India,2022-06-08,Silver,Active
CUST00335,Amanda,Carroll,ronald30@example.org,(357)592-1467,Chennai,Bihar,India,2023-11-09,Platinum,Inactive
CUST00336,Paul,Espinoza,gregorykrueger@example.net,880-654-1888x669,Patna,Bihar,India,2022-06-07,Platinum,Active
CUST00337,Wanda,Rogers,pvargas@example.org,(420)780-9624,Lucknow,Delhi,India,2024-01-09,Gold,Inactive
CUST00338,Jacqueline,Stout,stacyward@example.net,845.670.9058,Pune,Rajasthan,India,2023-11-24,Platinum,Inactive
CUST00339,Scott,Rodgers,sotoelizabeth@example.com,331.394.2771x587,Lucknow,Tamil Nadu,India,2024-02-10,Platinum,Active
CUST00340,Donna,Lawson,johnsonanthony@example.org,764-831-4869x297,Lucknow,Tamil Nadu,India,2022-11-13,Gold,Inactive
CUST00341,Nicholas,Harris,mjohnson@example.net,725.344.7360x6674,Hyderabad,Uttar Pradesh,India,2023-04-18,Platinum,Inactive
CUST00342,Jeremy,Brown,nicole25@example.org,9888540659,Pune,Bihar,India,2022-06-15,Gold,Active
CUST00343,Jason,Young,andrea97@example.com,+1-629-642-2494x877,Lucknow,Karnataka,India,2023-10-19,Platinum,Active
CUST00344,Roberto,Deleon,xhoward@example.net,341-567-8744x7062,Jaipur,Maharashtra,India,2023-12-30,Gold,Active
CUST00345,Emily,Oneal,mirandalauren@example.org,2643938212,Patna,Telangana,India,2024-02-21,Gold,Active
CUST00346,Stephen,Jordan,valexander@example.net,(657)932-7348x866,Bangalore,Maharashtra,India,2024-04-30,Silver,Inactive
CUST00347,Wendy,Villarreal,lvega@example.com,271-379-1321x930,Delhi,Uttar Pradesh,India,2022-12-24,Silver,Inactive
CUST00348,Eric,Foster,dcarlson@example.com,425.278.5910x7998,Chennai,Tamil Nadu,India,2023-05-30,Gold,Active
CUST00349,Abigail,Rivers,thomas08@example.com,001-572-755-8254x13906,Pune,Delhi,India,2023-01-19,Gold,Active
CUST00350,Johnny,Benitez,deborahrodriguez@example.org,+1-955-748-1337x099,Chennai,Bihar,India,2024-05-09,Silver,Active
CUST00351,Kathleen,Lewis,troy61@example.com,9916028180,Lucknow,Bihar,India,2022-10-21,Platinum,Inactive
CUST00352,Kayla,Duncan,teresagreen@example.net,783-429-8400,Kolkata,Delhi,India,2023-04-05,Silver,Active
CUST00353,Robert,Wilson,dawn36@example.org,+1-219-705-7514x8118,Pune,Bihar,India,2022-09-20,Platinum,Inactive
CUST00354,George,Welch,carl67@example.net,947.492.9035x9810,Hyderabad,Tamil Nadu,India,2022-04-24,Gold,Active
CUST00355,Mary,Hawkins,keith03@example.net,+1-935-815-3470x45871,Pune,Uttar Pradesh,India,2022-02-18,Platinum,Inactive
CUST00356,Carlos,Guzman,amills@example.org,346-403-2060x778,Mumbai,Rajasthan,India,2022-03-06,Platinum,Active
CUST00357,Erica,Baker,lferguson@example.com,001-741-766-4479x1613,Jaipur,Tamil Nadu,India,2023-10-10,Platinum,Active
CUST00358,Tim,Hoffman,brownbrian@example.com,881.679.6298x3555,Bangalore,Delhi,India,2022-10-26,Platinum,Inactive
CUST00359,Dana,Hamilton,bryanhudson@example.org,+1-357-635-9985x0258,Kolkata,Uttar Pradesh,India,2022-09-04,Silver,Active
CUST00360,Marie,Griffin,cbaker@example.net,001-758-577-3863x94287,Chennai,Maharashtra,India,2023-06-21,Platinum,Active
CUST00361,Laura,Burke,traviskara@example.com,001-643-257-1732x553,Lucknow,Delhi,India,2023-02-04,Platinum,Inactive
CUST00362,Frank,Perez,morgan49@example.org,8097008333,Hyderabad,Delhi,India,2023-01-18,Gold,Active
CUST00363,Henry,Davis,gregoryclark@example.org,001-499-746-2247,Pune,Maharashtra,India,2022-12-20,Platinum,Inactive
CUST00364,Courtney,Benitez,brownnatasha@example.org,217-820-1735x5261,Delhi,Karnataka,India,2022-05-17,Platinum,Inactive
CUST00365,Peter,Taylor,sstephens@example.org,302-266-2858,Patna,Rajasthan,India,2024-04-13,Platinum,Inactive
CUST00366,Heather,Carr,gfitzpatrick@example.com,8123589433,Patna,Bihar,India,2023-10-09,Silver,Inactive
CUST00367,Jessica,Valdez,gomezalbert@example.com,366-308-0182,Hyderabad,Tamil Nadu,India,2022-02-07,Silver,Active
CUST00368,Jenna,Curtis,aaronfoster@example.com,924-715-6073,Chennai,Telangana,India,2022-02-12,Platinum,Inactive
CUST00369,Maxwell,Moore,ubell@example.net,795.734.0925x73382,Jaipur,Rajasthan,India,2024-04-14,Gold,Active
CUST00370,Linda,Fisher,vcarlson@example.org,406-212-0278x6716,Pune,Telangana,India,2024-02-11,Gold,Active
CUST00371,Scott,Gray,robertsamy@example.org,655.522.5996x1383,Chennai,Telangana,India,2024-06-05,,Inactive
CUST00372,Bruce,Fleming,carly43@example.net,001-555-614-6449x8044,Bangalore,Rajasthan,India,2023-03-24,Gold,Inactive
CUST00373,Danielle,Fitzgerald,ybaker@example.net,001-300-282-7340x989,Lucknow,Rajasthan,India,2022-07-11,Gold,Inactive
CUST00374,Kimberly,Lewis,michaelrosario@example.org,+1-411-784-9250x11275,Mumbai,Uttar Pradesh,India,2024-03-31,Silver,Inactive
CUST00375,Sean,Quinn,christopher12@example.net,705-655-2016x70709,Patna,West Bengal,India,2023-09-09,Gold,Inactive
CUST00376,Alexander,Mitchell,tmartinez@example.org,5345283644,Mumbai,Karnataka,India,2022-04-16,Platinum,Inactive
CUST00377,Ashley,Rodriguez,melissatucker@example.com,(385)453-3455x467,Lucknow,Uttar Pradesh,India,2022-11-10,Silver,Inactive
CUST00378,Shelby,Mcdaniel,tinaarcher@example.com,+1-211-550-8997,Lucknow,Delhi,India,2022-12-26,Platinum,Inactive
CUST00379,Kathryn,Hickman,rebeccaallen@example.com,(367)318-8762,Bangalore,Telangana,India,2023-09-22,Platinum,Active
CUST00380,Chloe,Taylor,jgay@example.org,500.630.8974x751,Bangalore,Karnataka,India,2022-03-18,Platinum,Active
CUST00381,Cindy,Williams,garciatimothy@example.org,254-240-6497,Patna,Rajasthan,India,2022-02-01,Silver,Active
CUST00382,Virginia,Miller,shannonlauren@example.org,(881)360-2162,Pune,Karnataka,India,2022-03-10,Gold,Inactive
CUST00383,Wayne,Cunningham,mooneykevin@example.org,001-711-722-3079x9342,Delhi,Bihar,India,2023-08-04,Platinum,Inactive
CUST00384,Vincent,Cannon,thomasfletcher@example.com,+1-912-579-3505x48201,Chennai,Rajasthan,India,2023-01-15,Silver,Active
CUST00385,Jonathan,Brock,bradleysalazar@example.net,001-265-623-7908x93539,Chennai,Uttar Pradesh,India,2023-06-27,Gold,Inactive
CUST00386,Kristin,Rhodes,davidlang@example.org,(730)845-0856x00566,Mumbai,Delhi,India,2022-09-13,Platinum,Active
CUST00387,Daniel,Riley,henrychristopher@example.com,233-464-1020x3261,Jaipur,Uttar Pradesh,India,2023-05-27,Platinum,Active
CUST00388,John,Franco,groth@example.com,(798)710-2604x1278,Hyderabad,Rajasthan,India,2022-09-26,Silver,Inactive
CUST00389,Heather,Harris,owensean@example.org,+1-717-824-4645x477,Lucknow,Tamil Nadu,India,2023-12-12,Silver,Active
CUST00390,Catherine,Hines,llane@example.com,001-465-989-1870,Mumbai,Rajasthan,India,2024-05-23,Silver,Inactive
CUST00391,Alexandria,Mcclain,johnbriggs@example.com,467-339-1403,Chennai,Karnataka,India,2022-03-31,Platinum,Active
CUST00392,Michelle,Jones,jamie94@example.net,(740)627-4817x61011,Jaipur,Telangana,India,2023-07-18,Gold,Active
CUST00393,Michael,Shah,huffsteve@example.com,337.514.8134,Patna,Karnataka,India,2023-12-30,Platinum,Active
CUST00394,Linda,Valencia,feliciaperez@example.net,,Pune,Bihar,India,2022-05-05,Silver,Inactive
CUST00395,Timothy,Taylor,kingphillip@example.org,001-382-677-4206x871,Chennai,West Bengal,India,2022-01-27,Platinum,Inactive
CUST00396,Randy,Baker,bwilliams@example.net,(802)762-1996,Jaipur,Bihar,India,2023-04-24,Platinum,Active
CUST00397,Clayton,Edwards,yjohnson@example.org,001-789-703-4708x8682,Hyderabad,Uttar Pradesh,India,2022-03-09,Platinum,Inactive
CUST00398,Julie,Hudson,middletoneric@example.com,+1-682-591-2990x06775,Bangalore,Uttar Pradesh,India,2023-06-23,Platinum,Active
CUST00399,Brandon,Kent,daniel17@example.com,705-612-4883,Chennai,Maharashtra,India,2022-05-09,Gold,Inactive
CUST00400,Nicholas,Watkins,riveraryan@example.org,001-517-201-5128x3516,Jaipur,Karnataka,India,2023-11-28,Silver,Active
CUST00401,Shelley,Price,pittmanjohn@example.org,001-299-286-1643x0645,Patna,Uttar Pradesh,India,2024-02-26,Platinum,Active
CUST00402,Leah,Meyer,vnunez@example.com,432-769-8572,Mumbai,West Bengal,India,2024-05-01,Silver,Inactive
CUST00403,Jane,James,pmarshall@example.net,(947)525-4814x830,Patna,Karnataka,India,2022-06-18,Platinum,Active
CUST00404,Kara,Harris,kimberlytravis@example.com,985-527-8338x730,Jaipur,Telangana,India,2022-12-21,Silver,Inactive
CUST00405,Erika,Barker,katherine62@example.com,(672)967-7140x5015,Jaipur,Telangana,India,2022-07-21,Silver,Inactive
CUST00406,James,Pierce,bcarr@example.net,(439)399-1179x91394,Jaipur,Maharashtra,India,2023-09-22,Platinum,Active
CUST00407,Alex,Payne,julie67@example.com,551.422.3053,Kolkata,Bihar,India,2023-08-30,Silver,Inactive
CUST00408,Luke,Sandoval,nthomas@example.com,(312)578-1665x7759,Kolkata,Delhi,India,2024-05-12,Silver,Active
CUST00409,Kimberly,Ruiz,rivasdarren@example.com,+1-912-527-3237x21710,Kolkata,Telangana,India,2022-02-16,Platinum,Active
CUST00410,Kelsey,Miller,brittanyodonnell@example.com,722-899-7989x014,Kolkata,Uttar Pradesh,India,2024-02-25,Platinum,Active
CUST00411,John,Jordan,courtneyrichardson@example.net,8388484480,Jaipur,Telangana,India,2023-05-25,Platinum,Inactive
CUST00412,Malik,Black,cooktimothy@example.org,6317705788,Pune,Uttar Pradesh,India,2023-05-10,Gold,Inactive
CUST00413,Kathy,Thompson,kristinfowler@example.org,928.307.5344x1835,Delhi,Bihar,India,2022-03-16,Gold,Inactive
CUST00414,Jacob,Reed,adrian11@example.com,482-629-8158x5966,Lucknow,Tamil Nadu,India,2023-05-11,Gold,Active
CUST00415,Heather,Quinn,schmittangela@example.org,784.836.4852,Chennai,Karnataka,India,2022-11-17,Gold,Active
CUST00416,Scott,Clark,brookselizabeth@example.com,275-868-5304x51143,Chennai,West Bengal,India,2024-02-18,Platinum,Active
CUST00417,Sarah,Weber,ruizdavid@example.net,505.295.0195,Pune,Rajasthan,India,2022-11-23,Silver,Inactive
CUST00418,Christopher,Wilkerson,djones@example.net,404.651.6605x3061,Pune,Bihar,India,2023-04-06,Silver,Active
CUST00419,Paul,Gonzalez,michellealexander@example.org,878.599.7228x4686,Bangalore,Uttar Pradesh,India,2022-10-25,Silver,Active
CUST00420,Daniel,Rivera,duffyandrea@example.com,(378)573-7693x851,Chennai,Karnataka,India,2024-04-13,Silver,Active
CUST00421,Alexandra,Bryant,haneymichael@example.com,8917866678,Jaipur,Rajasthan,India,2023-05-26,Gold,Inactive
CUST00422,Thomas,Buckley,aaron33@example.com,391.334.3796,Delhi,Maharashtra,India,2023-05-25,Gold,Inactive
CUST00423,Katelyn,Garcia,mckinneymary@example.net,+1-709-980-2569x482,Pune,Karnataka,India,2022-09-04,Silver,Active
CUST00424,Carrie,Scott,nathanielgarrison@example.com,001-953-635-6015,Lucknow,Rajasthan,India,2022-10-16,Gold,Active
CUST00425,Paul,Cruz,oford@example.net,426.262.8895,Mumbai,Uttar Pradesh,India,2024-05-17,Silver,Inactive
CUST00426,Anthony,Cabrera,jbright@example.org,001-483-876-3771x874,Chennai,Uttar Pradesh,India,2024-01-15,Gold,Active
CUST00427,Eric,Jacobs,shepardmichael@example.com,256-436-4256x5034,Delhi,West Bengal,India,2023-02-15,Silver,Inactive
CUST00428,Anna,Miller,littlemichael@example.com,001-956-505-6569,Hyderabad,Maharashtra,India,2023-07-21,Gold,Inactive
CUST00429,Greg,Moore,mckenziehannah@example.org,496.993.7898x7350,Jaipur,Telangana,India,2024-02-22,Platinum,Active
CUST00430,Theresa,Lopez,nicole96@example.com,(489)378-5931x519,Mumbai,Uttar Pradesh,India,2022-05-12,Gold,Inactive
CUST00431,Nathan,James,lcrosby@example.net,+1-607-498-4448x95365,Chennai,Bihar,India,2023-07-26,Silver,Inactive
CUST00432,Olivia,Johns,ginalong@example.net,952.856.0563,Delhi,Delhi,India,2023-05-28,Silver,Active
CUST00433,Michael,Chambers,lindawright@example.com,001-362-777-3421x554,Chennai,Rajasthan,India,2024-01-01,Platinum,Inactive
CUST00434,Tonya,Orozco,atkinsmichael@example.com,+1-391-996-5403,Kolkata,West Bengal,India,2022-06-02,Silver,Inactive
CUST00435,Lisa,Carroll,zvaldez@example.org,(750)963-9109x056,Chennai,Bihar,India,2023-09-20,Gold,Inactive
CUST00436,John,Lee,watsonmichael@example.org,+1-309-247-3459x64279,Chennai,West Bengal,India,2023-08-31,Platinum,Inactive
CUST00437,Kristen,Fuller,jschmidt@example.net,325.832.1533x948,Kolkata,Telangana,India,2023-12-27,Gold,Active
CUST00438,Phillip,Smith,tlane@example.org,500-840-7173x13313,Chennai,Maharashtra,India,2023-01-13,Gold,Inactive
CUST00439,James,Combs,bob87@example.net,(921)356-3090,Delhi,Rajasthan,India,2024-03-26,Gold,Active
CUST00440,Frank,Skinner,sara79@example.com,(787)674-2378x118,Delhi,Rajasthan,India,2024-01-09,Silver,Inactive
CUST00441,Ashley,Johnson,srogers@example.net,764-223-8459,Pune,Delhi,India,2022-06-01,Platinum,Active
CUST00442,Sarah,Mcmillan,danielthomas@example.com,001-950-362-2045x8852,Delhi,Rajasthan,India,2022-07-15,Gold,Inactive
CUST00443,Calvin,Mullins,diane39@example.net,001-886-465-5948x54533,Bangalore,Tamil Nadu,India,2022-06-05,Gold,Inactive
CUST00444,Alison,Reyes,tammymartin@example.net,001-500-816-2226,Delhi,Bihar,India,2024-06-12,Platinum,Active
CUST00445,Scott,Collins,wbrooks@example.com,445-718-5719,Chennai,Rajasthan,India,2023-07-29,Platinum,Inactive
CUST00446,Patrick,Simpson,bethanycobb@example.org,001-575-440-6020,Patna,Rajasthan,India,2022-11-18,Platinum,Inactive
CUST00447,Raymond,Hernandez,sergiodonaldson@example.com,(875)363-7203x3615,Chennai,Telangana,India,2023-07-14,Platinum,Inactive
CUST00448,Jason,Flores,aburnett@example.com,650-226-4186x0819,Pune,Telangana,India,2022-07-16,Platinum,Inactive
CUST00449,Brian,Hill,cjohnson@example.net,(878)538-1169,Hyderabad,Telangana,India,2022-08-19,Platinum,Active
CUST00450,Scott,Cole,william21@example.org,(872)296-8123,Lucknow,Karnataka,India,2023-12-08,Gold,Inactive
CUST00451,Kayla,Jacobs,cynthiapugh@example.com,877.439.4909,Hyderabad,Telangana,India,2023-07-28,Silver,Inactive
CUST00452,Dale,Stewart,steven80@example.org,001-452-724-8136x7685,Chennai,Bihar,India,2023-02-09,Gold,Active
CUST00453,John,Reed,garrisonangela@example.net,(375)766-6378x100,Mumbai,Karnataka,India,2022-10-22,Gold,Inactive
CUST00454,Adam,Mack,woodbryan@example.com,001-809-569-4415x921,Lucknow,Tamil Nadu,India,2024-02-05,Silver,Inactive
CUST00455,Stephanie,Long,elindsey@example.org,001-252-761-1291,Hyderabad,Bihar,India,2023-07-30,Silver,Active
CUST00456,Shelly,Moon,reyesdana@example.net,+1-686-696-9052x641,Delhi,West Bengal,India,2022-09-06,Silver,Active
CUST00457,Michelle,Williamson,torresbrian@example.org,263.461.8699,Mumbai,Uttar Pradesh,India,2022-02-23,Gold,Inactive
CUST00458,Beth,Rogers,owensedward@example.org,+1-985-281-5433x914,Patna,Delhi,India,2022-04-13,Platinum,Active
CUST00459,Michael,Hunter,finleymichelle@example.net,(831)214-3885,Lucknow,Rajasthan,India,2023-02-21,Platinum,Active
CUST00460,Brianna,Lopez,rebecca14@example.com,9716208121,Hyderabad,Karnataka,India,2024-02-14,Gold,Active
CUST00461,Thomas,Jones,bknight@example.com,911-932-1913x104,Mumbai,Tamil Nadu,India,2024-02-27,Platinum,Active
CUST00462,Diane,Miller,michaelrodriguez@example.com,4669275505,Bangalore,Bihar,India,2022-06-29,Silver,Inactive
CUST00463,Lisa,Young,stephanie69@example.org,001-536-689-0027x137,Lucknow,Bihar,India,2024-03-17,Platinum,Inactive
CUST00464,Crystal,Brooks,josegreen@example.com,(369)805-3645x934,Delhi,Delhi,India,2024-06-16,Gold,Active
CUST00465,Bryan,Roberts,laura90@example.org,757-298-1542,Hyderabad,Rajasthan,India,2022-12-10,Platinum,Inactive
CUST00466,Sonia,Lopez,douglaslarry@example.net,+1-733-852-0710,Jaipur,Rajasthan,India,2022-05-18,Gold,Active
CUST00467,Catherine,Crane,kwhite@example.net,+1-648-516-5492x4597,Mumbai,Karnataka,India,2024-04-08,Silver,Inactive
CUST00468,Michael,Torres,logan64@example.org,390.717.0843,Hyderabad,Bihar,India,2023-10-26,Silver,Inactive
CUST00469,Courtney,Anthony,gmccarthy@example.net,342.677.1271x619,Hyderabad,Tamil Nadu,India,2024-03-20,Silver,Inactive
CUST00470,William,Hudson,ioconnor@example.net,(854)490-8772x9543,Bangalore,West Bengal,India,2024-04-26,Gold,Active
CUST00471,Jason,Johnson,pamela51@example.com,643-322-7314x41859,Mumbai,Bihar,India,2023-02-15,,Inactive
CUST00472,Michelle,Gonzalez,martinezamanda@example.org,001-452-227-9886x01664,Pune,Delhi,India,2022-11-28,Gold,Inactive
CUST00473,Jamie,Martinez,elizabeth34@example.net,493-249-5726x7692,Lucknow,Telangana,India,2022-08-30,Gold,Inactive
CUST00474,Larry,Mclaughlin,allisoncoleman@example.com,703-784-6679x498,Kolkata,Delhi,India,2023-08-20,Gold,Inactive
CUST00475,Patricia,Hicks,kelsey95@example.org,342-206-2924,Pune,Delhi,India,2023-12-11,Platinum,Active
CUST00476,Tamara,Cabrera,mitchellerin@example.org,706.498.5581x26270,Hyderabad,Bihar,India,2023-04-22,Gold,Inactive
CUST00477,Chad,Sanders,stephaniewagner@example.com,001-608-892-6817x4687,Mumbai,Telangana,India,2023-12-08,Gold,Active
CUST00478,Robert,Webb,oconrad@example.org,(444)265-1813,Patna,Rajasthan,India,2022-08-13,Silver,Inactive
CUST00479,Alfred,Torres,hancockralph@example.net,001-310-560-9935,Kolkata,Karnataka,India,2024-02-05,Gold,Inactive
CUST00480,Jeffrey,Clarke,kellerhenry@example.net,251.202.0683,Jaipur,Tamil Nadu,India,2024-02-15,Silver,Active
CUST00481,Ray,Beasley,jimmymorrison@example.org,001-362-665-0949x01168,Lucknow,West Bengal,India,2023-06-23,Platinum,Inactive
CUST00482,David,Romero,landrykristine@example.com,(300)975-8149x93485,Kolkata,Maharashtra,India,2022-03-21,Silver,Active
CUST00483,Jacob,Giles,owenstammy@example.org,+1-403-545-4054x743,Jaipur,Bihar,India,2023-08-10,Silver,Inactive
CUST00484,Erika,Herring,jowalton@example.com,778.724.7021x520,Jaipur,Rajasthan,India,2024-05-24,Silver,Active
CUST00485,Andrew,Mckay,dale69@example.com,+1-844-397-9786,Kolkata,Rajasthan,India,2024-01-05,Silver,Inactive
CUST00486,Christina,Clarke,qholland@example.com,(549)826-5238x14519,Delhi,Rajasthan,India,2024-04-08,Silver,Inactive
CUST00487,Clayton,Jacobs,jesse28@example.com,,Kolkata,Delhi,India,2023-04-13,Platinum,Inactive
CUST00488,Carrie,Hudson,hunternicole@example.net,001-991-629-9514x923,Hyderabad,Delhi,India,2023-11-20,Gold,Inactive
CUST00489,Scott,Pineda,parkertammy@example.com,854-701-4440x637,Delhi,Tamil Nadu,India,2024-04-16,Platinum,Active
CUST00490,Melissa,Williams,timothyhawkins@example.org,9935944802,Bangalore,Karnataka,India,2022-02-16,Platinum,Active
CUST00491,Joseph,Rodriguez,cochrantony@example.net,609.329.2255x3457,Delhi,Maharashtra,India,2023-07-09,Gold,Active
CUST00492,Richard,Kirby,gwalker@example.org,799.517.7334x013,Bangalore,Bihar,India,2022-10-21,Silver,Inactive
CUST00493,Hannah,Tyler,drobertson@example.org,(757)600-4076x034,Bangalore,Rajasthan,India,2023-01-19,Gold,Inactive
CUST00494,John,Diaz,johnsoncharles@example.com,788.455.3935,Jaipur,Bihar,India,2022-03-24,Platinum,Inactive
CUST00495,Kathryn,Hoffman,don42@example.org,619-518-6977,Patna,West Bengal,India,2022-05-02,Gold,Active
CUST00496,Jacob,Brown,qbennett@example.org,(621)268-0755x554,Pune,Delhi,India,2024-01-16,Silver,Inactive
CUST00497,Ryan,Welch,renee65@example.com,+1-691-789-4807x81907,Jaipur,Uttar Pradesh,India,2023-04-20,Platinum,Inactive
CUST00498,Stephanie,Wright,darnold@example.org,001-261-340-5459,Pune,Tamil Nadu,India,2024-04-23,Gold,Inactive
CUST00499,William,Mcintosh,mbriggs@example.net,446.925.8683x6485,Hyderabad,Tamil Nadu,India,2022-06-08,Platinum,Active
CUST00500,David,Richards,nguyenkevin@example.org,222.869.8389x3442,Bangalore,Delhi,India,2022-02-02,Silver,Active
CUST00501,Marcus,Shaw,sharon63@example.org,(815)956-8567x51961,Mumbai,Delhi,India,2022-03-10,Gold,Active
CUST00502,Catherine,White,deborahcampbell@example.com,,Delhi,Uttar Pradesh,India,2022-09-08,Gold,Active
CUST00503,Oscar,Hamilton,veronicamiller@example.net,(689)313-3336,Pune,Delhi,India,2023-07-07,Silver,Inactive
CUST00504,Jessica,Thomas,hmelton@example.com,676-802-8421x775,Kolkata,Karnataka,India,2022-08-28,Platinum,Inactive
CUST00505,Nicholas,Hernandez,abradley@example.net,597.416.4996,Hyderabad,Bihar,India,2022-08-31,Platinum,Active
CUST00506,Rhonda,Wallace,ian28@example.net,3935527585,Hyderabad,Telangana,India,2023-02-28,Silver,Active
CUST00507,Marcus,Kelly,poconnell@example.com,816.274.8594,Bangalore,West Bengal,India,2023-10-04,Gold,Active
CUST00508,Christopher,Wood,bpalmer@example.com,946.915.4552x78982,Bangalore,West Bengal,India,2022-12-19,Gold,Inactive
CUST00509,Jesse,Martin,andreortiz@example.net,566-720-6459,Patna,Telangana,India,2023-02-23,Gold,Active
CUST00510,Monica,Gardner,daleroach@example.org,983.438.1798x709,Jaipur,Rajasthan,India,2024-02-12,Silver,Active
CUST00511,Joel,Wright,gabriel31@example.org,001-397-278-0060,Patna,Rajasthan,India,2022-11-04,Silver,Inactive
CUST00512,Richard,Goodman,joshuamorrison@example.org,(587)331-4749x721,Jaipur,West Bengal,India,2023-03-03,Silver,Inactive
CUST00513,James,Rodriguez,rlewis@example.org,224-619-5003,Hyderabad,Tamil Nadu,India,2022-09-06,Gold,Active
CUST00514,Chelsea,Davidson,keith89@example.org,7248389356,Chennai,Maharashtra,India,2023-04-06,Platinum,Active
CUST00515,Kathleen,Braun,parkbenjamin@example.com,504.419.8538x7230,Hyderabad,Uttar Pradesh,India,2022-02-22,Platinum,Active
CUST00516,Rebecca,Johnson,chad31@example.com,385.332.8961,Mumbai,Tamil Nadu,India,2024-06-13,Platinum,Active
CUST00517,Christopher,Bailey,bellnathaniel@example.org,(437)348-9542x9739,Pune,Karnataka,India,2023-05-06,Gold,Active
CUST00518,Tammy,Robinson,kevinrodriguez@example.net,6845704753,Pune,Maharashtra,India,2022-08-05,Platinum,Inactive
CUST00519,Christopher,Brown,kimberly11@example.org,654-726-9044,Kolkata,Tamil Nadu,India,2022-09-06,Gold,Active
CUST00520,David,Lopez,derrickreed@example.com,471.265.7626x05302,Chennai,Telangana,India,2023-07-20,Gold,Inactive
CUST00521,Cathy,Williams,schneidertiffany@example.net,4445293215,Chennai,Telangana,India,2023-07-01,Gold,Inactive
CUST00522,Luis,Oconnor,katherine45@example.com,001-838-537-4252x90613,Lucknow,Rajasthan,India,2023-06-10,Silver,Inactive
CUST00523,John,Rodriguez,welchjuan@example.org,+1-732-408-6373x97743,Chennai,Tamil Nadu,India,2024-02-19,Gold,Inactive
CUST00524,Angela,Graham,lisa39@example.net,812.615.1276,Delhi,Tamil Nadu,India,2023-02-28,Platinum,Active
CUST00525,Diana,Holloway,wagneranthony@example.net,948-455-3158x165,Hyderabad,West Bengal,India,2022-01-17,Platinum,Inactive
CUST00526,Mary,Terry,ellen72@example.org,791.271.4404x685,Patna,Tamil Nadu,India,2022-10-30,Gold,Active
CUST00527,Paul,Villanueva,rachel63@example.com,805-212-5211x056,Kolkata,Tamil Nadu,India,2023-01-24,Gold,Inactive
CUST00528,Eric,Hogan,grichmond@example.net,001-681-782-6880x9872,Lucknow,Rajasthan,India,2022-09-21,Gold,Active
CUST00529,Colleen,Luna,qwhite@example.com,692-617-9553x54584,Chennai,Bihar,India,2024-01-21,Silver,Inactive
CUST00530,Nathan,Fisher,cynthiafarrell@example.org,(710)697-3625,Jaipur,Delhi,India,2022-07-08,Platinum,Active
CUST00531,David,Miller,johnsonjoanne@example.net,(644)828-3452x496,Mumbai,Delhi,India,2024-05-09,Silver,Inactive
CUST00532,Jon,Booth,ryanjohnson@example.net,486-679-8734,Pune,Maharashtra,India,2022-05-21,Platinum,Active
CUST00533,Amanda,Soto,glen41@example.net,001-310-342-6646x339,Pune,West Bengal,India,2022-01-10,Gold,Inactive
CUST00534,Wayne,Gallegos,robin68@example.net,312-391-8996x955,Kolkata,Rajasthan,India,2022-03-03,Platinum,Inactive
CUST00535,Jessica,Lewis,thomasking@example.net,+1-733-421-6894x491,Delhi,West Bengal,India,2022-01-17,Platinum,Inactive
CUST00536,Matthew,Hernandez,amandapittman@example.org,254.617.1522x6042,Delhi,West Bengal,India,2022-01-13,Platinum,Inactive
CUST00537,Monica,Taylor,krystaldavis@example.com,+1-420-901-6885x4606,Hyderabad,Delhi,India,2023-07-03,Platinum,Inactive
CUST00538,Monica,Silva,vasquezjanice@example.com,+1-944-720-3271x8747,Patna,Maharashtra,India,2024-04-05,Silver,Active
CUST00539,John,Bowen,qmcdonald@example.org,857.290.5944x2917,Pune,West Bengal,India,2022-09-04,Gold,Inactive
CUST00540,Jessica,Saunders,jeremyrobbins@example.com,(939)227-2402x545,Bangalore,Maharashtra,India,2022-10-01,Gold,Inactive
CUST00541,Erica,Mcmillan,jameswebb@example.net,9589202621,Kolkata,Tamil Nadu,India,2023-04-16,Platinum,Active
CUST00542,Patty,Li,laurajacobs@example.net,001-701-956-3994x865,Mumbai,Delhi,India,2022-11-04,Silver,Inactive
CUST00543,Heidi,Knight,sylvia66@example.net,633.969.9695x071,Bangalore,West Bengal,India,2023-01-24,Gold,Active
CUST00544,Hannah,Young,john29@example.org,(859)370-5488,Delhi,Bihar,India,2023-10-15,Silver,Inactive
CUST00545,Eric,Stephens,mark53@example.com,357-246-5387,Bangalore,Karnataka,India,2024-05-15,Platinum,Active
CUST00546,Richard,Wise,kharding@example.com,(741)806-0674x5165,Delhi,Tamil Nadu,India,2023-06-25,Silver,Inactive
CUST00547,Christina,Smith,kimnicole@example.org,881.481.0692x73899,Delhi,Maharashtra,India,2022-10-05,Platinum,Inactive
CUST00548,Samantha,Burnett,dhubbard@example.com,3992782814,Kolkata,Delhi,India,2023-07-11,Silver,Inactive
CUST00549,Matthew,Ibarra,ndiaz@example.com,7364015613,Pune,Bihar,India,2022-01-17,Platinum,Inactive
CUST00550,Carl,Lloyd,swelch@example.com,852-787-0003,Hyderabad,Bihar,India,2022-03-20,Platinum,Active
CUST00551,Samantha,Hanson,tracyelliott@example.com,+1-350-264-6864x100,Bangalore,West Bengal,India,2023-08-04,Gold,Inactive
CUST00552,Lisa,Butler,jillian48@example.com,+1-727-926-7529,Patna,Maharashtra,India,2024-02-13,Platinum,Inactive
CUST00553,Trevor,Estes,foleykristina@example.net,841.826.7532,Mumbai,Uttar Pradesh,India,2022-02-24,Silver,Active
CUST00554,Richard,Campbell,brandi66@example.com,5596746399,Kolkata,Uttar Pradesh,India,2022-12-15,Gold,Active
CUST00555,Darius,Matthews,michael07@example.net,725.481.0961x531,Hyderabad,Rajasthan,India,2023-10-12,Gold,Active
CUST00556,Ryan,Mcdonald,brittanywilson@example.net,652-830-0444x996,Jaipur,Uttar Pradesh,India,2022-12-31,Gold,Active
CUST00557,Bridget,Martinez,ucastillo@example.com,379.933.1255,Kolkata,Uttar Pradesh,India,2023-11-28,Silver,Inactive
CUST00558,Jose,Thomas,nreese@example.org,9327919514,Pune,Maharashtra,India,2024-03-28,Silver,Inactive
CUST00559,Dominique,Williams,smithgeorge@example.com,001-689-567-5657x93234,Bangalore,Bihar,India,2022-06-07,Platinum,Inactive
CUST00560,Carrie,Williams,lallen@example.org,703.762.0647x67567,Chennai,Maharashtra,India,2022-11-21,Silver,Active
CUST00561,Michael,Waters,terrigallagher@example.net,551-743-0031,Lucknow,Karnataka,India,2022-11-12,Gold,Active
CUST00562,Nicole,Brooks,heather06@example.com,427-715-1460x217,Mumbai,Bihar,India,2022-05-16,Gold,Inactive
CUST00563,Kim,Collins,sydney93@example.net,758-567-1140,Jaipur,West Bengal,India,2023-07-25,Gold,Active
CUST00564,Caroline,Harris,jaredtownsend@example.com,(627)987-2233,Mumbai,Karnataka,India,2022-01-27,Platinum,Active
CUST00565,Jennifer,Martin,williambrooks@example.org,890-804-9772x768,Kolkata,Karnataka,India,2023-09-04,Gold,Active
CUST00566,Oscar,Alvarez,valerie95@example.org,531.350.6028,Bangalore,Uttar Pradesh,India,2022-10-26,Silver,Active
CUST00567,Andrew,Brown,mjackson@example.com,7246327807,Jaipur,Bihar,India,2023-08-09,Platinum,Inactive
CUST00568,Billy,Sullivan,daycraig@example.net,741-274-5555x2813,Patna,Telangana,India,2022-06-23,Gold,Inactive
CUST00569,Anthony,Ward,mlewis@example.org,+1-840-488-6096x5133,Patna,Maharashtra,India,2023-05-20,Silver,Inactive
CUST00570,Matthew,Arnold,kathleen09@example.com,001-436-463-2998x10449,Bangalore,Telangana,India,2022-10-10,Gold,Active
CUST00571,Daniel,Norman,cartergabriel@example.org,399-303-1729,Hyderabad,Tamil Nadu,India,2023-01-05,Platinum,Inactive
CUST00572,John,Harris,bryankatherine@example.net,381-227-1814x11611,Kolkata,Tamil Nadu,India,2023-09-01,Gold,Active
CUST00573,Anne,Rush,christianjoshua@example.com,6023610833,Hyderabad,Delhi,India,2022-05-19,Gold,Inactive
CUST00574,Jessica,Jefferson,elizabeth47@example.net,(717)971-6212,Kolkata,Uttar Pradesh,India,2024-05-11,Gold,Inactive
CUST00575,Christopher,Hunter,garciacynthia@example.com,(450)936-0925x153,Bangalore,Bihar,India,2022-12-09,Gold,Inactive
CUST00576,James,Smith,shenson@example.org,(808)315-0346x228,Pune,Rajasthan,India,2023-09-10,Gold,Active
CUST00577,Kimberly,May,dylan21@example.org,(760)287-7473,Chennai,Telangana,India,2023-02-12,Platinum,Inactive
CUST00578,Kyle,Johnson,richardbarnes@example.com,8977305138,Pune,Karnataka,India,2023-08-13,Gold,Inactive
CUST00579,Alexis,Moore,xphillips@example.net,(619)359-5821x562,Bangalore,Karnataka,India,2024-04-16,Silver,Active
CUST00580,Joseph,Walker,kim82@example.org,685.806.5818,Jaipur,Bihar,India,2023-08-30,Platinum,Active
CUST00581,Heather,Carter,jenniferleach@example.org,001-729-440-1008,Lucknow,Tamil Nadu,India,2024-01-15,Gold,Inactive
CUST00582,Monica,Hawkins,mannfrank@example.org,607-905-1907,Mumbai,Uttar Pradesh,India,2024-05-01,Platinum,Inactive
CUST00583,Dustin,Ponce,xmcmahon@example.org,605-369-8952x295,Hyderabad,Tamil Nadu,India,2022-05-23,Gold,Active
CUST00584,Karen,Velez,kmoore@example.org,001-965-778-7343,Bangalore,Uttar Pradesh,India,2024-01-03,Silver,Inactive
CUST00585,Lisa,Navarro,rose34@example.org,784-295-2935,Lucknow,Uttar Pradesh,India,2023-09-05,Platinum,Inactive
CUST00586,Sarah,Jimenez,pdavis@example.org,765.225.4084,Delhi,Karnataka,India,2023-07-11,Platinum,Active
CUST00587,Mary,Stone,vernon52@example.org,001-435-758-9437,Pune,Karnataka,India,2022-04-22,Silver,Active
CUST00588,Kathryn,Brown,johndickerson@example.org,2454429207,Bangalore,Karnataka,India,2023-07-31,Gold,Active
CUST00589,Gene,Molina,mortonronald@example.org,372.279.6603x34238,Mumbai,Telangana,India,2022-01-11,Silver,Active
CUST00590,Carol,Lee,qcole@example.net,,Chennai,Uttar Pradesh,India,2023-04-02,Gold,Active
CUST00591,Tanya,Diaz,josephroach@example.com,203-533-9551x1031,Delhi,Rajasthan,India,2022-12-20,Silver,Inactive
CUST00592,Jennifer,Oneill,christopherware@example.com,+1-952-752-2066x18027,Mumbai,Maharashtra,India,2023-03-02,Platinum,Active
CUST00593,Brittany,Little,jocelyn51@example.org,894-682-2962,Hyderabad,Karnataka,India,2022-12-23,Gold,Active
CUST00594,Mitchell,Rodriguez,thomas92@example.org,8108562221,Lucknow,Karnataka,India,2023-06-18,Gold,Active
CUST00595,Erin,Middleton,grantkevin@example.org,558-753-0499x363,Lucknow,Karnataka,India,2023-03-25,Silver,Inactive
CUST00596,Katrina,Smith,jenniferpreston@example.net,(742)458-8190x68696,Mumbai,Delhi,India,2022-02-15,Gold,Active
CUST00597,Jennifer,Foster,bensonelizabeth@example.com,+1-686-814-6282,Patna,Tamil Nadu,India,2023-11-25,Platinum,Active
CUST00598,Ruben,Allen,dustin75@example.com,701.422.2701x634,Patna,Karnataka,India,2023-07-20,Platinum,Inactive
CUST00599,Jessica,Foster,beckscott@example.net,910.966.6788,Pune,Uttar Pradesh,India,2023-04-19,Platinum,Active
CUST00600,Ariel,Valdez,nrichards@example.org,(343)983-1872x08979,Bangalore,Uttar Pradesh,India,2022-07-10,Silver,Active
CUST00601,Michael,Wise,christy48@example.com,+1-216-663-0645x947,Kolkata,Uttar Pradesh,India,2023-04-06,Gold,Active
CUST00602,Jennifer,Hobbs,kempgabriel@example.net,(309)246-3524,Pune,Tamil Nadu,India,2023-12-23,Gold,Active
CUST00603,Victoria,Campbell,shelley55@example.net,776-339-1489,Mumbai,West Bengal,India,2023-08-15,Silver,Inactive
CUST00604,Brenda,Patel,patricia56@example.com,627-841-7217x85211,Pune,Rajasthan,India,2022-11-30,Silver,Inactive
CUST00605,Andrew,Sanchez,kelly44@example.com,459.900.2627x97848,Lucknow,West Bengal,India,2023-11-18,Platinum,Inactive
CUST00606,April,Leonard,robertjohnson@example.com,772.994.4933,Bangalore,Uttar Pradesh,India,2023-09-04,Platinum,Active
CUST00607,Cameron,Parker,dorishenry@example.net,+1-938-688-0188x85127,Chennai,Rajasthan,India,2022-12-23,Platinum,Active
CUST00608,Christopher,Ortega,brandyreese@example.com,292.364.1508,Hyderabad,Maharashtra,India,2024-04-13,Platinum,Active
CUST00609,Scott,Kennedy,wendyramos@example.net,922.956.6190x7098,Mumbai,Tamil Nadu,India,2022-11-17,Gold,Active
CUST00610,Taylor,Baker,dana00@example.net,650-355-8849x0594,Chennai,Bihar,India,2022-07-07,Platinum,Inactive
CUST00611,Elizabeth,Zimmerman,cartereric@example.org,(367)363-5760,Kolkata,Bihar,India,2023-03-05,Platinum,Inactive
CUST00612,Jamie,Wagner,todd33@example.org,544-351-4997,Patna,Rajasthan,India,2023-03-10,Platinum,Active
CUST00613,Heather,Rollins,monica41@example.net,612-935-9016x371,Patna,Rajasthan,India,2023-07-23,Gold,Active
CUST00614,Shannon,Davis,michael46@example.com,001-589-535-8352x94887,Chennai,Rajasthan,India,2022-07-11,Platinum,Active
CUST00615,Kyle,Russo,brittney73@example.net,001-830-786-5992x768,Chennai,Delhi,India,2024-06-05,Gold,Active
CUST00616,Christopher,Young,taragonzalez@example.com,+1-756-868-0405x0667,Bangalore,West Bengal,India,2022-07-19,,Inactive
CUST00617,David,Zamora,julie78@example.net,3316824332,Lucknow,Uttar Pradesh,India,2023-02-23,Platinum,Inactive
CUST00618,Shelly,Hall,garciatracy@example.org,605-791-6040x49518,Patna,Maharashtra,India,2023-05-16,Platinum,Active
CUST00619,Valerie,Parrish,ricardocrawford@example.org,(370)446-1462x526,Pune,Telangana,India,2024-03-25,Silver,Inactive
CUST00620,Brooke,Williams,zwheeler@example.org,775-692-6531,Jaipur,Telangana,India,2022-08-19,Silver,Inactive
CUST00621,Ashley,Hall,alicia52@example.com,433-924-4414x09569,Lucknow,West Bengal,India,2023-08-03,Platinum,Active
CUST00622,Christine,Hughes,erichogan@example.org,820.270.9686,Mumbai,Telangana,India,2023-08-10,Platinum,Inactive
CUST00623,Luis,Thomas,shermanchristina@example.org,843.340.7875x551,Delhi,Rajasthan,India,2023-07-10,Platinum,Active
CUST00624,Joseph,Kennedy,thomasanderson@example.org,(503)668-6964x24163,Mumbai,Tamil Nadu,India,2023-03-12,Gold,Active
CUST00625,Rebecca,Willis,benjamin17@example.org,964.946.5013x06232,Hyderabad,Karnataka,India,2023-04-06,Silver,Inactive
CUST00626,Patricia,Berry,juliadaniels@example.org,+1-428-821-0064,Mumbai,Tamil Nadu,India,2024-06-05,,Inactive
CUST00627,Ruben,Rangel,julie82@example.com,(340)441-6618x465,Kolkata,Uttar Pradesh,India,2024-05-31,Silver,Active
CUST00628,Michelle,Thomas,amandabenson@example.net,432.550.7388x545,Pune,Tamil Nadu,India,2024-03-14,Silver,Inactive
CUST00629,Lori,Day,johnny65@example.org,(907)677-6133x46155,Hyderabad,West Bengal,India,2023-06-30,Silver,Inactive
CUST00630,Stacey,Alvarado,allenjulie@example.com,836-280-6832x0252,Hyderabad,Telangana,India,2023-12-22,Platinum,Inactive
CUST00631,Douglas,Gilbert,bhoward@example.org,+1-427-980-3670x77957,Jaipur,Maharashtra,India,2024-05-28,Silver,Inactive
CUST00632,Kelly,Pollard,oriley@example.net,(849)581-9573x7338,Hyderabad,Bihar,India,2022-03-02,Platinum,Active
CUST00633,Regina,Williams,cory18@example.com,001-423-970-6504x4216,Patna,Karnataka,India,2022-09-13,Silver,Inactive
CUST00634,Christie,Barnett,walkeralexandria@example.net,737.770.2758,Patna,Telangana,India,2023-05-17,Platinum,Inactive
CUST00635,Richard,Johnson,teresawelch@example.net,001-541-231-8383x4132,Lucknow,Maharashtra,India,2023-01-20,Platinum,Active
CUST00636,Jerome,Robinson,colemanjennifer@example.com,478-226-2080x80141,Jaipur,Telangana,India,2023-02-17,Platinum,Inactive
CUST00637,Randy,Horton,gcastro@example.com,(685)374-5230,Lucknow,Karnataka,India,2023-04-11,Platinum,Active
CUST00638,Elizabeth,Clarke,rodriguezmisty@example.com,001-988-557-4937x30631,Mumbai,Rajasthan,India,2024-06-08,Platinum,Inactive
CUST00639,James,Rivera,hortonmark@example.org,(651)678-2375x3377,Mumbai,West Bengal,India,2024-05-20,Gold,Active
CUST00640,Keith,Mckee,perezbrenda@example.net,690.762.0155x0304,Pune,Rajasthan,India,2023-03-16,Gold,Inactive
CUST00641,Xavier,Guerra,nunezheather@example.net,(215)894-8418,Hyderabad,Karnataka,India,2024-04-28,,Active
CUST00642,Edward,Willis,parkerrobert@example.com,(232)998-9921,Lucknow,Karnataka,India,2023-08-03,Platinum,Active
CUST00643,Steven,Cohen,deborahkim@example.com,,Mumbai,Rajasthan,India,2022-02-17,Silver,Active
CUST00644,Chase,Huang,lyonsjennifer@example.org,+1-658-236-6729x10201,Patna,Rajasthan,India,2024-05-28,Gold,Active
CUST00645,Susan,Griffin,brownjohn@example.com,774.801.7270,Pune,Bihar,India,2023-03-15,Platinum,Inactive
CUST00646,Gregory,Hall,aliciachung@example.net,(679)920-6500x56785,Hyderabad,Maharashtra,India,2022-06-12,Platinum,Inactive
CUST00647,Alexis,Mckee,diana96@example.org,(211)672-8771x421,Mumbai,Karnataka,India,2022-09-14,Platinum,Active
CUST00648,Ashley,Bolton,owells@example.org,233-437-5050x534,Bangalore,Telangana,India,2022-02-23,Platinum,Active
CUST00649,Eugene,Cooper,vargaschristina@example.net,+1-373-318-6541x80884,Mumbai,Maharashtra,India,2023-03-16,Silver,Active
CUST00650,Sarah,Gates,kimbecky@example.com,001-230-636-5156x4908,Mumbai,Bihar,India,2023-05-04,Platinum,Active
CUST00651,Kendra,Vega,patrick70@example.org,(750)330-5542,Lucknow,Delhi,India,2023-06-16,Silver,Inactive
CUST00652,Michael,Oneal,amy80@example.net,761.795.0159x83053,Mumbai,Uttar Pradesh,India,2024-04-16,Platinum,Active
CUST00653,Kenneth,Graham,rroberson@example.com,(346)287-6899x0283,Mumbai,Tamil Nadu,India,2023-05-05,Gold,Active
CUST00654,Michelle,King,qharrison@example.net,259-800-2968x16626,Mumbai,Maharashtra,India,2024-01-19,Gold,Inactive
CUST00655,Laurie,Payne,daniel82@example.net,431.938.6630x073,Patna,Uttar Pradesh,India,2022-11-03,Silver,Active
CUST00656,John,Cherry,kmartinez@example.net,+1-629-273-9483x616,Jaipur,Delhi,India,2022-03-12,Platinum,Active
CUST00657,Erin,Hawkins,erica41@example.org,718-688-4149x3583,Chennai,Tamil Nadu,India,2023-03-27,Platinum,Active
CUST00658,Darlene,Holland,beckdiane@example.org,+1-648-500-1309,Kolkata,Rajasthan,India,2023-02-26,Silver,Active
CUST00659,Katelyn,Stevens,pbarrett@example.org,8753134625,Patna,Maharashtra,India,2022-04-13,Platinum,Inactive
CUST00660,Christopher,Kent,duncanwilliam@example.net,634-579-4404x71247,Bangalore,Karnataka,India,2022-12-26,Silver,Active
CUST00661,Hannah,Smith,karenreed@example.net,(816)855-3419x8892,Mumbai,Tamil Nadu,India,2022-10-11,Platinum,Inactive
CUST00662,Dylan,Jenkins,debra72@example.net,001-358-407-9950x95897,Delhi,Telangana,India,2024-03-08,Silver,Active
CUST00663,William,Richards,amyrose@example.org,(228)568-4661x48540,Bangalore,Telangana,India,2024-02-05,Platinum,Active
CUST00664,Scott,Jones,mandybush@example.net,(437)693-7765x3102,Pune,Rajasthan,India,2024-03-13,Gold,Active
CUST00665,Philip,Roberson,rodrigueztodd@example.com,559-659-4130,Lucknow,Maharashtra,India,2022-09-04,Platinum,Active
CUST00666,Nicholas,Robinson,thomas30@example.net,756-593-1600,Chennai,Bihar,India,2023-01-05,Gold,Inactive
CUST00667,Melissa,Rivera,garytorres@example.org,(428)874-0928x191,Jaipur,Bihar,India,2023-01-10,Gold,Active
CUST00668,Roger,Weiss,lauren11@example.com,543.447.6937x8156,Kolkata,Maharashtra,India,2022-01-18,Silver,Inactive
CUST00669,Christina,Moody,hernandezshawn@example.net,747-612-7728,Delhi,Delhi,India,2022-08-09,Gold,Inactive
CUST00670,Carol,Graham,christinaschneider@example.org,546.518.1642,Jaipur,Uttar Pradesh,India,2023-10-06,Gold,Inactive
CUST00671,Daniel,Hendricks,stephanie35@example.net,(761)580-9011,Jaipur,West Bengal,India,2022-03-26,Platinum,Active
CUST00672,Debbie,Perez,cmoore@example.net,700.556.6636x12819,Mumbai,Telangana,India,2022-10-12,Silver,Active
CUST00673,Rebecca,Martinez,christopherthompson@example.net,501-530-1011x54633,Patna,West Bengal,India,2024-04-07,Gold,Inactive
CUST00674,Dana,Gomez,randall92@example.com,001-884-247-2909,Mumbai,Telangana,India,2023-08-24,Platinum,Inactive
CUST00675,Lisa,English,kevintran@example.com,693-274-2506,Pune,Delhi,India,2024-01-18,Silver,Active
CUST00676,Debra,Taylor,alvaradosamantha@example.com,3728797398,Mumbai,Rajasthan,India,2023-03-21,Platinum,Active
CUST00677,Michael,Murray,stonejamie@example.net,001-359-262-4427x5583,Patna,Maharashtra,India,2022-11-13,Silver,Active
CUST00678,Larry,Spencer,qwilson@example.net,+1-888-464-4520x107,Delhi,Bihar,India,2023-12-20,Gold,Inactive
CUST00679,Sherry,Mercer,qsalas@example.org,001-582-275-6143,Jaipur,Telangana,India,2023-06-20,Silver,Inactive
CUST00680,Christopher,Cole,cgarcia@example.net,001-295-475-2449x721,Hyderabad,Maharashtra,India,2022-05-10,Silver,Inactive
CUST00681,Katherine,Roberts,josephwhitney@example.net,580.211.3035x138,Bangalore,Telangana,India,2024-04-06,Platinum,Active
CUST00682,Andrew,Holden,alicia38@example.net,784-628-3069x0951,Kolkata,Maharashtra,India,2022-09-27,Gold,Inactive
CUST00683,Krista,Winters,jasonhernandez@example.org,3952317719,Chennai,Delhi,India,2023-06-08,Gold,Active
CUST00684,Cody,Davis,wwilliams@example.org,(956)519-4847,Patna,Telangana,India,2023-01-12,Silver,Active
CUST00685,Michaela,Hunt,villanuevaevan@example.net,+1-919-547-6039x616,Jaipur,Delhi,India,2022-08-22,Silver,Active
CUST00686,Misty,Riley,peterburton@example.org,6132277273,Delhi,Rajasthan,India,2022-09-08,Gold,Inactive
CUST00687,Rebecca,Wilson,jamesisaac@example.com,845-730-7386x5028,Patna,Delhi,India,2022-06-03,Platinum,Inactive
CUST00688,Cheryl,Johnston,robertrussell@example.net,(258)584-9107,Chennai,Tamil Nadu,India,2022-08-18,Gold,Inactive
CUST00689,Jeffrey,Salinas,xharrison@example.org,593.527.7751x46663,Mumbai,Karnataka,India,2022-10-05,Silver,Active
CUST00690,Eric,Banks,ericporter@example.net,(327)672-8097,Pune,West Bengal,India,2022-07-03,Silver,Inactive
CUST00691,Stephanie,Sanford,jeffreyharper@example.org,972.871.3694x93448,Lucknow,Telangana,India,2022-03-12,Gold,Inactive
CUST00692,Robert,Rogers,zryan@example.com,681-337-1568x41933,Jaipur,Rajasthan,India,2022-03-30,Silver,Inactive
CUST00693,Michelle,Dickerson,riveraholly@example.net,(867)838-4301,Hyderabad,Telangana,India,2022-07-25,Platinum,Active
CUST00694,Ross,Tucker,edwardsdaniel@example.net,+1-840-287-8937x606,Chennai,Rajasthan,India,2023-04-21,Silver,Active
CUST00695,Cassandra,Henry,diane96@example.net,+1-269-844-0624,Delhi,Uttar Pradesh,India,2022-06-04,Silver,Active
CUST00696,Karen,Bell,daniel38@example.com,6774032844,Chennai,Delhi,India,2023-07-09,Gold,Active
CUST00697,Deborah,White,jamescampbell@example.com,443.614.1856,Bangalore,Telangana,India,2024-02-17,Silver,Active
CUST00698,Zachary,Davidson,tjohnson@example.net,+1-218-306-9881x5824,Pune,Uttar Pradesh,India,2023-06-27,Gold,Active
CUST00699,Dustin,Butler,lharrison@example.com,+1-523-645-0017x8025,Hyderabad,Maharashtra,India,2022-05-26,Silver,Active
CUST00700,Trevor,Cook,kellyrodriguez@example.org,001-942-643-5517x96445,Jaipur,Uttar Pradesh,India,2024-05-15,Platinum,Inactive
CUST00701,Victoria,Harris,benjamin51@example.com,(689)583-8060x36673,Mumbai,Maharashtra,India,2023-04-15,Platinum,Active
CUST00702,Chris,Young,cannonjeffrey@example.net,001-943-799-1739,Bangalore,Maharashtra,India,2023-10-15,Platinum,Active
CUST00703,Russell,Hall,hayley70@example.net,+1-461-903-8652,Patna,Tamil Nadu,India,2023-03-22,Gold,Inactive
CUST00704,Sean,Marquez,jenniferfrancis@example.com,+1-265-410-7299,Chennai,Uttar Pradesh,India,2024-05-21,Platinum,Inactive
CUST00705,James,Martinez,alexanderdaniel@example.org,(375)530-2839x1684,Lucknow,Telangana,India,2022-11-22,Silver,Active
CUST00706,Dana,Ford,jleon@example.org,,Patna,Maharashtra,India,2022-07-27,Silver,Active
CUST00707,Autumn,Cole,sgreer@example.org,(266)476-9163,Lucknow,Rajasthan,India,2022-06-18,Gold,Inactive
CUST00708,Daniel,Smith,careygreg@example.net,7922989892,Jaipur,Karnataka,India,2022-05-04,Silver,Inactive
CUST00709,Jeremiah,Hendricks,deborah87@example.org,(688)344-2484x805,Lucknow,Telangana,India,2022-11-12,Silver,Active
CUST00710,Brendan,Boyer,christopher52@example.org,8719556288,Hyderabad,Delhi,India,2022-06-11,Silver,Inactive
CUST00711,Brooke,Waters,nmorgan@example.com,+1-517-500-8444,Mumbai,Tamil Nadu,India,2022-06-01,Gold,Inactive
CUST00712,Rachael,Montes,isaacarmstrong@example.net,001-313-800-7329x59566,Delhi,Telangana,India,2023-06-10,Gold,Active
CUST00713,Justin,Joseph,gardnerthomas@example.org,457.867.3585,Bangalore,Rajasthan,India,2022-02-01,Platinum,Active
CUST00714,Edward,Johnson,vrogers@example.org,(883)547-7482,Lucknow,Maharashtra,India,2022-04-07,Silver,Active
CUST00715,Sandra,Smith,pamelafowler@example.org,796.411.0886x7689,Delhi,Tamil Nadu,India,2022-01-13,Silver,Active
CUST00716,Amy,Fitzpatrick,mark28@example.org,295-516-3030,Bangalore,Karnataka,India,2024-04-23,Platinum,Active
CUST00717,Tamara,Wolf,greenmia@example.com,(582)506-3376,Kolkata,Telangana,India,2023-08-20,Silver,Active
CUST00718,Theresa,Valdez,evan11@example.com,446-809-9976x22573,Pune,Rajasthan,India,2022-03-08,Silver,Active
CUST00719,Laurie,Hardin,vodom@example.net,(727)505-7416x9793,Chennai,Maharashtra,India,2024-05-17,Silver,Inactive
CUST00720,Anthony,Phillips,richard36@example.org,001-421-383-6950,Patna,Uttar Pradesh,India,2022-02-21,Platinum,Inactive
CUST00721,Sherry,Bowers,urogers@example.net,584.332.3834,Delhi,Uttar Pradesh,India,2023-05-24,Platinum,Inactive
CUST00722,Ruth,Smith,wcoleman@example.org,(253)238-5070x093,Chennai,Tamil Nadu,India,2022-06-26,Silver,Inactive
CUST00723,Ashley,Russell,johnsonjoseph@example.org,+1-521-893-7559x5217,Lucknow,Bihar,India,2022-10-14,Silver,Active
CUST00724,Katherine,Daniels,lawrence43@example.org,940-921-0779,Hyderabad,Rajasthan,India,2023-10-25,Gold,Inactive
CUST00725,James,Holden,tnewton@example.com,(794)846-9163x8573,Mumbai,Telangana,India,2022-03-04,Gold,Active
CUST00726,Ann,Pace,riversjuan@example.org,001-372-823-7410x268,Pune,West Bengal,India,2023-03-06,Silver,Active
CUST00727,Jonathan,Schultz,nicholasmccann@example.net,550.534.6306x8190,Chennai,Rajasthan,India,2023-01-27,Platinum,Inactive
CUST00728,Susan,Kramer,thompsonmatthew@example.org,(789)741-5796x30737,Kolkata,West Bengal,India,2022-12-19,Gold,Inactive
CUST00729,Ryan,Jones,johnhanna@example.com,+1-591-736-2131x073,Patna,Delhi,India,2022-10-04,Gold,Active
CUST00730,David,Moore,josephgood@example.org,001-695-530-0890,Hyderabad,Delhi,India,2022-01-31,Gold,Inactive
CUST00731,Sarah,Vance,andrewsamy@example.com,(558)345-5120x267,Kolkata,Tamil Nadu,India,2024-02-25,Silver,Active
CUST00732,Mercedes,Johnson,krista18@example.com,9939812402,Pune,Telangana,India,2022-09-11,Platinum,Active
CUST00733,Matthew,Chen,mariareyes@example.com,855-203-9590x403,Pune,Uttar Pradesh,India,2024-02-22,Gold,Active
CUST00734,Scott,Dixon,hernandezjennifer@example.net,001-909-781-0209x99823,Pune,Karnataka,India,2022-06-30,Platinum,Inactive
CUST00735,Anthony,Hood,smcdowell@example.org,437-880-8255,Delhi,Karnataka,India,2023-08-29,Platinum,Active
CUST00736,Michelle,Choi,greenchristina@example.org,(421)873-9530,Pune,Rajasthan,India,2023-07-31,Platinum,Inactive
CUST00737,Sarah,Benton,ronald25@example.net,+1-384-207-2839x712,Lucknow,Delhi,India,2022-06-29,Silver,Active
CUST00738,Elizabeth,Weber,obrown@example.com,335.294.8195x5940,Kolkata,Tamil Nadu,India,2022-08-27,Silver,Inactive
CUST00739,Katherine,Mccormick,cortezjimmy@example.net,505-403-2609,Chennai,Tamil Nadu,India,2022-01-01,Silver,Inactive
CUST00740,Cindy,Woodard,dickersonjohnny@example.com,431.889.5617,Patna,Karnataka,India,2024-01-05,Silver,Active
CUST00741,Cynthia,Herrera,stephaniefuentes@example.org,+1-733-712-2875,Kolkata,Bihar,India,2022-06-01,Silver,Inactive
CUST00742,George,Thomas,mwilliams@example.com,788.896.7723x73020,Chennai,Uttar Pradesh,India,2022-03-16,Platinum,Active
CUST00743,Sophia,Wilkinson,scott29@example.com,4908519882,Hyderabad,Karnataka,India,2022-12-11,Silver,Active
CUST00744,Amanda,Williams,roberttaylor@example.com,767-452-1521,Bangalore,Rajasthan,India,2024-01-20,Platinum,Inactive
CUST00745,Neil,Schultz,igray@example.org,905.699.2691x1330,Jaipur,Karnataka,India,2022-06-28,Silver,Active
CUST00746,Nathan,Stevenson,jennifer72@example.net,773-498-4771x82788,Hyderabad,Telangana,India,2023-01-23,Silver,Active
CUST00747,Jason,Bennett,terririchards@example.com,921-668-9881x24452,Delhi,Uttar Pradesh,India,2024-01-17,Platinum,Active
CUST00748,Eric,Jones,brandtjoseph@example.com,945.449.5612x81748,Kolkata,Karnataka,India,2022-07-06,Platinum,Active
CUST00749,Evan,Mendoza,bthomas@example.org,391-922-6296x4781,Kolkata,Maharashtra,India,2023-10-17,Gold,Active
CUST00750,Sara,Dillon,vazquezcarolyn@example.com,(529)509-6338,Mumbai,Tamil Nadu,India,2022-12-06,Gold,Inactive
CUST00751,Kyle,Payne,natalieallen@example.net,772-808-8606x581,Mumbai,Karnataka,India,2022-06-21,Gold,Active
CUST00752,Paul,Copeland,iking@example.net,+1-665-806-2996x301,Pune,Tamil Nadu,India,2022-09-29,Platinum,Active
CUST00753,Diana,Smith,michelle22@example.com,4192101758,Hyderabad,Maharashtra,India,2022-12-25,Platinum,Active
CUST00754,Nicole,Stewart,zwarren@example.net,578-401-5725,Bangalore,Rajasthan,India,2022-02-19,Platinum,Inactive
CUST00755,Tanya,Torres,laurenstafford@example.net,001-724-903-9575x3525,Bangalore,Rajasthan,India,2022-06-20,Gold,Inactive
CUST00756,Lawrence,Bishop,progers@example.com,(377)469-2854x925,Bangalore,Maharashtra,India,2023-07-14,Gold,Active
CUST00757,Deanna,Yoder,ehill@example.net,+1-443-768-9062x8949,Lucknow,Maharashtra,India,2022-06-16,Silver,Inactive
CUST00758,Tom,Mccarthy,rnelson@example.net,001-937-473-1167,Chennai,Telangana,India,2022-01-21,,Active
CUST00759,Anne,Mason,julie38@example.net,390.285.7626,Patna,Uttar Pradesh,India,2022-12-17,Silver,Active
CUST00760,Jenna,Hall,davidsanchez@example.net,+1-743-436-4256x0358,Mumbai,Karnataka,India,2023-07-15,Platinum,Inactive
CUST00761,Maria,Stone,christopher83@example.org,(635)285-1021x31269,Delhi,Uttar Pradesh,India,2023-12-23,Platinum,Active
CUST00762,Samuel,Lang,joseph89@example.com,214-696-6573,Bangalore,Bihar,India,2023-09-14,Silver,Active
CUST00763,Lisa,Mclean,charlesjohnson@example.net,001-843-718-7608x51088,Pune,Tamil Nadu,India,2022-12-06,Gold,Inactive
CUST00764,Jeffery,Jones,jacob44@example.com,+1-969-540-6170x2892,Hyderabad,Telangana,India,2023-11-08,Silver,Active
CUST00765,Sean,Keith,sherrysmith@example.net,3714638305,Bangalore,West Bengal,India,2022-02-20,Gold,Active
CUST00766,Tyler,Hodges,vlozano@example.com,3429682571,Chennai,Delhi,India,2022-02-25,Gold,Active
CUST00767,Eric,Ward,stephaniemartin@example.net,001-784-718-3312x1514,Kolkata,Rajasthan,India,2022-10-29,Silver,Active
CUST00768,Alexander,Gilbert,bellcalvin@example.com,312-954-2758,Pune,Bihar,India,2022-01-27,Platinum,Inactive
CUST00769,Steven,Anderson,weissdavid@example.com,7739924315,Lucknow,Maharashtra,India,2022-03-25,Gold,Inactive
CUST00770,Meghan,Lopez,zrodriguez@example.com,+1-530-327-6490x3524,Lucknow,Telangana,India,2023-04-28,Silver,Inactive
CUST00771,Lori,Reeves,hansenian@example.com,001-251-563-2716x29370,Chennai,Uttar Pradesh,India,2022-07-09,Gold,Active
CUST00772,Alexandra,Kelly,garnerchristopher@example.net,610.813.2578x5898,Delhi,Telangana,India,2023-04-02,Gold,Inactive
CUST00773,Yolanda,Blanchard,andersonrobert@example.com,001-879-560-7438x409,Pune,Telangana,India,2022-09-27,Platinum,Active
CUST00774,Erin,Bennett,chavezbrooke@example.org,201.830.7111,Mumbai,Maharashtra,India,2022-06-04,Platinum,Inactive
CUST00775,Heather,Garrison,dhorn@example.org,403-222-5064,Jaipur,Uttar Pradesh,India,2024-04-07,Platinum,Active
CUST00776,Tracy,Cruz,thompsonkimberly@example.org,(328)887-4406x9619,Delhi,Uttar Pradesh,India,2023-07-21,Platinum,Inactive
CUST00777,Michael,Strong,danielparker@example.com,001-410-495-8509x8511,Lucknow,Tamil Nadu,India,2023-07-03,Gold,Inactive
CUST00778,Eric,Williams,bsandoval@example.net,+1-566-646-9611x127,Bangalore,Delhi,India,2022-03-22,Platinum,Active
CUST00779,Michael,Jenkins,helenmarsh@example.com,(561)400-1336,Lucknow,Bihar,India,2022-05-04,Silver,Active
CUST00780,Debra,Cherry,lisa11@example.net,+1-979-548-9501x13584,Pune,Bihar,India,2024-04-07,Silver,Inactive
CUST00781,Amber,Rodriguez,lopezronald@example.net,001-362-591-5203x0085,Bangalore,Tamil Nadu,India,2022-03-22,Platinum,Active
CUST00782,Alexandra,Johnston,hvalencia@example.com,001-307-639-8669,Kolkata,Telangana,India,2024-05-04,Gold,Active
CUST00783,Tyler,Cantrell,saravega@example.org,569.556.6178x12707,Bangalore,West Bengal,India,2022-03-31,Gold,Inactive
CUST00784,Jimmy,Jones,nmorris@example.org,001-614-913-7718x985,Hyderabad,West Bengal,India,2024-05-27,Gold,Active
CUST00785,Jessica,Adams,susanwolfe@example.org,693.999.3827x04929,Kolkata,West Bengal,India,2024-03-16,Gold,Active
CUST00786,Bradley,Walker,zsantiago@example.net,(591)451-2520x947,Patna,Bihar,India,2023-03-01,Platinum,Active
CUST00787,Kyle,Evans,ygarcia@example.com,8566169994,Kolkata,Maharashtra,India,2022-04-19,Gold,Inactive
CUST00788,Anna,Moreno,rhonda05@example.net,7004330190,Bangalore,Telangana,India,2024-06-17,Gold,Inactive
CUST00789,Marc,Reed,richardsonmelanie@example.org,001-803-204-5952x04643,Kolkata,Rajasthan,India,2023-08-09,Silver,Active
CUST00790,Terri,Smith,stephen23@example.com,001-616-895-9142x533,Bangalore,Bihar,India,2022-10-10,Platinum,Inactive
CUST00791,Christopher,Sanchez,michelle84@example.com,(346)889-9946x1791,Bangalore,Karnataka,India,2022-02-09,Platinum,Active
CUST00792,Elizabeth,Callahan,combschristian@example.org,+1-473-995-6926x91656,Lucknow,Telangana,India,2022-02-20,Gold,Active
CUST00793,Paul,Love,mark85@example.com,850-821-1356x2053,Hyderabad,Telangana,India,2022-12-12,Gold,Inactive
CUST00794,Lacey,Gonzalez,charles89@example.com,+1-213-355-8533x70657,Mumbai,Tamil Nadu,India,2024-05-28,Silver,Inactive
CUST00795,Raymond,Torres,desiree63@example.org,,Lucknow,Karnataka,India,2024-02-01,Gold,Inactive
CUST00796,Jessica,Graham,nelsonclaire@example.net,(982)800-2807x2593,Mumbai,Tamil Nadu,India,2023-09-12,Gold,Active
CUST00797,Matthew,Ross,lewisbrooke@example.org,538.340.1470,Bangalore,Rajasthan,India,2024-04-23,Platinum,Inactive
CUST00798,Jennifer,Gonzalez,gnelson@example.org,(566)674-6758,Delhi,West Bengal,India,2024-04-20,Silver,Active
CUST00799,Emily,Warren,amy21@example.net,+1-937-635-1591x8213,Jaipur,Uttar Pradesh,India,2022-11-15,Silver,Active
CUST00800,Bridget,Morgan,shannonyates@example.org,+1-209-948-8844x69265,Pune,Tamil Nadu,India,2022-06-27,Silver,Active
CUST00801,Charles,Keith,cwilkinson@example.org,001-512-666-6472x01910,Lucknow,Delhi,India,2022-02-03,Gold,Active
CUST00802,Tyler,Young,fwilson@example.com,(552)778-8125,Chennai,Rajasthan,India,2022-10-08,Platinum,Inactive
CUST00803,David,Johnson,lisa66@example.com,629-554-1286x4380,Mumbai,Delhi,India,2023-10-13,Silver,Inactive
CUST00804,Chris,Baldwin,brownsamuel@example.net,001-244-804-6321,Kolkata,Rajasthan,India,2023-05-16,Silver,Inactive
CUST00805,Erica,Sawyer,wheelerwilliam@example.net,620.834.4844x0799,Jaipur,Karnataka,India,2023-08-24,Gold,Active
CUST00806,David,Lynch,alejandroyoung@example.org,+1-877-704-2614x316,Hyderabad,Maharashtra,India,2024-05-07,Gold,Active
CUST00807,Bryan,Pittman,peter60@example.net,6357183169,Delhi,Bihar,India,2023-01-31,Platinum,Active
CUST00808,Javier,Alexander,james91@example.com,8027505859,Pune,Tamil Nadu,India,2024-05-27,Platinum,Active
CUST00809,Eric,Santos,elizabeth33@example.com,858.249.0253,Bangalore,West Bengal,India,2022-10-03,Silver,Active
CUST00810,Amy,Stevenson,lloydscott@example.net,(807)892-8351x53077,Patna,Bihar,India,2023-05-01,Platinum,Active
CUST00811,Angel,Hawkins,phillipsshannon@example.org,998-875-7408x2158,Hyderabad,Telangana,India,2022-08-18,Platinum,Inactive
CUST00812,Margaret,Clark,wheelerjohn@example.com,323.960.3869x32447,Bangalore,Karnataka,India,2023-03-10,Gold,Inactive
CUST00813,Kathryn,Hernandez,tony56@example.com,(729)834-2170x7321,Lucknow,Telangana,India,2022-08-12,Platinum,Inactive
CUST00814,John,Edwards,victoriajarvis@example.com,001-797-876-6632x665,Mumbai,Delhi,India,2023-08-22,Platinum,Inactive
CUST00815,Alexa,Carter,ashley67@example.com,(289)407-3609,Kolkata,Telangana,India,2023-07-29,Gold,Active
CUST00816,Tiffany,Perkins,kimberlybenson@example.org,+1-435-807-4610,Mumbai,Karnataka,India,2023-05-09,Gold,Inactive
CUST00817,David,Morales,elizabeth00@example.net,901.579.1026x996,Hyderabad,Telangana,India,2024-06-01,Platinum,Inactive
CUST00818,Justin,Underwood,mercadojohnny@example.org,618-307-3386x02868,Patna,West Bengal,India,2022-07-12,Silver,Active
CUST00819,Miranda,Brown,shannonwright@example.com,686.402.3611,Kolkata,Uttar Pradesh,India,2024-04-04,Platinum,Inactive
CUST00820,Julie,Castro,kellychristensen@example.org,(911)409-7092x1428,Patna,Delhi,India,2023-11-29,Platinum,Inactive
CUST00821,Katherine,Lowery,imills@example.com,798-322-0189x051,Hyderabad,Uttar Pradesh,India,2022-10-30,Gold,Inactive
CUST00822,Courtney,Arias,kristinamonroe@example.com,+1-615-952-2717x19094,Delhi,Tamil Nadu,India,2024-01-25,Gold,Active
CUST00823,William,Rosales,calderonautumn@example.com,+1-742-880-5778x444,Jaipur,Rajasthan,India,2023-12-04,Platinum,Inactive
CUST00824,Sarah,Reynolds,valerie67@example.net,+1-605-363-9287x64408,Hyderabad,Bihar,India,2023-06-04,Platinum,Active
CUST00825,Natasha,Thomas,caseyeric@example.net,256.463.1348x721,Mumbai,Rajasthan,India,2022-10-28,Silver,Inactive
CUST00826,Erin,Armstrong,xbrown@example.net,001-998-200-3683x504,Jaipur,Bihar,India,2024-01-13,Platinum,Inactive
CUST00827,Debra,Chen,jasonperry@example.com,(894)695-7930x87297,Mumbai,Tamil Nadu,India,2023-11-02,Gold,Active
CUST00828,Kyle,Evans,gedwards@example.com,355-396-5728,Hyderabad,Uttar Pradesh,India,2024-02-02,Gold,Inactive
CUST00829,Joseph,Davis,blackrandall@example.com,416.368.5798x221,Kolkata,Telangana,India,2022-09-24,Gold,Active
CUST00830,Michael,Marshall,rivasryan@example.org,(847)223-1082x71660,Delhi,Maharashtra,India,2023-04-27,Gold,Active
CUST00831,Timothy,Burnett,smithkristin@example.com,(861)830-7192x862,Mumbai,Uttar Pradesh,India,2023-05-28,Platinum,Inactive
CUST00832,Ethan,Moreno,aroberts@example.com,9154364134,Delhi,Bihar,India,2023-02-28,Silver,Active
CUST00833,James,Haney,christianrebecca@example.org,975-224-5609x3470,Bangalore,Rajasthan,India,2022-12-17,Silver,Inactive
CUST00834,Erica,Higgins,jacquelinewagner@example.net,572-767-5960x69912,Patna,Maharashtra,India,2024-06-02,Gold,Inactive
CUST00835,Andrew,Jones,scotttina@example.com,001-660-214-0370x4013,Patna,Karnataka,India,2023-10-09,Platinum,Active
CUST00836,Dennis,Ross,qyang@example.net,423.702.5681x376,Lucknow,Telangana,India,2022-01-05,Silver,Active
CUST00837,Elizabeth,Peters,joshuagray@example.org,(663)227-3322,Patna,Rajasthan,India,2023-08-14,Silver,Active
CUST00838,Anthony,Ford,jessicaramsey@example.com,674-487-3952x467,Bangalore,Uttar Pradesh,India,2023-09-22,Gold,Inactive
CUST00839,Nicholas,Rivera,mboone@example.net,,Bangalore,Delhi,India,2023-05-04,Silver,Active
CUST00840,Jordan,Williams,angelasanders@example.org,(315)632-0942x34269,Chennai,Delhi,India,2024-01-19,Gold,Active
CUST00841,Leah,Wilson,danathomas@example.net,804.204.4749x41346,Delhi,Tamil Nadu,India,2022-01-19,Silver,Inactive
CUST00842,Tiffany,Thompson,mauricetorres@example.com,001-968-605-0622x3651,Patna,Maharashtra,India,2022-11-16,Gold,Inactive
CUST00843,Peter,Graves,matthew91@example.net,001-288-218-6708x6172,Mumbai,Delhi,India,2022-06-21,Gold,Inactive
CUST00844,Michael,Lopez,allencarol@example.org,6196059394,Jaipur,West Bengal,India,2023-04-12,Gold,Inactive
CUST00845,William,Smith,sosaamy@example.net,455.911.4885x786,Patna,Karnataka,India,2023-12-05,Gold,Inactive
CUST00846,Rebecca,Dillon,evanbradford@example.net,4598296105,Pune,Bihar,India,2024-02-08,Gold,Active
CUST00847,Erik,Hobbs,john61@example.org,+1-826-746-1766,Pune,Bihar,India,2022-08-22,Silver,Active
CUST00848,James,Riley,bradleyhall@example.net,784.589.7474,Jaipur,Bihar,India,2023-08-27,Silver,Inactive
CUST00849,April,Bell,lori51@example.com,254-984-8127,Delhi,Uttar Pradesh,India,2023-12-30,Platinum,Inactive
CUST00850,Anthony,Love,donald93@example.org,538.526.3719,Jaipur,Delhi,India,2024-02-29,Platinum,Active
CUST00851,Patricia,Miller,brittany03@example.org,+1-597-840-5736,Mumbai,Delhi,India,2023-11-09,Silver,Active
CUST00852,Lawrence,Valentine,scott59@example.com,+1-547-424-3742,Lucknow,Uttar Pradesh,India,2023-03-03,Silver,Inactive
CUST00853,Jennifer,King,nmartinez@example.org,001-832-981-7385x47328,Patna,Tamil Nadu,India,2023-05-01,Platinum,Active
CUST00854,Lori,Baldwin,clifford10@example.com,785.988.7793,Bangalore,Maharashtra,India,2022-11-05,Platinum,Inactive
CUST00855,Tracey,Martinez,catherine11@example.com,(533)354-3723x883,Kolkata,Bihar,India,2023-09-30,Gold,Active
CUST00856,Angela,Long,greenelaurie@example.org,557.973.2436,Kolkata,Maharashtra,India,2023-06-08,Gold,Active
CUST00857,Maria,Mays,mward@example.org,541.956.6049x22088,Mumbai,Rajasthan,India,2024-03-14,Silver,Active
CUST00858,Nicholas,Rodriguez,breannaavila@example.org,+1-369-614-0444x8524,Hyderabad,West Bengal,India,2024-03-07,Silver,Inactive
CUST00859,April,Richards,bferguson@example.org,001-520-754-6903x259,Bangalore,Telangana,India,2023-12-22,Silver,Active
CUST00860,Peter,Cook,cookjames@example.net,+1-889-324-1490x22256,Lucknow,Tamil Nadu,India,2023-07-16,Platinum,Inactive
CUST00861,Jacob,Ballard,aprilcunningham@example.net,639-826-8089,Pune,Delhi,India,2022-12-05,Silver,Active
CUST00862,Judy,Wagner,claytiffany@example.net,001-273-277-8646x387,Kolkata,Rajasthan,India,2022-04-24,Silver,Active
CUST00863,Mary,Snyder,potterjames@example.org,877-990-7270x7789,Jaipur,Maharashtra,India,2024-03-09,Platinum,Active
CUST00864,Heather,Dean,ljenkins@example.org,699-769-0042,Pune,Rajasthan,India,2022-09-20,Gold,Inactive
CUST00865,Cody,Flores,jennifer82@example.com,(898)843-0766x3386,Delhi,Maharashtra,India,2023-04-21,Silver,Active
CUST00866,Jonathan,Knight,robinsoncharlotte@example.org,253-434-9239,Hyderabad,Karnataka,India,2024-05-22,Platinum,Inactive
CUST00867,Anthony,Mendez,isimpson@example.com,225-400-7817x47805,Mumbai,Maharashtra,India,2023-03-13,Silver,Active
CUST00868,Dennis,Davis,debra84@example.net,001-362-683-7641,Patna,Bihar,India,2024-05-22,Gold,Inactive
CUST00869,Brian,Short,johnstonbenjamin@example.net,368-236-8195x261,Kolkata,Telangana,India,2023-03-25,Platinum,Active
CUST00870,Steven,Gonzalez,joseph39@example.net,722-780-9520x3021,Chennai,Bihar,India,2023-01-17,Silver,Inactive
CUST00871,Deborah,Manning,crossshannon@example.net,+1-374-891-8124,Lucknow,Telangana,India,2023-02-14,Gold,Inactive
CUST00872,Christopher,White,cory35@example.org,(484)561-2931x8625,Bangalore,Bihar,India,2024-03-30,Silver,Active
CUST00873,David,Rogers,lopezchristopher@example.net,270-712-5767,Delhi,Bihar,India,2023-12-14,Silver,Inactive
CUST00874,Danielle,Reilly,brookecarter@example.net,(466)541-7465x976,Lucknow,Rajasthan,India,2023-08-28,Silver,Inactive
CUST00875,Tracy,Washington,debrajames@example.com,001-613-553-9949,Chennai,Delhi,India,2024-03-08,Platinum,Active
CUST00876,John,Thomas,elizabeth13@example.net,+1-454-911-3112x9637,Lucknow,Maharashtra,India,2023-05-10,Gold,Inactive
CUST00877,Tracy,Simpson,jamessalas@example.com,311-439-9853x954,Mumbai,Telangana,India,2022-02-17,Platinum,Inactive
CUST00878,Kelsey,Garcia,quinnjeffrey@example.com,+1-840-270-8938,Jaipur,Tamil Nadu,India,2022-01-13,Platinum,Inactive
CUST00879,Matthew,Lamb,juliefletcher@example.com,7443986233,Jaipur,Maharashtra,India,2023-06-16,Gold,Active
CUST00880,Richard,Johnson,buchanananthony@example.net,+1-435-318-2159,Chennai,Uttar Pradesh,India,2023-05-09,Silver,Active
CUST00881,Candace,Compton,michaelclay@example.com,458.471.3367x07939,Patna,West Bengal,India,2022-01-12,Gold,Inactive
CUST00882,Melinda,Brown,danielsingh@example.com,+1-278-428-3989,Patna,Maharashtra,India,2024-06-09,Gold,Inactive
CUST00883,Kathy,Nelson,alanlewis@example.com,616-545-7479,Chennai,Telangana,India,2022-09-04,Silver,Active
CUST00884,Lindsey,Stewart,barajastheodore@example.org,994.287.1197,Bangalore,Uttar Pradesh,India,2023-07-18,Silver,Active
CUST00885,Joseph,Mills,qortiz@example.net,864.438.7022x6045,Lucknow,Rajasthan,India,2023-04-16,Silver,Inactive
CUST00886,Michael,Simmons,tammy07@example.org,354.460.7495x44206,Chennai,Maharashtra,India,2023-04-03,Gold,Active
CUST00887,Robert,Shaw,millerchristine@example.org,955.567.8586,Bangalore,Uttar Pradesh,India,2022-04-16,Silver,Active
CUST00888,Michael,Jones,yvonne56@example.com,604-467-2120x457,Mumbai,Telangana,India,2024-04-25,Platinum,Active
CUST00889,Mary,Hall,perryshannon@example.net,+1-450-541-5042x833,Lucknow,Karnataka,India,2023-11-02,Gold,Active
CUST00890,Robert,Wade,david74@example.net,001-886-900-1466,Pune,Rajasthan,India,2024-04-16,Gold,Inactive
CUST00891,Yvonne,Tucker,moorejames@example.com,+1-744-388-0852x534,Chennai,Rajasthan,India,2024-01-04,Silver,Active
CUST00892,Joseph,Zimmerman,isaac77@example.net,(444)852-2662x00129,Pune,Delhi,India,2024-02-17,Gold,Inactive
CUST00893,Pamela,Keith,fbrown@example.org,687-621-5331,Hyderabad,West Bengal,India,2024-04-29,Platinum,Inactive
CUST00894,Kaitlyn,Thompson,wolfedonna@example.net,920.594.1008x8551,Mumbai,Delhi,India,2023-12-20,Silver,Inactive
CUST00895,Matthew,Robertson,lindsay05@example.net,8639572135,Bangalore,Maharashtra,India,2022-05-24,Gold,Active
CUST00896,Daniel,Brown,amberray@example.net,823.450.6965x4994,Mumbai,Uttar Pradesh,India,2022-07-12,Silver,Inactive
CUST00897,David,Taylor,pphillips@example.org,(373)824-9644x84654,Pune,Karnataka,India,2024-04-24,Silver,Inactive
CUST00898,Marilyn,Cross,fritzsara@example.org,393.478.9144,Kolkata,Maharashtra,India,2022-02-17,Gold,Inactive
CUST00899,Gary,Pena,ashleytownsend@example.org,725.601.4935x4434,Kolkata,West Bengal,India,2023-11-06,Silver,Inactive
CUST00900,Maria,Davenport,sgonzales@example.org,6569598085,Jaipur,Delhi,India,2022-01-05,Platinum,Inactive
CUST00901,Kelly,Bell,owilson@example.org,889.456.4243x5594,Kolkata,Rajasthan,India,2024-05-08,Platinum,Active
CUST00902,Michelle,Kramer,smithchristopher@example.net,963-940-1305x7899,Kolkata,Bihar,India,2023-12-10,Platinum,Active
CUST00903,Gregory,Smith,jessicariddle@example.net,(966)876-5327,Bangalore,Karnataka,India,2022-04-17,Platinum,Inactive
CUST00904,Linda,Pace,amy39@example.net,624.723.0127x881,Kolkata,Tamil Nadu,India,2023-03-05,Gold,Inactive
CUST00905,Cheryl,Ford,robertsonregina@example.net,(400)472-3604x51368,Hyderabad,Rajasthan,India,2022-12-18,Silver,Active
CUST00906,Erin,Hoffman,moorejoshua@example.org,262.619.9574,Kolkata,West Bengal,India,2023-02-27,Gold,Inactive
CUST00907,Erika,Flynn,harttina@example.com,(756)392-4817x4406,Jaipur,Tamil Nadu,India,2023-12-30,Silver,Active
CUST00908,Barry,Diaz,vicki87@example.net,001-806-375-5856x00689,Hyderabad,Karnataka,India,2023-10-02,Platinum,Active
CUST00909,Stacey,Brooks,william15@example.org,001-500-529-4644x45079,Patna,West Bengal,India,2023-12-29,Platinum,Inactive
CUST00910,Erin,Murray,crystalcole@example.org,334.796.7687,Mumbai,Karnataka,India,2023-12-29,Platinum,Inactive
CUST00911,Mario,Harmon,kevin10@example.com,5765464214,Kolkata,Uttar Pradesh,India,2023-08-20,Platinum,Inactive
CUST00912,Taylor,Little,fabbott@example.net,(445)680-2153x1566,Bangalore,Delhi,India,2024-06-17,Platinum,Active
CUST00913,Donald,Mullins,cindyjohnson@example.com,+1-773-347-8778x59320,Bangalore,Bihar,India,2022-01-26,Silver,Active
CUST00914,Kelsey,Medina,laurenhernandez@example.org,915.598.0567,Hyderabad,Bihar,India,2022-07-24,Gold,Inactive
CUST00915,Briana,Wilson,ruiztammy@example.com,6774514866,Delhi,Telangana,India,2022-05-30,Silver,Active
CUST00916,Michelle,Rodriguez,debra37@example.com,,Lucknow,Maharashtra,India,2023-01-03,Platinum,Active
CUST00917,Meagan,Smith,cynthiajackson@example.org,+1-284-581-2141,Jaipur,Uttar Pradesh,India,2024-01-31,Silver,Inactive
CUST00918,Dana,Abbott,luiscervantes@example.net,763.703.8598,Delhi,Uttar Pradesh,India,2023-12-11,Gold,Inactive
CUST00919,James,Stewart,vcameron@example.com,865-854-4238,Chennai,West Bengal,India,2024-03-18,Silver,Active
CUST00920,Patrick,Carroll,yhernandez@example.org,437-850-9410,Hyderabad,Tamil Nadu,India,2024-02-01,Platinum,Inactive
CUST00921,Allison,Pratt,vduncan@example.net,+1-931-342-2416x75358,Pune,Karnataka,India,2024-04-29,Platinum,Active
CUST00922,Destiny,Ross,chandlereric@example.com,464.413.8763x68680,Pune,Telangana,India,2024-03-05,Gold,Active
CUST00923,Laura,Downs,riddlejennifer@example.org,001-764-719-2622x3688,Mumbai,Bihar,India,2023-12-01,Silver,Active
CUST00924,Michael,Edwards,brandywilson@example.org,7958266191,Delhi,Uttar Pradesh,India,2023-01-22,Gold,Inactive
CUST00925,Erica,Cole,angelaswanson@example.org,685.683.7448x6974,Patna,Telangana,India,2022-05-14,Silver,Inactive
CUST00926,Samuel,Brooks,pcrosby@example.net,001-993-476-9788x27114,Patna,Delhi,India,2023-04-23,Silver,Inactive
CUST00927,Casey,Chan,veronicasullivan@example.org,,Delhi,Telangana,India,2023-09-04,Gold,Inactive
CUST00928,Paul,Montes,acarlson@example.com,(258)358-6349x416,Chennai,West Bengal,India,2022-03-16,Silver,Active
CUST00929,Alexander,Butler,dbraun@example.com,437-266-5513,Mumbai,West Bengal,India,2023-06-18,Silver,Inactive
CUST00930,April,Miller,darrell98@example.com,(854)654-9687x577,Jaipur,Uttar Pradesh,India,2023-07-11,Silver,Inactive
CUST00931,Denise,Love,juliesimpson@example.net,276.849.8565x11204,Pune,Karnataka,India,2022-08-15,Gold,Inactive
CUST00932,David,Norris,michael51@example.com,(267)932-3619,Pune,West Bengal,India,2022-10-28,Gold,Active
CUST00933,Andrew,Bowman,martinezmark@example.com,001-994-291-1311x129,Chennai,Rajasthan,India,2022-04-28,Silver,Active
CUST00934,Holly,Lyons,lisa41@example.com,+1-881-679-1926,Chennai,Uttar Pradesh,India,2022-02-10,Silver,Inactive
CUST00935,Janet,Foley,samuel86@example.com,+1-642-235-7844,Jaipur,Telangana,India,2022-09-20,Silver,Inactive
CUST00936,John,Mcdonald,hannah56@example.net,310.908.7745x522,Jaipur,Rajasthan,India,2023-06-11,Gold,Active
CUST00937,Shannon,Hall,bclark@example.org,(968)517-2520x461,Pune,Karnataka,India,2022-10-31,Platinum,Active
CUST00938,Erin,Hughes,jocelynstein@example.net,+1-955-358-0826x000,Patna,West Bengal,India,2022-04-09,Platinum,Active
CUST00939,Kenneth,Mercado,ray35@example.net,9728191907,Mumbai,Tamil Nadu,India,2023-10-04,Platinum,Active
CUST00940,Samuel,Brennan,abishop@example.org,721.943.8269x187,Bangalore,Maharashtra,India,2024-06-04,Silver,Inactive
CUST00941,Blake,Burns,michael93@example.org,001-420-460-1601,Mumbai,Bihar,India,2023-10-25,Silver,Inactive
CUST00942,Jennifer,Miller,smithhannah@example.com,001-750-682-9912x41937,Chennai,Delhi,India,2024-01-05,Silver,Active
CUST00943,Jamie,Pierce,andersonbrian@example.org,504.367.9616,Patna,Telangana,India,2022-02-25,Platinum,Active
CUST00944,Brandon,Watkins,rogercalderon@example.org,398-958-2040,Pune,Telangana,India,2023-08-12,Gold,Inactive
CUST00945,Rodney,Garrett,melendezapril@example.com,(955)394-2315x601,Bangalore,Uttar Pradesh,India,2023-04-07,Gold,Active
CUST00946,Ashley,Johnson,hmalone@example.net,(584)663-8498,Mumbai,West Bengal,India,2023-02-03,Silver,Active
CUST00947,Albert,Reed,brownharry@example.com,695-540-1016x357,Kolkata,Delhi,India,2024-02-14,Platinum,Active
CUST00948,Tanya,Morrison,vmurphy@example.org,947.974.6578x03246,Jaipur,Maharashtra,India,2023-01-02,Gold,Inactive
CUST00949,Victoria,Duncan,diane98@example.net,+1-375-426-0129x94582,Mumbai,Telangana,India,2023-09-14,Gold,Inactive
CUST00950,William,Adams,keith79@example.com,001-675-653-8602,Delhi,Rajasthan,India,2023-02-09,Silver,Active
CUST00951,Jeffrey,Patel,timothygreen@example.net,325.860.8608x79683,Bangalore,West Bengal,India,2022-05-20,Gold,Active
CUST00952,Eric,Pearson,wcaldwell@example.org,801-714-5757x9502,Chennai,Delhi,India,2022-11-02,Platinum,Active
CUST00953,Eduardo,Levy,erik34@example.net,970-733-7022x4778,Delhi,Delhi,India,2022-05-07,Platinum,Inactive
CUST00954,Emma,Acevedo,donna46@example.net,(715)723-6294,Jaipur,Maharashtra,India,2023-07-05,Gold,Active
CUST00955,Andrew,Willis,bradyerin@example.com,3476657258,Chennai,Tamil Nadu,India,2024-02-06,Gold,Active
CUST00956,Katelyn,Jackson,rscott@example.com,(217)357-0012x9515,Patna,Tamil Nadu,India,2022-06-14,Platinum,Inactive
CUST00957,William,Moore,sullivanmichael@example.org,+1-668-981-4594x16525,Mumbai,Bihar,India,2022-07-18,Platinum,Active
CUST00958,Christina,Ramirez,taylormiller@example.org,+1-723-444-5944,Jaipur,Rajasthan,India,2024-05-21,Platinum,Active
CUST00959,John,Cole,simoncheryl@example.com,4628256185,Mumbai,Telangana,India,2022-10-25,Silver,Active
CUST00960,Richard,Brown,kristen25@example.net,001-963-201-2582x24049,Kolkata,Rajasthan,India,2024-01-14,Gold,Inactive
CUST00961,Randy,Klein,heather24@example.com,001-510-246-5808x4057,Pune,Maharashtra,India,2022-05-12,Gold,Active
CUST00962,Randall,Brown,calebgarcia@example.com,299-870-9449,Chennai,Rajasthan,India,2022-07-18,Gold,Inactive
CUST00963,Michael,Miller,lori26@example.org,(808)647-5416,Hyderabad,Bihar,India,2023-09-24,Platinum,Inactive
CUST00964,Samuel,Freeman,dsuarez@example.org,001-341-492-3442x0180,Chennai,Uttar Pradesh,India,2024-04-07,Silver,Active
CUST00965,Wanda,Perez,ariley@example.org,990-760-3900x333,Pune,Tamil Nadu,India,2022-11-17,Platinum,Inactive
CUST00966,Matthew,Hernandez,jean51@example.org,778.602.5987,Chennai,Bihar,India,2022-10-11,Platinum,Inactive
CUST00967,Bruce,Le,josegardner@example.org,561-867-8070x07307,Lucknow,Rajasthan,India,2024-06-17,Gold,Inactive
CUST00968,Alfred,Young,blackburnsandra@example.net,001-865-693-9728x9517,Hyderabad,Rajasthan,India,2024-03-04,Platinum,Active
CUST00969,Debra,Yu,qromero@example.com,001-554-328-0475x678,Kolkata,Maharashtra,India,2022-06-29,Gold,Active
CUST00970,Donna,Moreno,sydney63@example.net,001-820-517-0845x96798,Pune,Telangana,India,2023-07-06,Platinum,Active
CUST00971,Regina,Schmidt,ywatson@example.com,001-367-478-1636x85313,Mumbai,Delhi,India,2024-01-15,Platinum,Active
CUST00972,Emily,Johnson,jamesmoore@example.net,506-381-3984x632,Kolkata,Uttar Pradesh,India,2024-04-12,Platinum,Active
CUST00973,John,Davis,rmccarty@example.net,(630)742-6808x494,Jaipur,Telangana,India,2022-02-07,Platinum,Inactive
CUST00974,Jeffrey,Ball,vcantrell@example.com,+1-804-698-1750x3679,Patna,Karnataka,India,2023-11-01,Gold,Active
CUST00975,Jesse,Smith,heatherbrooks@example.com,+1-828-569-9054x8319,Kolkata,Telangana,India,2024-03-01,Silver,Inactive
CUST00976,Juan,Smith,kevin59@example.com,566.588.7019x6160,Jaipur,Maharashtra,India,2023-05-29,Gold,Inactive
CUST00977,Ryan,Porter,ununez@example.org,304.813.1818,Delhi,Tamil Nadu,India,2023-05-30,Platinum,Active
CUST00978,Gary,Martin,craiggarcia@example.net,463.704.6201,Jaipur,Bihar,India,2024-02-15,Gold,Active
CUST00979,Lori,Hartman,imyers@example.com,(405)999-6836,Kolkata,Bihar,India,2022-07-03,Platinum,Inactive
CUST00980,Jacob,Hayes,ryanpearson@example.com,545-470-7278x198,Delhi,Tamil Nadu,India,2023-01-03,Gold,Active
CUST00981,Michael,Hardy,kristinclark@example.org,+1-636-929-4387x8246,Hyderabad,Karnataka,India,2022-03-06,Silver,Active
CUST00982,Tiffany,Gallagher,samuel57@example.net,632-601-2726,Pune,West Bengal,India,2023-11-16,Gold,Inactive
CUST00983,Tiffany,Walker,dunnjason@example.net,+1-807-978-9743x0453,Lucknow,Delhi,India,2023-04-26,Silver,Inactive
CUST00984,Erika,Arellano,smithdavid@example.org,(881)862-3313x36235,Jaipur,Telangana,India,2022-04-16,Platinum,Inactive
CUST00985,Virginia,Peters,travisnicholas@example.org,001-266-910-6307,Jaipur,Bihar,India,2023-08-16,Gold,Inactive
CUST00986,Shelley,Ramirez,joshuagarcia@example.net,443.389.8470,Kolkata,Maharashtra,India,2023-01-10,Platinum,Inactive
CUST00987,Thomas,Garcia,warnerelizabeth@example.net,(465)574-4244x15014,Pune,West Bengal,India,2023-01-21,Gold,Inactive
CUST00988,Rodney,Brown,mwilliams@example.org,001-634-936-6113x0133,Chennai,Rajasthan,India,2024-04-16,Gold,Active
CUST00989,Karen,Ortiz,schmidtjustin@example.com,+1-797-432-2238,Patna,Rajasthan,India,2023-05-29,Silver,Active
CUST00990,Alexander,Williams,mnguyen@example.net,(866)611-3689,Jaipur,Telangana,India,2022-03-20,Silver,Active
CUST00991,James,Hill,taylor20@example.com,503-621-1982,Patna,Karnataka,India,2022-07-11,Platinum,Active
CUST00992,Timothy,Chavez,travis62@example.net,403-352-1465x559,Pune,Uttar Pradesh,India,2023-11-08,Gold,Active
CUST00993,Mary,Dillon,willismarvin@example.org,639-922-2269x738,Lucknow,Rajasthan,India,2023-05-09,Silver,Active
CUST00994,Valerie,Gibbs,greendiamond@example.org,639-312-2026,Bangalore,Delhi,India,2023-10-25,Silver,Active
CUST00995,William,Green,fwhite@example.org,+1-242-622-0297,Kolkata,Bihar,India,2022-05-11,Silver,Active
CUST00996,Christopher,Anderson,christopherrobinson@example.org,(968)711-6677x8541,Patna,Delhi,India,2023-08-10,Silver,Inactive
CUST00997,Lisa,Smith,ronaldbush@example.net,(530)247-2192x286,Jaipur,Uttar Pradesh,India,2022-07-04,Platinum,Active
CUST00998,Kim,Saunders,justinzamora@example.org,(211)640-4198,Hyderabad,Maharashtra,India,2024-06-18,Silver,Inactive
CUST00999,Edward,Olsen,raymond06@example.org,(641)979-7705x45934,Lucknow,Rajasthan,India,2023-09-14,Silver,Active
CUST01000,Destiny,Brown,markdeleon@example.com,(439)885-2842,Bangalore,Bihar,India,2024-04-30,Platinum,Active
CUST01001,Kendra,Thompson,brownkathy@example.org,927.357.6693x076,Jaipur,Telangana,India,2023-10-01,Silver,Inactive
CUST01002,Jennifer,Mcmillan,suarezadrian@example.net,255.300.3919,Kolkata,Maharashtra,India,2023-04-10,Silver,Inactive
CUST01003,Wendy,Jenkins,thomaswilliam@example.org,4799758450,Patna,Maharashtra,India,2023-01-30,Silver,Active
CUST01004,Jamie,Guerrero,johnwashington@example.com,469-636-0777x96822,Jaipur,Uttar Pradesh,India,2023-06-20,Silver,Active
CUST01005,Joshua,Miller,drodriguez@example.com,(592)820-1406x29778,Lucknow,Delhi,India,2022-07-01,Platinum,Active
CUST01006,Mark,Tanner,mollyroman@example.com,001-859-561-7758x0951,Lucknow,Bihar,India,2022-04-06,Platinum,Active
CUST01007,Michael,Smith,stephen63@example.org,001-823-539-0950,Bangalore,West Bengal,India,2024-03-04,Gold,Inactive
CUST01008,Logan,Keith,millsdillon@example.net,(203)876-3180,Delhi,West Bengal,India,2024-06-14,Gold,Active
CUST01009,Kimberly,Allen,larachelsea@example.net,246-245-3528x93009,Lucknow,Uttar Pradesh,India,2024-04-01,Gold,Active
CUST01010,Teresa,Choi,jose94@example.org,(345)625-0906x706,Patna,Telangana,India,2023-03-12,Gold,Active
CUST01011,Samantha,Powell,frostkenneth@example.org,(763)955-3199x2139,Mumbai,Telangana,India,2024-05-29,Platinum,Inactive
CUST01012,Susan,Taylor,bookersusan@example.com,+1-228-369-8562x2631,Pune,Delhi,India,2022-09-21,Platinum,Active
CUST01013,Ralph,Hood,torrestimothy@example.com,(629)309-0010x670,Jaipur,Maharashtra,India,2023-08-15,Platinum,Active
CUST01014,Danielle,Berry,justin50@example.net,595-897-7065,Pune,Karnataka,India,2023-01-20,Gold,Inactive
CUST01015,Kirsten,Whitehead,campbellerica@example.net,001-946-768-4482x40857,Patna,Uttar Pradesh,India,2022-04-20,Platinum,Inactive
CUST01016,Kim,Park,tyroneknox@example.net,001-456-999-8514x976,Jaipur,Uttar Pradesh,India,2022-09-25,Platinum,Inactive
CUST01017,Cindy,Acevedo,denise00@example.org,2342592862,Hyderabad,Uttar Pradesh,India,2023-09-19,Silver,Inactive
CUST01018,James,Taylor,ronaldcastro@example.com,001-998-795-5612,Jaipur,Rajasthan,India,2023-07-20,Silver,Inactive
CUST01019,Marie,Fritz,vegarussell@example.net,(537)730-2677,Jaipur,Rajasthan,India,2023-07-27,Gold,Inactive
CUST01020,Caleb,Bridges,chavezzachary@example.com,934-343-7941,Chennai,Uttar Pradesh,India,2023-08-15,Platinum,Active
CUST01021,Kristen,Torres,rconrad@example.net,363-952-5222x2555,Mumbai,Tamil Nadu,India,2024-05-25,Gold,Active
CUST01022,Paula,Brewer,ihenderson@example.net,001-584-767-2209x21753,Pune,West Bengal,India,2022-04-13,Gold,Inactive
CUST01023,Sylvia,Bates,qarmstrong@example.net,001-770-576-2158x99276,Jaipur,Delhi,India,2024-03-31,Silver,Inactive
CUST01024,Lauren,Ashley,cpowell@example.net,520.514.4193,Delhi,Maharashtra,India,2023-10-14,Silver,Inactive
CUST01025,Curtis,Ramirez,jeffrey02@example.org,937.438.2898x515,Bangalore,Maharashtra,India,2023-09-07,Silver,Inactive
CUST01026,Jordan,Gross,qcooper@example.org,426.524.7479x7734,Chennai,Maharashtra,India,2022-08-16,Platinum,Active
CUST01027,Felicia,Pena,courtney53@example.org,5322810827,Bangalore,Uttar Pradesh,India,2024-01-12,Platinum,Inactive
CUST01028,Rhonda,Long,whernandez@example.org,(371)855-8626x341,Kolkata,Delhi,India,2023-12-30,Silver,Inactive
CUST01029,Julie,Blake,michaelturner@example.com,(530)330-4804,Delhi,Tamil Nadu,India,2023-03-26,Platinum,Inactive
CUST01030,Hannah,Garcia,yvonnesims@example.com,001-792-291-1365,Delhi,West Bengal,India,2022-07-19,Platinum,Active
CUST01031,Justin,Hill,johnjohnson@example.net,2282019792,Patna,Delhi,India,2023-09-22,Gold,Active
CUST01032,Tina,Jones,samantha66@example.com,(974)289-1316x7927,Delhi,Bihar,India,2023-11-02,Silver,Inactive
CUST01033,Raymond,Thomas,heidimitchell@example.com,+1-439-402-5663x711,Bangalore,Karnataka,India,2024-03-09,Platinum,Inactive
CUST01034,Deanna,Nelson,ocook@example.net,877-308-8579,Kolkata,Tamil Nadu,India,2023-02-20,Platinum,Active
CUST01035,Edwin,Anderson,allisonbarrett@example.net,540.339.3118x4359,Mumbai,Maharashtra,India,2024-01-25,Platinum,Inactive
CUST01036,David,Lee,marthaperez@example.net,(837)808-4930x8317,Jaipur,Karnataka,India,2024-01-14,Gold,Inactive
CUST01037,Lisa,Ortega,barbara66@example.com,8588243008,Kolkata,Tamil Nadu,India,2022-08-20,Gold,Inactive
CUST01038,Victor,Kelly,laceyrichardson@example.net,+1-998-388-6869,Delhi,Telangana,India,2023-08-12,Silver,Inactive
CUST01039,Valerie,Rosario,jreyes@example.org,(421)996-2086x548,Mumbai,West Bengal,India,2023-06-03,Silver,Inactive
CUST01040,Jason,Wiley,afreeman@example.org,742.716.7903,Mumbai,West Bengal,India,2022-12-15,Gold,Inactive
CUST01041,Paul,Elliott,wilsontara@example.org,(464)975-2756x7586,Lucknow,Uttar Pradesh,India,2023-12-12,Platinum,Inactive
CUST01042,Betty,Holmes,darrylmorris@example.com,001-667-517-0729,Pune,Karnataka,India,2024-02-28,Gold,Inactive
CUST01043,Anthony,Brown,melissamartinez@example.org,661-847-2131x74366,Delhi,Rajasthan,India,2023-08-24,Silver,Inactive
CUST01044,Robert,Carr,michelle81@example.org,001-991-623-1892x83036,Bangalore,Tamil Nadu,India,2022-03-11,Platinum,Active
CUST01045,Belinda,Fitzgerald,melissabaker@example.com,(855)737-6039,Chennai,Uttar Pradesh,India,2024-03-30,Gold,Active
CUST01046,Michelle,Burton,wthomas@example.org,993-453-6049,Hyderabad,Tamil Nadu,India,2023-12-19,Gold,Active
CUST01047,Laura,Montgomery,kevin32@example.net,207-712-2284x5193,Chennai,Maharashtra,India,2023-02-13,Platinum,Active
CUST01048,Tyler,Rodriguez,melissa25@example.net,001-718-831-0934x431,Chennai,Karnataka,India,2023-05-03,Silver,Inactive
CUST01049,Dennis,Ward,gutierrezchristopher@example.com,(523)394-6487x712,Pune,Rajasthan,India,2022-07-07,Platinum,Active
CUST01050,Michele,Howard,hthompson@example.org,(993)357-1914,Pune,Telangana,India,2022-08-29,Silver,Active
CUST01051,Gregory,Williams,reyesashley@example.com,451-568-8672x17679,Pune,Karnataka,India,2022-07-27,Silver,Active
CUST01052,Christopher,Wright,patriciahernandez@example.net,358.551.5990,Mumbai,Rajasthan,India,2022-05-03,Platinum,Active
CUST01053,Veronica,Anderson,kimberlycurtis@example.com,582.739.1171,Jaipur,Delhi,India,2024-02-22,Gold,Inactive
CUST01054,Lee,Davis,ssmith@example.net,302.757.9726x3732,Chennai,Rajasthan,India,2023-09-28,Platinum,Inactive
CUST01055,Jonathan,Peterson,velezwendy@example.com,(451)588-8270x505,Patna,West Bengal,India,2023-05-18,Gold,Inactive
CUST01056,Tracey,Novak,julian28@example.com,,Kolkata,Bihar,India,2022-08-16,Silver,Inactive
CUST01057,Thomas,Graham,anthony49@example.net,+1-317-684-3531x8994,Jaipur,Delhi,India,2023-05-05,Platinum,Inactive
CUST01058,Adriana,Rodriguez,sanchezrobert@example.com,664-369-5446x67366,Patna,Rajasthan,India,2023-02-08,Silver,Inactive
CUST01059,John,Jimenez,courtney85@example.net,+1-818-449-3878x04200,Delhi,Delhi,India,2022-11-20,Platinum,Active
CUST01060,Thomas,Richmond,don49@example.com,424.828.9027x29762,Kolkata,Maharashtra,India,2023-01-24,Gold,Inactive
CUST01061,Derrick,Davis,jessica51@example.com,001-464-220-5207x70564,Hyderabad,Bihar,India,2023-09-20,Platinum,Inactive
CUST01062,Justin,Montes,jacksonwilliam@example.org,(479)240-4235x351,Hyderabad,Rajasthan,India,2022-08-31,Platinum,Inactive
CUST01063,Justin,Landry,tracyhuber@example.net,686-841-0994x09713,Patna,Rajasthan,India,2023-01-10,Gold,Active
CUST01064,Lori,Mcfarland,lindajones@example.org,558-919-9563x84544,Chennai,Karnataka,India,2023-03-06,Gold,Inactive
CUST01065,Darlene,King,kimberlyclark@example.net,442-948-6883x94019,Patna,Bihar,India,2023-04-07,Platinum,Active
CUST01066,Joshua,Smith,johnsonjeffrey@example.org,001-206-306-8672x1937,Mumbai,Telangana,India,2024-04-13,Silver,Inactive
CUST01067,Spencer,Harris,ronald82@example.com,001-231-622-1523x2824,Bangalore,Tamil Nadu,India,2024-05-26,Silver,Active
CUST01068,Michael,Brown,franksmith@example.com,686-440-5076x04491,Delhi,Bihar,India,2023-04-30,Gold,Inactive
CUST01069,Cynthia,Carroll,curtishawkins@example.com,280-431-4835x156,Jaipur,West Bengal,India,2022-05-18,Platinum,Inactive
CUST01070,Richard,Richardson,poneal@example.org,534-978-9174x5271,Lucknow,Telangana,India,2024-03-15,Gold,Active
CUST01071,Stephen,Fleming,brooke34@example.net,001-876-601-1435x5084,Mumbai,Bihar,India,2023-02-12,Silver,Active
CUST01072,Rhonda,Johnson,earl39@example.net,001-357-347-1726x51861,Hyderabad,Rajasthan,India,2024-04-13,Platinum,Active
CUST01073,William,Hoffman,erikabarr@example.net,(265)946-5351,Chennai,Telangana,India,2023-04-06,Gold,Inactive
CUST01074,Leonard,Garrison,smithlori@example.org,,Jaipur,Telangana,India,2023-07-28,Gold,Active
CUST01075,Roy,Le,jeremydavis@example.org,673-665-9018x332,Mumbai,Karnataka,India,2023-02-26,Platinum,Active
CUST01076,April,Huynh,glennodonnell@example.org,2647708399,Kolkata,West Bengal,India,2023-08-14,Silver,Inactive
CUST01077,Jennifer,Gonzalez,lisa33@example.net,761.324.7791x68176,Chennai,West Bengal,India,2022-12-30,Gold,Inactive
CUST01078,Danielle,Henderson,cody02@example.net,930-567-4338x3764,Bangalore,Telangana,India,2022-03-22,Gold,Active
CUST01079,Randy,Gutierrez,melissa18@example.org,544-980-9563,Patna,Karnataka,India,2024-06-08,Gold,Inactive
CUST01080,Jesse,Benjamin,jhorne@example.org,+1-861-759-9873x8509,Mumbai,Maharashtra,India,2024-05-19,Silver,Inactive
CUST01081,Jacqueline,Oconnor,smithmichael@example.org,933.728.3238x639,Chennai,Karnataka,India,2022-08-22,Platinum,Inactive
CUST01082,Robin,Figueroa,alexander47@example.com,909.709.4632,Hyderabad,Uttar Pradesh,India,2023-12-29,Gold,Inactive
CUST01083,Christina,Jackson,hwilliams@example.com,(275)630-3845,Chennai,West Bengal,India,2024-03-10,Gold,Inactive
CUST01084,Laura,David,mmartinez@example.net,(292)742-1708x563,Patna,Delhi,India,2022-06-21,Silver,Active
CUST01085,Eric,Howard,bphillips@example.net,,Hyderabad,Maharashtra,India,2023-11-09,Silver,Active
CUST01086,Veronica,Johnson,rharris@example.org,413-620-8161,Mumbai,Maharashtra,India,2023-02-11,Silver,Inactive
CUST01087,Lance,Hunter,mitchelleric@example.net,+1-248-587-8162x36049,Delhi,Delhi,India,2023-07-16,Gold,Active
CUST01088,Scott,Carpenter,johnjenkins@example.org,604.991.1193x7454,Hyderabad,Bihar,India,2022-04-17,Silver,Inactive
CUST01089,Rhonda,Kennedy,hbrown@example.com,(936)527-8543x4735,Pune,Tamil Nadu,India,2022-11-13,Platinum,Inactive
CUST01090,Luis,Wright,gina32@example.net,584.540.6610x463,Patna,Bihar,India,2023-03-30,Platinum,Active
CUST01091,Patricia,Robinson,joseph98@example.net,+1-393-537-3459x8749,Delhi,Karnataka,India,2022-01-30,Gold,Inactive
CUST01092,Sabrina,Pham,gallen@example.net,404-294-0736x32475,Jaipur,Telangana,India,2023-04-24,Platinum,Inactive
CUST01093,Sandra,Gonzalez,chaveztyler@example.com,493-901-3165x146,Jaipur,Bihar,India,2022-05-19,Platinum,Inactive
CUST01094,Steven,Brown,john09@example.org,(450)339-7195x37374,Kolkata,Uttar Pradesh,India,2023-10-09,Platinum,Inactive
CUST01095,Jeremy,Jones,qorr@example.com,286-529-9860x6609,Lucknow,West Bengal,India,2022-12-22,Silver,Active
CUST01096,Jesus,Coleman,cassandra93@example.com,001-809-782-8659,Hyderabad,Karnataka,India,2023-03-29,Gold,Inactive
CUST01097,Heather,Becker,tmiller@example.org,001-262-531-8494x616,Hyderabad,Delhi,India,2022-06-09,Silver,Active
CUST01098,Kimberly,Williams,autumn53@example.org,302.789.9644x73333,Hyderabad,Rajasthan,India,2022-12-19,Platinum,Active
CUST01099,Matthew,Wyatt,debrablair@example.com,566.768.5939,Lucknow,Rajasthan,India,2023-12-06,Gold,Active
CUST01100,Jodi,Johnson,qkennedy@example.net,765.385.8997x370,Bangalore,Telangana,India,2024-02-24,Platinum,Active
CUST01101,Donald,Stevens,jeremymerritt@example.org,+1-473-585-0500x95921,Delhi,West Bengal,India,2024-03-26,Gold,Active
CUST01102,Jade,York,baileyanna@example.net,284.874.3923x8711,Jaipur,Uttar Pradesh,India,2023-02-26,Gold,Active
CUST01103,Mary,Kerr,wadedonna@example.com,306.475.5986x08349,Bangalore,Uttar Pradesh,India,2022-06-17,Silver,Inactive
CUST01104,Robert,Chung,turnerelizabeth@example.net,930.482.5254x714,Bangalore,Tamil Nadu,India,2022-03-23,Platinum,Inactive
CUST01105,Norman,Jackson,maychristine@example.com,001-223-718-0051x8603,Jaipur,Telangana,India,2022-10-19,Gold,Active
CUST01106,Penny,Browning,tortiz@example.org,(736)882-2393x48926,Mumbai,Bihar,India,2024-05-23,Silver,Inactive
CUST01107,Richard,Brown,ljohnson@example.org,001-836-937-6320x8953,Lucknow,Rajasthan,India,2022-04-24,Gold,Inactive
CUST01108,Cindy,Pham,sharonjames@example.org,4656175318,Chennai,Delhi,India,2022-07-12,Silver,Active
CUST01109,Shannon,Gibson,villanuevavictoria@example.com,316.849.6878x36348,Delhi,Bihar,India,2023-07-02,Silver,Inactive
CUST01110,Brian,Berger,ellisonjacqueline@example.net,901.603.6010,Patna,Rajasthan,India,2022-10-03,Platinum,Active
CUST01111,Seth,Perez,michael05@example.com,001-306-980-5105,Mumbai,Bihar,India,2022-08-27,Silver,Inactive
CUST01112,Deanna,Myers,karen49@example.net,550.540.8997,Chennai,Uttar Pradesh,India,2022-08-11,Gold,Inactive
CUST01113,David,Mcbride,utorres@example.org,(555)773-6841x2086,Lucknow,Delhi,India,2023-01-16,Gold,Active
CUST01114,Thomas,Patel,turneranthony@example.org,+1-225-467-7598x82447,Patna,Delhi,India,2024-05-13,Gold,Inactive
CUST01115,Carla,Smith,sean73@example.net,+1-984-681-7949x5785,Jaipur,Rajasthan,India,2022-03-15,Silver,Active
CUST01116,Jill,Morales,plutz@example.net,716-580-1891x411,Hyderabad,Uttar Pradesh,India,2024-05-11,Silver,Active
CUST01117,Aaron,Holloway,dustinjones@example.com,324-519-5928x7006,Pune,Uttar Pradesh,India,2024-02-26,Gold,Active
CUST01118,Katherine,Nguyen,timothybryant@example.org,,Delhi,Tamil Nadu,India,2024-01-26,Gold,Active
CUST01119,David,Smith,jacobdominguez@example.org,001-725-822-2468x00522,Pune,Rajasthan,India,2023-06-18,Gold,Inactive
CUST01120,Christopher,Lee,henryryan@example.com,766.807.2823x668,Patna,Delhi,India,2022-11-27,Platinum,Active
CUST01121,Jason,Andrews,david15@example.net,001-974-872-6373,Lucknow,Telangana,India,2022-09-17,Silver,Inactive
CUST01122,Dustin,Horton,dawnrobinson@example.net,(262)745-4228x2652,Pune,Maharashtra,India,2022-02-23,Silver,Inactive
CUST01123,Katherine,Nguyen,dmorse@example.net,001-301-647-3932x07214,Delhi,Bihar,India,2022-11-29,Gold,Active
CUST01124,Roy,Riley,cheryl01@example.org,+1-231-619-7715,Pune,Delhi,India,2023-02-10,Silver,Inactive
CUST01125,Sean,Watson,xlloyd@example.com,001-402-250-0482x9608,Kolkata,Bihar,India,2023-12-06,Gold,Active
CUST01126,Daniel,Ryan,reneeharrison@example.net,(875)698-4988x2610,Patna,Rajasthan,India,2022-09-12,Silver,Inactive
CUST01127,Crystal,Parker,ksmith@example.com,9495822029,Delhi,Delhi,India,2024-02-17,Gold,Active
CUST01128,David,Graham,patrick95@example.com,(477)548-3635,Jaipur,Maharashtra,India,2023-12-20,Silver,Inactive
CUST01129,John,Garcia,reedpatricia@example.net,001-220-908-7762x026,Chennai,West Bengal,India,2022-08-27,Platinum,Inactive
CUST01130,Adriana,Atkinson,douglas73@example.org,322.285.2853,Lucknow,Tamil Nadu,India,2024-04-04,Silver,Inactive
CUST01131,Jennifer,Johnson,michaelsmith@example.com,3054336144,Patna,Telangana,India,2023-01-02,Silver,Inactive
CUST01132,Christina,Nielsen,turnerjoshua@example.com,(716)443-0769,Lucknow,West Bengal,India,2023-12-25,Gold,Inactive
CUST01133,Laura,Wolf,michael02@example.com,001-576-782-5862x913,Kolkata,Bihar,India,2022-07-14,Platinum,Inactive
CUST01134,Julia,Strong,xkramer@example.net,234-955-1778,Lucknow,Telangana,India,2022-11-28,Platinum,Active
CUST01135,Shelia,Rodriguez,stevenlyons@example.com,001-466-439-9852x378,Jaipur,Bihar,India,2022-03-12,Gold,Inactive
CUST01136,Kevin,Mason,gonzalesbrian@example.net,+1-270-473-2538,Hyderabad,West Bengal,India,2024-04-19,Gold,Inactive
CUST01137,Nathaniel,Thomas,jill30@example.net,+1-378-785-6012x387,Jaipur,Uttar Pradesh,India,2022-01-01,Platinum,Active
CUST01138,Jackie,Sims,walkerluke@example.org,252-873-1320,Kolkata,Karnataka,India,2022-01-20,Platinum,Active
CUST01139,David,Tran,matthewwalker@example.com,238.672.3910,Mumbai,West Bengal,India,2022-11-25,Gold,Active
CUST01140,Greg,Hopkins,hancockamy@example.net,001-468-525-7452x620,Lucknow,West Bengal,India,2023-06-21,Silver,Inactive
CUST01141,Kristen,Schultz,shane47@example.org,496.353.1039x2372,Bangalore,Karnataka,India,2022-11-27,Silver,Active
CUST01142,Rose,Blair,george88@example.net,211-629-1477x46406,Mumbai,Delhi,India,2023-06-20,Silver,Active
CUST01143,Tyler,Macias,hweeks@example.org,+1-553-858-6577x211,Delhi,Tamil Nadu,India,2024-06-13,Silver,Inactive
CUST01144,Tiffany,Williams,danielbailey@example.org,907-211-4054x34698,Mumbai,Delhi,India,2022-07-16,Platinum,Inactive
CUST01145,Joshua,Smith,hrodriguez@example.com,+1-608-976-5462,Lucknow,West Bengal,India,2023-11-05,Platinum,Inactive
CUST01146,Scott,Howard,rachaelrios@example.com,604.864.6082,Chennai,Tamil Nadu,India,2022-02-20,Platinum,Active
CUST01147,Joan,Terrell,alicepearson@example.org,777-267-7427x472,Pune,Rajasthan,India,2022-01-14,Silver,Inactive
CUST01148,Ashley,Thompson,iflores@example.org,(987)217-6977x2734,Delhi,Karnataka,India,2024-03-31,Platinum,Inactive
CUST01149,Patricia,Novak,suttonchristopher@example.com,687-265-1935,Chennai,Delhi,India,2024-04-21,Platinum,Inactive
CUST01150,Kevin,English,teresa47@example.com,903-495-3870x767,Delhi,Maharashtra,India,2023-06-26,Gold,Active
CUST01151,Margaret,Hobbs,jameshill@example.org,429-577-0067x57998,Jaipur,Maharashtra,India,2022-08-10,Silver,Active
CUST01152,Dennis,Rubio,mparker@example.net,(832)859-8550x732,Bangalore,Tamil Nadu,India,2023-06-29,Silver,Active
CUST01153,James,Charles,marcusreese@example.com,001-967-590-4040,Patna,West Bengal,India,2023-08-07,Platinum,Inactive
CUST01154,Jonathon,Kerr,riggsjuan@example.com,001-550-832-2708x072,Mumbai,Karnataka,India,2024-02-04,Platinum,Inactive
CUST01155,Billy,Sullivan,nathanielhansen@example.com,001-953-397-1619x8121,Bangalore,Maharashtra,India,2023-12-21,Silver,Active
CUST01156,Ronald,Salazar,marcus61@example.org,(889)634-9117x184,Bangalore,West Bengal,India,2023-07-18,Gold,Active
CUST01157,Chad,Hickman,lisaadams@example.org,001-304-733-8985x616,Kolkata,Rajasthan,India,2023-07-01,Gold,Inactive
CUST01158,Jennifer,Martinez,spowers@example.net,(328)580-8234x394,Chennai,Karnataka,India,2023-07-18,Gold,Inactive
CUST01159,Rachel,Hammond,omills@example.net,+1-989-428-8780x32148,Chennai,Tamil Nadu,India,2024-04-25,Platinum,Active
CUST01160,Frank,Miranda,whitekevin@example.com,988.944.9739x984,Jaipur,Telangana,India,2023-01-20,Gold,Inactive
CUST01161,David,Page,johnsonveronica@example.org,(736)574-4836,Bangalore,Delhi,India,2023-04-04,Platinum,Active
CUST01162,Phillip,Smith,millerlaura@example.org,814.345.1340,Kolkata,Delhi,India,2022-10-19,Platinum,Active
CUST01163,Gail,Mora,robertosborn@example.net,(663)233-1565x43945,Delhi,Telangana,India,2022-11-06,Silver,Active
CUST01164,Jade,Larsen,jaclyn68@example.org,5013951017,Chennai,Delhi,India,2024-05-26,Platinum,Inactive
CUST01165,Jonathan,Newman,garyramirez@example.net,559.341.8997,Jaipur,West Bengal,India,2023-07-21,Platinum,Active
CUST01166,Mercedes,Peterson,david03@example.net,(810)458-0683,Delhi,Rajasthan,India,2022-04-07,Gold,Active
CUST01167,Janet,Hayes,cwoods@example.net,+1-253-799-9252,Hyderabad,Karnataka,India,2022-05-22,Platinum,Active
CUST01168,Daniel,Gilbert,matthewdavis@example.org,001-489-694-4713x1601,Hyderabad,Telangana,India,2022-08-27,Silver,Inactive
CUST01169,Kathryn,Powell,teresa94@example.com,821-693-7846,Pune,Maharashtra,India,2023-08-06,Platinum,Inactive
CUST01170,Matthew,Chambers,lorrainejones@example.org,6276216609,Lucknow,Bihar,India,2024-03-22,Gold,Active
CUST01171,Neil,Lewis,jorge48@example.net,873.849.6226x362,Hyderabad,Delhi,India,2023-09-02,Platinum,Inactive
CUST01172,Joshua,Wilson,nancypowell@example.org,001-729-801-6406x5327,Delhi,Karnataka,India,2022-03-22,Gold,Inactive
CUST01173,Cynthia,Hoover,gabrielasnyder@example.org,001-830-543-9587x091,Mumbai,Tamil Nadu,India,2023-03-03,Platinum,Active
CUST01174,Melissa,Peterson,brookeknight@example.net,237-765-1313x812,Bangalore,Delhi,India,2023-10-12,Gold,Active
CUST01175,Kayla,Fuller,gravesmary@example.org,+1-235-528-3715x3230,Jaipur,Bihar,India,2022-11-23,Gold,Active
CUST01176,Timothy,Long,ltorres@example.net,495.983.5346,Delhi,Uttar Pradesh,India,2022-06-06,Gold,Active
CUST01177,Peter,Nelson,kennedykaren@example.org,653-265-7191x29468,Bangalore,Telangana,India,2022-08-16,Gold,Active
CUST01178,Maria,Lam,karifrench@example.org,951.378.7012,Chennai,Maharashtra,India,2022-05-16,Gold,Active
CUST01179,Benjamin,Blake,audrey45@example.net,443.625.0951x0555,Bangalore,Telangana,India,2023-07-16,Silver,Inactive
CUST01180,Jennifer,Harrison,pjackson@example.net,(379)504-5871x602,Bangalore,Bihar,India,2023-05-29,Silver,Inactive
CUST01181,Carolyn,Barber,marcuscabrera@example.com,9645257477,Pune,Rajasthan,India,2023-07-27,Gold,Active
CUST01182,Randy,Richard,bryan73@example.com,3448053806,Kolkata,West Bengal,India,2023-07-29,Silver,Active
CUST01183,Elizabeth,Ayers,belinda51@example.org,388-218-6682,Hyderabad,Uttar Pradesh,India,2022-03-15,Gold,Active
CUST01184,Dana,White,lancejackson@example.net,329-579-9512x00188,Bangalore,Uttar Pradesh,India,2022-04-26,Gold,Inactive
CUST01185,Misty,Ellison,acevedolisa@example.org,(932)471-5846x9805,Chennai,Karnataka,India,2022-07-15,Platinum,Active
CUST01186,Leslie,Ward,hcarter@example.com,510-940-9979x7523,Hyderabad,Bihar,India,2024-02-28,Gold,Inactive
CUST01187,Amber,Austin,ewilson@example.com,585-443-0254x9761,Patna,Rajasthan,India,2023-10-01,Silver,Active
CUST01188,Sara,Carrillo,jortega@example.net,(244)361-4233,Chennai,Bihar,India,2022-07-24,Platinum,Active
CUST01189,Robert,Cortez,eharmon@example.net,559-652-1172x59475,Delhi,Tamil Nadu,India,2022-04-26,Platinum,Active
CUST01190,James,Pace,adamsalexandria@example.net,898.813.4979x616,Hyderabad,Delhi,India,2024-06-08,Gold,Active
CUST01191,Ashley,Craig,makaylamay@example.com,+1-508-889-9823x9495,Lucknow,Rajasthan,India,2022-11-09,Silver,Inactive
CUST01192,Crystal,Berry,jackiecollins@example.org,001-884-353-2751x469,Jaipur,Tamil Nadu,India,2022-08-03,Silver,Inactive
CUST01193,Justin,Dalton,xhansen@example.net,8224868397,Lucknow,Bihar,India,2023-07-16,Platinum,Active
CUST01194,Zachary,Petersen,rebeccalopez@example.net,(358)576-3630,Kolkata,West Bengal,India,2023-01-21,Silver,Inactive
CUST01195,Donna,Waters,joserios@example.com,+1-683-628-2174x4817,Delhi,Telangana,India,2022-06-24,Silver,Inactive
CUST01196,Meredith,Dixon,jessicazavala@example.com,914-577-0044,Lucknow,Delhi,India,2022-02-24,Silver,Inactive
CUST01197,Tina,Hunter,wardcynthia@example.com,331-296-4731x1218,Hyderabad,Karnataka,India,2023-11-08,Silver,Active
CUST01198,Jerry,Stephenson,tinawade@example.com,369-214-1394x659,Bangalore,Tamil Nadu,India,2022-10-27,Gold,Active
CUST01199,Jack,Williams,brianpatrick@example.net,656.321.3447x3440,Lucknow,West Bengal,India,2022-11-20,Silver,Active
CUST01200,Danielle,Gaines,acostalisa@example.com,001-319-589-9518x566,Jaipur,Rajasthan,India,2022-07-23,Platinum,Active
CUST01201,Kim,Cline,anthony90@example.com,817-638-3999x7174,Pune,West Bengal,India,2022-02-10,Gold,Inactive
CUST01202,Tracy,Mckinney,curtis45@example.org,(219)606-9378x2803,Bangalore,Bihar,India,2023-05-17,Silver,Inactive
CUST01203,Catherine,Williams,lewispatricia@example.com,001-213-332-9353x3884,Chennai,Karnataka,India,2023-12-02,Platinum,Inactive
CUST01204,Sharon,Hernandez,george11@example.net,(824)558-5677,Jaipur,Telangana,India,2022-08-30,Silver,Inactive
CUST01205,Stephanie,Griffin,elong@example.net,330.706.2253x4558,Bangalore,Delhi,India,2024-06-18,Platinum,Inactive
CUST01206,Alyssa,Perez,zdavis@example.net,368.682.2674x39775,Patna,Karnataka,India,2022-08-19,Gold,Active
CUST01207,Christian,Phillips,hannahlong@example.org,556.461.1257x69882,Bangalore,West Bengal,India,2022-03-31,Platinum,Active
CUST01208,Mark,Molina,ericazamora@example.net,562-928-5897x563,Pune,Bihar,India,2023-03-04,Gold,Inactive
CUST01209,Collin,Blair,diazlisa@example.com,(503)541-5564,Chennai,Rajasthan,India,2023-09-12,Platinum,Active
CUST01210,Jacqueline,Lopez,cbooker@example.org,(400)344-0628,Patna,West Bengal,India,2022-07-31,Platinum,Active
CUST01211,Jennifer,Mckee,fcabrera@example.net,(490)752-2874x01082,Patna,Telangana,India,2024-06-02,Platinum,Active
CUST01212,Matthew,White,morgan73@example.org,001-733-815-0763x16507,Patna,Bihar,India,2023-03-17,Gold,Active
CUST01213,Joshua,Dyer,sarahramos@example.com,+1-696-295-7170x59545,Jaipur,Maharashtra,India,2023-07-25,Silver,Inactive
CUST01214,David,Hicks,mariavaldez@example.org,(345)330-7936x792,Patna,Delhi,India,2024-05-09,Gold,Inactive
CUST01215,Martha,Alvarez,bbrooks@example.org,5394069561,Hyderabad,Rajasthan,India,2023-02-26,Platinum,Inactive
CUST01216,Kaitlyn,Medina,randerson@example.org,802.700.7490,Pune,Maharashtra,India,2022-06-05,Silver,Active
CUST01217,Kevin,Patterson,millerrachel@example.org,(586)771-7559,Kolkata,Telangana,India,2022-01-27,Platinum,Active
CUST01218,Sabrina,Bush,cgross@example.com,670-331-7299,Pune,Tamil Nadu,India,2023-09-03,Platinum,Active
CUST01219,James,Watson,lisahunt@example.net,(814)239-0544x0618,Mumbai,Rajasthan,India,2023-01-03,,Inactive
CUST01220,Maria,Houston,wardtabitha@example.net,399-871-1547x889,Chennai,Bihar,India,2023-12-31,Gold,Inactive
CUST01221,John,Arnold,anthony81@example.com,413-968-0217x1141,Patna,Bihar,India,2023-05-01,Silver,Active
CUST01222,Thomas,Jefferson,whancock@example.net,(471)970-4230x8198,Bangalore,Delhi,India,2022-02-03,Gold,Inactive
CUST01223,Anthony,Wilson,garyhansen@example.net,001-694-642-3385x86753,Pune,Tamil Nadu,India,2022-08-16,Silver,Active
CUST01224,Patricia,Norton,richard61@example.net,(360)324-5301x6461,Kolkata,Rajasthan,India,2023-03-26,Platinum,Inactive
CUST01225,Mike,Stewart,stephanie85@example.com,+1-520-872-9986,Lucknow,Tamil Nadu,India,2024-06-06,Gold,Inactive
CUST01226,Xavier,Medina,vburke@example.net,001-682-356-8739x007,Delhi,Uttar Pradesh,India,2024-03-05,Platinum,Inactive
CUST01227,Shirley,Mccann,diane86@example.net,(614)687-6036,Kolkata,West Bengal,India,2023-02-08,Platinum,Active
CUST01228,Alexandria,Campos,kempchristina@example.net,001-556-786-6982x0486,Mumbai,Rajasthan,India,2023-06-18,Gold,Active
CUST01229,Mckenzie,Anderson,sara46@example.org,925-877-4520x234,Pune,West Bengal,India,2024-06-17,Platinum,Inactive
CUST01230,Julia,Bowers,jessica16@example.org,001-804-684-6462x693,Delhi,West Bengal,India,2024-01-23,Gold,Active
CUST01231,David,Vasquez,angela98@example.org,+1-419-585-1116x0713,Hyderabad,Rajasthan,India,2022-07-14,Gold,Inactive
CUST01232,John,Clark,nbailey@example.org,212.978.1625x727,Hyderabad,Rajasthan,India,2024-03-03,Silver,Inactive
CUST01233,Erin,Woods,kdavis@example.net,557-312-0167x88417,Kolkata,Delhi,India,2022-10-29,Platinum,Active
CUST01234,Melanie,Johnston,butlerdonald@example.org,863.492.0596,Lucknow,Maharashtra,India,2023-04-20,Platinum,Active
CUST01235,Nancy,Scott,jasonrodriguez@example.net,403-800-0366x590,Kolkata,West Bengal,India,2022-07-04,Silver,Inactive
CUST01236,Nicholas,Park,samantha17@example.org,001-590-325-0542x261,Chennai,Rajasthan,India,2023-02-28,Silver,Active
CUST01237,Daniel,Marsh,sphillips@example.net,532-734-6246x3062,Kolkata,Tamil Nadu,India,2023-04-10,Gold,Active
CUST01238,Kelly,Clark,samuelferguson@example.net,635.853.4578x997,Chennai,Bihar,India,2022-09-14,Platinum,Active
CUST01239,Daniel,Newton,virginia36@example.net,359-399-0500x46504,Mumbai,Rajasthan,India,2022-04-04,Platinum,Inactive
CUST01240,Valerie,Davis,ereyes@example.com,587.461.1270,Jaipur,Uttar Pradesh,India,2022-03-29,Platinum,Active
CUST01241,Robert,Peterson,morganricky@example.net,768.771.4688,Jaipur,Uttar Pradesh,India,2023-01-23,Silver,Active
CUST01242,Tara,White,cgardner@example.com,+1-524-363-9359x61910,Kolkata,Bihar,India,2022-12-10,Silver,Active
CUST01243,Daniel,Hamilton,cheryl29@example.org,001-501-908-9847x899,Delhi,Uttar Pradesh,India,2022-07-03,Gold,Inactive
CUST01244,Ryan,Schneider,rodriguezkaitlyn@example.com,731.478.2202x710,Lucknow,Telangana,India,2024-01-18,Platinum,Active
CUST01245,Jeffrey,Smith,rachelingram@example.com,426-870-1420x240,Patna,Tamil Nadu,India,2022-05-01,Silver,Inactive
CUST01246,Michael,Young,qhubbard@example.org,001-415-375-6768,Lucknow,Rajasthan,India,2022-01-13,Gold,Active
CUST01247,Jennifer,Caldwell,timothy14@example.com,001-525-378-8842x1051,Lucknow,Tamil Nadu,India,2023-09-15,Silver,Inactive
CUST01248,Lynn,Webb,austin86@example.com,8596017271,Bangalore,Rajasthan,India,2023-04-10,Silver,Active
CUST01249,Leslie,Bird,tharris@example.com,906.553.6299x507,Jaipur,Telangana,India,2022-09-08,Platinum,Active
CUST01250,Nancy,Johnson,ashleycox@example.org,(456)212-0049,Patna,Bihar,India,2022-02-20,Silver,Inactive
CUST01251,Oscar,Jimenez,zwatkins@example.net,775.377.5560,Patna,Delhi,India,2022-02-07,Platinum,Inactive
CUST01252,Scott,Johnson,jonesemily@example.org,959.897.5157x430,Mumbai,Delhi,India,2022-12-06,Silver,Inactive
CUST01253,Colleen,Horne,fernandezjudith@example.com,897.542.4765,Patna,Telangana,India,2022-07-02,Platinum,Active
CUST01254,Kristine,Barton,denise99@example.com,(764)901-0084x4937,Kolkata,Karnataka,India,2023-04-12,Silver,Active
CUST01255,Colleen,Butler,damon05@example.org,001-560-485-6512x638,Hyderabad,Karnataka,India,2024-02-26,Gold,Inactive
CUST01256,Michael,Brown,bmatthews@example.org,302.577.7503,Mumbai,Uttar Pradesh,India,2024-04-19,Platinum,Active
CUST01257,Connie,Harmon,larry13@example.com,8747397709,Lucknow,Bihar,India,2022-10-27,Silver,Inactive
CUST01258,Brandi,Waters,ffrost@example.com,498-876-0276x9584,Jaipur,Uttar Pradesh,India,2022-12-04,Platinum,Active
CUST01259,Jill,Davila,millertyler@example.org,(994)662-3580x518,Pune,Delhi,India,2023-12-14,Silver,Active
CUST01260,Krystal,Jacobson,brittany29@example.com,4646239471,Kolkata,Telangana,India,2023-05-11,Gold,Inactive
CUST01261,Cheyenne,Dixon,barajaskayla@example.net,222.969.4370,Jaipur,Karnataka,India,2022-09-23,Silver,Inactive
CUST01262,Maria,King,paulerickson@example.com,001-339-821-1569x1000,Lucknow,Rajasthan,India,2023-06-17,Silver,Active
CUST01263,Cesar,Byrd,jeffrey61@example.com,+1-771-460-1962,Hyderabad,Tamil Nadu,India,2023-12-27,Silver,Active
CUST01264,Robin,Porter,cjohnson@example.com,570.675.8111,Lucknow,Maharashtra,India,2022-01-25,Platinum,Active
CUST01265,Tiffany,Carr,jerrywilliams@example.com,(392)636-1770x384,Kolkata,Uttar Pradesh,India,2024-03-29,Gold,Active
CUST01266,Tiffany,Myers,vsmith@example.org,876.266.8447x560,Chennai,West Bengal,India,2022-12-08,Platinum,Active
CUST01267,Jonathan,Wilson,amycooper@example.com,465.936.1619,Pune,Telangana,India,2022-01-12,Gold,Active
CUST01268,Christopher,Delgado,brent54@example.org,897.779.4633,Hyderabad,West Bengal,India,2022-11-12,Platinum,Inactive
CUST01269,Richard,Watson,ngonzalez@example.com,212-585-9874,Delhi,Maharashtra,India,2024-02-25,Platinum,Inactive
CUST01270,Tina,Williams,bmalone@example.org,332.460.7987x941,Bangalore,Delhi,India,2022-12-16,Silver,Active
CUST01271,David,Webb,awilliams@example.org,001-820-652-6115x7374,Chennai,Rajasthan,India,2022-12-05,Gold,Active
CUST01272,Gilbert,Townsend,barkermargaret@example.com,690-749-5193x164,Patna,Rajasthan,India,2023-10-24,Silver,Inactive
CUST01273,Lindsey,Alexander,eric47@example.com,001-618-838-3158x679,Jaipur,Karnataka,India,2024-06-04,Gold,Inactive
CUST01274,Michael,Rojas,hernandezmonique@example.net,9026000421,Delhi,West Bengal,India,2024-01-31,Gold,Inactive
CUST01275,Jordan,Harris,thenderson@example.net,312.444.1652,Jaipur,Delhi,India,2023-07-23,Silver,Inactive
CUST01276,Erin,Harris,zdelgado@example.org,001-258-897-9308,Chennai,Maharashtra,India,2024-03-29,Silver,Inactive
CUST01277,Randall,Park,laurie80@example.org,453.822.1041x9032,Delhi,Karnataka,India,2024-05-10,Gold,Active
CUST01278,Edward,Gonzalez,brandon26@example.org,798-743-6513x319,Kolkata,Uttar Pradesh,India,2023-08-08,Silver,Active
CUST01279,Jesus,Clarke,alexandra79@example.com,+1-773-206-7037x686,Hyderabad,Karnataka,India,2024-06-04,Platinum,Active
CUST01280,Tammy,Yates,stephanie00@example.org,(927)977-7877x118,Bangalore,Maharashtra,India,2022-10-06,Gold,Active
CUST01281,Jennifer,Nichols,leesheila@example.com,+1-447-441-9956x25846,Lucknow,Telangana,India,2023-01-16,Silver,Inactive
CUST01282,Christopher,Martinez,rojasrobert@example.net,293.855.8125x500,Mumbai,Karnataka,India,2022-06-29,Silver,Active
CUST01283,Matthew,Kelly,casey21@example.org,+1-462-571-0555x723,Lucknow,West Bengal,India,2022-04-05,Silver,Inactive
CUST01284,Wendy,Thompson,greese@example.org,001-860-436-3844,Patna,Tamil Nadu,India,2023-05-28,Gold,Inactive
CUST01285,Karina,Smith,perickson@example.net,861.906.7056,Jaipur,Telangana,India,2024-01-21,Gold,Active
CUST01286,Steve,Torres,dawnlara@example.net,(745)201-7859x936,Mumbai,West Bengal,India,2024-02-27,Platinum,Active
CUST01287,Tyler,Castillo,amberochoa@example.net,+1-374-849-4641x425,Delhi,Rajasthan,India,2022-07-30,Gold,Active
CUST01288,Alex,Wheeler,steven27@example.com,721.237.3612x717,Hyderabad,Delhi,India,2022-01-05,Platinum,Active
CUST01289,Brittany,Walter,chadowens@example.net,7292648415,Lucknow,Delhi,India,2022-12-08,Silver,Inactive
CUST01290,James,Moss,lisa12@example.net,+1-810-513-4231x8360,Kolkata,Telangana,India,2022-01-24,Platinum,Active
CUST01291,Eric,Jackson,rjoseph@example.org,802-205-9705x76046,Pune,Tamil Nadu,India,2022-11-25,Gold,Inactive
CUST01292,Julia,Herrera,montessummer@example.com,001-979-808-0148x0933,Chennai,Rajasthan,India,2023-06-30,Platinum,Active
CUST01293,Joseph,Nicholson,olivia55@example.com,+1-884-908-3679,Patna,Bihar,India,2022-10-07,Gold,Active
CUST01294,Robert,Solis,tyler58@example.org,474.302.6600x446,Kolkata,West Bengal,India,2022-01-16,Platinum,Active
CUST01295,Debra,Hoffman,jennifernolan@example.org,810-275-7214,Jaipur,Karnataka,India,2022-07-31,Platinum,Inactive
CUST01296,Ryan,Young,brownvanessa@example.net,001-368-908-7693x265,Patna,Telangana,India,2022-10-05,Platinum,Active
CUST01297,Sheri,Mann,britter@example.net,752.485.0829,Mumbai,Telangana,India,2022-06-25,Platinum,Inactive
CUST01298,Amy,Rogers,mary55@example.org,(633)317-7614,Lucknow,Delhi,India,2023-07-08,Silver,Active
CUST01299,Pamela,Shaw,matthew49@example.com,412-291-6799x06976,Delhi,Maharashtra,India,2023-04-28,Gold,Active
CUST01300,Joseph,Anderson,crawfordmichael@example.net,6918224526,Bangalore,Uttar Pradesh,India,2022-03-30,Silver,Inactive
CUST01301,Tina,Rios,brandonnelson@example.com,+1-977-352-3705x71902,Chennai,Telangana,India,2023-09-24,Gold,Active
CUST01302,Alex,Franklin,conleylindsey@example.net,001-254-998-3460,Jaipur,Maharashtra,India,2024-01-01,Gold,Active
CUST01303,Kayla,Bass,laurenroberts@example.org,2914767933,Lucknow,Maharashtra,India,2022-04-06,Gold,Inactive
CUST01304,Jacob,Obrien,gardnerchristopher@example.com,(995)556-3661x039,Lucknow,Rajasthan,India,2023-12-02,Silver,Active
CUST01305,Tyler,Valenzuela,alyssa85@example.org,997.301.9987x450,Kolkata,Telangana,India,2022-05-28,Gold,Inactive
CUST01306,Joel,Jones,laurapierce@example.org,613-960-2145x263,Chennai,Karnataka,India,2022-07-07,Gold,Inactive
CUST01307,Nicholas,Flores,wnguyen@example.net,541.386.1346x456,Mumbai,Rajasthan,India,2022-01-31,Silver,Inactive
CUST01308,William,Walker,kevinbailey@example.net,670.978.9673,Lucknow,Bihar,India,2023-05-06,Gold,Inactive
CUST01309,Kathryn,Reid,karen69@example.net,4365320419,Kolkata,Bihar,India,2023-09-11,Platinum,Active
CUST01310,Rita,Harrison,jonestravis@example.org,577.615.1622x89538,Mumbai,Karnataka,India,2023-02-20,Platinum,Active
CUST01311,Rebecca,Luna,jamesgrant@example.com,262-451-1826x64271,Hyderabad,West Bengal,India,2024-03-22,Gold,Inactive
CUST01312,James,Chaney,karen25@example.com,9144935339,Bangalore,Tamil Nadu,India,2023-08-28,Platinum,Active
CUST01313,Juan,Hayes,christopherhawkins@example.net,(388)516-4497x66474,Patna,Rajasthan,India,2023-07-16,Gold,Active
CUST01314,Rebecca,Smith,rickygarcia@example.org,279-744-1709x279,Pune,Uttar Pradesh,India,2022-12-15,Gold,Inactive
CUST01315,Christopher,Perry,eric34@example.com,(675)500-5165x100,Pune,Bihar,India,2023-07-12,Platinum,Active
CUST01316,Keith,Hutchinson,xrobertson@example.com,343-688-8712x11905,Kolkata,Rajasthan,India,2024-01-28,Silver,Inactive
CUST01317,Amber,Garcia,daguirre@example.org,971-977-4385,Jaipur,Maharashtra,India,2022-11-30,Gold,Active
CUST01318,Brandy,Bass,flemingmichelle@example.net,674.445.5027x75528,Bangalore,Maharashtra,India,2022-11-12,Platinum,Active
CUST01319,Elizabeth,Chavez,ureynolds@example.com,(214)238-7364x9072,Kolkata,Uttar Pradesh,India,2023-12-03,Gold,Inactive
CUST01320,Bryan,Nelson,jameskevin@example.net,(472)504-7853x468,Delhi,Maharashtra,India,2023-10-23,Silver,Active
CUST01321,Patrick,Brooks,mjacobs@example.com,319-491-0772x32459,Delhi,Bihar,India,2023-08-18,Platinum,Active
CUST01322,John,Padilla,jramirez@example.net,481-944-1846x75903,Jaipur,Telangana,India,2023-04-09,Gold,Inactive
CUST01323,Stacey,Keller,scottwilson@example.com,733.753.9083x70430,Pune,Karnataka,India,2022-07-20,Gold,Inactive
CUST01324,Jason,Morris,melissa70@example.org,001-656-649-2085x63090,Chennai,Maharashtra,India,2023-03-22,Platinum,Active
CUST01325,Tammy,Lopez,josephwalker@example.net,(710)991-7814,Jaipur,Uttar Pradesh,India,2023-09-19,Silver,Inactive
CUST01326,Kenneth,Knox,wernersharon@example.org,(481)340-6789,Chennai,West Bengal,India,2022-03-05,Silver,Active
CUST01327,Kyle,Cruz,jeremy31@example.net,(843)262-3752x42757,Jaipur,Karnataka,India,2023-12-22,Silver,Inactive
CUST01328,Jonathan,Bennett,sierradean@example.net,866-227-3642,Delhi,Tamil Nadu,India,2024-06-05,Gold,Inactive
CUST01329,Jay,Thompson,dawsondustin@example.com,433-368-2117,Chennai,Uttar Pradesh,India,2023-10-03,Gold,Inactive
CUST01330,Megan,Dixon,kathy07@example.net,912-449-8337,Jaipur,Tamil Nadu,India,2023-03-22,Platinum,Active
CUST01331,Patrick,Simon,vlee@example.net,+1-797-249-5983x70467,Patna,Tamil Nadu,India,2023-05-02,Platinum,Inactive
CUST01332,Meagan,Nixon,michael76@example.org,(755)630-8646x92282,Chennai,Uttar Pradesh,India,2024-05-13,Silver,Inactive
CUST01333,Nancy,Clark,spearsshirley@example.net,447-431-7916,Patna,Bihar,India,2024-06-12,Silver,Active
CUST01334,Karen,Zimmerman,aberry@example.net,001-596-886-7982x04550,Delhi,Bihar,India,2023-10-26,Platinum,Inactive
CUST01335,Matthew,Riley,zwatts@example.com,(726)215-6539x126,Bangalore,Bihar,India,2023-11-05,Silver,Active
CUST01336,Allison,Stuart,jason39@example.net,320-738-7005x86040,Bangalore,Rajasthan,India,2023-10-20,Platinum,Inactive
CUST01337,Dillon,Scott,blakesarah@example.net,+1-205-843-3109,Patna,Rajasthan,India,2023-10-01,Platinum,Inactive
CUST01338,Ronald,Beard,joshua95@example.net,+1-501-911-9584x973,Lucknow,Uttar Pradesh,India,2023-07-20,Gold,Active
CUST01339,Jessica,Lester,elizabethbennett@example.net,400.996.9255,Bangalore,Delhi,India,2022-07-10,Platinum,Inactive
CUST01340,Angela,Walter,michael21@example.org,(450)575-9758x9272,Pune,West Bengal,India,2024-05-17,Gold,Inactive
CUST01341,Calvin,Collins,tina79@example.org,577.239.4091x1972,Kolkata,Karnataka,India,2023-07-14,Silver,Active
CUST01342,Bruce,Bell,nicholasrobertson@example.com,(589)646-3349x357,Lucknow,Karnataka,India,2023-08-05,Silver,Inactive
CUST01343,Mitchell,Mclaughlin,nrandolph@example.com,001-779-219-3846x16262,Mumbai,Bihar,India,2023-12-09,Platinum,Inactive
CUST01344,Douglas,Moss,chandlerrobert@example.com,+1-535-787-4854x0947,Jaipur,Maharashtra,India,2023-04-22,Platinum,Active
CUST01345,Angela,Deleon,thomasjulie@example.com,+1-333-866-9753x4791,Lucknow,Maharashtra,India,2022-09-09,Platinum,Inactive
CUST01346,Loretta,Erickson,diamondrice@example.net,(724)615-9688x85247,Delhi,Karnataka,India,2023-09-20,Platinum,Active
CUST01347,Summer,Benitez,michael19@example.com,680.464.4804x8447,Lucknow,West Bengal,India,2023-04-26,Gold,Inactive
CUST01348,Kelly,Lee,whitetamara@example.org,(876)613-4272,Chennai,Telangana,India,2023-03-08,Gold,Active
CUST01349,Michael,Torres,dsimpson@example.net,471.319.7101,Kolkata,Telangana,India,2022-02-06,Platinum,Inactive
CUST01350,Lisa,Hernandez,crystal99@example.com,630-757-9748x4906,Lucknow,Bihar,India,2022-03-04,Platinum,Active
CUST01351,Caitlin,Simmons,josephdavis@example.com,001-663-683-5431x23839,Hyderabad,Delhi,India,2023-11-04,Gold,Inactive
CUST01352,Michael,Casey,bmason@example.org,618.531.0140,Patna,West Bengal,India,2022-03-26,Silver,Inactive
CUST01353,Isaac,Kline,stephen79@example.com,+1-906-457-6461x553,Patna,Telangana,India,2022-09-16,Gold,Inactive
CUST01354,Michelle,Roberts,rhughes@example.com,001-422-809-5566,Mumbai,Bihar,India,2022-01-15,Platinum,Active
CUST01355,Brian,Ayers,jason06@example.com,910.470.1492x386,Lucknow,Karnataka,India,2023-11-06,Silver,Inactive
CUST01356,Carmen,Collins,ntorres@example.com,+1-584-543-3923x992,Pune,Rajasthan,India,2024-03-12,Silver,Active
CUST01357,Leah,Snow,brandi27@example.com,+1-826-597-0275,Mumbai,Bihar,India,2022-12-18,Platinum,Active
CUST01358,Zachary,Foster,kfarmer@example.net,(640)386-1828,Lucknow,Uttar Pradesh,India,2024-05-07,Gold,Active
CUST01359,Tyler,Johnson,davidterry@example.com,001-372-237-4845x418,Lucknow,Bihar,India,2023-11-08,Silver,Inactive
CUST01360,Kevin,Porter,knoxsheila@example.com,901-390-2532x93801,Hyderabad,Maharashtra,India,2022-02-25,Silver,Active
CUST01361,Nicholas,Levy,timothy99@example.org,777-220-7527x38274,Bangalore,Rajasthan,India,2023-04-21,Gold,Inactive
CUST01362,Gail,Rivera,jeffrey72@example.org,4674007357,Jaipur,Tamil Nadu,India,2024-02-04,Gold,Inactive
CUST01363,Eric,Duncan,jamescollins@example.com,(419)981-0343,Hyderabad,Bihar,India,2023-05-01,Platinum,Inactive
CUST01364,Deborah,French,kelleychristopher@example.net,001-912-576-3395x91611,Hyderabad,Rajasthan,India,2022-01-13,Gold,Inactive
CUST01365,Connor,Ho,mwise@example.org,(877)971-8218,Delhi,Maharashtra,India,2023-06-27,Platinum,Inactive
CUST01366,Kelly,Ramos,bensonashley@example.com,6464059008,Bangalore,Telangana,India,2024-05-14,Gold,Inactive
CUST01367,Edwin,Howard,nathan10@example.net,+1-928-436-2851x6043,Mumbai,Telangana,India,2022-10-01,Platinum,Inactive
CUST01368,Anthony,Baxter,rrosales@example.com,001-318-716-5013x431,Pune,Tamil Nadu,India,2023-04-18,Platinum,Inactive
CUST01369,Thomas,Young,lori91@example.org,399-477-2282x146,Patna,Karnataka,India,2023-11-25,Platinum,Active
CUST01370,Steven,Rodriguez,steven72@example.net,+1-312-813-8527x526,Delhi,Maharashtra,India,2023-11-20,Silver,Inactive
CUST01371,Brenda,Graham,hunterrobert@example.org,(912)400-1062x3193,Jaipur,Maharashtra,India,2022-04-11,Platinum,Inactive
CUST01372,Traci,Burton,robert18@example.net,(356)711-4904x226,Pune,Telangana,India,2022-12-26,Gold,Active
CUST01373,Travis,Rice,donna49@example.com,(417)522-8352,Delhi,Maharashtra,India,2022-02-04,Silver,Active
CUST01374,Nicole,Massey,dixonpatrick@example.com,282.354.7010,Mumbai,Maharashtra,India,2023-09-06,Silver,Active
CUST01375,Todd,Kennedy,hcastillo@example.org,+1-766-931-4782x297,Kolkata,Bihar,India,2023-01-20,Silver,Active
CUST01376,Regina,Leonard,brianserrano@example.org,+1-757-374-3780x33089,Hyderabad,Rajasthan,India,2022-09-17,Platinum,Active
CUST01377,Tiffany,Martinez,colonstephen@example.net,001-432-479-2527,Lucknow,Telangana,India,2023-10-17,Gold,Inactive
CUST01378,Rebecca,Wilson,kingstacie@example.com,001-949-976-2557x104,Patna,Maharashtra,India,2022-09-21,Gold,Active
CUST01379,Brandon,Johnson,tking@example.net,(963)387-0442x61258,Bangalore,Karnataka,India,2023-01-27,Silver,Inactive
CUST01380,Tamara,Richards,romerotonya@example.net,232-785-2710x13574,Hyderabad,Bihar,India,2024-04-12,Gold,Active
CUST01381,Jennifer,Dalton,michael29@example.com,001-675-498-1424,Pune,Uttar Pradesh,India,2023-05-19,Silver,Inactive
CUST01382,Jonathan,Harris,zclark@example.org,685.263.6036x57156,Patna,West Bengal,India,2022-04-22,Gold,Active
CUST01383,Carrie,Flynn,davisgrace@example.org,(985)447-9910x06342,Mumbai,Rajasthan,India,2023-09-21,Platinum,Inactive
CUST01384,James,Reeves,hchan@example.org,001-965-686-0188x4364,Delhi,Maharashtra,India,2022-04-16,Silver,Inactive
CUST01385,Jackson,Robbins,samanthagonzales@example.net,001-248-851-9919x532,Lucknow,Delhi,India,2024-03-06,Gold,Active
CUST01386,Richard,Diaz,smithkristen@example.com,001-929-923-2576x945,Delhi,Delhi,India,2023-10-31,Platinum,Inactive
CUST01387,Joshua,Macias,ubeck@example.org,001-252-864-8539,Patna,Karnataka,India,2022-09-30,Gold,Active
CUST01388,Shawn,Collins,peter42@example.com,001-744-521-2637x1796,Lucknow,Rajasthan,India,2023-06-12,Gold,Inactive
CUST01389,Alexander,Anderson,murraygary@example.com,+1-992-215-0042x584,Mumbai,West Bengal,India,2024-05-14,Silver,Active
CUST01390,Nicole,Parker,ikeller@example.org,937.637.4268,Lucknow,Maharashtra,India,2023-01-29,Platinum,Inactive
CUST01391,John,Garrison,fnielsen@example.com,(360)543-5266x3833,Hyderabad,Uttar Pradesh,India,2022-12-08,Silver,Active
CUST01392,Charles,Salazar,bdavidson@example.net,(799)361-0517x806,Jaipur,Karnataka,India,2023-01-10,Silver,Inactive
CUST01393,Daniel,Williams,adrianapeterson@example.net,+1-454-591-1739x934,Hyderabad,Tamil Nadu,India,2024-02-18,Silver,Active
CUST01394,Stephanie,Craig,darrenlopez@example.net,249.254.0211x029,Pune,Telangana,India,2023-01-29,Platinum,Inactive
CUST01395,Summer,White,crystal52@example.com,376.528.6959,Chennai,Rajasthan,India,2022-04-20,Silver,Inactive
CUST01396,Jimmy,Rollins,jjoyce@example.com,001-590-842-0299x546,Pune,Bihar,India,2024-01-23,Silver,Active
CUST01397,Steven,White,jodi83@example.com,(969)719-8250,Kolkata,Tamil Nadu,India,2022-01-26,Gold,Inactive
CUST01398,Amanda,Brown,michael16@example.com,870.661.8591x50192,Jaipur,Telangana,India,2022-03-06,Gold,Inactive
CUST01399,Mark,Moore,norma70@example.com,+1-478-748-4394,Delhi,Karnataka,India,2022-01-17,Silver,Inactive
CUST01400,Danielle,Gilbert,shelly66@example.com,807-855-1380x67761,Delhi,Uttar Pradesh,India,2024-03-17,Silver,Active
CUST01401,James,Contreras,mcdonaldwilliam@example.org,290.560.5117x5006,Jaipur,Rajasthan,India,2024-04-06,Platinum,Active
CUST01402,Douglas,Suarez,xhodges@example.net,(931)461-3870,Kolkata,Tamil Nadu,India,2024-01-29,Silver,Active
CUST01403,Frank,Ray,wramirez@example.net,570.410.7949,Patna,Rajasthan,India,2024-01-24,Platinum,Active
CUST01404,Kylie,Gray,darrenburns@example.com,373-674-0402,Kolkata,Delhi,India,2023-04-28,Silver,Active
CUST01405,Beverly,Daniel,danielle41@example.com,001-812-964-3043x98993,Patna,Delhi,India,2022-01-15,Gold,Active
CUST01406,Seth,Hendricks,pking@example.com,001-985-310-0768,Kolkata,Bihar,India,2023-04-13,Platinum,Active
CUST01407,Brittany,Lopez,doughertytammy@example.org,864-845-7496x37384,Mumbai,Maharashtra,India,2024-04-17,Gold,Active
CUST01408,Chad,Miller,nkane@example.org,8539447311,Pune,Uttar Pradesh,India,2022-03-06,Gold,Inactive
CUST01409,Robert,Gardner,shannonrhodes@example.net,771-515-4733,Mumbai,West Bengal,India,2022-11-29,Silver,Inactive
CUST01410,Rodney,Becker,sarahsmith@example.org,(659)230-3203,Pune,Delhi,India,2024-05-06,Platinum,Active
CUST01411,Karen,Bowen,tayloranthony@example.com,001-555-611-5322,Mumbai,Maharashtra,India,2022-12-10,Gold,Active
CUST01412,Jennifer,Lopez,brian31@example.org,477.563.7489x683,Bangalore,Bihar,India,2024-02-15,Platinum,Inactive
CUST01413,Jose,Mitchell,priley@example.com,+1-336-338-9632,Patna,Rajasthan,India,2023-07-21,Silver,Active
CUST01414,Latasha,Anderson,amy41@example.net,4983158595,Mumbai,Uttar Pradesh,India,2022-05-17,Silver,Active
CUST01415,Zachary,Chang,usanders@example.com,(338)387-8476,Lucknow,Maharashtra,India,2024-06-19,Silver,Active
CUST01416,Lindsay,Mcbride,halljulie@example.org,750.768.5169x5842,Mumbai,Telangana,India,2022-07-03,Gold,Inactive
CUST01417,Steven,Anderson,joygarcia@example.org,549.671.7105x970,Patna,Tamil Nadu,India,2023-12-10,Silver,Inactive
CUST01418,Jennifer,Cooley,mhensley@example.org,663-937-8176,Lucknow,Uttar Pradesh,India,2023-06-20,Silver,Active
CUST01419,Savannah,Smith,jenniferjones@example.com,+1-202-266-3508x6648,Delhi,Bihar,India,2023-09-18,Platinum,Inactive
CUST01420,Mary,Wilkins,scott51@example.net,001-556-889-7060,Mumbai,Telangana,India,2023-09-19,Gold,Inactive
CUST01421,James,Taylor,mcgeejeffery@example.org,(363)494-7173,Jaipur,Tamil Nadu,India,2022-01-05,Silver,Active
CUST01422,Beth,Patrick,walter26@example.com,+1-771-392-0505,Mumbai,Karnataka,India,2023-06-27,Platinum,Active
CUST01423,Ashley,Rose,christopheratkins@example.org,001-959-691-8067x3966,Pune,Telangana,India,2023-04-21,Silver,Active
CUST01424,Jose,Smith,erin12@example.org,+1-758-878-3652,Patna,Rajasthan,India,2022-04-26,Gold,Active
CUST01425,Edward,Higgins,mdavis@example.com,+1-705-927-9907,Delhi,Delhi,India,2022-06-13,Platinum,Inactive
CUST01426,Ryan,Cobb,betholson@example.com,(552)534-4774x21305,Pune,Uttar Pradesh,India,2022-10-19,Gold,Inactive
CUST01427,Seth,Rivera,donnariggs@example.net,328-711-8861,Lucknow,Delhi,India,2023-09-24,Silver,Active
CUST01428,Julie,Carrillo,johnsonkatie@example.org,899.531.9641x1056,Patna,Bihar,India,2023-07-05,Silver,Inactive
CUST01429,Rebekah,Price,kimzachary@example.net,(726)371-7916x00665,Mumbai,Maharashtra,India,2023-06-12,Silver,Inactive
CUST01430,Joseph,Bean,dblair@example.net,808-983-8983,Kolkata,Karnataka,India,2023-08-30,Gold,Active
CUST01431,Justin,Williamson,fcollins@example.com,6709845629,Chennai,Tamil Nadu,India,2024-02-05,Silver,Inactive
CUST01432,Robert,Thomas,rebeccamiranda@example.com,582-520-0221x9203,Mumbai,Tamil Nadu,India,2022-08-22,Platinum,Inactive
CUST01433,Kaitlyn,Perez,william45@example.com,+1-531-388-1419x08279,Pune,Uttar Pradesh,India,2024-06-09,Silver,Active
CUST01434,Phillip,Brewer,shannon35@example.org,953.587.4469x20352,Kolkata,Rajasthan,India,2023-04-28,Silver,Inactive
CUST01435,Alan,Graham,dennishodges@example.net,+1-535-239-7578x528,Pune,Rajasthan,India,2022-05-29,Silver,Inactive
CUST01436,Jessica,George,apatel@example.net,+1-256-841-9436x85125,Patna,Rajasthan,India,2023-01-18,Platinum,Active
CUST01437,Nathan,Hall,stewartjames@example.com,+1-229-675-5728x7950,Chennai,Telangana,India,2023-10-10,Silver,Inactive
CUST01438,Charles,Wise,steven69@example.com,237-670-0023x75009,Delhi,Delhi,India,2022-05-11,Gold,Active
CUST01439,Angela,Wolf,mcannon@example.net,353.370.1282x5286,Lucknow,Rajasthan,India,2022-04-24,Gold,Active
CUST01440,Kelly,Cooley,gabriel05@example.org,+1-293-729-7793,Chennai,Tamil Nadu,India,2024-02-18,Gold,Active
CUST01441,Rebecca,Dunn,hrobinson@example.org,+1-980-751-0985x784,Kolkata,Bihar,India,2024-03-19,Platinum,Active
CUST01442,Lisa,Mckenzie,elane@example.org,(585)809-0511,Bangalore,West Bengal,India,2022-03-30,Gold,Active
CUST01443,April,Cardenas,jennifer25@example.net,273-484-5429x176,Lucknow,Rajasthan,India,2023-08-29,Gold,Active
CUST01444,Melissa,Martin,oanthony@example.net,613.578.5229x450,Bangalore,Tamil Nadu,India,2024-01-18,Silver,Inactive
CUST01445,Amanda,Koch,meyerkurt@example.org,986.739.7820x254,Kolkata,Tamil Nadu,India,2023-03-21,Platinum,Active
CUST01446,Jill,Richardson,allison23@example.org,(607)671-0391x7061,Delhi,Uttar Pradesh,India,2023-08-11,Silver,Active
CUST01447,Sarah,Huber,emily90@example.com,680-733-1463,Jaipur,Delhi,India,2023-04-27,Gold,Inactive
CUST01448,Alyssa,Jones,heatherconley@example.com,+1-487-790-8652x228,Mumbai,Rajasthan,India,2023-05-06,Gold,Active
CUST01449,Jeffrey,Hall,leonardporter@example.com,301.371.5620,Jaipur,Delhi,India,2022-03-27,Platinum,Inactive
CUST01450,Eric,Weiss,jonathanlester@example.com,(775)616-9797x862,Patna,Karnataka,India,2022-08-12,Gold,Active
CUST01451,Chelsea,Gay,chill@example.com,001-891-858-8283,Mumbai,Delhi,India,2023-10-26,Gold,Inactive
CUST01452,Joseph,Walker,rachel04@example.com,+1-856-221-6293x827,Lucknow,Delhi,India,2022-06-15,Gold,Inactive
CUST01453,Brian,Wolf,courtney29@example.net,(619)852-1098x48601,Patna,Uttar Pradesh,India,2024-03-01,Silver,Inactive
CUST01454,Laura,Jennings,jefferysimpson@example.com,+1-285-662-7997,Lucknow,Delhi,India,2023-10-04,Platinum,Active
CUST01455,Andrea,Mason,mark51@example.net,+1-346-961-0218x593,Chennai,West Bengal,India,2023-01-30,Silver,Inactive
CUST01456,Jennifer,Hopkins,umills@example.net,+1-775-836-3679,Hyderabad,West Bengal,India,2023-03-13,Platinum,Active
CUST01457,Samuel,Perry,rmendez@example.org,514.532.6178x43287,Mumbai,Karnataka,India,2024-03-17,Platinum,Active
CUST01458,Krystal,Johnson,wstewart@example.net,(728)576-6911x0799,Chennai,Delhi,India,2023-06-12,Silver,Inactive
CUST01459,Margaret,Summers,justin00@example.com,(749)548-8418,Lucknow,Delhi,India,2023-01-10,Gold,Inactive
CUST01460,Lynn,Cisneros,casey45@example.org,(603)319-8782x92634,Jaipur,Maharashtra,India,2022-06-29,Platinum,Active
CUST01461,Patricia,Gonzalez,grantmary@example.net,+1-530-367-0551x4797,Chennai,Tamil Nadu,India,2022-05-22,Platinum,Active
CUST01462,Mark,Knox,alexandermike@example.net,2429775379,Lucknow,Tamil Nadu,India,2023-10-27,Platinum,Active
CUST01463,Stephen,Morris,stephenholmes@example.org,893.925.3394,Chennai,Telangana,India,2022-11-25,Platinum,Inactive
CUST01464,Robert,Mclean,gary25@example.net,730-571-2365x4840,Delhi,Maharashtra,India,2022-10-11,Gold,Inactive
CUST01465,Karen,Parks,clarson@example.com,+1-907-894-4562x1431,Lucknow,West Bengal,India,2023-04-09,Platinum,Active
CUST01466,Angela,Guerrero,abigailhall@example.net,(744)450-4239x89910,Jaipur,West Bengal,India,2023-04-27,Gold,Inactive
CUST01467,Kara,Paul,graylori@example.net,(285)761-5789,Chennai,Maharashtra,India,2023-09-28,Silver,Inactive
CUST01468,Cynthia,Tran,stewartanna@example.net,001-876-710-6107x63763,Mumbai,Uttar Pradesh,India,2022-03-31,Silver,Inactive
CUST01469,Charlene,Blake,thomas70@example.net,722-438-7055x820,Mumbai,Bihar,India,2022-03-20,Gold,Active
CUST01470,Billy,Hatfield,ballsamantha@example.net,+1-974-681-9333,Patna,Rajasthan,India,2023-12-15,Silver,Active
CUST01471,Jordan,Barnes,jsandoval@example.net,5567472045,Delhi,Telangana,India,2023-06-18,Gold,Active
CUST01472,Nathan,Fletcher,nathan92@example.com,276.504.3107x660,Chennai,Uttar Pradesh,India,2023-05-01,Gold,Active
CUST01473,Savannah,Mcguire,pdaniels@example.net,001-979-875-9769x4875,Pune,Maharashtra,India,2022-10-26,Silver,Active
CUST01474,Maureen,Parker,dawsonwilliam@example.com,393.989.5665x68526,Jaipur,Karnataka,India,2024-05-04,Gold,Inactive
CUST01475,Christopher,Wise,jenniferscott@example.com,001-567-879-7403x330,Chennai,Rajasthan,India,2023-11-03,Platinum,Inactive
CUST01476,Jessica,Johnson,rchoi@example.com,405.896.5371,Hyderabad,Bihar,India,2023-04-14,Gold,Active
CUST01477,Jeffrey,Moore,mirandagonzales@example.org,837-792-4651,Hyderabad,Tamil Nadu,India,2024-03-19,Gold,Inactive
CUST01478,Lindsey,Jones,david21@example.com,981.966.3334x050,Delhi,Bihar,India,2022-10-23,Gold,Inactive
CUST01479,Ashley,Mitchell,calderonkatherine@example.net,958.288.4839x9070,Patna,Bihar,India,2023-04-12,Platinum,Inactive
CUST01480,Allison,Reyes,margaret31@example.com,999.414.5602,Patna,Bihar,India,2022-07-06,Silver,Active
CUST01481,Dana,Jones,lovecatherine@example.net,490-204-1411,Delhi,Karnataka,India,2022-04-30,Platinum,Active
CUST01482,Edward,Marquez,ewinganna@example.com,(278)250-7785x29453,Hyderabad,Karnataka,India,2023-03-28,Silver,Active
CUST01483,Jasmine,Thompson,reidjessica@example.com,(242)264-0848,Delhi,Karnataka,India,2023-07-30,Gold,Active
CUST01484,Monica,Dalton,riverajeanne@example.org,446.432.8013,Lucknow,West Bengal,India,2023-01-17,Silver,Inactive
CUST01485,Margaret,Garcia,laura72@example.com,(317)313-8554,Delhi,Uttar Pradesh,India,2022-05-05,Gold,Active
CUST01486,Amber,Hill,daniellehorton@example.net,+1-412-650-7723x3882,Chennai,Bihar,India,2023-04-15,Silver,Inactive
CUST01487,Patrick,Higgins,bauerjohn@example.com,5242866742,Hyderabad,Rajasthan,India,2023-10-25,Gold,Active
CUST01488,William,Kelly,natalie95@example.org,(943)846-3776,Kolkata,Rajasthan,India,2024-03-29,Gold,Active
CUST01489,Jessica,Macias,katelyncook@example.com,+1-667-540-1143x084,Lucknow,Delhi,India,2024-01-20,Silver,Active
CUST01490,Marie,Ortega,stephanie80@example.net,+1-667-250-8676x90439,Delhi,Uttar Pradesh,India,2022-11-12,Platinum,Active
CUST01491,Anne,Vance,christopher43@example.com,001-421-943-0779x499,Chennai,Maharashtra,India,2023-04-02,Gold,Active
CUST01492,Tonya,Compton,karensmith@example.net,540.254.2403,Pune,West Bengal,India,2023-09-15,Silver,Inactive
CUST01493,Andrea,Walker,diaztaylor@example.net,385-868-3478,Delhi,Maharashtra,India,2022-07-20,Platinum,Inactive
CUST01494,Erin,Young,williamskendra@example.com,(217)632-1306,Mumbai,West Bengal,India,2023-11-25,Gold,Active
CUST01495,Sally,Davis,kylebush@example.com,001-899-527-4854x02322,Chennai,West Bengal,India,2023-05-18,Silver,Inactive
CUST01496,Julie,Boyd,shepardamanda@example.com,478-837-6048x077,Patna,Uttar Pradesh,India,2023-02-12,Gold,Inactive
CUST01497,Arthur,Davis,elizabethfarrell@example.net,842-676-4468x0578,Delhi,Telangana,India,2023-01-17,Gold,Inactive
CUST01498,Willie,Monroe,davidwinters@example.com,+1-474-214-0092x76788,Lucknow,West Bengal,India,2022-11-12,Silver,Active
CUST01499,Kimberly,Crane,jamescisneros@example.com,397.446.6898,Lucknow,Uttar Pradesh,India,2024-01-16,Gold,Inactive
CUST01500,Kelly,Garcia,kevinmitchell@example.net,001-779-307-7659x8057,Bangalore,Uttar Pradesh,India,2022-06-17,Silver,Active
CUST01501,Michelle,Saunders,alexandra12@example.org,996.721.0493x543,Pune,Telangana,India,2022-05-28,Gold,Inactive
CUST01502,Michael,Harrell,oevans@example.com,,Kolkata,Uttar Pradesh,India,2022-03-09,Silver,Active
CUST01503,Andrew,Miller,freemanjackson@example.net,(363)929-6762x1437,Hyderabad,Uttar Pradesh,India,2023-02-24,Silver,Inactive
CUST01504,Jo,Scott,reynoldsronnie@example.net,6206742610,Kolkata,Bihar,India,2023-12-29,Silver,Active
CUST01505,Kristin,Griffin,ambercrawford@example.org,(907)824-4894x386,Bangalore,Telangana,India,2024-05-02,Platinum,Inactive
CUST01506,Courtney,Frazier,matthew45@example.net,(700)857-6269x54363,Hyderabad,Telangana,India,2022-02-13,Gold,Inactive
CUST01507,Thomas,Ramirez,lisapatterson@example.org,001-443-718-2752x12725,Delhi,Delhi,India,2022-08-18,Silver,Inactive
CUST01508,Christine,Moore,ayalakim@example.net,001-551-862-9072x47942,Lucknow,Maharashtra,India,2022-11-04,Platinum,Inactive
CUST01509,Pedro,Woods,oliverclaire@example.com,4195868905,Patna,Rajasthan,India,2023-03-04,Platinum,Active
CUST01510,Nicholas,Nguyen,daleespinoza@example.org,604.784.7077x45912,Mumbai,Telangana,India,2022-01-30,Gold,Active
CUST01511,Tonya,Montoya,jaclyn67@example.org,001-724-694-8579x31080,Chennai,Rajasthan,India,2023-09-06,Platinum,Inactive
CUST01512,Roger,Cruz,robertskathleen@example.org,956-933-9436x259,Hyderabad,Rajasthan,India,2024-06-08,Platinum,Active
CUST01513,April,Howard,jasonrussell@example.com,428.983.1169x88684,Jaipur,Delhi,India,2023-01-18,Gold,Active
CUST01514,John,Bradley,christopher99@example.net,(577)994-2701x139,Delhi,Bihar,India,2023-08-19,Gold,Inactive
CUST01515,Brian,Short,mallen@example.com,810.246.3733,Patna,Karnataka,India,2024-06-18,Silver,Active
CUST01516,Christine,Wade,xhahn@example.com,7618855329,Chennai,Uttar Pradesh,India,2022-10-07,Platinum,Inactive
CUST01517,Heather,Chavez,zfarrell@example.net,001-261-541-8557,Hyderabad,Telangana,India,2022-02-19,Platinum,Active
CUST01518,Isaiah,Buck,jfischer@example.net,965-660-8809x05133,Pune,Bihar,India,2023-06-11,Silver,Active
CUST01519,Randy,Martinez,nicholasmcknight@example.com,6615047422,Chennai,Karnataka,India,2023-07-11,Platinum,Inactive
CUST01520,Cynthia,Tyler,vpark@example.net,(264)325-6433,Chennai,Maharashtra,India,2022-10-05,Platinum,Inactive
CUST01521,Jesse,Jefferson,kaylabradshaw@example.com,001-944-528-9300x46350,Patna,Delhi,India,2024-04-23,Silver,Inactive
CUST01522,Anthony,Waters,gwendolynbass@example.org,+1-832-287-7654x3203,Lucknow,Uttar Pradesh,India,2023-01-17,Gold,Active
CUST01523,Robert,Cole,pmccarthy@example.org,6556474738,Pune,Bihar,India,2022-04-15,Platinum,Active
CUST01524,Bridget,Gardner,mason24@example.net,768-892-4020x98863,Pune,West Bengal,India,2024-05-01,Platinum,Active
CUST01525,Gary,Thompson,woodsjason@example.org,001-538-663-6300,Lucknow,Maharashtra,India,2023-03-04,Silver,Active
CUST01526,Anna,Moore,faulknernicole@example.org,(654)936-9984,Lucknow,Karnataka,India,2022-01-18,Gold,Inactive
CUST01527,Bobby,Obrien,teresa59@example.net,509-215-6846x808,Lucknow,West Bengal,India,2022-05-23,Gold,Active
CUST01528,Meredith,Pitts,lisa04@example.com,001-501-691-5611x91964,Hyderabad,Delhi,India,2023-12-28,Platinum,Active
CUST01529,Katherine,Barker,christopher49@example.net,(989)275-8360x24787,Patna,Bihar,India,2022-08-16,Platinum,Active
CUST01530,Christine,Martinez,kelly84@example.net,(869)430-1704x0471,Patna,Tamil Nadu,India,2022-11-11,Silver,Active
CUST01531,Ashley,Wells,lynnamber@example.com,244.329.7843x34607,Mumbai,Maharashtra,India,2023-03-12,Silver,Inactive
CUST01532,Isaac,Vargas,priceandrew@example.net,779-269-4764x176,Bangalore,Delhi,India,2024-02-15,Silver,Active
CUST01533,Sean,Duarte,tinahuff@example.com,+1-490-994-2269,Jaipur,Delhi,India,2022-02-03,Gold,Active
CUST01534,Erik,Shaw,jeffrey13@example.net,+1-960-247-8167x37884,Delhi,Maharashtra,India,2022-09-17,Gold,Active
CUST01535,John,Johnson,amandawilson@example.org,(954)235-8631,Mumbai,Maharashtra,India,2024-02-12,Platinum,Active
CUST01536,Ashley,Myers,scottstrickland@example.net,001-326-690-7599x928,Pune,Bihar,India,2023-08-25,Platinum,Inactive
CUST01537,Noah,Espinoza,jimenezedward@example.net,001-573-806-0116x0683,Mumbai,Bihar,India,2022-01-30,Platinum,Inactive
CUST01538,Kyle,Walsh,johnsonbenjamin@example.com,(459)885-9617,Chennai,Karnataka,India,2023-08-17,Silver,Active
CUST01539,Charles,Joseph,adamskevin@example.net,001-921-244-8495x31390,Kolkata,Maharashtra,India,2023-06-02,Silver,Active
CUST01540,Justin,Smith,lanecasey@example.net,7752858004,Pune,Tamil Nadu,India,2023-06-26,Gold,Active
CUST01541,Todd,Brooks,gregory23@example.com,+1-750-563-4354,Jaipur,Delhi,India,2024-02-12,Platinum,Active
CUST01542,Anne,Burgess,cummingsdaniel@example.org,268-536-2206,Jaipur,Rajasthan,India,2022-08-08,Gold,Active
CUST01543,Elizabeth,Jimenez,sharondickson@example.net,001-579-559-6629,Mumbai,Bihar,India,2023-03-27,Gold,Inactive
CUST01544,Daniel,Vasquez,nelsonkathryn@example.org,+1-413-701-0702x296,Pune,West Bengal,India,2023-03-11,Silver,Inactive
CUST01545,Christine,Simmons,snyderjose@example.org,457.946.7262,Chennai,Maharashtra,India,2022-04-26,Gold,Active
CUST01546,Shannon,Webb,jerry35@example.org,764-993-8143x050,Patna,Rajasthan,India,2023-06-17,Gold,Inactive
CUST01547,Tiffany,Osborn,rubiojames@example.net,+1-701-984-2799,Delhi,Maharashtra,India,2023-07-25,Gold,Inactive
CUST01548,James,Fernandez,lauracasey@example.com,319-688-8685x2204,Bangalore,Telangana,India,2022-04-29,Gold,Inactive
CUST01549,Richard,Lawson,debbieenglish@example.com,244-553-7354x03789,Lucknow,Tamil Nadu,India,2023-12-05,Platinum,Inactive
CUST01550,Amber,Tapia,ashleyweber@example.com,391.996.8064x348,Bangalore,Tamil Nadu,India,2022-10-25,Silver,Inactive
CUST01551,Cynthia,Lin,pgeorge@example.com,231.724.1448,Chennai,Bihar,India,2023-11-27,Silver,Inactive
CUST01552,Cindy,Kelly,samanthamccall@example.org,3323465444,Mumbai,Uttar Pradesh,India,2023-11-20,Gold,Active
CUST01553,Lisa,Brooks,hicksangela@example.org,3167439822,Patna,Uttar Pradesh,India,2022-05-03,Gold,Active
CUST01554,Keith,Franklin,scottjames@example.org,6193971864,Patna,Maharashtra,India,2024-01-30,Gold,Active
CUST01555,Leslie,Leon,carlrobertson@example.com,686-529-1031x9508,Pune,Uttar Pradesh,India,2022-12-13,Silver,Active
CUST01556,Christopher,Lee,johnsonthomas@example.com,8477149670,Bangalore,Rajasthan,India,2024-05-08,Gold,Inactive
CUST01557,Misty,Duran,jamesshelley@example.com,218-541-4832x96543,Bangalore,Karnataka,India,2024-02-14,Gold,Inactive
CUST01558,Robert,Mora,vincent09@example.com,001-351-537-1275,Jaipur,Telangana,India,2023-05-12,Silver,Inactive
CUST01559,Stacie,Jordan,cartermaria@example.org,766.221.1765,Mumbai,Telangana,India,2022-04-21,Gold,Inactive
CUST01560,Daniel,Sloan,nicolewhite@example.net,245-286-0304x823,Patna,Delhi,India,2022-08-25,Silver,Active
CUST01561,Pamela,Wade,allenjustin@example.net,3039663461,Mumbai,Rajasthan,India,2024-04-30,Platinum,Active
CUST01562,Andrea,Clark,smiththomas@example.org,537.874.2769x57055,Bangalore,Karnataka,India,2022-07-03,Silver,Inactive
CUST01563,Timothy,Gilmore,yprice@example.net,7073018926,Kolkata,Maharashtra,India,2023-09-29,Silver,Inactive
CUST01564,Andrew,Riddle,ingramjose@example.org,(323)566-7109,Lucknow,Tamil Nadu,India,2024-03-22,Gold,Inactive
CUST01565,Angela,Nichols,rmarquez@example.org,548.615.5109x0329,Jaipur,Telangana,India,2023-05-18,Platinum,Inactive
CUST01566,Terry,Barker,ramirezdawn@example.org,001-862-516-3028x59875,Jaipur,West Bengal,India,2024-04-08,Silver,Active
CUST01567,Janice,White,knightpatricia@example.com,315.873.9053x770,Mumbai,Uttar Pradesh,India,2023-03-17,Gold,Inactive
CUST01568,Jerry,Stevens,chandlercrystal@example.net,887-403-9509x08159,Bangalore,Rajasthan,India,2024-05-23,Gold,Active
CUST01569,Michael,Avila,sonya27@example.com,+1-995-817-4597,Patna,West Bengal,India,2022-02-03,Platinum,Inactive
CUST01570,Andrew,Wilson,sherylross@example.com,(929)469-7728x25723,Patna,Rajasthan,India,2023-12-25,Gold,Active
CUST01571,Kimberly,Shaw,mharris@example.net,(359)943-8265x223,Bangalore,Rajasthan,India,2022-11-16,Silver,Inactive
CUST01572,Christopher,Doyle,johnsonkatelyn@example.org,568.703.4398x665,Jaipur,West Bengal,India,2023-11-07,Platinum,Inactive
CUST01573,Sara,Martin,williamhunter@example.org,324-713-7936x65133,Jaipur,Bihar,India,2023-05-03,Platinum,Active
CUST01574,Heather,Welch,michelle94@example.net,769.772.1580x21284,Hyderabad,Rajasthan,India,2023-02-05,Platinum,Inactive
CUST01575,Mark,Hood,freemantammy@example.net,(522)248-2164,Chennai,Telangana,India,2023-09-24,Gold,Active
CUST01576,Deborah,Valentine,suzannefrancis@example.com,250.857.2475x429,Kolkata,Delhi,India,2022-01-29,Silver,Inactive
CUST01577,Bradley,Lopez,jenniferwong@example.com,+1-888-394-2948x977,Kolkata,Delhi,India,2022-12-24,Platinum,Inactive
CUST01578,Sean,Krause,parsonseric@example.org,204-377-3771,Mumbai,Uttar Pradesh,India,2023-01-25,Gold,Inactive
CUST01579,Michael,Ellis,qwalker@example.net,773-667-9358,Chennai,Delhi,India,2023-02-26,Platinum,Active
CUST01580,Phillip,Smith,williamskevin@example.com,+1-988-834-6149x810,Pune,Telangana,India,2022-09-11,Platinum,Active
CUST01581,Amanda,Todd,leeoneal@example.com,001-738-344-6072,Mumbai,Telangana,India,2023-12-06,Silver,Inactive
CUST01582,Emily,Flynn,vhernandez@example.net,+1-603-553-1970x5326,Delhi,West Bengal,India,2022-06-23,Gold,Active
CUST01583,Lauren,Stephens,andrew33@example.com,488.899.3869x517,Bangalore,West Bengal,India,2023-04-17,Gold,Inactive
CUST01584,Erika,Clark,npeterson@example.net,(921)353-5935x3444,Lucknow,Delhi,India,2022-01-21,Gold,Inactive
CUST01585,Terri,Castillo,mirandahinton@example.net,479-545-7760,Bangalore,Karnataka,India,2023-08-08,Platinum,Active
CUST01586,Micheal,Gould,gardnerjessica@example.org,518-355-7507,Lucknow,Maharashtra,India,2024-04-07,Platinum,Active
CUST01587,Zachary,Knox,yscott@example.com,001-668-437-4468,Lucknow,West Bengal,India,2022-12-11,Platinum,Inactive
CUST01588,Megan,Villarreal,martin73@example.net,+1-743-746-8621,Kolkata,Telangana,India,2022-06-20,Gold,Inactive
CUST01589,Nicholas,Dean,pgarcia@example.net,384.676.6604,Lucknow,Maharashtra,India,2022-07-26,Platinum,Active
CUST01590,Nancy,Mcclain,bruce30@example.net,7485765857,Hyderabad,Delhi,India,2022-10-22,Gold,Inactive
CUST01591,Nancy,Oliver,chapmanvanessa@example.org,+1-377-467-4191x9245,Pune,Maharashtra,India,2024-04-03,Platinum,Active
CUST01592,Donna,Reynolds,joseph68@example.org,390-818-7044x268,Chennai,Telangana,India,2023-08-30,Silver,Inactive
CUST01593,Claire,Davis,christinazhang@example.net,5176471356,Pune,Karnataka,India,2023-03-14,Silver,Inactive
CUST01594,Cody,Brown,estout@example.com,+1-221-389-9509x4942,Hyderabad,Uttar Pradesh,India,2023-06-01,Platinum,Inactive
CUST01595,Gabriela,White,jamesdavis@example.org,001-591-412-3582x271,Bangalore,Uttar Pradesh,India,2022-07-24,Gold,Inactive
CUST01596,Kathy,Gregory,marcusweeks@example.org,001-657-584-5294x5710,Jaipur,Bihar,India,2023-11-19,Silver,Active
CUST01597,Allison,Leon,kathryn42@example.net,292-925-4558,Lucknow,Tamil Nadu,India,2023-08-14,Platinum,Inactive
CUST01598,Michael,Nelson,nchase@example.org,+1-768-614-9472x2008,Jaipur,Uttar Pradesh,India,2022-10-02,Platinum,Active
CUST01599,Lauren,Leblanc,dylannguyen@example.com,229-550-6397x36079,Pune,Karnataka,India,2023-06-19,Gold,Active
CUST01600,Ronnie,Soto,briana72@example.net,001-637-555-2363x0915,Patna,Telangana,India,2022-09-04,Gold,Inactive
CUST01601,Dana,Johns,terrellchristopher@example.org,,Mumbai,Tamil Nadu,India,2022-11-23,Gold,Inactive
CUST01602,Sarah,Walsh,carrie77@example.net,742-357-4535,Hyderabad,Bihar,India,2024-04-23,Gold,Active
CUST01603,Alexander,Marsh,andrea75@example.net,226.271.8220,Pune,Maharashtra,India,2023-02-20,Silver,Active
CUST01604,Bryce,Lewis,webbrachel@example.org,(379)762-5773,Pune,Telangana,India,2022-01-29,Gold,Inactive
CUST01605,Brenda,Mcintyre,chase45@example.net,001-599-444-0487x785,Bangalore,Uttar Pradesh,India,2023-07-28,Platinum,Active
CUST01606,Chelsea,Hill,james80@example.org,001-531-317-0591,Patna,Telangana,India,2022-07-26,Silver,Active
CUST01607,Corey,Jackson,kmartinez@example.org,239.436.4414x358,Hyderabad,West Bengal,India,2022-09-22,Silver,Active
CUST01608,David,White,rebecca33@example.net,001-400-612-6343x6275,Lucknow,Delhi,India,2024-01-10,Silver,Active
CUST01609,Sarah,Pierce,coopersally@example.net,499.701.1296,Kolkata,Telangana,India,2022-11-18,Silver,Inactive
CUST01610,Peggy,Moore,lovewilliam@example.org,7252325006,Mumbai,Uttar Pradesh,India,2023-01-08,Platinum,Active
CUST01611,Sean,Larson,jamesgarner@example.org,321-512-7023x9211,Mumbai,West Bengal,India,2022-08-30,Silver,Inactive
CUST01612,Katherine,Hopkins,melissasanders@example.org,(762)232-3215x4919,Mumbai,Tamil Nadu,India,2023-05-24,Platinum,Active
CUST01613,Christopher,Wang,nfields@example.com,001-465-966-6572,Chennai,Karnataka,India,2024-03-02,Platinum,Inactive
CUST01614,Kendra,Hopkins,shannon54@example.com,890.902.9539x8021,Pune,Uttar Pradesh,India,2024-04-05,Silver,Active
CUST01615,Ivan,Floyd,john61@example.com,826.641.7982,Patna,Tamil Nadu,India,2022-04-20,Gold,Inactive
CUST01616,Richard,Martin,omoore@example.org,647-528-6671,Hyderabad,Delhi,India,2023-02-23,Gold,Inactive
CUST01617,Brian,Sullivan,ricesean@example.com,(959)920-5481x77792,Mumbai,Karnataka,India,2023-12-18,Platinum,Inactive
CUST01618,James,Palmer,stephaniewallace@example.net,(760)609-8227x9047,Pune,Telangana,India,2023-05-02,Silver,Inactive
CUST01619,David,Hernandez,armstrongryan@example.com,001-430-655-1673x32116,Chennai,Telangana,India,2023-05-02,Silver,Active
CUST01620,Amy,Nguyen,dmoore@example.com,639-721-5269x96403,Delhi,Tamil Nadu,India,2024-05-11,Gold,Inactive
CUST01621,Daniel,Gardner,ureyes@example.net,420.732.4112,Chennai,Maharashtra,India,2022-11-13,Platinum,Active
CUST01622,Luke,Shannon,anaharmon@example.org,+1-593-220-8589x883,Lucknow,Uttar Pradesh,India,2024-05-28,Silver,Inactive
CUST01623,Kimberly,Martinez,jamesleon@example.org,+1-241-239-7259x034,Hyderabad,Maharashtra,India,2022-09-19,Silver,Inactive
CUST01624,Susan,Fowler,nathandavis@example.org,7194537845,Patna,Rajasthan,India,2022-08-04,Platinum,Inactive
CUST01625,Autumn,Ryan,krose@example.com,767-872-5637x376,Bangalore,Delhi,India,2024-06-19,Gold,Active
CUST01626,Nicholas,Davidson,paulwilliams@example.net,+1-421-686-9666,Lucknow,Rajasthan,India,2024-04-22,Platinum,Inactive
CUST01627,Emily,Farley,jeffrey45@example.org,760-578-2176x71354,Chennai,Uttar Pradesh,India,2024-05-11,Silver,Active
CUST01628,Michael,Novak,npatterson@example.com,786-548-7231,Hyderabad,West Bengal,India,2023-12-17,Silver,Inactive
CUST01629,Christine,Gibson,robin36@example.net,+1-323-742-6852,Kolkata,West Bengal,India,2023-03-07,Platinum,Inactive
CUST01630,George,Mccullough,wongjackie@example.com,+1-922-414-6879x05314,Delhi,Delhi,India,2023-04-10,Platinum,Active
CUST01631,Rodney,Humphrey,johnlopez@example.net,828-463-5231x083,Lucknow,Bihar,India,2023-10-08,Silver,Inactive
CUST01632,Lee,Wheeler,bdaniels@example.com,+1-296-273-8969x062,Hyderabad,Karnataka,India,2022-07-24,Platinum,Active
CUST01633,Robert,George,lisa05@example.net,001-305-563-2822x188,Patna,Tamil Nadu,India,2022-04-24,Platinum,Active
CUST01634,Nicholas,Charles,uwilkins@example.org,3658394256,Kolkata,Uttar Pradesh,India,2024-05-17,Gold,Inactive
CUST01635,Elizabeth,Mccormick,scottwalters@example.com,895.997.4620x8067,Patna,Telangana,India,2023-05-05,Silver,Inactive
CUST01636,Brett,Santana,qgardner@example.net,308-526-1435x57187,Hyderabad,Tamil Nadu,India,2024-03-29,Silver,Inactive
CUST01637,Rebecca,Williams,kmccormick@example.com,921-467-3202,Patna,Uttar Pradesh,India,2023-01-12,Gold,Active
CUST01638,William,Mcneil,kimberly62@example.org,816.453.4361,Delhi,West Bengal,India,2022-01-22,Platinum,Active
CUST01639,Anthony,Pruitt,fholt@example.net,+1-743-264-3563x14362,Lucknow,Tamil Nadu,India,2022-04-02,Gold,Active
CUST01640,Thomas,Trevino,jamesshannon@example.com,+1-217-823-3134x342,Bangalore,Uttar Pradesh,India,2022-02-20,Platinum,Inactive
CUST01641,Daniel,Neal,igates@example.com,2165928364,Mumbai,Karnataka,India,2022-06-02,Silver,Active
CUST01642,Curtis,Mora,markmccoy@example.net,001-231-729-6565x192,Jaipur,Uttar Pradesh,India,2022-01-15,Gold,Inactive
CUST01643,Jennifer,Carter,kirkcarlos@example.net,(216)700-6043x957,Pune,Tamil Nadu,India,2022-05-02,Silver,Inactive
CUST01644,Jermaine,Henson,rebecca12@example.net,+1-820-953-0042x029,Lucknow,Uttar Pradesh,India,2022-10-22,Silver,Inactive
CUST01645,Kathleen,Rodriguez,emilyfrank@example.com,(467)350-3732,Pune,Tamil Nadu,India,2024-05-26,Gold,Active
CUST01646,Sara,Clark,monique78@example.org,+1-212-980-4051x3332,Patna,Uttar Pradesh,India,2023-03-05,Silver,Active
CUST01647,Joy,Mccoy,bsmith@example.com,859-672-7625x9147,Hyderabad,Tamil Nadu,India,2022-10-25,Platinum,Inactive
CUST01648,Emily,Burke,dstephens@example.org,3764055180,Chennai,Rajasthan,India,2022-09-12,Silver,Active
CUST01649,Daniel,Miller,matthew36@example.com,416.751.5478,Patna,Karnataka,India,2023-04-26,Platinum,Inactive
CUST01650,Hannah,Evans,cainscott@example.net,913-519-6920x1299,Pune,Uttar Pradesh,India,2023-12-05,Platinum,Inactive
CUST01651,David,Lewis,christopherbarnes@example.net,(492)298-7473x591,Kolkata,Telangana,India,2024-01-24,Silver,Active
CUST01652,Sharon,Kelly,joneskevin@example.net,6049319537,Delhi,Delhi,India,2023-07-25,Gold,Active
CUST01653,Sabrina,Gregory,betty35@example.com,+1-999-428-3468x67829,Chennai,Delhi,India,2023-04-28,Silver,Inactive
CUST01654,David,Shah,rpham@example.net,905-269-1881x0093,Kolkata,Uttar Pradesh,India,2023-06-01,Gold,Inactive
CUST01655,Jonathan,Contreras,ulong@example.org,+1-724-578-2864x0206,Chennai,Bihar,India,2023-11-19,Platinum,Active
CUST01656,Joshua,Blake,sbaxter@example.net,(478)941-5076x8969,Patna,Telangana,India,2023-08-18,Silver,Inactive
CUST01657,Jonathan,Cross,andersonsarah@example.net,+1-202-556-7191x7317,Lucknow,Bihar,India,2022-12-14,Silver,Inactive
CUST01658,Amanda,Curry,gilbertjeremy@example.net,001-968-829-9582x757,Jaipur,Uttar Pradesh,India,2023-12-29,Silver,Inactive
CUST01659,Robert,Doyle,annettewilliams@example.org,722-785-1460,Chennai,Delhi,India,2022-04-30,Silver,Inactive
CUST01660,Samantha,Gardner,qbenjamin@example.com,9692076036,Hyderabad,Karnataka,India,2024-06-11,Gold,Inactive
CUST01661,Stephanie,Kennedy,ikim@example.com,+1-764-360-2424x82953,Hyderabad,Telangana,India,2024-06-16,Platinum,Inactive
CUST01662,Dominique,Newman,ylewis@example.com,(567)285-2144,Patna,Karnataka,India,2023-03-23,Platinum,Inactive
CUST01663,Pamela,Dalton,jason14@example.net,001-929-473-7955x0827,Patna,West Bengal,India,2024-02-22,Platinum,Inactive
CUST01664,Jesus,Little,kristi98@example.org,+1-420-858-7793x19548,Pune,Bihar,India,2022-02-24,Silver,Active
CUST01665,Tyler,Lewis,mistyallen@example.com,001-603-314-5215x81563,Delhi,Rajasthan,India,2022-07-07,Gold,Active
CUST01666,Dylan,Nelson,wilsonjerome@example.com,(815)664-7563,Lucknow,Uttar Pradesh,India,2023-12-24,Silver,Inactive
CUST01667,Nathan,Vega,zacharyhatfield@example.org,281-951-8020,Lucknow,Karnataka,India,2022-02-11,Platinum,Inactive
CUST01668,Elizabeth,Stevens,efleming@example.com,894.326.5334x409,Lucknow,Maharashtra,India,2023-04-14,Platinum,Active
CUST01669,Daniel,Murphy,jfuller@example.com,(227)898-7453x300,Chennai,Maharashtra,India,2022-05-07,Silver,Inactive
CUST01670,Diane,Davis,nicole00@example.org,888-586-2105,Patna,West Bengal,India,2022-07-04,Gold,Active
CUST01671,Steven,Cunningham,wmatthews@example.com,001-620-784-6073x564,Delhi,West Bengal,India,2023-08-21,Platinum,Active
CUST01672,John,Miller,bryantsteven@example.org,587.660.3159x38503,Mumbai,Tamil Nadu,India,2023-03-03,Gold,Active
CUST01673,Julie,Chandler,christine75@example.net,2449197026,Delhi,Telangana,India,2022-12-03,Platinum,Active
CUST01674,Jon,Jacobson,saundersdavid@example.org,(285)787-6092x166,Chennai,Maharashtra,India,2023-02-08,Gold,Active
CUST01675,Anna,Moran,davidtaylor@example.com,001-717-793-1381,Mumbai,Rajasthan,India,2022-01-30,Platinum,Inactive
CUST01676,Kimberly,Mitchell,kanderson@example.net,(735)589-1797x42755,Hyderabad,Delhi,India,2023-04-10,Gold,Active
CUST01677,Cheyenne,Yates,juliamullen@example.com,001-759-871-2007x97742,Kolkata,Rajasthan,India,2023-11-03,Gold,Active
CUST01678,Tommy,Reeves,gail37@example.net,758.313.9782x4341,Delhi,Telangana,India,2022-08-05,Gold,Active
CUST01679,Alicia,Patterson,frankwayne@example.net,(650)767-5743x70476,Mumbai,West Bengal,India,2024-02-01,Platinum,Inactive
CUST01680,Jeffrey,Miller,erictaylor@example.com,416-454-9938x2128,Bangalore,Telangana,India,2022-04-05,Silver,Active
CUST01681,Victor,Aguirre,scott28@example.net,+1-262-801-0789x74346,Bangalore,Maharashtra,India,2024-02-29,Silver,Active
CUST01682,James,Martinez,ytorres@example.com,001-590-609-9637,Bangalore,Uttar Pradesh,India,2022-06-16,Gold,Active
CUST01683,Carla,Nguyen,acarpenter@example.org,(555)977-3354x701,Hyderabad,Rajasthan,India,2022-05-04,Gold,Inactive
CUST01684,Laura,Powers,vrubio@example.org,465.988.9969,Kolkata,Bihar,India,2023-12-03,Gold,Active
CUST01685,Alejandro,Johnson,sullivanjennifer@example.net,388.681.5441,Chennai,West Bengal,India,2024-05-02,Silver,Inactive
CUST01686,Ryan,Wilson,loganfernandez@example.com,+1-765-687-8204x88793,Bangalore,Rajasthan,India,2023-04-02,Gold,Inactive
CUST01687,Thomas,Jimenez,andrewmercer@example.com,+1-478-253-0518x39679,Bangalore,Karnataka,India,2022-04-03,Platinum,Active
CUST01688,Caleb,Norris,diazmelanie@example.org,9534795544,Bangalore,Maharashtra,India,2023-03-21,Silver,Inactive
CUST01689,Thomas,Bradley,bcarroll@example.com,+1-768-794-0117x318,Pune,Bihar,India,2023-04-20,Gold,Active
CUST01690,Scott,Green,brendahall@example.com,389.689.1269,Lucknow,Uttar Pradesh,India,2022-10-25,Silver,Inactive
CUST01691,Michael,Foster,hillscott@example.org,3425290094,Patna,Bihar,India,2022-11-04,Platinum,Inactive
CUST01692,Arthur,Gray,oreid@example.com,887-552-0870,Pune,West Bengal,India,2024-05-11,Gold,Inactive
CUST01693,Michelle,Robbins,petersonchristopher@example.com,+1-940-887-4959x04500,Delhi,West Bengal,India,2023-08-06,Silver,Active
CUST01694,Dennis,Mendez,nathan96@example.org,(734)678-3288x4272,Mumbai,West Bengal,India,2023-06-10,Gold,Inactive
CUST01695,Eric,Parker,marcus23@example.org,8237911367,Lucknow,Telangana,India,2022-04-07,Gold,Inactive
CUST01696,Ashlee,Roberts,kennethsanders@example.com,(910)348-0861x861,Mumbai,West Bengal,India,2023-08-23,Silver,Active
CUST01697,Richard,Miller,amcdonald@example.net,916.555.4104,Lucknow,Bihar,India,2024-01-29,Silver,Inactive
CUST01698,Leah,Heath,cameronburke@example.com,243-825-6821x3796,Mumbai,Uttar Pradesh,India,2022-02-16,Platinum,Inactive
CUST01699,Ryan,Hayes,phillip07@example.org,290.619.9770x7257,Kolkata,Rajasthan,India,2022-11-18,Platinum,Inactive
CUST01700,Richard,Brown,odawson@example.org,001-263-505-5461x6143,Hyderabad,Karnataka,India,2023-10-01,Silver,Active
CUST01701,Heather,Sanchez,catherinemills@example.com,953.621.0171x5520,Mumbai,Telangana,India,2022-07-09,Platinum,Active
CUST01702,Eric,Tran,dianapaul@example.com,001-517-612-4742,Jaipur,Delhi,India,2023-03-21,Silver,Inactive
CUST01703,Daniel,Sloan,melissa97@example.net,873.815.0505x0058,Delhi,Bihar,India,2022-04-30,Platinum,Inactive
CUST01704,Trevor,Jennings,johnsonmelissa@example.com,+1-791-937-0763,Bangalore,Rajasthan,India,2023-04-17,Gold,Inactive
CUST01705,Debra,Figueroa,vflores@example.org,+1-609-215-5811x63376,Bangalore,Telangana,India,2023-12-09,Silver,Active
CUST01706,Jennifer,Ward,romerokevin@example.com,(397)346-5270x57693,Delhi,Tamil Nadu,India,2022-05-19,Silver,Active
CUST01707,Roger,Montes,kferguson@example.com,(367)285-9170,Pune,Delhi,India,2023-12-14,Silver,Inactive
CUST01708,Tracey,Lloyd,wanderson@example.com,+1-552-935-2199x21698,Patna,Tamil Nadu,India,2023-10-27,Gold,Active
CUST01709,Kristina,Wilson,yvonnenguyen@example.com,(889)262-8042,Hyderabad,Rajasthan,India,2022-03-30,Silver,Inactive
CUST01710,John,Collins,mbrock@example.org,(772)294-3119x252,Delhi,Maharashtra,India,2023-03-09,Silver,Active
CUST01711,Jeffrey,Lambert,xgordon@example.net,+1-788-805-6218x998,Lucknow,Rajasthan,India,2024-01-27,Gold,Active
CUST01712,Derek,Moore,ycosta@example.com,001-695-522-6997x5038,Lucknow,Tamil Nadu,India,2024-05-30,Silver,Inactive
CUST01713,Matthew,Newman,dedwards@example.com,373.570.3529x89828,Bangalore,Delhi,India,2023-08-07,Gold,Active
CUST01714,John,Powers,meghanramirez@example.com,705.433.9293,Bangalore,Uttar Pradesh,India,2022-04-16,Gold,Inactive
CUST01715,Wendy,Davis,williammartin@example.org,(936)402-1417x61872,Lucknow,Uttar Pradesh,India,2022-02-07,Gold,Inactive
CUST01716,Karen,Harper,arios@example.com,+1-533-884-7112x4310,Delhi,West Bengal,India,2022-08-26,Silver,Inactive
CUST01717,Bianca,Garcia,travis39@example.net,(724)568-5394x290,Chennai,West Bengal,India,2023-08-14,Silver,Inactive
CUST01718,Christina,Acosta,stephanierivera@example.com,+1-558-754-1358x167,Bangalore,Rajasthan,India,2023-10-26,Silver,Inactive
CUST01719,Abigail,Warren,amanda80@example.com,350-681-8884x27671,Chennai,Rajasthan,India,2023-09-30,Platinum,Inactive
CUST01720,Christian,Smith,cbrown@example.com,980-397-9106,Patna,Telangana,India,2022-01-22,Platinum,Active
CUST01721,Kenneth,White,nicolereid@example.com,001-202-843-3654x470,Chennai,Rajasthan,India,2023-04-26,Silver,Active
CUST01722,Gregory,Watkins,marquezjessica@example.com,604.883.3728,Chennai,Rajasthan,India,2023-08-25,Silver,Inactive
CUST01723,Daniel,Walker,amyfrey@example.org,(835)756-3492,Bangalore,Uttar Pradesh,India,2024-01-11,Platinum,Inactive
CUST01724,Dennis,Nelson,clinewilliam@example.org,433-320-3995x598,Lucknow,Bihar,India,2024-03-26,Platinum,Active
CUST01725,Kelly,Thompson,bjones@example.net,001-458-750-6339x464,Mumbai,Rajasthan,India,2022-10-17,Silver,Active
CUST01726,Steven,Gray,jesse73@example.net,542-538-9004,Patna,Rajasthan,India,2022-07-24,Silver,Inactive
CUST01727,Stephanie,Brown,lozanoholly@example.net,(489)659-3243,Hyderabad,Tamil Nadu,India,2023-05-21,Silver,Active
CUST01728,Cindy,Bryant,erikalivingston@example.com,406.505.9989x23662,Chennai,Telangana,India,2022-01-19,Gold,Active
CUST01729,Matthew,Johnson,kathywolf@example.org,927-424-7052x5947,Jaipur,Delhi,India,2022-06-28,Silver,Inactive
CUST01730,Jill,Simpson,rebeccahood@example.org,284-419-6016x5781,Mumbai,Tamil Nadu,India,2023-03-17,Silver,Active
CUST01731,Elijah,Henderson,stephensshawn@example.net,702-329-2066x656,Hyderabad,Karnataka,India,2023-05-14,Gold,Active
CUST01732,Erin,Wright,holmesjessica@example.org,210-812-4513,Jaipur,Telangana,India,2024-02-28,Silver,Active
CUST01733,Michael,Beasley,williamswilliam@example.net,001-945-613-1791x933,Delhi,Rajasthan,India,2023-12-25,Gold,Active
CUST01734,Jillian,Carpenter,fguzman@example.com,+1-368-862-8952x349,Kolkata,Maharashtra,India,2022-04-19,Platinum,Active
CUST01735,Patrick,Hinton,joseph60@example.org,+1-625-420-8990x60083,Mumbai,Bihar,India,2023-06-04,Platinum,Active
CUST01736,Melanie,Dillon,xholmes@example.com,+1-690-768-7906x144,Pune,Karnataka,India,2024-06-10,Silver,Inactive
CUST01737,Danielle,White,timothyshaw@example.net,(260)611-1420,Lucknow,West Bengal,India,2023-12-27,Gold,Active
CUST01738,Lauren,Gilmore,qjones@example.com,9227538401,Chennai,Karnataka,India,2022-06-07,Silver,Active
CUST01739,John,Le,sonya82@example.com,854-218-5611x179,Pune,Rajasthan,India,2024-05-18,Gold,Active
CUST01740,Valerie,Perez,garciaelizabeth@example.org,8533778443,Lucknow,Karnataka,India,2022-09-09,Gold,Active
CUST01741,Lauren,West,xgonzalez@example.com,857-413-5628x25054,Hyderabad,Karnataka,India,2022-03-29,Platinum,Inactive
CUST01742,Amanda,Durham,garciatroy@example.org,426-733-7131x768,Pune,Bihar,India,2023-01-05,Platinum,Inactive
CUST01743,William,Ellis,pamela69@example.net,+1-477-518-2575x346,Pune,Bihar,India,2024-03-17,Gold,Inactive
CUST01744,Adam,Cordova,veronicaperez@example.org,(607)377-0915x80085,Lucknow,West Bengal,India,2023-02-24,Platinum,Inactive
CUST01745,Kelly,Burton,michael16@example.net,,Lucknow,Bihar,India,2022-01-31,Silver,Active
CUST01746,Ryan,Love,justinschaefer@example.org,674.237.0165x65307,Chennai,Karnataka,India,2022-03-28,Gold,Active
CUST01747,Hannah,Greene,andrea15@example.com,(241)258-0787x56421,Delhi,Uttar Pradesh,India,2023-03-21,Silver,Active
CUST01748,Alexandra,Castro,jberg@example.com,684-897-3842x9910,Delhi,West Bengal,India,2023-08-12,Gold,Inactive
CUST01749,Ronald,Christensen,deborah31@example.org,(928)268-0208x48664,Jaipur,Telangana,India,2023-02-16,Platinum,Inactive
CUST01750,Nicolas,Brooks,tmayo@example.com,(773)981-1884,Delhi,Telangana,India,2022-12-19,Platinum,Active
CUST01751,Christina,Scott,jacob71@example.com,624.218.6462,Bangalore,Rajasthan,India,2023-12-19,Platinum,Active
CUST01752,Amanda,Harrington,vcarter@example.com,(351)648-7016x1068,Kolkata,Rajasthan,India,2023-07-12,Platinum,Inactive
CUST01753,Angela,Cruz,mooregary@example.com,+1-630-875-1023,Bangalore,Tamil Nadu,India,2024-04-11,Gold,Active
CUST01754,Tammy,Estes,kara30@example.org,862-961-3507x5716,Jaipur,Karnataka,India,2022-02-07,Gold,Active
CUST01755,Michelle,Jenkins,gilbertperez@example.net,+1-648-734-8365x4768,Jaipur,Telangana,India,2023-06-17,Silver,Active
CUST01756,Jeffrey,Rogers,xpowers@example.net,,Jaipur,Telangana,India,2023-06-08,Platinum,Inactive
CUST01757,Austin,Powell,jodichavez@example.net,+1-426-919-9443x90970,Patna,Delhi,India,2024-02-15,Silver,Inactive
CUST01758,Christopher,Hernandez,tcole@example.org,848-627-1520,Hyderabad,Uttar Pradesh,India,2022-09-05,Platinum,Active
CUST01759,Michael,Madden,jodiscott@example.com,580-621-1380x60159,Delhi,Karnataka,India,2024-01-20,Gold,Inactive
CUST01760,Crystal,Carter,bschmidt@example.com,+1-439-596-7450x7102,Delhi,Maharashtra,India,2022-05-07,Gold,Inactive
CUST01761,Anthony,Dennis,josephjudith@example.com,(677)829-6483,Delhi,Rajasthan,India,2023-08-10,Gold,Active
CUST01762,Annette,Evans,dbailey@example.net,001-715-373-3884,Kolkata,West Bengal,India,2024-04-04,Platinum,Active
CUST01763,Carlos,Schwartz,sarah31@example.net,559.451.8177,Hyderabad,Telangana,India,2022-12-25,Platinum,Active
CUST01764,David,Wilkerson,taylorcherry@example.net,409-298-7595,Bangalore,West Bengal,India,2024-01-02,Platinum,Active
CUST01765,Scott,Mcdonald,georgejason@example.com,+1-565-688-4003,Chennai,West Bengal,India,2022-04-18,Platinum,Active
CUST01766,Richard,Moreno,johnsonmichelle@example.org,+1-661-953-4682x7046,Chennai,Rajasthan,India,2024-04-22,Silver,Active
CUST01767,Jeremiah,Edwards,martinezfrank@example.org,976-922-1200,Bangalore,Uttar Pradesh,India,2023-12-30,Silver,Active
CUST01768,William,Chang,brian76@example.com,661-264-8407x685,Bangalore,Bihar,India,2022-03-05,Gold,Active
CUST01769,Kenneth,Riley,tyler17@example.com,7383313201,Mumbai,Karnataka,India,2023-04-02,Platinum,Inactive
CUST01770,John,Jones,sarah29@example.net,+1-884-988-6509x27658,Jaipur,West Bengal,India,2023-08-26,Gold,Inactive
CUST01771,William,Jones,benjamin82@example.org,001-279-960-4440x316,Lucknow,Uttar Pradesh,India,2023-08-22,Gold,Inactive
CUST01772,John,Lee,laurenclark@example.org,(360)539-1967,Bangalore,Bihar,India,2024-01-20,Silver,Active
CUST01773,Cory,Meyer,robinstephenson@example.com,+1-814-670-0389x0204,Lucknow,Bihar,India,2023-05-12,Platinum,Active
CUST01774,John,White,kendra57@example.com,001-263-468-2079x85177,Pune,Rajasthan,India,2023-12-13,Gold,Active
CUST01775,Kevin,English,amandarivera@example.org,443-694-7855x0396,Patna,West Bengal,India,2024-02-04,Gold,Active
CUST01776,Devon,Cook,ismith@example.com,367-215-2332x8488,Bangalore,Maharashtra,India,2023-09-09,Silver,Inactive
CUST01777,Caitlin,Pollard,yoderdalton@example.org,904-707-4379x2395,Hyderabad,Delhi,India,2023-08-09,Platinum,Active
CUST01778,Kayla,Hardy,adriana24@example.com,+1-586-601-2723x2999,Chennai,Telangana,India,2022-05-01,Gold,Inactive
CUST01779,Christopher,Hodges,tinaburgess@example.org,323-468-0777,Lucknow,Delhi,India,2022-10-29,Silver,Active
CUST01780,Tracy,Schmitt,egraham@example.org,400-580-1536x50543,Kolkata,Uttar Pradesh,India,2024-03-13,Silver,Inactive
CUST01781,Michael,Burch,asmith@example.net,(562)953-2535x00834,Pune,Bihar,India,2022-10-18,Platinum,Inactive
CUST01782,Jacob,Wilson,holly30@example.net,968.864.7329x9781,Mumbai,West Bengal,India,2022-01-03,Gold,Active
CUST01783,Kiara,Adams,malonepamela@example.org,456-504-9849x53580,Delhi,Uttar Pradesh,India,2024-06-10,Gold,Inactive
CUST01784,Robert,Rojas,trujillobradley@example.com,(980)268-8619x34048,Lucknow,Karnataka,India,2023-08-03,Gold,Inactive
CUST01785,Sydney,Hill,lisadavis@example.com,(342)283-5031x439,Kolkata,Bihar,India,2024-05-04,Silver,Inactive
CUST01786,Anthony,Hernandez,tbrowning@example.org,(985)209-9729,Lucknow,Rajasthan,India,2024-02-19,Silver,Inactive
CUST01787,William,Morgan,amy01@example.org,709.485.7693x6974,Kolkata,Uttar Pradesh,India,2022-04-02,Gold,Active
CUST01788,Courtney,Kelly,tonygray@example.net,311-318-8480x891,Chennai,West Bengal,India,2023-02-09,Silver,Inactive
CUST01789,Michael,Miller,garcialaura@example.com,+1-877-426-3762x17383,Hyderabad,Maharashtra,India,2024-01-24,Silver,Active
CUST01790,Shelley,Turner,justinphillips@example.org,+1-954-408-7326,Hyderabad,West Bengal,India,2023-08-09,Platinum,Active
CUST01791,Jennifer,Munoz,vincentdavis@example.org,(824)377-7672x63577,Jaipur,Maharashtra,India,2023-10-22,Silver,Active
CUST01792,Sara,Silva,qbrady@example.net,300.260.3286x147,Jaipur,Tamil Nadu,India,2023-08-07,Gold,Active
CUST01793,Tammy,Scott,susanmiller@example.net,7579181734,Jaipur,Bihar,India,2022-05-04,Silver,Inactive
CUST01794,Laura,Buchanan,sfranco@example.com,001-930-888-7365x27505,Pune,Tamil Nadu,India,2024-03-16,Platinum,Inactive
CUST01795,Jean,Little,hamiltonamy@example.com,(379)759-3771,Jaipur,Karnataka,India,2022-03-28,Gold,Active
CUST01796,Lauren,Lee,andersoncharles@example.net,292.866.9948x57387,Delhi,Karnataka,India,2023-05-19,Gold,Active
CUST01797,Tammy,Holloway,richardsraymond@example.com,(576)382-1135x437,Delhi,West Bengal,India,2023-03-01,Gold,Inactive
CUST01798,Michael,Jackson,kimberlyhill@example.net,+1-819-542-9638x67587,Mumbai,Maharashtra,India,2022-09-21,Silver,Active
CUST01799,Kenneth,Burnett,fredgreer@example.org,+1-755-671-0039x5076,Patna,Bihar,India,2022-10-20,Gold,Active
CUST01800,Sandra,Johnson,jacqueline85@example.org,514-841-7114,Hyderabad,Uttar Pradesh,India,2022-06-07,Platinum,Active
CUST01801,Kelly,Mclaughlin,smithjackson@example.com,(730)721-0166,Kolkata,Karnataka,India,2022-03-02,Silver,Active
CUST01802,Tamara,Butler,fperkins@example.net,357-772-3538x523,Delhi,Telangana,India,2024-01-01,Gold,Active
CUST01803,Katherine,Berry,sethhoward@example.com,345.683.9421,Patna,Uttar Pradesh,India,2022-11-24,Gold,Inactive
CUST01804,Cynthia,Chavez,stevenwright@example.com,749-536-8102x6438,Mumbai,Delhi,India,2023-01-20,Silver,Active
CUST01805,Lisa,Owen,lscott@example.net,670.552.4041x2105,Kolkata,Tamil Nadu,India,2024-02-10,Gold,Inactive
CUST01806,Timothy,Luna,randydavis@example.org,7192478267,Hyderabad,Delhi,India,2022-04-28,Gold,Inactive
CUST01807,Dillon,Graves,palmermelody@example.com,395-696-9544,Bangalore,Maharashtra,India,2023-07-21,Gold,Active
CUST01808,Bryan,Ruiz,brownwayne@example.com,859-707-2558x51158,Pune,Delhi,India,2023-02-22,Gold,Active
CUST01809,Mark,Brown,kevin39@example.org,658-735-9976x525,Jaipur,Bihar,India,2022-09-10,Gold,Inactive
CUST01810,Wanda,Hardin,alvarezchristina@example.com,+1-959-201-1435x13188,Mumbai,West Bengal,India,2023-04-02,Silver,Active
CUST01811,Jason,Cole,morganbrian@example.com,001-963-985-9447,Jaipur,Bihar,India,2023-01-18,Silver,Inactive
CUST01812,Vanessa,Harrington,petersstephen@example.com,001-273-479-8307x60313,Lucknow,Delhi,India,2023-07-23,Silver,Inactive
CUST01813,Brittany,Greene,sarahevans@example.net,306.352.0299x7351,Kolkata,Telangana,India,2024-04-29,Platinum,Active
CUST01814,Valerie,Bates,riosvictoria@example.org,586.961.5202x02891,Delhi,Rajasthan,India,2022-01-01,Gold,Inactive
CUST01815,Nicole,Martin,sanchezsteven@example.org,5809918137,Bangalore,Karnataka,India,2024-05-09,Platinum,Active
CUST01816,Melissa,Ferguson,ssimpson@example.org,(636)716-8482x3705,Jaipur,Telangana,India,2023-08-23,Silver,Active
CUST01817,Bryan,Wells,autumn26@example.org,001-762-693-6120x737,Jaipur,Maharashtra,India,2024-01-27,Gold,Active
CUST01818,Amanda,Moore,samuelodonnell@example.net,(787)988-4422x70572,Mumbai,Bihar,India,2023-02-09,Platinum,Inactive
CUST01819,Shannon,Garcia,anthony41@example.org,467.259.0118,Bangalore,Tamil Nadu,India,2024-06-18,Platinum,Inactive
CUST01820,Calvin,Adams,angela89@example.net,(331)951-4953x000,Chennai,Telangana,India,2023-11-30,Platinum,Inactive
CUST01821,David,Horn,luis21@example.org,(313)475-5806x439,Pune,Karnataka,India,2022-10-07,Gold,Active
CUST01822,Anthony,Miller,mistycole@example.org,(232)376-2150,Kolkata,Karnataka,India,2023-04-16,Silver,Active
CUST01823,Ashley,Campbell,lance69@example.net,(904)897-4420x64789,Delhi,Rajasthan,India,2023-10-24,Silver,Active
CUST01824,Jerry,Lewis,rachel11@example.org,001-736-514-8699x57185,Patna,Uttar Pradesh,India,2023-11-20,Platinum,Inactive
CUST01825,Donald,Morgan,wbaldwin@example.org,881-581-7292,Bangalore,West Bengal,India,2024-02-20,Silver,Active
CUST01826,Robert,Brock,keithlarson@example.com,873-374-3215x99337,Delhi,Rajasthan,India,2023-07-06,Platinum,Active
CUST01827,Warren,Hull,stevencook@example.org,(511)835-4892,Bangalore,Karnataka,India,2022-12-28,Gold,Active
CUST01828,Angela,Ramos,michellepaul@example.org,980-549-5223,Delhi,Maharashtra,India,2024-05-09,Gold,Inactive
CUST01829,Jennifer,Meyers,lstevens@example.net,(797)917-7318x567,Lucknow,Delhi,India,2022-07-17,Silver,Active
CUST01830,Charles,Ward,kimberly13@example.net,500.510.6257x0143,Hyderabad,Karnataka,India,2024-02-16,Silver,Active
CUST01831,Christopher,Carlson,dale98@example.net,766-370-6777,Kolkata,Telangana,India,2024-04-15,Platinum,Active
CUST01832,Daniel,Morris,jaymorgan@example.com,(348)688-5334x1214,Lucknow,Karnataka,India,2022-08-28,Silver,Inactive
CUST01833,James,Wang,jasmine00@example.com,001-409-551-6454,Kolkata,Tamil Nadu,India,2023-05-20,Silver,Active
CUST01834,Kristin,Palmer,jonathonlogan@example.org,(730)865-5040x946,Bangalore,Maharashtra,India,2024-04-20,Gold,Inactive
CUST01835,Nicholas,Johnson,lesliewilliams@example.org,001-576-375-2394x1311,Jaipur,Tamil Nadu,India,2022-06-24,Platinum,Active
CUST01836,Gloria,Russell,ywhite@example.com,+1-969-782-6706x5890,Kolkata,Bihar,India,2022-03-08,Platinum,Active
CUST01837,Aaron,Price,kristina60@example.com,562.351.7978x044,Hyderabad,Tamil Nadu,India,2022-05-11,Platinum,Inactive
CUST01838,Ann,Whitehead,creeves@example.net,961.245.6191x3148,Delhi,West Bengal,India,2022-07-16,Platinum,Inactive
CUST01839,Miranda,Brown,esolis@example.org,341-983-9408x863,Jaipur,Rajasthan,India,2023-11-29,Silver,Inactive
CUST01840,Lori,Dominguez,jeffrey20@example.org,(885)487-8533x34415,Delhi,Karnataka,India,2023-10-19,Gold,Inactive
CUST01841,Greg,Hunter,cooknicole@example.com,910.589.1607x133,Mumbai,West Bengal,India,2022-10-08,Gold,Inactive
CUST01842,Brianna,Newman,davidreed@example.org,(567)686-9981,Jaipur,Delhi,India,2023-01-06,Platinum,Active
CUST01843,Rachel,Thomas,jamiegrimes@example.net,(790)589-7999x0086,Hyderabad,Uttar Pradesh,India,2022-02-18,Platinum,Inactive
CUST01844,William,Burnett,sbenton@example.org,+1-822-871-2211x97040,Delhi,Uttar Pradesh,India,2022-11-20,Silver,Inactive
CUST01845,Tanya,Hayes,emily89@example.org,001-572-950-8264x435,Kolkata,Delhi,India,2022-03-25,Platinum,Active
CUST01846,John,Smith,saralawson@example.com,539.561.3605x6253,Bangalore,Maharashtra,India,2023-12-08,Silver,Active
CUST01847,Joseph,Beard,phamilton@example.net,649.662.0383x3843,Chennai,Telangana,India,2022-06-18,Silver,Active
CUST01848,Michelle,White,urandolph@example.net,(708)893-8272x865,Lucknow,Uttar Pradesh,India,2022-01-29,Silver,Inactive
CUST01849,Courtney,Dudley,doughertykristina@example.net,5517173560,Hyderabad,Tamil Nadu,India,2024-05-10,Silver,Inactive
CUST01850,Jerry,Johnson,waretyler@example.com,(612)487-7740,Chennai,Delhi,India,2022-09-02,Gold,Active
CUST01851,Elizabeth,Sanchez,nweaver@example.org,+1-402-413-3697x82837,Kolkata,Rajasthan,India,2022-03-16,Silver,Inactive
CUST01852,Laura,Callahan,hernandezsteven@example.org,749-219-9179,Mumbai,Maharashtra,India,2023-08-16,Silver,Active
CUST01853,Caleb,Tucker,kellyjohnson@example.com,296.590.6388x822,Chennai,Maharashtra,India,2023-01-22,Silver,Active
CUST01854,Vickie,Smith,kim30@example.com,5069985460,Lucknow,Delhi,India,2024-04-01,Gold,Inactive
CUST01855,Benjamin,Brown,emily88@example.com,347.891.1890x656,Mumbai,Delhi,India,2022-03-09,Platinum,Active
CUST01856,Holly,Stone,johnsonjill@example.org,799-927-9760,Bangalore,Uttar Pradesh,India,2022-10-29,Silver,Inactive
CUST01857,Nicholas,Richardson,vyang@example.com,592-509-1911x432,Kolkata,Delhi,India,2022-08-27,Gold,Inactive
CUST01858,Nicole,Reid,boltonjane@example.net,(923)491-7725x83694,Bangalore,Maharashtra,India,2023-04-21,Gold,Active
CUST01859,Sean,Thompson,kristina26@example.net,001-733-972-0951x6500,Jaipur,Karnataka,India,2023-04-10,Platinum,Active
CUST01860,William,Davis,grantporter@example.com,943.501.6056,Mumbai,Delhi,India,2022-04-21,Platinum,Active
CUST01861,Ronald,Mitchell,wjimenez@example.net,+1-743-497-7268x333,Pune,Bihar,India,2023-08-31,Platinum,Inactive
CUST01862,Vickie,Riddle,lguerrero@example.org,647-609-4734x063,Bangalore,Rajasthan,India,2022-12-30,Platinum,Inactive
CUST01863,Cynthia,Neal,vstewart@example.com,919.527.9639x7857,Pune,Bihar,India,2022-07-10,Silver,Active
CUST01864,Dominique,Brown,moorechristopher@example.org,(261)810-3828x9300,Hyderabad,Uttar Pradesh,India,2022-05-11,Platinum,Inactive
CUST01865,Monica,Vargas,ocampbell@example.com,403-372-2485x02038,Kolkata,West Bengal,India,2022-11-15,Silver,Active
CUST01866,Misty,Mercado,smitchell@example.net,970-848-8378,Hyderabad,Karnataka,India,2023-04-26,Gold,Inactive
CUST01867,Julie,Elliott,rebeccareese@example.org,358-442-5136,Jaipur,Bihar,India,2022-01-09,Silver,Active
CUST01868,Katrina,Kelley,garrettpierce@example.org,3275388759,Jaipur,Delhi,India,2023-06-04,Gold,Inactive
CUST01869,Brian,Gates,smithlaura@example.org,(787)350-1770,Pune,Tamil Nadu,India,2022-07-20,,Inactive
CUST01870,Julie,Hernandez,michelle23@example.net,(487)781-3050,Lucknow,Rajasthan,India,2022-07-13,Platinum,Inactive
CUST01871,Scott,Hill,walter42@example.net,393-356-0986x871,Kolkata,Karnataka,India,2024-05-22,Platinum,Inactive
CUST01872,Benjamin,Hernandez,joseph08@example.org,848-703-9961,Chennai,Bihar,India,2023-03-05,Silver,Inactive
CUST01873,Daniel,Sampson,qoconnor@example.org,5172807210,Delhi,Rajasthan,India,2024-06-16,Silver,Active
CUST01874,Alan,Green,anna28@example.net,(430)874-9333x56283,Pune,Tamil Nadu,India,2023-10-17,Gold,Active
CUST01875,James,Sanders,rogersandrew@example.net,969-921-3426,Lucknow,Karnataka,India,2022-09-02,,Inactive
CUST01876,Kevin,Kelly,cynthia80@example.net,001-669-631-3439x75786,Bangalore,Bihar,India,2022-07-30,Silver,Inactive
CUST01877,Linda,Scott,zchandler@example.org,001-795-825-6523x449,Mumbai,Karnataka,India,2022-01-11,Silver,Active
CUST01878,Crystal,Pierce,jessicasalinas@example.com,693.374.4661,Hyderabad,Rajasthan,India,2022-05-26,Silver,Inactive
CUST01879,Julie,Chapman,caitlyn26@example.com,(844)621-2659x6928,Delhi,Tamil Nadu,India,2022-02-14,Silver,Inactive
CUST01880,David,Torres,xkeith@example.org,777-800-7205x930,Pune,Telangana,India,2022-06-28,Platinum,Active
CUST01881,Deborah,Pineda,ycooper@example.com,001-979-678-3054x632,Jaipur,Tamil Nadu,India,2022-12-14,Silver,Active
CUST01882,Maureen,Richards,jonathan71@example.com,210.810.5588,Patna,Telangana,India,2022-01-23,Silver,Active
CUST01883,Margaret,Valdez,nicholaslowe@example.org,540.943.9285x96781,Patna,Uttar Pradesh,India,2024-05-01,Platinum,Active
CUST01884,Brenda,Harrison,pgibson@example.com,698.931.2357,Pune,Telangana,India,2022-12-13,Gold,Active
CUST01885,Michelle,Cox,kmorris@example.net,772.879.3858x296,Chennai,Bihar,India,2023-01-14,Platinum,Inactive
CUST01886,Michael,Thomas,kristendelgado@example.org,7073068025,Mumbai,Maharashtra,India,2024-06-18,Silver,Active
CUST01887,Charles,Brooks,zortiz@example.com,+1-249-353-4292,Pune,Tamil Nadu,India,2024-03-24,Platinum,Inactive
CUST01888,Rachel,Rivera,roger79@example.org,299.229.6145x598,Chennai,Karnataka,India,2023-12-13,Platinum,Inactive
CUST01889,James,Garcia,tblake@example.net,+1-311-994-5027x85470,Pune,Delhi,India,2023-10-14,Platinum,Active
CUST01890,Miranda,Brown,edward92@example.net,232.359.3482x772,Jaipur,Telangana,India,2024-05-24,Silver,Inactive
CUST01891,Megan,Fitzgerald,yvalencia@example.net,001-894-441-4071x5674,Delhi,Telangana,India,2022-09-11,Silver,Inactive
CUST01892,Amy,Moore,martinezdarrell@example.org,965-373-7764,Mumbai,Rajasthan,India,2022-08-03,Platinum,Active
CUST01893,Christina,Dudley,ericgomez@example.com,730.751.7745,Jaipur,Uttar Pradesh,India,2022-06-21,Platinum,Inactive
CUST01894,Erin,Porter,lherman@example.com,(574)812-5397x139,Jaipur,Rajasthan,India,2023-05-26,Silver,Inactive
CUST01895,Kaitlyn,Baker,pattersonphilip@example.net,+1-592-984-1952x92373,Chennai,West Bengal,India,2023-12-31,Platinum,Inactive
CUST01896,Kristi,Jones,alexandria76@example.org,7192690623,Lucknow,Rajasthan,India,2024-01-03,Gold,Inactive
CUST01897,Henry,Rice,tracey23@example.com,664.852.3808,Kolkata,Delhi,India,2023-10-16,Silver,Active
CUST01898,Nicholas,Johnson,robert90@example.net,(960)533-6053x040,Lucknow,Tamil Nadu,India,2022-07-27,Gold,Active
CUST01899,Robert,Johnson,lovemario@example.com,228.520.3830x5606,Bangalore,Uttar Pradesh,India,2022-11-10,Platinum,Active
CUST01900,Jacqueline,Camacho,andrew76@example.com,643.224.4649x675,Chennai,Telangana,India,2024-05-12,Platinum,Active
CUST01901,Trevor,Castaneda,lmcdaniel@example.net,(313)331-2869,Mumbai,Telangana,India,2022-05-18,Gold,Inactive
CUST01902,Samantha,Gomez,ymoore@example.com,535.597.7434x8694,Kolkata,Delhi,India,2022-08-24,Gold,Inactive
CUST01903,Kendra,Jackson,peterlewis@example.net,+1-425-514-6663,Lucknow,Rajasthan,India,2023-03-13,Gold,Inactive
CUST01904,Dominic,Dodson,pamela15@example.com,+1-261-370-0760,Lucknow,Karnataka,India,2023-01-12,Gold,Inactive
CUST01905,Haley,Soto,carriekennedy@example.org,7503521187,Patna,Rajasthan,India,2022-01-26,Silver,Inactive
CUST01906,Rose,Pittman,danielwilcox@example.com,742-575-7141x29210,Mumbai,Karnataka,India,2023-10-23,Silver,Inactive
CUST01907,Kevin,Davis,crystal07@example.com,526.405.6022x7683,Jaipur,West Bengal,India,2024-05-12,Platinum,Active
CUST01908,Anne,Powers,chencathy@example.org,(699)944-3784,Hyderabad,Tamil Nadu,India,2024-03-15,Silver,Active
CUST01909,James,Stafford,davisdevin@example.com,(913)802-1379,Chennai,Delhi,India,2022-03-15,Platinum,Active
CUST01910,Keith,Yang,vharrison@example.org,(361)820-4731x294,Pune,Karnataka,India,2022-12-08,Gold,Inactive
CUST01911,Matthew,Henderson,stevensdylan@example.org,(370)470-3199x45703,Hyderabad,Tamil Nadu,India,2024-02-03,Platinum,Active
CUST01912,Alicia,Wright,kristina13@example.com,+1-575-908-1615x95834,Jaipur,Telangana,India,2024-05-25,Silver,Inactive
CUST01913,Marissa,Hansen,bonniechambers@example.net,+1-923-481-5890x043,Chennai,Uttar Pradesh,India,2022-10-16,Gold,Active
CUST01914,Carol,Davis,yharrell@example.org,+1-766-616-0199x7858,Jaipur,Bihar,India,2023-04-29,Gold,Active
CUST01915,Melanie,Garrison,jhiggins@example.com,(909)724-3074x31482,Pune,Rajasthan,India,2022-08-21,Silver,Inactive
CUST01916,Jonathan,Young,joseharrison@example.org,526-210-9526,Lucknow,Karnataka,India,2024-01-10,Silver,Inactive
CUST01917,Ryan,Friedman,ubernard@example.com,3928666286,Pune,Uttar Pradesh,India,2024-05-16,Platinum,Inactive
CUST01918,Tammy,Green,johnsonamber@example.com,001-903-936-5769x60708,Lucknow,Rajasthan,India,2022-08-03,Platinum,Active
CUST01919,Elizabeth,Greer,ksnow@example.org,544-389-0822x259,Patna,Bihar,India,2023-01-19,Gold,Active
CUST01920,Kelly,Roberts,mia14@example.org,+1-479-751-5846,Chennai,Karnataka,India,2023-05-27,Silver,Inactive
CUST01921,Suzanne,Moreno,englishwesley@example.com,(857)302-7119,Bangalore,West Bengal,India,2023-03-12,Gold,Inactive
CUST01922,Tyler,Romero,smithdonald@example.net,590.995.2688,Delhi,Delhi,India,2023-08-25,Silver,Active
CUST01923,Todd,Davis,davidsullivan@example.org,(430)294-3130x04510,Kolkata,Uttar Pradesh,India,2022-12-05,Gold,Active
CUST01924,Christopher,Reyes,angela06@example.org,(263)881-1114,Mumbai,West Bengal,India,2023-02-05,Gold,Active
CUST01925,Scott,Robertson,kelseyfarley@example.org,+1-373-263-7138x5557,Mumbai,Karnataka,India,2023-05-02,Platinum,Inactive
CUST01926,Christine,Hodges,dsolomon@example.org,001-396-795-6294x5709,Hyderabad,Maharashtra,India,2023-10-17,Silver,Active
CUST01927,Stephanie,Richards,henryandrea@example.com,9318306236,Jaipur,Bihar,India,2023-11-23,Silver,Inactive
CUST01928,James,Jacobs,martinemma@example.org,435.577.8689,Patna,Tamil Nadu,India,2022-01-28,Silver,Inactive
CUST01929,Joseph,Gonzalez,jamesmartin@example.org,405.804.9392,Pune,Tamil Nadu,India,2022-10-18,Gold,Active
CUST01930,Kevin,Gonzalez,janetbaker@example.com,8165517213,Delhi,Karnataka,India,2023-04-11,Platinum,Active
CUST01931,John,Hall,jeremy85@example.com,+1-745-213-1091x2106,Chennai,Uttar Pradesh,India,2022-06-25,Gold,Active
CUST01932,Stephanie,King,fboone@example.net,510.353.8745,Patna,West Bengal,India,2022-04-24,Gold,Inactive
CUST01933,Tina,Oconnor,andrea37@example.net,524.746.0330,Mumbai,Uttar Pradesh,India,2024-01-31,Silver,Active
CUST01934,Carlos,Mercer,jgay@example.net,001-308-981-9203,Pune,Telangana,India,2024-06-10,Gold,Inactive
CUST01935,Sophia,Osborne,eugene50@example.net,366-754-8836x3612,Kolkata,Telangana,India,2022-06-12,Platinum,Active
CUST01936,Alexandra,Weber,christopher80@example.org,9268366976,Lucknow,Telangana,India,2023-05-30,Silver,Active
CUST01937,Charles,Taylor,carly15@example.net,(529)616-7428x49037,Lucknow,Maharashtra,India,2022-05-27,Gold,Active
CUST01938,Omar,Solis,hernandeztimothy@example.com,281-753-7455x60444,Chennai,Rajasthan,India,2023-06-23,Gold,Inactive
CUST01939,Nichole,Schwartz,obrientodd@example.com,(700)652-4950,Delhi,Maharashtra,India,2023-08-13,Gold,Inactive
CUST01940,Jacqueline,Cannon,dominique33@example.org,(908)244-3959x89135,Hyderabad,Uttar Pradesh,India,2022-12-22,Platinum,Active
CUST01941,Grace,Hudson,chloe94@example.net,486-788-3371x11729,Pune,Bihar,India,2023-03-02,Platinum,Inactive
CUST01942,William,Nguyen,chadkrueger@example.com,+1-590-861-6810x5505,Bangalore,Bihar,India,2023-04-14,Platinum,Active
CUST01943,Kristina,Espinoza,csmith@example.org,775-470-0010,Delhi,Tamil Nadu,India,2023-02-07,Silver,Inactive
CUST01944,Pamela,Friedman,wmcdonald@example.org,535-686-2389,Jaipur,Telangana,India,2023-10-06,Platinum,Active
CUST01945,Erin,Johnson,uhicks@example.com,692-693-4115,Pune,Rajasthan,India,2023-12-16,Gold,Active
CUST01946,Kimberly,Jarvis,nmosley@example.org,(797)484-5534,Mumbai,Maharashtra,India,2023-01-13,Platinum,Inactive
CUST01947,Whitney,Reid,bethlarson@example.net,321-236-7836,Lucknow,Bihar,India,2023-02-24,Gold,Active
CUST01948,Vanessa,Holden,amanda30@example.com,816-259-4271,Delhi,Rajasthan,India,2023-06-03,Silver,Active
CUST01949,Patrick,Caldwell,curtismontoya@example.net,+1-305-927-8432x0361,Lucknow,Uttar Pradesh,India,2023-10-17,Gold,Inactive
CUST01950,Alyssa,Martin,plee@example.com,+1-462-941-8265x741,Pune,Uttar Pradesh,India,2024-05-26,Silver,Active
CUST01951,Katherine,Ortiz,kathy57@example.net,785.451.5570x926,Mumbai,Bihar,India,2022-09-14,Gold,Inactive
CUST01952,Chris,Ramsey,umann@example.net,662.660.6107,Lucknow,Maharashtra,India,2023-05-12,Silver,Active
CUST01953,Gina,Lee,hmckenzie@example.com,8112489792,Lucknow,Bihar,India,2024-01-01,Gold,Inactive
CUST01954,Anna,Hudson,andrewcosta@example.net,(219)335-7137,Patna,Bihar,India,2024-05-11,Silver,Active
CUST01955,Kevin,Burgess,kylegarcia@example.com,+1-993-742-3618x656,Hyderabad,Maharashtra,India,2022-07-01,Platinum,Inactive
CUST01956,Jason,Ferguson,guzmancristian@example.org,001-496-266-0913,Mumbai,Delhi,India,2022-06-22,Platinum,Inactive
CUST01957,Jamie,Pugh,robin94@example.net,999.588.1116x7635,Lucknow,Karnataka,India,2022-06-07,Silver,Active
CUST01958,Amanda,Fuller,simscharles@example.com,(769)401-2747x970,Delhi,West Bengal,India,2024-01-02,Silver,Inactive
CUST01959,Benjamin,Peterson,richardsonwhitney@example.com,(937)538-1196,Delhi,West Bengal,India,2023-12-15,Platinum,Active
CUST01960,Isaac,Green,elizabeth50@example.net,+1-946-895-4696x460,Hyderabad,Rajasthan,India,2023-02-04,Silver,Active
CUST01961,Spencer,Moore,jane78@example.com,525-454-4492,Bangalore,Tamil Nadu,India,2022-02-19,Silver,Inactive
CUST01962,Eric,Vasquez,cynthia36@example.net,(758)913-9594,Pune,Maharashtra,India,2022-09-02,Silver,Inactive
CUST01963,Ann,Bradley,mary06@example.net,,Delhi,Karnataka,India,2022-01-29,Silver,Active
CUST01964,Renee,Nelson,dawn19@example.net,001-467-218-6736x9128,Mumbai,Bihar,India,2022-08-14,Platinum,Active
CUST01965,Victor,Anderson,jonesgeorge@example.org,(839)536-3293x547,Bangalore,West Bengal,India,2022-02-15,Silver,Inactive
CUST01966,Christopher,Alexander,mejiamichelle@example.org,754-890-7223,Jaipur,Tamil Nadu,India,2022-11-27,Platinum,Active
CUST01967,Travis,Griffin,stephaniegross@example.com,867.757.9071x1800,Bangalore,Uttar Pradesh,India,2023-07-09,Silver,Active
CUST01968,Paul,Dyer,christophercannon@example.org,401.231.1152,Mumbai,Karnataka,India,2022-08-07,Gold,Active
CUST01969,Mary,Hammond,qli@example.net,538-389-9090x8207,Bangalore,Karnataka,India,2022-01-16,Silver,Inactive
CUST01970,Valerie,White,johndickson@example.net,(226)658-9659x0523,Lucknow,Tamil Nadu,India,2022-08-06,Silver,Inactive
CUST01971,Jennifer,Williams,zachary60@example.org,(731)706-5030x37567,Kolkata,Karnataka,India,2023-10-28,Silver,Active
CUST01972,Kathleen,Smith,derrick66@example.com,613-221-8544x36733,Bangalore,Telangana,India,2022-08-12,Platinum,Inactive
CUST01973,Richard,Knight,staceybennett@example.org,(508)687-4186,Jaipur,Bihar,India,2022-04-15,Gold,Active
CUST01974,Brett,Matthews,marissa12@example.com,707.273.3816,Chennai,Uttar Pradesh,India,2023-09-07,Platinum,Active
CUST01975,Jamie,Chambers,anthonytran@example.net,255-342-9402x9045,Patna,Karnataka,India,2022-12-07,Platinum,Inactive
CUST01976,Kayla,Smith,patriciaschmidt@example.com,2638288400,Chennai,Delhi,India,2022-03-11,Platinum,Inactive
CUST01977,Carla,Spears,belllynn@example.net,(342)332-2086,Jaipur,Tamil Nadu,India,2023-01-27,Platinum,Active
CUST01978,Anthony,Graham,walter14@example.org,431-846-1106x0642,Delhi,Maharashtra,India,2022-08-27,Gold,Active
CUST01979,Christopher,Davidson,wjones@example.org,001-708-825-7900x09600,Bangalore,Tamil Nadu,India,2024-01-26,Platinum,Active
CUST01980,Deborah,Yu,kathleen49@example.org,001-443-309-8253x97657,Patna,Karnataka,India,2022-03-03,Gold,Inactive
CUST01981,Benjamin,Gonzalez,michael96@example.net,984.620.5947,Patna,Uttar Pradesh,India,2022-07-26,Silver,Active
CUST01982,Justin,Lawrence,justinwilson@example.org,815.905.6243x904,Kolkata,Rajasthan,India,2022-09-01,Platinum,Inactive
CUST01983,Megan,Burke,mark11@example.com,001-220-438-2452,Hyderabad,Karnataka,India,2022-05-18,Platinum,Active
CUST01984,Erik,Jones,nbarrett@example.org,490.852.6419x019,Bangalore,Telangana,India,2023-06-18,Silver,Active
CUST01985,Stephen,Fowler,carlsonsteven@example.com,242.591.6027x80894,Chennai,Karnataka,India,2024-05-17,Silver,Active
CUST01986,Michael,Johnson,carol89@example.com,442-291-7584x244,Delhi,Tamil Nadu,India,2023-07-07,Platinum,Active
CUST01987,Susan,Lee,jamesking@example.org,(590)829-8176x668,Bangalore,West Bengal,India,2023-09-15,Gold,Active
CUST01988,Shawn,Anderson,john20@example.org,808.807.2888x523,Delhi,Maharashtra,India,2023-03-29,Gold,Active
CUST01989,Cheryl,Johnson,qstevenson@example.org,+1-750-967-8591x915,Delhi,Bihar,India,2022-07-17,Silver,Active
CUST01990,Ralph,Price,robertleonard@example.com,(275)474-6163,Patna,West Bengal,India,2022-04-04,Silver,Active
CUST01991,Donna,Cruz,jessica93@example.org,+1-275-823-0085x1054,Mumbai,Uttar Pradesh,India,2023-06-04,Platinum,Inactive
CUST01992,Amy,Guerrero,kevinfigueroa@example.net,624-336-5372,Patna,Tamil Nadu,India,2022-11-15,Silver,Inactive
CUST01993,Carlos,Avila,swatts@example.org,6934437239,Kolkata,Tamil Nadu,India,2022-06-30,Gold,Inactive
CUST01994,Janet,Palmer,lovedawn@example.com,(866)298-2471x9979,Lucknow,Tamil Nadu,India,2023-08-14,Gold,Inactive
CUST01995,Madison,Simmons,kim41@example.org,5582448091,Chennai,Uttar Pradesh,India,2022-03-23,Gold,Active
CUST01996,Michele,Rodriguez,valeriegeorge@example.org,898.644.3621x6187,Lucknow,Uttar Pradesh,India,2023-04-28,Platinum,Inactive
CUST01997,Eric,Burton,tbarrera@example.org,920-631-2366,Patna,Rajasthan,India,2024-02-18,Silver,Inactive
CUST01998,Jim,Patton,leecraig@example.com,+1-325-418-0575x6488,Mumbai,Telangana,India,2023-03-14,Platinum,Active
CUST01999,Thomas,Aguilar,marthaday@example.net,+1-737-551-1180x57882,Patna,Telangana,India,2023-07-21,Gold,Inactive
CUST02000,Cathy,Wright,paceheather@example.com,497.248.3795,Lucknow,Telangana,India,2022-11-10,Gold,Inactive
CUST02001,Natalie,Hall,victoria24@example.org,805-831-0482,Chennai,Bihar,India,2022-03-15,Platinum,Inactive
CUST02002,Sandy,Barton,peterevans@example.org,557-411-1893x7524,Patna,Tamil Nadu,India,2022-07-20,Silver,Active
CUST02003,Brady,Cruz,josephphillips@example.net,508.976.4002,Jaipur,Karnataka,India,2024-06-01,Gold,Inactive
CUST02004,Christopher,Murphy,hatfielddiane@example.org,001-734-218-6031x2297,Bangalore,Karnataka,India,2023-03-02,Gold,Inactive
CUST02005,Lauren,Miller,cookecarrie@example.net,920.703.0842,Kolkata,Maharashtra,India,2022-11-12,Gold,Active
CUST02006,Samantha,Walsh,vbright@example.org,732.928.3099x61457,Bangalore,Bihar,India,2022-05-08,Silver,Inactive
CUST02007,James,Bush,davidjones@example.org,+1-876-604-6540x74364,Chennai,West Bengal,India,2022-09-19,Platinum,Inactive
CUST02008,Dana,Baldwin,mjackson@example.net,665.454.8467,Chennai,Delhi,India,2023-10-13,Platinum,Inactive
CUST02009,Anthony,Winters,josephpadilla@example.org,+1-991-604-1219x89424,Pune,Tamil Nadu,India,2023-03-11,Gold,Active
CUST02010,Patricia,Taylor,diazjacqueline@example.com,001-825-588-6001,Chennai,Delhi,India,2024-04-12,Platinum,Active
CUST02011,Lori,Chavez,lbrown@example.org,364-560-6222,Kolkata,Rajasthan,India,2022-09-25,Platinum,Active
CUST02012,Jeffery,Chambers,zsmith@example.com,766-944-5890,Pune,Bihar,India,2022-09-18,Silver,Active
CUST02013,Willie,Anderson,tanya53@example.org,001-990-522-7903x20815,Mumbai,Uttar Pradesh,India,2024-02-29,Gold,Active
CUST02014,Robert,Malone,glassrobert@example.org,(217)281-9015x6190,Pune,Uttar Pradesh,India,2023-06-15,Silver,Inactive
CUST02015,Rachel,Martinez,jasonbates@example.com,990-903-5223,Hyderabad,West Bengal,India,2022-09-16,Platinum,Inactive
CUST02016,Sean,Pham,otrevino@example.net,001-571-216-3667,Hyderabad,Uttar Pradesh,India,2023-08-24,Platinum,Active
CUST02017,Cynthia,Davis,williamsjoshua@example.net,733-515-3049x8046,Kolkata,Karnataka,India,2022-04-22,Silver,Inactive
CUST02018,Zachary,Flores,fitzgeraldmelissa@example.com,391.897.0013,Pune,Uttar Pradesh,India,2024-02-06,Platinum,Inactive
CUST02019,Amanda,Floyd,teresa41@example.com,9766126498,Patna,Rajasthan,India,2022-01-07,Silver,Active
CUST02020,Steven,Allen,xcarr@example.net,(612)580-5468,Bangalore,West Bengal,India,2022-03-13,Gold,Inactive
CUST02021,Susan,Palmer,summersjames@example.com,(589)933-6531,Bangalore,Bihar,India,2024-01-21,Silver,Inactive
CUST02022,Christopher,Mills,brianhenry@example.com,387-419-0136x3981,Patna,Tamil Nadu,India,2022-07-10,Gold,Active
CUST02023,Stanley,Jackson,schmidttony@example.net,548-836-9315x120,Mumbai,Rajasthan,India,2023-05-30,Platinum,Active
CUST02024,Robert,Murphy,suzanne56@example.net,833-407-8143x95850,Pune,Delhi,India,2022-07-10,Platinum,Active
CUST02025,Albert,Vasquez,amanda41@example.com,284.862.0728x76602,Pune,Telangana,India,2024-04-08,Gold,Inactive
CUST02026,Stephanie,Davis,jessica88@example.com,001-828-639-0617,Kolkata,Maharashtra,India,2023-10-04,Platinum,Active
CUST02027,Daniel,Mitchell,nsampson@example.net,471.854.7571x628,Hyderabad,Maharashtra,India,2022-03-23,Gold,Active
CUST02028,Anthony,Cox,maryjohnson@example.com,365-366-4646,Mumbai,Karnataka,India,2022-10-11,Silver,Active
CUST02029,Dawn,Jordan,cguerra@example.net,(759)705-4293,Lucknow,Maharashtra,India,2023-05-05,Silver,Active
CUST02030,Ashley,Haynes,riversdarlene@example.net,3454990042,Delhi,Delhi,India,2022-09-30,Silver,Active
CUST02031,Sylvia,Smith,reedwilliam@example.net,(791)611-3322x65709,Delhi,Uttar Pradesh,India,2023-06-19,Platinum,Inactive
CUST02032,Thomas,Owen,cyoder@example.com,510-983-5640x805,Lucknow,Karnataka,India,2023-05-13,Platinum,Inactive
CUST02033,Deborah,Henson,glewis@example.net,001-842-437-6043x030,Chennai,Karnataka,India,2022-12-11,Gold,Active
CUST02034,Michael,Wallace,brandy61@example.com,(697)428-5197x3038,Bangalore,Uttar Pradesh,India,2023-01-05,Platinum,Active
CUST02035,Abigail,Smith,zberry@example.com,347-352-6496x7817,Chennai,Maharashtra,India,2022-12-31,Silver,Inactive
CUST02036,Heidi,Collins,iclark@example.net,001-669-385-4922x58963,Bangalore,Bihar,India,2024-06-10,Silver,Active
CUST02037,Gabriel,Harvey,rebekah19@example.net,001-978-961-9043x573,Jaipur,Telangana,India,2024-06-08,Platinum,Active
CUST02038,Sandra,Cook,michele30@example.net,942-885-4043,Lucknow,Rajasthan,India,2023-01-13,Platinum,Inactive
CUST02039,Vincent,Owen,brandy17@example.org,(997)791-4306,Pune,Delhi,India,2023-11-08,Platinum,Inactive
CUST02040,Kristen,Turner,edward29@example.org,+1-389-548-7459,Chennai,Delhi,India,2022-01-18,Platinum,Inactive
CUST02041,Adriana,Randall,tuckerderek@example.net,001-597-984-7659x30428,Lucknow,Tamil Nadu,India,2023-11-26,Platinum,Inactive
CUST02042,Alicia,Thomas,tracymoreno@example.net,457-991-0019,Kolkata,Maharashtra,India,2023-02-14,Gold,Inactive
CUST02043,Timothy,Nelson,nwhite@example.com,493-918-6667x8892,Mumbai,Uttar Pradesh,India,2023-05-03,Gold,Active
CUST02044,Marie,Scott,fbeck@example.net,(601)720-9686x5812,Patna,West Bengal,India,2023-12-31,Platinum,Active
CUST02045,Donna,Parker,stephaniefletcher@example.net,(853)567-2848x133,Lucknow,Maharashtra,India,2022-05-11,Gold,Inactive
CUST02046,Jessica,Williams,christopherarnold@example.com,(715)384-5718,Lucknow,Maharashtra,India,2022-06-22,Gold,Active
CUST02047,Melissa,Carr,ecrawford@example.net,+1-337-823-4811x422,Pune,Bihar,India,2022-09-07,Platinum,Active
CUST02048,Christopher,Small,franklinjames@example.org,331.337.6650x429,Bangalore,Delhi,India,2022-04-19,Silver,Inactive
CUST02049,Oscar,Mclaughlin,elizabeth39@example.net,954.775.7842x59454,Hyderabad,Tamil Nadu,India,2023-01-28,Platinum,Inactive
CUST02050,Lori,Chavez,jameshensley@example.com,231.422.9065,Lucknow,Maharashtra,India,2023-11-13,Platinum,Active
CUST02051,Rachel,Simmons,juanowens@example.org,241-293-8304x517,Lucknow,Maharashtra,India,2023-07-02,Platinum,Inactive
CUST02052,Robin,Scott,fosterjames@example.com,4708679982,Pune,Maharashtra,India,2024-06-11,Platinum,Inactive
CUST02053,Allison,Gamble,santiagoerik@example.net,598.718.2382x361,Bangalore,West Bengal,India,2023-01-22,Gold,Active
CUST02054,Melissa,Delgado,sharizimmerman@example.com,(866)935-4756,Hyderabad,Maharashtra,India,2022-08-17,Gold,Active
CUST02055,Kimberly,White,younglogan@example.com,001-251-301-7570x49901,Mumbai,Karnataka,India,2022-04-25,Platinum,Active
CUST02056,Shawn,Frank,bhill@example.org,001-666-597-7743x178,Mumbai,Karnataka,India,2024-02-02,Silver,Inactive
CUST02057,Stephen,Sanchez,alyssaroberts@example.com,607.919.4419x800,Kolkata,Delhi,India,2023-01-25,Gold,Active
CUST02058,Lauren,Bowman,xsilva@example.org,+1-675-299-3877x678,Jaipur,Tamil Nadu,India,2023-08-28,Gold,Inactive
CUST02059,Keith,Arnold,dnelson@example.net,862.311.5051x29478,Chennai,Bihar,India,2022-11-24,Platinum,Active
CUST02060,Terrence,Velasquez,lawrencereese@example.com,001-970-449-7481,Bangalore,Delhi,India,2022-04-20,Platinum,Inactive
CUST02061,Glenn,Kemp,cfox@example.com,(362)729-8489x0300,Patna,Telangana,India,2022-11-20,Silver,Inactive
CUST02062,Wendy,Brown,smithbarbara@example.com,897-797-6495x665,Lucknow,Bihar,India,2023-11-28,,Inactive
CUST02063,Paige,Tran,sherrycox@example.net,634.821.4915,Delhi,Karnataka,India,2022-05-30,Gold,Active
CUST02064,Ralph,Miller,teresa01@example.org,7222175293,Kolkata,Rajasthan,India,2022-10-08,Platinum,Active
CUST02065,Christopher,Wood,uespinoza@example.com,570.292.5309x164,Hyderabad,Uttar Pradesh,India,2023-05-22,Silver,Inactive
CUST02066,Nicole,Williams,christopher75@example.net,(603)410-4661x723,Pune,Tamil Nadu,India,2022-06-06,Platinum,Active
CUST02067,Thomas,Mcmillan,tbrooks@example.net,(701)704-2342x5419,Patna,Rajasthan,India,2024-06-05,Platinum,Inactive
CUST02068,Jennifer,Sanchez,joel72@example.com,(718)674-7677x189,Patna,Delhi,India,2022-11-03,Platinum,Inactive
CUST02069,Megan,Atkinson,mckinneyalexander@example.net,001-611-292-1239,Bangalore,Rajasthan,India,2022-12-12,Gold,Inactive
CUST02070,Katherine,Benitez,shirleysalazar@example.org,001-926-293-9860x9441,Mumbai,West Bengal,India,2023-02-05,Platinum,Inactive
CUST02071,James,Miller,awebb@example.net,266.971.3093,Pune,West Bengal,India,2022-10-17,Gold,Active
CUST02072,Jerry,Clark,sarnold@example.org,001-459-403-5110x077,Chennai,Delhi,India,2022-05-15,Platinum,Inactive
CUST02073,Ian,Gibson,sara46@example.com,001-707-569-3346x14644,Patna,Bihar,India,2023-04-14,Gold,Inactive
CUST02074,John,Lewis,webstergary@example.net,814-765-4214x7901,Patna,Tamil Nadu,India,2022-10-26,Silver,Active
CUST02075,Kathleen,Lewis,ywood@example.net,307.925.8361,Delhi,Karnataka,India,2024-01-23,Platinum,Active
CUST02076,Denise,Thomas,catherine02@example.org,6417925625,Patna,Uttar Pradesh,India,2023-11-26,Gold,Active
CUST02077,Tammy,Jackson,kathryn98@example.com,001-569-982-7464x99935,Mumbai,Karnataka,India,2022-02-27,Gold,Active
CUST02078,Joseph,Galvan,angelalewis@example.com,(976)975-7203,Mumbai,West Bengal,India,2022-02-23,Platinum,Inactive
CUST02079,Jessica,Obrien,ugiles@example.org,001-944-685-7128,Bangalore,Bihar,India,2023-08-31,Platinum,Inactive
CUST02080,Karen,Martinez,jonathanrodriguez@example.org,+1-702-213-2262x743,Delhi,Maharashtra,India,2022-09-08,Silver,Inactive
CUST02081,Alyssa,King,stephanie57@example.net,719-488-1833x560,Hyderabad,Bihar,India,2023-05-16,Platinum,Inactive
CUST02082,Kevin,Green,crystalburton@example.com,536.701.3541,Mumbai,Rajasthan,India,2024-03-05,Platinum,Inactive
CUST02083,Aaron,Dickerson,harrisonalexandra@example.net,+1-725-449-9365x4473,Lucknow,Karnataka,India,2022-10-09,Silver,Active
CUST02084,Michael,Flores,kimberlygarrett@example.net,541-753-8300,Mumbai,Maharashtra,India,2022-04-30,Gold,Active
CUST02085,Loretta,Hill,webbheidi@example.net,6496527414,Kolkata,Rajasthan,India,2022-01-24,Gold,Active
CUST02086,Nicholas,Thomas,hernandezroger@example.com,+1-852-825-9985x684,Kolkata,Bihar,India,2024-03-24,Gold,Inactive
CUST02087,Kimberly,Jones,allenthomas@example.net,519-926-1917,Bangalore,Telangana,India,2023-10-23,Platinum,Active
CUST02088,Jennifer,Wright,xrogers@example.com,4386304355,Chennai,Maharashtra,India,2022-04-12,Platinum,Active
CUST02089,Sharon,Dixon,nealpamela@example.com,+1-867-954-8807x6723,Delhi,Uttar Pradesh,India,2023-02-20,Platinum,Inactive
CUST02090,Christine,White,alison64@example.net,+1-779-565-9408x542,Jaipur,West Bengal,India,2022-03-07,Platinum,Active
CUST02091,Leah,Freeman,brandonperez@example.net,001-608-374-5997x59299,Pune,Maharashtra,India,2024-02-11,Silver,Active
CUST02092,Becky,Turner,harrellsandy@example.net,001-497-233-7369,Jaipur,Rajasthan,India,2022-01-06,Gold,Active
CUST02093,Michael,Brown,watkinscarolyn@example.net,799.581.9774,Patna,Tamil Nadu,India,2022-02-10,Platinum,Active
CUST02094,Kelsey,Macias,dominic99@example.org,827.304.0831,Jaipur,Telangana,India,2022-03-31,Silver,Active
CUST02095,Eric,Shelton,natashawelch@example.net,335.637.4752x49660,Jaipur,Telangana,India,2022-05-08,Gold,Active
CUST02096,Pamela,Turner,stacy49@example.com,6344595775,Delhi,Tamil Nadu,India,2023-03-10,Gold,Active
CUST02097,Brandon,Wagner,wgarcia@example.org,886.861.3815x8811,Hyderabad,West Bengal,India,2023-06-16,Gold,Active
CUST02098,Kyle,Watson,gonzalesjames@example.com,345.349.3910,Lucknow,Karnataka,India,2023-08-14,Platinum,Inactive
CUST02099,Donna,Chambers,juliacarson@example.com,001-781-991-0060,Jaipur,West Bengal,India,2023-09-13,Silver,Active
CUST02100,Scott,Jackson,bakeranthony@example.com,,Delhi,Tamil Nadu,India,2023-11-10,Silver,Active
CUST02101,Matthew,Daniels,pharrington@example.com,949.691.1460x0046,Hyderabad,Tamil Nadu,India,2022-05-26,Silver,Active
CUST02102,Bryan,Wilkinson,samantha14@example.com,001-473-534-9395x1742,Chennai,Telangana,India,2023-08-29,Silver,Inactive
CUST02103,Rebecca,Beck,ucarter@example.org,001-841-427-5021,Jaipur,Telangana,India,2022-03-18,Gold,Inactive
CUST02104,Brett,Church,stephanie26@example.net,001-486-548-4415x34621,Patna,Uttar Pradesh,India,2023-10-28,Gold,Active
CUST02105,Brian,Garrett,xmcdonald@example.net,+1-830-486-0657x70190,Bangalore,Bihar,India,2022-09-18,Platinum,Active
CUST02106,Alexis,Beck,antoniosnow@example.net,683.319.4430x29122,Hyderabad,Tamil Nadu,India,2022-03-14,Platinum,Inactive
CUST02107,Benjamin,Jordan,tanya56@example.com,+1-955-507-3528x584,Jaipur,Bihar,India,2023-08-01,Gold,Active
CUST02108,Nichole,Campbell,stevenclark@example.com,692.706.7179,Bangalore,Uttar Pradesh,India,2022-11-20,Silver,Active
CUST02109,Jennifer,Wilcox,craig33@example.net,207.704.6974x88302,Hyderabad,Maharashtra,India,2022-03-21,Platinum,Active
CUST02110,Daniel,Williams,rduncan@example.net,+1-671-473-8671,Jaipur,Uttar Pradesh,India,2023-12-02,Silver,Inactive
CUST02111,Anthony,Rose,iroach@example.com,878.801.0817x29432,Mumbai,Karnataka,India,2023-10-18,Gold,Inactive
CUST02112,John,Solis,james75@example.com,546-896-0896,Pune,Telangana,India,2022-05-30,Silver,Active
CUST02113,Grant,Ward,reyesanthony@example.net,628.573.8726x8272,Pune,Uttar Pradesh,India,2023-01-22,Silver,Active
CUST02114,Joseph,Harris,tonyahowe@example.org,223-917-7919,Jaipur,Telangana,India,2022-06-29,Platinum,Inactive
CUST02115,Jonathan,Jones,awoodard@example.com,759.836.4385,Jaipur,Karnataka,India,2022-04-08,Platinum,Inactive
CUST02116,Christopher,Haynes,eugene81@example.net,001-279-762-3167x956,Hyderabad,Maharashtra,India,2023-07-19,Silver,Active
CUST02117,Lisa,Meyer,angelamcdaniel@example.org,666.549.3244,Bangalore,Bihar,India,2022-11-22,Gold,Inactive
CUST02118,Margaret,Ruiz,brandon57@example.net,001-834-230-8648x67843,Kolkata,Bihar,India,2023-05-04,Gold,Active
CUST02119,Joshua,Fisher,katie07@example.net,(932)510-0426x81219,Jaipur,Bihar,India,2023-12-05,Platinum,Active
CUST02120,Julie,Hays,jonespatricia@example.net,+1-355-687-2597x312,Bangalore,Telangana,India,2022-05-27,Silver,Inactive
CUST02121,Andrew,Cortez,usmith@example.org,794.796.8703x13851,Pune,Uttar Pradesh,India,2023-12-26,Platinum,Inactive
CUST02122,Breanna,Hall,ghenry@example.net,001-385-754-2554x51828,Lucknow,Karnataka,India,2022-07-07,Gold,Inactive
CUST02123,Michael,Key,brianmitchell@example.net,509.527.4451x07253,Bangalore,West Bengal,India,2022-10-10,Platinum,Active
CUST02124,Douglas,Mann,johnsonkristen@example.com,+1-975-274-8503x40255,Mumbai,Telangana,India,2022-11-09,Gold,Inactive
CUST02125,Joseph,Mckee,anne32@example.net,234-982-9131,Mumbai,Maharashtra,India,2024-05-15,Silver,Active
CUST02126,Mikayla,Glass,mowen@example.com,692.757.8732x63574,Patna,Delhi,India,2022-04-06,Silver,Inactive
CUST02127,Lauren,Davis,melvin04@example.com,(746)455-8965x8677,Lucknow,Delhi,India,2023-07-22,Gold,Active
CUST02128,Kelly,Burns,weissjoy@example.net,(610)836-0425,Lucknow,West Bengal,India,2023-05-07,Platinum,Active
CUST02129,Mary,Weeks,lisafernandez@example.org,(246)307-9949,Delhi,Tamil Nadu,India,2023-02-20,Platinum,Active
CUST02130,Kirsten,Green,johnsonanna@example.net,491-744-7537x962,Bangalore,West Bengal,India,2024-01-02,Platinum,Inactive
CUST02131,Mario,Peterson,pamelajohnson@example.net,+1-602-924-6746,Jaipur,Delhi,India,2022-09-08,Platinum,Inactive
CUST02132,Tony,Knight,millerrobin@example.org,+1-888-584-0606x17594,Jaipur,Tamil Nadu,India,2022-06-22,Silver,Active
CUST02133,Rebecca,Finley,randall19@example.net,511.882.2295x361,Patna,West Bengal,India,2023-01-11,Gold,Active
CUST02134,Eric,Barnes,mark03@example.org,+1-383-841-5844x943,Lucknow,Uttar Pradesh,India,2023-03-09,Silver,Inactive
CUST02135,Donald,Conway,vaughanwilliam@example.org,+1-702-596-6503x7790,Chennai,Tamil Nadu,India,2022-04-26,Platinum,Active
CUST02136,Anthony,Strong,zachary32@example.net,402-583-0855,Hyderabad,Rajasthan,India,2022-10-25,Gold,Inactive
CUST02137,James,Cruz,sherrismith@example.net,(886)840-8767x0715,Delhi,Uttar Pradesh,India,2022-08-07,Silver,Inactive
CUST02138,Kevin,Barnes,stephen03@example.org,298-672-6648x794,Jaipur,Delhi,India,2023-10-21,Gold,Inactive
CUST02139,Cody,White,heidi33@example.net,249.742.8023,Chennai,Delhi,India,2022-02-28,Platinum,Inactive
CUST02140,Laura,French,oanderson@example.net,704-667-6114x6147,Hyderabad,Karnataka,India,2022-12-03,Silver,Active
CUST02141,Jennifer,Frank,gutierrezmichele@example.org,495-591-1883,Patna,Uttar Pradesh,India,2022-12-25,Gold,Active
CUST02142,Sherri,Chavez,ubarrera@example.net,697.967.4569x2898,Bangalore,Rajasthan,India,2022-04-14,Silver,Active
CUST02143,Gary,Lewis,brianna82@example.net,770.740.2436x217,Jaipur,Bihar,India,2023-06-26,Gold,Active
CUST02144,Angela,Lester,toddchoi@example.net,2949011601,Delhi,Bihar,India,2023-05-15,Platinum,Inactive
CUST02145,Brian,Horne,bmartin@example.org,880.681.1812x32386,Lucknow,Uttar Pradesh,India,2022-08-20,Gold,Inactive
CUST02146,Holly,Burns,charles50@example.com,8048580378,Bangalore,Bihar,India,2023-01-09,Platinum,Inactive
CUST02147,Joseph,Davidson,washingtondanielle@example.com,574-685-0902x3696,Lucknow,Rajasthan,India,2022-04-22,Silver,Active
CUST02148,David,Riddle,nathanerickson@example.net,001-980-812-1506x6922,Bangalore,Delhi,India,2022-12-29,Gold,Active
CUST02149,Joshua,Greene,rochaleonard@example.net,3968221304,Pune,Telangana,India,2022-04-24,Silver,Active
CUST02150,Christina,Wilcox,pamela05@example.net,599.920.5460x684,Bangalore,Karnataka,India,2023-02-09,Silver,Active
CUST02151,John,Johnson,beth17@example.com,(480)718-3269x2304,Pune,Rajasthan,India,2023-11-14,Platinum,Inactive
CUST02152,Jamie,Simmons,john19@example.org,214-816-8267,Bangalore,Rajasthan,India,2022-05-02,Platinum,Inactive
CUST02153,Jacob,White,eholmes@example.net,7954047681,Patna,Karnataka,India,2024-03-30,Gold,Inactive
CUST02154,Paige,Parsons,uhenderson@example.com,(882)361-7233x378,Mumbai,Maharashtra,India,2022-05-15,Silver,Active
CUST02155,Kristin,Carter,brittany93@example.com,+1-325-951-8579x93519,Chennai,West Bengal,India,2022-06-09,Silver,Active
CUST02156,Chelsea,Jennings,rebeccafowler@example.org,878.252.1476x543,Chennai,Uttar Pradesh,India,2022-02-23,Platinum,Active
CUST02157,Jason,Holmes,frycynthia@example.org,893.728.4247,Lucknow,Telangana,India,2023-03-21,Gold,Inactive
CUST02158,Nicole,Castillo,meyerbrandon@example.net,677-507-3378,Bangalore,Tamil Nadu,India,2022-03-26,Platinum,Active
CUST02159,Sarah,Woods,paul50@example.com,3582757931,Jaipur,Bihar,India,2024-01-17,Silver,Inactive
CUST02160,Samuel,Crane,lisajensen@example.org,001-700-316-5085,Mumbai,Telangana,India,2024-02-25,Platinum,Active
CUST02161,James,Johnston,gpeters@example.org,001-973-539-8877x9882,Bangalore,Tamil Nadu,India,2023-11-14,Gold,Active
CUST02162,Kerry,Hartman,christian59@example.org,(325)449-2520x2064,Jaipur,Bihar,India,2023-12-19,Silver,Active
CUST02163,Scott,Long,garrettandrew@example.net,381.856.9310,Mumbai,Bihar,India,2022-08-23,Gold,Active
CUST02164,Robert,Wong,samantha53@example.org,+1-400-740-7301x2832,Pune,Bihar,India,2022-10-08,Gold,Active
CUST02165,Melissa,Mills,npoole@example.org,493-896-4848x932,Pune,Maharashtra,India,2023-09-24,Silver,Inactive
CUST02166,Ryan,Luna,wrightrobin@example.org,3112200817,Jaipur,Telangana,India,2023-02-22,Platinum,Active
CUST02167,Randy,Peterson,ray79@example.com,(807)748-8005x2660,Chennai,Uttar Pradesh,India,2022-08-16,Gold,Active
CUST02168,Brianna,Reyes,michael79@example.com,(417)475-1956x614,Bangalore,Delhi,India,2023-06-07,Gold,Active
CUST02169,Melinda,Sanchez,michellegillespie@example.com,432-940-1783x8299,Chennai,Telangana,India,2022-10-03,Gold,Inactive
CUST02170,Katrina,Brown,garybarker@example.net,001-818-359-0737x28353,Chennai,Delhi,India,2022-09-10,Silver,Active
CUST02171,Wayne,Guerrero,daniellegonzalez@example.org,+1-878-753-1662x856,Delhi,Karnataka,India,2022-01-01,Silver,Inactive
CUST02172,Benjamin,Lopez,michaellove@example.net,638.451.0327x8312,Hyderabad,Maharashtra,India,2023-04-29,Gold,Active
CUST02173,Christian,Mcneil,antonio33@example.org,(419)817-1152,Lucknow,Karnataka,India,2022-09-16,Gold,Inactive
CUST02174,Jacqueline,Thomas,nmitchell@example.org,2608025538,Mumbai,Delhi,India,2022-04-25,Platinum,Active
CUST02175,Amy,Copeland,rparrish@example.com,001-253-551-3818x5567,Chennai,Karnataka,India,2022-12-06,Platinum,Inactive
CUST02176,Tiffany,Strickland,tonywalker@example.net,001-272-940-3895,Hyderabad,Tamil Nadu,India,2022-09-01,Platinum,Inactive
CUST02177,Alexander,Scott,tracyayers@example.org,+1-277-253-1462x822,Mumbai,Bihar,India,2022-03-31,Platinum,Active
CUST02178,Tracy,Guzman,ijenkins@example.com,266-845-9577x36052,Kolkata,Tamil Nadu,India,2022-02-12,Silver,Inactive
CUST02179,Danielle,Green,ronaldnash@example.com,+1-994-854-2146x65770,Mumbai,West Bengal,India,2022-04-12,Platinum,Inactive
CUST02180,Kimberly,Murphy,harriscarla@example.net,738.292.3385,Lucknow,Tamil Nadu,India,2022-11-05,Platinum,Active
CUST02181,Patrick,Compton,atkinsmelissa@example.com,001-847-537-6247x8877,Patna,Tamil Nadu,India,2022-02-14,Gold,Inactive
CUST02182,Carrie,Baker,valdezjoshua@example.org,227-479-1148x09550,Jaipur,Karnataka,India,2024-06-17,Gold,Inactive
CUST02183,Brooke,Reilly,fdiaz@example.com,(645)974-2637x52284,Mumbai,Uttar Pradesh,India,2023-10-07,Silver,Inactive
CUST02184,Michelle,Mccann,jeremyscott@example.com,+1-752-339-0798x120,Jaipur,West Bengal,India,2023-03-06,Silver,Active
CUST02185,Beth,Smith,griffithkimberly@example.com,001-539-628-1904x248,Hyderabad,Bihar,India,2023-09-06,Gold,Active
CUST02186,Douglas,Santos,rduffy@example.net,502.896.6730x0347,Delhi,Tamil Nadu,India,2023-08-03,Platinum,Inactive
CUST02187,Megan,Green,jwilliams@example.com,001-630-691-1618,Jaipur,West Bengal,India,2023-05-22,Silver,Active
CUST02188,Mark,Gomez,markwilliams@example.org,+1-420-497-6269x26720,Jaipur,Uttar Pradesh,India,2023-03-25,Platinum,Inactive
CUST02189,Michael,Fletcher,carolyn97@example.org,001-429-383-9688,Kolkata,Telangana,India,2023-02-15,Silver,Active
CUST02190,Kelly,Rogers,susan96@example.net,001-739-671-0137x0421,Patna,Tamil Nadu,India,2022-01-04,Platinum,Active
CUST02191,Sheila,Norris,julie18@example.net,370-929-3550x740,Jaipur,Rajasthan,India,2024-06-19,,Inactive
CUST02192,Stacy,Mendez,jeremy63@example.com,476.853.5039x518,Pune,Telangana,India,2022-11-07,Platinum,Inactive
CUST02193,Thomas,Weber,jessica27@example.com,+1-937-654-1328,Mumbai,Bihar,India,2023-07-20,Silver,Active
CUST02194,Laurie,Turner,amy22@example.net,9752229852,Pune,Telangana,India,2023-07-01,Silver,Active
CUST02195,James,Berry,haydentaylor@example.net,001-940-828-8118x531,Patna,Telangana,India,2022-10-12,Silver,Active
CUST02196,Lauren,Morse,perezstephen@example.com,001-949-805-0559x89118,Pune,West Bengal,India,2024-04-23,Silver,Active
CUST02197,Mark,Hunt,baldwinjason@example.com,4496096457,Chennai,Karnataka,India,2023-10-27,Gold,Active
CUST02198,Kimberly,Wolfe,chelseacox@example.org,2263659836,Jaipur,Telangana,India,2023-12-24,Platinum,Active
CUST02199,Jade,Phillips,salinascarlos@example.org,+1-365-673-2330x71684,Kolkata,Telangana,India,2023-02-23,Gold,Active
CUST02200,Michael,Howe,jenniferwhitaker@example.net,001-665-670-8932x27985,Delhi,Karnataka,India,2023-10-03,Silver,Inactive
CUST02201,Angela,Hooper,wilsontiffany@example.net,001-784-277-8708x69384,Hyderabad,Delhi,India,2022-06-30,Platinum,Active
CUST02202,Maria,Simpson,nchavez@example.org,518-933-9245,Bangalore,Telangana,India,2024-01-10,Platinum,Active
CUST02203,Emily,Allen,dmoore@example.net,(431)845-8652,Lucknow,Tamil Nadu,India,2024-04-16,Gold,Inactive
CUST02204,Joshua,Edwards,mvincent@example.com,001-758-870-7048x0092,Kolkata,Uttar Pradesh,India,2022-07-28,Silver,Inactive
CUST02205,Vincent,Davis,matthewhull@example.net,284.646.2983,Bangalore,Karnataka,India,2022-08-26,Silver,Inactive
CUST02206,Matthew,Ritter,aberg@example.com,499.908.4238x6073,Lucknow,Bihar,India,2022-04-06,Gold,Active
CUST02207,Christopher,Smith,joel21@example.com,(546)488-8926,Patna,Tamil Nadu,India,2024-04-15,Platinum,Inactive
CUST02208,James,Williams,joneschristopher@example.net,001-452-588-2011x3367,Patna,Telangana,India,2024-01-17,Silver,Inactive
CUST02209,Albert,Lopez,muellerbrenda@example.org,+1-557-630-1702,Patna,Uttar Pradesh,India,2022-06-16,Platinum,Active
CUST02210,Shannon,Lucero,heatherpetersen@example.net,281-945-1312,Patna,Maharashtra,India,2022-03-13,Gold,Active
CUST02211,Daniel,Miller,kmason@example.net,279-297-6013,Bangalore,Maharashtra,India,2023-04-11,Platinum,Active
CUST02212,Eric,Dickerson,wardtanner@example.net,(270)703-9411x2858,Delhi,Maharashtra,India,2024-01-15,,Inactive
CUST02213,Juan,Baker,lauren05@example.com,483.296.9553,Mumbai,Delhi,India,2022-01-22,Platinum,Active
CUST02214,Audrey,Vazquez,kochedward@example.org,241.357.0925,Pune,Maharashtra,India,2022-05-16,Gold,Active
CUST02215,Manuel,Walter,cindyross@example.net,657-574-0157x2735,Kolkata,Delhi,India,2023-10-05,Silver,Active
CUST02216,Anthony,Jackson,nicholasrubio@example.net,001-267-865-3814x57286,Chennai,Maharashtra,India,2023-07-10,Silver,Active
CUST02217,Vanessa,Collins,caseyeric@example.com,869-899-3529x365,Kolkata,Rajasthan,India,2023-05-07,Silver,Inactive
CUST02218,Chad,Luna,mirwin@example.com,598-959-7327x743,Lucknow,Bihar,India,2022-12-06,Silver,Active
CUST02219,Steven,Hess,crystal57@example.net,(819)945-1689x304,Hyderabad,West Bengal,India,2023-07-11,Silver,Active
CUST02220,Michael,Callahan,avilasteven@example.net,258.926.7838x4459,Delhi,Maharashtra,India,2024-04-24,Platinum,Inactive
CUST02221,Paul,Christensen,pattersonrobin@example.net,(788)902-3313x39158,Jaipur,Uttar Pradesh,India,2022-04-16,Silver,Active
CUST02222,Jeff,Yang,griffindamon@example.net,(803)525-7483x2989,Delhi,Tamil Nadu,India,2022-08-18,Gold,Inactive
CUST02223,Lawrence,Vasquez,mackenzie60@example.com,(341)844-1634x44729,Chennai,Telangana,India,2022-05-31,Silver,Inactive
CUST02224,Kyle,Thomas,dmclaughlin@example.net,5159917017,Mumbai,Rajasthan,India,2023-12-05,Silver,Active
CUST02225,Mary,Anderson,xbarker@example.com,224-317-3057x9185,Mumbai,Telangana,India,2022-08-18,Gold,Active
CUST02226,Melanie,Clark,lbaker@example.net,+1-930-507-6463,Chennai,Maharashtra,India,2023-09-23,Gold,Active
CUST02227,Deborah,Mejia,perkinskevin@example.org,8793016751,Kolkata,Bihar,India,2022-02-14,Silver,Inactive
CUST02228,Suzanne,Contreras,linda74@example.org,3519545058,Chennai,Bihar,India,2023-06-28,Platinum,Inactive
CUST02229,Savannah,Johnson,ericaburch@example.org,(280)482-1359,Hyderabad,Telangana,India,2022-06-03,Gold,Active
CUST02230,Kenneth,Cowan,ijohnson@example.org,711.628.8951x5179,Lucknow,Karnataka,India,2022-10-05,Gold,Active
CUST02231,Brian,Berger,brandon84@example.com,831-747-7669,Delhi,Bihar,India,2024-03-18,Platinum,Active
CUST02232,Erin,Johnson,portersusan@example.net,001-870-342-0888x476,Patna,Uttar Pradesh,India,2022-11-24,Gold,Inactive
CUST02233,Mary,Carroll,jamesaguilar@example.com,001-974-859-7754x58072,Mumbai,Maharashtra,India,2024-04-14,Platinum,Inactive
CUST02234,Leah,Page,robertadams@example.org,(727)313-5721,Hyderabad,Bihar,India,2024-01-15,Silver,Inactive
CUST02235,Michael,Mcclure,hintonmark@example.org,785.584.3085x17750,Patna,Uttar Pradesh,India,2022-05-11,Gold,Inactive
CUST02236,Raymond,Richardson,thomasmontgomery@example.org,+1-745-645-5165x00536,Bangalore,Rajasthan,India,2023-05-22,Platinum,Inactive
CUST02237,Marcus,Schwartz,brandi16@example.net,001-391-745-9627x6071,Chennai,Bihar,India,2023-09-09,Platinum,Active
CUST02238,John,Hopkins,jessicarichardson@example.net,4119726089,Bangalore,West Bengal,India,2023-01-28,Gold,Inactive
CUST02239,Erin,Lee,stevensdavid@example.org,815-600-6316,Jaipur,Tamil Nadu,India,2023-06-30,Gold,Active
CUST02240,Matthew,Lloyd,hamiltontaylor@example.org,(686)548-1514x46992,Bangalore,West Bengal,India,2023-08-18,Platinum,Active
CUST02241,Jesse,Sanchez,robertpoole@example.org,(619)832-8930,Mumbai,Tamil Nadu,India,2023-12-21,Gold,Active
CUST02242,Suzanne,Washington,charles41@example.net,(947)216-0583x6165,Delhi,Karnataka,India,2022-07-28,Platinum,Inactive
CUST02243,Juan,Burgess,tiffanypeterson@example.org,(271)906-9645,Mumbai,Delhi,India,2022-05-17,Gold,Inactive
CUST02244,Wanda,Campbell,silvaanthony@example.com,(862)617-1959,Patna,Telangana,India,2024-05-19,Gold,Active
CUST02245,Jill,Carrillo,bryantjasmine@example.com,(808)386-3102x8937,Jaipur,Uttar Pradesh,India,2024-05-05,Silver,Active
CUST02246,Shannon,Bradford,zsolis@example.com,001-371-772-7263x3870,Pune,Delhi,India,2024-04-27,Platinum,Active
CUST02247,Susan,Carroll,darren40@example.net,(384)437-1609x4832,Patna,Uttar Pradesh,India,2022-05-01,Platinum,Active
CUST02248,Allen,Campbell,nmiller@example.org,997-738-4661x0380,Bangalore,Karnataka,India,2023-12-14,Silver,Active
CUST02249,Katherine,Wade,howardchristine@example.net,5167756538,Kolkata,Maharashtra,India,2023-11-10,Gold,Active
CUST02250,Susan,Wallace,hallashlee@example.net,750.339.2533x251,Patna,Karnataka,India,2022-01-31,Silver,Active
CUST02251,Cody,Johnson,debbiebrennan@example.com,(704)204-9027x1762,Mumbai,Delhi,India,2022-09-08,Platinum,Inactive
CUST02252,Cameron,White,martinangela@example.net,536-926-5439,Patna,Rajasthan,India,2022-06-03,Platinum,Active
CUST02253,Matthew,Lee,yfernandez@example.org,+1-669-592-7379x83855,Jaipur,Telangana,India,2024-02-06,Gold,Inactive
CUST02254,James,Thompson,joyceandrew@example.net,989-712-2922,Chennai,Rajasthan,India,2024-01-10,Platinum,Active
CUST02255,Sandra,Brown,danielwashington@example.org,(972)415-8739x54270,Mumbai,Bihar,India,2022-10-21,Silver,Active
CUST02256,Norma,Miller,warddavid@example.com,297.412.4583x602,Patna,West Bengal,India,2023-09-11,Silver,Active
CUST02257,Sarah,Davis,brian85@example.org,561.483.0008,Bangalore,Rajasthan,India,2023-02-10,Platinum,Inactive
CUST02258,Nicole,Carroll,xowens@example.com,+1-764-834-5861x50763,Jaipur,Telangana,India,2023-08-09,Platinum,Active
CUST02259,Kristen,Lee,andrewtaylor@example.net,+1-510-414-7322x09615,Patna,Telangana,India,2023-03-10,Silver,Inactive
CUST02260,James,White,timothy55@example.org,+1-585-703-3598x827,Pune,Uttar Pradesh,India,2022-05-09,Platinum,Active
CUST02261,Joseph,Gilbert,aaronblack@example.org,606-491-5237,Bangalore,Bihar,India,2022-08-13,Platinum,Active
CUST02262,Megan,Harmon,poncepaul@example.net,918.551.5654x47200,Lucknow,Rajasthan,India,2024-04-16,Gold,Inactive
CUST02263,Deborah,Richards,amy23@example.org,+1-255-265-7817x42872,Bangalore,Bihar,India,2024-04-27,Silver,Inactive
CUST02264,Mary,Mckinney,lyates@example.org,3585741976,Bangalore,Tamil Nadu,India,2023-10-25,Gold,Active
CUST02265,Gary,Wilson,ebony10@example.com,209-746-4901x330,Mumbai,Karnataka,India,2022-04-17,Platinum,Inactive
CUST02266,April,Parker,richardreid@example.com,765.820.1548x250,Pune,Telangana,India,2022-01-29,Silver,Active
CUST02267,Jessica,Gibson,pgiles@example.net,001-249-387-8750x893,Pune,Delhi,India,2022-03-08,Gold,Active
CUST02268,Craig,Norton,michaelsimpson@example.net,001-349-799-9770x173,Pune,Delhi,India,2023-07-19,Silver,Inactive
CUST02269,Selena,Sampson,vincentrichards@example.org,001-461-502-4664x496,Kolkata,Delhi,India,2022-03-29,Platinum,Inactive
CUST02270,Alison,Alexander,courtney38@example.org,001-478-842-5083,Delhi,Karnataka,India,2022-02-16,Silver,Inactive
CUST02271,Jon,Swanson,beth09@example.net,627.846.3772x3651,Chennai,Telangana,India,2022-01-09,Gold,Active
CUST02272,Lisa,Evans,craig81@example.com,+1-542-240-6692x48615,Bangalore,Karnataka,India,2022-11-19,Silver,Active
CUST02273,Deborah,Bernard,danielle79@example.net,+1-361-920-5427x485,Bangalore,West Bengal,India,2022-12-06,Silver,Active
CUST02274,Brittany,Dixon,allenjohn@example.com,648.882.7926x501,Kolkata,Uttar Pradesh,India,2022-01-25,Gold,Active
CUST02275,Alexis,Moss,richard62@example.net,(463)712-7995x8059,Patna,Bihar,India,2022-10-25,Platinum,Inactive
CUST02276,Samantha,Smith,tanya84@example.org,(749)994-9614x859,Mumbai,Tamil Nadu,India,2022-03-22,Silver,Active
CUST02277,Leroy,Jackson,gary49@example.org,+1-511-691-5775x93662,Patna,West Bengal,India,2024-02-27,Platinum,Inactive
CUST02278,Edgar,Brown,morganbrian@example.org,737-857-3649x55761,Patna,Karnataka,India,2023-04-04,Gold,Inactive
CUST02279,Kimberly,Velez,browndawn@example.org,5702104587,Bangalore,Delhi,India,2023-10-01,Platinum,Inactive
CUST02280,Christopher,Lane,jeffreychavez@example.net,250-896-6298,Pune,Maharashtra,India,2022-09-02,Silver,Inactive
CUST02281,Jared,Garcia,zchavez@example.com,001-269-649-0624x700,Delhi,Bihar,India,2022-04-10,Gold,Active
CUST02282,Thomas,Thompson,qvazquez@example.net,001-587-248-5588x9625,Mumbai,Rajasthan,India,2023-05-26,Gold,Active
CUST02283,Andrew,Tanner,wilcoxbryan@example.net,001-312-734-2115,Patna,Maharashtra,India,2022-10-30,Gold,Inactive
CUST02284,Neil,Yates,wcunningham@example.com,926.475.5160,Mumbai,Maharashtra,India,2022-12-28,Silver,Inactive
CUST02285,Mike,Jones,garzakrystal@example.net,722-436-3334,Lucknow,Telangana,India,2022-09-22,Gold,Active
CUST02286,Jessica,Mayer,khutchinson@example.com,344-414-6769x2624,Kolkata,Rajasthan,India,2022-05-07,Silver,Inactive
CUST02287,Thomas,Jones,rachelmcintosh@example.org,+1-374-898-7906x20653,Hyderabad,Uttar Pradesh,India,2024-05-29,Gold,Active
CUST02288,Kristin,Bonilla,vbishop@example.net,4975407417,Chennai,West Bengal,India,2023-03-28,Platinum,Inactive
CUST02289,Christopher,Roman,nataliesmith@example.com,001-726-715-0352x209,Mumbai,Uttar Pradesh,India,2023-01-18,,Inactive
CUST02290,Michael,Mcdonald,roachroger@example.org,(929)519-7244,Delhi,Delhi,India,2022-09-27,Platinum,Active
CUST02291,Garrett,Garner,tyleredwards@example.net,(718)302-3780x605,Jaipur,Delhi,India,2023-12-18,Silver,Active
CUST02292,Melissa,Mcclain,alicia78@example.org,352-283-6375,Bangalore,Bihar,India,2022-10-25,Platinum,Inactive
CUST02293,Neil,Brandt,beth73@example.net,(717)940-5523,Mumbai,Tamil Nadu,India,2024-05-24,Gold,Inactive
CUST02294,Christine,Conway,mrice@example.org,(673)217-3251x577,Mumbai,Karnataka,India,2023-11-17,Gold,Inactive
CUST02295,Sheri,James,andrewbullock@example.org,538-891-9746x4957,Jaipur,Rajasthan,India,2023-10-20,Silver,Active
CUST02296,Stephen,Gilmore,stanley63@example.net,491.340.3741,Mumbai,Uttar Pradesh,India,2022-07-04,Gold,Active
CUST02297,Tanner,Gilmore,alexander43@example.net,+1-817-992-7426x38642,Chennai,Maharashtra,India,2023-02-16,Gold,Inactive
CUST02298,Michael,Dawson,mccoyamber@example.com,913-303-8280x386,Lucknow,Tamil Nadu,India,2023-09-11,Platinum,Inactive
CUST02299,Jason,Hull,jordanandrew@example.com,384-962-0440,Hyderabad,Rajasthan,India,2022-04-28,Silver,Active
CUST02300,Richard,Shepard,qhuber@example.org,(323)515-5263x217,Patna,Tamil Nadu,India,2023-04-27,Gold,Active
CUST02301,Leah,Robbins,dlewis@example.net,+1-678-221-9150x106,Bangalore,Delhi,India,2023-09-08,Gold,Inactive
CUST02302,Stacy,Lawrence,lisamitchell@example.org,(691)987-6570x3734,Pune,Delhi,India,2023-04-30,Silver,Active
CUST02303,Brandon,Rhodes,kayla14@example.com,(878)878-6052x21143,Bangalore,Telangana,India,2024-02-16,Gold,Active
CUST02304,Shelby,Carter,gilberthenry@example.org,604.614.2988,Patna,Maharashtra,India,2022-03-27,Gold,Inactive
CUST02305,Anthony,Knox,carol39@example.net,5364575808,Hyderabad,Rajasthan,India,2022-03-25,Gold,Active
CUST02306,Mary,Grant,veronicamorgan@example.org,+1-539-895-9232x008,Hyderabad,Bihar,India,2023-11-17,Silver,Active
CUST02307,Amanda,Mitchell,rthomas@example.org,8385230507,Chennai,Telangana,India,2023-03-15,Silver,Active
CUST02308,Ronald,Meyer,james06@example.net,305-417-7840,Bangalore,Rajasthan,India,2022-12-24,Gold,Active
CUST02309,Derek,Robinson,ashleysmith@example.com,(253)551-7730x867,Bangalore,Karnataka,India,2023-12-15,Platinum,Inactive
CUST02310,Bailey,Taylor,brenda71@example.com,(654)560-7327x313,Delhi,West Bengal,India,2024-04-22,Platinum,Active
CUST02311,Scott,Allen,brewerjessica@example.net,883-352-0736x661,Kolkata,Bihar,India,2022-03-21,Gold,Inactive
CUST02312,Luis,Sawyer,patricia07@example.org,666.403.3241x7116,Patna,Rajasthan,India,2022-01-15,Silver,Inactive
CUST02313,Stephanie,Valencia,briannaphelps@example.com,(795)272-1882,Chennai,Maharashtra,India,2024-06-04,Platinum,Inactive
CUST02314,Donna,Smith,lfowler@example.net,001-778-878-6571x22209,Jaipur,Delhi,India,2022-09-27,Gold,Active
CUST02315,Victoria,Brock,allison12@example.com,001-209-401-2115x952,Lucknow,Maharashtra,India,2023-10-12,Silver,Active
CUST02316,John,Boone,mullinsteresa@example.org,(633)525-5073x75343,Pune,Uttar Pradesh,India,2024-02-03,Platinum,Active
CUST02317,Danielle,Ross,obrienmichaela@example.org,688.756.4728,Bangalore,Tamil Nadu,India,2023-09-08,Gold,Active
CUST02318,Amanda,Mendoza,valeriewilson@example.com,885.852.2309,Kolkata,Delhi,India,2022-07-15,Gold,Inactive
CUST02319,Melody,Olson,hjones@example.org,4726759348,Hyderabad,Telangana,India,2022-01-17,,Active
CUST02320,Christine,Hoffman,craigmargaret@example.org,+1-819-595-8480,Lucknow,Rajasthan,India,2023-12-18,Gold,Inactive
CUST02321,William,Burke,mgutierrez@example.com,969.428.7880,Chennai,West Bengal,India,2022-12-27,Gold,Inactive
CUST02322,Kim,Hull,angelabowman@example.org,3065129192,Patna,Rajasthan,India,2022-04-27,Gold,Inactive
CUST02323,Lisa,Huang,howardbrandon@example.org,850.458.8571x0224,Jaipur,Bihar,India,2022-07-01,Platinum,Inactive
CUST02324,Gerald,Patel,ymaynard@example.org,+1-359-944-6250,Hyderabad,Uttar Pradesh,India,2023-01-26,Platinum,Inactive
CUST02325,William,Downs,mitchellheather@example.org,001-985-309-4086x03357,Kolkata,Maharashtra,India,2023-12-20,Silver,Active
CUST02326,Amber,Berger,ibishop@example.net,760-451-8703x78638,Delhi,Uttar Pradesh,India,2022-04-02,Silver,Inactive
CUST02327,Kimberly,Guerrero,edwardsdavid@example.net,779-536-0266,Kolkata,West Bengal,India,2024-02-07,Silver,Inactive
CUST02328,Shaun,Williams,tandrews@example.org,001-401-607-5798x1633,Kolkata,Delhi,India,2023-05-31,Platinum,Inactive
CUST02329,Jerry,Turner,isaaccherry@example.org,001-326-634-0642x538,Bangalore,Tamil Nadu,India,2024-05-22,Silver,Inactive
CUST02330,Anthony,Nelson,westleslie@example.org,4848465266,Bangalore,Maharashtra,India,2023-07-19,Silver,Inactive
CUST02331,Tiffany,Vang,morrischeryl@example.com,247-380-7142,Chennai,Rajasthan,India,2022-05-08,Gold,Inactive
CUST02332,Patricia,Alexander,kpowell@example.net,653.827.8237,Chennai,Tamil Nadu,India,2022-01-08,Platinum,Inactive
CUST02333,Catherine,Esparza,hallelizabeth@example.com,386.601.7122,Hyderabad,Telangana,India,2022-10-02,Gold,Active
CUST02334,Grant,Douglas,fergusonchristopher@example.net,001-533-290-8261x10562,Bangalore,Delhi,India,2022-01-05,Silver,Active
CUST02335,Derek,Brown,whitedavid@example.org,583-783-7894,Chennai,West Bengal,India,2022-06-07,Platinum,Inactive
CUST02336,Todd,Chung,bradleylynch@example.org,588.370.2605x54631,Patna,Uttar Pradesh,India,2022-12-10,Silver,Inactive
CUST02337,Sherry,Brown,hollyking@example.org,+1-953-871-0407x582,Kolkata,Uttar Pradesh,India,2022-07-17,Silver,Inactive
CUST02338,Alec,Rose,adamsnicholas@example.org,+1-948-200-7588x70758,Bangalore,Bihar,India,2022-05-12,Gold,Inactive
CUST02339,Carol,Robinson,nicholas00@example.com,(763)474-6121x12975,Patna,Uttar Pradesh,India,2023-06-14,Silver,Active
CUST02340,James,Watson,riverakelsey@example.org,(486)823-2154x40396,Patna,West Bengal,India,2023-12-29,Silver,Inactive
CUST02341,Mark,Knight,smithjordan@example.org,484.385.2798x56648,Hyderabad,West Bengal,India,2024-05-13,Silver,Inactive
CUST02342,James,Marquez,griffinbrittany@example.org,679-582-2814,Mumbai,Maharashtra,India,2022-07-28,Silver,Inactive
CUST02343,Luis,Higgins,jason77@example.net,001-798-456-0305,Kolkata,Bihar,India,2022-01-12,Silver,Active
CUST02344,Tammy,Davis,alicia51@example.com,529-460-9128x8219,Bangalore,Delhi,India,2023-08-09,Platinum,Active
CUST02345,Kendra,Dixon,david26@example.com,437-704-3599x58231,Chennai,Bihar,India,2023-04-10,Silver,Active
CUST02346,Elizabeth,Shields,anthony00@example.net,(314)679-9102x823,Pune,West Bengal,India,2022-11-01,Silver,Inactive
CUST02347,Ashley,Yates,cwilkins@example.com,926-300-2454x15062,Hyderabad,Delhi,India,2024-02-28,Gold,Active
CUST02348,Benjamin,Calderon,ypeters@example.net,+1-284-294-4009x3378,Delhi,Maharashtra,India,2022-05-28,Silver,Inactive
CUST02349,Bobby,Hill,ngonzalez@example.org,+1-439-391-2584x41191,Mumbai,Maharashtra,India,2023-09-03,Silver,Inactive
CUST02350,Tracy,Chavez,masonrobert@example.org,001-960-885-9932x5582,Patna,Maharashtra,India,2022-09-26,Silver,Inactive
CUST02351,Jim,Lester,martinezlisa@example.net,420-745-9763x1471,Chennai,Tamil Nadu,India,2024-05-14,Gold,Active
CUST02352,Brian,Jordan,cgardner@example.org,+1-446-855-7109x2904,Delhi,Uttar Pradesh,India,2023-05-18,Silver,Inactive
CUST02353,Jennifer,Reynolds,jennifer31@example.com,001-425-990-0875x7085,Mumbai,Tamil Nadu,India,2023-10-03,Platinum,Inactive
CUST02354,Tina,Perez,christinanichols@example.com,001-852-999-6611,Chennai,Rajasthan,India,2023-01-20,Silver,Active
CUST02355,Joshua,Molina,denniscampbell@example.org,254.283.7751,Delhi,Bihar,India,2022-11-02,Platinum,Active
CUST02356,Kimberly,Dyer,ruthmcguire@example.org,6038981599,Chennai,Karnataka,India,2022-05-01,Gold,Active
CUST02357,Chelsea,Byrd,bartlettmatthew@example.org,001-692-913-6239x786,Jaipur,Telangana,India,2022-06-12,Silver,Active
CUST02358,Bradley,Foster,davispatrick@example.com,282.908.8951x70097,Delhi,West Bengal,India,2023-09-13,Silver,Active
CUST02359,Justin,Payne,bbarnett@example.com,+1-789-587-9556x487,Chennai,Maharashtra,India,2022-08-10,Silver,Active
CUST02360,Joshua,Thomas,cmays@example.com,915.317.7662x2130,Patna,Tamil Nadu,India,2022-12-02,Silver,Active
CUST02361,Laura,Tate,michaelholden@example.com,+1-911-831-7347x451,Hyderabad,Rajasthan,India,2022-10-02,Silver,Active
CUST02362,Jeremy,Cortez,cross@example.org,836-211-3851x40926,Jaipur,Telangana,India,2022-12-23,Gold,Inactive
CUST02363,Sara,Walker,nconrad@example.net,+1-558-585-0546x679,Jaipur,Uttar Pradesh,India,2023-03-23,Silver,Inactive
CUST02364,Antonio,Donaldson,lbrady@example.com,001-763-674-0827x65564,Pune,Telangana,India,2022-06-27,Gold,Active
CUST02365,Tammy,Davis,randallcrystal@example.net,(867)865-7042x828,Kolkata,Telangana,India,2023-08-21,Silver,Active
CUST02366,Lisa,Henderson,tcooke@example.org,+1-892-653-3508x358,Lucknow,Uttar Pradesh,India,2024-01-10,Gold,Inactive
CUST02367,Christopher,Lee,josephlauren@example.org,+1-447-891-5850x8671,Hyderabad,Karnataka,India,2023-09-03,,Active
CUST02368,Rachel,Phillips,diazraymond@example.com,755-369-9132x170,Bangalore,Uttar Pradesh,India,2023-09-14,Silver,Inactive
CUST02369,Natasha,Snyder,manningtina@example.org,(641)536-0521x46108,Mumbai,Rajasthan,India,2023-01-18,Silver,Active
CUST02370,Linda,Spencer,rogerschristine@example.com,(985)582-5299x80209,Hyderabad,Uttar Pradesh,India,2023-06-08,Gold,Inactive
CUST02371,Diana,Brown,rlopez@example.com,959-467-9241,Delhi,Maharashtra,India,2023-02-12,Silver,Inactive
CUST02372,Pamela,Watson,xfoster@example.com,+1-839-368-1385x94809,Patna,Karnataka,India,2023-03-16,Silver,Active
CUST02373,Matthew,Dyer,kayla18@example.com,(275)390-8524,Chennai,Karnataka,India,2022-08-09,Silver,Inactive
CUST02374,Amanda,Spencer,stanley34@example.com,718.848.3095,Delhi,Karnataka,India,2022-05-06,Platinum,Active
CUST02375,Justin,Willis,crystalwest@example.org,456-295-3240x699,Chennai,Tamil Nadu,India,2024-01-05,Gold,Inactive
CUST02376,Amber,Sexton,benjaminoconnor@example.com,7948499941,Jaipur,Maharashtra,India,2022-08-27,Gold,Inactive
CUST02377,Kurt,Wilson,millerjared@example.com,8542607735,Pune,West Bengal,India,2023-09-09,Silver,Active
CUST02378,Tony,Watkins,fwyatt@example.com,7322122500,Hyderabad,Maharashtra,India,2023-07-29,Platinum,Inactive
CUST02379,Shelly,Mason,gordonconnor@example.com,+1-754-418-4464,Bangalore,Karnataka,India,2023-11-30,Gold,Active
CUST02380,Sean,Morrison,lisajames@example.net,503.800.1444x74690,Delhi,Rajasthan,India,2022-07-21,Gold,Active
CUST02381,Steven,Moore,davidsondawn@example.org,(770)280-3887,Bangalore,Maharashtra,India,2022-10-09,Silver,Inactive
CUST02382,Kyle,Lam,pcarter@example.org,908.329.9746,Kolkata,Karnataka,India,2022-06-25,Platinum,Inactive
CUST02383,Richard,Stephenson,vrodriguez@example.org,001-817-369-5909,Kolkata,Delhi,India,2022-08-31,Gold,Active
CUST02384,Steven,Miller,brianholland@example.com,884-853-2383,Kolkata,Delhi,India,2023-10-22,Gold,Inactive
CUST02385,Timothy,Shaw,wangjennifer@example.org,001-599-888-3608x323,Bangalore,Delhi,India,2022-05-15,Platinum,Active
CUST02386,Karen,Garcia,cpetersen@example.net,833-422-3584,Delhi,Maharashtra,India,2022-12-12,Gold,Active
CUST02387,Tina,Caldwell,laurakelly@example.com,+1-304-789-0387x4911,Bangalore,Telangana,India,2024-04-29,Gold,Inactive
CUST02388,Scott,Gray,nashjohn@example.org,+1-639-305-0919x667,Chennai,Uttar Pradesh,India,2024-02-11,Silver,Inactive
CUST02389,Jonathan,Miller,ronald26@example.net,(657)243-5904x001,Kolkata,Delhi,India,2023-05-21,Gold,Inactive
CUST02390,Douglas,Mendez,andradebrooke@example.org,247-951-0440x70584,Lucknow,Rajasthan,India,2023-12-15,Platinum,Active
CUST02391,Seth,Murray,brianbarrera@example.org,001-204-759-6352,Chennai,Maharashtra,India,2024-05-13,Silver,Active
CUST02392,Michael,Chase,heathermeyer@example.net,673.328.8565x32627,Delhi,Bihar,India,2022-02-18,Silver,Inactive
CUST02393,Jessica,Dillon,michelle79@example.com,001-556-675-2670x75094,Bangalore,Tamil Nadu,India,2024-06-01,Silver,Active
CUST02394,Jade,Cohen,dakotadouglas@example.com,(985)213-8087x539,Chennai,West Bengal,India,2022-07-15,Silver,Active
CUST02395,Andrew,Jackson,smithjoy@example.org,+1-672-337-2816,Delhi,Maharashtra,India,2022-09-23,Silver,Inactive
CUST02396,Leah,Price,adamsjohnny@example.com,+1-879-415-0370x56067,Hyderabad,Karnataka,India,2022-03-18,Platinum,Inactive
CUST02397,Francis,Byrd,emily34@example.net,252-991-0084x831,Patna,Bihar,India,2022-10-04,Platinum,Inactive
CUST02398,Jesse,Leach,bill75@example.com,9453398223,Patna,Karnataka,India,2022-05-03,Silver,Inactive
CUST02399,Danielle,Williams,thomasmartinez@example.org,(238)672-9724,Lucknow,Maharashtra,India,2023-10-15,Platinum,Active
CUST02400,Jessica,Pearson,brent69@example.com,8923513970,Lucknow,Rajasthan,India,2023-08-15,Gold,Inactive
CUST02401,Alex,Berg,santosbeth@example.com,+1-381-731-8115x0505,Lucknow,Tamil Nadu,India,2024-03-02,Silver,Inactive
CUST02402,Richard,Olson,victor50@example.org,430-584-1782,Hyderabad,Maharashtra,India,2024-02-24,Gold,Active
CUST02403,Mason,Simmons,megan41@example.net,(273)553-0009x5966,Pune,Maharashtra,India,2023-11-07,Silver,Inactive
CUST02404,Gabriela,Smith,michaeljones@example.net,913-403-4890,Pune,Delhi,India,2022-03-03,Platinum,Active
CUST02405,Erika,Bass,alyssajones@example.com,773-562-5621,Bangalore,Tamil Nadu,India,2023-04-25,Gold,Active
CUST02406,Christopher,Nunez,christophermurillo@example.net,001-485-607-2676x0022,Pune,West Bengal,India,2022-12-15,Platinum,Inactive
CUST02407,Cory,Ryan,ashleymosley@example.net,001-351-657-7745x5145,Hyderabad,Rajasthan,India,2024-02-18,Platinum,Active
CUST02408,Gregory,Bender,dalerobinson@example.org,(250)593-6990,Jaipur,Maharashtra,India,2024-05-18,Silver,Active
CUST02409,Chelsea,Jackson,julieyang@example.com,(452)415-8512x41933,Bangalore,Rajasthan,India,2023-01-08,Platinum,Active
CUST02410,Elizabeth,Arnold,sarahgreene@example.org,001-405-286-8678x95828,Bangalore,Tamil Nadu,India,2024-03-09,Silver,Inactive
CUST02411,Emily,Pearson,ogordon@example.org,001-925-201-9442x090,Patna,Telangana,India,2023-03-10,Platinum,Active
CUST02412,Matthew,Byrd,alanlogan@example.org,492.952.3654x1722,Lucknow,Maharashtra,India,2022-05-31,Platinum,Active
CUST02413,Jacob,Johns,reginawoodward@example.net,2984688838,Delhi,Rajasthan,India,2022-09-04,Silver,Inactive
CUST02414,Jonathan,Potts,nferguson@example.org,,Lucknow,West Bengal,India,2022-01-30,Gold,Inactive
CUST02415,Grant,Medina,christinelee@example.org,(622)319-0501,Mumbai,West Bengal,India,2022-09-29,Silver,Inactive
CUST02416,Jasmine,Adams,brentbrooks@example.com,4424313145,Pune,Bihar,India,2023-03-18,Gold,Inactive
CUST02417,Jacob,Black,sandovalhenry@example.net,(356)269-5792x2436,Chennai,Delhi,India,2023-06-05,Gold,Inactive
CUST02418,Michael,Daniels,jeffrey74@example.com,288.332.5945,Mumbai,Delhi,India,2023-01-14,Platinum,Inactive
CUST02419,Sherry,Martin,solomontina@example.com,001-635-974-5746,Bangalore,Tamil Nadu,India,2024-01-20,Gold,Active
CUST02420,Christopher,Roach,susanbrock@example.com,+1-840-490-3108,Patna,Telangana,India,2023-02-17,Platinum,Inactive
CUST02421,James,Brown,carlpeters@example.com,+1-890-586-5005,Bangalore,Maharashtra,India,2023-06-16,Platinum,Active
CUST02422,Eric,Cuevas,esmith@example.net,(307)206-3707x6977,Pune,Maharashtra,India,2023-10-24,Silver,Active
CUST02423,Sarah,Harris,johnsonrebecca@example.com,(747)535-5430x99157,Delhi,Telangana,India,2022-02-24,Silver,Active
CUST02424,Savannah,Huffman,kmiller@example.com,(415)671-3750x396,Mumbai,Telangana,India,2023-06-29,Silver,Inactive
CUST02425,Rachel,Goodwin,uguerrero@example.org,+1-204-247-9117x40667,Bangalore,Maharashtra,India,2023-02-06,Silver,Inactive
CUST02426,Donna,Shelton,erin81@example.com,001-653-751-6423x45545,Pune,Bihar,India,2023-05-23,Silver,Inactive
CUST02427,Elizabeth,Sutton,williamsjames@example.net,(560)977-3022,Hyderabad,Telangana,India,2023-10-15,Platinum,Active
CUST02428,Michael,Gallagher,dixonmatthew@example.com,362-710-1370x1086,Patna,West Bengal,India,2022-04-07,Platinum,Inactive
CUST02429,Catherine,Giles,christianparks@example.net,+1-561-230-9612,Hyderabad,Tamil Nadu,India,2024-01-27,Silver,Inactive
CUST02430,Marcus,Miller,dwagner@example.com,(901)891-8990x5577,Mumbai,Bihar,India,2023-11-29,Silver,Inactive
CUST02431,Brooke,Ochoa,garciatamara@example.net,966.688.8363,Patna,Delhi,India,2023-04-12,Platinum,Inactive
CUST02432,Melissa,Robinson,kennethmoss@example.com,750.240.1126,Chennai,Delhi,India,2023-03-15,Silver,Inactive
CUST02433,Andrew,Thomas,patricia54@example.net,+1-667-763-4026,Patna,Delhi,India,2022-03-20,Platinum,Inactive
CUST02434,Sarah,Bowers,oconnellnatasha@example.org,+1-848-970-5209,Kolkata,Delhi,India,2023-05-01,Gold,Active
CUST02435,Andrew,Bryant,dpittman@example.org,949.910.7755,Mumbai,Delhi,India,2023-04-29,Silver,Inactive
CUST02436,Jason,Baker,debra23@example.org,781-306-1392x4128,Pune,West Bengal,India,2024-05-05,Platinum,Active
CUST02437,David,Rocha,erika86@example.net,483-910-8180x91356,Patna,Maharashtra,India,2024-02-13,Silver,Inactive
CUST02438,Michael,Ford,tonya24@example.com,489.641.0747,Chennai,Rajasthan,India,2024-04-03,Gold,Inactive
CUST02439,Jason,Holder,hallleah@example.com,334.564.3739,Hyderabad,Rajasthan,India,2023-07-13,Gold,Inactive
CUST02440,Breanna,Montoya,jenniferwhite@example.net,333-247-0947x1875,Delhi,Karnataka,India,2023-04-15,Gold,Inactive
CUST02441,Carrie,Morris,dmcguire@example.com,001-836-403-4385,Kolkata,Rajasthan,India,2023-06-15,Silver,Inactive
CUST02442,Rebecca,Burton,james76@example.net,+1-580-636-5686x9191,Jaipur,Delhi,India,2023-12-04,Silver,Inactive
CUST02443,Karen,Cohen,loringuyen@example.com,540.723.7192x425,Pune,Bihar,India,2024-05-26,Gold,Inactive
CUST02444,William,Edwards,laurachen@example.net,277-224-8488,Pune,Uttar Pradesh,India,2022-02-01,Gold,Active
CUST02445,Gregory,Dean,fwilliams@example.net,886-544-0831x69667,Mumbai,Tamil Nadu,India,2024-02-02,Gold,Active
CUST02446,Adam,Robinson,elizabeth19@example.com,001-385-399-9621,Jaipur,Rajasthan,India,2022-10-08,Platinum,Active
CUST02447,Zachary,Gonzales,ianwalters@example.com,001-956-706-2557x5515,Chennai,Karnataka,India,2022-09-29,Gold,Inactive
CUST02448,Stacy,Harrison,gordonrenee@example.com,331-488-1065,Hyderabad,Tamil Nadu,India,2022-10-10,Silver,Inactive
CUST02449,Deanna,Kennedy,pmiller@example.com,798-955-4810,Kolkata,Maharashtra,India,2024-05-04,Gold,Inactive
CUST02450,Cynthia,Wright,phamcristian@example.org,358-235-8571x4788,Chennai,Telangana,India,2023-08-04,Silver,Active
CUST02451,Thomas,Martinez,heather93@example.com,562-503-9841,Patna,Rajasthan,India,2023-05-26,Platinum,Active
CUST02452,Kenneth,Gonzalez,adamanderson@example.com,001-766-669-4309,Hyderabad,West Bengal,India,2023-06-20,Platinum,Active
CUST02453,Phillip,Lewis,tbest@example.net,293.603.8273x4888,Lucknow,Telangana,India,2022-11-07,Silver,Inactive
CUST02454,Jasmine,Walker,amychurch@example.com,880.711.1124x1587,Lucknow,Delhi,India,2022-01-16,Silver,Inactive
CUST02455,Melissa,Smith,nicole43@example.com,+1-320-524-0521x0553,Kolkata,Maharashtra,India,2024-04-25,Silver,Inactive
CUST02456,Andrew,Jones,spencerduran@example.com,867.670.2372x593,Delhi,Uttar Pradesh,India,2022-11-10,Gold,Active
CUST02457,Crystal,Clark,stacey40@example.com,001-901-339-1121x534,Hyderabad,Bihar,India,2022-02-21,Gold,Inactive
CUST02458,Elizabeth,Dixon,pheath@example.org,606-593-7669,Jaipur,West Bengal,India,2024-03-15,Silver,Active
CUST02459,Samantha,Avila,ijohnston@example.org,001-868-562-0051,Hyderabad,Bihar,India,2024-01-01,Platinum,Active
CUST02460,Stephanie,Doyle,joanna73@example.org,+1-429-681-9682,Kolkata,Maharashtra,India,2023-03-19,Gold,Active
CUST02461,Tammy,Long,kennedysally@example.net,271.320.9547,Lucknow,Karnataka,India,2022-02-02,Silver,Inactive
CUST02462,Daniel,Smith,hernandezsherry@example.org,615-405-6949x909,Bangalore,Maharashtra,India,2023-03-09,Gold,Inactive
CUST02463,Aaron,Miller,tanyaford@example.net,(565)369-6579,Hyderabad,Bihar,India,2023-09-04,Platinum,Inactive
CUST02464,Gary,Ware,jenniferdunn@example.com,001-270-324-0047x0042,Chennai,Bihar,India,2023-11-27,Platinum,Active
CUST02465,Melissa,Kelly,monique00@example.org,,Patna,Uttar Pradesh,India,2022-09-14,Platinum,Active
CUST02466,Lisa,Henry,vbrooks@example.org,(486)577-9614x0210,Hyderabad,Maharashtra,India,2022-11-05,Gold,Inactive
CUST02467,Shaun,Sullivan,davidoneal@example.org,001-953-369-2252x8905,Patna,Uttar Pradesh,India,2023-07-13,Gold,Active
CUST02468,Shannon,Taylor,nelsonscott@example.org,259.873.9643,Jaipur,Rajasthan,India,2022-05-22,Platinum,Inactive
CUST02469,Mary,Jackson,williamcaldwell@example.net,,Chennai,Rajasthan,India,2023-05-31,Gold,Inactive
CUST02470,Jonathan,Fox,zkemp@example.org,001-834-776-7621x6601,Bangalore,Uttar Pradesh,India,2023-04-23,Gold,Active
CUST02471,Michelle,Nelson,yjackson@example.org,413.878.0901x9608,Delhi,Uttar Pradesh,India,2023-07-27,Silver,Active
CUST02472,Kaitlin,Forbes,ohawkins@example.org,689.794.5725,Hyderabad,Tamil Nadu,India,2023-09-22,Platinum,Inactive
CUST02473,Mary,Hill,meltontracy@example.com,(676)756-4943,Kolkata,West Bengal,India,2022-05-11,Platinum,Inactive
CUST02474,Henry,Newman,jameswall@example.org,+1-368-868-0486x90949,Bangalore,Bihar,India,2022-02-24,Gold,Active
CUST02475,Kenneth,Wagner,matthewpowell@example.com,+1-254-877-4155x6496,Jaipur,Rajasthan,India,2023-04-19,Silver,Active
CUST02476,Elizabeth,Adams,burkekelly@example.net,829.597.2280x4220,Hyderabad,Maharashtra,India,2022-02-26,Gold,Active
CUST02477,Autumn,Stephenson,josephwilson@example.org,001-646-557-2664,Hyderabad,Rajasthan,India,2024-04-21,Platinum,Inactive
CUST02478,Reginald,Silva,yhernandez@example.net,001-240-510-3792x334,Delhi,Maharashtra,India,2024-06-04,Platinum,Active
CUST02479,George,Moreno,nancy31@example.net,570.336.9347,Pune,West Bengal,India,2023-12-20,Silver,Inactive
CUST02480,Curtis,Davis,james03@example.com,960.286.8178,Pune,Bihar,India,2022-05-20,Gold,Inactive
CUST02481,Jeffrey,Smith,schneiderjustin@example.com,(598)711-3215x78602,Delhi,Rajasthan,India,2024-01-07,Platinum,Active
CUST02482,Thomas,Hendricks,flemingapril@example.org,490-868-2191x8195,Mumbai,Delhi,India,2022-04-28,Silver,Active
CUST02483,Christopher,Parks,wolfkatelyn@example.com,750.823.3332,Mumbai,Tamil Nadu,India,2023-06-17,Silver,Active
CUST02484,Karen,Beltran,zacharymoody@example.org,350.375.9240x309,Delhi,West Bengal,India,2023-05-01,Gold,Inactive
CUST02485,Mary,Clark,dana63@example.org,464.895.2446,Mumbai,Telangana,India,2022-02-26,Gold,Inactive
CUST02486,Jill,Padilla,christopher53@example.org,981-848-0799,Pune,West Bengal,India,2022-07-08,Gold,Inactive
CUST02487,Michael,Lucas,amberbruce@example.net,001-507-740-6373x8093,Kolkata,Maharashtra,India,2024-05-29,Gold,Active
CUST02488,Cassandra,Walker,christopher64@example.net,5299536284,Delhi,Bihar,India,2023-10-14,Silver,Active
CUST02489,Harold,Johnson,burkebeverly@example.net,+1-757-865-4834,Jaipur,West Bengal,India,2022-06-24,Silver,Inactive
CUST02490,Guy,Thompson,woodsstephanie@example.org,8976661887,Hyderabad,Telangana,India,2023-05-07,Platinum,Active
CUST02491,Marc,Gomez,kristybyrd@example.net,852-633-9949x4469,Lucknow,Karnataka,India,2023-08-26,Platinum,Inactive
CUST02492,Arthur,Reed,loripatton@example.org,+1-705-389-0468x6333,Bangalore,Maharashtra,India,2023-02-05,Gold,Inactive
CUST02493,Michael,Brooks,ruizchristopher@example.org,+1-919-231-6441x286,Bangalore,Bihar,India,2024-04-13,Silver,Inactive
CUST02494,Rachel,Sims,benjamin29@example.org,(746)260-8902x699,Mumbai,Uttar Pradesh,India,2023-04-14,Silver,Inactive
CUST02495,Christopher,Bond,nicolemills@example.net,766.937.0028,Kolkata,Rajasthan,India,2022-02-04,Silver,Inactive
CUST02496,Brianna,Hill,robertsalbert@example.org,810.329.1415,Lucknow,Rajasthan,India,2022-05-23,Gold,Active
CUST02497,Jesus,Wright,humphreyjames@example.org,931-286-9639,Chennai,West Bengal,India,2022-06-12,Platinum,Active
CUST02498,John,Thomas,aboone@example.net,(233)229-2168,Jaipur,Uttar Pradesh,India,2022-12-24,Platinum,Active
CUST02499,Brian,Martin,floresrodney@example.com,(848)621-0556x264,Patna,Karnataka,India,2022-06-28,Platinum,Inactive
CUST02500,April,Anthony,jon73@example.org,8442774557,Patna,Telangana,India,2023-04-16,Platinum,Inactive
CUST02501,Steven,Woods,boltonvictor@example.com,482.889.0734,Mumbai,Rajasthan,India,2023-02-08,Gold,Inactive
CUST02502,Emily,Myers,tonya43@example.org,299.973.5915x35382,Patna,West Bengal,India,2023-09-13,Platinum,Inactive
CUST02503,Gary,Mccullough,rebeccajohnson@example.org,(771)278-8413x901,Chennai,Karnataka,India,2022-05-13,Platinum,Inactive
CUST02504,Anthony,Jones,jamesthompson@example.com,001-603-825-8360x85616,Delhi,Delhi,India,2022-03-11,Platinum,Active
CUST02505,Jennifer,Lee,smithbonnie@example.org,(409)546-9665,Mumbai,Maharashtra,India,2022-08-26,Gold,Inactive
CUST02506,Vanessa,Rice,gking@example.org,001-360-396-1665x495,Pune,Tamil Nadu,India,2022-11-28,Silver,Active
CUST02507,Lori,Stanley,thomasnichols@example.org,882-365-6775x80371,Bangalore,Uttar Pradesh,India,2024-01-16,Silver,Active
CUST02508,Christine,Schmidt,lauren88@example.com,+1-482-387-8557x7900,Hyderabad,Maharashtra,India,2023-09-19,Silver,Active
CUST02509,Stephanie,Duran,spencejames@example.com,712-710-3340,Chennai,Delhi,India,2023-03-29,Silver,Inactive
CUST02510,Maria,Miller,michelle23@example.com,001-388-701-7727x3810,Lucknow,Uttar Pradesh,India,2022-04-21,Silver,Active
CUST02511,Kevin,Jones,brenda39@example.org,001-743-427-3205x1589,Hyderabad,Rajasthan,India,2022-07-20,Gold,Inactive
CUST02512,David,Warren,campbellchelsea@example.net,250-290-9054x0505,Pune,Bihar,India,2022-08-19,Gold,Active
CUST02513,Amy,Joyce,njohnson@example.org,895.203.2263x82628,Kolkata,Delhi,India,2022-03-30,Platinum,Active
CUST02514,Toni,Long,jonesgreg@example.org,+1-644-300-3773,Delhi,Bihar,India,2022-07-28,Silver,Inactive
CUST02515,David,Smith,barbara81@example.org,7466169570,Bangalore,West Bengal,India,2024-03-03,Silver,Inactive
CUST02516,Tyler,Flores,jacksonlaura@example.org,,Jaipur,Rajasthan,India,2022-07-09,Silver,Active
CUST02517,John,Blair,sarakeller@example.org,001-269-465-4567,Lucknow,West Bengal,India,2023-08-08,Gold,Inactive
CUST02518,Nathaniel,Giles,isabelsmith@example.org,510-962-2769x1732,Jaipur,Bihar,India,2023-09-26,Silver,Inactive
CUST02519,Elizabeth,Wright,joshuakelley@example.net,+1-894-947-2081x0314,Bangalore,Maharashtra,India,2023-03-14,Platinum,Active
CUST02520,Thomas,Rodriguez,kathleen10@example.org,8067103793,Jaipur,Telangana,India,2022-05-11,Silver,Active
CUST02521,Andrew,Smith,andreagonzalez@example.org,2225860962,Pune,Delhi,India,2023-05-26,Platinum,Inactive
CUST02522,Heidi,Hernandez,bakerjamie@example.com,+1-721-709-2489x84882,Pune,Telangana,India,2022-01-24,Gold,Inactive
CUST02523,Juan,Carlson,daniel44@example.org,252.443.7206x8323,Chennai,Maharashtra,India,2023-12-22,Silver,Inactive
CUST02524,Meghan,Ruiz,careynicholas@example.org,424.225.3857x124,Jaipur,Tamil Nadu,India,2022-03-18,Platinum,Inactive
CUST02525,Erin,Sullivan,kimgray@example.com,7735337396,Kolkata,Delhi,India,2023-02-13,Platinum,Active
CUST02526,Allison,Jones,torresryan@example.org,+1-935-467-4849x61219,Lucknow,Telangana,India,2023-08-20,Platinum,Active
CUST02527,Heather,Henderson,stevenwiggins@example.org,+1-332-269-4050x06565,Chennai,Uttar Pradesh,India,2022-02-03,Gold,Active
CUST02528,Lisa,Mcclure,courtney04@example.com,295-579-2893,Delhi,Bihar,India,2022-12-09,Silver,Inactive
CUST02529,Matthew,Warren,bradleyking@example.org,507-710-1941,Delhi,Tamil Nadu,India,2024-02-15,Gold,Active
CUST02530,Dustin,Henderson,jeffreysingh@example.org,(296)675-1366,Kolkata,Delhi,India,2024-04-04,Gold,Active
CUST02531,Eric,Montgomery,thomashaas@example.com,+1-374-437-4189,Kolkata,Maharashtra,India,2023-03-03,,Inactive
CUST02532,Michael,Greene,qwilliams@example.net,210-646-4102x306,Hyderabad,Delhi,India,2022-05-13,Silver,Active
CUST02533,Robin,Williams,jwilson@example.org,(946)574-6197x058,Jaipur,Tamil Nadu,India,2023-05-24,Platinum,Inactive
CUST02534,Michael,Foster,davidfrank@example.org,756.686.5724x257,Lucknow,Telangana,India,2023-03-18,Silver,Active
CUST02535,Pamela,Price,coffeygregory@example.com,+1-801-918-6741,Delhi,Tamil Nadu,India,2022-02-26,Platinum,Inactive
CUST02536,Kathleen,Zimmerman,mvelasquez@example.net,(399)353-3412,Delhi,West Bengal,India,2023-11-30,Gold,Active
CUST02537,Michael,Lucas,wangangel@example.com,5903442669,Bangalore,Bihar,India,2023-02-01,Gold,Inactive
CUST02538,Vernon,Anderson,harmondaniel@example.net,529-574-2327x50302,Patna,Maharashtra,India,2023-07-17,Gold,Active
CUST02539,Patrick,Atkinson,jameszamora@example.com,(276)946-5430x394,Chennai,Karnataka,India,2023-09-23,Silver,Inactive
CUST02540,Daniel,Freeman,heather02@example.net,(933)517-6877x766,Delhi,Tamil Nadu,India,2023-03-24,Silver,Active
CUST02541,Ashley,Marsh,john52@example.net,(632)469-4763,Delhi,Tamil Nadu,India,2023-08-26,Gold,Active
CUST02542,Nancy,Ruiz,nelsonthomas@example.org,718-548-2551x06775,Delhi,Tamil Nadu,India,2024-04-01,Silver,Active
CUST02543,Amanda,Williams,johnsonmark@example.net,7242893960,Patna,Rajasthan,India,2022-02-28,Silver,Inactive
CUST02544,Carla,Kelly,emily77@example.net,(442)912-8956,Chennai,Karnataka,India,2022-02-14,Platinum,Active
CUST02545,Jessica,Brady,justinadams@example.org,+1-208-631-8854x21911,Patna,Uttar Pradesh,India,2022-10-27,Gold,Active
CUST02546,Richard,Jones,meghanjohnson@example.com,345-972-0826,Mumbai,Maharashtra,India,2023-11-04,Gold,Active
CUST02547,Noah,Thompson,martinerin@example.net,281-303-9249x61307,Chennai,Tamil Nadu,India,2023-05-22,Gold,Inactive
CUST02548,Douglas,Williams,kennethrowe@example.net,459.814.7561x203,Jaipur,Telangana,India,2023-01-11,Platinum,Active
CUST02549,Thomas,Lamb,plowery@example.com,717.906.3495x5411,Hyderabad,Karnataka,India,2023-06-24,Platinum,Active
CUST02550,Kevin,Williams,lynchpaula@example.org,001-437-949-4881,Chennai,Uttar Pradesh,India,2022-02-25,Platinum,Inactive
CUST02551,Douglas,Chaney,ryan38@example.com,001-217-578-8203x96892,Mumbai,Tamil Nadu,India,2022-10-14,Silver,Active
CUST02552,Jennifer,Clark,gluna@example.net,409.855.2361x47008,Jaipur,Tamil Nadu,India,2022-11-09,Silver,Inactive
CUST02553,Christina,Brown,stephen84@example.net,+1-382-335-0641x077,Patna,Delhi,India,2024-01-13,Silver,Inactive
CUST02554,Linda,Thompson,ryan88@example.org,5889266600,Lucknow,Maharashtra,India,2023-10-28,Silver,Inactive
CUST02555,Nicole,Lopez,tdavis@example.net,(499)349-9548,Delhi,Telangana,India,2024-05-06,Gold,Inactive
CUST02556,Joseph,Lawrence,kristen45@example.org,001-356-472-4726x018,Mumbai,Delhi,India,2022-11-04,Gold,Inactive
CUST02557,Elaine,Little,donna03@example.com,505.677.1650x368,Delhi,Uttar Pradesh,India,2023-05-23,Gold,Inactive
CUST02558,Donald,Whitehead,martinmichael@example.net,276.350.4495,Pune,Tamil Nadu,India,2022-02-15,Gold,Active
CUST02559,Melinda,Benjamin,campbellemily@example.net,9124200001,Bangalore,West Bengal,India,2023-11-07,Silver,Inactive
CUST02560,Jeanne,Bell,aperez@example.com,+1-920-558-8364x113,Jaipur,Karnataka,India,2022-02-02,Silver,Inactive
CUST02561,Matthew,Santana,wanda35@example.net,8483521925,Hyderabad,Tamil Nadu,India,2024-04-28,Silver,Inactive
CUST02562,James,Adkins,obriendouglas@example.net,+1-677-380-7483,Kolkata,Uttar Pradesh,India,2024-01-14,Gold,Active
CUST02563,Russell,Cook,stephanie98@example.net,(383)864-3265x816,Mumbai,West Bengal,India,2024-04-06,Gold,Inactive
CUST02564,Karen,Harrell,fhernandez@example.org,752.566.3738x36840,Jaipur,Rajasthan,India,2024-05-29,Gold,Inactive
CUST02565,Tracy,Moran,brittany93@example.org,2482327324,Bangalore,Rajasthan,India,2022-06-16,Platinum,Active
CUST02566,Stephanie,Terry,cryan@example.com,734.683.0081x367,Delhi,Telangana,India,2022-05-16,Platinum,Inactive
CUST02567,William,Edwards,danielle72@example.org,968-527-8713,Pune,West Bengal,India,2022-03-29,Gold,Inactive
CUST02568,Ebony,Flores,davisangela@example.org,751.988.3345,Bangalore,Delhi,India,2023-08-08,Platinum,Inactive
CUST02569,Lynn,Reynolds,romeropatricia@example.org,001-212-801-7329x312,Hyderabad,Telangana,India,2023-01-06,Platinum,Active
CUST02570,William,Martin,bobbygreen@example.net,+1-608-413-8260,Hyderabad,Karnataka,India,2022-05-08,Gold,Active
CUST02571,Eugene,Serrano,ayersmallory@example.org,+1-756-552-6955x6595,Lucknow,Delhi,India,2023-03-31,Gold,Active
CUST02572,Rebecca,Payne,mary83@example.org,414-226-9353x24621,Delhi,Karnataka,India,2023-04-23,Gold,Active
CUST02573,Marissa,Williams,andrew62@example.org,+1-306-412-2259x5286,Delhi,Maharashtra,India,2023-02-23,Gold,Inactive
CUST02574,Denise,Gonzalez,cartertiffany@example.org,666.266.8405,Lucknow,Bihar,India,2022-03-07,Gold,Inactive
CUST02575,Frank,Wallace,jacob75@example.com,426.413.7099x65429,Lucknow,Bihar,India,2022-09-23,Silver,Active
CUST02576,Valerie,Alvarez,dcook@example.com,786-943-7582x609,Kolkata,Delhi,India,2022-05-31,Silver,Active
CUST02577,Bobby,Jordan,dhunter@example.net,6606553535,Delhi,Bihar,India,2023-11-02,Platinum,Inactive
CUST02578,Eric,Castro,chloe28@example.org,001-424-924-6925x44092,Chennai,Delhi,India,2023-08-17,Platinum,Active
CUST02579,Samantha,Neal,xfoster@example.net,+1-479-238-5644x71856,Hyderabad,Telangana,India,2022-03-04,Silver,Inactive
CUST02580,Lisa,Brown,bruceduane@example.org,7456833433,Delhi,Tamil Nadu,India,2023-07-08,Gold,Active
CUST02581,Michael,Clark,wrightjeffrey@example.org,949-784-1055,Jaipur,Rajasthan,India,2022-03-21,Silver,Active
CUST02582,Nichole,Watson,william47@example.net,(237)862-0608x28378,Pune,Karnataka,India,2022-08-31,Platinum,Inactive
CUST02583,Jennifer,Price,angelagomez@example.com,001-823-268-5926x81284,Bangalore,Maharashtra,India,2024-04-29,Platinum,Inactive
CUST02584,Danielle,Young,josaunders@example.net,927-678-0201,Hyderabad,Bihar,India,2024-06-15,Silver,Inactive
CUST02585,Sara,Marshall,valentinekelly@example.org,(482)603-9824x6579,Chennai,Karnataka,India,2023-09-14,Gold,Inactive
CUST02586,Nicholas,Barnes,laura39@example.net,709.875.9874,Hyderabad,Delhi,India,2023-04-27,Silver,Inactive
CUST02587,Patrick,Dougherty,kbrady@example.com,,Hyderabad,Bihar,India,2022-02-15,Platinum,Active
CUST02588,Daniel,Farmer,paulmoore@example.org,001-774-465-0435,Kolkata,Tamil Nadu,India,2022-04-19,Gold,Inactive
CUST02589,Elizabeth,Anderson,kimamanda@example.net,001-628-254-3504x939,Bangalore,Delhi,India,2022-08-09,Platinum,Active
CUST02590,Melissa,Roberts,dgarcia@example.org,+1-761-297-8357x67853,Mumbai,Maharashtra,India,2023-01-26,Silver,Inactive
CUST02591,Allison,Humphrey,marthariddle@example.com,+1-628-744-8807x1911,Mumbai,West Bengal,India,2023-07-06,Silver,Inactive
CUST02592,Anthony,Pierce,wdiaz@example.org,957.555.4143x6616,Jaipur,West Bengal,India,2023-11-07,Gold,Inactive
CUST02593,Lisa,Ross,danielpowell@example.com,(871)947-5774,Pune,Telangana,India,2022-10-03,Silver,Inactive
CUST02594,Angela,Smith,ian85@example.net,+1-860-596-3071x634,Chennai,Tamil Nadu,India,2022-09-06,Gold,Inactive
CUST02595,Elaine,Silva,seanmills@example.com,312.492.4604x28985,Mumbai,Tamil Nadu,India,2024-02-06,Gold,Inactive
CUST02596,Brenda,Lara,lisaturner@example.net,001-984-535-5098,Mumbai,Karnataka,India,2023-01-06,Platinum,Active
CUST02597,John,Washington,melanierich@example.org,(341)774-4402x14694,Lucknow,Tamil Nadu,India,2023-01-06,Gold,Inactive
CUST02598,Kent,Newman,kflowers@example.com,519-405-2778,Kolkata,Bihar,India,2022-08-24,Platinum,Active
CUST02599,Jenny,Eaton,samanthasimpson@example.com,+1-937-846-8044x056,Bangalore,Bihar,India,2024-03-06,Platinum,Inactive
CUST02600,Lisa,Velasquez,portermichael@example.org,291-736-3226x0423,Hyderabad,Karnataka,India,2024-03-25,Gold,Active
CUST02601,Paul,Dunn,fdudley@example.net,001-684-354-1827x82640,Bangalore,Uttar Pradesh,India,2022-03-25,Platinum,Active
CUST02602,Christine,Dickerson,martinmary@example.net,001-733-328-6604x325,Lucknow,Tamil Nadu,India,2023-08-13,Silver,Inactive
CUST02603,Lauren,Copeland,tchapman@example.com,893-787-5366x685,Patna,Maharashtra,India,2022-01-16,Gold,Inactive
CUST02604,David,Jackson,lbaker@example.com,386.513.0051,Jaipur,Rajasthan,India,2024-02-23,Platinum,Active
CUST02605,Michael,Bell,thomassamuel@example.net,366.487.3725x635,Delhi,Uttar Pradesh,India,2022-05-10,Silver,Active
CUST02606,Jonathan,Lucas,amandaedwards@example.com,203.533.1299x93311,Patna,West Bengal,India,2022-03-16,Platinum,Inactive
CUST02607,Matthew,Shepherd,adriancampbell@example.com,(212)677-1901x42065,Chennai,Bihar,India,2023-03-09,Gold,Active
CUST02608,Christine,Hubbard,scott60@example.net,(538)872-3483x58110,Hyderabad,Maharashtra,India,2023-12-31,Gold,Inactive
CUST02609,Sara,Lopez,uwalton@example.com,+1-479-472-2063x62778,Kolkata,Maharashtra,India,2023-08-29,Platinum,Active
CUST02610,Kimberly,Young,dawn93@example.org,459.255.7110x386,Chennai,Rajasthan,India,2022-03-17,Gold,Inactive
CUST02611,Emily,Clark,justin97@example.com,709.889.6317,Bangalore,Telangana,India,2024-01-29,Gold,Active
CUST02612,Elizabeth,Duncan,stephensjennifer@example.com,(866)685-7942x662,Patna,West Bengal,India,2024-01-22,Silver,Active
CUST02613,Joshua,Lopez,fkelly@example.org,558-645-4108,Kolkata,Karnataka,India,2022-01-08,Platinum,Inactive
CUST02614,Donald,Frost,philip49@example.com,2012526180,Chennai,Rajasthan,India,2023-01-24,Silver,Inactive
CUST02615,Travis,Marquez,tranerika@example.net,001-261-469-4653x0864,Mumbai,Tamil Nadu,India,2024-03-02,Gold,Inactive
CUST02616,Kristina,Rogers,phillip24@example.com,2557676420,Delhi,West Bengal,India,2022-12-16,Platinum,Inactive
CUST02617,Chelsea,Goodwin,gbrown@example.net,(617)564-1213x2207,Chennai,Uttar Pradesh,India,2022-10-20,Gold,Active
CUST02618,Carly,Whitney,clineandrea@example.com,354.830.7980x8389,Delhi,Tamil Nadu,India,2022-05-27,Gold,Inactive
CUST02619,Brad,Green,andersonjennifer@example.com,570.483.0478x1103,Kolkata,Karnataka,India,2023-08-12,Silver,Inactive
CUST02620,Lisa,Wells,hrivers@example.net,+1-423-398-4280x2917,Patna,Maharashtra,India,2022-10-19,Gold,Inactive
CUST02621,Kimberly,Shannon,andersonmiguel@example.net,001-863-695-1961x34671,Lucknow,Tamil Nadu,India,2023-05-14,Silver,Inactive
CUST02622,Melissa,Ramirez,lbrown@example.net,899-943-8781x892,Kolkata,Maharashtra,India,2022-09-23,Silver,Inactive
CUST02623,Erin,Nguyen,mathew45@example.org,409.922.7285x66382,Mumbai,Tamil Nadu,India,2022-05-25,Platinum,Active
CUST02624,David,Williamson,samanthamathis@example.net,001-900-526-8395x816,Kolkata,Delhi,India,2022-01-29,Platinum,Active
CUST02625,Christina,Taylor,akirby@example.com,(572)754-0030x31665,Lucknow,Delhi,India,2022-01-07,Gold,Active
CUST02626,Craig,Mason,humphreymonica@example.net,226-458-9985,Kolkata,Uttar Pradesh,India,2022-10-16,Platinum,Inactive
CUST02627,Danielle,Brown,carpenterdustin@example.net,001-489-476-7660x262,Patna,Rajasthan,India,2023-06-18,Gold,Active
CUST02628,Cindy,Green,kristaclark@example.net,655.593.4501,Mumbai,Rajasthan,India,2024-01-04,Gold,Inactive
CUST02629,Brandon,Spence,medinaderrick@example.org,001-667-350-5656x8811,Mumbai,Bihar,India,2022-09-27,Gold,Active
CUST02630,Natasha,Cross,vcalderon@example.net,483.890.3849,Mumbai,Tamil Nadu,India,2022-12-29,Platinum,Active
CUST02631,Kenneth,Mooney,kathryn47@example.com,001-308-359-7394x4428,Patna,West Bengal,India,2022-12-01,Gold,Inactive
CUST02632,Brett,Carlson,ashley58@example.org,+1-429-409-9526x1740,Jaipur,Maharashtra,India,2023-04-10,Platinum,Inactive
CUST02633,Corey,Barron,ramosjason@example.net,213.267.9641,Bangalore,Maharashtra,India,2022-02-09,Platinum,Inactive
CUST02634,Carolyn,Tran,mwashington@example.com,+1-836-771-2570,Jaipur,Delhi,India,2022-07-14,Platinum,Active
CUST02635,Bradley,Downs,matthew28@example.net,+1-511-342-8102x512,Patna,Uttar Pradesh,India,2022-09-09,Silver,Active
CUST02636,Joshua,Walker,kimberlyholland@example.com,+1-345-915-2597x8601,Lucknow,Bihar,India,2022-09-29,Gold,Active
CUST02637,Brian,Krause,zphillips@example.org,614.854.8662,Lucknow,Telangana,India,2024-01-22,Silver,Active
CUST02638,Tanner,Brown,lbrown@example.com,(676)843-7495x50122,Mumbai,West Bengal,India,2023-10-13,Platinum,Active
CUST02639,Richard,Mccoy,anoble@example.net,001-533-267-1735x530,Bangalore,Maharashtra,India,2022-01-04,Gold,Active
CUST02640,Joshua,Robinson,moniquedavis@example.net,618-257-4959x922,Patna,Delhi,India,2023-12-29,Gold,Inactive
CUST02641,Austin,Hudson,brian38@example.com,872-454-7686,Bangalore,Tamil Nadu,India,2023-09-21,Platinum,Inactive
CUST02642,Anthony,Huffman,robinhartman@example.org,720-446-7271x5646,Jaipur,Bihar,India,2023-05-11,Gold,Active
CUST02643,Daniel,Buckley,thomas12@example.org,001-835-322-5439x4614,Hyderabad,Rajasthan,India,2024-06-15,Gold,Inactive
CUST02644,Mary,Clark,eric54@example.com,+1-687-956-7462,Chennai,West Bengal,India,2023-09-05,Gold,Inactive
CUST02645,Eugene,Myers,sarahmorris@example.org,862-381-4258x48399,Pune,Maharashtra,India,2022-04-09,Gold,Inactive
CUST02646,Brenda,Alvarez,howeryan@example.net,577.363.8114x4027,Chennai,Tamil Nadu,India,2023-04-03,Platinum,Inactive
CUST02647,Michelle,Andrade,xcruz@example.org,+1-611-936-4604x7172,Patna,Rajasthan,India,2022-04-29,Gold,Active
CUST02648,Elizabeth,Morrison,henry94@example.net,001-549-336-3988x79760,Bangalore,Bihar,India,2022-12-22,Gold,Inactive
CUST02649,Crystal,Rodriguez,mosleymichael@example.org,+1-359-641-2714x099,Bangalore,Tamil Nadu,India,2023-09-08,Silver,Inactive
CUST02650,David,Smith,shannon76@example.org,962-277-0136x5760,Jaipur,Tamil Nadu,India,2022-10-02,Gold,Active
CUST02651,Daniel,Andersen,martineztammy@example.org,+1-685-279-3490x8611,Chennai,Telangana,India,2023-07-30,Platinum,Inactive
CUST02652,Jennifer,Howell,fcruz@example.net,001-406-252-0595,Bangalore,Rajasthan,India,2023-02-26,Gold,Inactive
CUST02653,Ashley,Graves,sara35@example.org,+1-829-362-7769x51651,Delhi,Telangana,India,2022-09-24,Gold,Active
CUST02654,Timothy,Rivers,cruzmaria@example.org,,Delhi,Telangana,India,2022-12-14,Gold,Inactive
CUST02655,Jill,Sparks,campbellshawn@example.com,(740)414-8885x09653,Kolkata,Bihar,India,2022-08-15,Platinum,Active
CUST02656,Michael,Alvarado,qlong@example.org,951.588.3549x20775,Mumbai,Karnataka,India,2024-03-09,Silver,Active
CUST02657,Timothy,Lee,schroedercolleen@example.net,+1-824-591-8530x94137,Delhi,Uttar Pradesh,India,2024-01-10,Silver,Inactive
CUST02658,Julia,Acosta,ibrown@example.org,(658)421-0742x78097,Jaipur,Maharashtra,India,2022-12-28,Platinum,Active
CUST02659,Laura,Kelly,hwilson@example.org,001-341-290-1892x12193,Pune,Karnataka,India,2023-06-16,Platinum,Active
CUST02660,Rachel,Martin,rroberts@example.org,,Jaipur,Uttar Pradesh,India,2022-06-10,Platinum,Active
CUST02661,Patricia,Morgan,woodamy@example.org,(337)667-9197,Patna,Karnataka,India,2022-10-25,Gold,Inactive
CUST02662,Carlos,Jackson,osbornroberto@example.org,+1-431-974-5872x581,Jaipur,Tamil Nadu,India,2022-08-09,Silver,Active
CUST02663,Mary,Huber,mooremichael@example.com,2773286824,Delhi,West Bengal,India,2024-05-15,Silver,Inactive
CUST02664,Amy,Roy,lclark@example.org,+1-342-788-2455,Lucknow,Delhi,India,2024-03-21,Silver,Inactive
CUST02665,Tammy,Sharp,burnskayla@example.org,+1-860-730-7661x255,Delhi,Tamil Nadu,India,2022-11-05,Platinum,Active
CUST02666,Lisa,Stephens,xfox@example.org,2522386742,Hyderabad,Maharashtra,India,2022-02-04,Gold,Inactive
CUST02667,Nicholas,Schultz,ywright@example.net,927-895-2432x05998,Hyderabad,Maharashtra,India,2022-05-15,Silver,Active
CUST02668,Jerome,Harrison,melanie37@example.com,239.358.9966x44848,Bangalore,Delhi,India,2023-06-01,Silver,Active
CUST02669,Cynthia,Gray,velasquezstephanie@example.org,223-242-0271x720,Kolkata,Uttar Pradesh,India,2022-04-08,Silver,Inactive
CUST02670,Sabrina,Taylor,jennifer31@example.net,785.987.3940x281,Chennai,Uttar Pradesh,India,2024-03-14,Platinum,Active
CUST02671,Jeffrey,Robinson,estradahailey@example.com,219-805-0213,Hyderabad,Rajasthan,India,2022-11-06,Silver,Active
CUST02672,Larry,Nixon,cmoore@example.org,259-628-5803x216,Kolkata,Rajasthan,India,2022-09-28,Gold,Inactive
CUST02673,Jennifer,Peck,allisonlopez@example.net,001-208-864-2272,Mumbai,Tamil Nadu,India,2023-03-16,Gold,Inactive
CUST02674,Steven,Anderson,nlopez@example.net,+1-415-346-2822x427,Hyderabad,West Bengal,India,2023-05-10,Platinum,Active
CUST02675,Kenneth,Gonzalez,dennisdiaz@example.com,001-335-284-2470x9465,Delhi,Rajasthan,India,2023-01-27,Platinum,Inactive
CUST02676,Anthony,Williams,michael21@example.com,+1-985-549-0917x237,Jaipur,Maharashtra,India,2023-01-17,Gold,Active
CUST02677,Robert,Martinez,sharon78@example.com,868-959-4922,Delhi,Uttar Pradesh,India,2023-08-15,Silver,Inactive
CUST02678,Scott,Jordan,powelldawn@example.org,(458)824-0332x9628,Lucknow,Maharashtra,India,2023-01-14,Platinum,Inactive
CUST02679,Jesse,Ross,vdavis@example.org,577-734-9952,Patna,Maharashtra,India,2022-12-07,Silver,Active
CUST02680,Ernest,Gordon,owenlindsay@example.net,261.264.1917x265,Lucknow,Tamil Nadu,India,2022-08-01,Silver,Active
CUST02681,Christopher,Phillips,gruiz@example.org,(740)853-1538,Kolkata,Rajasthan,India,2023-02-17,Platinum,Active
CUST02682,Crystal,Thompson,fhooper@example.net,4149465698,Lucknow,Telangana,India,2022-03-02,Gold,Inactive
CUST02683,Daniel,Hunter,simsaaron@example.net,589.989.8020x59900,Chennai,Bihar,India,2024-01-29,Silver,Inactive
CUST02684,Michael,Perez,mgreen@example.org,001-478-716-8738x9456,Kolkata,Uttar Pradesh,India,2023-12-07,Silver,Inactive
CUST02685,Ryan,Shields,yvette87@example.com,284.226.2083,Pune,West Bengal,India,2023-12-08,Gold,Inactive
CUST02686,Elijah,Evans,ivanwebb@example.net,+1-589-517-1600x90008,Pune,Karnataka,India,2022-11-17,Gold,Inactive
CUST02687,Ryan,Booth,matthew04@example.com,560.596.2750x836,Jaipur,Maharashtra,India,2023-06-11,Silver,Inactive
CUST02688,Helen,Rojas,murrayrobin@example.com,950.607.8337x0389,Mumbai,Uttar Pradesh,India,2023-12-18,Silver,Active
CUST02689,Alicia,Spence,marissa13@example.org,583-268-5906,Jaipur,Maharashtra,India,2022-06-15,Silver,Active
CUST02690,Tiffany,Allen,eflores@example.com,+1-830-717-5233x654,Mumbai,Delhi,India,2023-03-25,Gold,Inactive
CUST02691,Maurice,Myers,kingjames@example.org,001-200-514-0832x37607,Jaipur,Rajasthan,India,2022-06-24,Silver,Inactive
CUST02692,Christopher,West,joshua29@example.com,326.555.7501x86236,Delhi,Telangana,India,2023-02-13,Silver,Inactive
CUST02693,Patrick,Castillo,ngray@example.org,974.499.2488x55067,Hyderabad,West Bengal,India,2022-10-29,Gold,Inactive
CUST02694,Joshua,Martinez,sydney76@example.org,(214)826-9173,Patna,Bihar,India,2023-08-01,Gold,Active
CUST02695,Thomas,Gomez,timothy77@example.net,(899)308-5019x862,Kolkata,Karnataka,India,2024-04-02,Platinum,Inactive
CUST02696,Ashley,Novak,carriecisneros@example.com,3269186325,Lucknow,Tamil Nadu,India,2023-04-29,Gold,Active
CUST02697,Don,Berg,harrissherri@example.org,367.782.1985x05205,Jaipur,Rajasthan,India,2022-06-18,Silver,Inactive
CUST02698,Jamie,Cook,stephanie19@example.com,001-359-521-2287x868,Patna,Bihar,India,2023-03-03,Gold,Active
CUST02699,Brittney,Reynolds,william48@example.org,+1-984-858-0013,Hyderabad,Tamil Nadu,India,2022-01-06,Silver,Active
CUST02700,Nichole,Bailey,ibell@example.net,(806)410-9788x83646,Lucknow,Karnataka,India,2023-07-05,Silver,Active
CUST02701,David,Miller,kaylagibson@example.net,493-334-1943x7133,Lucknow,Bihar,India,2023-10-02,Silver,Inactive
CUST02702,Danielle,Delgado,christopherrodriguez@example.org,+1-216-314-1406x5392,Jaipur,Tamil Nadu,India,2023-10-14,Gold,Active
CUST02703,James,Campbell,dawnstevens@example.com,292.400.7276,Hyderabad,Telangana,India,2022-07-17,Gold,Inactive
CUST02704,Cindy,Nelson,christopher28@example.org,(403)742-8322x10368,Kolkata,Uttar Pradesh,India,2023-01-12,Gold,Active
CUST02705,Heather,Jones,dlozano@example.org,466-886-0128x3376,Kolkata,Bihar,India,2022-03-21,Silver,Active
CUST02706,William,Walker,jason84@example.org,320-208-3163,Patna,Telangana,India,2022-10-14,Platinum,Active
CUST02707,Emily,Salazar,jjones@example.org,(412)703-3202,Jaipur,Uttar Pradesh,India,2022-05-10,Gold,Inactive
CUST02708,Teresa,Carrillo,danatran@example.com,922.799.1948,Kolkata,Rajasthan,India,2024-04-06,Silver,Active
CUST02709,Benjamin,Allen,renee29@example.org,361-204-7657x82998,Pune,Tamil Nadu,India,2022-01-03,Silver,Active
CUST02710,Emily,Santiago,reedcarrie@example.net,8695659848,Patna,Rajasthan,India,2022-05-27,Silver,Inactive
CUST02711,Lauren,Cabrera,moyerellen@example.com,6928339457,Delhi,Bihar,India,2022-03-21,Platinum,Inactive
CUST02712,Julie,Zimmerman,brianna78@example.org,001-705-930-3501x94272,Lucknow,Karnataka,India,2023-03-12,Gold,Active
CUST02713,Denise,Jensen,andersonmelissa@example.net,(753)380-0587x286,Jaipur,Uttar Pradesh,India,2022-09-04,Gold,Inactive
CUST02714,Alexandra,Gutierrez,tdavidson@example.net,4515762382,Lucknow,Karnataka,India,2023-12-25,Gold,Inactive
CUST02715,Natalie,Reyes,sflores@example.com,+1-806-683-6831,Mumbai,Tamil Nadu,India,2023-06-28,Silver,Inactive
CUST02716,Nathaniel,Watts,taylorconnie@example.org,895.755.1688x37010,Patna,Uttar Pradesh,India,2023-12-30,Platinum,Inactive
CUST02717,Eric,Clayton,thomas44@example.com,001-545-546-5671x00876,Hyderabad,Maharashtra,India,2023-05-17,Platinum,Inactive
CUST02718,Brooke,Hess,jason63@example.com,453.378.9420x406,Chennai,Bihar,India,2023-10-30,Silver,Inactive
CUST02719,Lucas,Smith,robertfletcher@example.org,993.607.5307x21096,Lucknow,Karnataka,India,2024-05-25,Platinum,Inactive
CUST02720,Nancy,Reeves,justin65@example.com,455.575.8513x568,Kolkata,West Bengal,India,2022-08-07,Silver,Inactive
CUST02721,Kevin,Robbins,saunderstara@example.org,707-213-9580x744,Patna,Delhi,India,2023-01-19,Silver,Inactive
CUST02722,Michelle,Sanchez,amyhiggins@example.net,+1-770-636-6743x5040,Jaipur,Tamil Nadu,India,2023-01-05,Silver,Inactive
CUST02723,Kevin,Molina,balexander@example.com,721.726.7443x53502,Mumbai,Karnataka,India,2022-12-03,Gold,Active
CUST02724,John,Robinson,npearson@example.org,(999)449-2235,Hyderabad,Delhi,India,2023-09-14,Platinum,Inactive
CUST02725,Matthew,Bush,chris83@example.org,+1-648-366-2270x6599,Lucknow,Uttar Pradesh,India,2023-10-20,Silver,Inactive
CUST02726,Bryan,Anderson,karla21@example.net,+1-877-746-1820,Delhi,Delhi,India,2022-10-08,Platinum,Inactive
CUST02727,Ashley,Riley,dking@example.net,304-594-3776x932,Lucknow,Rajasthan,India,2023-09-15,Silver,Inactive
CUST02728,Danielle,Boone,howellmichael@example.org,+1-827-237-0571x505,Jaipur,Maharashtra,India,2024-02-07,Silver,Inactive
CUST02729,Michael,Mcgrath,monicacasey@example.com,224.756.3820,Kolkata,Bihar,India,2022-01-30,Platinum,Active
CUST02730,Rachel,Hall,jbarker@example.org,8768896767,Patna,Maharashtra,India,2024-06-10,Gold,Active
CUST02731,Barry,Allen,anthonyortiz@example.org,001-262-328-6112,Lucknow,Delhi,India,2022-02-27,Gold,Active
CUST02732,Keith,Lindsey,shahbeth@example.com,+1-928-446-4682x694,Jaipur,Telangana,India,2024-05-28,Silver,Active
CUST02733,Katherine,Parker,alexis76@example.com,843.448.2581,Chennai,Bihar,India,2022-12-07,Platinum,Inactive
CUST02734,Emily,Costa,jeffrey95@example.net,419-894-3399,Delhi,Uttar Pradesh,India,2023-06-13,Gold,Active
CUST02735,Wesley,Thompson,johnbradley@example.com,(955)830-8204,Pune,West Bengal,India,2022-03-08,Silver,Inactive
CUST02736,John,Hughes,antonio91@example.org,3446326161,Patna,Rajasthan,India,2022-03-27,Silver,Inactive
CUST02737,Sherry,Lara,rebecca44@example.org,4536156170,Pune,West Bengal,India,2023-09-16,Gold,Active
CUST02738,Sarah,Bradford,pagepatrick@example.com,001-930-810-4401,Delhi,Telangana,India,2023-10-13,Gold,Inactive
CUST02739,Matthew,Caldwell,along@example.net,954-571-2204x8848,Chennai,Rajasthan,India,2022-05-01,Platinum,Active
CUST02740,Melanie,Smith,gomezlori@example.net,(933)883-0194,Lucknow,Maharashtra,India,2023-08-03,Silver,Active
CUST02741,Madison,Kelly,qkramer@example.org,200.280.2174,Mumbai,Bihar,India,2022-07-06,Gold,Active
CUST02742,Lisa,Williams,anthony37@example.com,895-439-4557,Patna,Delhi,India,2024-02-25,Silver,Inactive
CUST02743,Antonio,Schwartz,jaythomas@example.com,588.591.0210,Mumbai,Tamil Nadu,India,2023-04-17,Gold,Active
CUST02744,Charles,Miller,uashley@example.net,453-518-0926x365,Patna,Telangana,India,2024-02-05,Silver,Inactive
CUST02745,Jimmy,Valdez,joellang@example.org,591.709.1001x231,Hyderabad,Bihar,India,2023-12-24,Gold,Active
CUST02746,Sarah,Andersen,williamdeleon@example.org,(332)348-3484,Chennai,Uttar Pradesh,India,2023-08-02,Silver,Active
CUST02747,Robert,Nash,caitlinthompson@example.org,295.704.5732,Pune,Bihar,India,2022-10-07,Gold,Inactive
CUST02748,Annette,Mitchell,wendy67@example.org,+1-365-988-0499x4698,Lucknow,Telangana,India,2023-12-16,Silver,Inactive
CUST02749,Dorothy,Johnson,troy73@example.org,(953)930-1147,Kolkata,Karnataka,India,2022-12-30,Gold,Inactive
CUST02750,Jose,Ramirez,laurenrodriguez@example.com,001-376-776-0580x83356,Patna,Delhi,India,2024-04-29,Platinum,Inactive
CUST02751,Yolanda,Mann,garyfowler@example.org,6407356966,Jaipur,Tamil Nadu,India,2022-06-09,Platinum,Inactive
CUST02752,Victoria,Garcia,barrjames@example.com,+1-336-441-0424x771,Hyderabad,Tamil Nadu,India,2022-12-22,Gold,Inactive
CUST02753,Tabitha,Bennett,upayne@example.net,(633)641-2313,Jaipur,Tamil Nadu,India,2022-04-03,Gold,Active
CUST02754,Sarah,Coleman,medinastacey@example.net,945-746-8811,Hyderabad,Delhi,India,2023-04-24,Silver,Active
CUST02755,Anthony,Harvey,keith53@example.org,914-607-3352,Patna,Rajasthan,India,2023-05-02,Platinum,Inactive
CUST02756,Amanda,Greene,rosalessarah@example.net,+1-879-759-1712x028,Kolkata,Uttar Pradesh,India,2023-01-17,,Active
CUST02757,Mariah,Rios,wongjason@example.org,(324)568-2752x3295,Mumbai,Karnataka,India,2022-11-27,Silver,Active
CUST02758,Joseph,Clark,zswanson@example.org,727.957.5832,Lucknow,Karnataka,India,2023-03-08,Gold,Active
CUST02759,Michael,Brown,alicecunningham@example.net,925-573-6351,Chennai,Telangana,India,2022-07-11,Silver,Inactive
CUST02760,Madison,Horton,longgina@example.net,+1-683-638-0133x5776,Patna,Delhi,India,2023-07-14,Gold,Inactive
CUST02761,Edwin,Livingston,kevin01@example.org,(473)562-2371,Kolkata,Uttar Pradesh,India,2023-08-31,Platinum,Inactive
CUST02762,Lisa,Solis,brianhartman@example.net,+1-526-345-3212x53915,Pune,Telangana,India,2023-04-30,Platinum,Inactive
CUST02763,Shaun,Archer,dunnscott@example.com,+1-499-705-9642,Chennai,Rajasthan,India,2023-09-08,Platinum,Inactive
CUST02764,Jessica,Hansen,allenwilliam@example.com,001-271-575-3781,Delhi,Tamil Nadu,India,2022-11-04,Platinum,Active
CUST02765,Robin,Gallegos,amy93@example.org,3237936347,Bangalore,Telangana,India,2023-03-08,Platinum,Inactive
CUST02766,Richard,Ingram,gentryjody@example.org,+1-442-882-2198x5406,Delhi,Bihar,India,2023-08-31,Platinum,Active
CUST02767,Allison,Baker,carolyn47@example.net,001-957-761-8645x040,Kolkata,West Bengal,India,2022-11-04,Silver,Active
CUST02768,Rose,Peck,morrisonjennifer@example.org,(249)277-0303,Chennai,Delhi,India,2022-05-14,Silver,Inactive
CUST02769,Jennifer,Todd,llowery@example.com,(712)628-3733x78170,Patna,Karnataka,India,2024-03-22,Gold,Inactive
CUST02770,Joshua,Torres,daniel29@example.org,001-297-437-4911,Lucknow,Delhi,India,2022-06-19,Platinum,Active
CUST02771,Jeff,Anderson,adorsey@example.net,(221)856-4701,Patna,Telangana,India,2022-07-25,Gold,Active
CUST02772,Casey,Ortega,thomasjennings@example.com,(798)272-3206,Pune,Tamil Nadu,India,2022-07-09,Gold,Active
CUST02773,Matthew,Chapman,brookscory@example.org,374.434.3238,Pune,Bihar,India,2024-01-12,Platinum,Inactive
CUST02774,Diane,Bruce,richardpearson@example.net,(413)260-4507,Lucknow,Bihar,India,2022-01-06,Gold,Active
CUST02775,Lance,Jackson,gilessteven@example.org,998-435-0533x230,Jaipur,Uttar Pradesh,India,2023-04-28,Platinum,Active
CUST02776,Patrick,Gonzalez,leslie52@example.org,(947)257-7877,Bangalore,Rajasthan,India,2023-04-29,Platinum,Active
CUST02777,Joanna,Pierce,stephensonjoel@example.net,845.409.7655,Mumbai,Uttar Pradesh,India,2024-02-21,Silver,Inactive
CUST02778,James,Walker,danieljames@example.net,778-348-4474x98347,Patna,Uttar Pradesh,India,2024-02-21,Gold,Inactive
CUST02779,Steven,Edwards,nataliechapman@example.org,2839584580,Bangalore,Uttar Pradesh,India,2024-04-19,Platinum,Active
CUST02780,Cynthia,Kirby,umoore@example.org,632-650-4047x40695,Lucknow,Delhi,India,2022-12-22,Silver,Active
CUST02781,William,Barry,angela56@example.org,515.739.3149,Pune,Karnataka,India,2024-02-26,Gold,Inactive
CUST02782,Amy,Russell,haynesdavid@example.net,(597)915-0025x83032,Delhi,Uttar Pradesh,India,2023-05-29,Silver,Active
CUST02783,Krystal,Schmidt,amythompson@example.com,(992)466-8657x3162,Lucknow,Tamil Nadu,India,2022-05-22,Silver,Active
CUST02784,Christopher,Caldwell,osmith@example.net,727-353-9654,Bangalore,Maharashtra,India,2022-11-06,Gold,Inactive
CUST02785,Joseph,Bryan,rebecca03@example.org,001-460-652-3032x8893,Patna,Uttar Pradesh,India,2023-11-01,Silver,Inactive
CUST02786,Matthew,Knight,adrianjohnson@example.org,610-646-2853,Bangalore,Rajasthan,India,2022-11-15,Silver,Inactive
CUST02787,Paula,Chan,brendaclark@example.org,798-847-0369x641,Patna,Bihar,India,2023-03-08,Gold,Active
CUST02788,Linda,Martin,hopkinsmarcus@example.net,001-837-464-3871,Mumbai,Karnataka,India,2023-04-22,Platinum,Active
CUST02789,Megan,Bailey,lori25@example.org,(461)568-2896,Bangalore,Delhi,India,2023-11-03,Silver,Inactive
CUST02790,Tracy,Sweeney,wigginschristopher@example.net,462.415.7510,Kolkata,West Bengal,India,2022-05-12,Gold,Inactive
CUST02791,Sandra,Taylor,amber85@example.net,949.889.4082,Lucknow,Uttar Pradesh,India,2022-01-12,Gold,Active
CUST02792,Kevin,Hall,qbryant@example.com,8078013752,Bangalore,Telangana,India,2022-11-07,Platinum,Active
CUST02793,Gabrielle,Vincent,franciszachary@example.net,393.740.5969x4245,Lucknow,West Bengal,India,2023-09-11,Gold,Inactive
CUST02794,Brian,Moore,garciaricardo@example.net,729-863-1425x23069,Chennai,West Bengal,India,2023-12-31,Gold,Active
CUST02795,Anna,Hurst,vgonzalez@example.org,001-914-585-5852x6337,Patna,Uttar Pradesh,India,2024-03-15,Platinum,Inactive
CUST02796,Maria,Moon,carol05@example.net,001-940-397-3343x1851,Mumbai,Bihar,India,2024-06-10,Silver,Inactive
CUST02797,Barbara,Cummings,kclements@example.net,001-893-848-6742x1952,Kolkata,Telangana,India,2023-12-26,Silver,Inactive
CUST02798,Joseph,Smith,amanda11@example.com,297-689-2998x3653,Delhi,Rajasthan,India,2023-03-22,Gold,Active
CUST02799,Stacy,Cervantes,justinnichols@example.org,(562)792-0590x67734,Lucknow,Rajasthan,India,2022-05-05,Gold,Active
CUST02800,Anthony,Rogers,brownpatricia@example.net,301.235.5384x27294,Chennai,Telangana,India,2023-09-06,Gold,Inactive
CUST02801,Lynn,Harris,lindakennedy@example.net,635-742-6358x45072,Hyderabad,Delhi,India,2023-11-23,Platinum,Inactive
CUST02802,Jennifer,Webb,qodonnell@example.org,001-964-430-1525x553,Hyderabad,Karnataka,India,2022-07-03,Gold,Active
CUST02803,David,Fox,cdougherty@example.org,001-777-869-5426,Chennai,Telangana,India,2023-04-03,Platinum,Active
CUST02804,Christine,Rice,johnbrady@example.net,3086409907,Mumbai,Karnataka,India,2023-09-03,Platinum,Active
CUST02805,Caitlin,Sanchez,kathryn11@example.org,6469220825,Bangalore,Tamil Nadu,India,2023-06-29,Silver,Active
CUST02806,Ricky,Stout,tiffany63@example.com,747-678-4522x1595,Mumbai,Bihar,India,2023-07-02,Platinum,Active
CUST02807,Kevin,Campbell,michael66@example.net,001-336-457-0535x188,Lucknow,Uttar Pradesh,India,2023-10-11,Gold,Inactive
CUST02808,Robert,Branch,qjoseph@example.com,(210)624-9882,Kolkata,Tamil Nadu,India,2023-04-15,Platinum,Inactive
CUST02809,Gregory,Manning,williamschristopher@example.org,207.886.2053x25142,Mumbai,Karnataka,India,2022-02-11,Gold,Active
CUST02810,Perry,Gray,rossteresa@example.org,5472767125,Kolkata,Maharashtra,India,2022-05-31,Gold,Active
CUST02811,Philip,Brown,leeadam@example.net,326.210.5097,Hyderabad,Uttar Pradesh,India,2022-12-12,Gold,Active
CUST02812,Miranda,Smith,ldalton@example.com,502.295.8764x773,Hyderabad,Maharashtra,India,2022-07-08,Gold,Active
CUST02813,Jennifer,Garcia,ucook@example.com,(360)809-6224x652,Pune,Telangana,India,2024-03-23,Gold,Active
CUST02814,Randall,Spencer,sdavis@example.com,(719)738-1909x70084,Delhi,Karnataka,India,2023-12-12,Platinum,Inactive
CUST02815,Tom,Silva,ljordan@example.com,001-645-866-9580x3363,Bangalore,Telangana,India,2022-08-09,Platinum,Active
CUST02816,Jeremy,Adams,jonesjohn@example.org,392-831-8598,Jaipur,Delhi,India,2022-10-11,Platinum,Inactive
CUST02817,Robin,Gamble,joseph68@example.net,463.894.7022x143,Hyderabad,Telangana,India,2022-07-05,Silver,Inactive
CUST02818,Richard,Weaver,elliottmichael@example.net,(796)716-4580,Delhi,Uttar Pradesh,India,2022-08-01,Platinum,Active
CUST02819,Randall,Boyd,baileykristen@example.com,832-894-2694x805,Hyderabad,Rajasthan,India,2022-10-09,Platinum,Inactive
CUST02820,Scott,Estrada,jsmith@example.org,(914)659-5575x592,Pune,Tamil Nadu,India,2022-04-10,Silver,Inactive
CUST02821,Manuel,Sellers,paul66@example.org,001-992-479-2855x171,Mumbai,Telangana,India,2022-08-15,Platinum,Inactive
CUST02822,Patrick,George,emilygriffin@example.com,3196316937,Bangalore,Karnataka,India,2023-08-26,Platinum,Inactive
CUST02823,Matthew,Hamilton,josephmendoza@example.org,301.467.7104x62227,Jaipur,Delhi,India,2023-05-03,Gold,Inactive
CUST02824,Cassidy,Kim,kellyandrew@example.org,461.947.1403,Chennai,Rajasthan,India,2022-11-24,Silver,Inactive
CUST02825,Samantha,Campbell,aaronjohnson@example.net,362-490-2378x729,Lucknow,Tamil Nadu,India,2024-05-24,Platinum,Active
CUST02826,Deborah,Gentry,michael65@example.com,504.836.5274x5675,Bangalore,Telangana,India,2023-11-21,Gold,Active
CUST02827,Daniel,Mckay,zachary97@example.org,001-485-705-8038x88492,Kolkata,Maharashtra,India,2023-11-08,Platinum,Inactive
CUST02828,Edward,Walsh,alvin20@example.net,789-382-8049,Chennai,Maharashtra,India,2023-07-29,,Inactive
CUST02829,Joe,Gonzales,josephrobinson@example.com,001-860-282-0853x258,Hyderabad,Karnataka,India,2022-11-08,Gold,Inactive
CUST02830,David,Cisneros,breanna44@example.net,386.717.1124x801,Patna,Bihar,India,2022-01-31,Platinum,Inactive
CUST02831,Brandi,Arias,erikeaton@example.com,318-470-1001x20828,Bangalore,Uttar Pradesh,India,2023-08-02,Silver,Inactive
CUST02832,William,Knight,pthomas@example.com,728-373-5404x333,Lucknow,Tamil Nadu,India,2023-07-24,Gold,Active
CUST02833,Jessica,Russell,bartletttracy@example.com,(575)454-6824x44097,Kolkata,Maharashtra,India,2023-01-23,Silver,Inactive
CUST02834,Shannon,Benson,tiffany91@example.net,001-671-376-4848x0416,Pune,Maharashtra,India,2022-08-12,Platinum,Inactive
CUST02835,Alexa,Mcdonald,jeremy30@example.com,(262)247-3608x95591,Patna,Uttar Pradesh,India,2022-07-02,Platinum,Inactive
CUST02836,Lori,Ward,anna61@example.net,+1-614-280-3417x28233,Pune,Uttar Pradesh,India,2022-12-27,Platinum,Inactive
CUST02837,Kathleen,Henderson,travis55@example.net,708-425-2616x5662,Chennai,Maharashtra,India,2022-11-24,Platinum,Inactive
CUST02838,Jennifer,Alvarado,uconner@example.com,604-815-3407x8953,Jaipur,West Bengal,India,2023-05-30,Gold,Active
CUST02839,Cynthia,Doyle,gregory11@example.net,851-903-2914x946,Bangalore,Rajasthan,India,2024-05-29,Gold,Inactive
CUST02840,Louis,Jennings,simonjuan@example.com,211.652.6118x132,Lucknow,Bihar,India,2024-04-25,Silver,Inactive
CUST02841,Steven,Ortiz,qmedina@example.net,603-359-1237x3002,Delhi,West Bengal,India,2022-10-23,Gold,Inactive
CUST02842,Jennifer,Flores,patrick78@example.net,(536)345-1014x256,Patna,Maharashtra,India,2023-11-03,Gold,Inactive
CUST02843,Bradley,Cook,fordseth@example.org,(475)816-3989x0588,Bangalore,Tamil Nadu,India,2023-03-05,Platinum,Active
CUST02844,Blake,Myers,cynthiafrazier@example.net,355-511-9819x23137,Pune,Bihar,India,2023-09-26,Platinum,Active
CUST02845,Scott,Patterson,robertsrobert@example.org,4187104946,Kolkata,Uttar Pradesh,India,2023-09-06,Silver,Inactive
CUST02846,Matthew,Ramirez,jamesmoore@example.org,215.486.0741,Pune,Bihar,India,2023-09-17,Platinum,Inactive
CUST02847,Jennifer,Jimenez,tacosta@example.com,001-236-797-8890,Mumbai,Karnataka,India,2023-12-02,Silver,Inactive
CUST02848,Brandon,Mcdonald,juliefinley@example.net,510-378-5846x811,Jaipur,Tamil Nadu,India,2023-07-20,Silver,Inactive
CUST02849,Alyssa,Carrillo,kevin87@example.com,+1-734-321-0447x6302,Pune,Bihar,India,2023-01-13,Gold,Active
CUST02850,Crystal,Hawkins,millerjames@example.net,769-416-3349x32222,Patna,Telangana,India,2022-11-27,Silver,Active
CUST02851,Michael,Simpson,ryan94@example.com,(755)877-2183x9446,Kolkata,Rajasthan,India,2022-07-31,Gold,Active
CUST02852,Christine,Acosta,gkim@example.org,(708)422-4653x311,Kolkata,Rajasthan,India,2023-12-02,Silver,Active
CUST02853,Michael,Lopez,jose99@example.net,+1-288-612-1916x73885,Jaipur,Maharashtra,India,2023-04-18,Platinum,Inactive
CUST02854,Luis,Solis,russell90@example.com,830.538.0710x7307,Patna,Tamil Nadu,India,2024-06-12,Gold,Active
CUST02855,Joel,Ramos,betty97@example.com,001-436-517-5989,Delhi,Uttar Pradesh,India,2022-01-08,Platinum,Inactive
CUST02856,Holly,Gray,cabrerabrian@example.org,001-804-917-3286,Bangalore,Maharashtra,India,2024-06-01,Gold,Inactive
CUST02857,Laura,Vasquez,ujohnston@example.org,+1-827-504-4903x201,Jaipur,Maharashtra,India,2024-01-04,Platinum,Active
CUST02858,Malik,Curtis,aconley@example.net,373-723-7390x50002,Lucknow,Delhi,India,2023-03-26,Gold,Inactive
CUST02859,Trevor,Walters,mayerrhonda@example.com,949-520-7433x7169,Delhi,Karnataka,India,2024-04-28,Gold,Inactive
CUST02860,Brandy,Schmidt,donaldmarshall@example.net,(337)782-8898x763,Mumbai,Maharashtra,India,2023-03-15,Silver,Inactive
CUST02861,Michael,Garza,crystalvaughn@example.net,001-335-868-6152,Kolkata,Maharashtra,India,2024-02-16,Platinum,Active
CUST02862,Karen,Evans,william96@example.com,897-377-7396,Bangalore,Karnataka,India,2023-01-11,Silver,Active
CUST02863,Alexis,Livingston,xtorres@example.com,4846595538,Lucknow,Tamil Nadu,India,2024-03-25,Gold,Active
CUST02864,Timothy,Smith,dfrancis@example.net,708-337-5476x577,Mumbai,Rajasthan,India,2022-12-04,Platinum,Inactive
CUST02865,Lisa,Wells,angela27@example.com,595.589.2024,Pune,Telangana,India,2024-02-10,Gold,Inactive
CUST02866,Carrie,Velasquez,aramirez@example.com,919-205-8355,Lucknow,Karnataka,India,2023-12-07,Gold,Inactive
CUST02867,Sheila,Pratt,obautista@example.com,+1-320-436-3604x666,Hyderabad,Delhi,India,2023-08-05,Silver,Active
CUST02868,Bryan,Cooper,ubrown@example.com,+1-229-900-1196,Hyderabad,Delhi,India,2023-06-19,,Inactive
CUST02869,Joseph,Thomas,richardthomas@example.org,001-707-416-5284x783,Chennai,Telangana,India,2023-08-01,Gold,Active
CUST02870,Dale,Martin,nataliegreene@example.com,+1-457-937-4915x4720,Hyderabad,Rajasthan,India,2023-08-05,Platinum,Inactive
CUST02871,Nicholas,Sullivan,whitedaniel@example.com,+1-813-523-7558x465,Hyderabad,Bihar,India,2023-11-21,Platinum,Active
CUST02872,Arthur,Walker,robert91@example.org,+1-225-779-4415x1147,Kolkata,Telangana,India,2022-05-31,Gold,Inactive
CUST02873,Timothy,Dawson,andrewsullivan@example.net,+1-282-848-6595x655,Pune,Delhi,India,2023-10-15,Silver,Inactive
CUST02874,Kenneth,Acosta,davisjake@example.com,+1-254-997-5528x3489,Kolkata,Delhi,India,2022-06-01,Gold,Inactive
CUST02875,Jessica,Wade,cameronmiles@example.org,(962)389-4122x21789,Jaipur,West Bengal,India,2024-01-09,Gold,Inactive
CUST02876,Erica,Potter,troy23@example.net,(847)793-8031x96380,Patna,Karnataka,India,2023-09-26,Platinum,Active
CUST02877,Randy,Clark,brittany51@example.com,626.536.3517x5761,Jaipur,Karnataka,India,2023-08-25,Platinum,Inactive
CUST02878,Michael,Porter,brookesullivan@example.net,717-331-6629x07013,Lucknow,Bihar,India,2023-01-23,Platinum,Inactive
CUST02879,Todd,Reed,lisa57@example.com,(838)350-0271,Lucknow,Uttar Pradesh,India,2022-06-29,Silver,Active
CUST02880,Jessica,Lopez,warrenstephanie@example.net,+1-791-827-7238x305,Pune,Telangana,India,2022-12-17,Silver,Active
CUST02881,Tiffany,Mitchell,edwardsjames@example.net,608.446.6863,Hyderabad,Maharashtra,India,2022-06-03,Platinum,Active
CUST02882,Catherine,Carroll,ayersantonio@example.com,(215)724-0752x560,Lucknow,Rajasthan,India,2023-01-01,Platinum,Active
CUST02883,Michael,Watson,marygeorge@example.com,595-917-9521,Jaipur,Tamil Nadu,India,2024-05-10,Platinum,Active
CUST02884,Dennis,Smith,tadkins@example.com,(771)413-2970x606,Delhi,Uttar Pradesh,India,2023-01-08,Platinum,Active
CUST02885,Charles,Wagner,james99@example.org,375.684.2126x660,Jaipur,Maharashtra,India,2022-12-04,Gold,Active
CUST02886,Adrian,Acosta,cmiddleton@example.net,(520)684-4077,Delhi,Rajasthan,India,2024-03-28,Platinum,Active
CUST02887,Andrea,King,austinrobert@example.com,001-274-824-5852,Hyderabad,Bihar,India,2022-09-08,Platinum,Active
CUST02888,Seth,Valdez,brendanboyd@example.com,+1-592-644-6715x271,Lucknow,Bihar,India,2022-08-22,Silver,Inactive
CUST02889,Daniel,Vang,shellynicholson@example.com,001-932-675-0527x87431,Hyderabad,Maharashtra,India,2023-07-20,Platinum,Active
CUST02890,Jenna,Espinoza,dallen@example.org,212-762-6029,Mumbai,Bihar,India,2024-01-21,Platinum,Inactive
CUST02891,Jonathan,Meyer,alexander35@example.org,277.853.6435x054,Pune,Tamil Nadu,India,2022-03-04,Silver,Inactive
CUST02892,Peter,Foster,markjohnson@example.net,507.576.3424,Mumbai,West Bengal,India,2023-04-21,Silver,Inactive
CUST02893,Adam,Shea,vlarsen@example.org,351-780-6191x380,Mumbai,Tamil Nadu,India,2024-03-19,Gold,Active
CUST02894,Megan,Martinez,pottertimothy@example.org,3348477847,Mumbai,Rajasthan,India,2023-03-29,Silver,Active
CUST02895,Ronald,Rodriguez,ejohnson@example.com,001-941-334-0867x7999,Kolkata,Tamil Nadu,India,2023-07-10,Platinum,Inactive
CUST02896,Barbara,Morris,whitejacob@example.org,+1-961-300-3219x127,Kolkata,Delhi,India,2022-11-04,Platinum,Inactive
CUST02897,Patrick,Martin,mcfarlandkevin@example.org,4149738678,Mumbai,Rajasthan,India,2024-05-31,Platinum,Active
CUST02898,Lauren,Roth,ale@example.org,+1-872-219-6877x0324,Kolkata,Rajasthan,India,2023-08-27,Silver,Inactive
CUST02899,Patricia,Arias,torresshawn@example.com,(338)652-6692x2461,Bangalore,Telangana,India,2024-02-12,Gold,Active
CUST02900,Janice,Harrell,browngerald@example.org,480-391-0501x6713,Jaipur,Rajasthan,India,2022-12-03,Platinum,Inactive
CUST02901,Eric,Wright,kathleen74@example.net,+1-519-842-9180x6298,Hyderabad,Telangana,India,2023-10-23,Platinum,Active
CUST02902,Randy,Robinson,vmccullough@example.com,626.697.5811,Hyderabad,West Bengal,India,2022-12-16,Platinum,Inactive
CUST02903,Heather,Martin,qmay@example.org,304.920.6244x15351,Lucknow,Maharashtra,India,2023-10-03,Silver,Inactive
CUST02904,Damon,Lester,tinaallison@example.com,(762)355-5205x77059,Chennai,West Bengal,India,2022-01-07,Gold,Inactive
CUST02905,Christian,Jones,svelazquez@example.com,(534)262-6457x2241,Patna,Maharashtra,India,2022-06-17,Gold,Inactive
CUST02906,Paige,Parsons,juansmith@example.com,(483)918-0769x12365,Lucknow,Karnataka,India,2022-04-07,Platinum,Active
CUST02907,Gina,Phelps,tsilva@example.org,+1-568-220-7989x666,Mumbai,Tamil Nadu,India,2022-07-18,Silver,Inactive
CUST02908,Albert,Booker,ashley30@example.org,001-954-207-7800,Hyderabad,Karnataka,India,2023-05-29,Platinum,Inactive
CUST02909,Brian,Griffin,karen92@example.net,001-406-409-8469x113,Hyderabad,Tamil Nadu,India,2022-04-16,Platinum,Active
CUST02910,Alexis,Norman,xbarnett@example.org,(731)353-3802x599,Patna,Tamil Nadu,India,2022-11-28,Gold,Active
CUST02911,Suzanne,Dixon,williamsshari@example.com,001-721-825-8717x7228,Patna,Bihar,India,2024-05-22,Gold,Inactive
CUST02912,Luis,Brown,savannah14@example.net,001-427-432-7248x441,Kolkata,Uttar Pradesh,India,2023-11-01,Platinum,Inactive
CUST02913,Jonathan,Marquez,michellesmith@example.net,2924452365,Hyderabad,Rajasthan,India,2022-08-23,Gold,Inactive
CUST02914,Mckenzie,Sanders,scottanthony@example.com,(716)627-9561,Hyderabad,Karnataka,India,2022-05-29,Platinum,Inactive
CUST02915,Donald,Edwards,jordan48@example.org,216-972-0265,Chennai,Rajasthan,India,2024-04-29,Gold,Inactive
CUST02916,Allison,Stewart,abbottkelly@example.com,001-432-824-0631x080,Bangalore,Uttar Pradesh,India,2023-07-31,Silver,Inactive
CUST02917,Jason,Byrd,sford@example.org,474.984.7910,Bangalore,Karnataka,India,2022-02-26,,Active
CUST02918,Dustin,Lopez,johnmayo@example.net,(202)533-9227x0889,Hyderabad,Delhi,India,2023-04-13,Platinum,Active
CUST02919,Amanda,Gonzales,antonioburns@example.org,677.331.5942x24774,Hyderabad,Telangana,India,2022-08-02,Gold,Active
CUST02920,Heather,Hopkins,brockstephen@example.org,(328)298-0913,Bangalore,Uttar Pradesh,India,2022-11-26,Gold,Active
CUST02921,Allison,Herrera,sloanrobert@example.org,+1-852-824-1461x030,Pune,West Bengal,India,2024-03-27,Gold,Inactive
CUST02922,Paige,Delacruz,mitchelldavid@example.net,950-556-8510,Mumbai,Tamil Nadu,India,2022-04-20,Silver,Inactive
CUST02923,James,Martin,cooperamanda@example.org,887.364.6634x853,Lucknow,Rajasthan,India,2024-01-11,Silver,Inactive
CUST02924,Lindsey,Allen,robertjones@example.com,704.994.9901x030,Lucknow,Tamil Nadu,India,2023-12-06,Gold,Inactive
CUST02925,Bruce,Martin,pricecourtney@example.com,+1-983-976-0754x56123,Mumbai,Delhi,India,2022-03-02,Platinum,Inactive
CUST02926,Erin,Hernandez,connierubio@example.com,367.695.4453x817,Jaipur,Karnataka,India,2022-10-10,Gold,Inactive
CUST02927,Robert,Watson,joyce01@example.com,001-359-560-1512,Lucknow,Bihar,India,2022-04-24,Platinum,Active
CUST02928,Bradley,Estrada,randymack@example.com,514-393-2237x6926,Bangalore,Bihar,India,2022-11-29,Silver,Inactive
CUST02929,Krista,Garcia,ganderson@example.net,(448)917-5463x94913,Pune,West Bengal,India,2023-08-11,Silver,Inactive
CUST02930,Christopher,Arnold,brianfigueroa@example.org,905-984-0737x71598,Chennai,West Bengal,India,2022-09-09,Platinum,Inactive
CUST02931,Katrina,Johnson,brianedwards@example.com,(385)958-8777x143,Jaipur,Telangana,India,2023-07-25,Platinum,Active
CUST02932,Zachary,Johnson,michelle64@example.net,001-692-849-9950x34133,Mumbai,Karnataka,India,2022-05-24,Gold,Inactive
CUST02933,Amy,Herring,lonnie91@example.com,+1-522-493-6018x215,Pune,Bihar,India,2024-02-05,Gold,Inactive
CUST02934,Melinda,Shepard,steven94@example.com,+1-915-487-1568x97694,Lucknow,Karnataka,India,2022-08-22,Gold,Active
CUST02935,Daisy,Smith,brandyruiz@example.net,9502374372,Hyderabad,Telangana,India,2023-11-25,Platinum,Active
CUST02936,Donna,Ortiz,robertjohnson@example.net,989.401.9184x0004,Mumbai,Uttar Pradesh,India,2022-05-24,Gold,Inactive
CUST02937,Nancy,Taylor,parkrebecca@example.com,565-333-0616,Lucknow,Delhi,India,2024-04-05,Platinum,Active
CUST02938,Jason,Gonzalez,michael75@example.com,468.505.1091x7113,Chennai,Delhi,India,2023-06-09,Platinum,Inactive
CUST02939,Matthew,Collins,henrydylan@example.net,831-914-7458,Jaipur,Karnataka,India,2022-02-02,Platinum,Inactive
CUST02940,William,Rice,raymondrivera@example.com,001-459-930-7727x345,Kolkata,Karnataka,India,2022-10-17,Platinum,Active
CUST02941,Jermaine,Murray,wjohnson@example.com,+1-585-657-3745x429,Mumbai,Maharashtra,India,2024-01-23,Platinum,Active
CUST02942,Cheryl,Berg,denise41@example.net,533-957-3187x66976,Patna,West Bengal,India,2023-06-29,Silver,Inactive
CUST02943,Kayla,Robles,dianewhite@example.net,+1-436-534-3492x76275,Pune,Maharashtra,India,2023-09-17,Platinum,Inactive
CUST02944,Christina,Atkinson,kpage@example.org,001-358-928-2371x360,Hyderabad,Rajasthan,India,2024-04-17,Gold,Active
CUST02945,Clinton,Short,courtneyyoung@example.net,+1-787-760-7956x9996,Chennai,Maharashtra,India,2023-10-29,Silver,Inactive
CUST02946,Derrick,Mccormick,patricktony@example.com,200.618.9631,Jaipur,Uttar Pradesh,India,2023-04-10,Silver,Inactive
CUST02947,Maria,Cooper,jonathan79@example.net,751.818.0859,Hyderabad,Delhi,India,2023-08-12,Platinum,Inactive
CUST02948,Tammy,Todd,nathangomez@example.org,(517)560-9660,Delhi,Tamil Nadu,India,2022-01-20,Gold,Inactive
CUST02949,Benjamin,Hoffman,qhunt@example.net,(601)406-5743x40190,Hyderabad,Tamil Nadu,India,2022-06-04,Platinum,Inactive
CUST02950,Charles,Rogers,smithamy@example.net,792-509-0073,Lucknow,Tamil Nadu,India,2023-06-30,Platinum,Inactive
CUST02951,Rebecca,Randall,thayes@example.net,777.716.6739x489,Kolkata,Bihar,India,2024-01-03,Silver,Active
CUST02952,Jennifer,Watson,hernandezmichael@example.net,+1-651-336-6965x456,Hyderabad,Bihar,India,2022-07-31,Silver,Active
CUST02953,Yvonne,Young,roberteaton@example.net,+1-573-851-9984x93794,Kolkata,Delhi,India,2023-07-01,Silver,Inactive
CUST02954,Darlene,Sanders,thomasjennifer@example.com,001-594-787-8999x41686,Chennai,Karnataka,India,2022-03-12,Silver,Active
CUST02955,Brent,Johnson,cnelson@example.com,773-962-7547x33986,Hyderabad,Bihar,India,2022-07-26,Gold,Inactive
CUST02956,Julia,Wilson,jturner@example.com,(755)900-2371x323,Pune,Karnataka,India,2022-08-27,Silver,Active
CUST02957,Bryan,Brown,vclark@example.org,815-462-2749x55603,Lucknow,Maharashtra,India,2024-06-17,Gold,Active
CUST02958,Tammy,Jennings,nelsonmelissa@example.org,+1-571-976-7871x9632,Pune,Uttar Pradesh,India,2023-03-31,Silver,Inactive
CUST02959,Jennifer,Small,kerry11@example.org,+1-266-936-7512x4682,Bangalore,Tamil Nadu,India,2023-03-26,Silver,Inactive
CUST02960,Louis,Thomas,smithlindsey@example.org,(311)424-6579,Mumbai,Maharashtra,India,2023-08-28,Silver,Active
CUST02961,Elizabeth,Taylor,dustinmccann@example.net,7447579817,Pune,Maharashtra,India,2022-06-16,Gold,Inactive
CUST02962,Andrew,Graham,elizabeth57@example.net,395-477-4061x750,Chennai,Uttar Pradesh,India,2024-02-07,,Active
CUST02963,Rachel,Boyd,jarvisjonathan@example.org,683-590-9853x66196,Jaipur,Karnataka,India,2022-04-03,Gold,Inactive
CUST02964,Carolyn,Martinez,swarren@example.com,001-546-733-3525x4380,Mumbai,Rajasthan,India,2023-06-05,Silver,Active
CUST02965,Christina,Krause,matthew74@example.net,(864)601-5294x6485,Bangalore,Uttar Pradesh,India,2023-01-25,Silver,Inactive
CUST02966,Christopher,Lambert,tracytorres@example.net,001-904-595-0367x5997,Hyderabad,Maharashtra,India,2023-01-05,Gold,Inactive
CUST02967,Justin,Ware,sharpamy@example.org,001-928-379-0682,Mumbai,Uttar Pradesh,India,2022-08-23,Gold,Active
CUST02968,Brad,Taylor,hughesjames@example.net,7722214823,Chennai,Delhi,India,2022-10-09,Silver,Active
CUST02969,Candace,Wilson,wilsonashlee@example.org,+1-362-753-8874x4928,Kolkata,Delhi,India,2022-07-01,Silver,Active
CUST02970,Allen,Petersen,stephenclark@example.net,613.268.8754x88614,Lucknow,Delhi,India,2022-05-24,Silver,Active
CUST02971,Crystal,Brennan,phillipsjessica@example.com,(836)682-6183,Hyderabad,Karnataka,India,2024-06-06,Platinum,Inactive
CUST02972,Heather,Taylor,skinneranna@example.net,695.933.4460,Patna,Uttar Pradesh,India,2024-04-23,Silver,Active
CUST02973,Jessica,Page,dwalker@example.com,(977)298-9233,Patna,Bihar,India,2023-06-16,Gold,Active
CUST02974,Katherine,Byrd,erin23@example.org,+1-456-390-3870,Patna,Delhi,India,2024-03-16,Gold,Active
CUST02975,Cathy,Hughes,cwilliams@example.net,+1-674-642-7155,Bangalore,Karnataka,India,2022-11-10,Gold,Inactive
CUST02976,Veronica,Doyle,qroberson@example.net,456.461.8164x90750,Delhi,Karnataka,India,2022-01-30,Silver,Inactive
CUST02977,Richard,Adams,kelly66@example.com,5215000995,Patna,Uttar Pradesh,India,2022-02-05,Silver,Inactive
CUST02978,Timothy,Hughes,littlejulia@example.org,748.665.4132,Kolkata,West Bengal,India,2024-02-20,Silver,Active
CUST02979,Andrew,Austin,michaelbarber@example.net,(632)331-9413x5897,Delhi,Karnataka,India,2022-04-13,Silver,Active
CUST02980,David,Keith,ashleyjohnson@example.net,001-431-787-3558x59035,Mumbai,Maharashtra,India,2023-03-06,Gold,Inactive
CUST02981,Hunter,Glenn,karen09@example.net,+1-360-265-1894x37465,Jaipur,Rajasthan,India,2023-03-02,Silver,Active
CUST02982,Carl,Santos,drodriguez@example.net,257.817.5550x475,Lucknow,Rajasthan,India,2022-11-15,Gold,Active
CUST02983,Connie,Ward,todd77@example.net,001-753-464-0457x2644,Jaipur,Karnataka,India,2022-11-27,Platinum,Active
CUST02984,Jillian,Walker,brandon92@example.net,001-986-864-0539x13210,Lucknow,Tamil Nadu,India,2023-05-05,Silver,Active
CUST02985,Jessica,Cox,rrodriguez@example.net,+1-203-284-0428,Patna,Bihar,India,2023-06-12,Silver,Active
CUST02986,April,Potts,shelleyyork@example.net,001-732-879-1608,Mumbai,Uttar Pradesh,India,2024-02-01,Gold,Active
CUST02987,Amanda,Garcia,bushallison@example.net,803-906-3130x26719,Pune,Telangana,India,2022-09-13,Silver,Inactive
CUST02988,Joshua,Bishop,adamsjulie@example.net,2542182232,Lucknow,West Bengal,India,2022-12-03,Platinum,Inactive
CUST02989,Justin,Jenkins,tmiller@example.com,(875)772-8067x05769,Patna,Karnataka,India,2024-02-18,Gold,Inactive
CUST02990,Jonathan,Li,alisongray@example.org,(606)636-7366x453,Patna,Delhi,India,2023-11-09,Platinum,Inactive
CUST02991,Kelly,King,wheelermelanie@example.com,001-271-543-3274x6882,Delhi,Tamil Nadu,India,2023-10-10,Silver,Active
CUST02992,Shelby,Cooke,albertlane@example.net,976-208-2437x3489,Delhi,Tamil Nadu,India,2022-05-27,Silver,Inactive
CUST02993,Jennifer,Campbell,melissa94@example.org,7387650375,Delhi,Rajasthan,India,2022-11-27,Gold,Inactive
CUST02994,Debra,Trujillo,shaffercharles@example.org,001-831-888-2278x489,Kolkata,Uttar Pradesh,India,2022-07-12,Gold,Active
CUST02995,Joshua,Garrison,hornlisa@example.com,+1-659-555-0739,Kolkata,Telangana,India,2023-04-10,Platinum,Inactive
CUST02996,Patricia,Fry,alexis78@example.org,+1-797-898-9916,Hyderabad,West Bengal,India,2022-05-01,Gold,Inactive
CUST02997,Nicholas,Brady,xprice@example.org,953.811.7864,Hyderabad,Karnataka,India,2022-07-10,Gold,Inactive
CUST02998,Laura,Evans,butlerwilliam@example.com,001-989-438-9578x2160,Mumbai,Karnataka,India,2023-11-11,Platinum,Inactive
CUST02999,Monique,Lopez,breannamartin@example.org,(579)654-4118x96595,Chennai,Uttar Pradesh,India,2022-03-06,Platinum,Active
CUST03000,Christina,Chavez,debra59@example.net,776-886-4315,Patna,Maharashtra,India,2023-07-11,Silver,Inactive
CUST03001,Kelly,Campbell,elizabethbrown@example.org,807.420.0059x138,Mumbai,Maharashtra,India,2024-04-29,Platinum,Inactive
CUST03002,Tina,Reese,fishershane@example.net,727-575-0265x70546,Chennai,Telangana,India,2022-05-10,Gold,Inactive
CUST03003,Debra,Miller,middletonmarvin@example.com,(544)768-4875,Mumbai,West Bengal,India,2023-07-21,Silver,Inactive
CUST03004,Peter,Caldwell,angelastanley@example.org,001-904-611-8835x8567,Jaipur,Tamil Nadu,India,2024-04-19,Silver,Active
CUST03005,Kevin,Mason,wpowell@example.net,2619161056,Delhi,Tamil Nadu,India,2024-03-05,Platinum,Inactive
CUST03006,Elizabeth,Potter,sextoncheryl@example.org,(217)740-5899x30050,Kolkata,Bihar,India,2023-06-23,Platinum,Active
CUST03007,Shelly,Williams,gbrooks@example.net,3809821243,Jaipur,Karnataka,India,2024-03-30,Platinum,Active
CUST03008,Michelle,Lee,ashleyedwards@example.net,+1-495-903-6146,Jaipur,Bihar,India,2023-12-12,Gold,Active
CUST03009,Richard,Small,michaelsandoval@example.com,651.458.3435x728,Patna,Tamil Nadu,India,2022-04-13,Platinum,Active
CUST03010,Christopher,Clay,nicolejohnson@example.com,001-226-612-4277,Kolkata,Uttar Pradesh,India,2023-07-08,Silver,Inactive
CUST03011,Donald,Butler,thaynes@example.com,696.815.4097x106,Bangalore,Telangana,India,2022-02-20,Gold,Inactive
CUST03012,Holly,Kirk,james23@example.net,(584)791-6754,Lucknow,Karnataka,India,2023-05-03,Silver,Inactive
CUST03013,Paul,Arnold,yadams@example.com,738-908-5305,Mumbai,Telangana,India,2022-01-01,Platinum,Inactive
CUST03014,Monica,Smith,leemario@example.org,+1-796-906-2359x98256,Kolkata,Maharashtra,India,2022-08-02,Silver,Inactive
CUST03015,Hector,Martin,cynthiaarmstrong@example.org,(676)974-5729,Patna,Rajasthan,India,2022-05-24,Silver,Active
CUST03016,Robert,Harper,jennifer15@example.com,245-866-4950x849,Patna,Uttar Pradesh,India,2023-02-05,Gold,Active
CUST03017,Lindsay,Robertson,ysnow@example.org,9316066205,Chennai,Maharashtra,India,2022-09-12,Silver,Inactive
CUST03018,Karen,Evans,ethan93@example.net,(351)350-5679,Bangalore,Maharashtra,India,2022-05-24,Platinum,Active
CUST03019,Courtney,Martin,alvaradokristine@example.org,250.660.9946x198,Lucknow,Bihar,India,2022-07-30,Platinum,Inactive
CUST03020,Michael,Osborne,jamesruiz@example.com,948-323-1226,Chennai,Delhi,India,2024-02-18,Platinum,Active
CUST03021,Jeremy,Duran,gregorybrown@example.com,+1-359-638-6423x2033,Hyderabad,West Bengal,India,2023-06-18,Silver,Inactive
CUST03022,Robert,Smith,washingtontanya@example.com,,Lucknow,Telangana,India,2022-08-26,Silver,Inactive
CUST03023,Melissa,Smith,howardpeter@example.com,+1-505-543-0626x106,Mumbai,Karnataka,India,2022-06-07,Gold,Active
CUST03024,Roger,Henry,christopher92@example.net,610.267.3580x135,Hyderabad,Maharashtra,India,2023-01-26,Platinum,Inactive
CUST03025,Aaron,Diaz,tsmith@example.com,+1-418-699-1527x86809,Kolkata,Bihar,India,2023-03-13,Platinum,Inactive
CUST03026,Elaine,Martinez,amywoodard@example.net,+1-683-963-8811,Hyderabad,Tamil Nadu,India,2024-02-16,Platinum,Active
CUST03027,Monica,Williams,ssimpson@example.com,569-926-9252x771,Kolkata,Karnataka,India,2022-04-01,Silver,Inactive
CUST03028,Breanna,Huffman,hannahduke@example.net,5445567718,Bangalore,Uttar Pradesh,India,2024-05-06,Silver,Active
CUST03029,John,Newton,heathertodd@example.net,(569)383-4140x715,Hyderabad,Telangana,India,2024-06-04,Gold,Inactive
CUST03030,Amy,Boyer,rileymatthew@example.net,(794)222-0879x091,Hyderabad,Karnataka,India,2023-03-06,Silver,Active
CUST03031,Andrew,Banks,melissa88@example.com,296-909-8467,Lucknow,Tamil Nadu,India,2022-04-14,Platinum,Inactive
CUST03032,Edward,Vaughan,mistyfrancis@example.com,742.249.9365x178,Kolkata,Uttar Pradesh,India,2022-08-15,Platinum,Inactive
CUST03033,Joshua,Warner,sellersanna@example.com,(343)227-6759,Lucknow,West Bengal,India,2022-04-17,Platinum,Inactive
CUST03034,Michael,Sims,kelly67@example.com,629.232.3817x24043,Jaipur,Uttar Pradesh,India,2023-09-14,Silver,Active
CUST03035,Jenna,Martin,amanda97@example.net,408-259-9059,Mumbai,Maharashtra,India,2023-08-28,Silver,Active
CUST03036,William,Thomas,scottfigueroa@example.org,(347)215-0515x825,Kolkata,Uttar Pradesh,India,2023-01-05,Gold,Active
CUST03037,Joseph,Cox,xlevy@example.org,(609)963-7815,Lucknow,Rajasthan,India,2022-12-22,Platinum,Active
CUST03038,Eric,Carlson,ellenwheeler@example.com,001-487-872-6456x38808,Bangalore,Delhi,India,2023-02-13,Silver,Active
CUST03039,Jessica,Small,johnsonlatoya@example.org,001-761-481-9378x96967,Chennai,Maharashtra,India,2022-01-25,Gold,Inactive
CUST03040,Jonathan,Short,lindsey30@example.org,765-687-7935x130,Delhi,Rajasthan,India,2024-04-01,Gold,Inactive
CUST03041,Patrick,Schmitt,amandaboyd@example.com,947-478-0702x135,Chennai,Karnataka,India,2024-04-18,Silver,Inactive
CUST03042,Scott,Thomas,fduran@example.org,(782)800-9507,Delhi,Karnataka,India,2023-04-02,Gold,Inactive
CUST03043,Susan,Sims,kellybrady@example.org,+1-722-339-7054x9812,Patna,Tamil Nadu,India,2024-02-27,Platinum,Inactive
CUST03044,Paul,Wagner,haleygarza@example.org,272-953-1575,Bangalore,Karnataka,India,2024-01-29,Silver,Inactive
CUST03045,Sarah,Robinson,lopeztammy@example.net,851-290-5576x98386,Mumbai,Karnataka,India,2024-05-27,Gold,Active
CUST03046,Shari,West,dbennett@example.org,(229)224-2539x982,Hyderabad,Maharashtra,India,2022-11-21,Platinum,Active
CUST03047,Richard,Goodwin,ibrown@example.com,(393)232-7688,Bangalore,Karnataka,India,2023-10-17,Platinum,Inactive
CUST03048,George,Howell,joparrish@example.net,268-535-3015x60708,Patna,Uttar Pradesh,India,2023-10-17,Silver,Inactive
CUST03049,Julie,Stewart,evanvasquez@example.net,465.931.2407x373,Lucknow,Karnataka,India,2024-05-26,Gold,Inactive
CUST03050,David,Krueger,wintersjennifer@example.net,,Patna,Bihar,India,2023-01-06,Gold,Active
CUST03051,Susan,Fleming,jesusthomas@example.net,+1-768-664-5986x576,Pune,Telangana,India,2022-04-25,Platinum,Inactive
CUST03052,Kevin,Campbell,jacquelinemaddox@example.org,644.730.3587x181,Jaipur,West Bengal,India,2024-02-14,Silver,Inactive
CUST03053,Christopher,Davis,andreafox@example.org,+1-945-418-2400x17284,Mumbai,Tamil Nadu,India,2023-09-26,Silver,Active
CUST03054,Monica,Williams,joshuapayne@example.net,+1-691-452-7584x1995,Kolkata,Uttar Pradesh,India,2023-12-30,Gold,Active
CUST03055,Victoria,Bautista,shawn49@example.org,+1-965-366-1851x83741,Chennai,West Bengal,India,2024-01-04,Gold,Inactive
CUST03056,Maurice,King,charles72@example.com,352.289.5077,Bangalore,Maharashtra,India,2022-05-17,Platinum,Inactive
CUST03057,Alexandra,Wells,herringmelanie@example.org,(929)486-8918x043,Kolkata,Maharashtra,India,2023-09-21,Gold,Active
CUST03058,Brian,Mccullough,david87@example.com,212-586-4524x742,Delhi,Tamil Nadu,India,2023-03-30,Platinum,Active
CUST03059,Christopher,Sanders,jacksonmarcus@example.org,355-850-8204,Hyderabad,Delhi,India,2023-11-15,Gold,Active
CUST03060,Karen,Le,dcarter@example.com,2525146866,Pune,Tamil Nadu,India,2024-05-03,Silver,Inactive
CUST03061,Christopher,Shelton,rachel37@example.com,493.642.0674x89977,Pune,Bihar,India,2023-10-26,Silver,Inactive
CUST03062,Regina,Banks,nmassey@example.com,490.759.0045x2182,Delhi,Rajasthan,India,2022-09-07,Gold,Inactive
CUST03063,Jeffery,Armstrong,melanie53@example.org,+1-582-768-6256,Jaipur,Tamil Nadu,India,2023-07-24,Gold,Active
CUST03064,Nicole,Owen,ystevens@example.com,001-301-619-1302x95011,Jaipur,Uttar Pradesh,India,2024-05-18,Platinum,Inactive
CUST03065,Laura,Elliott,justinsmith@example.net,4845292580,Hyderabad,Karnataka,India,2024-02-04,Gold,Inactive
CUST03066,Angela,George,laura03@example.net,814.786.2949,Chennai,Tamil Nadu,India,2023-01-15,Gold,Inactive
CUST03067,Douglas,Key,mark39@example.com,797-968-5150x5920,Patna,Karnataka,India,2022-03-20,Platinum,Active
CUST03068,Laura,Santos,jillianhernandez@example.net,239.240.5366x833,Jaipur,Bihar,India,2024-03-25,Silver,Inactive
CUST03069,Ronald,Howard,susanwise@example.org,956-836-1777,Chennai,Maharashtra,India,2023-07-03,Platinum,Active
CUST03070,Gregory,Castillo,johnsonmelody@example.org,504.232.2719,Chennai,West Bengal,India,2024-01-08,Silver,Inactive
CUST03071,Dorothy,Hubbard,markturner@example.net,696.504.4292x4752,Kolkata,Delhi,India,2022-10-03,,Inactive
CUST03072,Kylie,Winters,kellydillon@example.net,(870)295-6355x834,Kolkata,Uttar Pradesh,India,2023-05-25,Silver,Active
CUST03073,Gary,Price,kimberlybates@example.net,(933)860-9758,Jaipur,Rajasthan,India,2022-01-23,Platinum,Active
CUST03074,Lorraine,Huffman,meyererin@example.org,+1-444-292-1716x189,Lucknow,Bihar,India,2022-12-22,Silver,Inactive
CUST03075,Melinda,Jones,shansen@example.com,001-232-493-3818x613,Hyderabad,Telangana,India,2022-03-08,Platinum,Active
CUST03076,Brian,Robinson,michaelcollins@example.com,001-955-457-0412x767,Kolkata,Rajasthan,India,2024-01-01,Gold,Active
CUST03077,Steve,Hanna,lisa98@example.com,537.432.9616x5998,Pune,Rajasthan,India,2023-02-10,Gold,Inactive
CUST03078,Lisa,Boone,thompsonroberta@example.org,619.264.2476,Pune,West Bengal,India,2022-12-05,Gold,Active
CUST03079,Amanda,Cruz,owright@example.com,+1-846-987-2801x18975,Jaipur,Karnataka,India,2024-02-24,Silver,Active
CUST03080,Jason,Smith,timothy95@example.com,(704)388-9866x85092,Chennai,Maharashtra,India,2023-12-31,Silver,Active
CUST03081,Nicholas,Hernandez,nelsonedward@example.com,200.495.9254x45780,Bangalore,Bihar,India,2023-06-27,Platinum,Active
CUST03082,Timothy,Robinson,bryanhenderson@example.net,(322)883-3601x6739,Kolkata,Bihar,India,2022-09-12,Silver,Active
CUST03083,Rachel,Smith,jessica79@example.net,+1-452-690-9508,Lucknow,Maharashtra,India,2023-10-27,Gold,Active
CUST03084,Gary,Meyer,rodriguezrebecca@example.net,+1-251-434-3877,Bangalore,Uttar Pradesh,India,2022-04-07,Gold,Inactive
CUST03085,Morgan,Case,franksavage@example.net,2256744263,Lucknow,Bihar,India,2023-12-15,Gold,Active
CUST03086,Brooke,Harvey,mtrujillo@example.com,+1-866-746-9094x6144,Hyderabad,Karnataka,India,2022-04-09,Silver,Inactive
CUST03087,Sean,Espinoza,timothyperez@example.com,001-909-493-7583x4048,Hyderabad,Rajasthan,India,2024-06-19,Silver,Active
CUST03088,Jake,Wilson,silvascott@example.org,+1-460-460-5551x02979,Bangalore,Tamil Nadu,India,2022-09-24,Silver,Inactive
CUST03089,Thomas,Valenzuela,steven26@example.org,(848)208-9511x777,Mumbai,Karnataka,India,2023-10-25,Gold,Active
CUST03090,Christopher,Reyes,browntimothy@example.com,641-629-6725x5124,Hyderabad,Delhi,India,2023-06-21,Platinum,Active
CUST03091,Michael,Hall,codyblackwell@example.com,567.943.0120x33612,Delhi,Karnataka,India,2023-07-25,Silver,Active
CUST03092,Austin,Howard,fbender@example.com,001-852-498-2948x22720,Jaipur,Delhi,India,2022-01-02,Silver,Inactive
CUST03093,Andrea,Santiago,wbradford@example.net,291.984.2858,Hyderabad,Delhi,India,2023-01-29,Platinum,Inactive
CUST03094,Joseph,Burnett,xortega@example.com,(803)916-7440x89332,Mumbai,Bihar,India,2024-05-29,Silver,Inactive
CUST03095,Laura,Taylor,olester@example.net,959.749.0684,Jaipur,Tamil Nadu,India,2022-07-06,Gold,Active
CUST03096,Tyler,Fernandez,derricklewis@example.org,211-452-7464x4703,Patna,Karnataka,India,2024-06-12,Platinum,Active
CUST03097,John,Figueroa,carlstein@example.com,511-625-2226,Patna,West Bengal,India,2023-03-28,Silver,Inactive
CUST03098,Eric,Palmer,nholt@example.net,746-263-4530x1932,Kolkata,Delhi,India,2022-02-01,Platinum,Active
CUST03099,Brian,Valenzuela,chelseaalvarez@example.net,(772)218-6547x1106,Hyderabad,Telangana,India,2024-04-06,Silver,Inactive
CUST03100,Harold,Acevedo,lewiseugene@example.com,663.345.1882x212,Patna,West Bengal,India,2023-12-01,Silver,Active
CUST03101,Amanda,Daugherty,millerkevin@example.com,354.968.4685,Pune,Bihar,India,2023-05-25,Platinum,Inactive
CUST03102,Marcus,Walters,robertibarra@example.net,309-648-4136x9849,Jaipur,Uttar Pradesh,India,2023-04-11,Gold,Active
CUST03103,Sara,Garcia,vasquezerin@example.com,+1-490-584-1923x286,Jaipur,Maharashtra,India,2023-11-16,Gold,Active
CUST03104,Kathryn,Cole,ryanjohn@example.org,302.435.9597x456,Patna,Tamil Nadu,India,2023-01-10,Gold,Active
CUST03105,Stephanie,Johnson,freemanandrea@example.net,+1-708-304-1935x3366,Bangalore,Delhi,India,2024-03-24,Gold,Active
CUST03106,Dwayne,Orr,georgegomez@example.org,+1-201-763-6614x6295,Kolkata,Maharashtra,India,2023-05-07,Platinum,Active
CUST03107,Joseph,Young,joelrichard@example.net,(746)384-9845x28574,Chennai,West Bengal,India,2023-11-11,Platinum,Inactive
CUST03108,Darrell,Esparza,nelsonsarah@example.net,956.495.6698x633,Jaipur,Tamil Nadu,India,2024-02-15,Gold,Inactive
CUST03109,Collin,Hooper,casemegan@example.net,(455)309-5677x223,Lucknow,Tamil Nadu,India,2022-05-19,Gold,Inactive
CUST03110,Christine,Shaw,qphillips@example.org,001-922-759-0333x0077,Bangalore,Uttar Pradesh,India,2023-02-18,Silver,Inactive
CUST03111,James,Wiley,jamesperez@example.org,6964107737,Lucknow,Maharashtra,India,2022-01-25,Gold,Inactive
CUST03112,Diana,Simpson,justinreyes@example.org,277-659-6043x9860,Bangalore,Telangana,India,2023-09-17,Gold,Inactive
CUST03113,Randy,Carter,dixonsarah@example.org,808-262-6082x6754,Delhi,West Bengal,India,2024-02-29,Silver,Active
CUST03114,Andrea,Stephenson,castrovernon@example.net,634.851.6382x2806,Hyderabad,West Bengal,India,2022-04-02,Silver,Inactive
CUST03115,Mary,Hernandez,mhoffman@example.org,001-392-924-3622x563,Delhi,West Bengal,India,2024-01-27,Silver,Active
CUST03116,Sara,Smith,troy@example.org,001-562-260-1450x18410,Bangalore,Tamil Nadu,India,2022-11-07,Gold,Active
CUST03117,Catherine,Smith,timothy13@example.net,001-522-893-1155x6301,Bangalore,West Bengal,India,2024-04-23,Platinum,Active
CUST03118,Lisa,Hart,colleen11@example.org,(375)967-0227x174,Chennai,Delhi,India,2023-06-05,Silver,Active
CUST03119,Lorraine,Garcia,hcampbell@example.com,219.679.9829x07094,Patna,Tamil Nadu,India,2023-04-14,Platinum,Inactive
CUST03120,Krista,Salazar,eodonnell@example.com,+1-273-229-2244x626,Pune,Rajasthan,India,2022-03-16,Silver,Active
CUST03121,Angie,Gray,sandovalkenneth@example.net,3993418081,Bangalore,Tamil Nadu,India,2022-02-16,Platinum,Active
CUST03122,Laurie,Rocha,smithbrent@example.org,(329)636-8694x2792,Delhi,Tamil Nadu,India,2022-10-25,Platinum,Inactive
CUST03123,Andrew,Hanna,michaelstephenson@example.net,872.231.1661x55237,Bangalore,Tamil Nadu,India,2022-07-01,Gold,Inactive
CUST03124,Martin,Green,douglas82@example.org,9949594855,Patna,Bihar,India,2022-02-15,Platinum,Active
CUST03125,Preston,Graves,philip05@example.com,517-994-1460,Hyderabad,Uttar Pradesh,India,2023-09-29,Platinum,Inactive
CUST03126,Edward,Bond,stephen40@example.org,(620)994-7167,Hyderabad,Uttar Pradesh,India,2022-07-29,Platinum,Active
CUST03127,Matthew,Ware,fvalenzuela@example.org,+1-605-420-4535x471,Bangalore,Uttar Pradesh,India,2023-03-02,Gold,Active
CUST03128,Barry,Campbell,natasha44@example.com,559.789.3845,Lucknow,Telangana,India,2024-04-16,Platinum,Active
CUST03129,Jessica,Parrish,grantburns@example.org,+1-436-911-4104x39472,Bangalore,Delhi,India,2023-10-04,Platinum,Inactive
CUST03130,Daniel,Salas,zwilliamson@example.com,+1-848-960-2322x29366,Pune,Maharashtra,India,2022-05-12,Platinum,Active
CUST03131,Jill,Smith,kthomas@example.org,001-372-314-9488x9949,Patna,Rajasthan,India,2022-04-29,Silver,Active
CUST03132,Heidi,Perez,james15@example.org,340.775.7756,Chennai,Bihar,India,2023-07-04,Platinum,Inactive
CUST03133,Yolanda,Jones,jimmymurphy@example.org,905.343.3528,Bangalore,Telangana,India,2023-11-29,Platinum,Inactive
CUST03134,Samantha,Johnson,michelle31@example.com,(278)932-0397x89314,Kolkata,Telangana,India,2022-10-19,Silver,Active
CUST03135,Melissa,Jackson,melissamoon@example.net,001-433-224-0445,Pune,Maharashtra,India,2023-02-09,Platinum,Inactive
CUST03136,Nicholas,Mcfarland,jasonprince@example.net,476-586-8710x24667,Patna,West Bengal,India,2022-07-25,Silver,Inactive
CUST03137,Jessica,Fuller,angelabaker@example.com,576.666.1534x4810,Mumbai,Maharashtra,India,2023-05-06,Silver,Active
CUST03138,Jessica,Anthony,mwilson@example.net,433-555-0591x83514,Bangalore,Bihar,India,2024-05-03,Silver,Active
CUST03139,Holly,Goodwin,dhicks@example.org,483.233.9694x7866,Bangalore,Karnataka,India,2022-09-05,Gold,Active
CUST03140,David,Munoz,davidsmith@example.org,7902891965,Kolkata,Delhi,India,2023-03-29,Platinum,Active
CUST03141,Patty,Campos,moraapril@example.com,466.870.4599,Pune,Karnataka,India,2024-02-26,Silver,Active
CUST03142,Elizabeth,Webster,hillblake@example.net,9339324645,Chennai,Telangana,India,2022-06-06,Silver,Inactive
CUST03143,Kenneth,Scott,vcrawford@example.com,001-975-575-8089x72750,Pune,Delhi,India,2023-04-19,Gold,Inactive
CUST03144,Ryan,Phillips,tiffany51@example.com,001-729-285-1108x538,Hyderabad,West Bengal,India,2022-06-06,Silver,Active
CUST03145,Sonia,Salazar,obrienann@example.com,(533)991-4632,Pune,Karnataka,India,2022-07-08,Platinum,Inactive
CUST03146,Robert,Perkins,alyssasampson@example.net,+1-887-379-0355x052,Lucknow,Maharashtra,India,2022-01-26,Silver,Inactive
CUST03147,Jody,Fitzgerald,mdoyle@example.com,001-900-743-8420x198,Patna,Bihar,India,2023-07-25,Platinum,Inactive
CUST03148,Michelle,Wright,harrylee@example.org,639.803.4790,Mumbai,Maharashtra,India,2022-02-28,Gold,Active
CUST03149,Jack,White,jodipayne@example.org,(866)796-1456,Patna,Karnataka,India,2023-09-26,Gold,Active
CUST03150,Stefanie,Jones,lauren96@example.com,731-222-8705x125,Mumbai,Tamil Nadu,India,2022-05-27,Silver,Inactive
CUST03151,Tiffany,Mcbride,christopher22@example.net,(910)472-5968,Kolkata,Delhi,India,2022-01-04,Gold,Active
CUST03152,Matthew,Perry,danielbradley@example.org,+1-496-461-4274x5844,Pune,Delhi,India,2024-05-27,Platinum,Active
CUST03153,Jonathon,Rodriguez,perezharold@example.net,2865220898,Lucknow,Uttar Pradesh,India,2022-01-21,Gold,Inactive
CUST03154,Dawn,Harris,anne92@example.com,(590)364-2412,Pune,Rajasthan,India,2023-04-06,Platinum,Inactive
CUST03155,Tina,Glenn,wilsonmichelle@example.net,993.310.7722,Lucknow,Rajasthan,India,2022-12-20,Silver,Inactive
CUST03156,Caitlin,Reynolds,cpeterson@example.net,+1-846-325-4901,Chennai,Tamil Nadu,India,2023-07-04,Silver,Inactive
CUST03157,Yolanda,Ingram,edward74@example.com,(390)796-9633,Patna,Uttar Pradesh,India,2023-10-15,Gold,Active
CUST03158,Michael,Velasquez,larrypeterson@example.org,001-661-752-3244x30055,Delhi,Uttar Pradesh,India,2023-01-12,Gold,Active
CUST03159,William,Bell,cameron90@example.org,698.304.9892x2025,Lucknow,Uttar Pradesh,India,2022-02-13,Platinum,Active
CUST03160,Tina,Wells,kristinwebb@example.net,773.290.8338x809,Patna,Karnataka,India,2023-02-16,Silver,Inactive
CUST03161,Jennifer,Gonzalez,eharris@example.com,001-715-351-6038x69327,Bangalore,Rajasthan,India,2023-03-08,Platinum,Inactive
CUST03162,Shawn,Jenkins,laurawebb@example.net,,Bangalore,Rajasthan,India,2023-03-31,Gold,Inactive
CUST03163,Regina,Jones,davispamela@example.net,6208537141,Bangalore,Bihar,India,2022-11-30,Platinum,Active
CUST03164,Kenneth,Carter,vasquezdonald@example.com,(329)953-8728x5579,Pune,Tamil Nadu,India,2022-09-09,Platinum,Active
CUST03165,Ryan,Davis,kclark@example.com,378-359-2653x058,Kolkata,Karnataka,India,2024-06-13,Gold,Inactive
CUST03166,Timothy,Kelly,ayalajoseph@example.net,943-881-2321,Hyderabad,Tamil Nadu,India,2023-01-19,Gold,Active
CUST03167,Kevin,Howell,wolferhonda@example.com,+1-892-778-1021,Mumbai,West Bengal,India,2023-04-27,Platinum,Inactive
CUST03168,Andrew,Anderson,robertpeterson@example.org,001-473-707-6197,Kolkata,Uttar Pradesh,India,2022-11-04,Silver,Active
CUST03169,Jason,Brown,michelleburnett@example.net,001-791-970-2747,Chennai,West Bengal,India,2022-08-11,Silver,Inactive
CUST03170,Kevin,Vega,chungalexander@example.org,539-419-6269x48385,Bangalore,Bihar,India,2023-06-14,Gold,Active
CUST03171,Jennifer,Henson,jamiewade@example.com,865-369-7870x64051,Pune,Uttar Pradesh,India,2023-12-12,Platinum,Active
CUST03172,April,Hill,justin25@example.org,(275)561-6302,Kolkata,Bihar,India,2022-10-07,Platinum,Inactive
CUST03173,Joseph,Rodriguez,annarogers@example.net,933.277.1555x65445,Pune,Bihar,India,2023-08-12,Gold,Inactive
CUST03174,Christopher,Stone,scottfinley@example.org,001-860-259-7750,Pune,Bihar,India,2023-04-25,Gold,Inactive
CUST03175,Edward,Mora,amy27@example.org,(925)359-2362,Kolkata,West Bengal,India,2023-09-18,Platinum,Active
CUST03176,Steven,Watkins,whiteshawn@example.com,001-973-943-5625x16681,Mumbai,Maharashtra,India,2023-11-24,Silver,Active
CUST03177,Sandra,Calderon,conwaydouglas@example.net,+1-428-531-2909,Delhi,Karnataka,India,2022-01-09,Silver,Inactive
CUST03178,Brandi,Archer,wmoore@example.com,(903)696-2334,Pune,Bihar,India,2023-01-01,Silver,Inactive
CUST03179,Nicholas,Hawkins,danielbrian@example.net,001-751-826-1927x99659,Mumbai,Karnataka,India,2024-05-10,Platinum,Inactive
CUST03180,Anne,Stewart,masondeborah@example.net,(326)689-9698,Lucknow,Rajasthan,India,2023-08-21,Gold,Active
CUST03181,Melissa,Scott,thomas00@example.com,001-629-707-2060,Hyderabad,Maharashtra,India,2022-10-24,Platinum,Active
CUST03182,Erin,Schneider,kleinjustin@example.net,+1-323-747-6891,Patna,Uttar Pradesh,India,2022-06-05,Silver,Inactive
CUST03183,Robert,Jackson,jessica32@example.org,511.821.5353x88184,Jaipur,West Bengal,India,2022-06-12,Platinum,Inactive
CUST03184,Christine,Myers,taylor09@example.com,+1-328-731-1715,Hyderabad,Tamil Nadu,India,2023-12-18,Silver,Active
CUST03185,Aaron,Gray,martinwilson@example.com,915-636-3251,Mumbai,Delhi,India,2023-04-01,Silver,Inactive
CUST03186,Tara,Potts,valerie00@example.org,001-391-793-7714,Bangalore,Rajasthan,India,2023-04-30,Silver,Active
CUST03187,Cassandra,Arnold,david16@example.net,448.416.6113x9264,Chennai,Rajasthan,India,2023-08-24,Platinum,Active
CUST03188,Roger,Mcguire,joshua02@example.com,244.800.8690x7164,Delhi,Rajasthan,India,2023-04-04,Platinum,Inactive
CUST03189,Allen,Nguyen,ybutler@example.org,(444)937-9776x191,Mumbai,Karnataka,India,2022-12-14,Silver,Active
CUST03190,Chad,Atkinson,melaniepeterson@example.net,214-227-9072x192,Kolkata,Telangana,India,2022-05-19,Platinum,Inactive
CUST03191,Patrick,Rivera,barrettjames@example.net,794.799.1063,Mumbai,Tamil Nadu,India,2022-06-03,Platinum,Inactive
CUST03192,Gavin,Mccoy,jennifer46@example.net,(504)999-5664x182,Mumbai,Karnataka,India,2022-10-27,Platinum,Inactive
CUST03193,Erin,Gilmore,brianking@example.net,+1-672-328-4156x330,Kolkata,Uttar Pradesh,India,2022-01-17,Silver,Inactive
CUST03194,Jennifer,Moore,stephen61@example.com,001-945-843-1449x90973,Hyderabad,Tamil Nadu,India,2024-05-21,Platinum,Inactive
CUST03195,Stephanie,Rivera,petersondaniel@example.net,+1-287-871-2551x71614,Delhi,Rajasthan,India,2023-06-17,Gold,Active
CUST03196,Jenny,Finley,thomastina@example.net,940.563.2867,Pune,Telangana,India,2022-02-23,Gold,Inactive
CUST03197,Tracy,Underwood,nicole22@example.com,001-402-881-8527x8698,Chennai,Delhi,India,2023-03-20,Gold,Inactive
CUST03198,Brian,Hill,zprice@example.com,001-496-678-0347x8788,Mumbai,Karnataka,India,2023-11-07,Platinum,Active
CUST03199,Karen,Watts,thompsonjeremy@example.net,9962537366,Kolkata,Delhi,India,2022-05-14,Platinum,Active
CUST03200,Derek,Blair,mgomez@example.com,+1-227-920-5759x492,Bangalore,Tamil Nadu,India,2022-11-06,Gold,Inactive
CUST03201,Kenneth,Hubbard,imoore@example.org,(412)427-0776,Delhi,Telangana,India,2023-02-02,Platinum,Inactive
CUST03202,Mary,Ayala,dlee@example.com,+1-815-281-2001,Chennai,West Bengal,India,2022-12-10,Gold,Inactive
CUST03203,Lisa,Torres,edonaldson@example.net,(437)748-4243x15802,Chennai,Bihar,India,2023-12-26,Gold,Inactive
CUST03204,Caitlin,Williams,owhite@example.com,8109665482,Pune,Rajasthan,India,2023-07-20,Gold,Inactive
CUST03205,Catherine,Carroll,smithamanda@example.org,(837)674-8085x75550,Lucknow,Maharashtra,India,2022-03-27,Platinum,Inactive
CUST03206,Bruce,Davis,gutierrezchristian@example.org,895.788.3344x9287,Jaipur,Maharashtra,India,2024-06-01,Silver,Active
CUST03207,Mary,Valdez,kimberly76@example.org,+1-721-559-1771,Mumbai,Tamil Nadu,India,2024-04-05,Silver,Active
CUST03208,Robert,Mcfarland,bruce09@example.com,001-812-681-5113x35073,Mumbai,Bihar,India,2023-01-18,Platinum,Active
CUST03209,Brian,Stewart,dthomas@example.com,001-993-797-7416,Mumbai,Maharashtra,India,2024-03-08,Silver,Active
CUST03210,Timothy,Franco,christophersullivan@example.com,+1-515-878-5458x66613,Chennai,Maharashtra,India,2024-01-25,Silver,Inactive
CUST03211,Sandra,Carson,nancy36@example.com,570.458.1615x286,Chennai,Maharashtra,India,2023-10-09,Platinum,Active
CUST03212,James,Nichols,sarah97@example.org,(389)428-3102,Patna,Tamil Nadu,India,2022-02-27,Platinum,Active
CUST03213,Adam,Nguyen,howardanthony@example.com,960-717-8402x21913,Mumbai,Maharashtra,India,2022-07-10,Silver,Inactive
CUST03214,Andrew,Johnson,ashley32@example.com,7888706084,Pune,Tamil Nadu,India,2024-03-21,Silver,Active
CUST03215,Heidi,Roberts,danny53@example.com,+1-464-801-0532x68736,Chennai,West Bengal,India,2023-02-01,Silver,Inactive
CUST03216,James,Murphy,stokesshawn@example.com,270.926.2316x48434,Pune,Rajasthan,India,2024-04-17,,Active
CUST03217,Jason,Blevins,lucasdaniel@example.net,+1-618-626-1661x054,Hyderabad,Delhi,India,2023-04-26,Gold,Active
CUST03218,Andrew,Hensley,pjohnson@example.net,+1-204-766-7215x1594,Delhi,Maharashtra,India,2023-06-04,Silver,Active
CUST03219,Juan,Walters,adam06@example.net,+1-869-440-3993,Patna,West Bengal,India,2022-09-27,Platinum,Active
CUST03220,Mark,Bell,cdrake@example.com,239.390.1099x050,Mumbai,Maharashtra,India,2023-12-18,Silver,Active
CUST03221,Roy,Romero,eramsey@example.net,(849)640-1293,Chennai,Tamil Nadu,India,2024-05-18,Silver,Inactive
CUST03222,Joseph,Roberts,fconway@example.com,+1-363-403-6312x32438,Kolkata,Telangana,India,2023-10-13,Platinum,Inactive
CUST03223,Jeffery,Johnson,watsoncharles@example.org,+1-916-571-4539x299,Hyderabad,Tamil Nadu,India,2023-06-03,Gold,Inactive
CUST03224,Mackenzie,Klein,istokes@example.com,+1-358-645-3434,Chennai,Tamil Nadu,India,2024-04-24,Platinum,Active
CUST03225,Dwayne,Hamilton,gabrielsharp@example.net,380.307.8879x486,Hyderabad,Telangana,India,2023-11-02,Silver,Active
CUST03226,Brittney,Conner,jeremiahkent@example.org,815.415.0180,Mumbai,Rajasthan,India,2022-03-05,Gold,Active
CUST03227,Lisa,Cherry,garrettomar@example.com,(767)870-0679x806,Bangalore,Maharashtra,India,2023-09-27,Platinum,Inactive
CUST03228,Kenneth,Ortiz,torrestammy@example.com,7008834451,Mumbai,Karnataka,India,2022-01-13,Platinum,Inactive
CUST03229,Jimmy,Christian,uadams@example.org,992-740-8215x48982,Kolkata,Maharashtra,India,2023-12-16,Platinum,Inactive
CUST03230,Brad,Thomas,matthewsdonna@example.com,953.516.3421,Chennai,Rajasthan,India,2024-01-15,Gold,Inactive
CUST03231,Theresa,Wilson,buchananscott@example.org,+1-360-605-3227x917,Lucknow,Telangana,India,2023-01-15,Gold,Inactive
CUST03232,Jessica,Klein,jeremywood@example.net,(999)344-0811x537,Pune,Tamil Nadu,India,2023-07-14,Platinum,Active
CUST03233,Casey,Reese,benjaminallen@example.net,763-643-0060,Chennai,Uttar Pradesh,India,2022-02-13,Gold,Inactive
CUST03234,Maria,Campbell,corey39@example.com,+1-252-936-3151,Bangalore,Rajasthan,India,2022-11-29,Gold,Inactive
CUST03235,Anthony,Woods,uhicks@example.org,424-576-5057,Patna,Uttar Pradesh,India,2022-06-06,Gold,Active
CUST03236,Steven,Harris,cunninghamnicholas@example.org,001-487-886-4163x020,Patna,Karnataka,India,2024-06-13,,Active
CUST03237,Mary,Flores,hallamanda@example.net,+1-850-506-2528x6883,Chennai,Delhi,India,2023-02-14,Gold,Active
CUST03238,Brett,Gonzalez,jgarcia@example.com,001-294-630-5068x50894,Kolkata,Bihar,India,2022-06-04,Silver,Active
CUST03239,Hayden,Bailey,iward@example.org,310.784.1573,Bangalore,Rajasthan,India,2022-01-17,Silver,Inactive
CUST03240,Michael,Hernandez,aharper@example.net,6992214827,Pune,Delhi,India,2022-12-12,Gold,Inactive
CUST03241,Willie,Beck,turnerchristine@example.net,606-306-3367x190,Hyderabad,West Bengal,India,2022-06-12,Gold,Active
CUST03242,Stacey,Berg,kellysamantha@example.org,866-769-9917,Lucknow,Rajasthan,India,2022-07-14,Gold,Inactive
CUST03243,Michael,Benton,rebeccabutler@example.com,(910)432-2606x61078,Patna,Rajasthan,India,2024-05-22,Platinum,Active
CUST03244,Joanne,Miller,jimmy57@example.org,001-402-794-5099,Mumbai,Maharashtra,India,2022-12-28,Gold,Inactive
CUST03245,Joseph,Flores,kimberly91@example.org,677.542.9564x07390,Hyderabad,Bihar,India,2023-09-15,,Inactive
CUST03246,Amber,Simmons,brose@example.org,938.847.5730x4698,Pune,Uttar Pradesh,India,2024-04-02,Gold,Active
CUST03247,Barbara,Taylor,dwells@example.com,742.383.2955,Patna,Karnataka,India,2022-11-12,Platinum,Inactive
CUST03248,Patrick,Sanchez,stuartstewart@example.com,977-546-4388x6711,Kolkata,Uttar Pradesh,India,2023-12-02,Platinum,Active
CUST03249,Candice,Fernandez,gonzalezjeffrey@example.com,+1-840-576-3240x07086,Patna,West Bengal,India,2023-09-06,Gold,Inactive
CUST03250,Cynthia,Coleman,nicole46@example.com,339.582.8723x1998,Chennai,Bihar,India,2024-01-13,Gold,Inactive
CUST03251,Ian,Garcia,xarias@example.net,+1-366-411-6739,Delhi,Rajasthan,India,2022-03-06,Gold,Inactive
CUST03252,Michael,Collins,rossashley@example.com,(667)712-1429x099,Pune,Karnataka,India,2022-09-10,Platinum,Active
CUST03253,Jasmine,Anthony,jsmith@example.net,389.734.3074x67794,Chennai,Rajasthan,India,2024-06-11,Gold,Inactive
CUST03254,Erica,Kline,deborahmoore@example.com,+1-433-741-1628,Chennai,Tamil Nadu,India,2023-08-15,Silver,Inactive
CUST03255,Nicholas,Roberts,cwilliamson@example.org,(366)233-0704x0995,Kolkata,Tamil Nadu,India,2024-03-11,Platinum,Active
CUST03256,Troy,Bennett,hayesrussell@example.org,+1-600-557-9853,Pune,Rajasthan,India,2024-04-12,Platinum,Inactive
CUST03257,Anna,Zavala,christopherfisher@example.net,(580)911-8431,Chennai,West Bengal,India,2022-01-20,Silver,Inactive
CUST03258,Carly,Price,larry49@example.com,001-873-784-2690,Patna,Karnataka,India,2024-02-08,Silver,Inactive
CUST03259,Ryan,Hull,hammondkelly@example.net,750.789.7070x720,Kolkata,Telangana,India,2023-04-19,Silver,Inactive
CUST03260,Andrew,Garcia,martha00@example.com,+1-589-912-3719x369,Pune,Telangana,India,2023-02-03,Platinum,Active
CUST03261,Jill,Marsh,cynthia17@example.net,+1-784-292-4789x212,Delhi,Rajasthan,India,2023-01-08,Silver,Active
CUST03262,Nicholas,Garrett,martinrebecca@example.net,001-365-467-4377x671,Delhi,Karnataka,India,2023-10-11,Gold,Inactive
CUST03263,Gary,Gardner,ryanbailey@example.com,930-371-9300,Patna,Telangana,India,2023-07-30,Gold,Inactive
CUST03264,Scott,Gonzalez,timothy07@example.com,001-236-708-8599x20020,Kolkata,West Bengal,India,2022-11-18,Silver,Active
CUST03265,Alejandro,Watson,wcook@example.com,4836375217,Kolkata,Maharashtra,India,2023-09-04,Gold,Active
CUST03266,Bethany,Howard,mayowhitney@example.com,464.494.9994,Pune,West Bengal,India,2024-01-24,Platinum,Inactive
CUST03267,Samantha,Schroeder,stanleyerica@example.com,943-813-6239,Bangalore,Uttar Pradesh,India,2022-09-12,Platinum,Active
CUST03268,Stephen,Stout,simsjay@example.org,001-472-761-8556,Hyderabad,Tamil Nadu,India,2022-11-02,Silver,Inactive
CUST03269,Matthew,Gonzalez,lauraross@example.net,745-874-8684,Delhi,Uttar Pradesh,India,2022-01-26,Silver,Inactive
CUST03270,Anthony,Jackson,joshua96@example.org,(880)893-2815x3521,Patna,Rajasthan,India,2023-04-22,Platinum,Inactive
CUST03271,Greg,Calderon,dhardy@example.com,(235)660-6300,Patna,Rajasthan,India,2023-07-23,Gold,Active
CUST03272,Rebecca,Saunders,rbryant@example.net,(367)766-4210x60522,Lucknow,Telangana,India,2022-10-08,Silver,Inactive
CUST03273,Christopher,Anderson,kcoffey@example.net,755-859-0968,Patna,Bihar,India,2022-10-19,Gold,Active
CUST03274,Sergio,White,chad10@example.com,001-307-992-4030x7962,Delhi,Karnataka,India,2022-05-07,Platinum,Inactive
CUST03275,Cheyenne,Hicks,dbarker@example.org,001-314-923-0037x81245,Patna,Karnataka,India,2023-01-13,Platinum,Inactive
CUST03276,Christopher,Warren,garrettjared@example.net,716-629-0964,Delhi,Uttar Pradesh,India,2023-07-18,Platinum,Inactive
CUST03277,Brittany,Avila,archerbradley@example.com,(559)511-6052,Patna,Karnataka,India,2023-02-10,Platinum,Active
CUST03278,Dawn,Davis,ysweeney@example.org,(288)272-2766x88856,Hyderabad,Karnataka,India,2023-10-22,Platinum,Active
CUST03279,Karen,Nelson,shorton@example.com,4195270248,Delhi,Bihar,India,2023-06-08,Gold,Active
CUST03280,Steven,Casey,gsharp@example.org,7258258599,Patna,Bihar,India,2022-03-11,Silver,Active
CUST03281,Andrea,Anderson,kayla10@example.com,360.200.3093,Pune,Maharashtra,India,2024-01-01,Gold,Inactive
CUST03282,Oscar,Smith,joshua61@example.com,369.846.2992,Mumbai,Uttar Pradesh,India,2022-12-13,Gold,Active
CUST03283,Stephen,Moss,krista11@example.com,521-320-0542x11177,Bangalore,West Bengal,India,2023-05-20,Silver,Inactive
CUST03284,Susan,Estrada,tiffany71@example.org,453-301-5024x9860,Bangalore,Bihar,India,2023-10-20,Platinum,Active
CUST03285,Theresa,Vargas,andre08@example.org,+1-382-450-5173x413,Pune,Rajasthan,India,2024-04-13,Silver,Active
CUST03286,Stephen,Kelley,millerashley@example.com,713-376-9920,Hyderabad,Tamil Nadu,India,2024-02-21,Silver,Active
CUST03287,Mary,Callahan,bcastro@example.com,+1-333-875-4407x238,Jaipur,Delhi,India,2023-10-23,Silver,Active
CUST03288,Jeffrey,Smith,coreywoods@example.org,+1-979-440-8130x80760,Delhi,Delhi,India,2023-05-06,Silver,Active
CUST03289,Matthew,Edwards,robertscrystal@example.org,(481)200-5329x65916,Patna,West Bengal,India,2022-06-06,Gold,Inactive
CUST03290,Jack,Chaney,riverajose@example.org,001-370-281-6012x9843,Bangalore,Delhi,India,2023-02-01,Platinum,Inactive
CUST03291,Megan,Chavez,fcallahan@example.com,(605)636-1577x59510,Delhi,Uttar Pradesh,India,2023-05-20,Platinum,Active
CUST03292,Lindsay,Weaver,benjaminballard@example.org,(793)430-6217,Pune,Delhi,India,2022-02-11,Silver,Active
CUST03293,John,Stewart,lucasday@example.net,857.557.1927,Lucknow,Delhi,India,2023-08-20,Gold,Active
CUST03294,Amanda,Kelly,qdyer@example.net,(818)689-2379,Chennai,West Bengal,India,2023-08-19,Silver,Inactive
CUST03295,Jenna,Martin,lorijackson@example.net,6363517740,Patna,West Bengal,India,2022-08-06,Silver,Inactive
CUST03296,Patrick,Riley,lindsay52@example.org,865.233.6898x97862,Jaipur,Karnataka,India,2022-09-30,Platinum,Inactive
CUST03297,Jeffrey,Park,vincent50@example.org,8285345179,Pune,Telangana,India,2022-06-13,Gold,Active
CUST03298,Jenna,Hopkins,navarrojohn@example.org,941-403-5480,Hyderabad,Uttar Pradesh,India,2022-12-01,Silver,Inactive
CUST03299,Jonathan,Parker,yperry@example.org,822-762-6876x4748,Delhi,Rajasthan,India,2023-04-08,Platinum,Inactive
CUST03300,Charles,Harris,pedroross@example.org,+1-778-439-8123x642,Patna,Maharashtra,India,2022-07-29,Silver,Inactive
CUST03301,Jamie,Smith,nicole64@example.com,001-926-875-0349x67802,Mumbai,Tamil Nadu,India,2024-04-03,Silver,Inactive
CUST03302,James,Hooper,mhall@example.com,(945)264-9377x444,Pune,Telangana,India,2024-05-02,Gold,Inactive
CUST03303,Donna,Clark,timothy23@example.org,224.482.7344x7489,Pune,Telangana,India,2022-02-25,Silver,Active
CUST03304,Katherine,Roberson,david41@example.net,+1-556-662-1294x138,Delhi,Tamil Nadu,India,2022-11-14,Silver,Inactive
CUST03305,Teresa,Bailey,wendy70@example.com,001-592-606-9801x48020,Lucknow,Uttar Pradesh,India,2022-07-31,Platinum,Inactive
CUST03306,Brandy,Allen,gjohnson@example.net,939.971.6436x5120,Bangalore,Bihar,India,2023-04-14,Gold,Inactive
CUST03307,Ashley,Osborn,dguerra@example.net,723-680-2512,Kolkata,Telangana,India,2023-07-29,Platinum,Active
CUST03308,Julie,Copeland,nicole61@example.com,001-300-786-2890x9393,Kolkata,Maharashtra,India,2022-03-21,Silver,Active
CUST03309,Aaron,Guerrero,murrayjoel@example.com,939-295-4078x464,Delhi,Delhi,India,2023-09-27,Gold,Active
CUST03310,Hailey,Everett,andrewhart@example.net,358-266-5708x42995,Lucknow,Uttar Pradesh,India,2022-11-07,Platinum,Active
CUST03311,Terri,Brown,grobertson@example.net,(671)709-8462,Delhi,Karnataka,India,2022-04-10,Silver,Active
CUST03312,Robert,Gardner,craiggardner@example.net,001-745-974-7031x3132,Chennai,Maharashtra,India,2023-03-10,Gold,Inactive
CUST03313,Mariah,Russell,drose@example.net,001-564-318-0975x136,Delhi,Telangana,India,2023-11-01,Silver,Active
CUST03314,Eugene,Haynes,hunterwilliam@example.net,+1-368-204-8812x5171,Patna,Telangana,India,2022-11-06,Gold,Active
CUST03315,Paul,Moreno,emily77@example.com,2987446493,Delhi,Rajasthan,India,2022-05-04,Silver,Active
CUST03316,Christopher,Elliott,cummingscarrie@example.org,(725)408-0326,Mumbai,Tamil Nadu,India,2022-04-26,Gold,Inactive
CUST03317,Anita,Lowe,katelyn69@example.org,8916761777,Delhi,Rajasthan,India,2022-10-04,Silver,Active
CUST03318,Todd,Wheeler,wortiz@example.org,(207)369-6332,Mumbai,Uttar Pradesh,India,2022-08-09,Platinum,Inactive
CUST03319,Tyler,Meyers,arthur08@example.com,874.865.8690x12705,Delhi,Rajasthan,India,2022-01-31,Gold,Inactive
CUST03320,Todd,Fischer,vanessabrown@example.net,567-885-6596x2718,Patna,Delhi,India,2023-02-27,Platinum,Active
CUST03321,Meghan,Lawson,marcuscontreras@example.net,937-958-1315x50651,Mumbai,Telangana,India,2023-11-04,Platinum,Inactive
CUST03322,Kim,Robinson,dfoster@example.com,+1-805-473-6835x59833,Lucknow,Tamil Nadu,India,2024-01-07,Gold,Active
CUST03323,David,Henderson,karen81@example.com,5653216707,Hyderabad,Tamil Nadu,India,2023-11-19,Silver,Inactive
CUST03324,Denise,Campbell,emadden@example.org,001-240-481-4064x881,Delhi,Delhi,India,2024-04-09,Platinum,Inactive
CUST03325,David,Jordan,dalesantana@example.com,001-569-970-6785x4195,Lucknow,Tamil Nadu,India,2023-07-27,Platinum,Active
CUST03326,Vincent,Holloway,calhountyler@example.com,001-652-901-0492,Chennai,Maharashtra,India,2022-10-21,Platinum,Inactive
CUST03327,Jeremy,Moody,shaun93@example.com,830.884.3265,Lucknow,West Bengal,India,2023-04-13,Silver,Inactive
CUST03328,Jessica,Gill,bsmith@example.net,817.918.4444,Chennai,West Bengal,India,2023-11-06,Platinum,Active
CUST03329,James,Cannon,holly67@example.net,(651)585-3335x2698,Chennai,Uttar Pradesh,India,2022-11-25,Silver,Inactive
CUST03330,Nicole,Rios,dmedina@example.com,410.476.3983x196,Lucknow,Karnataka,India,2023-01-17,Gold,Active
CUST03331,Erica,Jones,clarkerin@example.net,(909)520-9577x44256,Lucknow,West Bengal,India,2024-04-13,Gold,Inactive
CUST03332,Michele,Cameron,brian89@example.net,837.394.3522,Mumbai,Telangana,India,2023-03-19,Silver,Inactive
CUST03333,Monica,Clark,hickstim@example.org,943.452.4538x884,Lucknow,Rajasthan,India,2023-01-03,Platinum,Active
CUST03334,Laura,Mcdonald,ncruz@example.org,001-817-318-2861x09505,Chennai,West Bengal,India,2022-02-13,Platinum,Active
CUST03335,Melissa,Phillips,nancy69@example.org,7633079340,Chennai,West Bengal,India,2023-09-06,Platinum,Active
CUST03336,Tamara,Wagner,michellegonzalez@example.org,482.274.2160x897,Kolkata,Bihar,India,2024-05-21,,Inactive
CUST03337,Paul,Greene,smithpeter@example.org,001-486-368-3067x16295,Bangalore,Maharashtra,India,2022-03-25,Platinum,Active
CUST03338,Ryan,Turner,chavezjoseph@example.com,+1-304-475-5672,Mumbai,Delhi,India,2023-06-17,Gold,Active
CUST03339,Julian,Moran,reyesdrew@example.net,001-831-224-0297,Pune,Karnataka,India,2024-01-28,Gold,Active
CUST03340,Victoria,Roberts,carterrandall@example.net,5113748485,Chennai,West Bengal,India,2022-11-30,Gold,Inactive
CUST03341,Mary,Medina,williamsbrandon@example.org,380.310.2095,Kolkata,Karnataka,India,2022-08-13,Platinum,Inactive
CUST03342,Thomas,Martin,wallacewilliam@example.org,993-932-8922x34748,Mumbai,Tamil Nadu,India,2023-12-06,Platinum,Inactive
CUST03343,Daniel,Goodman,dtravis@example.org,+1-735-408-8969x1115,Pune,Delhi,India,2022-06-09,Platinum,Active
CUST03344,Stephanie,Murphy,heatherbrock@example.org,(365)604-2985x4907,Patna,Maharashtra,India,2023-05-23,Platinum,Inactive
CUST03345,Aaron,Haley,brian90@example.com,630.801.0806x734,Bangalore,Telangana,India,2022-09-05,Silver,Active
CUST03346,Melanie,Montgomery,zachary28@example.org,538.513.0720x87372,Pune,Delhi,India,2024-04-14,Silver,Active
CUST03347,Aaron,Mills,howard89@example.org,001-987-512-7966x468,Mumbai,Tamil Nadu,India,2022-10-30,Silver,Active
CUST03348,Marco,Jenkins,kellylewis@example.com,6417740005,Hyderabad,Rajasthan,India,2022-03-10,Silver,Inactive
CUST03349,Barbara,Fowler,dunnstacey@example.com,3009552912,Bangalore,Delhi,India,2023-01-02,Platinum,Inactive
CUST03350,Selena,Greene,bensongregory@example.org,796-732-6067x527,Bangalore,Karnataka,India,2022-12-18,Silver,Inactive
CUST03351,William,White,wadephilip@example.com,920-709-6697x0815,Kolkata,Rajasthan,India,2023-03-15,Platinum,Active
CUST03352,David,Gonzalez,summersjenna@example.com,,Lucknow,Delhi,India,2023-11-27,Gold,Inactive
CUST03353,Craig,Williams,erikadavis@example.net,914.226.9637x6426,Delhi,Telangana,India,2022-12-26,Platinum,Inactive
CUST03354,Terri,Rhodes,alexismendoza@example.org,243.362.3526x1569,Bangalore,West Bengal,India,2024-05-31,Silver,Inactive
CUST03355,Sandra,Sanders,thomas10@example.net,001-472-671-4144x13449,Kolkata,Karnataka,India,2023-12-07,Platinum,Inactive
CUST03356,George,Berger,odavis@example.net,001-616-617-9779x47002,Bangalore,Delhi,India,2022-01-28,Gold,Active
CUST03357,Christopher,Smith,derekray@example.com,+1-677-490-2318,Hyderabad,West Bengal,India,2023-05-02,Silver,Active
CUST03358,Courtney,Trujillo,alexa16@example.org,4716567892,Mumbai,Rajasthan,India,2022-09-09,Gold,Inactive
CUST03359,Jennifer,Jones,hahnleslie@example.net,(421)987-7205x4126,Kolkata,Rajasthan,India,2022-09-05,Silver,Inactive
CUST03360,Mary,Brown,torreschristine@example.net,(227)610-1385x592,Jaipur,Rajasthan,India,2022-11-14,Silver,Inactive
CUST03361,Nicholas,Kelley,henrycatherine@example.org,725-478-2146,Delhi,Bihar,India,2022-04-08,Platinum,Active
CUST03362,Brian,Jones,christianhines@example.com,700.298.0349x6756,Lucknow,Maharashtra,India,2023-06-03,Platinum,Active
CUST03363,Stuart,Sanchez,josephmorgan@example.net,844.811.1227x36359,Hyderabad,Uttar Pradesh,India,2023-04-20,Platinum,Active
CUST03364,Mark,Mcintyre,amartinez@example.net,782-702-2241x700,Kolkata,Maharashtra,India,2022-09-17,Platinum,Inactive
CUST03365,Megan,Duran,iwells@example.com,427-349-1768x1582,Lucknow,Telangana,India,2022-06-28,Silver,Active
CUST03366,Katherine,Anderson,sheila35@example.net,+1-908-529-4973,Kolkata,Karnataka,India,2022-10-25,Gold,Active
CUST03367,David,West,elizabethcarroll@example.org,(422)615-4136,Patna,Maharashtra,India,2023-12-05,Silver,Inactive
CUST03368,William,Baker,michelefuentes@example.org,(372)772-3708x556,Pune,Delhi,India,2023-05-13,Gold,Active
CUST03369,Nathaniel,Pollard,ramirezjeffrey@example.com,728.280.7302,Bangalore,Delhi,India,2024-03-02,Gold,Active
CUST03370,Tiffany,Jackson,kevinrojas@example.com,(267)217-4777x1100,Chennai,Rajasthan,India,2022-08-17,Silver,Inactive
CUST03371,Sarah,Chavez,vaughanstephanie@example.com,501.492.5218,Mumbai,Maharashtra,India,2024-04-07,Silver,Active
CUST03372,Jason,Chavez,burtonkevin@example.org,340-407-1103,Kolkata,Delhi,India,2022-05-16,Gold,Inactive
CUST03373,Nathan,Johnson,tmiller@example.net,932-804-2441,Bangalore,Delhi,India,2023-01-11,Platinum,Inactive
CUST03374,Andres,Middleton,eric51@example.net,+1-258-518-3742x34443,Jaipur,Maharashtra,India,2023-10-13,Gold,Inactive
CUST03375,Jessica,Campbell,nrodriguez@example.com,8704270528,Hyderabad,Uttar Pradesh,India,2022-02-04,Platinum,Inactive
CUST03376,Michael,Rodriguez,kristenowens@example.net,001-317-366-5270x09644,Mumbai,Maharashtra,India,2022-03-10,Gold,Inactive
CUST03377,Samantha,Escobar,ijohnson@example.net,205.770.0803,Bangalore,West Bengal,India,2023-05-02,Silver,Active
CUST03378,Stephen,Huerta,ymartinez@example.org,(700)495-1424x3174,Delhi,Bihar,India,2022-05-04,Silver,Active
CUST03379,Erica,Kemp,diane41@example.com,445.383.7560,Pune,Rajasthan,India,2023-11-12,Platinum,Inactive
CUST03380,Justin,Jones,keithfinley@example.org,630-717-7092x917,Hyderabad,Rajasthan,India,2023-07-25,Silver,Active
CUST03381,Alexander,Adams,vanessa55@example.net,+1-854-616-2341,Bangalore,Maharashtra,India,2023-08-20,Platinum,Active
CUST03382,Michael,Lopez,sarah23@example.net,001-292-351-1461x191,Pune,Bihar,India,2022-08-26,Gold,Active
CUST03383,Aaron,Palmer,emilydennis@example.org,(459)204-4684x2093,Bangalore,Delhi,India,2024-02-04,Gold,Active
CUST03384,Kelly,Shepherd,omarsh@example.com,3944088556,Delhi,Maharashtra,India,2023-06-07,Platinum,Inactive
CUST03385,Brad,Clay,charlespeters@example.net,001-951-368-7259x6780,Jaipur,Delhi,India,2023-08-23,Gold,Active
CUST03386,Kelly,Sanchez,austinchristina@example.com,3093146468,Pune,Rajasthan,India,2022-11-24,Silver,Active
CUST03387,Jessica,Lewis,hadams@example.com,+1-834-664-1005x5606,Lucknow,Rajasthan,India,2023-11-11,Gold,Active
CUST03388,Samantha,Rivers,fbrown@example.com,5607552995,Patna,Uttar Pradesh,India,2022-04-12,Platinum,Active
CUST03389,Frank,Brown,davidkim@example.org,5166594948,Patna,West Bengal,India,2022-05-30,Silver,Active
CUST03390,Amy,Elliott,elizabeth61@example.org,4412369605,Jaipur,Maharashtra,India,2023-05-05,Platinum,Active
CUST03391,Lisa,Kennedy,phernandez@example.com,001-717-411-8841,Bangalore,Karnataka,India,2022-09-10,Silver,Inactive
CUST03392,Alyssa,Williams,hayeschristy@example.net,(609)746-9524,Delhi,Uttar Pradesh,India,2023-02-21,Silver,Inactive
CUST03393,Evelyn,Wilkerson,joan78@example.com,001-817-996-9098,Bangalore,Delhi,India,2024-03-10,Silver,Inactive
CUST03394,Joseph,Griffith,mgreen@example.com,+1-892-767-9796x413,Lucknow,Tamil Nadu,India,2023-02-05,Platinum,Active
CUST03395,Christine,Hughes,jonesbill@example.org,263-598-9707,Kolkata,West Bengal,India,2023-05-06,Gold,Active
CUST03396,Calvin,Baker,qstevens@example.com,8798686020,Kolkata,West Bengal,India,2022-09-05,Gold,Inactive
CUST03397,Ricardo,Fox,kmccoy@example.net,722-394-5800x1784,Mumbai,Uttar Pradesh,India,2024-03-02,Platinum,Active
CUST03398,Amanda,Campbell,mbradley@example.com,(393)296-5971,Mumbai,West Bengal,India,2023-03-04,Silver,Active
CUST03399,Veronica,Nelson,nwoods@example.org,+1-644-958-8165,Delhi,Karnataka,India,2024-03-02,Gold,Inactive
CUST03400,Brenda,Hill,hannah97@example.com,001-958-296-5154x61257,Lucknow,Karnataka,India,2022-10-15,Gold,Inactive
CUST03401,Sarah,Rogers,smithjeremy@example.net,(700)615-9404x144,Lucknow,West Bengal,India,2022-11-12,Gold,Inactive
CUST03402,Tara,Thompson,imoody@example.com,001-601-834-4235,Kolkata,West Bengal,India,2024-02-15,Platinum,Active
CUST03403,Caleb,Barber,richard14@example.com,475-653-2888x75721,Chennai,Maharashtra,India,2023-04-26,Platinum,Inactive
CUST03404,Patricia,Bates,ipalmer@example.com,503.682.8838,Jaipur,West Bengal,India,2022-12-17,Platinum,Active
CUST03405,Kimberly,Campbell,eric49@example.net,(928)587-0835x8852,Hyderabad,Telangana,India,2022-09-15,Gold,Active
CUST03406,Erik,Harding,williamjefferson@example.net,+1-358-932-7403x02235,Chennai,Tamil Nadu,India,2022-11-17,Platinum,Active
CUST03407,Michael,Stephenson,christopher47@example.org,325-759-6245,Hyderabad,Tamil Nadu,India,2022-12-23,,Inactive
CUST03408,Brian,Hancock,johnsonbrian@example.org,001-945-853-9287x24875,Hyderabad,Uttar Pradesh,India,2022-10-13,Platinum,Active
CUST03409,Robert,Powell,stacycalhoun@example.com,728-793-2925,Kolkata,Bihar,India,2024-02-26,Platinum,Inactive
CUST03410,Jean,Wilson,scottjackson@example.com,398-540-1552,Chennai,West Bengal,India,2022-07-14,Platinum,Inactive
CUST03411,Debra,Mathews,bbutler@example.net,(978)914-3225x25419,Lucknow,West Bengal,India,2022-07-29,Silver,Active
CUST03412,Nichole,Humphrey,foconnor@example.org,(293)332-5280,Hyderabad,Tamil Nadu,India,2024-01-12,Silver,Inactive
CUST03413,Brandi,Black,ashley86@example.net,954-567-0409x97825,Lucknow,Karnataka,India,2022-07-07,Silver,Inactive
CUST03414,Adam,Saunders,owenjack@example.org,382.263.7694x63135,Hyderabad,Rajasthan,India,2023-05-11,Platinum,Inactive
CUST03415,Diana,Aguilar,amandagarcia@example.org,378.891.7581x0817,Hyderabad,Maharashtra,India,2022-05-30,Gold,Active
CUST03416,Heather,Christensen,fstewart@example.org,665.735.7720x984,Jaipur,Uttar Pradesh,India,2023-01-21,Silver,Active
CUST03417,Ashley,Henry,david66@example.com,703-251-6472,Hyderabad,Rajasthan,India,2022-07-13,Gold,Inactive
CUST03418,James,Gomez,hernandezkenneth@example.com,406.808.1030,Kolkata,Uttar Pradesh,India,2023-06-08,Silver,Inactive
CUST03419,Andrea,Trujillo,shawanna@example.com,816.454.9051x4091,Bangalore,Rajasthan,India,2022-02-22,Platinum,Active
CUST03420,Ana,Campbell,rhonda03@example.com,+1-446-453-4109x738,Bangalore,Uttar Pradesh,India,2023-05-03,Gold,Active
CUST03421,Kristina,Atkinson,tuckerdeborah@example.org,3976495707,Patna,Maharashtra,India,2022-05-24,Gold,Active
CUST03422,David,Salinas,brian06@example.org,001-400-736-4913x17342,Mumbai,Telangana,India,2022-02-12,Silver,Inactive
CUST03423,John,Howard,brucearnold@example.org,(686)352-1065x270,Mumbai,Uttar Pradesh,India,2022-05-11,Silver,Active
CUST03424,Lauren,Monroe,jenniferdeleon@example.org,+1-430-275-5876x0489,Kolkata,Delhi,India,2023-11-08,Silver,Active
CUST03425,Monica,Reeves,williamskim@example.com,(843)818-4569,Kolkata,Telangana,India,2022-12-12,Gold,Inactive
CUST03426,Justin,Collins,karennicholson@example.com,001-266-808-5391x255,Pune,Tamil Nadu,India,2022-09-04,Platinum,Inactive
CUST03427,Gregory,Hanson,longmatthew@example.com,001-482-558-6281,Chennai,Tamil Nadu,India,2023-07-20,Silver,Active
CUST03428,Stacey,Cunningham,justin10@example.net,+1-735-229-8629x841,Kolkata,Karnataka,India,2023-07-21,Silver,Active
CUST03429,Edward,Potter,penatravis@example.net,781-522-4963,Bangalore,Tamil Nadu,India,2024-04-05,Platinum,Active
CUST03430,Lauren,Harris,savagesherri@example.net,+1-359-597-3353x03692,Mumbai,Telangana,India,2022-06-14,Gold,Active
CUST03431,Michael,Stone,alibrandi@example.com,485.523.4737x3939,Pune,Uttar Pradesh,India,2022-04-08,Silver,Active
CUST03432,Megan,Pearson,jenniferjackson@example.org,(824)729-0389x647,Kolkata,Bihar,India,2023-04-16,Silver,Active
CUST03433,Brandon,Thomas,pstafford@example.com,2486196223,Mumbai,Delhi,India,2022-10-14,Silver,Inactive
CUST03434,Laurie,Villarreal,barberchristina@example.com,2025911304,Kolkata,Uttar Pradesh,India,2023-03-22,Gold,Active
CUST03435,Laura,Greer,ojohnson@example.com,+1-691-317-3756x4805,Mumbai,Maharashtra,India,2022-08-26,Gold,Inactive
CUST03436,Amanda,Goodman,kbuckley@example.net,(792)959-9337,Patna,Uttar Pradesh,India,2023-03-30,Platinum,Inactive
CUST03437,Aaron,Bauer,kathyperkins@example.org,699.673.3530,Jaipur,Telangana,India,2022-01-24,Silver,Inactive
CUST03438,Ebony,Barron,janet93@example.net,+1-895-820-6605,Jaipur,Karnataka,India,2023-03-24,Gold,Active
CUST03439,Christopher,Gonzales,oscarsanchez@example.net,(634)542-4134x3592,Jaipur,Uttar Pradesh,India,2023-05-27,Gold,Active
CUST03440,Kyle,Baker,wernerkevin@example.com,+1-307-301-6210x26958,Patna,Maharashtra,India,2023-01-17,Platinum,Inactive
CUST03441,Maria,Montgomery,perezlisa@example.net,353.780.4286x789,Bangalore,Tamil Nadu,India,2022-06-22,Silver,Inactive
CUST03442,John,Gilbert,annette52@example.org,665-757-0200x43822,Bangalore,Telangana,India,2022-12-28,Silver,Inactive
CUST03443,David,Tucker,wbernard@example.com,605-312-4301x4050,Bangalore,Rajasthan,India,2022-08-25,Silver,Active
CUST03444,Tyler,Michael,xflores@example.net,(954)509-6580,Mumbai,Rajasthan,India,2023-10-23,Platinum,Active
CUST03445,Jennifer,Craig,danielle60@example.org,846.841.8655,Kolkata,Karnataka,India,2023-02-03,Gold,Inactive
CUST03446,Robert,Sanchez,anthonymayer@example.org,+1-344-877-0895x5498,Lucknow,Uttar Pradesh,India,2022-01-21,Platinum,Inactive
CUST03447,Elaine,Harper,cantrellchristopher@example.org,+1-713-528-9830,Mumbai,Uttar Pradesh,India,2023-03-11,Gold,Inactive
CUST03448,Megan,Davis,alee@example.org,(355)295-2839x58320,Hyderabad,Karnataka,India,2022-08-23,Gold,Inactive
CUST03449,Richard,Rowe,mercadoshawn@example.org,001-402-701-9376x4105,Patna,Tamil Nadu,India,2022-06-11,Platinum,Active
CUST03450,Nancy,Campos,kking@example.com,001-912-739-2603x2238,Delhi,Uttar Pradesh,India,2024-05-16,Gold,Active
CUST03451,Donald,Brown,terri09@example.org,(255)929-3512x18249,Pune,Maharashtra,India,2024-02-18,Platinum,Active
CUST03452,Ronnie,Keith,kristophersimpson@example.net,277.681.7860,Kolkata,West Bengal,India,2022-04-05,Silver,Inactive
CUST03453,Kimberly,Mckee,dstanley@example.net,6163004073,Jaipur,Telangana,India,2022-03-23,Gold,Active
CUST03454,Samuel,Brown,brownian@example.com,874-277-2203x306,Patna,Uttar Pradesh,India,2022-10-28,Gold,Active
CUST03455,Sandy,Cole,cassandracaldwell@example.com,001-820-821-1276x4658,Bangalore,Telangana,India,2022-08-23,Silver,Active
CUST03456,Jacob,Curry,nicholemiller@example.org,924.804.4425x61960,Mumbai,Delhi,India,2022-08-26,Platinum,Active
CUST03457,Teresa,Vaughn,steven24@example.net,2973343056,Jaipur,Rajasthan,India,2022-10-23,Gold,Active
CUST03458,Brittany,Brown,thomasjohns@example.org,664.578.4185,Delhi,Tamil Nadu,India,2022-08-30,Platinum,Active
CUST03459,Lawrence,Dudley,bgray@example.org,001-936-877-5593x625,Mumbai,Telangana,India,2022-03-10,Silver,Active
CUST03460,Leslie,Ray,watsonmichelle@example.org,+1-992-294-2310x7222,Lucknow,West Bengal,India,2024-03-08,Gold,Active
CUST03461,Anthony,Jackson,smithlisa@example.org,(320)822-8027x450,Jaipur,Bihar,India,2022-06-06,Silver,Active
CUST03462,Anthony,Moore,stephencole@example.net,389-955-3454,Patna,Telangana,India,2022-11-30,Platinum,Active
CUST03463,Steven,Henry,clarkestephanie@example.com,2964490950,Jaipur,Delhi,India,2023-05-28,Gold,Active
CUST03464,Barbara,Mathis,fmartin@example.net,462-463-9017x81844,Delhi,Rajasthan,India,2022-06-21,Silver,Active
CUST03465,Krystal,Farmer,joshua19@example.org,883-554-0132,Kolkata,Karnataka,India,2022-09-05,Platinum,Inactive
CUST03466,Charlotte,Smith,juan08@example.org,(676)462-6851x17027,Pune,Rajasthan,India,2023-04-19,Silver,Active
CUST03467,Kristen,Jordan,kharmon@example.org,979-733-0754x34226,Pune,Bihar,India,2024-01-01,Platinum,Active
CUST03468,Francisco,Simmons,veronicaliu@example.com,+1-579-760-5736x069,Bangalore,Bihar,India,2022-03-10,Silver,Inactive
CUST03469,Brittany,Terrell,natalie74@example.com,(839)385-9435,Jaipur,Rajasthan,India,2023-04-17,Platinum,Inactive
CUST03470,Billy,Oconnor,tamara46@example.org,001-511-715-8831,Jaipur,Uttar Pradesh,India,2023-07-18,Platinum,Inactive
CUST03471,Eric,Coleman,klinecarrie@example.com,969.279.3105,Jaipur,Karnataka,India,2023-10-25,Platinum,Inactive
CUST03472,April,Williams,wardevan@example.net,218.694.2062,Hyderabad,West Bengal,India,2024-02-09,Gold,Active
CUST03473,Christina,Mack,michaelescobar@example.com,476-661-6152,Lucknow,Bihar,India,2023-05-31,Silver,Active
CUST03474,Miranda,Robbins,joneskelly@example.net,997.406.1259x6140,Kolkata,Karnataka,India,2022-03-17,Gold,Active
CUST03475,Michael,Foster,rileybrittany@example.com,303.558.6653,Bangalore,Uttar Pradesh,India,2023-09-11,Gold,Inactive
CUST03476,Todd,Woods,linlinda@example.com,820.791.8923,Delhi,Karnataka,India,2023-01-18,Gold,Active
CUST03477,Jermaine,Vega,danielburke@example.org,(422)415-2706x1615,Delhi,Tamil Nadu,India,2024-02-08,Gold,Active
CUST03478,Krystal,Nguyen,autumnsanchez@example.com,480-879-0989x3278,Kolkata,Bihar,India,2023-04-06,Platinum,Inactive
CUST03479,Rodney,Wheeler,michael82@example.org,001-439-870-6520x6557,Pune,Bihar,India,2023-02-10,Silver,Active
CUST03480,Bryan,Jackson,gravesdavid@example.com,+1-371-377-6600,Hyderabad,Rajasthan,India,2023-03-26,Gold,Inactive
CUST03481,Jill,Delacruz,joel37@example.com,(603)221-8767,Lucknow,Karnataka,India,2023-12-31,Silver,Inactive
CUST03482,Seth,Kane,hendersonmichael@example.com,+1-300-383-6976x515,Bangalore,Delhi,India,2022-05-14,Silver,Active
CUST03483,John,Palmer,jamesdavis@example.net,729.217.9845,Mumbai,Telangana,India,2023-10-18,Gold,Active
CUST03484,Jacob,Dean,jamesrodriguez@example.net,2297657142,Lucknow,Uttar Pradesh,India,2022-12-25,Platinum,Inactive
CUST03485,Kim,Thomas,brooksmatthew@example.net,+1-778-842-8302x36008,Kolkata,Telangana,India,2022-03-21,,Inactive
CUST03486,Janice,Mahoney,pamelaclark@example.com,823-547-5237x38577,Lucknow,Maharashtra,India,2022-02-11,Gold,Inactive
CUST03487,Stephanie,Frank,jeffery57@example.org,(750)960-6599x5843,Hyderabad,West Bengal,India,2022-07-18,Silver,Active
CUST03488,Randall,Hill,newtoncurtis@example.com,001-628-654-9355x1047,Patna,West Bengal,India,2022-04-14,Gold,Active
CUST03489,Miguel,Williams,tiffanyavila@example.org,(667)850-0077x103,Jaipur,Tamil Nadu,India,2022-01-26,Platinum,Inactive
CUST03490,Michelle,Boyle,ryan87@example.com,001-941-364-2421x890,Lucknow,Uttar Pradesh,India,2022-01-25,Gold,Inactive
CUST03491,Charles,Moore,brewertodd@example.com,385.604.4292x468,Kolkata,Karnataka,India,2022-12-22,Gold,Inactive
CUST03492,Crystal,Riley,smithjane@example.net,001-865-857-8215x549,Jaipur,Maharashtra,India,2022-02-22,Gold,Inactive
CUST03493,Monique,Lee,jerrylarsen@example.com,935-995-6112x94403,Jaipur,Delhi,India,2023-03-20,Platinum,Active
CUST03494,William,Howard,martintiffany@example.com,799-517-3688x097,Bangalore,Karnataka,India,2022-06-07,Platinum,Inactive
CUST03495,Michael,Smith,zhunt@example.org,6887790796,Hyderabad,Bihar,India,2024-01-20,Silver,Active
CUST03496,Ryan,Castro,williamslatoya@example.org,225-642-4928,Kolkata,Uttar Pradesh,India,2022-04-06,Gold,Inactive
CUST03497,Kimberly,Colon,stricklandmolly@example.org,+1-770-248-5389x3707,Delhi,Delhi,India,2022-08-14,Gold,Active
CUST03498,Cody,White,csilva@example.org,632-213-1563x628,Pune,Uttar Pradesh,India,2022-05-17,Platinum,Active
CUST03499,Mario,Lewis,kimberly79@example.net,980-528-9079x3907,Patna,Uttar Pradesh,India,2023-03-04,Platinum,Inactive
CUST03500,Daniel,Garrett,john74@example.com,+1-888-855-7759x1020,Delhi,Maharashtra,India,2022-08-04,Silver,Active
CUST03501,Samantha,Young,murrayjessica@example.net,640.920.9833x9826,Lucknow,Maharashtra,India,2022-09-29,Silver,Inactive
CUST03502,Robert,Smith,lisa18@example.org,830-537-4134x8963,Lucknow,Maharashtra,India,2022-06-19,Silver,Inactive
CUST03503,Valerie,Howard,timothy46@example.com,2326371383,Chennai,Karnataka,India,2024-04-11,Gold,Inactive
CUST03504,Darren,Cruz,zacharycastro@example.net,834.922.1195,Jaipur,West Bengal,India,2023-08-14,,Inactive
CUST03505,Jacob,Harris,flemingmichele@example.org,526-709-7498x0078,Chennai,West Bengal,India,2023-10-09,Silver,Inactive
CUST03506,Kayla,Fisher,coxjennifer@example.com,001-875-360-6520x3873,Kolkata,Tamil Nadu,India,2024-04-05,Silver,Active
CUST03507,Shelly,Graham,dmunoz@example.com,861-377-4112x2705,Lucknow,Telangana,India,2023-03-21,Gold,Inactive
CUST03508,Robin,Roberts,mariaporter@example.com,+1-376-787-7812,Bangalore,Delhi,India,2023-05-26,Platinum,Inactive
CUST03509,Stanley,Berg,sandrarussell@example.org,001-924-405-3139x708,Hyderabad,Maharashtra,India,2024-03-31,Silver,Active
CUST03510,Bridget,Edwards,sphillips@example.com,720.241.5337,Pune,Tamil Nadu,India,2024-05-14,Gold,Active
CUST03511,Melissa,Simmons,raymondromero@example.org,(876)845-6567x83772,Jaipur,West Bengal,India,2022-04-11,Gold,Inactive
CUST03512,Mary,Smith,josephgross@example.com,(547)639-3259x749,Bangalore,Uttar Pradesh,India,2024-01-31,Platinum,Inactive
CUST03513,Ryan,Knight,austindickerson@example.org,(682)598-0141x7005,Mumbai,Tamil Nadu,India,2022-11-03,Silver,Inactive
CUST03514,Michael,Ross,markprice@example.com,+1-296-852-4865x935,Mumbai,Karnataka,India,2023-11-10,Silver,Inactive
CUST03515,Jessica,Warner,molly54@example.com,674-962-8324,Bangalore,Bihar,India,2023-02-20,Gold,Inactive
CUST03516,Samantha,Maxwell,avilaeugene@example.net,985.534.1509x524,Chennai,Karnataka,India,2022-02-01,Silver,Inactive
CUST03517,Andrea,Olson,hicksanita@example.net,+1-770-678-6420,Lucknow,Rajasthan,India,2022-08-30,Gold,Active
CUST03518,Andrea,Powers,sbishop@example.net,+1-605-475-7601,Bangalore,Tamil Nadu,India,2023-02-20,Gold,Active
CUST03519,Michael,Gallagher,jacobsonjose@example.com,976.924.2311x918,Patna,Karnataka,India,2023-09-18,Silver,Inactive
CUST03520,Theresa,Huynh,vanessafrancis@example.org,001-871-680-1785x622,Bangalore,Maharashtra,India,2023-08-31,Silver,Active
CUST03521,Claire,Burke,lpruitt@example.com,657.316.7602x8125,Delhi,Bihar,India,2022-03-26,Platinum,Inactive
CUST03522,Bonnie,Riley,mahoneyrebecca@example.org,001-689-253-6225x72415,Mumbai,Bihar,India,2023-05-20,Silver,Active
CUST03523,Jaime,Lee,amberalvarado@example.org,+1-355-697-9826x39841,Patna,Delhi,India,2023-04-28,Silver,Inactive
CUST03524,Christine,Sandoval,riosmatthew@example.com,(935)673-2782,Chennai,Karnataka,India,2024-05-13,Platinum,Active
CUST03525,Jennifer,Carroll,phillipstone@example.com,(550)604-3702x67790,Patna,Telangana,India,2022-02-11,Gold,Active
CUST03526,Christopher,Hall,moniquerivers@example.com,899-906-7398x94416,Kolkata,Maharashtra,India,2022-02-09,Silver,Active
CUST03527,Kristina,Davis,reginald62@example.net,(790)816-9050x0506,Pune,Bihar,India,2024-04-21,Gold,Inactive
CUST03528,Charles,Hubbard,heatherrivera@example.org,+1-511-827-5557x513,Hyderabad,Telangana,India,2022-04-21,,Active
CUST03529,Monica,Barnes,john70@example.com,976-592-1772x638,Kolkata,Telangana,India,2024-05-01,Silver,Active
CUST03530,Jennifer,Davis,ekirby@example.net,6566679291,Kolkata,Telangana,India,2023-04-19,Silver,Active
CUST03531,John,Parker,matthewstroy@example.org,001-800-278-5492x6629,Kolkata,Tamil Nadu,India,2023-05-24,Platinum,Inactive
CUST03532,Adrian,Pitts,rjimenez@example.org,420-767-9323,Bangalore,Karnataka,India,2022-02-02,Platinum,Active
CUST03533,Donna,Smith,hopkinszachary@example.com,(550)387-1962x862,Lucknow,Rajasthan,India,2023-12-13,Gold,Inactive
CUST03534,Brandon,Griffith,smithphillip@example.com,235.529.8891,Bangalore,Uttar Pradesh,India,2022-10-28,Silver,Inactive
CUST03535,Karen,Scott,russellerik@example.com,+1-489-647-8129x805,Chennai,Tamil Nadu,India,2023-11-14,Silver,Inactive
CUST03536,Jade,Craig,qfisher@example.org,(954)934-6252x9414,Patna,Delhi,India,2022-06-02,Silver,Active
CUST03537,Kara,Johnson,phillip44@example.net,742-734-2526x62333,Mumbai,Bihar,India,2023-08-25,Silver,Inactive
CUST03538,Keith,Mccarthy,nlittle@example.net,8829179837,Patna,Maharashtra,India,2022-05-10,Gold,Inactive
CUST03539,William,Johnson,marissaarmstrong@example.com,696.463.5367x67488,Chennai,Tamil Nadu,India,2023-12-06,Platinum,Inactive
CUST03540,Christopher,Ortega,julieharris@example.org,001-590-905-9702,Bangalore,Maharashtra,India,2023-03-22,Platinum,Inactive
CUST03541,Sharon,West,houstonandrew@example.com,610-743-1883,Pune,Rajasthan,India,2023-12-28,Platinum,Active
CUST03542,Amy,Baker,warnerchristine@example.com,287.548.5164x67856,Patna,Uttar Pradesh,India,2023-01-08,Silver,Inactive
CUST03543,Janice,Olsen,brenda16@example.org,2657702414,Delhi,Delhi,India,2022-03-09,Gold,Inactive
CUST03544,Sandra,Ramos,scott07@example.com,,Lucknow,Rajasthan,India,2022-07-11,Platinum,Inactive
CUST03545,Sarah,Rodriguez,jonesnicole@example.net,434-282-4301,Chennai,Rajasthan,India,2024-03-13,Silver,Inactive
CUST03546,William,Miles,turnerchelsea@example.org,001-956-297-9254,Bangalore,Karnataka,India,2024-02-03,Platinum,Active
CUST03547,Joseph,Payne,brittany14@example.net,493.248.0613x3047,Patna,Telangana,India,2022-01-08,Gold,Active
CUST03548,Michael,Lopez,thomasralph@example.com,(303)545-6843,Chennai,Bihar,India,2023-05-14,Silver,Active
CUST03549,Adam,Williams,speters@example.net,273.871.1525,Jaipur,Rajasthan,India,2022-09-03,Gold,Active
CUST03550,Sarah,Daniels,jason55@example.org,350-470-6191x13911,Patna,Uttar Pradesh,India,2024-01-09,Silver,Active
CUST03551,Brenda,Thompson,petersonandrew@example.com,001-899-889-9209x7227,Chennai,Karnataka,India,2023-10-09,Platinum,Inactive
CUST03552,Margaret,Kaiser,albert07@example.net,422-916-5673x8401,Delhi,Maharashtra,India,2022-12-12,Gold,Active
CUST03553,Janice,Anderson,vickie21@example.org,(971)247-7161x3945,Patna,Karnataka,India,2022-08-05,Platinum,Inactive
CUST03554,Allen,Pena,matthewwilliams@example.net,(286)837-1238,Bangalore,West Bengal,India,2023-06-28,Platinum,Active
CUST03555,Lindsay,Brown,madams@example.net,433.484.3332x35094,Delhi,Rajasthan,India,2023-03-22,Platinum,Inactive
CUST03556,William,Morris,urodriguez@example.org,+1-289-724-2479,Lucknow,Delhi,India,2023-07-06,Gold,Inactive
CUST03557,Jennifer,Ramos,ihughes@example.net,(476)706-7692x53761,Bangalore,Maharashtra,India,2022-01-19,Gold,Inactive
CUST03558,Shannon,Dunlap,patriciamcclure@example.com,001-995-533-5542x544,Kolkata,Tamil Nadu,India,2023-04-20,,Active
CUST03559,Bethany,Young,george45@example.org,8222027498,Hyderabad,Telangana,India,2023-04-06,Platinum,Active
CUST03560,Rita,Williams,bradymisty@example.com,(442)809-6699x5928,Pune,Telangana,India,2024-04-16,Gold,Inactive
CUST03561,Brent,Sellers,crodriguez@example.com,+1-204-261-0751x72892,Jaipur,Tamil Nadu,India,2022-01-05,Silver,Active
CUST03562,Jack,Morrison,heather63@example.net,001-283-756-5263x019,Lucknow,Tamil Nadu,India,2024-04-21,Gold,Active
CUST03563,William,Vega,etaylor@example.net,001-728-397-0472x80860,Delhi,Maharashtra,India,2023-03-17,Gold,Inactive
CUST03564,Joshua,Thomas,pwagner@example.net,3969683789,Jaipur,Telangana,India,2022-01-17,Platinum,Active
CUST03565,Whitney,Welch,cherrykaren@example.com,001-792-720-7049x7229,Kolkata,Tamil Nadu,India,2023-05-24,Platinum,Inactive
CUST03566,Katherine,Smith,gwilliams@example.org,+1-764-867-0208x2370,Mumbai,Tamil Nadu,India,2024-03-09,Gold,Inactive
CUST03567,Mallory,Rodriguez,adammiller@example.net,4196974560,Jaipur,Tamil Nadu,India,2022-07-01,Silver,Inactive
CUST03568,Amanda,Bender,johnsonmanuel@example.com,(567)672-6644,Chennai,Tamil Nadu,India,2022-03-23,Gold,Active
CUST03569,Samantha,Robinson,vcarson@example.org,649-922-5182x782,Patna,Telangana,India,2022-04-12,Silver,Inactive
CUST03570,William,Campbell,diana09@example.net,803.332.7958x146,Hyderabad,Uttar Pradesh,India,2023-11-19,Silver,Inactive
CUST03571,Jon,Hill,ruizjames@example.net,933.823.6479x32308,Patna,Karnataka,India,2022-07-28,Silver,Inactive
CUST03572,Audrey,Rodriguez,campbelljanet@example.net,001-953-720-0077x13172,Jaipur,West Bengal,India,2022-11-13,Platinum,Active
CUST03573,Joshua,Ross,kimalvarez@example.com,001-325-793-5383x305,Patna,Maharashtra,India,2022-03-20,Silver,Active
CUST03574,James,Douglas,michael63@example.net,+1-761-836-7517x394,Hyderabad,Bihar,India,2022-03-09,Silver,Inactive
CUST03575,Kenneth,Jones,daltonsmith@example.org,798.520.7896x7396,Mumbai,West Bengal,India,2022-12-12,Platinum,Inactive
CUST03576,Ashley,Anderson,joseph18@example.org,001-399-239-2145x666,Mumbai,Rajasthan,India,2023-06-08,Platinum,Inactive
CUST03577,Ethan,Robinson,averycrystal@example.org,(740)201-7565x305,Mumbai,Karnataka,India,2024-03-15,Silver,Inactive
CUST03578,John,Brown,jose18@example.net,(330)533-2198,Bangalore,Tamil Nadu,India,2022-06-30,Platinum,Inactive
CUST03579,Danny,Stokes,mcalderon@example.org,+1-385-914-2493,Delhi,Maharashtra,India,2024-01-13,Silver,Active
CUST03580,Christine,Armstrong,hfranklin@example.com,748.441.6541,Chennai,Bihar,India,2022-05-30,Platinum,Active
CUST03581,Matthew,Holmes,johnsoncynthia@example.com,894-588-2208x5019,Chennai,Delhi,India,2023-05-06,Gold,Inactive
CUST03582,Melissa,Barnes,njohnson@example.net,304.666.1691,Bangalore,Maharashtra,India,2024-03-22,Platinum,Inactive
CUST03583,Beth,Brown,yporter@example.com,319.229.1355,Patna,Tamil Nadu,India,2022-08-06,Platinum,Inactive
CUST03584,Justin,Thompson,heidi95@example.org,(303)432-5487,Kolkata,Maharashtra,India,2024-03-03,Platinum,Active
CUST03585,John,Yates,brian03@example.com,+1-388-352-9842x14090,Lucknow,West Bengal,India,2024-05-04,Gold,Inactive
CUST03586,Christian,Baker,zduran@example.org,,Chennai,Tamil Nadu,India,2022-11-26,Silver,Active
CUST03587,Linda,Mills,josephtaylor@example.org,315-299-1182x4989,Pune,Delhi,India,2023-04-09,Platinum,Inactive
CUST03588,Tom,Drake,carlcox@example.com,301-409-5691x9244,Chennai,Karnataka,India,2022-01-18,Gold,Active
CUST03589,Andrew,Brandt,kelseybenitez@example.org,500.934.5082x0196,Lucknow,Maharashtra,India,2022-11-19,Silver,Active
CUST03590,David,Powell,strevino@example.com,343.508.6174,Jaipur,West Bengal,India,2023-09-01,Silver,Active
CUST03591,Timothy,Lopez,zhubbard@example.org,457-726-3608x58952,Lucknow,West Bengal,India,2023-04-30,Platinum,Inactive
CUST03592,Kristy,Welch,hannah52@example.net,689-923-5992x708,Kolkata,Delhi,India,2022-05-03,Platinum,Inactive
CUST03593,Christian,Olsen,jensenwilliam@example.net,001-803-312-2001x20083,Hyderabad,West Bengal,India,2022-09-09,Gold,Inactive
CUST03594,Madison,Hayes,jenniferroy@example.org,001-631-609-3687x834,Mumbai,Delhi,India,2022-02-09,Gold,Active
CUST03595,Lindsey,Frazier,jcampbell@example.org,(679)437-6600x568,Hyderabad,Uttar Pradesh,India,2023-12-14,Silver,Inactive
CUST03596,Veronica,Moss,cruzkimberly@example.net,483.241.7550x843,Bangalore,Maharashtra,India,2022-12-15,Platinum,Inactive
CUST03597,Trevor,Gillespie,steven95@example.net,267-477-4425,Lucknow,Telangana,India,2022-03-18,Platinum,Inactive
CUST03598,Joseph,Ramirez,lisa72@example.net,479-343-7128,Delhi,Delhi,India,2023-02-21,Gold,Inactive
CUST03599,Michael,Howard,justin52@example.com,(372)636-9452,Mumbai,Bihar,India,2022-07-09,Platinum,Active
CUST03600,Sergio,Wheeler,markholden@example.net,,Mumbai,Maharashtra,India,2023-01-07,Gold,Inactive
CUST03601,Andrew,Dalton,hblack@example.org,860-254-1166x6154,Mumbai,Bihar,India,2022-11-22,Platinum,Active
CUST03602,Nicholas,Suarez,jeffrey68@example.net,460.665.8066x50588,Mumbai,Tamil Nadu,India,2023-08-20,Silver,Inactive
CUST03603,Amber,Andrews,fmacias@example.com,001-775-568-4865,Jaipur,West Bengal,India,2022-11-15,Silver,Inactive
CUST03604,Janet,Harris,jlee@example.com,(822)287-8444,Hyderabad,Maharashtra,India,2023-07-20,Gold,Active
CUST03605,Maria,Mcdowell,sarawagner@example.org,001-873-421-4096,Bangalore,Maharashtra,India,2022-11-16,Platinum,Inactive
CUST03606,Amy,Richardson,ramirezcarlos@example.net,(665)225-6137,Delhi,Bihar,India,2022-10-03,Silver,Active
CUST03607,David,Bishop,hwebb@example.com,001-261-244-7120x1688,Delhi,Maharashtra,India,2023-08-26,Gold,Active
CUST03608,James,Green,aellis@example.org,271-578-7620x24123,Chennai,Uttar Pradesh,India,2023-04-26,Platinum,Active
CUST03609,Amber,Garza,lorichristian@example.net,(943)864-3465x6268,Patna,West Bengal,India,2022-09-28,Silver,Active
CUST03610,Carlos,Wells,tracy23@example.com,834.328.0930,Patna,Bihar,India,2022-12-09,Platinum,Active
CUST03611,Paul,Frey,mmiller@example.com,+1-949-899-0862,Delhi,Rajasthan,India,2023-10-08,Silver,Active
CUST03612,George,Turner,kelly81@example.net,+1-380-455-3953x54095,Jaipur,Tamil Nadu,India,2022-06-23,Gold,Active
CUST03613,Amy,Richardson,freemanjohn@example.org,578.548.6573x405,Jaipur,Telangana,India,2023-11-29,Platinum,Active
CUST03614,Joseph,Fisher,griffindavid@example.com,866-614-2305x685,Jaipur,Tamil Nadu,India,2023-05-20,Silver,Inactive
CUST03615,Annette,Tyler,evansrichard@example.net,647-315-6915,Kolkata,Uttar Pradesh,India,2022-08-05,Silver,Inactive
CUST03616,Scott,Grant,isaac12@example.net,+1-585-639-5863x5418,Patna,Uttar Pradesh,India,2022-12-19,Platinum,Inactive
CUST03617,Kimberly,Kane,pfigueroa@example.net,(390)771-8641x18552,Hyderabad,Telangana,India,2023-08-16,Silver,Active
CUST03618,Amber,Becker,dbecker@example.org,001-916-377-3766x3621,Bangalore,Telangana,India,2023-12-25,Platinum,Inactive
CUST03619,Hannah,Anthony,yhoward@example.org,4293442302,Mumbai,Uttar Pradesh,India,2022-01-02,Platinum,Active
CUST03620,Stacey,Griffin,julie34@example.net,(411)671-3818,Hyderabad,Bihar,India,2024-02-04,Platinum,Active
CUST03621,Robert,Glover,gomezsharon@example.com,746-924-6763x031,Kolkata,Maharashtra,India,2024-04-13,Platinum,Active
CUST03622,Kayla,Cooper,jacob31@example.net,+1-476-451-7722,Delhi,Tamil Nadu,India,2022-05-16,Silver,Active
CUST03623,Angela,Grant,reillyjennifer@example.net,+1-930-502-6932,Mumbai,Uttar Pradesh,India,2024-01-19,Silver,Active
CUST03624,Dennis,Harris,kristy59@example.org,(971)663-2523x732,Mumbai,Delhi,India,2022-10-11,Platinum,Active
CUST03625,Benjamin,Willis,parkscole@example.net,001-265-651-1070x73528,Mumbai,Delhi,India,2024-01-05,,Active
CUST03626,Shelly,Stevens,oreynolds@example.org,+1-551-440-6933x05484,Pune,Rajasthan,India,2022-12-16,Silver,Active
CUST03627,Ronald,Cabrera,taylorblake@example.net,+1-512-271-4912x420,Mumbai,Karnataka,India,2024-01-12,Gold,Inactive
CUST03628,Jose,Miles,hopkinsdonald@example.net,001-292-791-1562x66670,Jaipur,Telangana,India,2023-01-23,Gold,Active
CUST03629,Amanda,Rodriguez,rileygregory@example.org,600.476.6378x365,Patna,Tamil Nadu,India,2024-05-28,Gold,Inactive
CUST03630,John,Robertson,scott23@example.org,530.579.1234,Pune,Rajasthan,India,2022-07-12,Gold,Inactive
CUST03631,Stacy,Valencia,eortiz@example.org,989-575-7645x0443,Delhi,Telangana,India,2023-03-24,Silver,Inactive
CUST03632,Matthew,Meyer,sparkslinda@example.net,630-231-5416,Patna,Delhi,India,2023-04-20,Silver,Inactive
CUST03633,Monica,Hall,leslie55@example.com,382-669-8340,Hyderabad,Tamil Nadu,India,2023-06-21,Gold,Active
CUST03634,Jose,Nunez,eharris@example.org,940.504.6882x605,Patna,Telangana,India,2022-10-22,Gold,Active
CUST03635,Jessica,Wright,hgarcia@example.org,(481)823-7038x57140,Delhi,Rajasthan,India,2023-03-13,Platinum,Active
CUST03636,Tracy,Perkins,heather32@example.com,001-703-523-7318x78872,Lucknow,Karnataka,India,2023-08-24,Gold,Active
CUST03637,Monica,Davis,frederick92@example.org,001-622-758-7470x52799,Pune,Telangana,India,2023-04-06,Gold,Inactive
CUST03638,Edward,Perez,jefferyperez@example.org,001-258-760-3834x4568,Patna,Rajasthan,India,2022-10-04,Silver,Inactive
CUST03639,Jennifer,Newman,bcooper@example.org,+1-768-701-0129,Delhi,Tamil Nadu,India,2022-05-17,Platinum,Inactive
CUST03640,Wendy,Manning,bestcourtney@example.org,001-283-545-3701x6577,Pune,West Bengal,India,2023-01-29,Platinum,Active
CUST03641,Wendy,Smith,bradleytimothy@example.org,001-385-312-1902x396,Hyderabad,Karnataka,India,2022-04-23,Platinum,Inactive
CUST03642,Chelsea,Potter,ramirezjames@example.net,772.540.1759,Mumbai,Telangana,India,2023-12-08,Platinum,Inactive
CUST03643,Catherine,Nelson,russelllaura@example.net,(529)750-6459,Bangalore,Delhi,India,2024-02-04,Silver,Active
CUST03644,Meredith,Diaz,cynthia61@example.net,(283)832-3011,Hyderabad,Telangana,India,2022-09-05,Silver,Active
CUST03645,Diane,Garcia,jason78@example.com,(297)752-0497x598,Lucknow,West Bengal,India,2023-10-05,Silver,Active
CUST03646,Tammy,Howard,younglisa@example.net,001-661-324-3633x8829,Chennai,West Bengal,India,2022-01-21,Gold,Inactive
CUST03647,Jonathan,Wright,deantroy@example.com,001-723-891-5194x0807,Lucknow,Tamil Nadu,India,2022-01-02,Silver,Active
CUST03648,Anne,Gentry,daniel62@example.com,265-371-2364,Hyderabad,Uttar Pradesh,India,2024-01-21,Gold,Inactive
CUST03649,Lawrence,Thomas,christopherstewart@example.org,4709647601,Pune,Uttar Pradesh,India,2023-08-24,Platinum,Inactive
CUST03650,David,Mccoy,hlozano@example.net,3358274935,Bangalore,Rajasthan,India,2022-04-09,Platinum,Active
CUST03651,Nathaniel,Vaughan,randy35@example.com,497.804.8464x156,Chennai,Delhi,India,2022-09-08,Gold,Inactive
CUST03652,Teresa,Jackson,joseph66@example.net,7926996631,Pune,West Bengal,India,2023-04-28,Gold,Inactive
CUST03653,Steven,Mathis,xhubbard@example.org,876-707-6955,Bangalore,West Bengal,India,2022-08-22,Silver,Active
CUST03654,Michael,Brown,martinkevin@example.com,396.499.9078x6507,Kolkata,Bihar,India,2022-04-16,Silver,Inactive
CUST03655,Victoria,Hill,kathleenwagner@example.com,342.794.5352x05125,Delhi,Tamil Nadu,India,2024-06-06,Gold,Inactive
CUST03656,Sandra,Baker,oliviaduncan@example.org,490.379.1453x5487,Mumbai,Maharashtra,India,2023-07-02,Platinum,Inactive
CUST03657,Jennifer,Barnett,nparsons@example.org,001-344-777-1121,Patna,Tamil Nadu,India,2024-01-06,Platinum,Active
CUST03658,Lance,Jones,jilljohnson@example.net,(579)909-3704x33706,Chennai,Maharashtra,India,2022-08-12,Silver,Inactive
CUST03659,Richard,Payne,faithanderson@example.com,836.488.7338,Kolkata,Uttar Pradesh,India,2022-01-12,Silver,Inactive
CUST03660,Dalton,Carlson,mcbridenancy@example.org,001-999-692-0369x518,Kolkata,Rajasthan,India,2023-10-21,Silver,Active
CUST03661,Leonard,Hall,murphymatthew@example.net,334.826.5799,Pune,Maharashtra,India,2022-12-15,Silver,Inactive
CUST03662,Jason,Lin,hward@example.net,495-354-6869x2313,Kolkata,West Bengal,India,2024-03-21,Platinum,Active
CUST03663,Michelle,Miranda,jonescheryl@example.net,596.642.5952,Lucknow,Telangana,India,2022-02-15,Platinum,Active
CUST03664,Cheryl,Murphy,steven28@example.net,(957)584-6198,Delhi,Rajasthan,India,2023-11-05,Silver,Inactive
CUST03665,Debra,Baldwin,mhall@example.net,747.770.8535,Mumbai,Maharashtra,India,2022-12-05,Platinum,Active
CUST03666,Christopher,Hopkins,fhill@example.com,256-891-1533,Hyderabad,Delhi,India,2023-08-13,Gold,Inactive
CUST03667,Anna,Snyder,xjohnson@example.net,662-306-9831,Lucknow,West Bengal,India,2023-01-01,Platinum,Active
CUST03668,Jeffrey,Martin,wbrown@example.org,370.230.5150x985,Mumbai,Delhi,India,2022-01-28,Platinum,Inactive
CUST03669,Janet,Tyler,rhondaswanson@example.net,(368)387-5696x9714,Patna,Bihar,India,2022-07-17,Silver,Active
CUST03670,Spencer,Zuniga,eevans@example.org,+1-907-570-1587x29729,Patna,Tamil Nadu,India,2024-01-21,Silver,Active
CUST03671,Breanna,Silva,jamie88@example.net,547-720-1018,Hyderabad,Rajasthan,India,2022-05-16,Silver,Inactive
CUST03672,Ruben,Vang,thunter@example.com,547-500-2031x62904,Kolkata,Bihar,India,2022-08-20,Silver,Active
CUST03673,Kevin,Williams,wilcoxlisa@example.net,353-800-1267,Pune,Karnataka,India,2024-01-14,Platinum,Inactive
CUST03674,Christopher,Lopez,grantnicholas@example.com,784.259.3833x48075,Bangalore,Bihar,India,2024-05-04,Platinum,Active
CUST03675,Sarah,Lee,paultate@example.org,382.476.1004x9424,Patna,Rajasthan,India,2024-05-03,Gold,Active
CUST03676,Jessica,Rodgers,woodskatie@example.net,862.590.9998,Chennai,Delhi,India,2022-06-25,Platinum,Active
CUST03677,Scott,Ingram,vspencer@example.com,(881)514-2005x964,Bangalore,Maharashtra,India,2023-12-02,Silver,Active
CUST03678,Shawn,Bowen,ashley04@example.com,+1-348-279-7520x8097,Mumbai,Bihar,India,2022-08-05,Gold,Active
CUST03679,Charles,Robinson,douglaslee@example.net,6444742658,Pune,Bihar,India,2023-03-22,Gold,Inactive
CUST03680,Johnny,Moore,josephgoodman@example.com,(558)825-5968x75061,Patna,West Bengal,India,2023-04-09,Platinum,Active
CUST03681,Sarah,Villarreal,brett42@example.org,001-799-487-7644x330,Bangalore,Bihar,India,2023-04-05,Platinum,Inactive
CUST03682,Kelsey,Estes,alyssa13@example.com,+1-577-707-9138x2137,Chennai,Telangana,India,2022-10-13,Platinum,Active
CUST03683,Sharon,Nash,uhoward@example.org,001-712-273-9632x4025,Delhi,Tamil Nadu,India,2024-01-22,Gold,Inactive
CUST03684,Michael,Moody,herreramark@example.com,407.350.8095,Jaipur,Rajasthan,India,2023-01-20,Silver,Active
CUST03685,John,Miller,arichards@example.org,696.442.0942x308,Patna,Delhi,India,2024-03-26,Silver,Active
CUST03686,Andrew,Martin,nyu@example.org,(270)822-6046x264,Lucknow,Uttar Pradesh,India,2023-07-28,Platinum,Active
CUST03687,Jeremiah,Wilson,todd51@example.net,861.926.1321x484,Jaipur,Bihar,India,2022-02-24,Platinum,Active
CUST03688,Gabriel,Jones,jameshaynes@example.com,+1-822-550-1283x2561,Patna,Tamil Nadu,India,2024-03-29,Silver,Active
CUST03689,Alexander,Stevenson,milesmichael@example.com,435-369-1482x11798,Jaipur,West Bengal,India,2022-09-05,Silver,Inactive
CUST03690,Dennis,Hernandez,kgamble@example.net,681.469.3954x80136,Jaipur,Maharashtra,India,2023-06-22,Gold,Inactive
CUST03691,Eric,House,reginaortiz@example.net,885-509-3644,Jaipur,Bihar,India,2022-12-07,Silver,Active
CUST03692,Chad,Hernandez,hstewart@example.com,(308)873-5387x16096,Lucknow,Tamil Nadu,India,2023-03-14,,Active
CUST03693,Susan,Hall,brownerika@example.net,001-519-687-1344x1979,Mumbai,West Bengal,India,2023-12-17,Silver,Inactive
CUST03694,Larry,Shaw,danielwest@example.com,+1-589-910-2212x9108,Bangalore,West Bengal,India,2022-03-15,Silver,Inactive
CUST03695,Michael,Brown,robertjones@example.org,(465)739-6505,Patna,Telangana,India,2023-04-17,Gold,Active
CUST03696,Shawn,Massey,simmonsamanda@example.com,829.937.0279x096,Delhi,Delhi,India,2022-02-03,Platinum,Active
CUST03697,Tammy,White,ugreen@example.org,+1-912-316-3255x9275,Delhi,Maharashtra,India,2024-06-02,Gold,Active
CUST03698,Stephanie,Briggs,zsullivan@example.com,(833)897-4518x46579,Kolkata,Maharashtra,India,2024-02-15,Silver,Active
CUST03699,Melissa,Lewis,daughertypamela@example.net,760.472.9225x46861,Mumbai,Rajasthan,India,2023-05-08,Platinum,Inactive
CUST03700,Victor,Sullivan,samantha57@example.com,+1-327-403-7798x2002,Kolkata,Delhi,India,2022-02-28,Platinum,Active
CUST03701,Zachary,Snyder,wrightdonald@example.net,704.507.5519,Chennai,Uttar Pradesh,India,2022-12-28,Platinum,Active
CUST03702,Jose,Garrison,tammy79@example.com,001-760-438-2753x90387,Jaipur,Telangana,India,2024-03-24,Gold,Inactive
CUST03703,Michael,Merritt,fmichael@example.net,816.924.1050,Mumbai,West Bengal,India,2022-06-13,Silver,Inactive
CUST03704,Jamie,Mora,sadams@example.com,(967)505-6791,Lucknow,West Bengal,India,2022-10-22,Silver,Active
CUST03705,Matthew,Williams,charlesmorgan@example.net,567-847-1240x134,Hyderabad,West Bengal,India,2022-06-29,Platinum,Active
CUST03706,Angela,Martinez,ronald91@example.org,(862)459-2246x5256,Bangalore,Rajasthan,India,2022-11-18,Silver,Inactive
CUST03707,Jose,Barton,johngreen@example.org,(546)970-1171x22439,Delhi,Delhi,India,2023-04-24,Platinum,Active
CUST03708,Jamie,King,brettthomas@example.com,759.352.4981x6062,Hyderabad,Tamil Nadu,India,2022-01-03,Gold,Inactive
CUST03709,Kathy,Gonzales,daniel54@example.org,001-671-557-7347,Chennai,Maharashtra,India,2023-10-14,,Inactive
CUST03710,John,Lee,ejohnson@example.org,+1-579-364-9643x66375,Patna,Uttar Pradesh,India,2023-06-27,Gold,Active
CUST03711,Michael,Sullivan,stacey52@example.net,001-398-510-3125x152,Bangalore,Bihar,India,2022-08-30,Gold,Active
CUST03712,Stephen,Thomas,kathyphillips@example.com,+1-297-658-0753x9133,Chennai,Delhi,India,2022-11-26,Gold,Inactive
CUST03713,Haley,Hart,kscott@example.com,(646)207-1193,Patna,Uttar Pradesh,India,2024-04-21,Platinum,Active
CUST03714,Richard,Gallegos,marshallkenneth@example.com,698-222-4945x6839,Delhi,Rajasthan,India,2023-07-20,Silver,Inactive
CUST03715,Cody,Morgan,robertgrant@example.com,+1-392-771-1674x659,Pune,Uttar Pradesh,India,2022-08-01,Platinum,Inactive
CUST03716,Valerie,Hamilton,ahaynes@example.com,(694)885-1843,Chennai,Delhi,India,2023-09-25,Platinum,Active
CUST03717,Terrance,Miller,nicole47@example.org,577-488-3225,Mumbai,Delhi,India,2022-05-09,Gold,Active
CUST03718,Thomas,Smith,rlong@example.net,478.924.3041,Bangalore,Telangana,India,2022-05-06,Platinum,Active
CUST03719,Elizabeth,Nelson,josephmoore@example.net,(418)446-9557,Jaipur,Delhi,India,2023-07-24,Gold,Inactive
CUST03720,Bryan,Payne,bbrown@example.com,+1-854-406-1554x3838,Patna,West Bengal,India,2024-05-27,Gold,Inactive
CUST03721,Jeffery,Wright,bramirez@example.org,(346)964-9928,Jaipur,Tamil Nadu,India,2022-09-12,Gold,Active
CUST03722,Roger,Taylor,jason80@example.com,967.551.0028x651,Mumbai,Uttar Pradesh,India,2023-06-26,Gold,Active
CUST03723,Jessica,Ramos,castillojose@example.org,(552)509-3227x05736,Mumbai,Bihar,India,2022-06-08,Platinum,Inactive
CUST03724,Victoria,Higgins,wileylinda@example.com,+1-372-481-0898,Hyderabad,Bihar,India,2023-09-26,Platinum,Inactive
CUST03725,Gregory,Thomas,tammyphillips@example.com,+1-296-642-4685,Hyderabad,Bihar,India,2023-02-22,Silver,Active
CUST03726,Patrick,Oliver,zroberson@example.com,+1-614-961-3989x66078,Bangalore,Bihar,India,2024-06-19,Gold,Inactive
CUST03727,Megan,Parsons,jacobchristensen@example.com,753-858-9468,Mumbai,Telangana,India,2022-08-08,Gold,Active
CUST03728,Rita,Garrison,uthompson@example.net,(974)204-3326x64116,Delhi,Uttar Pradesh,India,2023-04-19,Gold,Inactive
CUST03729,John,Hanson,juliaharrington@example.net,+1-963-322-7301x32048,Chennai,Karnataka,India,2022-06-10,Gold,Active
CUST03730,Brenda,Brown,clarksheryl@example.org,908-847-3713x55708,Bangalore,Tamil Nadu,India,2022-07-11,Platinum,Inactive
CUST03731,Cole,Harvey,randymyers@example.net,(760)763-3493,Jaipur,Bihar,India,2022-12-15,Gold,Active
CUST03732,Alexandra,Phillips,pmartinez@example.org,001-941-310-2339x50648,Delhi,Maharashtra,India,2024-06-05,,Inactive
CUST03733,Steven,Edwards,fdecker@example.com,+1-770-830-2725x656,Bangalore,Telangana,India,2022-11-12,Gold,Active
CUST03734,Lori,Williams,huntsamantha@example.net,001-219-585-3644x5288,Pune,Maharashtra,India,2024-03-01,Gold,Active
CUST03735,Thomas,Oneill,lisa15@example.org,606-885-0284x13029,Jaipur,West Bengal,India,2023-07-24,Silver,Inactive
CUST03736,Phillip,Hughes,paulkeller@example.com,600-633-6922x967,Patna,Rajasthan,India,2022-12-06,Platinum,Active
CUST03737,Ashley,Bradford,garciaraymond@example.org,001-514-459-7720x73109,Chennai,Delhi,India,2023-11-21,Gold,Active
CUST03738,Angela,George,campbellrose@example.com,738.460.4929,Hyderabad,Tamil Nadu,India,2024-05-23,Silver,Active
CUST03739,Christine,Morris,vwilliams@example.com,(445)786-5087x66795,Chennai,Tamil Nadu,India,2022-08-02,Platinum,Inactive
CUST03740,Ian,Alvarado,kimberly03@example.org,281.519.0358x390,Chennai,Maharashtra,India,2023-08-25,Gold,Active
CUST03741,Jeanette,Wilson,codyvaughn@example.com,001-727-834-4813,Patna,Maharashtra,India,2024-04-06,Silver,Active
CUST03742,Peter,Owens,nyoung@example.org,(604)348-3291x518,Kolkata,Rajasthan,India,2023-12-30,Platinum,Inactive
CUST03743,Christopher,Malone,johnsonmary@example.com,001-735-722-4268x36988,Mumbai,West Bengal,India,2024-01-09,Silver,Active
CUST03744,Corey,Nolan,zoe57@example.com,902.782.5462x595,Kolkata,Maharashtra,India,2022-09-04,Platinum,Active
CUST03745,Dana,Wilcox,alex85@example.net,974.961.2585x59245,Pune,Bihar,India,2023-05-20,Gold,Inactive
CUST03746,Ruth,Reed,alex42@example.net,+1-839-807-7175x169,Delhi,Uttar Pradesh,India,2022-08-20,Silver,Active
CUST03747,Debra,Jennings,cynthia37@example.org,455.740.0215x65939,Kolkata,West Bengal,India,2022-03-27,Gold,Inactive
CUST03748,Amy,Cruz,lewissheila@example.org,+1-818-697-2698x3376,Mumbai,Rajasthan,India,2023-02-03,Platinum,Inactive
CUST03749,Michael,Fields,leonardcarl@example.net,375-923-1996,Jaipur,West Bengal,India,2024-03-08,Silver,Active
CUST03750,Raymond,Morris,wgill@example.net,869.304.2566,Pune,Delhi,India,2022-07-09,Silver,Active
CUST03751,Kaitlyn,Robinson,susanshort@example.com,(890)917-1272x14221,Bangalore,Maharashtra,India,2022-12-09,Platinum,Active
CUST03752,Anthony,Tucker,jason49@example.net,408.763.9317,Kolkata,West Bengal,India,2024-05-07,Silver,Active
CUST03753,Jennifer,Hoffman,adam49@example.net,(492)590-4898,Bangalore,Karnataka,India,2023-12-06,Gold,Inactive
CUST03754,Carol,Moore,longjeffrey@example.org,693.832.9228,Hyderabad,Maharashtra,India,2022-09-28,Platinum,Inactive
CUST03755,Curtis,Ali,kimholly@example.com,295-678-5113x3526,Kolkata,Tamil Nadu,India,2022-01-04,Gold,Inactive
CUST03756,Jeff,Kelley,emilybrown@example.com,+1-767-669-4218,Chennai,Bihar,India,2023-09-17,Silver,Active
CUST03757,Monica,Gonzalez,heather83@example.com,001-560-591-9421,Kolkata,Maharashtra,India,2022-11-15,Silver,Inactive
CUST03758,John,Lang,ymcdonald@example.org,001-752-704-4117,Jaipur,Telangana,India,2022-04-22,Silver,Active
CUST03759,Angela,Rodriguez,mturner@example.com,233-475-9101,Jaipur,Rajasthan,India,2023-02-11,Gold,Active
CUST03760,Sheryl,Willis,robinsonchristopher@example.com,490.313.3821x65744,Patna,Uttar Pradesh,India,2023-08-24,Silver,Active
CUST03761,Meghan,Peterson,erikataylor@example.net,369.576.1274,Patna,Tamil Nadu,India,2024-04-14,Platinum,Active
CUST03762,Tanya,Lambert,vmaddox@example.org,707.535.8199,Pune,Rajasthan,India,2022-03-17,Gold,Inactive
CUST03763,Robert,Ingram,debraramirez@example.net,(780)737-4305x1749,Bangalore,Maharashtra,India,2022-12-12,Silver,Inactive
CUST03764,Alicia,Walsh,vincentburke@example.net,+1-202-703-1378x1828,Hyderabad,Bihar,India,2022-02-07,Platinum,Inactive
CUST03765,Denise,Martin,burnsnicole@example.org,+1-542-441-6909x29232,Delhi,Karnataka,India,2024-02-05,Platinum,Active
CUST03766,Pamela,Ramirez,edunn@example.net,(479)807-8101,Chennai,Tamil Nadu,India,2024-03-07,Gold,Inactive
CUST03767,Patricia,Brown,twright@example.org,913.652.6906x7018,Bangalore,Delhi,India,2023-03-15,Platinum,Active
CUST03768,Andrew,Durham,elizabethosborn@example.com,421-638-4369,Patna,Uttar Pradesh,India,2022-04-30,Silver,Active
CUST03769,Russell,Orr,pharris@example.org,+1-226-429-3648x740,Delhi,West Bengal,India,2022-07-17,Silver,Inactive
CUST03770,Elizabeth,Thompson,rickywilliams@example.net,530.873.2882,Bangalore,Maharashtra,India,2023-02-04,Silver,Inactive
CUST03771,James,Hall,byork@example.org,737-297-5550x1994,Lucknow,Maharashtra,India,2022-06-07,Gold,Active
CUST03772,Michael,Smith,wigginsdeborah@example.org,2727348443,Patna,Tamil Nadu,India,2022-04-13,Gold,Inactive
CUST03773,David,Whitaker,qpotts@example.com,(437)935-6092,Delhi,Uttar Pradesh,India,2022-12-31,Platinum,Active
CUST03774,Manuel,Thomas,kristina85@example.net,,Kolkata,Maharashtra,India,2023-03-23,Gold,Inactive
CUST03775,Robert,Roman,robert54@example.com,(591)866-5010,Jaipur,Bihar,India,2023-03-11,Platinum,Active
CUST03776,Patrick,Cunningham,mbrown@example.net,001-342-504-4838,Hyderabad,Telangana,India,2023-06-22,Platinum,Active
CUST03777,Kristina,Boyd,michelle16@example.net,(565)553-4106,Pune,Telangana,India,2022-04-29,Platinum,Active
CUST03778,Steven,Smith,sharpmarvin@example.net,001-946-292-1062,Jaipur,Rajasthan,India,2024-03-23,Silver,Inactive
CUST03779,Tammy,Horn,christianmiller@example.org,928.878.9899x7123,Pune,Rajasthan,India,2022-11-02,,Active
CUST03780,Jesse,Bean,kduke@example.org,001-226-885-7241x708,Delhi,Tamil Nadu,India,2023-02-22,Silver,Inactive
CUST03781,Ebony,Huerta,shaneblevins@example.com,913.942.3813,Mumbai,Delhi,India,2023-09-22,Silver,Inactive
CUST03782,Carol,Cooper,rebeccabrown@example.org,657.937.5336x165,Delhi,Delhi,India,2023-04-08,Platinum,Inactive
CUST03783,Daniel,Smith,natashalynch@example.org,(481)985-4641x4418,Kolkata,Maharashtra,India,2023-08-02,Gold,Inactive
CUST03784,William,Spencer,timothyweber@example.com,276-833-7855,Patna,Delhi,India,2023-08-11,Platinum,Inactive
CUST03785,Maurice,Johnson,sanfordtheresa@example.org,563-865-3985x39056,Kolkata,Bihar,India,2022-09-19,Gold,Inactive
CUST03786,Stephanie,Howe,mlindsey@example.net,(430)485-5843x0107,Kolkata,Uttar Pradesh,India,2024-02-25,Platinum,Inactive
CUST03787,Kelly,Griffin,harristimothy@example.com,403.302.7181,Jaipur,Rajasthan,India,2024-04-30,Silver,Inactive
CUST03788,Joshua,Mosley,kristinhaynes@example.net,(298)358-2995x2400,Jaipur,Karnataka,India,2022-05-29,Platinum,Inactive
CUST03789,Amber,Rubio,matthewsmith@example.org,911.642.0302x7890,Kolkata,Tamil Nadu,India,2023-10-15,Silver,Inactive
CUST03790,Wayne,Johnson,owensdiane@example.org,(215)216-2856x2064,Mumbai,Telangana,India,2023-08-02,Silver,Inactive
CUST03791,Natalie,Brown,milesamy@example.com,(886)999-8336x006,Kolkata,Tamil Nadu,India,2023-08-07,Silver,Active
CUST03792,Jessica,Walker,pcollins@example.net,+1-833-361-9540x7187,Patna,Tamil Nadu,India,2022-04-21,Gold,Active
CUST03793,Thomas,Jimenez,penningtonshane@example.org,001-567-997-0430,Bangalore,Uttar Pradesh,India,2024-03-05,Platinum,Active
CUST03794,Jesse,Warner,marymason@example.net,2955535876,Kolkata,Delhi,India,2023-02-22,Platinum,Inactive
CUST03795,Courtney,Clark,jessica69@example.net,996-642-0914x87551,Bangalore,Maharashtra,India,2022-06-08,Gold,Inactive
CUST03796,Carla,Henderson,brendan19@example.net,6184783668,Lucknow,Bihar,India,2022-02-01,Platinum,Active
CUST03797,Kristen,Thompson,patriciacline@example.com,001-723-482-1734,Jaipur,Tamil Nadu,India,2022-11-13,Platinum,Active
CUST03798,Elizabeth,Golden,barnesrobert@example.com,+1-601-261-0655x76291,Kolkata,Karnataka,India,2022-11-30,Platinum,Active
CUST03799,Jacob,Lee,berryamy@example.org,(718)798-1429x5365,Patna,West Bengal,India,2023-06-17,Silver,Inactive
CUST03800,Christina,Charles,eblack@example.com,751.704.1761,Delhi,Karnataka,India,2024-04-27,Gold,Active
CUST03801,Kathleen,Smith,pereznoah@example.net,914.344.0556x8204,Kolkata,Uttar Pradesh,India,2022-05-26,Gold,Active
CUST03802,Michelle,Montgomery,grimesjean@example.net,9759672462,Patna,Uttar Pradesh,India,2023-07-17,Platinum,Inactive
CUST03803,Jonathan,Roberson,mossmatthew@example.com,(452)376-6543,Patna,Uttar Pradesh,India,2023-07-12,Platinum,Inactive
CUST03804,Christina,Grant,pfloyd@example.org,(589)705-4211x21011,Jaipur,Uttar Pradesh,India,2022-04-06,Platinum,Inactive
CUST03805,Joseph,Taylor,espinozazachary@example.org,(603)975-7930x528,Bangalore,Maharashtra,India,2022-12-19,Silver,Active
CUST03806,Adriana,Morse,anna83@example.org,991.487.8997,Lucknow,Uttar Pradesh,India,2023-07-30,Silver,Active
CUST03807,John,Williams,dburke@example.org,(905)486-4114,Pune,West Bengal,India,2024-02-24,Gold,Inactive
CUST03808,Aaron,Gutierrez,thomasmoore@example.com,+1-349-725-0674x3005,Mumbai,Telangana,India,2024-02-08,Silver,Inactive
CUST03809,Ashley,Henry,shirleyfields@example.org,885-796-1438x6465,Jaipur,Bihar,India,2023-02-13,Silver,Inactive
CUST03810,Sharon,Jones,jerry98@example.com,366.399.3850,Jaipur,Telangana,India,2024-05-20,Platinum,Active
CUST03811,Sarah,Johnson,thomas48@example.com,641.231.4729,Delhi,Bihar,India,2024-05-25,Gold,Active
CUST03812,John,Bates,curtisjamie@example.org,820-963-8571x97712,Delhi,West Bengal,India,2022-01-02,Gold,Inactive
CUST03813,Robert,Zamora,preed@example.net,(970)791-7791,Mumbai,Delhi,India,2023-02-03,Silver,Inactive
CUST03814,Olivia,Orozco,ashleyparsons@example.net,254.537.8041x1587,Pune,Maharashtra,India,2023-05-31,Silver,Active
CUST03815,Alexis,Hughes,heather82@example.net,(587)456-0436x408,Kolkata,Karnataka,India,2024-04-13,Silver,Active
CUST03816,Chelsea,Brown,ojones@example.com,(608)688-0971,Bangalore,West Bengal,India,2022-03-09,Silver,Inactive
CUST03817,William,Barrett,lambertkimberly@example.net,679.568.2891x218,Hyderabad,Maharashtra,India,2022-03-24,Platinum,Inactive
CUST03818,Victoria,Floyd,robertnorris@example.net,001-929-423-5467,Lucknow,Uttar Pradesh,India,2022-02-25,Silver,Active
CUST03819,Michael,Harrison,ryanchristina@example.org,+1-408-709-7619x024,Kolkata,Rajasthan,India,2024-06-11,Platinum,Inactive
CUST03820,Gregory,Cole,nancy38@example.net,443-435-3388,Patna,Delhi,India,2023-10-05,Platinum,Inactive
CUST03821,Marc,Peterson,crystalhansen@example.com,(887)695-8071x335,Hyderabad,Telangana,India,2022-08-14,Silver,Inactive
CUST03822,Aaron,Barrett,perrychristopher@example.net,626.664.5159x228,Lucknow,Telangana,India,2023-03-28,Gold,Active
CUST03823,Barbara,Rosario,lucerotimothy@example.net,6668739817,Lucknow,Bihar,India,2022-03-01,Platinum,Inactive
CUST03824,Nancy,Nixon,nataliehoffman@example.com,892.467.0322x8063,Bangalore,Bihar,India,2024-02-21,Platinum,Active
CUST03825,Michael,Washington,thomaserik@example.com,001-916-449-3554x1137,Delhi,West Bengal,India,2022-12-19,Silver,Inactive
CUST03826,Terrence,Nunez,mcclainjulie@example.com,(207)245-1075x9497,Lucknow,Uttar Pradesh,India,2024-01-13,Silver,Active
CUST03827,Allison,Watkins,erikajames@example.com,001-225-346-7463x80687,Kolkata,Maharashtra,India,2023-08-02,Gold,Active
CUST03828,Brooke,Richards,keith89@example.net,894.429.0857x381,Jaipur,West Bengal,India,2023-02-11,Gold,Active
CUST03829,Darren,Thompson,richard32@example.com,628-217-1808,Pune,Tamil Nadu,India,2022-07-19,Gold,Active
CUST03830,Stephanie,Rojas,jonathan57@example.org,+1-443-805-9406,Patna,Karnataka,India,2022-04-02,Gold,Active
CUST03831,Cristian,Mckinney,jimmy91@example.com,328.656.7507x65796,Chennai,Uttar Pradesh,India,2022-07-27,Silver,Inactive
CUST03832,Linda,Shepherd,williamsgabriel@example.net,(592)618-4626x1317,Mumbai,Rajasthan,India,2023-07-12,Silver,Active
CUST03833,Robert,Johnson,brandonabbott@example.net,3663614375,Patna,Maharashtra,India,2024-05-19,Silver,Active
CUST03834,Seth,Smith,monicarobinson@example.com,712.744.3646x91406,Bangalore,Maharashtra,India,2022-01-01,Silver,Inactive
CUST03835,Andrea,Avila,rreeves@example.org,435-841-1402,Jaipur,Karnataka,India,2022-09-01,Silver,Inactive
CUST03836,Jackson,Moore,jonathanleonard@example.net,3273602207,Jaipur,Karnataka,India,2023-05-23,Gold,Active
CUST03837,George,Jennings,ortizaustin@example.com,290.212.1909x67953,Pune,Rajasthan,India,2022-07-14,Silver,Inactive
CUST03838,Jeffrey,Hamilton,cindy19@example.com,992-843-3392x9786,Hyderabad,Delhi,India,2022-11-11,Platinum,Active
CUST03839,Barbara,Sheppard,conleyrichard@example.com,353-909-1239,Kolkata,Karnataka,India,2024-06-04,Silver,Active
CUST03840,Dawn,Williams,ncooper@example.org,001-980-608-4292x6824,Bangalore,Telangana,India,2024-06-03,Platinum,Active
CUST03841,Stacy,Johnson,kevinmiranda@example.net,274-355-7070x9123,Mumbai,Uttar Pradesh,India,2024-04-17,Gold,Inactive
CUST03842,Wendy,Henderson,sluna@example.net,+1-655-761-6971,Pune,Rajasthan,India,2022-02-24,Silver,Inactive
CUST03843,Rachel,Johnson,whitehailey@example.com,3628601972,Mumbai,Uttar Pradesh,India,2024-05-01,Gold,Active
CUST03844,Michael,Clark,robert33@example.org,+1-740-532-0993x936,Lucknow,Rajasthan,India,2022-05-26,Platinum,Active
CUST03845,Andrea,Walker,daviseric@example.org,604.879.4687x89269,Mumbai,Delhi,India,2022-07-11,Silver,Active
CUST03846,Cheryl,Johnson,yjames@example.com,(690)696-6995,Lucknow,West Bengal,India,2024-06-18,Silver,Active
CUST03847,Christopher,Smith,michaelmerritt@example.org,680-928-3419x8189,Pune,Telangana,India,2023-10-06,Platinum,Inactive
CUST03848,Amanda,Hernandez,kathleen35@example.com,954.806.8207,Kolkata,West Bengal,India,2022-06-25,Gold,Inactive
CUST03849,John,Maynard,ibarragail@example.com,001-557-397-9509x154,Kolkata,Rajasthan,India,2024-03-14,Silver,Inactive
CUST03850,Edward,Campos,tara44@example.org,840-909-1590x6958,Pune,West Bengal,India,2024-06-06,Silver,Active
CUST03851,Drew,Bush,icrane@example.com,568.801.4814,Jaipur,Bihar,India,2024-05-18,Platinum,Inactive
CUST03852,Andrew,Henson,amanda98@example.org,726-894-9983x6608,Delhi,Karnataka,India,2023-02-23,Silver,Inactive
CUST03853,Jill,Jones,thomas14@example.org,610-830-5076x705,Delhi,Rajasthan,India,2024-01-27,Platinum,Inactive
CUST03854,Chad,Martin,evan83@example.com,7753707903,Mumbai,Rajasthan,India,2023-02-17,Gold,Active
CUST03855,Kathryn,Hill,tommyalexander@example.org,878.766.8268,Lucknow,Tamil Nadu,India,2023-02-17,Gold,Active
CUST03856,Marcia,Miller,emiller@example.net,429-446-2476x56149,Delhi,Karnataka,India,2024-05-30,Silver,Inactive
CUST03857,Eric,Smith,jrussell@example.com,333-299-2518,Patna,Maharashtra,India,2023-07-08,Platinum,Active
CUST03858,Jacqueline,Campbell,petersonjoshua@example.org,494.895.3127x58763,Pune,Karnataka,India,2022-07-04,Gold,Active
CUST03859,Elizabeth,Baker,jimenezlaura@example.net,443.806.9071,Bangalore,Karnataka,India,2022-03-30,Silver,Inactive
CUST03860,Billy,Gutierrez,xhansen@example.org,+1-592-422-8437x8701,Lucknow,Maharashtra,India,2023-07-07,Platinum,Inactive
CUST03861,Tina,Perkins,dana58@example.org,242-862-5936x587,Kolkata,Bihar,India,2023-02-19,Platinum,Active
CUST03862,Gerald,Wells,amberwest@example.net,+1-207-293-7380x1793,Patna,Maharashtra,India,2023-06-20,Platinum,Active
CUST03863,Jonathan,Cox,znunez@example.com,(933)506-4050x7246,Kolkata,Uttar Pradesh,India,2022-12-02,Gold,Active
CUST03864,Austin,Marks,petersteele@example.org,+1-459-516-9787x42657,Kolkata,West Bengal,India,2023-07-25,Platinum,Inactive
CUST03865,Janet,Daugherty,rebecca33@example.org,3392348383,Bangalore,West Bengal,India,2022-08-29,Gold,Active
CUST03866,Alexis,Kelly,kiddwayne@example.net,926.575.7313,Patna,Delhi,India,2022-06-12,Gold,Active
CUST03867,Melissa,Morales,sheilasmith@example.org,+1-715-997-8172,Pune,West Bengal,India,2023-09-12,Gold,Inactive
CUST03868,Noah,Ellis,wagnersara@example.org,001-569-744-6829,Hyderabad,Bihar,India,2023-06-04,Gold,Inactive
CUST03869,Tonya,Watson,hayesnatalie@example.net,690-749-6229,Kolkata,West Bengal,India,2024-05-16,Platinum,Active
CUST03870,Elizabeth,Chen,ipatterson@example.com,(387)473-1835x423,Mumbai,Telangana,India,2023-10-25,Gold,Inactive
CUST03871,Curtis,Washington,ellischarles@example.net,9366228809,Jaipur,West Bengal,India,2023-10-04,Gold,Active
CUST03872,Jose,Oneal,shirleymiller@example.com,705.634.9875x47071,Lucknow,Maharashtra,India,2023-12-13,Gold,Active
CUST03873,Robert,Brown,tammysantos@example.net,651-668-3346x7324,Jaipur,Uttar Pradesh,India,2022-08-29,Gold,Inactive
CUST03874,Jeffrey,Lopez,michaelgutierrez@example.com,(996)268-4359x81853,Pune,West Bengal,India,2023-05-05,Platinum,Active
CUST03875,Alyssa,Rodriguez,kellybaker@example.net,+1-748-275-3119,Kolkata,Rajasthan,India,2022-01-27,Gold,Inactive
CUST03876,Christina,Duke,carrillomichael@example.net,+1-740-955-2381x698,Mumbai,Maharashtra,India,2024-03-09,Platinum,Inactive
CUST03877,Anna,Myers,rodriguezchristina@example.com,903.918.9738,Kolkata,West Bengal,India,2023-05-22,Gold,Inactive
CUST03878,Jennifer,Ross,jeffreyharrell@example.org,735.323.2982,Patna,Uttar Pradesh,India,2023-07-09,Platinum,Inactive
CUST03879,Raymond,Woodward,lhansen@example.net,8035855152,Patna,Bihar,India,2024-01-06,Gold,Active
CUST03880,Jon,Valdez,harrisgavin@example.org,428-976-9797x6449,Delhi,West Bengal,India,2023-05-21,Gold,Active
CUST03881,Leslie,Buchanan,heather58@example.com,(935)218-4068x77096,Patna,Tamil Nadu,India,2023-02-13,Gold,Active
CUST03882,Cole,Mckee,dunnmichael@example.org,900.634.7853x95042,Hyderabad,Delhi,India,2023-12-14,Platinum,Inactive
CUST03883,Breanna,Green,katherinejones@example.net,795.783.2378,Bangalore,Uttar Pradesh,India,2024-02-13,Platinum,Inactive
CUST03884,Angel,Walker,josephgonzalez@example.org,999-833-4684x44047,Lucknow,Delhi,India,2023-12-04,Silver,Active
CUST03885,Jose,Kennedy,david05@example.net,827-692-9650x4220,Hyderabad,West Bengal,India,2022-06-21,Silver,Inactive
CUST03886,Mike,Taylor,schaefermelissa@example.net,+1-734-694-4387x2012,Chennai,Telangana,India,2024-05-22,Gold,Active
CUST03887,Ashley,Davis,tyler11@example.net,001-643-268-0751x649,Bangalore,Rajasthan,India,2023-06-21,Platinum,Inactive
CUST03888,Julie,Allen,henrywelch@example.net,001-923-749-6124x95240,Patna,Karnataka,India,2022-07-20,Platinum,Inactive
CUST03889,Christopher,Scott,galexander@example.org,(802)320-4023,Pune,Bihar,India,2022-07-10,Platinum,Inactive
CUST03890,Allison,Brown,tsanders@example.org,(492)291-6684,Bangalore,Tamil Nadu,India,2024-03-19,Silver,Active
CUST03891,Brittany,Lindsey,obruce@example.org,+1-681-986-5961,Bangalore,Bihar,India,2022-12-15,Gold,Active
CUST03892,Dwayne,Andrade,cnash@example.net,001-723-352-7143,Chennai,Bihar,India,2023-12-02,Platinum,Inactive
CUST03893,Ryan,Evans,david19@example.com,7399742999,Lucknow,Bihar,India,2024-01-10,Gold,Inactive
CUST03894,Robert,Mcbride,david03@example.org,818-637-2341,Kolkata,Bihar,India,2022-06-21,Gold,Active
CUST03895,Michael,Potts,mbrewer@example.org,(881)508-9222x38296,Pune,Karnataka,India,2024-06-08,Platinum,Inactive
CUST03896,Stephen,Parker,bryan91@example.org,422-221-3481x0054,Pune,West Bengal,India,2022-04-15,Silver,Inactive
CUST03897,Matthew,Burnett,thomas22@example.com,602.505.1344,Chennai,Delhi,India,2023-01-14,Platinum,Inactive
CUST03898,Michael,Stone,kathryn46@example.net,(687)862-5991x9676,Hyderabad,Uttar Pradesh,India,2023-06-16,Platinum,Inactive
CUST03899,Michael,Jones,acohen@example.com,001-244-801-4683,Kolkata,Karnataka,India,2022-01-17,Gold,Inactive
CUST03900,Anne,Stanley,bortiz@example.net,530-832-2601,Hyderabad,Tamil Nadu,India,2024-04-24,Silver,Active
CUST03901,Jay,Blackburn,eweaver@example.net,(574)684-9848,Kolkata,Maharashtra,India,2022-11-10,Platinum,Active
CUST03902,Larry,Mann,hannah44@example.net,+1-914-361-3546x82981,Mumbai,Rajasthan,India,2024-05-02,Platinum,Inactive
CUST03903,Eric,Gray,sabrinamartin@example.com,001-399-745-6952x5654,Delhi,Tamil Nadu,India,2022-06-18,Platinum,Inactive
CUST03904,Derrick,Mendoza,lutzstacey@example.org,001-355-580-0899x208,Pune,Telangana,India,2023-08-19,Silver,Active
CUST03905,Frances,Moran,kayleejuarez@example.net,+1-852-456-3940,Chennai,Tamil Nadu,India,2024-05-08,Gold,Inactive
CUST03906,Melvin,Johnson,powellcraig@example.net,+1-679-482-4441x156,Chennai,Telangana,India,2022-04-01,Gold,Active
CUST03907,Christopher,Cook,jensenbrittney@example.com,,Chennai,Tamil Nadu,India,2022-12-01,Silver,Active
CUST03908,Jamie,White,gloverteresa@example.com,001-648-730-9699,Patna,Karnataka,India,2024-01-17,Platinum,Active
CUST03909,Erin,Allen,mjones@example.org,796.774.7207,Bangalore,Rajasthan,India,2024-04-17,Platinum,Active
CUST03910,Eric,Hardy,davisjoshua@example.net,(771)684-9150x987,Bangalore,Rajasthan,India,2022-09-01,Gold,Active
CUST03911,Joseph,Butler,qrogers@example.net,273-496-3742,Kolkata,Telangana,India,2022-01-17,Silver,Active
CUST03912,Jeffrey,Martin,kimberly21@example.net,3702587585,Mumbai,Delhi,India,2022-10-18,Gold,Active
CUST03913,Janet,White,nealgabriela@example.net,659-923-3789x07370,Bangalore,West Bengal,India,2023-04-13,Silver,Inactive
CUST03914,Alexandria,Campbell,kirk84@example.net,+1-536-344-7286x0579,Delhi,Bihar,India,2023-07-29,Gold,Active
CUST03915,Nicole,Lee,billy59@example.net,967.926.2177x98539,Chennai,Bihar,India,2022-10-06,Silver,Inactive
CUST03916,Christina,Wells,emilyweber@example.org,660.879.9655x147,Patna,Bihar,India,2023-02-16,Gold,Inactive
CUST03917,Eric,Jones,loganmichelle@example.org,656.632.6862x8295,Delhi,Karnataka,India,2023-03-03,Platinum,Inactive
CUST03918,Rachel,Taylor,caseyponce@example.net,001-838-932-7726x30646,Lucknow,West Bengal,India,2024-03-22,Gold,Inactive
CUST03919,Jaime,Jones,kjohnson@example.com,+1-452-295-8593x9284,Patna,Bihar,India,2022-11-02,Gold,Inactive
CUST03920,Nicole,Wong,alyssahartman@example.com,9562868754,Chennai,Telangana,India,2023-06-07,Platinum,Inactive
CUST03921,Alexandra,Hart,patriciahuerta@example.org,782.774.1545,Kolkata,Uttar Pradesh,India,2024-01-21,Gold,Inactive
CUST03922,Gregory,Salazar,davenportjohn@example.net,646.282.1283,Kolkata,Telangana,India,2024-03-17,Silver,Active
CUST03923,Jason,Vance,michael41@example.net,001-803-790-5301x9849,Kolkata,Maharashtra,India,2022-11-08,Silver,Inactive
CUST03924,Anthony,Johnston,christophersantiago@example.com,979.931.4362,Delhi,Bihar,India,2022-12-07,Silver,Active
CUST03925,Christina,Brewer,stephensjanet@example.net,873-292-9687x868,Patna,Telangana,India,2022-02-13,Gold,Active
CUST03926,Ryan,Hudson,andrea27@example.com,001-382-723-9700x9312,Pune,Maharashtra,India,2023-08-24,Silver,Active
CUST03927,Gregory,Young,xthomas@example.com,568.426.7090x10890,Mumbai,Karnataka,India,2023-10-21,Gold,Active
CUST03928,Wayne,Flores,dariuscarrillo@example.org,546.784.4924,Delhi,Karnataka,India,2022-08-02,Gold,Inactive
CUST03929,Eric,Fletcher,nelsonmark@example.org,(309)753-0440,Jaipur,Tamil Nadu,India,2022-02-04,Platinum,Inactive
CUST03930,Angelica,Weaver,damonwilliams@example.org,(654)486-9281,Patna,Maharashtra,India,2023-07-23,Gold,Inactive
CUST03931,Matthew,Velasquez,djohnson@example.org,(485)947-1904,Jaipur,West Bengal,India,2022-10-19,Platinum,Inactive
CUST03932,Frank,Hanson,joseph46@example.org,+1-854-996-7489x31829,Kolkata,Rajasthan,India,2023-01-31,Silver,Inactive
CUST03933,Marco,Walton,kfranklin@example.org,(654)841-1030,Pune,Uttar Pradesh,India,2024-05-20,Gold,Inactive
CUST03934,Albert,Sanders,shanemurphy@example.net,200-492-5658,Hyderabad,Uttar Pradesh,India,2024-01-07,Silver,Active
CUST03935,Stephanie,Lawrence,hoffmankimberly@example.org,+1-624-925-1426x57079,Chennai,West Bengal,India,2022-05-13,Platinum,Active
CUST03936,Michael,Miller,megan97@example.net,570.371.3682x34138,Hyderabad,Tamil Nadu,India,2023-01-13,Silver,Active
CUST03937,Kelsey,Christensen,rosejeremy@example.net,001-814-899-3510x8897,Patna,West Bengal,India,2024-04-04,Silver,Active
CUST03938,Brian,Hicks,kellymitchell@example.com,905.618.7710x49658,Mumbai,Bihar,India,2022-07-14,Silver,Active
CUST03939,Riley,Ellis,oscott@example.org,+1-341-977-7160x606,Delhi,Telangana,India,2024-06-18,Platinum,Active
CUST03940,Brittany,Price,ricejames@example.net,+1-923-201-2497x84342,Bangalore,Delhi,India,2022-03-02,Silver,Active
CUST03941,Richard,Hernandez,ojackson@example.com,001-271-750-5014x3680,Hyderabad,Rajasthan,India,2023-03-02,Silver,Active
CUST03942,Maria,Larson,fnichols@example.com,494.864.8977,Jaipur,Rajasthan,India,2024-01-05,Gold,Active
CUST03943,Vincent,Hernandez,jonhess@example.com,001-807-298-3283x54686,Patna,Rajasthan,India,2023-06-30,Gold,Active
CUST03944,Brian,Gutierrez,pvillarreal@example.org,(699)976-3864,Lucknow,Bihar,India,2023-11-13,Silver,Inactive
CUST03945,Joseph,Greene,maria65@example.org,448-246-2674x11893,Lucknow,Karnataka,India,2023-05-07,Gold,Inactive
CUST03946,Michelle,Cruz,deborahwelch@example.net,+1-696-215-5529x1833,Hyderabad,Rajasthan,India,2023-07-30,Silver,Inactive
CUST03947,Daniel,Coleman,lisahoward@example.org,(334)467-8797x023,Kolkata,Delhi,India,2022-06-08,Gold,Active
CUST03948,John,Barnett,harrislisa@example.com,(784)272-1707,Mumbai,West Bengal,India,2023-09-26,Platinum,Inactive
CUST03949,Philip,Byrd,gina91@example.org,513-962-9602x3814,Jaipur,Tamil Nadu,India,2023-01-27,Platinum,Active
CUST03950,Tracy,Cox,corey91@example.com,476-768-4367,Delhi,West Bengal,India,2023-02-06,Silver,Inactive
CUST03951,Heather,Phillips,amanda57@example.net,712.883.6083x4979,Lucknow,Bihar,India,2022-05-04,Silver,Inactive
CUST03952,Jason,King,kayla74@example.org,001-557-371-7148x10725,Pune,Tamil Nadu,India,2023-12-05,Gold,Active
CUST03953,Roger,Chapman,reedronald@example.com,844-499-4749,Kolkata,Bihar,India,2023-08-02,Silver,Inactive
CUST03954,Sarah,Santos,jjackson@example.net,(224)300-5457x2799,Patna,Bihar,India,2022-07-06,Platinum,Active
CUST03955,Eric,Jackson,cwalker@example.com,+1-272-793-3466x29882,Bangalore,Bihar,India,2024-01-29,Silver,Inactive
CUST03956,Carla,Bell,jwilliams@example.net,+1-913-295-0648x020,Chennai,Maharashtra,India,2024-03-29,Platinum,Inactive
CUST03957,David,Lee,andrewhall@example.net,492-400-6613,Jaipur,West Bengal,India,2022-08-30,Silver,Active
CUST03958,Regina,Taylor,tuckerthomas@example.net,985.399.0761,Chennai,Karnataka,India,2022-06-20,Platinum,Active
CUST03959,Christian,Martinez,stephen32@example.net,001-592-651-6382,Kolkata,West Bengal,India,2024-03-19,Silver,Inactive
CUST03960,Benjamin,Stout,lwilson@example.net,293.831.0391,Hyderabad,Telangana,India,2023-07-24,Gold,Active
CUST03961,Kimberly,Malone,logan39@example.com,416-895-3671,Lucknow,Rajasthan,India,2023-05-16,Silver,Active
CUST03962,Ian,Knight,nhamilton@example.com,001-987-294-8210x66256,Bangalore,Telangana,India,2024-04-07,Silver,Active
CUST03963,Kyle,Henson,erica90@example.com,4547281762,Chennai,Telangana,India,2023-08-08,Gold,Inactive
CUST03964,Zoe,Simpson,carloslewis@example.net,742.317.5330x06386,Mumbai,Bihar,India,2023-09-18,Gold,Inactive
CUST03965,George,Haynes,walkerraven@example.net,412-394-1278x01732,Patna,Bihar,India,2022-01-03,Gold,Active
CUST03966,Joseph,Harris,riversrichard@example.net,(545)230-9649x49534,Delhi,Karnataka,India,2022-06-15,Silver,Inactive
CUST03967,Nathan,Lloyd,brookspatricia@example.com,426-374-1216,Jaipur,Rajasthan,India,2024-02-17,Platinum,Active
CUST03968,Terry,Lopez,zparrish@example.com,001-685-760-4995x4137,Lucknow,Karnataka,India,2022-08-08,Silver,Active
CUST03969,Geoffrey,Richardson,lhampton@example.com,+1-552-481-0007x096,Patna,Delhi,India,2022-05-14,Platinum,Active
CUST03970,Cynthia,Rios,jennifer91@example.com,943-637-7136x01172,Chennai,Uttar Pradesh,India,2022-05-18,Platinum,Active
CUST03971,Bobby,Christian,campostonya@example.net,(760)233-2352,Pune,Bihar,India,2023-07-16,Silver,Active
CUST03972,Christopher,Porter,kingalison@example.net,(730)990-2026x108,Jaipur,Rajasthan,India,2022-09-29,Platinum,Inactive
CUST03973,Kyle,Perez,daltonann@example.org,4403662980,Jaipur,West Bengal,India,2023-06-16,Platinum,Inactive
CUST03974,Michael,Price,christopherallen@example.net,(439)628-6465x62868,Pune,Karnataka,India,2022-12-24,Platinum,Inactive
CUST03975,Jessica,Carroll,angela73@example.com,001-337-502-4899,Pune,West Bengal,India,2022-07-09,Gold,Active
CUST03976,Kathy,Lucas,ronaldsimmons@example.org,001-257-408-8681,Delhi,Tamil Nadu,India,2024-03-28,Silver,Inactive
CUST03977,David,Kelly,jameswilliams@example.org,388.684.7250x9469,Pune,Uttar Pradesh,India,2022-11-06,Platinum,Active
CUST03978,Lisa,Smith,michaelmiranda@example.com,+1-660-239-7190x96447,Kolkata,Karnataka,India,2024-04-14,Silver,Inactive
CUST03979,John,Martinez,woodsjohn@example.com,(266)840-3426x214,Chennai,Bihar,India,2022-03-10,Silver,Active
CUST03980,Antonio,Kramer,leachwillie@example.net,982.470.4515,Patna,Bihar,India,2022-01-24,Platinum,Inactive
CUST03981,Tammy,Wong,heather54@example.com,001-304-907-9043x96592,Delhi,Maharashtra,India,2023-11-11,Gold,Active
CUST03982,Kaitlyn,Lewis,xjones@example.com,001-738-430-9663,Hyderabad,West Bengal,India,2023-05-05,Silver,Active
CUST03983,Alyssa,Hernandez,abigailrodriguez@example.net,001-899-670-4080x30229,Pune,Delhi,India,2023-09-19,Platinum,Inactive
CUST03984,Frank,Schwartz,april03@example.net,+1-681-447-7733,Mumbai,Tamil Nadu,India,2023-04-27,Platinum,Inactive
CUST03985,Kimberly,Hood,kathryndavis@example.org,(436)553-0767,Kolkata,Maharashtra,India,2022-04-06,Silver,Inactive
CUST03986,Courtney,Sandoval,qmoore@example.com,253.537.4316,Patna,Bihar,India,2022-02-19,Silver,Active
CUST03987,Martin,Schwartz,shannon77@example.com,646.933.7243,Mumbai,Rajasthan,India,2022-06-11,Gold,Inactive
CUST03988,Alexandra,Cochran,carolyn81@example.com,563.903.1113,Patna,Delhi,India,2024-02-10,Silver,Active
CUST03989,Edgar,Vincent,soniakeith@example.com,+1-558-722-0667x72853,Mumbai,Uttar Pradesh,India,2022-04-29,Gold,Active
CUST03990,Jenna,King,benjamingeorge@example.com,+1-336-581-4136,Patna,Delhi,India,2022-05-13,Silver,Active
CUST03991,Jessica,Edwards,farrellcharles@example.org,207.467.7186x0443,Patna,Karnataka,India,2023-04-03,Platinum,Inactive
CUST03992,Victoria,Wilson,bthomas@example.net,374.749.1938x1050,Pune,Tamil Nadu,India,2022-09-12,Silver,Inactive
CUST03993,Adam,Miller,kadams@example.net,5093801356,Pune,Uttar Pradesh,India,2023-08-09,Gold,Inactive
CUST03994,Lori,Blake,eayers@example.com,8548024665,Jaipur,Delhi,India,2022-08-02,Platinum,Active
CUST03995,Alexander,Morales,ashleymeadows@example.net,(977)598-7811,Hyderabad,West Bengal,India,2023-04-12,Silver,Active
CUST03996,Mario,Long,marienewman@example.net,889.470.2416x675,Hyderabad,Bihar,India,2024-02-22,Silver,Active
CUST03997,Melissa,Hill,meyersophia@example.net,001-300-983-2345,Delhi,West Bengal,India,2022-10-19,Platinum,Inactive
CUST03998,Thomas,Rogers,brandon25@example.net,221-998-8346x6256,Jaipur,Bihar,India,2023-10-03,Gold,Active
CUST03999,David,Villa,dwright@example.org,001-479-922-0749,Chennai,Bihar,India,2023-08-14,Silver,Inactive
CUST04000,Chloe,Graham,danielmendoza@example.com,9323485497,Patna,Delhi,India,2023-01-20,Platinum,Active
CUST04001,Zachary,Stephenson,gmoore@example.com,626-649-2609,Chennai,Karnataka,India,2023-12-19,Platinum,Inactive
CUST04002,Jerry,Taylor,casey12@example.net,001-368-332-5593x165,Mumbai,Delhi,India,2024-05-09,Silver,Inactive
CUST04003,Patrick,Stewart,riddlesabrina@example.com,455.310.0651,Kolkata,Rajasthan,India,2022-05-12,Silver,Active
CUST04004,Patrick,Gay,lowepamela@example.com,+1-220-673-0018x844,Lucknow,Maharashtra,India,2022-08-23,Silver,Inactive
CUST04005,Zachary,Stewart,paulwoods@example.net,(905)345-6984,Bangalore,Karnataka,India,2022-07-15,Platinum,Inactive
CUST04006,Leslie,Welch,dorothy81@example.org,(411)860-5821,Chennai,Uttar Pradesh,India,2023-07-07,Gold,Active
CUST04007,Carol,Howard,fwallace@example.com,(822)663-5635x450,Delhi,Telangana,India,2022-08-06,Silver,Active
CUST04008,Virginia,Rollins,deniseschneider@example.org,(974)316-8557,Patna,Rajasthan,India,2022-01-27,Silver,Inactive
CUST04009,Jessica,Willis,jacquelineacosta@example.com,2855471142,Chennai,Bihar,India,2022-05-07,Gold,Active
CUST04010,Charles,Parker,ojohnson@example.org,775.238.7790x0933,Lucknow,Telangana,India,2023-07-25,Silver,Active
CUST04011,Sarah,Garcia,meyerkatherine@example.org,270.688.3519x97735,Kolkata,Delhi,India,2023-09-06,Gold,Active
CUST04012,Lisa,Gonzalez,omar13@example.org,869.834.7670,Bangalore,Delhi,India,2023-03-18,Gold,Active
CUST04013,Paul,Calderon,amanda62@example.net,001-583-315-9738x813,Patna,Telangana,India,2022-05-14,Platinum,Active
CUST04014,Victoria,Vazquez,patelraymond@example.org,001-731-318-3884x2133,Chennai,Telangana,India,2022-12-17,Silver,Active
CUST04015,Marissa,Gibson,karencarey@example.com,780-893-2026x6173,Hyderabad,Delhi,India,2022-08-16,Silver,Active
CUST04016,Kimberly,Olson,odunn@example.net,(540)708-6054x03560,Delhi,Karnataka,India,2022-05-08,Gold,Inactive
CUST04017,Jennifer,Rodgers,parsonsjohnny@example.net,2846872257,Lucknow,Karnataka,India,2023-08-01,Gold,Inactive
CUST04018,Jonathan,Combs,bauermichael@example.org,001-301-403-5803x7543,Mumbai,Karnataka,India,2023-09-30,Gold,Inactive
CUST04019,Alexandra,Smith,christopherbullock@example.org,6953123650,Hyderabad,Uttar Pradesh,India,2023-01-16,Silver,Active
CUST04020,Gregory,Hernandez,eaguilar@example.com,2064754616,Lucknow,Maharashtra,India,2022-09-15,Silver,Inactive
CUST04021,Keith,Jones,boothkevin@example.com,747.770.1255x02472,Bangalore,Delhi,India,2023-04-18,Silver,Active
CUST04022,Willie,Watson,courtney97@example.org,870.856.0013,Delhi,Maharashtra,India,2023-07-23,Platinum,Active
CUST04023,Allison,Wu,kellynancy@example.net,(349)312-3960x0318,Pune,Delhi,India,2022-02-09,Platinum,Inactive
CUST04024,Vincent,Richmond,owest@example.org,686-524-2965,Pune,Maharashtra,India,2023-07-22,Gold,Inactive
CUST04025,Charles,Faulkner,william52@example.net,630.530.9151x098,Mumbai,Rajasthan,India,2022-10-10,Silver,Inactive
CUST04026,Randall,Garrett,elizabeth29@example.com,001-532-633-6228x8073,Delhi,West Bengal,India,2023-06-13,Silver,Active
CUST04027,Margaret,Lara,amyphillips@example.com,(873)219-1211,Chennai,Rajasthan,India,2024-04-11,Silver,Active
CUST04028,David,Myers,mckenzieanna@example.net,813-755-1509x37234,Delhi,Maharashtra,India,2023-08-30,Gold,Active
CUST04029,Bruce,Davis,cookadam@example.net,605.262.9633,Mumbai,Tamil Nadu,India,2023-04-20,Platinum,Active
CUST04030,Daniel,Hill,john71@example.net,428-793-2648,Lucknow,Maharashtra,India,2023-02-23,Silver,Active
CUST04031,Tina,Deleon,alexispatrick@example.org,2486193182,Pune,Karnataka,India,2023-04-19,Silver,Active
CUST04032,Chad,White,dbender@example.com,(470)295-8391x198,Hyderabad,Karnataka,India,2024-04-12,Platinum,Inactive
CUST04033,Taylor,Kramer,youngjennifer@example.net,+1-769-341-0417x4141,Hyderabad,Tamil Nadu,India,2023-05-19,Gold,Active
CUST04034,Craig,Ramos,sdiaz@example.org,(536)557-4103,Pune,Delhi,India,2022-04-27,Silver,Inactive
CUST04035,Travis,Warren,romerobrandon@example.net,4947911024,Chennai,West Bengal,India,2022-07-06,Platinum,Inactive
CUST04036,Bryan,Scott,sherri10@example.org,270.518.9750,Bangalore,Uttar Pradesh,India,2023-04-03,Platinum,Inactive
CUST04037,Carlos,Brown,darren72@example.net,001-831-623-9308,Delhi,Tamil Nadu,India,2023-05-24,Silver,Active
CUST04038,Patricia,Gonzalez,qallen@example.net,4067436160,Pune,Tamil Nadu,India,2022-12-08,Platinum,Inactive
CUST04039,Anne,Scott,larry88@example.com,988-817-2101x98543,Lucknow,Telangana,India,2022-06-10,Gold,Inactive
CUST04040,John,Werner,billy94@example.net,516-465-9192x65564,Patna,Maharashtra,India,2023-03-24,Gold,Active
CUST04041,Jared,Copeland,gary00@example.org,887.485.1082x6767,Pune,Bihar,India,2023-06-22,Platinum,Inactive
CUST04042,David,Smith,wdrake@example.com,001-500-927-4439x396,Delhi,Delhi,India,2022-01-20,Gold,Inactive
CUST04043,Alicia,Winters,ivan12@example.org,(500)674-7022x6123,Bangalore,Maharashtra,India,2023-03-01,Gold,Inactive
CUST04044,Diana,Stephens,rebecca54@example.org,+1-624-671-1123x846,Kolkata,Delhi,India,2023-10-04,Silver,Active
CUST04045,Elizabeth,Huang,annette75@example.net,475-253-9375x18459,Lucknow,Rajasthan,India,2022-02-21,Platinum,Inactive
CUST04046,Melissa,Avery,xoliver@example.com,606-710-9829x97800,Hyderabad,Delhi,India,2022-05-08,Silver,Inactive
CUST04047,Cindy,Crosby,loganbradshaw@example.org,001-762-371-6309x222,Pune,West Bengal,India,2023-08-23,Platinum,Active
CUST04048,Barry,Randall,aspears@example.net,+1-954-275-3827x6668,Kolkata,Telangana,India,2024-04-20,Platinum,Active
CUST04049,Sonya,Johnson,jacqueline12@example.org,977-898-6617x98203,Pune,Maharashtra,India,2022-11-19,Gold,Active
CUST04050,Alexandria,Phillips,markdecker@example.com,(648)761-1230,Hyderabad,West Bengal,India,2022-02-13,Silver,Inactive
CUST04051,Matthew,Richardson,katrinacruz@example.net,+1-331-658-6326x707,Kolkata,Rajasthan,India,2023-10-25,Gold,Inactive
CUST04052,Elizabeth,Lynch,rtucker@example.com,+1-447-299-2862x952,Pune,Maharashtra,India,2023-10-17,Silver,Inactive
CUST04053,Michael,Gillespie,jamesstewart@example.com,9677720003,Lucknow,Maharashtra,India,2023-08-28,Gold,Inactive
CUST04054,Brandi,King,fsavage@example.org,801-997-5294x24614,Jaipur,Telangana,India,2023-09-10,Silver,Inactive
CUST04055,Ryan,Pratt,mhuynh@example.net,883-571-8494x29107,Mumbai,Bihar,India,2023-01-27,Silver,Inactive
CUST04056,Sheena,Cole,tammy74@example.org,(446)684-3256,Delhi,Rajasthan,India,2022-10-21,Gold,Inactive
CUST04057,Jason,Smith,clinecraig@example.net,997.402.0968x567,Pune,Bihar,India,2022-09-12,Gold,Inactive
CUST04058,Thomas,Burch,james43@example.net,+1-284-749-4229,Pune,West Bengal,India,2022-07-07,Platinum,Inactive
CUST04059,Tammy,Cox,sfowler@example.net,001-508-230-8970x1348,Kolkata,Maharashtra,India,2023-08-20,Platinum,Inactive
CUST04060,Morgan,Wiley,whitescott@example.org,(621)350-0810,Delhi,Maharashtra,India,2024-04-06,Platinum,Inactive
CUST04061,George,Barr,kristina14@example.org,849-381-1109x053,Bangalore,Bihar,India,2022-06-19,Silver,Active
CUST04062,Noah,Williams,sharonoconnor@example.com,8633934208,Delhi,West Bengal,India,2023-04-24,Gold,Active
CUST04063,Lawrence,Mcdaniel,lmayo@example.com,+1-204-379-2933x8972,Mumbai,Uttar Pradesh,India,2022-04-19,Silver,Active
CUST04064,Lindsey,Petty,ramirezdennis@example.com,541.976.8901x28902,Delhi,Telangana,India,2023-11-08,Silver,Active
CUST04065,Daniel,Hamilton,debramckinney@example.net,001-599-495-3279x308,Chennai,West Bengal,India,2022-08-29,Platinum,Inactive
CUST04066,Tammie,Thompson,kathrynobrien@example.net,757-277-8068,Mumbai,Maharashtra,India,2022-05-31,Gold,Active
CUST04067,Allen,Gilbert,erikaguerra@example.org,,Jaipur,West Bengal,India,2024-01-19,Platinum,Inactive
CUST04068,Elizabeth,Gardner,williamfleming@example.net,(302)706-8892,Jaipur,Delhi,India,2023-11-09,Silver,Inactive
CUST04069,Laura,Donovan,srubio@example.org,(454)514-6375,Hyderabad,West Bengal,India,2022-09-24,Silver,Active
CUST04070,Kathy,Evans,matthew36@example.org,001-983-615-6740,Mumbai,Rajasthan,India,2024-02-16,Gold,Active
CUST04071,Samantha,Davis,bergerdaniel@example.net,(245)927-4917,Lucknow,West Bengal,India,2023-08-08,Gold,Inactive
CUST04072,Alex,Thomas,burkeerin@example.net,299-711-9971x281,Jaipur,Bihar,India,2022-01-12,Silver,Active
CUST04073,Michael,Fowler,qgarcia@example.org,001-936-901-4669,Jaipur,Delhi,India,2022-09-23,Gold,Inactive
CUST04074,Clifford,Fisher,christinelowe@example.org,667-326-3197x6428,Lucknow,Maharashtra,India,2022-11-24,Silver,Active
CUST04075,Christopher,Swanson,ycohen@example.org,682.475.2928x8010,Kolkata,Maharashtra,India,2023-01-25,Gold,Inactive
CUST04076,James,Webb,marc89@example.net,+1-811-618-7709,Mumbai,Bihar,India,2022-04-04,Platinum,Inactive
CUST04077,Heidi,Baker,nhughes@example.net,001-559-227-1127x671,Kolkata,Telangana,India,2023-11-22,Silver,Inactive
CUST04078,Warren,Duncan,emoore@example.net,001-428-645-3944,Jaipur,Bihar,India,2023-07-28,Gold,Inactive
CUST04079,Jacqueline,Giles,tracy48@example.com,(711)672-5549x04624,Lucknow,Delhi,India,2023-08-16,Gold,Active
CUST04080,Joshua,Rodriguez,leesara@example.org,7757932150,Chennai,Tamil Nadu,India,2023-08-26,Platinum,Active
CUST04081,Katherine,Garcia,edward00@example.org,(658)221-2596x908,Mumbai,Uttar Pradesh,India,2022-09-22,Silver,Inactive
CUST04082,Todd,Booth,vbates@example.net,(693)980-0633x4172,Delhi,Rajasthan,India,2023-03-14,Platinum,Active
CUST04083,Christine,Farley,david88@example.com,294-219-1052x165,Lucknow,Telangana,India,2022-07-01,Platinum,Active
CUST04084,Rachael,Dixon,ebarber@example.org,365-220-7172x1709,Bangalore,Karnataka,India,2022-12-08,Silver,Inactive
CUST04085,Steven,Hamilton,melissathompson@example.com,991.323.0937x8600,Bangalore,Bihar,India,2023-08-18,Gold,Active
CUST04086,Robert,Miller,williamkirby@example.com,001-428-327-3841x33855,Bangalore,Telangana,India,2023-09-12,Platinum,Inactive
CUST04087,Mary,Villarreal,kimberlybradley@example.net,3709091471,Jaipur,Tamil Nadu,India,2023-01-28,Platinum,Inactive
CUST04088,Donna,Olsen,pstokes@example.net,729.505.1769x2962,Bangalore,Delhi,India,2023-09-19,Gold,Inactive
CUST04089,Madison,Gray,kirkjacob@example.com,548-784-9016x30961,Hyderabad,Bihar,India,2023-06-08,Silver,Inactive
CUST04090,Kimberly,Smith,joseph66@example.org,+1-488-566-0044x2392,Patna,West Bengal,India,2022-01-12,Gold,Active
CUST04091,Willie,Barnett,martinezjoshua@example.net,+1-320-367-9168x361,Patna,Bihar,India,2023-01-31,Gold,Active
CUST04092,Morgan,Lee,brianmurray@example.net,001-560-894-4131x0744,Bangalore,Telangana,India,2024-04-25,Platinum,Active
CUST04093,Peggy,Estrada,michael90@example.com,838-321-9726x975,Jaipur,Tamil Nadu,India,2022-01-01,Gold,Inactive
CUST04094,Vincent,Wood,ekelley@example.org,+1-901-441-1833x559,Jaipur,Tamil Nadu,India,2023-06-30,Platinum,Active
CUST04095,Andrew,Dunn,kpayne@example.org,859-797-6374x2920,Patna,Telangana,India,2023-03-23,Gold,Inactive
CUST04096,Vickie,May,russell74@example.net,001-397-573-7723x533,Jaipur,Rajasthan,India,2022-06-04,Platinum,Active
CUST04097,Melissa,Smith,larsonnathan@example.net,217.379.6521x12440,Delhi,Maharashtra,India,2023-03-12,Silver,Inactive
CUST04098,Denise,Watkins,bwood@example.net,280-973-2117x216,Pune,Maharashtra,India,2022-03-17,Platinum,Active
CUST04099,Sierra,Morris,harrisdaniel@example.com,+1-261-609-9309x4252,Kolkata,Bihar,India,2023-01-02,Silver,Inactive
CUST04100,Brenda,Hall,michaelyoung@example.com,631.393.1596,Pune,Tamil Nadu,India,2022-04-21,Gold,Inactive
CUST04101,Samantha,Hughes,mlewis@example.net,8463981626,Chennai,Bihar,India,2022-01-01,Silver,Active
CUST04102,James,Davis,mperez@example.org,968-827-8152,Chennai,West Bengal,India,2022-09-18,Platinum,Active
CUST04103,Daniel,Jackson,etorres@example.net,942-245-1109x8692,Chennai,Delhi,India,2023-02-15,Silver,Inactive
CUST04104,Adam,Martin,justinmartin@example.org,(864)208-9145,Hyderabad,Rajasthan,India,2022-10-13,Silver,Inactive
CUST04105,Jeremy,Martinez,kylehill@example.net,001-780-282-4298x38111,Kolkata,Maharashtra,India,2022-05-08,Gold,Inactive
CUST04106,Stephanie,Crawford,sbailey@example.org,+1-501-500-5142x1150,Delhi,Tamil Nadu,India,2023-10-28,Platinum,Inactive
CUST04107,Harold,Mckee,goodcynthia@example.com,242.345.0220x62557,Delhi,Uttar Pradesh,India,2022-10-08,Gold,Active
CUST04108,Meredith,Hale,laurahatfield@example.com,598-360-2252x80262,Lucknow,Maharashtra,India,2023-04-27,Platinum,Active
CUST04109,Angelica,Hays,mpeck@example.org,791-477-6060x1981,Hyderabad,West Bengal,India,2023-12-18,Platinum,Active
CUST04110,Lance,Vance,adamscurtis@example.net,565.667.0466x342,Jaipur,Delhi,India,2023-07-14,Gold,Inactive
CUST04111,Amanda,Malone,irodgers@example.net,255-609-7264x40665,Jaipur,Bihar,India,2024-05-03,Silver,Inactive
CUST04112,Roberta,Smith,elopez@example.org,489.537.2731x092,Lucknow,Telangana,India,2022-03-23,Gold,Active
CUST04113,Travis,Roth,christinanguyen@example.com,+1-471-891-5247x4582,Pune,Karnataka,India,2024-03-17,Platinum,Active
CUST04114,James,Howell,aobrien@example.org,716-432-3120x725,Bangalore,Telangana,India,2023-02-08,Platinum,Inactive
CUST04115,James,Young,pittsjimmy@example.net,(224)817-3748x1093,Jaipur,Tamil Nadu,India,2023-09-24,Platinum,Inactive
CUST04116,Timothy,Odonnell,johnfrench@example.com,765-461-3822x08274,Kolkata,West Bengal,India,2023-12-15,Gold,Inactive
CUST04117,Lindsey,Mcgee,brooke74@example.com,537.841.3031x022,Bangalore,Telangana,India,2023-06-03,Platinum,Active
CUST04118,Jeremy,Murray,colinhughes@example.org,6742686643,Chennai,Telangana,India,2022-12-02,Gold,Active
CUST04119,Stephen,Lewis,jeffrey96@example.org,297.230.5757,Mumbai,Bihar,India,2022-04-24,Platinum,Active
CUST04120,Vanessa,Valentine,kcameron@example.com,+1-753-241-7665x3151,Lucknow,Karnataka,India,2022-03-01,Silver,Inactive
CUST04121,Christopher,Sullivan,crystal81@example.org,889-940-5345x95951,Delhi,Karnataka,India,2023-12-13,Silver,Active
CUST04122,Daniel,King,rebecca70@example.com,,Mumbai,Uttar Pradesh,India,2023-05-01,Platinum,Active
CUST04123,Felicia,Anderson,gabrielle84@example.org,813-878-3051x26827,Kolkata,West Bengal,India,2022-08-21,Platinum,Inactive
CUST04124,Tracy,Cole,adonaldson@example.net,(844)386-3451,Bangalore,Karnataka,India,2022-08-01,Silver,Inactive
CUST04125,Michael,Rodriguez,anthony38@example.net,001-225-406-0116x628,Patna,Maharashtra,India,2023-12-28,Platinum,Inactive
CUST04126,Johnny,Daugherty,davidrussell@example.com,8127817981,Chennai,Delhi,India,2022-12-02,Gold,Inactive
CUST04127,Mary,Haney,ambercollins@example.org,(693)358-4214x596,Delhi,Delhi,India,2022-01-08,,Inactive
CUST04128,Jessica,Johnson,andersonbenjamin@example.net,292-410-6261x929,Patna,Telangana,India,2024-04-06,Platinum,Inactive
CUST04129,William,Todd,ialvarez@example.com,898.981.9523,Delhi,Telangana,India,2022-07-03,Gold,Inactive
CUST04130,Kristina,Young,wperez@example.com,+1-833-924-7498x912,Hyderabad,West Bengal,India,2023-11-30,Platinum,Inactive
CUST04131,Amy,Hart,mary30@example.net,001-420-246-4441x24528,Lucknow,Uttar Pradesh,India,2023-03-18,Silver,Inactive
CUST04132,Tony,Ortiz,ryan10@example.net,+1-464-219-2316x10405,Bangalore,Telangana,India,2024-03-19,Silver,Active
CUST04133,Cathy,Haynes,fhill@example.net,719-727-9711,Hyderabad,Karnataka,India,2024-04-19,Gold,Inactive
CUST04134,Devon,Scott,vhernandez@example.org,894-870-7582,Lucknow,Karnataka,India,2023-05-17,Platinum,Active
CUST04135,Thomas,Curtis,jdecker@example.com,(851)980-9818x2416,Lucknow,Telangana,India,2023-08-08,Gold,Active
CUST04136,Michael,Foster,julieguerra@example.org,(612)737-5384x1242,Jaipur,Delhi,India,2022-07-16,Gold,Active
CUST04137,Robert,Salazar,reyesrichard@example.com,902.278.0348,Chennai,Telangana,India,2022-09-06,Gold,Inactive
CUST04138,Bob,Grant,davidmartin@example.com,645.849.9777,Patna,Bihar,India,2024-03-13,Gold,Inactive
CUST04139,Ellen,Martinez,heather41@example.com,001-452-354-4319x27109,Hyderabad,Delhi,India,2023-12-19,Silver,Inactive
CUST04140,Eric,Barnes,cynthia97@example.org,+1-966-980-0417x488,Chennai,Karnataka,India,2023-10-10,Silver,Active
CUST04141,Sarah,Powell,johnsonmaria@example.com,+1-927-700-8288x1798,Bangalore,Bihar,India,2022-01-10,Silver,Active
CUST04142,Corey,Cunningham,brandikim@example.org,001-401-390-4698x4416,Patna,Telangana,India,2022-06-29,Silver,Inactive
CUST04143,Deborah,Gibbs,jmiller@example.org,(573)862-1317,Lucknow,Rajasthan,India,2023-03-15,Gold,Inactive
CUST04144,Dylan,Preston,justin40@example.com,(635)853-1868,Chennai,Maharashtra,India,2022-05-18,Gold,Active
CUST04145,John,Willis,lgarza@example.org,8042076068,Mumbai,Bihar,India,2022-04-17,Gold,Active
CUST04146,Megan,Ward,sharpkristy@example.com,289.221.4513x57015,Chennai,West Bengal,India,2022-04-05,Gold,Inactive
CUST04147,Nancy,Brown,simslawrence@example.com,(305)578-0384,Delhi,West Bengal,India,2022-03-03,Silver,Active
CUST04148,Paul,Hill,nolsen@example.org,943.881.8006x1383,Kolkata,West Bengal,India,2023-05-01,Gold,Inactive
CUST04149,Joshua,Davis,smithdawn@example.com,(582)698-0264x101,Lucknow,West Bengal,India,2023-12-30,Silver,Active
CUST04150,Peter,Thomas,hendersonmatthew@example.com,755.856.9589x0314,Mumbai,Bihar,India,2024-06-14,Platinum,Inactive
CUST04151,Julie,Small,pvega@example.net,(942)694-2810,Delhi,Telangana,India,2023-03-31,Gold,Active
CUST04152,Tyler,Dennis,lisa99@example.org,+1-490-696-3730,Bangalore,Telangana,India,2024-01-06,Silver,Inactive
CUST04153,Cameron,Phillips,alexanderjavier@example.com,722-820-7450x370,Patna,Maharashtra,India,2022-03-19,Silver,Active
CUST04154,Sharon,Miller,sdeleon@example.com,592.748.1245,Jaipur,Telangana,India,2022-07-28,Silver,Inactive
CUST04155,Steven,Yoder,ericewing@example.net,001-384-351-9988x025,Pune,Uttar Pradesh,India,2022-12-17,Gold,Inactive
CUST04156,George,Gardner,nixonjennifer@example.org,001-412-266-0886x2308,Jaipur,Delhi,India,2024-06-06,Gold,Inactive
CUST04157,Tina,Miller,ogilbert@example.org,+1-442-764-3043x617,Patna,Karnataka,India,2024-04-18,Gold,Active
CUST04158,Jennifer,Ward,qwilson@example.org,812-660-3044x38924,Patna,Maharashtra,India,2022-11-14,Platinum,Active
CUST04159,Anthony,King,martinezjacqueline@example.com,+1-852-319-9696x1147,Chennai,Telangana,India,2023-05-31,Gold,Inactive
CUST04160,Deborah,Preston,grimesbradley@example.com,626-658-2568x82891,Delhi,Uttar Pradesh,India,2022-02-18,Gold,Inactive
CUST04161,Tammy,Gordon,tina32@example.net,997.992.1462x385,Chennai,Telangana,India,2023-10-31,Platinum,Inactive
CUST04162,Jessica,Brennan,mosleyjason@example.org,338.808.2245,Patna,Tamil Nadu,India,2022-12-13,Silver,Active
CUST04163,Jonathan,Avila,williamsalison@example.com,+1-396-700-6739x264,Pune,Bihar,India,2022-05-24,Platinum,Inactive
CUST04164,Jonathan,Wilson,brianmoore@example.net,488.426.9289,Jaipur,Rajasthan,India,2022-10-20,Platinum,Active
CUST04165,Lisa,White,jerry24@example.com,345.892.8159,Lucknow,Uttar Pradesh,India,2023-04-07,Silver,Active
CUST04166,Adrian,Mclean,jonathan33@example.com,467-494-8855x32315,Hyderabad,Bihar,India,2023-11-12,Gold,Active
CUST04167,Beth,Jones,crodriguez@example.org,001-308-686-7193,Pune,West Bengal,India,2022-02-01,Platinum,Inactive
CUST04168,Heidi,Mitchell,brookstiffany@example.org,277-535-7614,Patna,Maharashtra,India,2023-12-03,Gold,Inactive
CUST04169,Nicole,Clark,stephanie46@example.com,915-546-1765x50131,Delhi,West Bengal,India,2024-01-02,Silver,Active
CUST04170,Christopher,Bryan,khorton@example.org,001-380-562-2884x5571,Bangalore,Tamil Nadu,India,2023-09-14,Silver,Inactive
CUST04171,Andrea,Jones,kathyrodgers@example.org,259-461-5301,Pune,Delhi,India,2022-12-03,Gold,Active
CUST04172,Susan,Thomas,harrisjeremy@example.net,001-897-994-0207,Jaipur,West Bengal,India,2022-11-29,,Inactive
CUST04173,Ryan,Lane,michealswanson@example.org,(798)919-8319,Pune,Karnataka,India,2023-10-02,Silver,Inactive
CUST04174,Wendy,Evans,laura52@example.com,(371)456-6040,Delhi,Maharashtra,India,2022-01-13,Platinum,Active
CUST04175,Sandra,Lewis,krista26@example.com,497.655.5981x845,Bangalore,Rajasthan,India,2024-01-03,Gold,Inactive
CUST04176,Mark,Lewis,nicholasgrant@example.net,7285644231,Mumbai,Uttar Pradesh,India,2023-06-11,Gold,Active
CUST04177,Jessica,Smith,xreed@example.net,872-818-6151x515,Hyderabad,Telangana,India,2022-10-13,Platinum,Inactive
CUST04178,Julie,Sanders,keith62@example.net,(964)215-6067,Hyderabad,Uttar Pradesh,India,2022-09-25,Silver,Active
CUST04179,Amanda,Murray,fgolden@example.com,+1-629-924-1400,Jaipur,Karnataka,India,2024-04-19,Platinum,Active
CUST04180,Gerald,Wilkerson,justin93@example.net,345-837-9085x6064,Kolkata,Tamil Nadu,India,2023-05-02,Gold,Active
CUST04181,Tiffany,Huffman,qsmith@example.org,(873)652-3622x70268,Chennai,Tamil Nadu,India,2022-01-16,Platinum,Active
CUST04182,Jason,Dominguez,ashleywalker@example.com,001-343-953-5260x064,Jaipur,Rajasthan,India,2022-05-31,Platinum,Inactive
CUST04183,Alexander,Ray,timothy42@example.org,(556)809-0373x35972,Jaipur,Uttar Pradesh,India,2024-06-14,Platinum,Inactive
CUST04184,Anna,Welch,davisrodney@example.net,213-578-9800x14476,Jaipur,West Bengal,India,2023-08-24,Silver,Active
CUST04185,Sarah,Bennett,amycarter@example.net,(928)599-3347x709,Chennai,Rajasthan,India,2022-11-10,Platinum,Active
CUST04186,Carol,Cain,rachelbecker@example.com,985.647.1967,Lucknow,Maharashtra,India,2024-05-07,Gold,Inactive
CUST04187,Aaron,Reyes,brettmcdonald@example.com,+1-630-320-2770x2470,Patna,Telangana,India,2023-11-29,Gold,Active
CUST04188,Karina,Andrews,danielwilliams@example.com,001-978-504-2088,Mumbai,West Bengal,India,2022-02-07,Platinum,Inactive
CUST04189,Anna,Roy,sullivanbradley@example.com,(896)648-9062x493,Hyderabad,Bihar,India,2023-12-29,Gold,Active
CUST04190,Ashley,Turner,daniel81@example.org,282.678.3550x065,Jaipur,Tamil Nadu,India,2022-07-28,Platinum,Inactive
CUST04191,Victor,Joseph,debrawolf@example.net,494.597.1144,Jaipur,Tamil Nadu,India,2022-06-16,Silver,Active
CUST04192,Jacqueline,Mendez,tinamiller@example.org,001-237-797-2869,Mumbai,West Bengal,India,2022-06-04,Gold,Active
CUST04193,Rachael,Freeman,obriendaniel@example.org,+1-884-443-8303x53536,Patna,Tamil Nadu,India,2023-02-06,Silver,Active
CUST04194,Jeffery,Jennings,valerie16@example.net,+1-495-841-1619x64531,Kolkata,West Bengal,India,2023-12-30,Silver,Active
CUST04195,Wendy,Hall,dmendoza@example.org,(563)901-1584x8250,Mumbai,Delhi,India,2022-05-30,Silver,Active
CUST04196,Virginia,Kelly,darrencollins@example.net,(641)774-6553,Pune,Bihar,India,2022-07-09,Silver,Active
CUST04197,Brett,Zimmerman,jordan38@example.org,(604)921-8480x51619,Jaipur,Uttar Pradesh,India,2022-03-06,Gold,Inactive
CUST04198,Kayla,Baker,okrause@example.com,(592)920-6763,Mumbai,Delhi,India,2023-01-24,Silver,Inactive
CUST04199,John,Kirby,brittany71@example.org,+1-811-908-0998x857,Bangalore,Maharashtra,India,2024-01-03,Silver,Active
CUST04200,Jessica,Salazar,spierce@example.org,001-437-574-6181,Hyderabad,Tamil Nadu,India,2024-04-17,Gold,Inactive
CUST04201,Bryan,Montgomery,jerry99@example.net,(488)397-6144,Mumbai,Telangana,India,2024-03-26,Silver,Active
CUST04202,Amanda,Hooper,calvingreen@example.org,001-873-722-2710x561,Hyderabad,Karnataka,India,2023-07-21,Platinum,Active
CUST04203,Sue,Cross,sara16@example.net,+1-313-724-5549x755,Mumbai,West Bengal,India,2023-10-19,,Inactive
CUST04204,Diana,Taylor,cunninghamdavid@example.com,+1-418-667-0646x527,Bangalore,West Bengal,India,2022-10-10,Platinum,Active
CUST04205,Joshua,Baker,matthew59@example.com,+1-591-329-6598x8071,Chennai,Telangana,India,2022-07-19,Gold,Inactive
CUST04206,Tammy,Murphy,stephaniespears@example.org,372.472.8779,Mumbai,Delhi,India,2024-05-02,Silver,Active
CUST04207,Dillon,Chavez,jerryweber@example.org,793.935.8869x93772,Delhi,Rajasthan,India,2024-01-21,Gold,Active
CUST04208,George,Smith,delliott@example.net,001-334-564-4831x8937,Chennai,Telangana,India,2022-01-04,Gold,Inactive
CUST04209,Sherry,Lane,vkelly@example.com,001-203-501-3409x80343,Mumbai,Karnataka,India,2023-03-25,Silver,Active
CUST04210,Isaiah,Jones,mcdonaldtheresa@example.org,(223)824-8719x939,Bangalore,Uttar Pradesh,India,2023-03-23,Gold,Inactive
CUST04211,Cassandra,Frost,beckmatthew@example.com,421.796.9184x601,Mumbai,Delhi,India,2022-04-05,Platinum,Inactive
CUST04212,Kara,Miranda,shawna56@example.net,913.258.4999x631,Hyderabad,Maharashtra,India,2023-01-15,Platinum,Active
CUST04213,Christopher,Hays,bowmanricky@example.com,379-884-3473x827,Pune,Telangana,India,2023-12-22,Silver,Inactive
CUST04214,Laura,Wright,evanspatrick@example.net,(220)332-4238x28188,Chennai,Maharashtra,India,2023-07-09,Gold,Inactive
CUST04215,Traci,Bell,katherine65@example.org,227-342-8038x2006,Kolkata,Rajasthan,India,2024-03-01,Silver,Active
CUST04216,Bethany,Mccullough,suarezjason@example.net,(217)330-5182,Jaipur,Tamil Nadu,India,2023-01-12,Gold,Inactive
CUST04217,Robert,Taylor,mpratt@example.org,533-858-2833x835,Pune,Telangana,India,2023-07-16,Platinum,Active
CUST04218,Zachary,Smith,hollyparker@example.com,753-228-7000x438,Jaipur,Uttar Pradesh,India,2023-01-22,Silver,Inactive
CUST04219,Donna,Washington,oliverrebecca@example.com,3813195241,Lucknow,Delhi,India,2023-09-14,Platinum,Active
CUST04220,Alexa,Meyer,cassandra02@example.org,+1-597-444-8510,Bangalore,West Bengal,India,2023-07-07,Platinum,Active
CUST04221,Ariana,Lang,bobby86@example.org,+1-854-701-2545x6051,Jaipur,Rajasthan,India,2023-04-29,Platinum,Active
CUST04222,Michael,Frank,millerjeffery@example.net,001-609-558-2501,Delhi,Karnataka,India,2023-01-08,Platinum,Inactive
CUST04223,Mallory,Barnett,lle@example.org,001-466-652-1959x67884,Chennai,Rajasthan,India,2022-07-04,Silver,Inactive
CUST04224,Dustin,Lowe,alisonboyle@example.net,6027467389,Delhi,Tamil Nadu,India,2023-01-22,Silver,Active
CUST04225,Phillip,Ramirez,qwells@example.org,(206)401-1745x663,Patna,Uttar Pradesh,India,2022-03-31,Platinum,Inactive
CUST04226,Gabrielle,Kerr,mary43@example.net,544.340.0431x0495,Jaipur,West Bengal,India,2023-04-11,Silver,Inactive
CUST04227,Deborah,Moore,isoto@example.com,500-399-2826,Hyderabad,Maharashtra,India,2022-01-16,Platinum,Active
CUST04228,Gregory,Webster,rebeccaharper@example.com,+1-492-569-2493x46995,Kolkata,Karnataka,India,2024-02-19,Silver,Active
CUST04229,Zachary,Jensen,robert50@example.net,5834078240,Lucknow,Karnataka,India,2024-03-13,Gold,Inactive
CUST04230,James,Kennedy,sgalloway@example.com,001-852-400-2291,Lucknow,Rajasthan,India,2022-05-01,Gold,Inactive
CUST04231,Kathy,Ramos,scott54@example.org,001-933-931-3969,Mumbai,Bihar,India,2023-12-25,Gold,Inactive
CUST04232,Kelly,Medina,cberg@example.org,795.628.6759x643,Kolkata,Bihar,India,2023-01-30,Silver,Active
CUST04233,William,Joseph,whiteleslie@example.org,+1-963-634-2442,Jaipur,Bihar,India,2023-07-09,Gold,Active
CUST04234,Bobby,Taylor,uhansen@example.com,+1-554-860-0789x65675,Kolkata,Uttar Pradesh,India,2023-09-16,Silver,Inactive
CUST04235,Jennifer,Lutz,roseandrew@example.net,897-780-0150,Patna,Bihar,India,2022-09-30,Silver,Inactive
CUST04236,Jane,Fischer,wallacekimberly@example.com,9705842042,Jaipur,Maharashtra,India,2022-12-09,Gold,Active
CUST04237,Daniel,Jenkins,rodriguezcody@example.org,603-595-2597x4777,Hyderabad,Karnataka,India,2024-04-10,Gold,Active
CUST04238,Caleb,Hayes,duffygregory@example.com,505.996.9716,Jaipur,Karnataka,India,2022-04-18,Platinum,Inactive
CUST04239,Christina,Steele,brandonmorales@example.com,(625)755-4815,Lucknow,Delhi,India,2023-01-17,Gold,Inactive
CUST04240,Daniel,Mueller,stewartjoseph@example.net,732.760.4100x153,Jaipur,Bihar,India,2024-03-09,Silver,Active
CUST04241,Justin,Hall,samanthajenkins@example.com,+1-496-359-2624x678,Chennai,Rajasthan,India,2022-05-10,Silver,Active
CUST04242,Deborah,Bishop,francokelly@example.net,288.393.1670x671,Delhi,Maharashtra,India,2024-01-22,Platinum,Inactive
CUST04243,Patrick,Zuniga,danielhernandez@example.net,721-330-3595x65816,Chennai,Uttar Pradesh,India,2022-08-13,Gold,Active
CUST04244,Garrett,Chen,bjames@example.com,688-309-9598x190,Patna,Tamil Nadu,India,2023-04-16,Silver,Inactive
CUST04245,Jennifer,Cortez,tkline@example.org,001-336-682-7592x190,Lucknow,Bihar,India,2024-05-17,Platinum,Active
CUST04246,Andrew,Pena,lydia96@example.com,(476)438-9977x99470,Kolkata,Karnataka,India,2023-07-28,Platinum,Inactive
CUST04247,Jeffrey,Ferguson,lisahernandez@example.net,+1-603-980-6017x725,Delhi,Maharashtra,India,2022-01-06,Gold,Active
CUST04248,Russell,Robinson,jonathon45@example.net,001-485-789-1198,Hyderabad,Rajasthan,India,2022-06-14,Silver,Active
CUST04249,Nicholas,Mays,dawnfernandez@example.net,817.871.6454x9327,Bangalore,Maharashtra,India,2022-05-20,Gold,Inactive
CUST04250,Yvonne,Williams,hjackson@example.net,+1-324-510-7537x54815,Lucknow,Maharashtra,India,2022-01-07,Silver,Inactive
CUST04251,Jamie,Hart,chavezjonathon@example.com,+1-792-660-4204x409,Delhi,Maharashtra,India,2023-07-30,Silver,Inactive
CUST04252,Brian,Pena,poncesarah@example.com,001-631-306-1132x8812,Kolkata,Bihar,India,2022-01-02,Gold,Active
CUST04253,Yolanda,Gilbert,schneidertyler@example.org,769.842.8580,Mumbai,Karnataka,India,2024-04-15,Silver,Inactive
CUST04254,Alexander,Taylor,wrightsean@example.net,(696)816-4772x9682,Delhi,Karnataka,India,2022-03-24,Silver,Inactive
CUST04255,Amy,Rogers,tjackson@example.net,(332)632-4198x828,Kolkata,Bihar,India,2022-02-24,Silver,Active
CUST04256,Tonya,Brock,laura71@example.org,(434)389-2883x805,Lucknow,Maharashtra,India,2022-02-03,Gold,Inactive
CUST04257,Joseph,Garcia,mayjohn@example.com,317-484-2217x0200,Delhi,Delhi,India,2023-11-28,Gold,Inactive
CUST04258,Chelsea,Carter,williamryan@example.com,857-972-3058,Mumbai,West Bengal,India,2023-12-19,Platinum,Inactive
CUST04259,Debra,Navarro,xvaldez@example.org,875-935-7994x859,Chennai,Telangana,India,2023-07-30,Silver,Active
CUST04260,Martin,Owens,daniel43@example.net,5498511834,Kolkata,West Bengal,India,2024-03-27,Gold,Inactive
CUST04261,Amber,Eaton,bestrobin@example.org,887.520.5291,Jaipur,Tamil Nadu,India,2023-08-31,Gold,Inactive
CUST04262,David,Curry,jacobsethan@example.net,(964)797-5315x0580,Kolkata,Telangana,India,2022-05-15,Gold,Inactive
CUST04263,Christina,Wright,careyrebecca@example.com,+1-421-650-8881x67619,Mumbai,Uttar Pradesh,India,2024-02-24,Platinum,Active
CUST04264,Melissa,Wallace,miguel76@example.org,8303431467,Jaipur,Bihar,India,2023-10-02,Gold,Active
CUST04265,Jacqueline,Green,daniel96@example.org,(298)406-3017,Hyderabad,West Bengal,India,2024-04-04,Silver,Active
CUST04266,Valerie,Mooney,sharon97@example.org,001-207-308-3662x04514,Mumbai,Delhi,India,2024-02-29,Gold,Inactive
CUST04267,Jason,Nguyen,garrettelizabeth@example.com,(448)297-4472,Patna,Karnataka,India,2022-02-16,Platinum,Inactive
CUST04268,Brianna,Rodriguez,campbellnicole@example.net,387.678.0342x1882,Patna,Maharashtra,India,2022-08-16,Gold,Inactive
CUST04269,Antonio,Conley,barnettdesiree@example.net,5588658760,Chennai,Rajasthan,India,2022-08-07,Gold,Active
CUST04270,Jessica,Johnson,swansonjohn@example.org,(867)304-4830,Patna,Uttar Pradesh,India,2022-12-12,Platinum,Active
CUST04271,Mary,Green,jeffreyparsons@example.com,(858)936-2447,Hyderabad,West Bengal,India,2023-02-20,Gold,Active
CUST04272,Thomas,Morris,tinalopez@example.org,5787894629,Bangalore,Rajasthan,India,2024-02-03,Silver,Active
CUST04273,Tasha,Howard,william50@example.com,001-537-709-7408x83883,Hyderabad,Telangana,India,2024-01-05,Platinum,Active
CUST04274,April,Spears,mariaparrish@example.net,+1-976-431-0763,Hyderabad,Bihar,India,2023-07-15,Gold,Active
CUST04275,Timothy,Carey,gomezmichael@example.org,3546191399,Hyderabad,Uttar Pradesh,India,2023-01-27,Silver,Active
CUST04276,Thomas,Allen,njackson@example.net,456-503-0001x13416,Chennai,Delhi,India,2022-12-05,Gold,Inactive
CUST04277,Samantha,Cummings,changlisa@example.com,962.611.7348,Delhi,Uttar Pradesh,India,2022-10-11,Gold,Inactive
CUST04278,Dawn,Baird,danielburns@example.com,+1-249-935-1167x140,Chennai,Karnataka,India,2023-09-27,Silver,Inactive
CUST04279,Carlos,Rosario,martinezkim@example.com,001-735-842-3639x028,Patna,Tamil Nadu,India,2023-02-11,Platinum,Active
CUST04280,Michelle,Schultz,larryparks@example.org,+1-778-920-2317x8724,Delhi,Delhi,India,2024-01-17,Platinum,Inactive
CUST04281,Sheri,Flores,pattersonsamantha@example.org,(335)241-1337x489,Chennai,Maharashtra,India,2024-02-24,Silver,Inactive
CUST04282,Kent,Reed,udouglas@example.org,871.669.5859x4960,Hyderabad,Delhi,India,2023-10-07,Platinum,Active
CUST04283,David,Jackson,dgaines@example.com,400.724.7016,Mumbai,Maharashtra,India,2022-08-28,Silver,Inactive
CUST04284,Harry,Cardenas,adavenport@example.net,274.720.3942x820,Jaipur,Uttar Pradesh,India,2024-03-08,Silver,Active
CUST04285,Laurie,Foster,lauralarsen@example.com,001-716-521-6986x92634,Chennai,Telangana,India,2022-05-26,Platinum,Inactive
CUST04286,Angela,Gutierrez,mccallmatthew@example.com,827-955-7743,Bangalore,Delhi,India,2023-11-30,Platinum,Active
CUST04287,Bonnie,Delgado,dwayne71@example.net,+1-716-313-4587x0853,Delhi,Uttar Pradesh,India,2022-06-22,Platinum,Inactive
CUST04288,Isaiah,Salazar,robertdowns@example.net,(498)872-1796,Chennai,Telangana,India,2022-08-28,Platinum,Active
CUST04289,Michael,Morris,jeffrey23@example.net,+1-307-406-4909x04739,Patna,Delhi,India,2023-11-30,Silver,Active
CUST04290,Heather,Robinson,douglas54@example.net,001-596-833-3753x43036,Lucknow,Karnataka,India,2022-07-06,Platinum,Inactive
CUST04291,Robert,Collins,wallerlisa@example.com,767.493.5983x24098,Delhi,Delhi,India,2024-06-11,Silver,Inactive
CUST04292,Sue,Alvarado,charper@example.net,001-705-377-6564x609,Delhi,Maharashtra,India,2024-02-17,Gold,Active
CUST04293,James,Parker,xreyes@example.com,928-909-1654,Pune,Bihar,India,2022-12-12,Gold,Inactive
CUST04294,Regina,Skinner,allenbrandon@example.com,301.395.7569x18141,Kolkata,Karnataka,India,2023-03-27,Silver,Inactive
CUST04295,James,Weeks,daniellemurphy@example.com,647-568-0390x5736,Delhi,Rajasthan,India,2022-10-17,Silver,Inactive
CUST04296,Larry,Harding,jacksontaylor@example.com,525.601.3337x638,Pune,Bihar,India,2023-12-23,Gold,Active
CUST04297,Amanda,Novak,peter75@example.org,529.716.3335,Kolkata,Karnataka,India,2022-12-29,Platinum,Active
CUST04298,Brittany,Brandt,edwardsshane@example.net,+1-569-838-6461,Mumbai,Delhi,India,2022-08-25,Silver,Inactive
CUST04299,Nicholas,Love,kcruz@example.com,(431)984-0905x1142,Kolkata,Tamil Nadu,India,2022-10-22,Gold,Active
CUST04300,Kelsey,Chan,carolynsullivan@example.org,975-509-3165,Kolkata,Maharashtra,India,2022-07-28,Silver,Inactive
CUST04301,Daniel,Miller,nicolegilbert@example.org,+1-870-640-8365x492,Patna,Delhi,India,2022-12-23,Silver,Inactive
CUST04302,Ralph,Guerrero,victorlang@example.org,+1-816-638-4904x74270,Jaipur,Telangana,India,2022-02-16,,Active
CUST04303,Patrick,Holland,deanangie@example.com,001-467-628-0657x33195,Hyderabad,Maharashtra,India,2023-07-10,Silver,Inactive
CUST04304,Victoria,Robinson,garciajared@example.org,+1-341-762-9000x80471,Kolkata,Bihar,India,2023-09-23,Platinum,Inactive
CUST04305,Alexis,Brown,rochapedro@example.net,945.480.3026x137,Pune,Karnataka,India,2022-12-21,Platinum,Inactive
CUST04306,Charles,Johnson,elizabeth37@example.net,463-936-8735x578,Delhi,Karnataka,India,2022-05-31,Gold,Active
CUST04307,Franklin,Martinez,garciajill@example.net,2166262207,Delhi,Uttar Pradesh,India,2022-02-04,Gold,Active
CUST04308,Christine,Sharp,jonathon96@example.com,+1-487-860-1032x7286,Delhi,Uttar Pradesh,India,2023-10-22,Platinum,Inactive
CUST04309,Brenda,Carroll,jgomez@example.net,348.767.1564,Jaipur,Delhi,India,2024-04-24,Silver,Inactive
CUST04310,Amanda,Wood,matamichelle@example.org,+1-933-369-2305x12269,Lucknow,Rajasthan,India,2024-01-05,Gold,Active
CUST04311,Brent,Snyder,philip95@example.org,287.578.9940x03788,Pune,Rajasthan,India,2024-03-07,Platinum,Inactive
CUST04312,Wesley,Castro,burkepaige@example.net,203.404.5596x4857,Patna,Tamil Nadu,India,2023-12-13,Platinum,Active
CUST04313,Carrie,Carpenter,rrogers@example.net,243.422.5918,Hyderabad,Telangana,India,2023-08-07,Platinum,Inactive
CUST04314,Lauren,Barker,gwilson@example.org,894-278-9664,Pune,Delhi,India,2024-06-01,Silver,Inactive
CUST04315,Jennifer,Stone,christophergarcia@example.org,313.844.6072x7255,Lucknow,Uttar Pradesh,India,2023-05-18,Silver,Inactive
CUST04316,Bruce,Jones,davischeryl@example.org,,Delhi,Tamil Nadu,India,2022-12-02,Silver,Inactive
CUST04317,Jeffrey,Mitchell,jessica48@example.com,250.992.1465x6318,Delhi,Maharashtra,India,2024-04-28,Gold,Active
CUST04318,Ronald,Mclean,darrenmann@example.org,(935)391-1191,Chennai,Telangana,India,2023-01-24,Silver,Inactive
CUST04319,James,Johnson,youngkarla@example.com,710.935.0734x364,Hyderabad,Maharashtra,India,2022-07-08,Gold,Inactive
CUST04320,Jim,Merritt,christopherhill@example.com,584-421-8812x628,Kolkata,Delhi,India,2022-07-08,Platinum,Active
CUST04321,Christopher,Miller,adamhill@example.com,+1-961-276-9392x13608,Kolkata,Bihar,India,2023-11-09,Silver,Active
CUST04322,Cheryl,Salazar,proctorgreg@example.com,206-533-6524,Chennai,Maharashtra,India,2022-11-12,Silver,Active
CUST04323,Rebecca,Hicks,jeffreyarmstrong@example.org,(208)958-6284x853,Delhi,Delhi,India,2024-01-25,Platinum,Inactive
CUST04324,Megan,Noble,smithpeggy@example.org,(296)880-3006,Delhi,Karnataka,India,2024-05-09,Silver,Active
CUST04325,Andrew,Leonard,christopher14@example.net,302-557-5077,Jaipur,West Bengal,India,2023-10-15,Gold,Inactive
CUST04326,Carolyn,Medina,ekline@example.org,001-422-221-2910x39828,Delhi,Bihar,India,2022-09-06,Silver,Active
CUST04327,Joseph,Mejia,jesse55@example.net,(405)967-5689x23471,Bangalore,Rajasthan,India,2023-01-29,Silver,Active
CUST04328,Sarah,Rodriguez,guerrerotammy@example.org,001-773-300-9511x875,Delhi,Telangana,India,2023-09-24,Platinum,Inactive
CUST04329,Denise,Greene,kaitlinwilliams@example.com,001-676-308-0140x11665,Chennai,West Bengal,India,2023-04-13,Platinum,Inactive
CUST04330,Rachel,Randolph,wlee@example.org,+1-698-367-0355x7776,Kolkata,Bihar,India,2022-11-28,Silver,Active
CUST04331,Kimberly,Jones,bautistarichard@example.com,001-313-880-9736,Kolkata,Uttar Pradesh,India,2023-08-31,Gold,Active
CUST04332,Michael,Hernandez,heather33@example.org,976.332.3238,Delhi,Tamil Nadu,India,2023-02-09,Silver,Inactive
CUST04333,John,Clarke,anadavidson@example.net,567.607.0135x746,Patna,Delhi,India,2023-11-19,Platinum,Active
CUST04334,Mary,Thompson,imoses@example.net,711.669.0060x99603,Chennai,Karnataka,India,2023-04-14,Platinum,Active
CUST04335,Michael,Alexander,johnperez@example.com,554.695.5501,Hyderabad,Rajasthan,India,2022-03-21,Gold,Active
CUST04336,Kelly,Sullivan,ualexander@example.com,808.692.6834,Kolkata,Bihar,India,2023-12-13,Silver,Inactive
CUST04337,Heather,Hernandez,kathleen58@example.org,4349022797,Mumbai,Karnataka,India,2022-04-28,Silver,Active
CUST04338,Jonathan,Hernandez,emitchell@example.net,574.709.2460,Jaipur,Delhi,India,2024-01-01,Silver,Active
CUST04339,Jacob,White,heather91@example.org,001-905-347-5236x07694,Patna,Maharashtra,India,2023-03-18,Platinum,Active
CUST04340,Kelly,Calhoun,dawn70@example.org,(792)689-0424x34623,Chennai,West Bengal,India,2022-03-11,Silver,Inactive
CUST04341,Jeffrey,Coleman,elizabethward@example.org,001-385-390-2366x29664,Delhi,Karnataka,India,2024-01-11,Platinum,Active
CUST04342,Haley,Holt,jennifer58@example.org,784-577-2874,Mumbai,Maharashtra,India,2023-03-21,Platinum,Inactive
CUST04343,Mallory,Mack,garzaaudrey@example.org,(235)672-4696x998,Jaipur,Karnataka,India,2022-08-05,Gold,Active
CUST04344,Laura,Carson,lisajordan@example.org,(417)813-4014x90392,Kolkata,Karnataka,India,2024-01-18,Platinum,Inactive
CUST04345,Richard,Daniel,rwyatt@example.org,001-717-867-2772x435,Lucknow,Bihar,India,2023-12-08,Platinum,Active
CUST04346,Willie,Burke,christopherparsons@example.com,700-577-2152,Jaipur,West Bengal,India,2023-01-26,Silver,Active
CUST04347,Christopher,Smith,roberthansen@example.org,451.917.9162,Chennai,Tamil Nadu,India,2024-02-08,Gold,Active
CUST04348,Joshua,Brown,jonathantanner@example.org,(684)661-5153x96894,Jaipur,Uttar Pradesh,India,2022-03-10,Platinum,Active
CUST04349,Hannah,Wu,olsonsherri@example.com,001-694-801-6712x0341,Kolkata,Rajasthan,India,2023-06-05,Silver,Inactive
CUST04350,Patrick,Brennan,diana57@example.org,267-666-5211x232,Hyderabad,Delhi,India,2022-12-06,Platinum,Active
CUST04351,Melinda,Gomez,nielsenrebecca@example.net,001-431-865-4499x25729,Patna,Bihar,India,2023-06-11,Platinum,Inactive
CUST04352,Vernon,Meyer,kbyrd@example.org,(460)280-1579x645,Delhi,Delhi,India,2022-06-16,Silver,Active
CUST04353,Sandra,Price,kent33@example.com,941-375-4173,Hyderabad,West Bengal,India,2023-09-22,Silver,Active
CUST04354,Bryan,Atkinson,andre18@example.org,5626983007,Patna,Delhi,India,2022-05-19,Gold,Active
CUST04355,David,Aguilar,shawn68@example.com,+1-819-214-9721,Hyderabad,Rajasthan,India,2022-10-12,Gold,Active
CUST04356,Monica,Orr,bjames@example.net,479-456-9156,Patna,West Bengal,India,2024-01-19,Platinum,Active
CUST04357,Kenneth,Mcguire,fberg@example.com,+1-768-571-4063x59607,Bangalore,Karnataka,India,2022-03-09,Platinum,Active
CUST04358,Shannon,Oconnor,griffinmargaret@example.org,(591)740-8143x0490,Delhi,Bihar,India,2023-12-19,Platinum,Active
CUST04359,Richard,Carter,allentaylor@example.org,524-968-2801x6979,Delhi,Tamil Nadu,India,2022-05-11,Silver,Inactive
CUST04360,Mario,Williams,uhoward@example.com,001-838-773-2437x685,Patna,Tamil Nadu,India,2024-01-02,Silver,Active
CUST04361,Ann,Schroeder,carlacoleman@example.net,001-376-738-1333x6757,Lucknow,Rajasthan,India,2024-01-05,Gold,Active
CUST04362,Matthew,Wong,garrettjohnny@example.org,001-681-904-3100x9702,Mumbai,Tamil Nadu,India,2023-12-14,Gold,Active
CUST04363,Anthony,Hutchinson,michelle09@example.org,478.454.8022x002,Patna,West Bengal,India,2022-02-12,Silver,Inactive
CUST04364,Jennifer,Edwards,zmoore@example.net,001-653-953-7456,Delhi,Uttar Pradesh,India,2022-12-10,Gold,Inactive
CUST04365,Michelle,Lee,laurenmurphy@example.net,001-794-803-0674x33890,Delhi,Delhi,India,2022-07-21,Gold,Active
CUST04366,Robert,Jones,clarkchristopher@example.net,(413)993-8237x718,Lucknow,Rajasthan,India,2024-04-28,Gold,Inactive
CUST04367,Shannon,King,kelly66@example.org,7909887424,Kolkata,Maharashtra,India,2023-02-12,Platinum,Active
CUST04368,Susan,Austin,sarawashington@example.org,001-713-602-5494x503,Mumbai,Delhi,India,2022-05-16,Platinum,Active
CUST04369,Maria,Mcknight,christinebuchanan@example.net,307.850.8581x11453,Mumbai,Uttar Pradesh,India,2023-09-05,Platinum,Active
CUST04370,Tina,Smith,sgross@example.com,552-245-0413x44393,Hyderabad,Uttar Pradesh,India,2023-04-26,Platinum,Active
CUST04371,Robert,Hawkins,padillatina@example.com,669.235.6338x762,Patna,West Bengal,India,2024-05-31,Silver,Active
CUST04372,Andrew,Hunter,crystal57@example.com,(447)402-2976x1652,Delhi,Telangana,India,2024-03-15,Silver,Inactive
CUST04373,David,Spencer,fmalone@example.net,206.318.2561x3985,Kolkata,Uttar Pradesh,India,2022-03-10,Gold,Active
CUST04374,Joseph,Villanueva,chenyolanda@example.com,001-263-971-1349x251,Kolkata,Maharashtra,India,2022-06-04,Silver,Active
CUST04375,Jose,Sims,odorsey@example.org,(468)344-6698x041,Lucknow,Delhi,India,2023-03-06,Platinum,Active
CUST04376,Pamela,Alvarez,zsmith@example.org,287.292.2655,Bangalore,West Bengal,India,2023-01-11,Gold,Inactive
CUST04377,April,Rosales,fdixon@example.com,(765)367-0095x947,Bangalore,Rajasthan,India,2024-05-11,Silver,Inactive
CUST04378,Kenneth,Hunter,tyler62@example.com,+1-593-378-9232x4542,Bangalore,Bihar,India,2022-08-28,Silver,Inactive
CUST04379,Kathleen,Brown,joshua91@example.net,+1-558-601-6088x03973,Chennai,Delhi,India,2023-01-06,Gold,Inactive
CUST04380,Joshua,Pierce,susangarcia@example.net,304.957.6165,Hyderabad,Telangana,India,2024-03-08,Platinum,Active
CUST04381,Michael,Washington,johnsonnicole@example.com,620-738-1505x1800,Bangalore,Uttar Pradesh,India,2023-03-28,Silver,Inactive
CUST04382,Brittany,Carson,fgarcia@example.org,773.772.1763x15530,Pune,Tamil Nadu,India,2023-09-12,Platinum,Inactive
CUST04383,Alicia,Pham,wrightmatthew@example.net,+1-784-285-0936x059,Delhi,Telangana,India,2022-12-19,Platinum,Inactive
CUST04384,Jeff,Briggs,laurenwright@example.net,+1-933-288-8534x78481,Lucknow,Tamil Nadu,India,2022-06-21,Silver,Active
CUST04385,Jason,Waller,daniel04@example.org,(688)468-5046x353,Patna,Uttar Pradesh,India,2023-01-30,Silver,Active
CUST04386,Laura,King,eric99@example.com,3717665322,Patna,Telangana,India,2022-10-30,Silver,Inactive
CUST04387,Richard,Smith,wallacejessica@example.org,+1-604-970-6449,Patna,Karnataka,India,2023-11-13,Platinum,Inactive
CUST04388,Janet,Richards,lynnpetersen@example.com,001-959-853-1273x555,Patna,Maharashtra,India,2022-09-30,Platinum,Active
CUST04389,Timothy,Jones,miguel44@example.com,(473)807-4456,Lucknow,Maharashtra,India,2023-07-01,Platinum,Inactive
CUST04390,Sean,Arroyo,falvarez@example.com,+1-504-228-1741x516,Pune,Telangana,India,2022-06-01,Platinum,Active
CUST04391,Robert,Mcpherson,benjaminphillips@example.com,298.883.9778x6012,Kolkata,Uttar Pradesh,India,2023-11-05,Gold,Active
CUST04392,John,Johnson,keith55@example.com,(496)412-4600,Jaipur,Karnataka,India,2022-07-25,Silver,Active
CUST04393,Matthew,Sherman,washingtonmichael@example.com,(393)839-3725x211,Hyderabad,Rajasthan,India,2024-01-08,,Inactive
CUST04394,Kathleen,Hess,joel81@example.org,762-389-7580x1940,Delhi,Karnataka,India,2023-11-14,Platinum,Active
CUST04395,Thomas,Smith,juan69@example.org,395-224-4880,Pune,Telangana,India,2022-08-19,Silver,Active
CUST04396,Joe,Lucas,kware@example.com,001-480-522-1239x5344,Pune,Maharashtra,India,2024-04-08,Silver,Inactive
CUST04397,Sarah,Anderson,kristen88@example.com,(435)608-0276,Jaipur,Rajasthan,India,2024-05-18,Gold,Active
CUST04398,Ruben,Hart,aaronolson@example.org,906-743-1776x043,Hyderabad,Karnataka,India,2023-01-18,Gold,Inactive
CUST04399,Jonathan,Jackson,gramsey@example.com,639.569.9659,Kolkata,Telangana,India,2023-12-08,,Inactive
CUST04400,Raymond,Garza,robinsonmichael@example.com,(565)810-3289x74204,Lucknow,Uttar Pradesh,India,2024-03-26,Platinum,Inactive
CUST04401,John,Glover,parkerjames@example.org,(836)892-4069,Chennai,Tamil Nadu,India,2024-01-10,Gold,Active
CUST04402,Patricia,Petersen,vegadavid@example.net,001-590-515-8440,Chennai,Rajasthan,India,2023-03-24,Gold,Inactive
CUST04403,Ronald,Young,gbauer@example.com,(435)369-1627x6641,Kolkata,West Bengal,India,2023-01-31,Gold,Active
CUST04404,Vanessa,Peck,louis45@example.org,001-231-269-8152x626,Pune,Telangana,India,2023-03-18,Silver,Active
CUST04405,John,Smith,hherman@example.net,(829)429-9827x9505,Chennai,Telangana,India,2022-07-01,Gold,Active
CUST04406,Brian,Miranda,cochrankevin@example.net,8362173248,Delhi,Karnataka,India,2023-07-03,Platinum,Inactive
CUST04407,Jason,Kelley,turnerjason@example.org,(384)344-5404x3872,Mumbai,Karnataka,India,2023-06-05,Silver,Inactive
CUST04408,Austin,Freeman,robin54@example.org,790.353.4788x239,Patna,Karnataka,India,2023-09-03,Gold,Inactive
CUST04409,Ronald,Hayes,bairdjeffrey@example.net,347.574.4969x951,Hyderabad,Rajasthan,India,2023-02-11,Silver,Active
CUST04410,Robert,Thompson,potterwhitney@example.org,284-906-3538,Pune,Delhi,India,2024-05-23,Gold,Inactive
CUST04411,Duane,Richards,plloyd@example.org,(954)516-2977x403,Pune,Karnataka,India,2022-05-20,Platinum,Active
CUST04412,Catherine,Rivas,wattskelsey@example.com,+1-503-653-3422,Patna,Uttar Pradesh,India,2022-09-30,Silver,Inactive
CUST04413,Vicki,Butler,mcclurebrett@example.com,626-653-8586x89687,Hyderabad,West Bengal,India,2022-02-23,Platinum,Active
CUST04414,Amber,Woodward,edwardbentley@example.org,(924)758-6103x11961,Patna,Uttar Pradesh,India,2022-09-11,Silver,Inactive
CUST04415,Melinda,Jones,brownkevin@example.org,001-369-784-2292x044,Chennai,Telangana,India,2024-03-06,Silver,Active
CUST04416,Eric,Steele,kristinjackson@example.net,883-251-9114,Kolkata,Uttar Pradesh,India,2023-04-09,Silver,Inactive
CUST04417,Nancy,Wilson,chadpowers@example.net,001-547-516-0669x029,Mumbai,Delhi,India,2022-08-20,Silver,Active
CUST04418,Deborah,Nguyen,twatson@example.net,+1-353-492-0757,Jaipur,Karnataka,India,2023-05-23,Silver,Active
CUST04419,Eric,Novak,rmiller@example.com,(977)805-4378x4519,Mumbai,Karnataka,India,2022-05-04,Platinum,Inactive
CUST04420,Laura,Bryant,larrybrennan@example.net,+1-623-603-7985,Jaipur,Telangana,India,2022-04-05,Gold,Active
CUST04421,Christopher,Williams,vbrown@example.com,9149464004,Chennai,Telangana,India,2022-08-03,Platinum,Active
CUST04422,David,Murphy,raymond79@example.com,528-534-7391,Jaipur,Rajasthan,India,2023-03-20,Gold,Inactive
CUST04423,Caleb,Compton,hendricksmichael@example.net,001-731-732-1896x148,Lucknow,Delhi,India,2024-05-14,Silver,Inactive
CUST04424,Amanda,Shaw,hartmanmichael@example.com,415.645.9674x3211,Patna,Delhi,India,2022-07-18,Platinum,Inactive
CUST04425,Nancy,Wells,stephensonsamuel@example.net,403-878-3712x9935,Chennai,Bihar,India,2024-03-26,Silver,Inactive
CUST04426,Matthew,Osborn,michael32@example.org,457.763.0200,Lucknow,Bihar,India,2023-04-19,Platinum,Inactive
CUST04427,Kevin,Walsh,larrynguyen@example.net,3767881067,Chennai,Uttar Pradesh,India,2023-02-14,Silver,Active
CUST04428,Michelle,Fowler,aaron49@example.org,715-320-7156,Delhi,Maharashtra,India,2023-04-25,Gold,Active
CUST04429,Aaron,Hughes,george82@example.net,(567)784-0326,Delhi,Karnataka,India,2023-10-24,Silver,Inactive
CUST04430,John,Acevedo,chelsea36@example.com,595-827-5127x43836,Mumbai,Delhi,India,2023-07-04,Gold,Inactive
CUST04431,Amber,Steele,mpoole@example.com,+1-458-842-7398x36117,Jaipur,Delhi,India,2023-10-27,Silver,Active
CUST04432,Aaron,Smith,jennifer04@example.net,864.236.3680,Lucknow,Bihar,India,2022-06-05,Platinum,Active
CUST04433,Austin,Sampson,orios@example.net,730-521-8879,Hyderabad,Bihar,India,2022-03-09,Gold,Inactive
CUST04434,Erika,Bradley,chelseabradley@example.com,990-377-2005x1326,Pune,Maharashtra,India,2023-11-10,Gold,Active
CUST04435,Nicole,Caldwell,gabrielbarrett@example.com,001-797-559-5461x238,Hyderabad,Tamil Nadu,India,2023-09-11,Platinum,Active
CUST04436,Ashley,Campbell,careyphillip@example.com,+1-688-263-1874x68740,Pune,Uttar Pradesh,India,2024-02-27,Platinum,Active
CUST04437,Justin,Garza,nwilliams@example.net,+1-227-517-4745x464,Patna,Delhi,India,2023-05-22,Silver,Active
CUST04438,Anita,Hood,ksanchez@example.org,620.688.4013x217,Bangalore,Karnataka,India,2022-07-22,Gold,Active
CUST04439,Jessica,Williams,ojohns@example.com,911-323-2797x12407,Bangalore,Bihar,India,2023-06-15,Platinum,Active
CUST04440,Andrea,Hernandez,jeremy86@example.org,+1-316-760-8634x05472,Patna,Rajasthan,India,2023-09-08,Silver,Inactive
CUST04441,Whitney,Liu,jvillanueva@example.com,657-989-0555x4569,Chennai,Karnataka,India,2022-05-11,Platinum,Active
CUST04442,Mackenzie,Lynch,clarkederek@example.net,(641)923-8070,Patna,Bihar,India,2022-08-29,Silver,Inactive
CUST04443,Terri,Anderson,brittanysmith@example.org,4252906861,Kolkata,Tamil Nadu,India,2022-08-21,Platinum,Active
CUST04444,Mark,Henry,riceroger@example.org,239.945.4233x8446,Hyderabad,Karnataka,India,2022-01-02,Gold,Active
CUST04445,Thomas,Lopez,bochoa@example.net,+1-861-771-3876x9457,Chennai,Tamil Nadu,India,2024-03-11,Silver,Active
CUST04446,Kelly,Palmer,jacksonsharon@example.net,+1-592-355-7668x24689,Bangalore,Maharashtra,India,2023-03-10,Platinum,Inactive
CUST04447,Dustin,Peterson,swalker@example.net,242-736-8542x972,Lucknow,Uttar Pradesh,India,2022-02-05,Silver,Active
CUST04448,Alison,Gutierrez,cruzzachary@example.org,(253)810-1721,Lucknow,Delhi,India,2023-07-19,Platinum,Active
CUST04449,Michael,Hall,qstokes@example.com,001-812-293-4189,Kolkata,Rajasthan,India,2023-02-03,Silver,Active
CUST04450,Amy,Figueroa,garymarquez@example.com,(579)530-0114x0767,Pune,Uttar Pradesh,India,2024-04-29,Silver,Active
CUST04451,Charles,Wang,osmith@example.org,+1-558-453-3341x1919,Lucknow,Maharashtra,India,2022-01-15,Silver,Inactive
CUST04452,John,Roberts,wjones@example.com,270.738.5795x97339,Chennai,West Bengal,India,2022-04-13,Silver,Active
CUST04453,Karen,Austin,ellisamber@example.com,001-609-786-9929,Mumbai,Rajasthan,India,2023-12-25,Platinum,Inactive
CUST04454,Debra,Fox,daniel34@example.net,(774)912-4375x08036,Hyderabad,West Bengal,India,2023-12-26,Gold,Inactive
CUST04455,Rachael,Campbell,sarah32@example.com,(923)230-9086x792,Pune,Karnataka,India,2023-05-05,Gold,Inactive
CUST04456,Barbara,Rivera,smithshane@example.org,906-979-3283x84684,Patna,Tamil Nadu,India,2022-05-15,Silver,Active
CUST04457,Benjamin,Martin,carolinesanders@example.org,675-774-0091x3979,Patna,West Bengal,India,2022-05-26,Silver,Active
CUST04458,Lisa,Stokes,richardholland@example.com,(880)525-6845,Kolkata,Telangana,India,2024-02-12,Gold,Active
CUST04459,Edwin,Tate,john78@example.org,985-523-9688,Jaipur,Bihar,India,2022-12-21,Platinum,Active
CUST04460,Shawn,Mullen,megan17@example.org,001-898-713-5023x1140,Chennai,Uttar Pradesh,India,2022-07-02,Silver,Inactive
CUST04461,Richard,Smith,patricia50@example.net,(390)936-6580,Kolkata,Karnataka,India,2022-07-07,Silver,Inactive
CUST04462,Ronald,Bailey,sharon78@example.org,929.954.1657x563,Delhi,Uttar Pradesh,India,2023-11-03,Silver,Inactive
CUST04463,Tina,Quinn,melodyclark@example.net,985-950-0695x211,Pune,Maharashtra,India,2024-06-04,Platinum,Active
CUST04464,Anita,Vasquez,danielwells@example.org,001-531-501-3471x66093,Delhi,Telangana,India,2023-06-29,Gold,Inactive
CUST04465,Joshua,Wright,wrightsara@example.com,(882)915-9272,Mumbai,Tamil Nadu,India,2022-10-10,Silver,Inactive
CUST04466,Mark,Martin,andreahensley@example.com,001-659-851-4311x54313,Chennai,Tamil Nadu,India,2023-11-17,Platinum,Inactive
CUST04467,Sandra,Cortez,tammysandoval@example.org,510.686.3356x326,Mumbai,West Bengal,India,2024-03-01,Gold,Active
CUST04468,Ryan,Parker,burnsjames@example.org,425-795-3187x06295,Mumbai,Tamil Nadu,India,2022-01-14,Gold,Active
CUST04469,Jasmine,Cooper,rlawson@example.net,929-773-7041x81589,Delhi,West Bengal,India,2023-02-15,Gold,Inactive
CUST04470,Kara,Morton,rachaelpeterson@example.com,970-208-0406x15366,Kolkata,Rajasthan,India,2022-08-23,Platinum,Inactive
CUST04471,Sandy,Williamson,edward50@example.org,9624965772,Mumbai,Karnataka,India,2023-01-31,Platinum,Inactive
CUST04472,Sarah,Phillips,wcole@example.net,001-632-860-1561x0091,Lucknow,Delhi,India,2024-03-20,Gold,Inactive
CUST04473,Catherine,Todd,barnescandice@example.com,001-283-538-8036x74676,Kolkata,Maharashtra,India,2022-09-15,Silver,Active
CUST04474,Karen,Mccullough,rsalas@example.com,+1-588-772-3303x780,Mumbai,Uttar Pradesh,India,2023-01-13,Platinum,Inactive
CUST04475,Krystal,Perkins,matthew76@example.org,342-704-4484x274,Mumbai,Karnataka,India,2022-03-15,Gold,Inactive
CUST04476,Emily,Rodriguez,jeremiahwilliams@example.org,736.460.3148,Delhi,Maharashtra,India,2022-10-06,Platinum,Inactive
CUST04477,Caroline,Williams,nguyenjeremy@example.org,927-847-3550,Pune,Karnataka,India,2023-08-30,Gold,Inactive
CUST04478,Ryan,Ferguson,gherman@example.org,001-757-487-1129x35554,Patna,Delhi,India,2023-01-02,Gold,Active
CUST04479,Kevin,Vincent,mercadohoward@example.org,297.696.3678x207,Patna,Delhi,India,2024-04-10,Gold,Active
CUST04480,George,Johnson,dfleming@example.net,001-315-529-4654,Patna,Delhi,India,2023-03-22,Silver,Inactive
CUST04481,Angela,Kelley,nicholas98@example.com,6048153958,Patna,Maharashtra,India,2022-04-09,Silver,Inactive
CUST04482,David,White,devin92@example.net,+1-710-518-0148x39250,Pune,Tamil Nadu,India,2022-03-17,Platinum,Inactive
CUST04483,Nicole,Neal,banderson@example.org,909.348.3589,Bangalore,Rajasthan,India,2023-09-28,Platinum,Inactive
CUST04484,Amy,Henry,michaelburns@example.com,884-660-1313x1173,Delhi,West Bengal,India,2023-02-20,Gold,Active
CUST04485,Joan,Jones,buckfelicia@example.net,257.991.0751x102,Patna,Uttar Pradesh,India,2022-03-17,Gold,Inactive
CUST04486,Austin,Martinez,kylehorton@example.com,741.360.5139x5923,Mumbai,Bihar,India,2022-08-25,Silver,Inactive
CUST04487,Fred,Willis,daniel38@example.net,+1-431-754-8079,Bangalore,Delhi,India,2023-10-30,Gold,Inactive
CUST04488,Roberto,Black,keithkim@example.org,+1-444-588-0150x252,Kolkata,West Bengal,India,2023-12-14,Platinum,Inactive
CUST04489,Kelli,Turner,itaylor@example.org,572.749.1595x8538,Jaipur,Uttar Pradesh,India,2023-10-27,Gold,Active
CUST04490,Olivia,Davis,zevans@example.org,001-531-678-2250x3820,Pune,Telangana,India,2024-05-10,Silver,Active
CUST04491,Carol,Mitchell,edwardhumphrey@example.net,386.498.7199x259,Mumbai,Uttar Pradesh,India,2023-09-10,Gold,Inactive
CUST04492,Kenneth,Turner,lesliecook@example.net,919.491.2357x66037,Delhi,West Bengal,India,2022-07-12,Platinum,Inactive
CUST04493,Samantha,Wilson,matthewmccormick@example.net,862.855.6474,Pune,Maharashtra,India,2022-07-06,Silver,Active
CUST04494,Cheryl,Lopez,dperez@example.com,968-747-0345,Mumbai,Maharashtra,India,2022-06-12,Gold,Active
CUST04495,Janice,Wagner,phillip50@example.net,001-919-222-2201x29579,Chennai,Rajasthan,India,2024-03-04,Gold,Inactive
CUST04496,Brandon,Jackson,mcdonaldsarah@example.net,(409)549-1705,Kolkata,Rajasthan,India,2022-10-17,Gold,Inactive
CUST04497,Daniel,Beard,markmeza@example.org,381-978-8566,Delhi,Delhi,India,2022-01-08,Silver,Inactive
CUST04498,David,Andrews,tiffany65@example.com,576.203.4987,Lucknow,Uttar Pradesh,India,2023-07-29,Gold,Inactive
CUST04499,Andrew,Perry,dana79@example.com,919.931.8561x663,Bangalore,Rajasthan,India,2023-07-12,Gold,Inactive
CUST04500,Chelsea,Edwards,dawngaines@example.net,867.511.0490x33052,Lucknow,Rajasthan,India,2023-08-10,Gold,Active
CUST04501,Katie,Johnson,kenneth19@example.org,(237)944-7714x78875,Pune,Uttar Pradesh,India,2023-03-06,Gold,Inactive
CUST04502,Jose,Parker,tyrone80@example.com,(706)420-8060x821,Delhi,Telangana,India,2023-12-09,Gold,Active
CUST04503,Thomas,Rhodes,johnsdevin@example.com,6185271557,Bangalore,Tamil Nadu,India,2022-01-24,Gold,Inactive
CUST04504,Tina,Oconnor,youngluis@example.net,300.543.4862x44275,Pune,Rajasthan,India,2023-12-17,Silver,Active
CUST04505,Jessica,Rivera,grayricardo@example.com,+1-355-407-8802x094,Bangalore,Telangana,India,2023-08-26,Platinum,Inactive
CUST04506,Paul,Baker,jeremy14@example.org,(333)410-7418,Patna,Rajasthan,India,2023-09-24,Gold,Active
CUST04507,Austin,Singleton,martinezjesse@example.org,934.889.7195,Kolkata,Karnataka,India,2022-04-23,Silver,Inactive
CUST04508,Joseph,Larson,jennifer36@example.org,970.391.9501,Chennai,Tamil Nadu,India,2022-08-17,Silver,Inactive
CUST04509,Megan,Johnson,henrywall@example.org,680-807-5204,Lucknow,Delhi,India,2023-08-31,Silver,Inactive
CUST04510,Krystal,Andrews,roberto95@example.org,206.385.6284,Mumbai,Bihar,India,2022-12-25,Platinum,Active
CUST04511,Sierra,Hayes,mcollins@example.com,218-397-7666x67913,Bangalore,Tamil Nadu,India,2023-04-19,Gold,Inactive
CUST04512,Connie,Brown,george26@example.com,+1-809-693-4635x895,Mumbai,Karnataka,India,2022-08-29,Platinum,Inactive
CUST04513,Lori,Pineda,lclark@example.net,+1-777-509-8580x75004,Kolkata,West Bengal,India,2023-06-22,Platinum,Inactive
CUST04514,Mario,Mullins,wilkinsonkristi@example.net,001-255-981-9934x125,Bangalore,Karnataka,India,2023-09-19,Gold,Inactive
CUST04515,Melissa,Lara,uriggs@example.org,+1-845-373-2419x0757,Bangalore,Tamil Nadu,India,2023-11-05,Gold,Inactive
CUST04516,Evelyn,Arellano,jennifer70@example.com,(661)381-6652,Hyderabad,Telangana,India,2024-02-11,Platinum,Active
CUST04517,Nathan,Anderson,jonesmario@example.net,817.605.8156x0258,Hyderabad,Maharashtra,India,2022-11-11,Gold,Active
CUST04518,Marc,Wilkerson,brandonstewart@example.com,+1-282-221-3887x27695,Kolkata,Tamil Nadu,India,2023-02-10,Platinum,Active
CUST04519,Tristan,Zhang,barbarabrown@example.com,(538)234-0094x1715,Hyderabad,Telangana,India,2024-05-03,Platinum,Inactive
CUST04520,Michael,Gonzalez,hweaver@example.net,834-763-3360,Pune,Telangana,India,2022-10-19,Gold,Inactive
CUST04521,Duane,Freeman,john13@example.com,305.912.0858x044,Jaipur,West Bengal,India,2022-01-18,Silver,Active
CUST04522,Roger,Rogers,robinsonandre@example.net,912.838.9867x920,Delhi,Karnataka,India,2022-08-18,Platinum,Inactive
CUST04523,Stephen,Harris,amy66@example.org,751-621-5092,Kolkata,Rajasthan,India,2022-05-12,Platinum,Active
CUST04524,Roberto,Butler,castillostephen@example.org,001-668-895-4797x65916,Jaipur,West Bengal,India,2023-08-13,Platinum,Inactive
CUST04525,Ashley,Lloyd,reginaldhanson@example.com,432.942.4370x715,Pune,Bihar,India,2022-04-13,Silver,Active
CUST04526,Jesse,Bruce,millershawn@example.com,227-620-3732x14191,Kolkata,Rajasthan,India,2024-02-18,Silver,Active
CUST04527,Ashley,Valentine,henrycollins@example.net,268.648.0533x026,Patna,Maharashtra,India,2023-12-09,Gold,Active
CUST04528,Ashley,Reyes,reynoldswilliam@example.net,965-286-7350x61589,Chennai,Telangana,India,2023-05-06,Platinum,Inactive
CUST04529,Lisa,West,martinzamora@example.net,001-613-944-4750x405,Hyderabad,Uttar Pradesh,India,2022-07-17,Gold,Inactive
CUST04530,Cindy,Fletcher,brooke69@example.com,343.758.4217x4870,Kolkata,Bihar,India,2023-04-29,Silver,Active
CUST04531,Zachary,Campbell,wadams@example.net,001-903-756-4321x7433,Delhi,Delhi,India,2022-09-08,Gold,Inactive
CUST04532,Stacy,Williams,vbowers@example.org,+1-584-551-1730,Bangalore,Telangana,India,2023-08-04,Gold,Active
CUST04533,Shelly,Lyons,kristathompson@example.com,666-656-8711x066,Kolkata,Tamil Nadu,India,2022-06-01,Platinum,Active
CUST04534,Valerie,Wall,ujimenez@example.org,001-394-852-0729,Delhi,Bihar,India,2024-04-22,Platinum,Inactive
CUST04535,Kim,Cox,mlang@example.org,549.669.9918,Patna,Maharashtra,India,2022-04-20,Silver,Inactive
CUST04536,Danielle,Mccarthy,shawnwolf@example.com,448.311.3107,Bangalore,Karnataka,India,2022-12-08,Platinum,Inactive
CUST04537,Eric,Madden,wscott@example.org,7399252348,Chennai,Karnataka,India,2022-07-14,Platinum,Inactive
CUST04538,Nicole,Brown,silvacameron@example.net,(824)266-4181x100,Jaipur,Uttar Pradesh,India,2022-01-03,Silver,Active
CUST04539,Patrick,Webb,sawyeremma@example.com,250.347.6227x3741,Hyderabad,Karnataka,India,2022-03-12,Platinum,Inactive
CUST04540,Erica,Romero,burnettcolleen@example.com,(260)446-3719x153,Hyderabad,Karnataka,India,2022-07-13,Gold,Inactive
CUST04541,Antonio,Johnson,lesliethomas@example.com,339.533.4073,Mumbai,Maharashtra,India,2022-08-15,Silver,Inactive
CUST04542,Kenneth,Smith,marychandler@example.org,(816)861-3194x732,Pune,Telangana,India,2022-02-19,Silver,Active
CUST04543,Erik,Davidson,jeffrey22@example.net,(597)325-3489x31282,Bangalore,Bihar,India,2024-04-28,Platinum,Active
CUST04544,Christy,Mcgrath,patriciabryant@example.com,5267926162,Pune,Tamil Nadu,India,2022-02-04,Gold,Inactive
CUST04545,Andrew,Kelly,nicholswalter@example.net,(721)516-6349x207,Patna,Telangana,India,2022-10-27,,Active
CUST04546,Ronnie,Crane,dennis80@example.org,713-326-2373x8370,Mumbai,Delhi,India,2023-11-03,Gold,Active
CUST04547,Sarah,Parsons,zfreeman@example.org,607.957.0754x829,Lucknow,Uttar Pradesh,India,2023-11-11,Platinum,Inactive
CUST04548,Catherine,Harrington,brivera@example.com,001-549-550-8988,Jaipur,Delhi,India,2024-03-11,Silver,Inactive
CUST04549,Eric,Hill,sthompson@example.com,(826)316-3729x33212,Patna,Telangana,India,2023-12-29,Gold,Active
CUST04550,Laura,Estrada,erica26@example.com,001-710-370-2409x717,Mumbai,Rajasthan,India,2022-06-06,Gold,Inactive
CUST04551,Calvin,Stokes,rebeccajackson@example.com,3926875044,Lucknow,Telangana,India,2022-03-07,,Active
CUST04552,Robert,Smith,ytran@example.com,906.871.4038,Pune,Karnataka,India,2022-11-06,Silver,Active
CUST04553,Mark,Miller,chambershaley@example.com,(506)673-1531x85831,Jaipur,Karnataka,India,2022-08-22,Silver,Active
CUST04554,Natalie,Soto,john87@example.org,(244)467-1918x39260,Jaipur,Telangana,India,2022-06-15,Gold,Inactive
CUST04555,Austin,Bailey,deannaporter@example.org,958.937.4189x526,Patna,Rajasthan,India,2022-12-13,Gold,Active
CUST04556,Melissa,Hall,karen04@example.org,001-854-446-3010,Pune,Bihar,India,2022-07-23,Platinum,Active
CUST04557,Mario,Doyle,bryantrichard@example.net,001-270-247-3105,Pune,Delhi,India,2023-10-01,Silver,Active
CUST04558,David,Watkins,martinkenneth@example.net,001-976-839-7753x574,Chennai,Uttar Pradesh,India,2022-05-18,Platinum,Active
CUST04559,Shannon,Castillo,croberts@example.net,7896594413,Pune,Delhi,India,2022-08-09,Silver,Active
CUST04560,Thomas,Palmer,beasleynathaniel@example.org,001-261-784-4804x7965,Pune,Telangana,India,2022-08-13,Gold,Inactive
CUST04561,Lauren,Green,eddiephillips@example.net,779-265-3823x26086,Mumbai,Maharashtra,India,2023-03-28,Platinum,Inactive
CUST04562,James,Mckenzie,tammy40@example.org,778.959.4699x779,Lucknow,Karnataka,India,2024-03-13,Silver,Inactive
CUST04563,Gabriela,Walters,millerkyle@example.org,(292)426-2418,Bangalore,Bihar,India,2024-05-26,Gold,Inactive
CUST04564,Erik,Kennedy,christophergonzalez@example.net,001-825-969-3814,Chennai,Tamil Nadu,India,2024-02-08,Platinum,Active
CUST04565,Clarence,Lee,hamiltonkimberly@example.net,984-475-9866,Hyderabad,Karnataka,India,2022-06-27,Silver,Active
CUST04566,Benjamin,Wood,pricejulie@example.org,+1-487-288-1502x052,Patna,Tamil Nadu,India,2022-03-22,Platinum,Inactive
CUST04567,Sean,Jones,joshua08@example.com,(624)456-7747x131,Lucknow,Bihar,India,2024-04-15,Silver,Active
CUST04568,Jacqueline,Hood,martha92@example.com,9426469547,Hyderabad,Bihar,India,2022-08-10,Silver,Active
CUST04569,Amy,Hughes,ojones@example.org,7569723752,Hyderabad,Rajasthan,India,2023-07-08,Silver,Active
CUST04570,Sarah,Rivera,raymondwells@example.org,357-704-6035x301,Lucknow,Bihar,India,2022-04-04,Silver,Active
CUST04571,David,Webb,meyerbarbara@example.net,+1-827-769-7470x0149,Delhi,Karnataka,India,2022-10-27,Silver,Inactive
CUST04572,Charles,Hines,kenneth35@example.com,370.558.6067,Bangalore,Telangana,India,2024-04-13,Platinum,Inactive
CUST04573,Anthony,Diaz,gary37@example.org,(657)257-5294x051,Mumbai,Rajasthan,India,2024-01-18,Platinum,Inactive
CUST04574,Stacey,Durham,iflores@example.com,508-340-8375x3165,Hyderabad,Uttar Pradesh,India,2022-11-25,Silver,Active
CUST04575,Micheal,Hobbs,brooksmatthew@example.org,+1-715-487-1483x2691,Delhi,Uttar Pradesh,India,2022-09-28,Gold,Active
CUST04576,David,Silva,melissa98@example.net,(609)591-7446x19289,Lucknow,Bihar,India,2023-07-04,,Inactive
CUST04577,Mindy,Hunter,andrea04@example.org,958.355.5020,Patna,Karnataka,India,2023-10-07,Platinum,Active
CUST04578,Joseph,Duke,fbernard@example.net,356.295.1471,Patna,Karnataka,India,2022-07-04,Platinum,Active
CUST04579,Michelle,Gonzalez,jasonjackson@example.com,+1-844-686-5563x332,Kolkata,Karnataka,India,2024-04-01,Gold,Inactive
CUST04580,Kathleen,Hicks,stephentaylor@example.com,(730)841-5217x946,Jaipur,Telangana,India,2024-02-16,Platinum,Inactive
CUST04581,Jerry,Barnes,michael55@example.com,639-418-6597,Patna,Tamil Nadu,India,2023-06-04,Gold,Active
CUST04582,Christine,Mcdowell,taylorhelen@example.net,+1-708-481-7494,Pune,Rajasthan,India,2023-10-05,Platinum,Active
CUST04583,Thomas,Johnston,jeffreyhamilton@example.net,704-740-1032x880,Patna,Maharashtra,India,2024-03-24,Silver,Active
CUST04584,Eric,Reynolds,michael69@example.com,(486)358-7703x696,Delhi,Maharashtra,India,2022-03-30,Platinum,Inactive
CUST04585,Earl,Baker,bpham@example.net,+1-215-943-5525x73363,Delhi,Tamil Nadu,India,2023-06-10,Platinum,Inactive
CUST04586,Taylor,Williams,mcdanielmichael@example.org,410.868.8172x836,Jaipur,Uttar Pradesh,India,2023-12-06,Platinum,Active
CUST04587,Gary,Allen,gordontimothy@example.com,(345)948-8825,Mumbai,Rajasthan,India,2023-11-17,Silver,Inactive
CUST04588,Daniel,West,morenocassidy@example.com,+1-846-452-2718,Delhi,Tamil Nadu,India,2022-10-26,Platinum,Active
CUST04589,Drew,Cook,qvazquez@example.org,(301)248-3791x252,Mumbai,Telangana,India,2022-12-27,Platinum,Inactive
CUST04590,Robert,Rodriguez,lindsay76@example.org,001-356-500-4971x992,Kolkata,Karnataka,India,2022-07-02,Platinum,Active
CUST04591,Jacob,Johnson,rachel75@example.net,616-299-5807,Mumbai,Bihar,India,2023-05-21,Silver,Active
CUST04592,Michael,Pennington,plane@example.org,+1-659-855-7671x05166,Bangalore,Telangana,India,2023-05-20,Silver,Active
CUST04593,Jessica,Chambers,qramirez@example.com,731.469.2300,Lucknow,Bihar,India,2023-07-25,Silver,Active
CUST04594,Christopher,Lang,reedjohn@example.org,621.826.5297x3923,Hyderabad,Bihar,India,2023-01-05,Silver,Active
CUST04595,Richard,Morris,ygilbert@example.com,660-656-3279x486,Patna,Uttar Pradesh,India,2023-01-20,Platinum,Inactive
CUST04596,Daniel,Bowman,jessicafloyd@example.com,521-304-2155,Hyderabad,Uttar Pradesh,India,2023-12-03,Silver,Active
CUST04597,Randall,Morales,kathrynvelazquez@example.org,(345)647-9159,Delhi,West Bengal,India,2024-01-28,Silver,Active
CUST04598,Melissa,Nguyen,tammyperkins@example.org,202.706.5491x0597,Hyderabad,Telangana,India,2022-10-24,Gold,Active
CUST04599,Ashley,Vance,michaelschmidt@example.net,(795)797-7377,Jaipur,West Bengal,India,2022-11-09,Gold,Inactive
CUST04600,Patrick,Garcia,msellers@example.com,+1-517-798-2131x176,Hyderabad,Rajasthan,India,2022-01-13,Silver,Active
CUST04601,Michael,Garrett,kevin54@example.org,2978705419,Chennai,Uttar Pradesh,India,2022-01-11,Platinum,Inactive
CUST04602,Kimberly,Freeman,james71@example.org,738-580-5062x784,Kolkata,Karnataka,India,2022-03-15,Silver,Inactive
CUST04603,Edgar,French,mejiatravis@example.com,937-347-7529x0008,Hyderabad,Bihar,India,2023-05-24,Gold,Inactive
CUST04604,Allison,Collins,rhodesryan@example.org,737.221.9113x85971,Pune,Bihar,India,2023-10-12,Platinum,Inactive
CUST04605,Anthony,Erickson,bairdchristina@example.org,628-849-2930,Pune,Telangana,India,2023-03-01,Silver,Inactive
CUST04606,Dawn,Trujillo,martin69@example.org,001-227-286-7562x4077,Lucknow,Karnataka,India,2023-05-25,Silver,Active
CUST04607,Anne,Wise,kenneth85@example.com,366.787.2266x77109,Kolkata,Bihar,India,2023-01-03,Silver,Inactive
CUST04608,Tammy,Smith,deannicholas@example.org,6504532639,Bangalore,Karnataka,India,2022-03-24,Platinum,Active
CUST04609,Gary,Dean,julie72@example.org,(800)753-5795,Kolkata,Bihar,India,2022-05-26,Silver,Inactive
CUST04610,Kathryn,Casey,nsanders@example.com,275.608.2092x539,Patna,Bihar,India,2023-08-10,Platinum,Inactive
CUST04611,Brandon,Woods,john61@example.net,(844)526-8790,Mumbai,Karnataka,India,2022-04-30,Gold,Active
CUST04612,Jasmine,Thompson,christygillespie@example.com,9336844192,Patna,Karnataka,India,2022-02-13,Gold,Inactive
CUST04613,Gregory,Gonzalez,kgallagher@example.com,840-706-5781x76970,Bangalore,Tamil Nadu,India,2022-08-27,Gold,Active
CUST04614,Paul,Andrews,xgarcia@example.com,+1-667-834-2756,Bangalore,Bihar,India,2023-10-24,Platinum,Inactive
CUST04615,Renee,Hartman,harryconner@example.com,(890)349-5852,Patna,Delhi,India,2023-11-12,Gold,Inactive
CUST04616,Brenda,Davis,khenderson@example.net,001-946-293-7026x7011,Chennai,Telangana,India,2022-03-19,Platinum,Active
CUST04617,Scott,Rubio,martin29@example.net,001-487-347-5341x5908,Jaipur,Karnataka,India,2023-10-24,Silver,Active
CUST04618,Shawn,Parker,rebeccawood@example.com,(759)276-0522,Mumbai,Tamil Nadu,India,2022-07-29,Platinum,Active
CUST04619,Steven,Olsen,nprice@example.com,001-219-709-0793,Hyderabad,West Bengal,India,2022-02-14,Silver,Active
CUST04620,William,Burgess,prodriguez@example.org,580-450-6842,Mumbai,Bihar,India,2022-03-07,Silver,Active
CUST04621,Mark,Kirby,raymondreed@example.org,752-268-8391x365,Patna,Maharashtra,India,2024-04-28,Gold,Inactive
CUST04622,Brenda,Myers,jamescervantes@example.net,001-428-235-3949,Mumbai,Karnataka,India,2023-06-08,Platinum,Active
CUST04623,Mindy,Fisher,gkelley@example.net,971-573-1643,Bangalore,West Bengal,India,2024-06-09,Gold,Inactive
CUST04624,Michelle,Thomas,stephaniescott@example.com,241-348-0447x345,Hyderabad,Delhi,India,2023-02-16,Silver,Active
CUST04625,Mary,Stone,christina27@example.com,8479555805,Chennai,Telangana,India,2023-06-28,Platinum,Active
CUST04626,James,Tanner,qkoch@example.com,(847)411-5003x7293,Hyderabad,Telangana,India,2023-02-03,Silver,Active
CUST04627,Tiffany,Cooley,martinann@example.com,001-225-687-4812x94632,Bangalore,Bihar,India,2022-02-13,Platinum,Inactive
CUST04628,Cheryl,Murphy,lynn44@example.com,(671)914-6411x5039,Jaipur,Rajasthan,India,2023-03-29,Silver,Inactive
CUST04629,Steven,Robertson,blakelowe@example.com,5985863241,Chennai,Uttar Pradesh,India,2023-06-18,Platinum,Inactive
CUST04630,Matthew,Arnold,chapmanallison@example.net,001-884-859-4108,Bangalore,Telangana,India,2022-10-16,Platinum,Active
CUST04631,Jennifer,Martinez,amarshall@example.com,212.911.3118,Bangalore,Bihar,India,2023-09-03,Silver,Inactive
CUST04632,Emily,Wilson,andrewmccall@example.com,001-205-238-9815,Patna,Maharashtra,India,2023-11-06,Platinum,Active
CUST04633,Craig,Mcdonald,jamie06@example.net,+1-989-723-1424x0739,Bangalore,Bihar,India,2024-01-03,Silver,Active
CUST04634,Gary,Gay,perezsamantha@example.org,(815)974-8769x6360,Patna,Delhi,India,2022-07-17,Gold,Active
CUST04635,Kevin,Ferguson,bwolfe@example.org,2079734294,Hyderabad,Bihar,India,2022-02-16,Platinum,Inactive
CUST04636,Steven,Hopkins,dhouston@example.com,,Pune,Maharashtra,India,2023-06-29,Gold,Inactive
CUST04637,James,Romero,whiterichard@example.org,(931)771-0121,Kolkata,Maharashtra,India,2023-06-08,Silver,Inactive
CUST04638,Richard,Hamilton,smithmargaret@example.net,(710)946-2956,Kolkata,Rajasthan,India,2024-06-02,Silver,Inactive
CUST04639,Wanda,Pope,hilljohn@example.org,980-952-0130x548,Kolkata,Telangana,India,2023-08-26,Platinum,Active
CUST04640,John,Patterson,mcarter@example.net,995-594-2587x13986,Patna,West Bengal,India,2023-10-30,Platinum,Active
CUST04641,Bobby,Griffith,lisa53@example.com,001-800-827-9167x9572,Jaipur,Delhi,India,2022-04-24,Silver,Active
CUST04642,Patricia,Moore,willisblake@example.org,6443597567,Bangalore,Uttar Pradesh,India,2024-06-15,Gold,Active
CUST04643,Michael,Jensen,ashleyharris@example.org,408.676.7451,Patna,Delhi,India,2024-01-26,Silver,Active
CUST04644,Calvin,Alexander,kyle28@example.org,001-383-713-3341x1847,Pune,Bihar,India,2022-12-23,Platinum,Inactive
CUST04645,Nicole,Thomas,frivera@example.net,(972)586-1375x650,Jaipur,Uttar Pradesh,India,2022-07-18,Silver,Active
CUST04646,Brian,Fowler,villarrealsean@example.org,7164615860,Chennai,Delhi,India,2022-01-04,Gold,Active
CUST04647,Linda,Johnson,tina47@example.com,001-464-538-2229x7580,Pune,West Bengal,India,2022-10-04,Silver,Active
CUST04648,Sonya,Cunningham,johnsharp@example.net,831.273.7388x71691,Jaipur,Bihar,India,2022-12-30,Gold,Active
CUST04649,Logan,Saunders,ncardenas@example.net,353.701.9774x47219,Kolkata,Delhi,India,2023-11-07,Silver,Inactive
CUST04650,Amy,Ramirez,cody33@example.net,(840)714-7684,Jaipur,Uttar Pradesh,India,2023-02-12,Silver,Inactive
CUST04651,Melody,Burnett,curtispatterson@example.net,956-696-6432x5464,Bangalore,Tamil Nadu,India,2024-02-14,Silver,Active
CUST04652,Robert,Russell,jefferyroberts@example.org,609-564-0000x46113,Jaipur,Tamil Nadu,India,2024-05-14,Platinum,Inactive
CUST04653,Lawrence,Barry,sandrabrennan@example.net,+1-937-364-5089x421,Pune,Tamil Nadu,India,2023-11-21,Gold,Inactive
CUST04654,Duane,Rodriguez,petersonkatherine@example.net,001-365-964-9764x9897,Mumbai,West Bengal,India,2024-02-04,Gold,Active
CUST04655,Angela,Acosta,rdiaz@example.com,4129188176,Jaipur,Uttar Pradesh,India,2023-10-09,Silver,Inactive
CUST04656,Lee,Logan,joshua21@example.com,834.334.6871,Mumbai,Tamil Nadu,India,2023-04-11,Gold,Inactive
CUST04657,Joseph,Williamson,michaelcook@example.org,386-384-7875x727,Mumbai,Delhi,India,2024-03-06,Silver,Active
CUST04658,David,Mason,wharris@example.com,(583)663-9286,Jaipur,Bihar,India,2022-06-08,Silver,Active
CUST04659,Tracey,Robinson,yrivera@example.org,940.843.1747x3562,Kolkata,Bihar,India,2024-01-05,Silver,Active
CUST04660,Ronald,Johnson,toddwang@example.net,+1-219-994-0691x157,Patna,Rajasthan,India,2022-12-24,Platinum,Active
CUST04661,James,Howell,richardsonmaurice@example.com,001-373-957-6994x2229,Lucknow,Karnataka,India,2023-06-26,Platinum,Active
CUST04662,Kristy,Williams,aprillong@example.org,(780)856-9385,Lucknow,Rajasthan,India,2023-02-20,Gold,Active
CUST04663,Anna,Vaughn,amber11@example.org,453-321-4418,Delhi,Uttar Pradesh,India,2023-10-29,Platinum,Inactive
CUST04664,Gabriel,Davis,rachael13@example.org,(572)889-0373,Kolkata,Bihar,India,2024-04-25,Silver,Active
CUST04665,April,Schneider,leslie43@example.com,001-243-859-3157x3967,Hyderabad,Tamil Nadu,India,2024-05-26,Silver,Active
CUST04666,Alexander,Gutierrez,erinsmith@example.net,+1-722-860-6685x5163,Kolkata,Rajasthan,India,2023-04-24,Gold,Active
CUST04667,Sean,Smith,ortizterry@example.org,834-763-9900x5307,Jaipur,Maharashtra,India,2023-04-17,Gold,Inactive
CUST04668,Nancy,Jimenez,kristinrobinson@example.com,311.877.6563x1749,Jaipur,Tamil Nadu,India,2023-08-17,Platinum,Inactive
CUST04669,Mason,Sosa,ericjackson@example.com,+1-746-325-6837,Lucknow,Bihar,India,2022-12-25,Platinum,Active
CUST04670,Michelle,Potts,marycox@example.org,344-914-0760x9765,Patna,Uttar Pradesh,India,2024-01-04,Gold,Inactive
CUST04671,Brenda,Buchanan,jason79@example.com,(938)368-4362x24166,Bangalore,West Bengal,India,2023-12-14,Gold,Active
CUST04672,James,Taylor,kbrown@example.org,001-327-400-5978,Chennai,Maharashtra,India,2023-09-19,Silver,Inactive
CUST04673,Chad,Hester,joshua62@example.net,293-638-5592,Pune,Telangana,India,2023-04-04,Platinum,Active
CUST04674,Linda,Bates,mario91@example.org,+1-480-565-6102x249,Chennai,Tamil Nadu,India,2022-12-18,Platinum,Inactive
CUST04675,Nancy,Walker,robert44@example.com,(963)513-3560x41031,Bangalore,Delhi,India,2023-11-19,Gold,Inactive
CUST04676,Melvin,Glass,hgutierrez@example.org,254.998.9802,Kolkata,Delhi,India,2022-05-20,Gold,Inactive
CUST04677,Kristi,Camacho,bjenkins@example.com,001-733-446-4383x62285,Lucknow,Bihar,India,2023-10-05,Platinum,Inactive
CUST04678,Christopher,Mckenzie,nobleandrew@example.org,001-781-386-1334x9608,Kolkata,Telangana,India,2023-03-10,Silver,Inactive
CUST04679,Tyler,Smith,amyowens@example.com,918-212-2073x337,Kolkata,Uttar Pradesh,India,2023-08-11,Gold,Active
CUST04680,Pamela,Reed,barnettvictoria@example.org,+1-839-990-3122x474,Delhi,West Bengal,India,2023-07-30,Platinum,Inactive
CUST04681,Eric,Wagner,laurajenkins@example.com,(227)567-6928,Lucknow,Telangana,India,2022-11-11,Platinum,Inactive
CUST04682,Jonathan,Perry,pottstimothy@example.com,(431)298-9805x27214,Kolkata,Telangana,India,2023-12-04,Gold,Inactive
CUST04683,Joseph,Pratt,gomezlaura@example.org,001-453-361-6476,Jaipur,Tamil Nadu,India,2022-03-19,Platinum,Inactive
CUST04684,Victoria,Roy,wilsonkatherine@example.net,6992753494,Bangalore,Rajasthan,India,2022-04-26,Silver,Inactive
CUST04685,Stephanie,Sweeney,swiggins@example.org,,Lucknow,West Bengal,India,2024-05-09,Platinum,Inactive
CUST04686,Peter,Shannon,jesus55@example.org,776-356-1749,Bangalore,West Bengal,India,2022-07-31,Platinum,Active
CUST04687,Kayla,Lane,james87@example.org,+1-721-238-9792x6978,Hyderabad,West Bengal,India,2023-01-25,Silver,Inactive
CUST04688,Carolyn,Andrews,stewartmikayla@example.net,9082454161,Chennai,Delhi,India,2022-10-24,Platinum,Active
CUST04689,Timothy,Campbell,tbeck@example.com,+1-610-597-3146,Jaipur,Uttar Pradesh,India,2023-11-10,Silver,Inactive
CUST04690,Thomas,Davis,joseph59@example.net,(911)569-7442x8208,Mumbai,Delhi,India,2022-06-25,Silver,Inactive
CUST04691,Allen,Munoz,taylormaria@example.com,+1-312-497-3918x8130,Lucknow,Delhi,India,2022-05-23,Gold,Inactive
CUST04692,Gina,Medina,wayneschultz@example.net,+1-671-920-5535x138,Jaipur,Delhi,India,2022-10-24,Silver,Active
CUST04693,Jacqueline,Short,gcolon@example.com,001-878-273-1135x362,Jaipur,Telangana,India,2022-10-05,Gold,Active
CUST04694,Wesley,Rosales,jasonjones@example.com,(223)466-6487x9422,Pune,Delhi,India,2024-02-28,Platinum,Active
CUST04695,Carl,Lopez,alexpatton@example.com,303-346-7718x1961,Delhi,Karnataka,India,2024-06-14,Gold,Inactive
CUST04696,Joshua,Allen,marcfarrell@example.com,276-314-5161x9777,Jaipur,West Bengal,India,2023-11-14,Silver,Inactive
CUST04697,Christopher,Hall,antoniofuentes@example.org,5742478905,Mumbai,West Bengal,India,2022-09-26,Gold,Inactive
CUST04698,Jeremy,Johnson,crystaljackson@example.org,222.732.6185,Pune,Delhi,India,2024-06-05,Silver,Inactive
CUST04699,Andrew,Cummings,wsmith@example.net,001-820-730-9324x36350,Chennai,Delhi,India,2024-03-18,Silver,Active
CUST04700,Eric,Garcia,dawsonkenneth@example.org,+1-972-895-7892x18170,Delhi,Karnataka,India,2022-08-06,Platinum,Inactive
CUST04701,Jennifer,Solis,xwebster@example.com,+1-435-818-4232,Bangalore,Maharashtra,India,2024-02-18,Platinum,Inactive
CUST04702,Bryce,Mclaughlin,maynardjames@example.net,(977)702-1679,Pune,Delhi,India,2023-10-23,Gold,Inactive
CUST04703,Lauren,Anderson,heidinichols@example.org,001-684-631-0747x89128,Mumbai,West Bengal,India,2022-10-27,Gold,Active
CUST04704,Katherine,Carr,claytonfrank@example.org,704-402-9971x1453,Lucknow,West Bengal,India,2024-04-25,Platinum,Inactive
CUST04705,Richard,Miller,andrewdunn@example.net,(375)537-6813,Lucknow,Delhi,India,2023-03-19,Platinum,Inactive
CUST04706,Carmen,Gonzalez,johnaustin@example.org,673.956.5277x33120,Delhi,Maharashtra,India,2024-01-09,Platinum,Inactive
CUST04707,Cory,Wood,carriewright@example.org,(736)230-8640,Bangalore,Delhi,India,2022-06-15,Silver,Active
CUST04708,James,Ayers,jeremiahpace@example.com,6314007073,Pune,Uttar Pradesh,India,2023-10-09,Gold,Active
CUST04709,Stephen,Stone,bcohen@example.com,+1-531-613-1857,Pune,Telangana,India,2022-02-18,Gold,Inactive
CUST04710,Amber,Walters,testes@example.com,001-206-280-9846x29254,Patna,Delhi,India,2022-09-16,Gold,Inactive
CUST04711,Michael,Bell,brucemckee@example.net,+1-834-598-1148,Chennai,Uttar Pradesh,India,2022-10-08,Platinum,Inactive
CUST04712,Jermaine,Morris,terrence37@example.com,384-819-4746x38128,Chennai,Bihar,India,2024-04-18,Gold,Active
CUST04713,Raymond,Lee,kathryncarter@example.com,+1-231-414-3101,Patna,Bihar,India,2023-01-22,Silver,Inactive
CUST04714,William,Robertson,ehenry@example.org,889.649.7794x905,Kolkata,Uttar Pradesh,India,2022-12-19,Gold,Active
CUST04715,Robert,Cline,ksmith@example.org,818.292.2679,Bangalore,Bihar,India,2022-11-19,,Active
CUST04716,Joseph,Page,adamsdaniel@example.net,+1-424-251-6382,Kolkata,Delhi,India,2022-05-08,Gold,Active
CUST04717,Charles,Weber,poncedavid@example.org,(910)341-7806x338,Hyderabad,Rajasthan,India,2022-08-09,Silver,Inactive
CUST04718,Elizabeth,James,brianbrown@example.org,477.281.5199,Hyderabad,Rajasthan,India,2023-05-26,Gold,Inactive
CUST04719,Shane,Wood,adrian58@example.net,+1-945-370-0143x59737,Hyderabad,Karnataka,India,2023-07-09,Gold,Active
CUST04720,April,Clarke,lpeters@example.org,934.637.6225x72305,Bangalore,Karnataka,India,2023-09-08,Silver,Active
CUST04721,Sarah,Jackson,paulcynthia@example.net,(792)726-0874x2251,Pune,West Bengal,India,2024-05-18,Silver,Inactive
CUST04722,Laura,Hunt,nguyenpeter@example.com,447.352.1995,Lucknow,Maharashtra,India,2022-01-07,Silver,Inactive
CUST04723,Christine,Salazar,strongkimberly@example.org,623-425-0146,Chennai,Tamil Nadu,India,2022-12-08,Silver,Active
CUST04724,Adam,Terry,valerie64@example.net,(961)599-7548x80471,Kolkata,Delhi,India,2023-12-20,Silver,Active
CUST04725,Karen,Ramirez,solisdonald@example.com,654.289.1218x00469,Patna,Bihar,India,2023-02-08,Silver,Active
CUST04726,Taylor,Morgan,cbell@example.net,884.957.4492x0279,Lucknow,Tamil Nadu,India,2024-01-05,Platinum,Active
CUST04727,Tina,Ellis,osbornesteven@example.com,7163816638,Lucknow,Rajasthan,India,2023-10-11,Silver,Inactive
CUST04728,Stacey,Malone,mathew30@example.net,260.327.4057,Hyderabad,West Bengal,India,2024-03-01,Platinum,Active
CUST04729,William,Green,etaylor@example.com,7066335217,Chennai,West Bengal,India,2023-09-25,Gold,Inactive
CUST04730,Nancy,Williams,annahernandez@example.com,001-727-798-5422x7527,Chennai,Bihar,India,2023-07-22,Silver,Inactive
CUST04731,Christopher,Robinson,ubarrera@example.org,7349815589,Chennai,Bihar,India,2022-06-24,Platinum,Inactive
CUST04732,Patricia,Mccarthy,matthewgonzalez@example.org,384-649-2983,Bangalore,Maharashtra,India,2022-04-14,Platinum,Inactive
CUST04733,Jonathan,Baker,jensenandrew@example.net,001-216-290-4757x9299,Chennai,Maharashtra,India,2023-05-16,Gold,Active
CUST04734,Cynthia,Cox,zfox@example.net,728.951.5140,Chennai,Delhi,India,2022-02-26,Platinum,Active
CUST04735,Sean,Jones,ashleyrodriguez@example.com,(950)934-6967,Hyderabad,Maharashtra,India,2023-01-07,Gold,Inactive
CUST04736,Dustin,Colon,patrickrachel@example.com,953.818.9701x332,Hyderabad,Telangana,India,2023-04-11,Gold,Active
CUST04737,William,Martinez,teverett@example.org,001-562-826-8733x912,Chennai,Tamil Nadu,India,2024-02-23,Gold,Active
CUST04738,Amber,Casey,luis11@example.com,583-916-3384x5531,Lucknow,West Bengal,India,2022-11-01,Platinum,Inactive
CUST04739,Sharon,Sanchez,jacksonryan@example.org,(426)986-5838,Lucknow,Maharashtra,India,2022-04-25,Gold,Inactive
CUST04740,Chad,Chapman,vknight@example.com,815.278.7956,Kolkata,Rajasthan,India,2023-12-21,Silver,Inactive
CUST04741,Elizabeth,Moore,zhunter@example.com,221.636.7979x10560,Kolkata,Tamil Nadu,India,2022-10-24,Silver,Inactive
CUST04742,Candace,Page,morrisstacy@example.net,804-410-1241x6097,Lucknow,West Bengal,India,2022-08-25,Platinum,Active
CUST04743,Dwayne,Williams,wwright@example.net,+1-443-200-4485x5639,Pune,Maharashtra,India,2022-08-16,Platinum,Active
CUST04744,Lindsey,Henderson,seanbarnett@example.org,+1-347-518-7620x75920,Mumbai,Maharashtra,India,2023-03-08,Platinum,Active
CUST04745,Tina,Barnes,lindacarroll@example.net,873-846-8521,Jaipur,Bihar,India,2022-09-03,Gold,Active
CUST04746,William,Rodriguez,sanchezronald@example.net,661.440.6712x8496,Lucknow,West Bengal,India,2023-06-10,Platinum,Active
CUST04747,Timothy,Miranda,susan84@example.org,945-987-8757x629,Jaipur,Maharashtra,India,2024-04-11,Gold,Active
CUST04748,Amy,Edwards,lucerobetty@example.org,782-243-0205,Jaipur,Rajasthan,India,2023-05-07,Silver,Active
CUST04749,John,Wilcox,david70@example.com,(973)573-4346x4515,Jaipur,Uttar Pradesh,India,2022-10-20,Silver,Inactive
CUST04750,Jordan,Simon,rhonda80@example.org,+1-492-920-7307x449,Mumbai,Karnataka,India,2023-12-02,Silver,Active
CUST04751,Karen,Harris,cortezjeremy@example.com,6023528233,Hyderabad,Uttar Pradesh,India,2023-04-01,Gold,Active
CUST04752,Crystal,Strong,dwilliams@example.net,001-911-550-6821,Pune,Rajasthan,India,2022-12-02,Platinum,Active
CUST04753,Jennifer,Navarro,austin90@example.com,(824)875-0661x984,Jaipur,Maharashtra,India,2022-04-14,Gold,Inactive
CUST04754,Kristin,Nunez,diazkatherine@example.org,214-230-4352,Lucknow,Tamil Nadu,India,2023-12-04,Gold,Inactive
CUST04755,Riley,Cooper,macdonaldsteven@example.com,909-894-2349,Bangalore,Rajasthan,India,2024-06-09,Silver,Inactive
CUST04756,Katelyn,Day,ejames@example.net,627.576.2871x08390,Bangalore,Bihar,India,2023-03-30,Platinum,Inactive
CUST04757,Geoffrey,James,lanejennifer@example.com,674-326-6841,Mumbai,Telangana,India,2023-08-26,Silver,Active
CUST04758,Lisa,Hill,harold28@example.net,745.760.8383x3116,Bangalore,Bihar,India,2024-04-13,Platinum,Inactive
CUST04759,Heather,Bowman,taylorseth@example.net,001-551-809-2210x599,Bangalore,Telangana,India,2023-01-21,Gold,Active
CUST04760,Emily,Hall,davidconley@example.net,(740)574-0756,Kolkata,Delhi,India,2023-09-17,Platinum,Active
CUST04761,Melissa,Torres,rrivera@example.net,(441)364-5008x767,Delhi,West Bengal,India,2022-04-25,,Inactive
CUST04762,Chloe,Cortez,pearsoncristian@example.com,6415540580,Pune,Delhi,India,2023-05-07,Platinum,Active
CUST04763,Dustin,Page,michaelpearson@example.com,(316)425-7103x158,Chennai,Bihar,India,2024-05-02,Silver,Active
CUST04764,David,Mcdaniel,david25@example.org,+1-886-781-4422,Kolkata,Uttar Pradesh,India,2023-07-08,Platinum,Inactive
CUST04765,Michelle,Crawford,forbeskristina@example.com,(771)791-3690x2504,Patna,Telangana,India,2022-10-22,Gold,Inactive
CUST04766,Jose,Perez,amykerr@example.net,(231)446-1300x16664,Jaipur,West Bengal,India,2024-01-24,Gold,Inactive
CUST04767,Amy,Morales,sherriscott@example.org,001-739-511-6741x534,Chennai,Rajasthan,India,2023-08-20,Silver,Inactive
CUST04768,Brenda,Parker,longamanda@example.com,,Lucknow,Karnataka,India,2024-04-23,Platinum,Inactive
CUST04769,Ashley,Schmidt,carsonvictor@example.net,+1-511-870-5641,Jaipur,Bihar,India,2024-02-12,Platinum,Active
CUST04770,James,Vega,cindy14@example.org,9529011089,Kolkata,Delhi,India,2024-05-12,Silver,Active
CUST04771,Joseph,Wilson,nicole19@example.com,239-490-2624x2018,Lucknow,Rajasthan,India,2022-03-15,Platinum,Active
CUST04772,Jennifer,Smith,jason58@example.com,001-343-774-4903,Patna,Telangana,India,2024-04-19,Platinum,Active
CUST04773,Johnny,Gray,efernandez@example.com,001-633-351-2460x58799,Kolkata,Rajasthan,India,2023-10-17,Silver,Inactive
CUST04774,Lisa,Davis,kyle92@example.net,(669)732-6937,Chennai,West Bengal,India,2022-01-15,Gold,Inactive
CUST04775,Jennifer,Scott,leachmichelle@example.com,001-356-885-7614x9657,Mumbai,Telangana,India,2022-12-03,Silver,Inactive
CUST04776,Anthony,Peck,curtisgarza@example.org,001-701-414-0532x57385,Patna,West Bengal,India,2023-05-24,Gold,Active
CUST04777,Jonathan,Thomas,xreid@example.org,511-898-0883,Patna,Tamil Nadu,India,2022-03-26,Platinum,Active
CUST04778,John,Garcia,alisonadams@example.com,512-267-1906,Jaipur,West Bengal,India,2022-08-03,Gold,Inactive
CUST04779,Michelle,Rivera,perezkara@example.net,001-428-821-7375x15802,Jaipur,Maharashtra,India,2024-05-19,Silver,Active
CUST04780,Harry,Ellis,stevenvasquez@example.org,387.955.6581,Lucknow,West Bengal,India,2023-09-17,Silver,Inactive
CUST04781,Andrea,Hayes,katherinejones@example.com,546-701-7590,Kolkata,Delhi,India,2022-12-11,Silver,Active
CUST04782,Christina,Mercado,taylorsamantha@example.net,875.487.1309x662,Mumbai,Rajasthan,India,2024-05-03,Gold,Active
CUST04783,John,Chase,kayla31@example.org,240.677.9420x16184,Chennai,Bihar,India,2023-01-15,Platinum,Inactive
CUST04784,Sandra,Lee,williamparker@example.net,+1-478-484-8691x19695,Kolkata,Tamil Nadu,India,2023-03-10,Silver,Inactive
CUST04785,Sharon,Whitaker,kristine73@example.net,857-857-4553,Chennai,West Bengal,India,2022-04-02,Platinum,Active
CUST04786,Pamela,Flores,jasoncastro@example.org,546.682.2358,Lucknow,Delhi,India,2024-02-12,Platinum,Inactive
CUST04787,Dennis,Murphy,christinejenkins@example.org,(676)945-7626,Patna,Uttar Pradesh,India,2022-07-19,Silver,Active
CUST04788,Timothy,Patterson,jbrewer@example.net,6645548253,Kolkata,Tamil Nadu,India,2022-05-05,Platinum,Active
CUST04789,Timothy,Castro,dannyfisher@example.com,+1-767-727-1453x860,Pune,West Bengal,India,2022-01-11,Silver,Inactive
CUST04790,Emily,Joseph,katherinefletcher@example.com,(722)497-3958x8073,Patna,Karnataka,India,2022-11-11,Gold,Active
CUST04791,Jesse,White,amberjones@example.org,714-847-3776x2728,Bangalore,Delhi,India,2022-09-07,Platinum,Active
CUST04792,Kelly,Hill,oscar69@example.net,334.537.7134x96768,Jaipur,Karnataka,India,2023-12-08,Platinum,Active
CUST04793,Thomas,Cummings,cynthiareed@example.net,318.976.4946x0433,Jaipur,Maharashtra,India,2024-05-26,Silver,Inactive
CUST04794,Alicia,Howell,lberry@example.com,759.955.5081x90803,Delhi,Bihar,India,2022-12-02,Gold,Active
CUST04795,Thomas,Thompson,anafoster@example.net,+1-505-440-0983x6218,Lucknow,Tamil Nadu,India,2024-01-02,Gold,Active
CUST04796,Charles,Tapia,ygalvan@example.net,001-482-277-3889,Jaipur,Rajasthan,India,2022-12-18,Silver,Inactive
CUST04797,Megan,Cox,stephen92@example.net,(355)341-2535x546,Bangalore,Bihar,India,2024-02-15,Gold,Active
CUST04798,Aaron,Smith,julie66@example.org,(635)446-4090x016,Chennai,West Bengal,India,2022-08-11,Platinum,Inactive
CUST04799,Laura,Rivera,wpark@example.net,655-949-9499,Pune,Tamil Nadu,India,2023-08-05,Gold,Active
CUST04800,Savannah,Liu,bwilkins@example.com,001-434-895-7014x457,Kolkata,Delhi,India,2024-03-28,Platinum,Active
CUST04801,Elizabeth,Flowers,kellylopez@example.net,(426)218-5381,Chennai,West Bengal,India,2023-10-04,Gold,Inactive
CUST04802,Mark,Preston,wilsonelizabeth@example.org,(243)841-2565x078,Chennai,Telangana,India,2022-04-03,Gold,Active
CUST04803,Alexander,Miller,rrobinson@example.net,(671)616-8957,Chennai,Uttar Pradesh,India,2022-03-30,Gold,Active
CUST04804,Jacqueline,Thomas,amberedwards@example.com,917-220-5682,Lucknow,Bihar,India,2023-08-22,Gold,Inactive
CUST04805,Diana,Walker,katherinecortez@example.com,(263)896-4360x73798,Mumbai,Maharashtra,India,2024-03-19,Gold,Inactive
CUST04806,Jennifer,Lee,jessicacook@example.com,349.509.5992x23843,Bangalore,Delhi,India,2022-09-10,Platinum,Active
CUST04807,David,Wallace,hwong@example.com,411-822-3494x522,Jaipur,Tamil Nadu,India,2024-05-08,Gold,Inactive
CUST04808,Steve,Wilson,mark04@example.net,001-725-449-3227x7921,Lucknow,Delhi,India,2022-07-06,Silver,Inactive
CUST04809,Robert,Hunter,sarahpearson@example.net,900.626.7234,Bangalore,Uttar Pradesh,India,2024-02-24,Silver,Inactive
CUST04810,John,Munoz,xreed@example.com,(411)393-0999x78708,Hyderabad,Bihar,India,2022-09-13,Platinum,Active
CUST04811,Darlene,Robertson,okaiser@example.org,378-354-4979,Hyderabad,Telangana,India,2023-01-22,Silver,Inactive
CUST04812,Kristin,Church,melissa01@example.net,816.468.6918x5332,Delhi,Maharashtra,India,2022-03-20,Platinum,Inactive
CUST04813,Stephen,Johnson,johnsonjoe@example.net,+1-209-432-6269x97818,Pune,Karnataka,India,2022-11-28,Platinum,Inactive
CUST04814,Randy,Bird,joseph92@example.net,396.796.2358x6699,Hyderabad,Delhi,India,2023-02-24,Gold,Active
CUST04815,Tracy,Lopez,nicolelopez@example.net,941.878.4685,Pune,West Bengal,India,2022-02-08,Platinum,Active
CUST04816,Mitchell,Love,billy26@example.com,001-554-778-3581x340,Lucknow,Tamil Nadu,India,2022-05-19,Silver,Inactive
CUST04817,Tiffany,Carter,millercrystal@example.net,(308)272-8748,Lucknow,Uttar Pradesh,India,2022-05-27,Silver,Inactive
CUST04818,Brenda,Moore,frank55@example.org,+1-756-581-7489x1464,Jaipur,Maharashtra,India,2022-05-18,Gold,Inactive
CUST04819,Ronald,Underwood,halevictoria@example.com,713.859.4804,Hyderabad,Rajasthan,India,2023-11-24,Silver,Active
CUST04820,Leonard,Brown,sgonzalez@example.net,001-217-233-4107x29330,Chennai,Tamil Nadu,India,2023-08-30,,Inactive
CUST04821,April,Fuentes,beckpatrick@example.net,767.991.7739,Delhi,Uttar Pradesh,India,2023-08-12,Gold,Inactive
CUST04822,Alexis,Williams,adrianward@example.com,(353)506-4794,Kolkata,Delhi,India,2022-09-24,Platinum,Active
CUST04823,Paula,Johnson,ilucero@example.org,9569921843,Jaipur,West Bengal,India,2022-06-27,Gold,Inactive
CUST04824,Kathleen,Klein,christopherchavez@example.com,(357)805-7217x75486,Hyderabad,Karnataka,India,2024-02-23,Gold,Active
CUST04825,Lori,Watson,zenglish@example.org,001-899-488-9214x0898,Pune,Karnataka,India,2024-05-26,Platinum,Inactive
CUST04826,Wendy,Harris,anthonybradford@example.org,+1-387-350-7994x998,Lucknow,Maharashtra,India,2022-05-20,Gold,Inactive
CUST04827,Kevin,Lopez,leejeremy@example.com,592-593-5657x9407,Delhi,Uttar Pradesh,India,2022-07-21,Platinum,Active
CUST04828,Sharon,Alvarez,scott41@example.net,+1-341-294-7672,Mumbai,Uttar Pradesh,India,2024-03-18,Gold,Active
CUST04829,Christina,Price,clarksharon@example.org,(842)582-5960,Hyderabad,Tamil Nadu,India,2022-07-27,Platinum,Active
CUST04830,Billy,Figueroa,jeffreybarrett@example.com,001-645-535-5168x355,Lucknow,Tamil Nadu,India,2023-06-04,Platinum,Inactive
CUST04831,Erin,Hernandez,sarasellers@example.org,8367117607,Chennai,West Bengal,India,2023-03-30,Silver,Active
CUST04832,Kelly,Gutierrez,austin48@example.net,624.473.6179,Bangalore,Telangana,India,2022-08-08,Gold,Inactive
CUST04833,Lindsey,Munoz,andersondaniel@example.org,799-482-6410x759,Hyderabad,Maharashtra,India,2022-01-15,Silver,Active
CUST04834,Timothy,Ramirez,anthonywashington@example.org,348-481-4753x970,Delhi,Maharashtra,India,2023-09-12,Gold,Active
CUST04835,Jessica,Vargas,chasevanessa@example.net,535.811.6119x27702,Bangalore,Delhi,India,2023-06-09,Silver,Active
CUST04836,Douglas,Adkins,warnermarie@example.org,001-537-591-1863x1385,Patna,Karnataka,India,2023-02-10,Gold,Active
CUST04837,Ryan,Collins,kcohen@example.org,+1-490-482-3378,Hyderabad,Maharashtra,India,2022-02-10,Platinum,Active
CUST04838,Anthony,Fleming,wagnerrachel@example.com,001-236-950-4077,Pune,Maharashtra,India,2024-06-02,Platinum,Active
CUST04839,Laura,Singleton,kristen95@example.net,463-777-0128,Chennai,Rajasthan,India,2024-01-12,Gold,Active
CUST04840,Monica,Monroe,grantdavid@example.com,001-779-535-0527x753,Hyderabad,Telangana,India,2022-01-08,Silver,Active
CUST04841,Deborah,Armstrong,lawsonashley@example.com,+1-584-880-1393x1544,Lucknow,Telangana,India,2022-02-27,Silver,Active
CUST04842,Megan,Boyer,sarasanchez@example.net,282.948.3944x43632,Hyderabad,Karnataka,India,2022-06-13,Silver,Active
CUST04843,Troy,Mitchell,burgesssteven@example.net,,Kolkata,Rajasthan,India,2022-03-02,Platinum,Inactive
CUST04844,Ashley,Hardin,jacobfuller@example.net,667-395-4599,Patna,Bihar,India,2022-04-12,Gold,Inactive
CUST04845,Sheila,Hernandez,xwagner@example.org,611.770.6730x262,Kolkata,West Bengal,India,2022-01-29,Gold,Active
CUST04846,Tracy,Chavez,elizabethparker@example.org,+1-726-269-4908x765,Bangalore,Telangana,India,2024-02-02,Platinum,Inactive
CUST04847,Patricia,Sanders,davidkoch@example.net,(985)741-7814,Patna,Bihar,India,2022-07-29,Gold,Active
CUST04848,Dawn,Ellis,pperry@example.com,714.575.1048,Hyderabad,Bihar,India,2023-05-23,Silver,Inactive
CUST04849,Erin,Stone,ann26@example.net,254-646-8216x399,Hyderabad,Tamil Nadu,India,2022-01-15,Silver,Inactive
CUST04850,Jesse,Allen,pgeorge@example.net,517.835.2207x7377,Mumbai,West Bengal,India,2022-04-13,Platinum,Active
CUST04851,Brian,Price,sarah65@example.org,+1-505-389-5894,Pune,Telangana,India,2022-02-06,Gold,Inactive
CUST04852,Kimberly,Skinner,simskaren@example.net,6986686005,Bangalore,Tamil Nadu,India,2022-04-12,Silver,Inactive
CUST04853,Michael,Carr,kdelgado@example.com,4588591455,Patna,West Bengal,India,2022-01-13,Gold,Inactive
CUST04854,Heather,Garrison,wferguson@example.net,4706797238,Patna,Delhi,India,2023-12-13,Silver,Active
CUST04855,Whitney,Smith,williamsalicia@example.net,+1-821-242-9419x672,Kolkata,Karnataka,India,2022-02-02,Silver,Inactive
CUST04856,Jonathan,Smith,tylergay@example.org,439.220.5701x48345,Bangalore,Bihar,India,2024-04-01,Silver,Inactive
CUST04857,Johnathan,Park,jessica44@example.net,535.946.3113x55658,Bangalore,West Bengal,India,2022-07-21,Platinum,Active
CUST04858,Kayla,Randolph,carlanguyen@example.com,+1-311-948-0931x8425,Chennai,Rajasthan,India,2022-01-11,Gold,Inactive
CUST04859,Robert,Chavez,wolfejennifer@example.net,6502510916,Delhi,Maharashtra,India,2022-01-31,Gold,Active
CUST04860,Taylor,Bell,monroelisa@example.com,8592099519,Chennai,Delhi,India,2022-05-20,Silver,Inactive
CUST04861,Anne,Allison,brittanysuarez@example.org,(482)994-0063,Kolkata,Rajasthan,India,2022-08-10,Silver,Active
CUST04862,Reginald,Nguyen,ndavis@example.com,001-426-965-4321x5259,Delhi,Rajasthan,India,2024-02-10,Silver,Active
CUST04863,Timothy,Weber,shane43@example.org,001-925-397-3305x078,Mumbai,Tamil Nadu,India,2022-04-06,Platinum,Inactive
CUST04864,Paul,Banks,andersonrobert@example.net,(369)565-4487,Delhi,West Bengal,India,2023-08-03,Gold,Active
CUST04865,Marcus,Deleon,austinhicks@example.org,5357480838,Bangalore,Rajasthan,India,2023-11-02,Silver,Active
CUST04866,Tyler,Henry,adamjacobson@example.org,975.210.8881x08403,Delhi,Telangana,India,2022-05-03,Gold,Inactive
CUST04867,Brian,Patterson,stonerachel@example.net,,Bangalore,Maharashtra,India,2024-02-01,Gold,Active
CUST04868,Christopher,Ferguson,jordanjohn@example.com,001-940-292-3199x9016,Patna,West Bengal,India,2023-08-07,Silver,Inactive
CUST04869,Cindy,Sims,deborah41@example.com,938-669-2718x54100,Delhi,Rajasthan,India,2024-05-04,Gold,Inactive
CUST04870,Brian,Moreno,lewisomar@example.net,2952207594,Bangalore,Delhi,India,2022-09-08,Silver,Active
CUST04871,Elizabeth,Johnson,jasonconley@example.net,498.882.7015x58389,Hyderabad,Telangana,India,2024-02-17,Silver,Active
CUST04872,Jason,Ramirez,nicolasprice@example.com,+1-475-717-5055,Patna,Maharashtra,India,2023-01-05,Platinum,Inactive
CUST04873,Martin,Grimes,angelicamalone@example.net,827.779.9698,Patna,Karnataka,India,2022-01-16,Silver,Active
CUST04874,Michelle,Russell,clarkjeffrey@example.org,(699)847-2607,Hyderabad,Maharashtra,India,2023-08-25,Silver,Active
CUST04875,Brent,May,ywatts@example.com,295-343-7593x668,Hyderabad,Telangana,India,2023-08-21,Platinum,Inactive
CUST04876,Douglas,Hines,olsenloretta@example.com,(400)213-2431,Lucknow,Bihar,India,2024-03-27,Gold,Active
CUST04877,William,Garcia,anthonymelton@example.net,671.319.0753x24737,Patna,Uttar Pradesh,India,2022-08-02,Platinum,Inactive
CUST04878,Laura,Webster,burnettchristine@example.net,444.752.2966,Mumbai,Tamil Nadu,India,2022-11-20,Silver,Inactive
CUST04879,Lawrence,Rodriguez,hillabigail@example.com,(780)584-4523,Mumbai,Rajasthan,India,2023-02-23,Platinum,Inactive
CUST04880,Brad,Coleman,creynolds@example.org,574-929-8268,Jaipur,Delhi,India,2024-01-08,Platinum,Active
CUST04881,Cindy,Armstrong,moorekatherine@example.com,(397)339-3926,Chennai,Karnataka,India,2022-10-04,Platinum,Inactive
CUST04882,Jacob,Bell,lori83@example.net,666-774-8567x8950,Bangalore,Delhi,India,2022-04-25,Silver,Active
CUST04883,David,Thompson,zjackson@example.com,895.647.9040x749,Kolkata,Maharashtra,India,2022-04-19,Gold,Active
CUST04884,Jacqueline,Perez,brandigarza@example.net,(993)312-4043x27993,Bangalore,West Bengal,India,2022-06-24,Gold,Inactive
CUST04885,Jerome,Miller,williamyoung@example.net,(893)559-4136x987,Kolkata,West Bengal,India,2024-01-21,Gold,Inactive
CUST04886,Eric,Sexton,schwartzterrance@example.org,6336013167,Jaipur,Uttar Pradesh,India,2023-05-06,Platinum,Inactive
CUST04887,Heather,Thomas,wolfmatthew@example.org,2758633310,Pune,Rajasthan,India,2022-05-10,Gold,Active
CUST04888,Dylan,Smith,danielevans@example.net,533.340.0567,Jaipur,West Bengal,India,2022-01-10,Gold,Inactive
CUST04889,Kevin,Gilmore,angelaanderson@example.com,996.433.8696x3502,Hyderabad,Delhi,India,2023-04-13,Platinum,Active
CUST04890,Randy,Sexton,gpayne@example.com,+1-750-988-2392x2772,Jaipur,Maharashtra,India,2023-03-25,Platinum,Active
CUST04891,Stephen,Jackson,rosalesrichard@example.net,001-685-377-5101x93847,Delhi,Rajasthan,India,2023-08-09,Gold,Active
CUST04892,Susan,Mcclain,atkinsjonathan@example.com,001-893-546-5781,Bangalore,Telangana,India,2022-03-29,Silver,Active
CUST04893,Bryan,Thomas,elizabeth45@example.com,001-719-253-5552x046,Kolkata,West Bengal,India,2023-02-18,Silver,Inactive
CUST04894,Jennifer,Jackson,daniel30@example.org,889-627-5080,Patna,Tamil Nadu,India,2023-09-15,Gold,Active
CUST04895,Mathew,Bass,michaelhess@example.net,(397)223-1466,Jaipur,Telangana,India,2022-10-13,Platinum,Inactive
CUST04896,Ashley,Martinez,jennifer02@example.com,+1-738-741-1418x313,Lucknow,Delhi,India,2022-10-04,Platinum,Active
CUST04897,John,Stanley,petersondanny@example.com,387-349-0853,Pune,West Bengal,India,2022-05-01,Gold,Inactive
CUST04898,Annette,Goodwin,emilybanks@example.net,(278)804-3870,Bangalore,Bihar,India,2022-10-08,Silver,Active
CUST04899,Kyle,Wilson,chasecraig@example.net,271.435.6835,Mumbai,Bihar,India,2022-06-22,Silver,Inactive
CUST04900,Lucas,Butler,diane21@example.net,862-791-6073x14262,Patna,Delhi,India,2023-12-04,Gold,Inactive
CUST04901,Denise,Phillips,pattersonjoshua@example.org,(448)859-3833x2558,Pune,Tamil Nadu,India,2022-01-02,Silver,Active
CUST04902,Patrick,Miller,vickiejones@example.com,(310)503-9001x44427,Delhi,West Bengal,India,2022-01-22,Platinum,Inactive
CUST04903,Kelly,Silva,cburke@example.com,958.590.2518x68504,Hyderabad,Uttar Pradesh,India,2022-09-12,Gold,Active
CUST04904,Raymond,Santiago,soliscatherine@example.com,+1-811-461-8639x739,Mumbai,Delhi,India,2023-08-31,Silver,Active
CUST04905,Lisa,Anderson,bergerethan@example.net,315-641-9907x47580,Hyderabad,Maharashtra,India,2022-05-05,Gold,Active
CUST04906,Nicholas,Jensen,williamselizabeth@example.org,7006343027,Kolkata,Maharashtra,India,2022-01-24,Gold,Active
CUST04907,Ian,Ball,bernard68@example.org,947.973.7455,Pune,Bihar,India,2024-04-20,Platinum,Inactive
CUST04908,Mary,Wilson,oriley@example.com,(904)229-3520,Lucknow,West Bengal,India,2022-07-26,Platinum,Inactive
CUST04909,Casey,Smith,qhayden@example.net,7824404227,Kolkata,Delhi,India,2024-01-28,Gold,Active
CUST04910,Darren,Wood,james93@example.com,462.355.4210,Chennai,Telangana,India,2023-07-09,Platinum,Active
CUST04911,Nina,Garcia,wongdaniel@example.net,001-308-688-2430x69092,Jaipur,Uttar Pradesh,India,2024-05-25,Gold,Inactive
CUST04912,Elizabeth,Beck,hsanchez@example.com,(870)846-4691,Pune,Delhi,India,2023-02-02,Silver,Active
CUST04913,William,Shepard,eherrera@example.org,699.405.5500x13036,Kolkata,West Bengal,India,2023-09-04,Gold,Active
CUST04914,Teresa,Jacobs,kwilkinson@example.org,(258)971-1165x37603,Bangalore,Maharashtra,India,2022-09-13,Silver,Active
CUST04915,Andrew,Farmer,smithdebbie@example.org,001-682-320-3975x088,Mumbai,Maharashtra,India,2023-04-02,Platinum,Active
CUST04916,Jeffery,Mcclain,josephmendez@example.net,2042178541,Mumbai,West Bengal,India,2022-11-22,Platinum,Inactive
CUST04917,Grace,Allen,amy48@example.com,(698)902-9773x01335,Hyderabad,Karnataka,India,2023-12-12,Platinum,Active
CUST04918,John,Hull,dylan30@example.org,208-767-7166x33101,Kolkata,Telangana,India,2024-02-17,Silver,Active
CUST04919,Nathan,Pierce,hernandezanna@example.org,676.541.0162,Hyderabad,Delhi,India,2022-07-13,Silver,Inactive
CUST04920,Kimberly,Brown,wardjulie@example.net,(386)233-4674x16936,Chennai,Tamil Nadu,India,2022-07-28,Gold,Inactive
CUST04921,Michele,Ballard,griffithstephanie@example.net,956.435.3999x5252,Delhi,Rajasthan,India,2023-02-25,Gold,Inactive
CUST04922,Benjamin,Whitaker,terryann@example.com,+1-623-885-1734x94366,Kolkata,Telangana,India,2023-08-12,Gold,Inactive
CUST04923,Michael,Robinson,meghanchen@example.net,+1-211-664-1505x76951,Bangalore,Uttar Pradesh,India,2024-06-02,Gold,Active
CUST04924,Cynthia,Rogers,ireese@example.org,699.328.7420x8740,Delhi,Maharashtra,India,2024-01-04,Silver,Active
CUST04925,Kimberly,Moore,michelletownsend@example.net,8202542325,Delhi,Bihar,India,2022-10-01,Platinum,Active
CUST04926,Makayla,Collins,sophialee@example.com,+1-436-919-3057x021,Jaipur,Bihar,India,2023-12-07,Silver,Active
CUST04927,Victoria,Ortega,jacksonbrian@example.org,214-805-0080x1322,Lucknow,Telangana,India,2023-06-10,Silver,Active
CUST04928,Lauren,Leblanc,nicole95@example.net,(543)669-9796x863,Patna,Delhi,India,2023-02-05,Platinum,Inactive
CUST04929,Megan,Cardenas,jmccarthy@example.net,857-927-6660,Mumbai,Rajasthan,India,2023-05-28,Gold,Inactive
CUST04930,Michelle,Cruz,brian97@example.com,645.988.2894,Lucknow,Tamil Nadu,India,2022-05-20,Gold,Active
CUST04931,David,Baker,pmanning@example.net,471.992.9785x8164,Hyderabad,Bihar,India,2023-02-26,Silver,Inactive
CUST04932,Robert,Lynch,millerwilliam@example.net,+1-308-333-7794x5741,Delhi,Delhi,India,2023-04-11,Gold,Active
CUST04933,Patrick,Turner,julie91@example.com,001-547-884-0421x779,Kolkata,Maharashtra,India,2022-06-13,Platinum,Active
CUST04934,Mary,Montgomery,marissa52@example.net,(365)700-9951,Chennai,Maharashtra,India,2023-07-19,Platinum,Active
CUST04935,Hailey,Williams,casey25@example.com,413-349-5587x363,Bangalore,Maharashtra,India,2023-12-05,Platinum,Active
CUST04936,David,Nelson,clayton21@example.net,+1-821-400-8992x3691,Chennai,Karnataka,India,2024-03-16,Platinum,Active
CUST04937,Kenneth,Garcia,jessica51@example.net,3508628335,Bangalore,Maharashtra,India,2022-10-21,Silver,Active
CUST04938,Spencer,Thomas,brewerchristine@example.net,(741)850-4815x703,Kolkata,Bihar,India,2023-04-21,Silver,Active
CUST04939,Paul,Adams,karirivera@example.org,648.572.2904,Bangalore,Uttar Pradesh,India,2022-09-28,Silver,Active
CUST04940,Stacy,Pham,dixonnicole@example.org,484-820-6788,Patna,West Bengal,India,2022-03-29,Silver,Active
CUST04941,Jessica,Jensen,luke34@example.org,001-471-537-7667,Mumbai,Delhi,India,2023-04-15,Silver,Active
CUST04942,Felicia,Rodgers,ushea@example.com,(837)360-3445,Patna,Uttar Pradesh,India,2022-07-25,Silver,Inactive
CUST04943,Kara,Brady,nlane@example.net,212-667-6909x87905,Patna,Delhi,India,2022-04-02,Platinum,Inactive
CUST04944,William,Evans,catherinethompson@example.net,(355)857-1580x203,Chennai,Delhi,India,2023-06-30,Gold,Inactive
CUST04945,Anthony,Travis,travis70@example.net,(384)876-3202,Chennai,Tamil Nadu,India,2023-03-22,Platinum,Inactive
CUST04946,Karina,Holmes,stephen78@example.com,+1-279-702-6405x36206,Bangalore,Delhi,India,2022-11-16,Gold,Active
CUST04947,Kaitlin,Knight,omckenzie@example.com,001-613-605-0019,Lucknow,Uttar Pradesh,India,2022-05-28,Silver,Inactive
CUST04948,Kimberly,Macdonald,ashleyhawkins@example.com,815-689-1758x26266,Delhi,Maharashtra,India,2023-01-28,Platinum,Active
CUST04949,John,Martinez,alloyd@example.net,+1-576-894-5364,Pune,Delhi,India,2022-12-07,Gold,Inactive
CUST04950,Anita,Howell,nicholasgreene@example.com,645-300-7298,Pune,Telangana,India,2024-01-07,Gold,Active
CUST04951,Cathy,Stewart,fhumphrey@example.org,659.290.1096,Pune,Karnataka,India,2022-09-23,Platinum,Inactive
CUST04952,Jason,Harris,danielferguson@example.org,(480)362-5358,Lucknow,Uttar Pradesh,India,2022-03-27,Platinum,Active
CUST04953,Carlos,Miller,njensen@example.com,001-281-482-6921x490,Chennai,Maharashtra,India,2022-06-17,Platinum,Active
CUST04954,Juan,Medina,laurenbaldwin@example.com,789.225.7680x953,Lucknow,Bihar,India,2024-04-25,Gold,Inactive
CUST04955,Matthew,Davis,qjenkins@example.org,221.420.5690x33737,Jaipur,Uttar Pradesh,India,2022-01-04,Gold,Inactive
CUST04956,John,Douglas,mstone@example.net,+1-495-948-6759x282,Bangalore,Bihar,India,2022-12-26,Silver,Inactive
CUST04957,Brianna,Johnson,kathryn22@example.org,+1-399-656-9221,Kolkata,Rajasthan,India,2022-03-20,Gold,Inactive
CUST04958,Allen,Johnson,robertmartinez@example.org,867.686.1228,Hyderabad,Telangana,India,2023-06-07,Gold,Inactive
CUST04959,Robert,Kim,stephanie23@example.net,634.543.8507x135,Mumbai,Bihar,India,2024-04-29,Platinum,Active
CUST04960,Bobby,King,pgibbs@example.net,001-872-419-9660x0546,Pune,Karnataka,India,2023-10-17,Silver,Active
CUST04961,Robert,Schneider,lauren23@example.org,871-651-6128,Mumbai,West Bengal,India,2023-02-27,Gold,Inactive
CUST04962,Brian,Long,csnyder@example.com,5843703063,Patna,Bihar,India,2022-11-05,Silver,Inactive
CUST04963,Joshua,Baker,yroberts@example.org,(548)252-2883x70104,Hyderabad,Tamil Nadu,India,2024-06-03,Gold,Active
CUST04964,Dennis,Ayala,william35@example.com,6406163274,Bangalore,Uttar Pradesh,India,2022-11-11,Platinum,Active
CUST04965,Tracy,West,perezjeanette@example.com,001-599-849-2753,Patna,Maharashtra,India,2022-04-24,Gold,Inactive
CUST04966,Briana,Nelson,richardortiz@example.net,6962431564,Hyderabad,Karnataka,India,2024-05-13,Silver,Inactive
CUST04967,April,Wilson,hammondbrian@example.net,,Kolkata,Bihar,India,2022-09-20,Silver,Inactive
CUST04968,David,Wise,heather66@example.org,698.454.7658x4725,Hyderabad,Telangana,India,2023-11-07,Platinum,Active
CUST04969,Sarah,Reynolds,alejandro18@example.net,5888542120,Mumbai,Maharashtra,India,2024-02-24,Platinum,Inactive
CUST04970,Mark,Lowe,iriley@example.com,587-865-0075x939,Pune,West Bengal,India,2024-03-03,Platinum,Active
CUST04971,Henry,Kim,bishopkimberly@example.net,883-694-5162,Patna,Rajasthan,India,2023-06-28,Silver,Active
CUST04972,Daniel,Williams,buckgrace@example.com,+1-579-625-0888x565,Bangalore,Tamil Nadu,India,2024-05-27,Gold,Active
CUST04973,Jennifer,Weiss,mitchellsandra@example.com,(707)458-1548x6405,Kolkata,Telangana,India,2022-12-12,Platinum,Active
CUST04974,Matthew,Wright,joseph23@example.org,+1-297-613-5758x95237,Mumbai,West Bengal,India,2024-01-12,Platinum,Inactive
CUST04975,Brandon,Phelps,ygonzalez@example.org,(640)206-7556x66453,Bangalore,West Bengal,India,2023-08-24,Silver,Inactive
CUST04976,Jessica,Cole,julie25@example.net,714-927-3369x34952,Hyderabad,Delhi,India,2023-02-19,Gold,Active
CUST04977,Frank,Booker,david40@example.net,+1-578-976-2273x0467,Mumbai,Delhi,India,2024-04-16,Silver,Active
CUST04978,Michael,Williams,ataylor@example.com,262-203-6522x48518,Chennai,Telangana,India,2022-06-14,Silver,Inactive
CUST04979,Mary,Blevins,fjarvis@example.com,001-708-788-2136x147,Patna,Tamil Nadu,India,2022-03-26,Silver,Active
CUST04980,Darrell,Lam,qperez@example.org,(826)834-8054,Bangalore,Delhi,India,2023-12-27,Gold,Inactive
CUST04981,Courtney,Anderson,vmartin@example.net,828.991.1787x7271,Pune,Rajasthan,India,2022-01-05,Silver,Active
CUST04982,Charles,Nixon,brianna43@example.net,001-663-649-5076x21078,Jaipur,Uttar Pradesh,India,2024-01-01,Silver,Active
CUST04983,Courtney,Hansen,heather88@example.com,981.622.8371x8303,Patna,Delhi,India,2022-07-27,Platinum,Active
CUST04984,Jessica,Hill,brewerkaren@example.org,618-380-5929,Kolkata,Rajasthan,India,2022-04-18,Platinum,Active
CUST04985,Kelly,Gonzalez,ufisher@example.net,+1-681-402-4473x3846,Mumbai,Telangana,India,2022-03-24,Silver,Active
CUST04986,David,Spencer,nathanielgeorge@example.com,(778)558-9168,Hyderabad,Rajasthan,India,2022-08-03,Silver,Active
CUST04987,Cynthia,Diaz,tammy43@example.com,(364)337-7945x22322,Lucknow,Maharashtra,India,2022-04-20,Platinum,Inactive
CUST04988,Steven,Jackson,jared67@example.org,+1-352-981-3170x5822,Jaipur,Uttar Pradesh,India,2024-02-20,Silver,Active
CUST04989,Michael,Brown,msmith@example.org,001-390-252-2728x93983,Bangalore,Bihar,India,2023-10-08,Gold,Active
CUST04990,Mark,Hernandez,annmoore@example.org,302-440-8399,Jaipur,Telangana,India,2024-01-10,Silver,Inactive
CUST04991,Bruce,Everett,dustin07@example.net,(713)426-1290x337,Lucknow,West Bengal,India,2024-05-15,Gold,Inactive
CUST04992,Joseph,Brooks,sean67@example.net,(271)241-1705x347,Mumbai,Maharashtra,India,2022-01-10,Silver,Inactive
CUST04993,Brian,Romero,gentryryan@example.net,947.394.5609,Pune,Karnataka,India,2022-12-15,Platinum,Active
CUST04994,Danielle,Black,wfuentes@example.org,563.282.8504x8028,Mumbai,Delhi,India,2023-12-25,Gold,Active
CUST04995,Emily,West,olivermadeline@example.com,911.879.0611,Jaipur,Rajasthan,India,2023-07-26,Platinum,Active
CUST04996,Nathan,Ellis,johnsonjoel@example.net,001-825-750-5384x850,Patna,Rajasthan,India,2023-04-28,Platinum,Active
CUST04997,Susan,Bautista,arianahill@example.net,(671)489-8274x63813,Pune,Rajasthan,India,2024-01-03,Silver,Inactive
CUST04998,Melissa,Garcia,rodgersmichelle@example.org,(834)754-0430x94364,Bangalore,Delhi,India,2022-04-19,Platinum,Active
CUST04999,Peggy,Mendoza,zbecker@example.org,(445)305-7772x42189,Kolkata,Rajasthan,India,2024-03-08,Silver,Active
CUST05000,Mark,Rivas,gmalone@example.org,001-385-830-7967,Kolkata,Uttar Pradesh,India,2022-07-27,Gold,Inactive
CUST01502,Michael,Harrell,oevans@example.com,,Kolkata,Uttar Pradesh,India,2022-03-09,Silver,Active
CUST02587,Patrick,Dougherty,kbrady@example.com,,Hyderabad,Bihar,India,2022-02-15,Platinum,Active
CUST02654,Timothy,Rivers,cruzmaria@example.org,,Delhi,Telangana,India,2022-12-14,Gold,Inactive
CUST01056,Tracey,Novak,julian28@example.com,,Kolkata,Bihar,India,2022-08-16,Silver,Inactive
CUST00706,Dana,Ford,jleon@example.org,,Patna,Maharashtra,India,2022-07-27,Silver,Active
CUST00107,Carlos,Davis,shawn07@example.org,,Mumbai,Rajasthan,India,2023-09-18,Gold,Active
CUST00590,Carol,Lee,qcole@example.net,,Chennai,Uttar Pradesh,India,2023-04-02,Gold,Active
CUST02469,Mary,Jackson,williamcaldwell@example.net,,Chennai,Rajasthan,India,2023-05-31,Gold,Inactive
CUST02414,Jonathan,Potts,nferguson@example.org,,Lucknow,West Bengal,India,2022-01-30,Gold,Inactive
CUST01601,Dana,Johns,terrellchristopher@example.org,,Mumbai,Tamil Nadu,India,2022-11-23,Gold,Inactive
CUST02465,Melissa,Kelly,monique00@example.org,,Patna,Uttar Pradesh,India,2022-09-14,Platinum,Active
CUST00229,Jason,Mendoza,reyesjennifer@example.net,,Hyderabad,Delhi,India,2023-12-18,Platinum,Inactive
CUST00916,Michelle,Rodriguez,debra37@example.com,,Lucknow,Maharashtra,India,2023-01-03,Platinum,Active
CUST00795,Raymond,Torres,desiree63@example.org,,Lucknow,Karnataka,India,2024-02-01,Gold,Inactive
CUST03022,Robert,Smith,washingtontanya@example.com,,Lucknow,Telangana,India,2022-08-26,Silver,Inactive
CUST03544,Sandra,Ramos,scott07@example.com,,Lucknow,Rajasthan,India,2022-07-11,Platinum,Inactive
CUST01074,Leonard,Garrison,smithlori@example.org,,Jaipur,Telangana,India,2023-07-28,Gold,Active
CUST03352,David,Gonzalez,summersjenna@example.com,,Lucknow,Delhi,India,2023-11-27,Gold,Inactive
CUST01745,Kelly,Burton,michael16@example.net,,Lucknow,Bihar,India,2022-01-31,Silver,Active
CUST01085,Eric,Howard,bphillips@example.net,,Hyderabad,Maharashtra,India,2023-11-09,Silver,Active
CUST00927,Casey,Chan,veronicasullivan@example.org,,Delhi,Telangana,India,2023-09-04,Gold,Inactive
CUST03050,David,Krueger,wintersjennifer@example.net,,Patna,Bihar,India,2023-01-06,Gold,Active
CUST01118,Katherine,Nguyen,timothybryant@example.org,,Delhi,Tamil Nadu,India,2024-01-26,Gold,Active
CUST00643,Steven,Cohen,deborahkim@example.com,,Mumbai,Rajasthan,India,2022-02-17,Silver,Active
CUST04768,Brenda,Parker,longamanda@example.com,,Lucknow,Karnataka,India,2024-04-23,Platinum,Inactive
CUST00502,Catherine,White,deborahcampbell@example.com,,Delhi,Uttar Pradesh,India,2022-09-08,Gold,Active
CUST04067,Allen,Gilbert,erikaguerra@example.org,,Jaipur,West Bengal,India,2024-01-19,Platinum,Inactive
CUST00334,Brittany,Nguyen,pmiller@example.net,,Mumbai,Telangana,India,2022-06-08,Silver,Active
CUST04685,Stephanie,Sweeney,swiggins@example.org,,Lucknow,West Bengal,India,2024-05-09,Platinum,Inactive
CUST00487,Clayton,Jacobs,jesse28@example.com,,Kolkata,Delhi,India,2023-04-13,Platinum,Inactive
