loan_id,customer_id,book_id,loan_date,due_date,return_date,_ingestion_timestamp,_source_file
5197,103,1,2020-01-09,2020-01-23,2020-01-15,2026-08-12T13:29:33.699965,loans.csv
5888,1949,13,2021-04-14,2021-05-05,2021-05-05,2026-08-12T13:29:33.699965,loans.csv
2502,662,128,2024-08-18,2024-09-01,2024-08-20,2026-08-12T13:29:33.699965,loans.csv
3912,2469,1,2022-08-21,2022-09-04,2022-09-10,2026-08-12T13:29:33.699965,loans.csv
255,2179,5,2024-07-13,2024-07-27,2024-08-27,2026-08-12T13:29:33.699965,loans.csv
9535,731,2,2024-05-17,2024-05-31,2024-05-19,2026-08-12T13:29:33.699965,loans.csv
4532,128,2,2021-01-20,2021-02-10,2021-01-21,2026-08-12T13:29:33.699965,loans.csv
3255,284,1,2024-05-04,2024-05-18,2024-05-22,2026-08-12T13:29:33.699965,loans.csv
5620,1758,3,2024-10-15,2024-10-29,2024-10-22,2026-08-12T13:29:33.699965,loans.csv
7630,2152,2,2024-02-24,2024-03-09,2024-03-09,2026-08-12T13:29:33.699965,loans.csv
433,1891,1,2020-09-08,2020-09-22,,2026-08-12T13:29:33.699965,loans.csv
5416,1163,184,2024-12-10,2024-12-24,,2026-08-12T13:29:33.699965,loans.csv
9551,2268,1,2020-08-10,2020-08-24,2020-08-23,2026-08-12T13:29:33.699965,loans.csv
8706,2113,2,2024-09-19,2024-10-03,2024-10-02,2026-08-12T13:29:33.699965,loans.csv
3440,677,2,2024-05-17,2024-05-31,2024-06-05,2026-08-12T13:29:33.699965,loans.csv
7587,2636,1,2024-06-15,2024-06-29,2024-06-20,2026-08-12T13:29:33.699965,loans.csv
8630,454,2,2023-11-27,2023-12-18,2023-11-30,2026-08-12T13:29:33.699965,loans.csv
1727,306,1,2024-10-06,2024-10-20,2024-10-16,2026-08-12T13:29:33.699965,loans.csv
3714,1441,14,2024-10-18,2024-11-01,2024-11-01,2026-08-12T13:29:33.699965,loans.csv
1381,1755,1,2022-04-28,2022-05-19,,2026-08-12T13:29:33.699965,loans.csv
775,559,1,2021-08-02,2021-08-16,2021-08-16,2026-08-12T13:29:33.699965,loans.csv
7532,1255,1,2024-12-21,2025-01-04,,2026-08-12T13:29:33.699965,loans.csv
5367,750,1,2021-06-20,2021-07-04,2021-06-29,2026-08-12T13:29:33.699965,loans.csv
1026,2474,1,2023-03-11,2023-03-25,2023-03-30,2026-08-12T13:29:33.699965,loans.csv
7051,860,5,2022-09-09,2022-09-23,2022-09-20,2026-08-12T13:29:33.699965,loans.csv
5149,623,5,2024-03-28,2024-04-11,2024-04-17,2026-08-12T13:29:33.699965,loans.csv
3482,2194,5,2024-07-23,2024-08-06,2024-08-03,2026-08-12T13:29:33.699965,loans.csv
4721,2325,12,2024-09-12,2024-09-26,2024-09-17,2026-08-12T13:29:33.699965,loans.csv
915,1092,2,2021-09-13,2021-09-27,2021-09-19,2026-08-12T13:29:33.699965,loans.csv
900,61,15,2023-01-11,2023-01-25,2023-01-14,2026-08-12T13:29:33.699965,loans.csv
6895,1357,3,2024-08-01,2024-08-15,2024-08-20,2026-08-12T13:29:33.699965,loans.csv
7533,1105,2,2023-11-07,2023-11-28,2023-11-24,2026-08-12T13:29:33.699965,loans.csv
8399,59,10,2024-07-21,2024-08-04,2024-07-31,2026-08-12T13:29:33.699965,loans.csv
9584,2533,7,2024-11-15,2024-11-29,2024-11-17,2026-08-12T13:29:33.699965,loans.csv
5503,517,2,2020-06-22,2020-07-06,2020-07-02,2026-08-12T13:29:33.699965,loans.csv
4245,1400,1,2024-10-26,2024-11-09,2024-11-10,2026-08-12T13:29:33.699965,loans.csv
4775,1865,40,2024-05-03,2024-05-17,2024-05-19,2026-08-12T13:29:33.699965,loans.csv
4287,877,4,2024-07-26,2024-08-09,2024-09-12,2026-08-12T13:29:33.699965,loans.csv
8530,2143,1,2022-09-27,2022-10-11,2022-10-11,2026-08-12T13:29:33.699965,loans.csv
3672,1988,1,2021-10-18,2021-11-08,2021-11-05,2026-08-12T13:29:33.699965,loans.csv
7724,2119,10,2023-06-23,2023-07-07,2023-07-05,2026-08-12T13:29:33.699965,loans.csv
380,1427,32,2024-08-18,2024-09-01,2024-08-26,2026-08-12T13:29:33.699965,loans.csv
2033,295,17,2021-10-01,2021-10-15,2021-10-10,2026-08-12T13:29:33.699965,loans.csv
1742,800,1,2022-09-01,2022-09-15,2022-09-07,2026-08-12T13:29:33.699965,loans.csv
5236,2677,1,2024-02-07,2024-02-21,,2026-08-12T13:29:33.699965,loans.csv
3105,632,2,2023-09-12,2023-10-03,2023-10-05,2026-08-12T13:29:33.699965,loans.csv
5615,846,7,2023-09-27,2023-10-11,,2026-08-12T13:29:33.699965,loans.csv
8974,1400,1,2024-09-09,2024-09-23,,2026-08-12T13:29:33.699965,loans.csv
4058,1878,13,2024-11-08,2024-11-29,2024-11-26,2026-08-12T13:29:33.699965,loans.csv
4422,2115,1,2024-05-25,2024-06-08,2024-06-13,2026-08-12T13:29:33.699965,loans.csv
6289,1814,1,2024-10-25,2024-11-08,2024-10-31,2026-08-12T13:29:33.699965,loans.csv
9492,1452,83,2021-10-23,2021-11-06,2021-11-04,2026-08-12T13:29:33.699965,loans.csv
5177,684,2,2024-05-31,2024-06-14,2024-06-03,2026-08-12T13:29:33.699965,loans.csv
1468,856,4,2024-06-20,2024-07-04,2024-06-23,2026-08-12T13:29:33.699965,loans.csv
7373,629,1,2022-10-03,2022-10-17,2022-10-08,2026-08-12T13:29:33.699965,loans.csv
4160,2197,2,2022-03-10,2022-03-24,2022-03-20,2026-08-12T13:29:33.699965,loans.csv
8946,672,2,2023-10-09,2023-10-23,2023-10-27,2026-08-12T13:29:33.699965,loans.csv
4864,2268,3,2020-12-13,2020-12-07,2021-01-07,2026-08-12T13:29:33.699965,loans.csv
8769,1279,69,2024-10-10,2024-10-31,2024-10-24,2026-08-12T13:29:33.699965,loans.csv
3455,2061,2,2024-07-16,2024-07-30,2024-08-06,2026-08-12T13:29:33.699965,loans.csv
4696,392,4,2023-07-05,2023-07-19,,2026-08-12T13:29:33.699965,loans.csv
5543,2182,59,2024-10-04,2024-10-25,2024-10-07,2026-08-12T13:29:33.699965,loans.csv
6866,2776,1,2024-07-09,2024-07-23,2024-07-19,2026-08-12T13:29:33.699965,loans.csv
4272,1472,5,2024-12-12,2024-12-26,,2026-08-12T13:29:33.699965,loans.csv
1448,147,4,2023-03-08,2023-03-22,2023-03-12,2026-08-12T13:29:33.699965,loans.csv
8330,1920,16,2021-03-01,2021-03-15,2021-03-21,2026-08-12T13:29:33.699965,loans.csv
258,661,2,2024-06-29,2024-07-13,2024-07-21,2026-08-12T13:29:33.699965,loans.csv
7029,1397,2,2023-11-24,2023-12-08,2023-12-16,2026-08-12T13:29:33.699965,loans.csv
651,1808,1,2023-11-30,2023-12-14,,2026-08-12T13:29:33.699965,loans.csv
8774,1109,1,2022-12-26,2023-01-09,2023-01-09,2026-08-12T13:29:33.699965,loans.csv
3253,2267,2,2024-08-19,2024-09-02,2024-08-28,2026-08-12T13:29:33.699965,loans.csv
9122,1240,4,2024-03-29,2024-04-12,2024-04-04,2026-08-12T13:29:33.699965,loans.csv
1965,825,1,2024-03-25,2024-04-08,2024-03-31,2026-08-12T13:29:33.699965,loans.csv
3516,1785,4,2024-11-03,2024-11-17,2024-11-05,2026-08-12T13:29:33.699965,loans.csv
1981,774,1,2023-12-08,2023-12-22,2023-12-17,2026-08-12T13:29:33.699965,loans.csv
8600,2253,3,2024-02-13,2024-02-27,2024-02-14,2026-08-12T13:29:33.699965,loans.csv
8597,2479,1,2024-02-07,2024-02-21,,2026-08-12T13:29:33.699965,loans.csv
1447,1477,6,2024-10-12,2024-10-26,2024-10-22,2026-08-12T13:29:33.699965,loans.csv
3148,351,22,2023-12-19,2024-01-02,2023-12-27,2026-08-12T13:29:33.699965,loans.csv
8744,2649,1,2024-03-14,2024-03-28,2024-04-04,2026-08-12T13:29:33.699965,loans.csv
1379,1223,5,2023-03-18,2023-04-01,2023-03-22,2026-08-12T13:29:33.699965,loans.csv
4028,2388,3,2024-04-09,2024-04-23,2024-04-16,2026-08-12T13:29:33.699965,loans.csv
6741,380,4,2023-09-17,2023-10-08,2023-10-06,2026-08-12T13:29:33.699965,loans.csv
9043,1108,1,2022-11-22,2022-12-06,2022-12-19,2026-08-12T13:29:33.699965,loans.csv
8159,669,1,2024-12-17,2024-12-31,,2026-08-12T13:29:33.699965,loans.csv
3161,247,1,2022-11-19,2022-12-03,2022-12-06,2026-08-12T13:29:33.699965,loans.csv
9013,2518,5,2024-03-28,2024-04-11,2024-04-07,2026-08-12T13:29:33.699965,loans.csv
8428,1238,5,2020-12-23,2021-01-06,2020-12-27,2026-08-12T13:29:33.699965,loans.csv
2087,586,1,2022-02-21,2022-03-07,2022-03-03,2026-08-12T13:29:33.699965,loans.csv
8606,2442,1,2024-05-14,2024-05-28,2024-05-24,2026-08-12T13:29:33.699965,loans.csv
7851,1627,30,2022-06-07,2022-06-28,2022-06-18,2026-08-12T13:29:33.699965,loans.csv
7758,1087,6,2024-12-15,2024-12-29,,2026-08-12T13:29:33.699965,loans.csv
5125,560,26,2024-08-06,2024-08-20,2024-08-11,2026-08-12T13:29:33.699965,loans.csv
4100,1704,6,2024-12-20,2025-01-03,,2026-08-12T13:29:33.699965,loans.csv
5300,2581,2,2024-04-09,2024-04-23,2024-04-26,2026-08-12T13:29:33.699965,loans.csv
4240,1485,49,2022-04-18,2022-05-02,2022-04-25,2026-08-12T13:29:33.699965,loans.csv
6426,2445,1,2024-07-19,2024-08-02,2024-08-04,2026-08-12T13:29:33.699965,loans.csv
2519,2012,1,2021-10-16,2021-10-30,2021-10-18,2026-08-12T13:29:33.699965,loans.csv
1630,960,1,2021-12-02,2021-12-16,2021-12-05,2026-08-12T13:29:33.699965,loans.csv
3838,412,1,2023-07-09,2023-07-23,2023-07-14,2026-08-12T13:29:33.699965,loans.csv
7875,2223,1,2023-01-12,2023-01-26,,2026-08-12T13:29:33.699965,loans.csv
6972,1198,3,2024-06-06,2024-06-20,2024-06-18,2026-08-12T13:29:33.699965,loans.csv
6979,2490,1,2023-02-22,2023-03-15,2023-03-10,2026-08-12T13:29:33.699965,loans.csv
9233,441,5,2024-01-12,2024-01-26,2024-01-18,2026-08-12T13:29:33.699965,loans.csv
8923,527,1,2023-02-26,2023-03-12,2023-03-19,2026-08-12T13:29:33.699965,loans.csv
6432,2171,1,2023-12-08,2023-12-22,2023-12-12,2026-08-12T13:29:33.699965,loans.csv
9549,2319,1,2024-04-14,2024-04-28,2024-04-24,2026-08-12T13:29:33.699965,loans.csv
8951,1348,186,2023-09-24,2023-10-08,2023-09-26,2026-08-12T13:29:33.699965,loans.csv
2699,1320,1,2024-06-02,2024-06-16,2024-06-10,2026-08-12T13:29:33.699965,loans.csv
4363,2320,1,2023-09-05,2023-09-19,2023-09-07,2026-08-12T13:29:33.699965,loans.csv
5935,2474,1,2023-06-27,2023-07-11,2023-07-17,2026-08-12T13:29:33.699965,loans.csv
7125,185,34,2024-04-03,2024-04-17,2024-04-15,2026-08-12T13:29:33.699965,loans.csv
6774,1562,4,2023-03-13,2023-03-27,2023-03-22,2026-08-12T13:29:33.699965,loans.csv
2481,2138,1,2024-08-21,2024-09-11,2024-09-07,2026-08-12T13:29:33.699965,loans.csv
8842,2724,13,2024-01-03,2024-01-17,2024-01-10,2026-08-12T13:29:33.699965,loans.csv
1203,1061,1,2023-11-15,2023-11-29,2023-11-27,2026-08-12T13:29:33.699965,loans.csv
1827,1522,15,2022-07-23,2022-08-13,2022-07-24,2026-08-12T13:29:33.699965,loans.csv
6643,2616,3,2024-12-22,2025-01-05,,2026-08-12T13:29:33.699965,loans.csv
7380,1715,1,2022-10-13,2022-10-27,2022-10-29,2026-08-12T13:29:33.699965,loans.csv
1864,2639,1,2023-04-10,2023-04-24,2023-04-27,2026-08-12T13:29:33.699965,loans.csv
4211,2411,1,2023-05-23,2023-06-06,2023-06-01,2026-08-12T13:29:33.699965,loans.csv
6850,1951,3,2024-05-06,2024-05-20,2024-05-14,2026-08-12T13:29:33.699965,loans.csv
7066,2037,2,2024-08-26,2024-09-09,2024-09-07,2026-08-12T13:29:33.699965,loans.csv
867,1720,1,2024-08-03,2024-08-17,2024-08-13,2026-08-12T13:29:33.699965,loans.csv
9542,1713,4,2023-06-18,2023-07-09,2023-06-21,2026-08-12T13:29:33.699965,loans.csv
2397,714,6,2023-11-19,2023-12-03,2023-12-05,2026-08-12T13:29:33.699965,loans.csv
9559,2190,1,2024-08-09,2024-08-23,2024-08-25,2026-08-12T13:29:33.699965,loans.csv
1258,624,1,2022-08-04,2022-08-18,2022-08-25,2026-08-12T13:29:33.699965,loans.csv
3187,2379,1,2024-11-23,2024-12-07,2024-12-04,2026-08-12T13:29:33.699965,loans.csv
5443,2276,1,2022-08-04,2022-08-18,2022-08-06,2026-08-12T13:29:33.699965,loans.csv
8894,1811,1,2023-10-14,2023-10-28,2023-10-31,2026-08-12T13:29:33.699965,loans.csv
1599,1460,3,2024-10-10,2024-10-24,2024-10-29,2026-08-12T13:29:33.699965,loans.csv
4660,859,5,2022-10-30,2022-11-13,2022-11-01,2026-08-12T13:29:33.699965,loans.csv
6730,2010,1,2021-09-21,2021-10-05,2021-10-03,2026-08-12T13:29:33.699965,loans.csv
5310,1846,1,2024-04-15,2024-04-29,2024-05-05,2026-08-12T13:29:33.699965,loans.csv
7340,123,7,2024-04-14,2024-04-28,2024-04-29,2026-08-12T13:29:33.699965,loans.csv
7358,1157,33,2023-07-26,2023-08-09,2023-07-28,2026-08-12T13:29:33.699965,loans.csv
6993,2482,1,2024-11-24,2024-12-08,2024-11-28,2026-08-12T13:29:33.699965,loans.csv
1251,24,55,2024-07-07,2024-07-21,2024-07-21,2026-08-12T13:29:33.699965,loans.csv
5969,2066,22,2023-10-08,2023-10-22,2023-10-10,2026-08-12T13:29:33.699965,loans.csv
4517,1785,4,2024-11-22,2024-12-06,2024-12-02,2026-08-12T13:29:33.699965,loans.csv
3065,729,2,2022-12-27,2023-01-10,2023-01-10,2026-08-12T13:29:33.699965,loans.csv
9601,2676,2,2023-08-29,2023-09-12,2023-08-31,2026-08-12T13:29:33.699965,loans.csv
8815,2548,1,2023-08-25,2023-09-08,2023-09-03,2026-08-12T13:29:33.699965,loans.csv
1585,182,3,2024-06-13,2024-06-27,2024-07-03,2026-08-12T13:29:33.699965,loans.csv
9493,1419,1,2024-05-08,2024-05-22,2024-06-27,2026-08-12T13:29:33.699965,loans.csv
9514,2489,7,2024-05-01,2024-05-22,2024-05-17,2026-08-12T13:29:33.699965,loans.csv
7032,2544,1,2024-05-20,2024-06-03,2024-05-24,2026-08-12T13:29:33.699965,loans.csv
5710,1187,6,2021-09-14,2021-09-28,2021-09-22,2026-08-12T13:29:33.699965,loans.csv
4179,1954,1,2024-10-16,2024-11-06,2024-10-29,2026-08-12T13:29:33.699965,loans.csv
143,324,1,2023-01-30,2023-02-13,,2026-08-12T13:29:33.699965,loans.csv
1432,32,1,2023-04-08,2023-04-22,2023-04-11,2026-08-12T13:29:33.699965,loans.csv
8986,769,2,2024-07-17,2024-07-31,2024-07-18,2026-08-12T13:29:33.699965,loans.csv
406,1855,15,2023-07-17,2023-07-31,2023-07-19,2026-08-12T13:29:33.699965,loans.csv
6403,2383,2,2024-03-15,2024-03-29,2024-03-20,2026-08-12T13:29:33.699965,loans.csv
9214,2430,1,2023-09-14,2023-09-28,2023-09-24,2026-08-12T13:29:33.699965,loans.csv
968,1714,2,2024-09-30,2024-10-14,2024-10-18,2026-08-12T13:29:33.699965,loans.csv
8315,2144,1,2024-07-19,2024-08-02,2024-07-30,2026-08-12T13:29:33.699965,loans.csv
6754,1527,24,2022-02-24,2022-03-10,,2026-08-12T13:29:33.699965,loans.csv
5906,2506,1,2022-09-30,2022-10-14,,2026-08-12T13:29:33.699965,loans.csv
305,676,1,2024-05-02,2024-05-16,2024-05-12,2026-08-12T13:29:33.699965,loans.csv
5485,387,2,2022-05-23,2022-06-13,,2026-08-12T13:29:33.699965,loans.csv
1633,2767,1,2023-12-14,2023-12-28,2023-12-20,2026-08-12T13:29:33.699965,loans.csv
5720,978,3,2024-11-15,2024-11-29,2024-11-23,2026-08-12T13:29:33.699965,loans.csv
487,1970,3,2024-01-26,2024-02-09,2024-02-03,2026-08-12T13:29:33.699965,loans.csv
7853,1379,4,2021-09-22,2021-10-06,,2026-08-12T13:29:33.699965,loans.csv
9377,398,1,2022-11-20,2022-12-04,2022-11-22,2026-08-12T13:29:33.699965,loans.csv
743,1474,5,2021-12-21,2022-01-04,2022-02-03,2026-08-12T13:29:33.699965,loans.csv
868,1099,5,2024-01-05,2024-01-19,2024-01-24,2026-08-12T13:29:33.699965,loans.csv
4520,2693,3,2021-12-17,2021-12-31,2022-01-02,2026-08-12T13:29:33.699965,loans.csv
793,1631,1,2021-07-05,2021-07-19,2021-07-06,2026-08-12T13:29:33.699965,loans.csv
6712,259,13,2021-04-20,2021-05-04,2021-05-03,2026-08-12T13:29:33.699965,loans.csv
4434,1729,1,2023-02-17,2023-03-03,2023-03-02,2026-08-12T13:29:33.699965,loans.csv
3034,1711,1,2021-12-04,2021-12-18,2021-12-07,2026-08-12T13:29:33.699965,loans.csv
5765,1459,3,2024-07-08,2024-07-22,2024-07-13,2026-08-12T13:29:33.699965,loans.csv
1164,2115,2,2024-08-28,2024-09-18,2024-09-13,2026-08-12T13:29:33.699965,loans.csv
8873,2071,4,2024-06-19,2024-07-03,2024-06-21,2026-08-12T13:29:33.699965,loans.csv
4120,62,25,2022-09-30,2022-10-14,2022-11-12,2026-08-12T13:29:33.699965,loans.csv
5345,1916,3,2020-03-07,2020-03-21,2020-03-09,2026-08-12T13:29:33.699965,loans.csv
3927,780,1,2024-05-22,2024-06-12,,2026-08-12T13:29:33.699965,loans.csv
7661,469,16,2022-05-13,2022-05-27,2022-05-24,2026-08-12T13:29:33.699965,loans.csv
3915,2756,77,2024-09-16,2024-09-30,2024-09-23,2026-08-12T13:29:33.699965,loans.csv
3765,1606,2,2022-10-27,2022-11-10,,2026-08-12T13:29:33.699965,loans.csv
2909,417,2,2021-10-04,2021-10-18,2021-10-18,2026-08-12T13:29:33.699965,loans.csv
4404,1663,1,2023-06-03,2023-06-17,2023-06-06,2026-08-12T13:29:33.699965,loans.csv
1977,338,2,2024-01-11,2024-01-25,,2026-08-12T13:29:33.699965,loans.csv
8004,1549,2,2024-01-31,2024-02-21,2024-02-25,2026-08-12T13:29:33.699965,loans.csv
6589,492,4,2023-09-14,2023-09-28,2023-09-17,2026-08-12T13:29:33.699965,loans.csv
7967,264,1,2024-06-03,2024-06-17,2024-06-19,2026-08-12T13:29:33.699965,loans.csv
3195,1859,1,2024-03-10,2024-03-24,2024-03-21,2026-08-12T13:29:33.699965,loans.csv
832,1225,1,2020-06-03,2020-06-24,2020-07-01,2026-08-12T13:29:33.699965,loans.csv
403,831,7,2024-06-11,2024-06-25,2024-06-21,2026-08-12T13:29:33.699965,loans.csv
842,638,8,2024-06-05,2024-06-19,2024-06-14,2026-08-12T13:29:33.699965,loans.csv
6260,770,2,2022-12-22,2023-01-05,2023-01-12,2026-08-12T13:29:33.699965,loans.csv
6680,1114,2,2024-11-25,2024-12-09,,2026-08-12T13:29:33.699965,loans.csv
59,1809,9,2024-07-29,2024-08-12,,2026-08-12T13:29:33.699965,loans.csv
9179,1171,1,2023-02-03,2023-02-17,2023-02-15,2026-08-12T13:29:33.699965,loans.csv
1489,2046,2,2024-10-14,2024-11-04,2024-10-25,2026-08-12T13:29:33.699965,loans.csv
1722,2663,1,2022-12-06,2022-12-20,2022-12-14,2026-08-12T13:29:33.699965,loans.csv
5372,1374,24,2021-03-30,2021-03-23,2021-05-23,2026-08-12T13:29:33.699965,loans.csv
8156,1846,1,2024-11-22,2024-12-06,2024-11-30,2026-08-12T13:29:33.699965,loans.csv
8931,2610,1,2022-05-09,2022-05-23,2022-05-17,2026-08-12T13:29:33.699965,loans.csv
5988,1563,2,2024-05-15,2024-05-29,2024-05-16,2026-08-12T13:29:33.699965,loans.csv
7647,338,30,2024-06-12,2024-06-26,2024-07-03,2026-08-12T13:29:33.699965,loans.csv
664,2220,1,2021-04-05,2021-04-26,2021-04-22,2026-08-12T13:29:33.699965,loans.csv
6882,700,1,2021-12-27,2022-01-10,2022-01-03,2026-08-12T13:29:33.699965,loans.csv
905,2158,81,2024-09-14,2024-09-28,2024-09-27,2026-08-12T13:29:33.699965,loans.csv
8521,1187,16,2024-05-16,2024-05-30,2024-05-18,2026-08-12T13:29:33.699965,loans.csv
4840,2529,3,2024-06-27,2024-07-18,2024-07-02,2026-08-12T13:29:33.699965,loans.csv
5075,50,48,2022-08-17,2022-08-31,2022-09-02,2026-08-12T13:29:33.699965,loans.csv
5362,2044,10,2024-06-01,2024-06-15,,2026-08-12T13:29:33.699965,loans.csv
940,1873,2,2023-12-14,2023-12-28,,2026-08-12T13:29:33.699965,loans.csv
5150,1545,12,2023-02-15,2023-03-01,2023-03-06,2026-08-12T13:29:33.699965,loans.csv
5207,2377,5,2024-05-09,2024-05-23,2024-05-28,2026-08-12T13:29:33.699965,loans.csv
9232,402,1,2022-11-27,2022-12-11,2022-12-15,2026-08-12T13:29:33.699965,loans.csv
8657,1077,1,2024-11-14,2024-11-28,2024-12-01,2026-08-12T13:29:33.699965,loans.csv
205,1886,3,2024-06-18,2024-07-02,2024-06-22,2026-08-12T13:29:33.699965,loans.csv
6928,831,1,2022-08-04,2022-08-18,,2026-08-12T13:29:33.699965,loans.csv
990,1021,2,2024-11-18,2024-12-02,2024-11-25,2026-08-12T13:29:33.699965,loans.csv
5707,2765,1,2023-05-26,2023-06-09,2023-05-28,2026-08-12T13:29:33.699965,loans.csv
8554,2493,9,2021-09-13,2021-09-27,2021-09-20,2026-08-12T13:29:33.699965,loans.csv
6955,2783,2,2024-11-23,2024-12-07,2024-11-30,2026-08-12T13:29:33.699965,loans.csv
5794,2386,48,2021-08-11,2021-08-25,,2026-08-12T13:29:33.699965,loans.csv
8656,784,4,2024-10-22,2024-11-05,2024-11-05,2026-08-12T13:29:33.699965,loans.csv
9528,2698,2,2022-12-12,2022-12-26,2022-12-20,2026-08-12T13:29:33.699965,loans.csv
7677,51,1,2024-08-02,2024-08-16,2024-08-12,2026-08-12T13:29:33.699965,loans.csv
7321,2351,2,2023-10-31,2023-11-14,2023-11-01,2026-08-12T13:29:33.699965,loans.csv
9311,2510,1,2023-03-11,2023-03-25,2023-03-18,2026-08-12T13:29:33.699965,loans.csv
1126,2642,1,2024-06-21,2024-07-05,2024-06-23,2026-08-12T13:29:33.699965,loans.csv
1857,1276,9,2024-09-20,2024-10-04,2024-09-27,2026-08-12T13:29:33.699965,loans.csv
1653,2561,28,2023-02-22,2023-03-08,2023-03-14,2026-08-12T13:29:33.699965,loans.csv
929,894,7,2023-12-25,2024-01-08,2024-01-04,2026-08-12T13:29:33.699965,loans.csv
2598,1488,2,2022-03-28,2022-04-11,2022-04-10,2026-08-12T13:29:33.699965,loans.csv
441,1253,1,2022-12-13,2022-12-27,2022-12-19,2026-08-12T13:29:33.699965,loans.csv
5669,619,1,2024-08-23,2024-09-13,,2026-08-12T13:29:33.699965,loans.csv
4600,2441,7,2022-04-05,2022-04-19,2022-04-12,2026-08-12T13:29:33.699965,loans.csv
5013,289,2,2024-10-30,2024-11-13,2024-11-07,2026-08-12T13:29:33.699965,loans.csv
5160,459,6,2022-10-27,2022-11-17,2022-10-29,2026-08-12T13:29:33.699965,loans.csv
4170,404,1,2024-01-07,2024-01-28,2024-01-24,2026-08-12T13:29:33.699965,loans.csv
9288,310,1,2023-05-05,2023-05-19,2023-05-12,2026-08-12T13:29:33.699965,loans.csv
977,2170,19,2024-10-20,2024-11-03,2024-11-09,2026-08-12T13:29:33.699965,loans.csv
6384,2458,1,2024-06-26,2024-07-10,2024-07-16,2026-08-12T13:29:33.699965,loans.csv
8122,1869,3,2022-09-01,2022-09-15,2022-10-19,2026-08-12T13:29:33.699965,loans.csv
6196,1781,1,2021-01-19,2021-02-02,2021-02-01,2026-08-12T13:29:33.699965,loans.csv
3969,866,3,2021-10-04,2021-10-18,2021-10-17,2026-08-12T13:29:33.699965,loans.csv
134,2410,189,2023-12-03,2023-12-17,2023-12-09,2026-08-12T13:29:33.699965,loans.csv
6938,2301,1,2023-06-11,2023-06-25,2023-07-04,2026-08-12T13:29:33.699965,loans.csv
772,2089,1,2022-09-13,2022-09-27,2022-09-22,2026-08-12T13:29:33.699965,loans.csv
5271,264,7,2024-09-07,2024-09-21,,2026-08-12T13:29:33.699965,loans.csv
6900,2741,3,2024-01-06,2024-01-20,2024-01-22,2026-08-12T13:29:33.699965,loans.csv
9486,614,5,2023-03-11,2023-04-01,2023-04-06,2026-08-12T13:29:33.699965,loans.csv
4102,1614,1,2024-04-08,2024-04-22,2024-04-20,2026-08-12T13:29:33.699965,loans.csv
6592,351,1,2023-09-18,2023-10-02,2023-11-11,2026-08-12T13:29:33.699965,loans.csv
3299,1529,1,2024-07-04,2024-07-18,2024-07-13,2026-08-12T13:29:33.699965,loans.csv
6398,90,1,2022-11-09,2022-11-23,2022-11-11,2026-08-12T13:29:33.699965,loans.csv
4764,2481,1,2024-10-26,2024-11-09,2024-10-30,2026-08-12T13:29:33.699965,loans.csv
3971,2493,26,2022-11-02,2022-11-16,2022-11-04,2026-08-12T13:29:33.699965,loans.csv
6327,2764,5,2023-10-16,2023-10-30,,2026-08-12T13:29:33.699965,loans.csv
7624,2319,22,2024-11-24,2024-12-08,2024-12-10,2026-08-12T13:29:33.699965,loans.csv
1215,586,1,2021-10-14,2021-11-04,2021-10-30,2026-08-12T13:29:33.699965,loans.csv
2946,929,1,2020-11-04,2020-11-25,2020-11-21,2026-08-12T13:29:33.699965,loans.csv
6128,233,1,2024-04-12,2024-04-26,2024-04-18,2026-08-12T13:29:33.699965,loans.csv
2713,2324,1,2023-02-10,2023-02-24,,2026-08-12T13:29:33.699965,loans.csv
7555,1061,1,2024-08-06,2024-08-20,2024-08-19,2026-08-12T13:29:33.699965,loans.csv
5506,757,4,2022-12-13,2022-12-27,2022-12-23,2026-08-12T13:29:33.699965,loans.csv
2773,872,88,2024-09-23,2024-10-14,2024-10-09,2026-08-12T13:29:33.699965,loans.csv
6191,1592,2,2024-05-16,2024-05-30,2024-06-14,2026-08-12T13:29:33.699965,loans.csv
7642,54,6,2022-10-12,2022-10-26,2022-10-17,2026-08-12T13:29:33.699965,loans.csv
8325,888,1,2023-09-04,2023-09-18,,2026-08-12T13:29:33.699965,loans.csv
3803,261,2,2021-11-20,2021-12-04,2021-11-22,2026-08-12T13:29:33.699965,loans.csv
3959,2190,1,2024-08-09,2024-08-23,2024-08-25,2026-08-12T13:29:33.699965,loans.csv
1934,1157,1,2022-11-06,2022-11-20,2022-11-15,2026-08-12T13:29:33.699965,loans.csv
5196,2351,1,2023-04-03,2023-04-17,2023-04-13,2026-08-12T13:29:33.699965,loans.csv
7034,505,1,2023-10-07,2023-10-21,2023-10-12,2026-08-12T13:29:33.699965,loans.csv
8160,1800,1,2024-07-14,2024-07-28,2024-08-29,2026-08-12T13:29:33.699965,loans.csv
5998,2250,1,2024-10-15,2024-10-29,2024-10-25,2026-08-12T13:29:33.699965,loans.csv
1557,719,1,2023-11-14,2023-12-05,2023-12-02,2026-08-12T13:29:33.699965,loans.csv
3944,2177,10,2023-09-13,2023-10-04,2023-09-14,2026-08-12T13:29:33.699965,loans.csv
5661,175,4,2020-09-03,2020-09-17,2020-09-23,2026-08-12T13:29:33.699965,loans.csv
6296,1109,1,2022-07-23,2022-08-06,2022-08-10,2026-08-12T13:29:33.699965,loans.csv
21,930,3,2024-08-20,2024-09-10,2024-09-07,2026-08-12T13:29:33.699965,loans.csv
776,2253,1,2021-11-25,2021-12-09,2021-12-08,2026-08-12T13:29:33.699965,loans.csv
8810,2010,1,2024-08-25,2024-09-08,,2026-08-12T13:29:33.699965,loans.csv
5178,656,1,2022-07-05,2022-07-19,2022-07-21,2026-08-12T13:29:33.699965,loans.csv
1462,195,1,2023-09-24,2023-10-08,2023-10-14,2026-08-12T13:29:33.699965,loans.csv
7693,342,16,2023-06-28,2023-07-12,,2026-08-12T13:29:33.699965,loans.csv
8647,1611,1,2024-09-03,2024-09-17,2024-09-04,2026-08-12T13:29:33.699965,loans.csv
9114,2199,1,2023-10-25,2023-11-08,2023-11-02,2026-08-12T13:29:33.699965,loans.csv
5401,740,1,2023-10-28,2023-11-11,2023-11-03,2026-08-12T13:29:33.699965,loans.csv
4579,1423,3,2024-03-20,2024-04-03,2024-05-07,2026-08-12T13:29:33.699965,loans.csv
555,324,26,2023-11-22,2023-12-06,2023-11-28,2026-08-12T13:29:33.699965,loans.csv
6557,1728,5,2023-05-22,2023-06-05,2023-05-23,2026-08-12T13:29:33.699965,loans.csv
7322,1048,1,2024-10-27,2024-11-10,2024-12-11,2026-08-12T13:29:33.699965,loans.csv
642,2240,11,2024-08-06,2024-08-20,2024-08-15,2026-08-12T13:29:33.699965,loans.csv
2493,1002,178,2024-06-20,2024-07-04,2024-06-23,2026-08-12T13:29:33.699965,loans.csv
2017,1593,33,2020-07-13,2020-08-03,2020-09-17,2026-08-12T13:29:33.699965,loans.csv
8227,282,1,2024-09-06,2024-09-20,2024-09-07,2026-08-12T13:29:33.699965,loans.csv
5561,143,2,2024-08-23,2024-09-06,2024-08-31,2026-08-12T13:29:33.699965,loans.csv
4554,615,4,2024-09-13,2024-09-27,2024-09-16,2026-08-12T13:29:33.699965,loans.csv
559,1936,8,2021-07-24,2021-08-07,2021-08-18,2026-08-12T13:29:33.699965,loans.csv
1053,1632,1,2023-11-26,2023-12-10,2023-12-04,2026-08-12T13:29:33.699965,loans.csv
8077,1240,63,2023-12-16,2023-12-30,2024-01-02,2026-08-12T13:29:33.699965,loans.csv
3120,441,5,2022-10-21,2022-11-04,2022-11-04,2026-08-12T13:29:33.699965,loans.csv
6909,1592,1,2024-08-05,2024-08-19,2024-08-18,2026-08-12T13:29:33.699965,loans.csv
3985,1570,2,2021-11-14,2021-11-28,2021-11-23,2026-08-12T13:29:33.699965,loans.csv
1538,960,1,2024-04-30,2024-05-14,2024-05-18,2026-08-12T13:29:33.699965,loans.csv
1884,1798,70,2023-03-23,2023-04-06,2023-04-13,2026-08-12T13:29:33.699965,loans.csv
5244,871,6,2024-02-01,2024-02-22,2024-02-09,2026-08-12T13:29:33.699965,loans.csv
4492,1044,1,2023-11-04,2023-11-18,2023-11-05,2026-08-12T13:29:33.699965,loans.csv
8990,2555,2,2022-03-16,2022-03-30,2022-03-18,2026-08-12T13:29:33.699965,loans.csv
4257,1435,1,2022-12-30,2023-01-13,2023-01-03,2026-08-12T13:29:33.699965,loans.csv
7582,563,6,2021-04-22,2021-05-06,2021-04-24,2026-08-12T13:29:33.699965,loans.csv
7794,1984,1,2024-11-14,2024-11-28,2024-11-28,2026-08-12T13:29:33.699965,loans.csv
4800,831,8,2020-03-18,2020-04-01,2020-03-21,2026-08-12T13:29:33.699965,loans.csv
8373,1220,3,2024-07-29,2024-08-12,,2026-08-12T13:29:33.699965,loans.csv
9045,568,22,2024-01-08,2024-01-22,2024-01-24,2026-08-12T13:29:33.699965,loans.csv
6313,2315,1,2024-03-28,2024-04-11,2024-04-10,2026-08-12T13:29:33.699965,loans.csv
2387,119,2,2023-02-09,2023-02-23,2023-04-09,2026-08-12T13:29:33.699965,loans.csv
2421,2468,18,2023-12-18,2024-01-01,2024-01-06,2026-08-12T13:29:33.699965,loans.csv
1930,2035,1,2023-01-16,2023-01-30,2023-01-26,2026-08-12T13:29:33.699965,loans.csv
1199,701,1,2024-09-25,2024-10-09,2024-09-30,2026-08-12T13:29:33.699965,loans.csv
9016,2777,2,2024-06-24,2024-07-08,2024-07-06,2026-08-12T13:29:33.699965,loans.csv
8171,1237,32,2022-03-09,2022-03-23,2022-03-22,2026-08-12T13:29:33.699965,loans.csv
8941,1785,5,2024-11-03,2024-11-17,2024-11-10,2026-08-12T13:29:33.699965,loans.csv
7043,452,2,2024-04-01,2024-04-15,2024-04-04,2026-08-12T13:29:33.699965,loans.csv
4759,1640,1,2023-10-13,2023-11-03,2023-10-14,2026-08-12T13:29:33.699965,loans.csv
9247,1974,7,2024-10-06,2024-10-20,,2026-08-12T13:29:33.699965,loans.csv
4004,1328,22,2024-11-07,2024-11-21,2024-11-25,2026-08-12T13:29:33.699965,loans.csv
4264,413,2,2024-07-30,2024-08-13,2024-08-01,2026-08-12T13:29:33.699965,loans.csv
4887,2672,9,2021-03-18,2021-04-01,,2026-08-12T13:29:33.699965,loans.csv
1987,2065,1,2023-01-13,2023-01-27,,2026-08-12T13:29:33.699965,loans.csv
7407,1108,2,2021-12-01,2021-12-15,2021-12-06,2026-08-12T13:29:33.699965,loans.csv
7796,1119,5,2023-11-15,2023-11-29,2023-11-26,2026-08-12T13:29:33.699965,loans.csv
813,1563,2,2024-09-24,2024-10-08,2024-10-02,2026-08-12T13:29:33.699965,loans.csv
4346,2062,1,2023-08-03,2023-08-24,2023-08-15,2026-08-12T13:29:33.699965,loans.csv
5327,1964,4,2024-08-06,2024-08-20,,2026-08-12T13:29:33.699965,loans.csv
7856,1010,1,2024-06-03,2024-06-17,2024-06-16,2026-08-12T13:29:33.699965,loans.csv
1818,1423,65,2024-07-15,2024-07-29,2024-07-18,2026-08-12T13:29:33.699965,loans.csv
6558,2041,12,2022-07-06,2022-07-20,2022-07-18,2026-08-12T13:29:33.699965,loans.csv
7147,347,17,2024-11-19,2024-12-03,2024-12-03,2026-08-12T13:29:33.699965,loans.csv
5639,588,4,2023-12-28,2024-01-11,2024-01-07,2026-08-12T13:29:33.699965,loans.csv
1986,1044,1,2023-10-19,2023-11-02,2023-11-04,2026-08-12T13:29:33.699965,loans.csv
6739,1299,5,2023-03-30,2023-04-13,2023-04-14,2026-08-12T13:29:33.699965,loans.csv
4681,455,51,2024-07-18,2024-08-01,2024-08-13,2026-08-12T13:29:33.699965,loans.csv
5527,525,1,2024-09-05,2024-09-19,2024-09-13,2026-08-12T13:29:33.699965,loans.csv
7336,402,1,2022-03-18,2022-04-01,2022-03-24,2026-08-12T13:29:33.699965,loans.csv
218,1133,31,2024-05-05,2024-05-19,2024-05-25,2026-08-12T13:29:33.699965,loans.csv
6768,1986,1,2024-10-14,2024-10-28,2024-10-17,2026-08-12T13:29:33.699965,loans.csv
5237,2119,2,2023-01-20,2023-02-10,2023-01-24,2026-08-12T13:29:33.699965,loans.csv
5154,1486,4,2024-01-27,2024-02-10,2024-02-13,2026-08-12T13:29:33.699965,loans.csv
99,201,2,2023-10-04,2023-10-18,2023-10-16,2026-08-12T13:29:33.699965,loans.csv
2011,1007,1,2021-11-23,2021-12-14,2021-12-21,2026-08-12T13:29:33.699965,loans.csv
2000,2715,3,2024-09-19,2024-10-03,2024-09-22,2026-08-12T13:29:33.699965,loans.csv
1122,113,1,2020-02-27,2020-03-19,2020-03-21,2026-08-12T13:29:33.699965,loans.csv
3523,1371,1,2024-06-28,2024-07-12,2024-08-20,2026-08-12T13:29:33.699965,loans.csv
4822,1377,1,2022-07-31,2022-08-14,2022-08-20,2026-08-12T13:29:33.699965,loans.csv
8365,24,2,2024-05-26,2024-06-09,2024-06-02,2026-08-12T13:29:33.699965,loans.csv
7518,1355,6,2023-09-22,2023-10-13,2023-10-05,2026-08-12T13:29:33.699965,loans.csv
2716,2552,2,2024-09-24,2024-10-08,2024-09-25,2026-08-12T13:29:33.699965,loans.csv
7416,1899,1,2022-07-16,2022-08-06,2022-08-21,2026-08-12T13:29:33.699965,loans.csv
1835,877,14,2024-02-23,2024-03-08,2024-03-05,2026-08-12T13:29:33.699965,loans.csv
2631,564,3,2023-08-03,2023-08-17,2023-08-18,2026-08-12T13:29:33.699965,loans.csv
587,1374,12,2024-12-07,2024-12-28,2025-01-04,2026-08-12T13:29:33.699965,loans.csv
682,1142,3,2021-01-11,2021-01-25,2021-01-19,2026-08-12T13:29:33.699965,loans.csv
1984,417,11,2023-01-25,2023-02-08,2023-03-25,2026-08-12T13:29:33.699965,loans.csv
6036,402,53,2024-09-26,2024-10-10,2024-10-01,2026-08-12T13:29:33.699965,loans.csv
7268,741,53,2024-02-05,2024-02-19,2024-02-12,2026-08-12T13:29:33.699965,loans.csv
1357,2412,6,2023-03-10,2023-03-31,2023-04-05,2026-08-12T13:29:33.699965,loans.csv
177,1066,1,2021-08-12,2021-08-26,,2026-08-12T13:29:33.699965,loans.csv
7686,994,6,2020-04-28,2020-05-12,2020-05-15,2026-08-12T13:29:33.699965,loans.csv
4932,2403,5,2023-11-23,2023-12-07,2023-12-02,2026-08-12T13:29:33.699965,loans.csv
1643,1473,5,2024-03-19,2024-04-02,2024-03-31,2026-08-12T13:29:33.699965,loans.csv
2377,38,1,2024-02-11,2024-02-25,2024-02-13,2026-08-12T13:29:33.699965,loans.csv
27,982,6,2023-04-08,2023-04-29,2023-04-28,2026-08-12T13:29:33.699965,loans.csv
7896,1254,2,2024-05-09,2024-05-30,2024-05-25,2026-08-12T13:29:33.699965,loans.csv
517,1015,165,2021-01-09,2021-01-23,2021-02-10,2026-08-12T13:29:33.699965,loans.csv
9167,377,6,2024-11-15,2024-11-29,2024-12-04,2026-08-12T13:29:33.699965,loans.csv
6815,979,9,2022-03-18,2022-04-01,2022-03-30,2026-08-12T13:29:33.699965,loans.csv
3627,675,1,2023-07-18,2023-08-01,2023-08-06,2026-08-12T13:29:33.699965,loans.csv
2802,29,1,2023-02-21,2023-03-07,2023-02-28,2026-08-12T13:29:33.699965,loans.csv
7907,1937,57,2023-06-03,2023-06-17,,2026-08-12T13:29:33.699965,loans.csv
7576,2575,113,2024-10-21,2024-11-04,2024-10-24,2026-08-12T13:29:33.699965,loans.csv
2666,2301,1,2023-01-28,2023-02-18,2023-02-24,2026-08-12T13:29:33.699965,loans.csv
4195,451,6,2024-08-29,2024-09-12,2024-09-01,2026-08-12T13:29:33.699965,loans.csv
5594,1109,9,2022-12-08,2022-12-22,2022-12-27,2026-08-12T13:29:33.699965,loans.csv
8013,1056,2,2024-10-30,2024-11-13,2024-11-03,2026-08-12T13:29:33.699965,loans.csv
9428,2296,1,2023-08-15,2023-08-29,2023-08-19,2026-08-12T13:29:33.699965,loans.csv
1130,209,28,2023-10-21,2023-11-04,2023-10-31,2026-08-12T13:29:33.699965,loans.csv
2005,2626,1,2024-04-11,2024-05-02,2024-04-18,2026-08-12T13:29:33.699965,loans.csv
6708,369,1,2023-03-17,2023-03-31,2023-03-29,2026-08-12T13:29:33.699965,loans.csv
3903,1150,3,2024-06-23,2024-07-07,2024-06-28,2026-08-12T13:29:33.699965,loans.csv
311,2632,27,2021-06-25,2021-07-09,2021-07-14,2026-08-12T13:29:33.699965,loans.csv
8028,2733,5,2024-08-24,2024-09-14,2024-08-27,2026-08-12T13:29:33.699965,loans.csv
1235,1811,2,2024-04-22,2024-05-06,2024-04-30,2026-08-12T13:29:33.699965,loans.csv
7892,2662,9,2021-07-28,2021-08-11,2021-08-07,2026-08-12T13:29:33.699965,loans.csv
7297,2120,1,2022-07-21,2022-08-04,2022-08-03,2026-08-12T13:29:33.699965,loans.csv
8198,1435,49,2023-11-20,2023-12-04,2023-12-02,2026-08-12T13:29:33.699965,loans.csv
1595,2574,1,2023-01-09,2023-01-23,2023-01-29,2026-08-12T13:29:33.699965,loans.csv
695,134,2,2021-09-15,2021-09-29,2021-09-28,2026-08-12T13:29:33.699965,loans.csv
4356,1864,5,2022-04-24,2022-05-08,2022-05-05,2026-08-12T13:29:33.699965,loans.csv
6279,2553,138,2024-08-18,2024-09-08,2024-09-25,2026-08-12T13:29:33.699965,loans.csv
4504,1327,3,2024-10-07,2024-10-21,2024-10-26,2026-08-12T13:29:33.699965,loans.csv
3800,725,6,2024-12-04,2024-12-18,2024-12-17,2026-08-12T13:29:33.699965,loans.csv
3500,2155,8,2023-09-02,2023-09-16,2023-09-09,2026-08-12T13:29:33.699965,loans.csv
1691,1360,1,2023-12-09,2023-12-23,2023-12-15,2026-08-12T13:29:33.699965,loans.csv
6648,2791,94,2023-05-31,2023-06-14,2023-06-16,2026-08-12T13:29:33.699965,loans.csv
4019,2294,1,2020-01-06,2020-01-20,2020-01-17,2026-08-12T13:29:33.699965,loans.csv
6785,1672,85,2024-05-03,2024-05-17,2024-05-09,2026-08-12T13:29:33.699965,loans.csv
4591,659,85,2024-07-23,2024-08-06,2024-08-10,2026-08-12T13:29:33.699965,loans.csv
6736,2177,101,2023-06-08,2023-06-29,2023-06-16,2026-08-12T13:29:33.699965,loans.csv
7248,2451,1,2023-08-29,2023-09-12,2023-09-09,2026-08-12T13:29:33.699965,loans.csv
638,1808,5,2022-07-27,2022-08-10,,2026-08-12T13:29:33.699965,loans.csv
7983,1350,44,2021-11-14,2021-11-28,2021-11-23,2026-08-12T13:29:33.699965,loans.csv
6751,2279,1,2024-10-19,2024-11-02,2024-10-24,2026-08-12T13:29:33.699965,loans.csv
7785,2797,1,2022-02-01,2022-02-15,2022-02-15,2026-08-12T13:29:33.699965,loans.csv
9225,1618,1,2024-11-02,2024-11-16,2024-11-07,2026-08-12T13:29:33.699965,loans.csv
5425,1788,1,2023-07-11,2023-08-01,2023-07-24,2026-08-12T13:29:33.699965,loans.csv
8414,1164,1,2024-11-23,2024-12-07,2024-12-07,2026-08-12T13:29:33.699965,loans.csv
2712,532,2,2023-12-08,2023-12-22,2023-12-27,2026-08-12T13:29:33.699965,loans.csv
3319,562,1,2024-10-22,2024-11-05,2024-11-01,2026-08-12T13:29:33.699965,loans.csv
7520,103,1,2023-09-15,2023-09-29,2023-09-30,2026-08-12T13:29:33.699965,loans.csv
6826,2075,1,2024-01-13,2024-01-27,2024-01-31,2026-08-12T13:29:33.699965,loans.csv
836,372,1,2023-06-10,2023-07-01,,2026-08-12T13:29:33.699965,loans.csv
3994,1190,1,2022-06-24,2022-07-15,2022-07-18,2026-08-12T13:29:33.699965,loans.csv
2693,152,1,2024-05-08,2024-05-22,2024-05-26,2026-08-12T13:29:33.699965,loans.csv
872,606,25,2024-11-24,2024-12-08,2024-11-29,2026-08-12T13:29:33.699965,loans.csv
8827,1089,3,2024-04-02,2024-04-16,2024-04-18,2026-08-12T13:29:33.699965,loans.csv
12,1632,1,2023-04-19,2023-05-03,2023-05-02,2026-08-12T13:29:33.699965,loans.csv
5378,1364,1,2024-08-17,2024-08-31,2024-08-19,2026-08-12T13:29:33.699965,loans.csv
1037,935,1,2023-10-15,2023-10-29,2023-12-06,2026-08-12T13:29:33.699965,loans.csv
4607,2656,4,2022-05-15,2022-05-29,2022-05-28,2026-08-12T13:29:33.699965,loans.csv
988,2328,8,2022-02-12,2022-02-26,,2026-08-12T13:29:33.699965,loans.csv
2462,2155,153,2023-11-27,2023-12-11,2023-12-07,2026-08-12T13:29:33.699965,loans.csv
2110,2333,5,2024-04-12,2024-05-03,2024-05-05,2026-08-12T13:29:33.699965,loans.csv
3754,2676,3,2021-05-05,2021-05-26,2021-06-01,2026-08-12T13:29:33.699965,loans.csv
8684,2165,5,2023-09-23,2023-10-07,2023-09-29,2026-08-12T13:29:33.699965,loans.csv
9356,1776,1,2021-04-03,2021-04-17,2021-05-23,2026-08-12T13:29:33.699965,loans.csv
349,10,3,2024-01-10,2024-01-31,2024-02-02,2026-08-12T13:29:33.699965,loans.csv
7452,2165,1,2023-08-06,2023-08-27,2023-08-27,2026-08-12T13:29:33.699965,loans.csv
3278,1113,2,2024-02-12,2024-02-26,2024-02-13,2026-08-12T13:29:33.699965,loans.csv
5409,1569,5,2023-11-28,2023-12-12,2023-12-01,2026-08-12T13:29:33.699965,loans.csv
4169,2403,1,2024-03-06,2024-03-20,2024-03-24,2026-08-12T13:29:33.699965,loans.csv
9432,347,2,2024-08-12,2024-08-26,2024-08-24,2026-08-12T13:29:33.699965,loans.csv
6771,1648,1,2023-02-06,2023-02-20,2023-02-19,2026-08-12T13:29:33.699965,loans.csv
9475,778,3,2020-08-08,2020-08-22,2020-08-21,2026-08-12T13:29:33.699965,loans.csv
1300,1870,1,2021-04-28,2021-05-12,2021-05-28,2026-08-12T13:29:33.699965,loans.csv
4337,2052,1,2022-12-25,2023-01-08,2022-12-30,2026-08-12T13:29:33.699965,loans.csv
4158,2183,1,2024-03-26,2024-04-09,2024-03-31,2026-08-12T13:29:33.699965,loans.csv
4618,1384,10,2023-08-10,2023-08-24,2023-08-25,2026-08-12T13:29:33.699965,loans.csv
8741,2244,13,2024-03-22,2024-04-05,2024-03-31,2026-08-12T13:29:33.699965,loans.csv
5801,615,1,2024-11-11,2024-11-25,2024-11-22,2026-08-12T13:29:33.699965,loans.csv
8362,1299,2,2022-05-18,2022-06-01,2022-06-04,2026-08-12T13:29:33.699965,loans.csv
2221,2558,26,2023-10-25,2023-11-08,2023-11-05,2026-08-12T13:29:33.699965,loans.csv
3823,1591,1,2020-07-26,2020-08-09,2020-07-27,2026-08-12T13:29:33.699965,loans.csv
2576,701,2,2022-12-13,2022-12-27,2023-01-02,2026-08-12T13:29:33.699965,loans.csv
1202,1620,1,2023-08-12,2023-08-26,2023-08-27,2026-08-12T13:29:33.699965,loans.csv
8133,2096,19,2024-11-19,2024-12-03,2024-11-26,2026-08-12T13:29:33.699965,loans.csv
8738,2423,1,2024-07-04,2024-07-18,2024-07-07,2026-08-12T13:29:33.699965,loans.csv
5548,521,4,2023-10-03,2023-10-17,2023-10-16,2026-08-12T13:29:33.699965,loans.csv
2918,1227,6,2022-07-27,2022-08-10,2022-08-09,2026-08-12T13:29:33.699965,loans.csv
1080,86,1,2024-06-28,2024-07-12,2024-07-05,2026-08-12T13:29:33.699965,loans.csv
8619,812,1,2022-08-05,2022-08-19,2022-08-13,2026-08-12T13:29:33.699965,loans.csv
1085,2204,35,2023-08-24,2023-09-07,2023-09-03,2026-08-12T13:29:33.699965,loans.csv
4605,80,1,2022-12-03,2022-12-17,2022-12-06,2026-08-12T13:29:33.699965,loans.csv
1441,2715,13,2024-05-26,2024-06-09,2024-06-08,2026-08-12T13:29:33.699965,loans.csv
4839,2287,1,2024-10-28,2024-11-11,2024-11-01,2026-08-12T13:29:33.699965,loans.csv
6701,2111,4,2024-10-19,2024-11-02,2024-10-20,2026-08-12T13:29:33.699965,loans.csv
6163,1814,1,2024-09-08,2024-09-22,2024-09-26,2026-08-12T13:29:33.699965,loans.csv
8215,2250,3,2024-01-10,2024-01-24,2024-01-14,2026-08-12T13:29:33.699965,loans.csv
7138,2117,3,2022-06-09,2022-06-23,2022-06-20,2026-08-12T13:29:33.699965,loans.csv
7862,800,6,2022-06-09,2022-06-23,2022-06-19,2026-08-12T13:29:33.699965,loans.csv
1982,1320,3,2024-10-11,2024-10-25,2024-10-21,2026-08-12T13:29:33.699965,loans.csv
6720,127,8,2021-03-07,2021-03-21,,2026-08-12T13:29:33.699965,loans.csv
8814,1905,1,2024-09-03,2024-09-17,2024-09-04,2026-08-12T13:29:33.699965,loans.csv
4047,703,1,2024-09-22,2024-10-06,2024-09-24,2026-08-12T13:29:33.699965,loans.csv
5161,863,1,2021-09-27,2021-10-11,2021-10-02,2026-08-12T13:29:33.699965,loans.csv
3747,1714,6,2024-08-22,2024-09-05,2024-08-30,2026-08-12T13:29:33.699965,loans.csv
115,854,1,2022-12-17,2022-12-31,2023-01-03,2026-08-12T13:29:33.699965,loans.csv
8493,306,1,2023-03-17,2023-03-31,2023-03-20,2026-08-12T13:29:33.699965,loans.csv
816,417,1,2024-10-05,2024-10-19,2024-10-21,2026-08-12T13:29:33.699965,loans.csv
4236,574,22,2023-03-02,2023-03-23,2023-03-03,2026-08-12T13:29:33.699965,loans.csv
731,1291,53,2023-09-10,2023-09-24,2023-09-23,2026-08-12T13:29:33.699965,loans.csv
4986,1895,2,2023-10-28,2023-11-11,2023-11-08,2026-08-12T13:29:33.699965,loans.csv
8753,825,141,2024-12-23,2025-01-06,,2026-08-12T13:29:33.699965,loans.csv
2957,38,3,2023-09-29,2023-10-13,2023-10-16,2026-08-12T13:29:33.699965,loans.csv
7943,1704,34,2024-11-08,2024-11-22,2024-11-09,2026-08-12T13:29:33.699965,loans.csv
8805,1883,107,2023-11-23,2023-12-07,2023-11-30,2026-08-12T13:29:33.699965,loans.csv
4852,1022,48,2023-08-24,2023-09-07,,2026-08-12T13:29:33.699965,loans.csv
511,1777,1,2022-09-15,2022-09-29,2022-10-21,2026-08-12T13:29:33.699965,loans.csv
3561,192,1,2023-12-18,2024-01-01,2024-01-03,2026-08-12T13:29:33.699965,loans.csv
5569,779,6,2023-08-24,2023-09-07,2023-09-01,2026-08-12T13:29:33.699965,loans.csv
1859,589,1,2024-05-22,2024-06-05,2024-06-04,2026-08-12T13:29:33.699965,loans.csv
2553,1344,2,2023-07-10,2023-07-24,2023-07-12,2026-08-12T13:29:33.699965,loans.csv
1572,701,1,2023-01-17,2023-01-31,2023-01-24,2026-08-12T13:29:33.699965,loans.csv
843,1547,1,2024-10-18,2024-11-01,2024-10-30,2026-08-12T13:29:33.699965,loans.csv
1636,2746,7,2021-08-28,2021-09-11,2021-09-01,2026-08-12T13:29:33.699965,loans.csv
3647,2358,1,2023-01-31,2023-02-14,2023-02-03,2026-08-12T13:29:33.699965,loans.csv
4569,2064,4,2022-10-08,2022-10-22,2022-10-25,2026-08-12T13:29:33.699965,loans.csv
2752,1236,1,2023-02-09,2023-02-23,2023-02-12,2026-08-12T13:29:33.699965,loans.csv
4357,2560,2,2024-05-17,2024-05-31,,2026-08-12T13:29:33.699965,loans.csv
716,1415,3,2023-02-17,2023-03-03,2023-03-01,2026-08-12T13:29:33.699965,loans.csv
2206,1102,1,2023-11-10,2023-12-01,2023-11-13,2026-08-12T13:29:33.699965,loans.csv
2882,2145,5,2024-03-06,2024-03-20,,2026-08-12T13:29:33.699965,loans.csv
3483,1833,1,2024-11-03,2024-11-17,2024-11-15,2026-08-12T13:29:33.699965,loans.csv
8234,1135,18,2024-04-11,2024-04-25,,2026-08-12T13:29:33.699965,loans.csv
9138,180,1,2024-08-22,2024-09-05,2024-09-04,2026-08-12T13:29:33.699965,loans.csv
3392,2124,34,2024-06-23,2024-07-07,2024-07-22,2026-08-12T13:29:33.699965,loans.csv
3951,1896,6,2023-09-24,2023-10-08,2023-09-26,2026-08-12T13:29:33.699965,loans.csv
2932,202,1,2024-11-26,2024-12-10,2024-12-12,2026-08-12T13:29:33.699965,loans.csv
78,750,52,2020-08-29,2020-09-12,2020-09-01,2026-08-12T13:29:33.699965,loans.csv
4862,842,1,2021-10-25,2021-11-08,2021-11-07,2026-08-12T13:29:33.699965,loans.csv
2172,638,6,2024-09-03,2024-09-17,2024-09-24,2026-08-12T13:29:33.699965,loans.csv
6186,503,1,2021-11-26,2021-12-10,,2026-08-12T13:29:33.699965,loans.csv
9506,1098,2,2020-06-07,2020-06-21,2020-06-14,2026-08-12T13:29:33.699965,loans.csv
492,423,1,2021-02-14,2021-03-07,2021-03-11,2026-08-12T13:29:33.699965,loans.csv
2015,1015,1,2023-06-23,2023-07-07,,2026-08-12T13:29:33.699965,loans.csv
5735,2562,1,2022-12-04,2022-12-18,2022-12-05,2026-08-12T13:29:33.699965,loans.csv
8438,787,1,2023-03-20,2023-04-03,2023-03-25,2026-08-12T13:29:33.699965,loans.csv
2934,1984,4,2024-02-05,2024-02-19,2024-03-23,2026-08-12T13:29:33.699965,loans.csv
3132,542,2,2021-02-06,2021-02-20,2021-02-21,2026-08-12T13:29:33.699965,loans.csv
8216,101,2,2024-03-15,2024-03-29,2024-03-20,2026-08-12T13:29:33.699965,loans.csv
2012,2242,3,2022-01-05,2022-01-19,2022-01-23,2026-08-12T13:29:33.699965,loans.csv
1823,1434,3,2024-09-23,2024-10-14,2024-10-20,2026-08-12T13:29:33.699965,loans.csv
6579,1945,2,2023-12-25,2024-01-08,2023-12-30,2026-08-12T13:29:33.699965,loans.csv
938,2617,42,2024-03-22,2024-04-05,2024-03-27,2026-08-12T13:29:33.699965,loans.csv
4729,2345,1,2024-03-12,2024-03-26,2024-03-26,2026-08-12T13:29:33.699965,loans.csv
2091,2433,171,2024-09-26,2024-10-10,2024-10-08,2026-08-12T13:29:33.699965,loans.csv
6601,1673,5,2022-09-16,2022-09-30,2022-09-24,2026-08-12T13:29:33.699965,loans.csv
7706,1325,1,2023-11-21,2023-12-05,,2026-08-12T13:29:33.699965,loans.csv
2441,209,5,2023-07-12,2023-07-26,2023-07-28,2026-08-12T13:29:33.699965,loans.csv
3886,204,43,2024-01-09,2024-01-23,2024-01-19,2026-08-12T13:29:33.699965,loans.csv
4913,1704,1,2024-06-20,2024-07-04,2024-06-28,2026-08-12T13:29:33.699965,loans.csv
7004,1805,3,2023-08-04,2023-08-18,,2026-08-12T13:29:33.699965,loans.csv
6620,1129,1,2020-11-19,2020-12-03,2020-11-22,2026-08-12T13:29:33.699965,loans.csv
7159,2206,2,2022-05-01,2022-05-15,2022-05-15,2026-08-12T13:29:33.699965,loans.csv
980,404,1,2024-02-25,2024-03-10,2024-04-24,2026-08-12T13:29:33.699965,loans.csv
4677,1801,99,2022-07-30,2022-08-13,2022-08-11,2026-08-12T13:29:33.699965,loans.csv
6226,2635,92,2022-09-08,2022-09-22,2022-09-12,2026-08-12T13:29:33.699965,loans.csv
5925,1446,5,2022-06-07,2022-06-21,2022-06-11,2026-08-12T13:29:33.699965,loans.csv
1732,1575,1,2023-09-13,2023-09-27,2023-09-27,2026-08-12T13:29:33.699965,loans.csv
8246,777,1,2022-10-19,2022-11-02,2022-11-17,2026-08-12T13:29:33.699965,loans.csv
5596,2496,1,2020-05-09,2020-05-30,2020-05-21,2026-08-12T13:29:33.699965,loans.csv
9271,1832,46,2024-08-06,2024-08-20,2024-08-07,2026-08-12T13:29:33.699965,loans.csv
1069,638,1,2022-11-24,2022-12-08,,2026-08-12T13:29:33.699965,loans.csv
6990,1422,4,2022-07-12,2022-08-02,2022-08-07,2026-08-12T13:29:33.699965,loans.csv
2749,2321,3,2024-06-23,2024-07-07,2024-08-04,2026-08-12T13:29:33.699965,loans.csv
6390,2258,1,2024-03-06,2024-03-20,2024-03-15,2026-08-12T13:29:33.699965,loans.csv
7178,1648,1,2022-06-03,2022-06-17,2022-06-09,2026-08-12T13:29:33.699965,loans.csv
3550,270,1,2020-01-31,2020-02-14,2020-02-10,2026-08-12T13:29:33.699965,loans.csv
4068,1919,1,2021-04-06,2021-04-20,2021-04-07,2026-08-12T13:29:33.699965,loans.csv
4462,725,9,2024-10-24,2024-11-07,2024-10-27,2026-08-12T13:29:33.699965,loans.csv
8782,2350,1,2024-08-26,2024-09-16,2024-09-09,2026-08-12T13:29:33.699965,loans.csv
2647,2119,61,2023-08-15,2023-08-29,2023-08-25,2026-08-12T13:29:33.699965,loans.csv
8922,2276,3,2022-04-22,2022-05-06,,2026-08-12T13:29:33.699965,loans.csv
4589,1000,5,2021-07-04,2021-07-18,2021-07-16,2026-08-12T13:29:33.699965,loans.csv
6788,1623,4,2024-10-22,2024-11-05,2024-10-26,2026-08-12T13:29:33.699965,loans.csv
8501,1331,10,2020-05-28,2020-06-11,2020-05-30,2026-08-12T13:29:33.699965,loans.csv
3068,94,4,2024-06-08,2024-06-22,,2026-08-12T13:29:33.699965,loans.csv
4115,1553,1,2023-06-30,2023-07-14,2023-07-03,2026-08-12T13:29:33.699965,loans.csv
6418,2046,2,2023-08-24,2023-09-07,2023-09-08,2026-08-12T13:29:33.699965,loans.csv
5789,1161,4,2022-11-13,2022-11-27,,2026-08-12T13:29:33.699965,loans.csv
2887,226,60,2023-11-11,2023-11-25,2023-11-17,2026-08-12T13:29:33.699965,loans.csv
3480,619,1,2024-03-28,2024-04-11,,2026-08-12T13:29:33.699965,loans.csv
7921,110,3,2021-12-28,2022-01-11,2022-01-11,2026-08-12T13:29:33.699965,loans.csv
5904,1276,1,2024-12-19,2025-01-02,,2026-08-12T13:29:33.699965,loans.csv
9059,2377,2,2024-12-21,2025-01-04,,2026-08-12T13:29:33.699965,loans.csv
1128,1104,1,2024-03-12,2024-03-26,2024-03-20,2026-08-12T13:29:33.699965,loans.csv
9570,404,1,2024-05-25,2024-06-08,2024-05-29,2026-08-12T13:29:33.699965,loans.csv
7063,369,115,2022-03-19,2022-04-02,2022-04-03,2026-08-12T13:29:33.699965,loans.csv
1551,2120,17,2022-10-29,2022-11-12,2022-11-12,2026-08-12T13:29:33.699965,loans.csv
5747,1123,4,2021-02-06,2021-02-20,,2026-08-12T13:29:33.699965,loans.csv
5183,703,3,2024-07-01,2024-07-15,2024-08-10,2026-08-12T13:29:33.699965,loans.csv
5534,106,3,2022-02-17,2022-03-03,2022-03-07,2026-08-12T13:29:33.699965,loans.csv
5827,260,1,2021-05-11,2021-05-25,2021-05-23,2026-08-12T13:29:33.699965,loans.csv
415,2724,1,2024-04-21,2024-05-05,2024-05-07,2026-08-12T13:29:33.699965,loans.csv
8749,2409,9,2020-07-18,2020-08-01,2020-07-25,2026-08-12T13:29:33.699965,loans.csv
2532,69,1,2021-02-02,2021-02-16,2021-02-07,2026-08-12T13:29:33.699965,loans.csv
3834,364,2,2023-04-09,2023-04-23,2023-04-23,2026-08-12T13:29:33.699965,loans.csv
9176,600,7,2023-09-27,2023-10-11,2023-09-30,2026-08-12T13:29:33.699965,loans.csv
5216,398,2,2024-04-19,2024-05-03,2024-05-10,2026-08-12T13:29:33.699965,loans.csv
303,605,1,2021-07-10,2021-07-24,2021-07-27,2026-08-12T13:29:33.699965,loans.csv
3107,1991,2,2022-07-08,2022-07-22,2022-07-09,2026-08-12T13:29:33.699965,loans.csv
746,485,15,2024-12-10,2024-12-24,2024-12-30,2026-08-12T13:29:33.699965,loans.csv
3439,2177,1,2024-01-22,2024-02-05,,2026-08-12T13:29:33.699965,loans.csv
1703,2256,7,2022-05-26,2022-06-09,2022-06-01,2026-08-12T13:29:33.699965,loans.csv
4996,2247,1,2023-08-10,2023-08-24,,2026-08-12T13:29:33.699965,loans.csv
130,1785,1,2024-11-19,2024-12-03,2024-11-27,2026-08-12T13:29:33.699965,loans.csv
9182,640,12,2024-01-21,2024-02-04,2024-02-07,2026-08-12T13:29:33.699965,loans.csv
5797,2227,2,2023-05-18,2023-06-01,2023-05-26,2026-08-12T13:29:33.699965,loans.csv
7816,2572,12,2024-08-09,2024-08-23,,2026-08-12T13:29:33.699965,loans.csv
6240,1269,54,2021-07-28,2021-08-11,2021-08-17,2026-08-12T13:29:33.699965,loans.csv
5012,1899,1,2023-06-30,2023-07-14,,2026-08-12T13:29:33.699965,loans.csv
3478,983,1,2023-12-27,2024-01-10,,2026-08-12T13:29:33.699965,loans.csv
2972,1759,4,2024-02-12,2024-02-26,2024-02-28,2026-08-12T13:29:33.699965,loans.csv
3720,376,97,2024-06-14,2024-06-28,2024-06-25,2026-08-12T13:29:33.699965,loans.csv
394,2610,1,2021-05-27,2021-06-10,2021-06-09,2026-08-12T13:29:33.699965,loans.csv
2085,615,1,2024-05-28,2024-06-11,2024-06-01,2026-08-12T13:29:33.699965,loans.csv
9111,2322,14,2024-06-20,2024-07-04,,2026-08-12T13:29:33.699965,loans.csv
4361,273,1,2023-09-06,2023-09-20,2023-09-15,2026-08-12T13:29:33.699965,loans.csv
7446,137,18,2024-08-23,2024-09-06,,2026-08-12T13:29:33.699965,loans.csv
8624,917,3,2024-01-12,2024-01-26,2024-01-15,2026-08-12T13:29:33.699965,loans.csv
7210,86,1,2024-04-04,2024-04-18,2024-04-15,2026-08-12T13:29:33.699965,loans.csv
8665,1992,1,2024-05-21,2024-06-04,2024-05-28,2026-08-12T13:29:33.699965,loans.csv
6611,2575,1,2024-12-12,2024-12-26,,2026-08-12T13:29:33.699965,loans.csv
9321,909,1,2024-12-25,2025-01-08,,2026-08-12T13:29:33.699965,loans.csv
1588,646,1,2021-06-05,2021-06-19,2021-06-25,2026-08-12T13:29:33.699965,loans.csv
3346,1454,1,2020-01-25,2020-02-08,2020-01-30,2026-08-12T13:29:33.699965,loans.csv
4334,1862,1,2023-05-27,2023-06-10,2023-06-09,2026-08-12T13:29:33.699965,loans.csv
8796,2061,1,2024-10-16,2024-10-30,2024-10-30,2026-08-12T13:29:33.699965,loans.csv
4755,1,1,2024-07-16,2024-07-30,,2026-08-12T13:29:33.699965,loans.csv
2066,508,1,2023-11-04,2023-11-18,2023-11-06,2026-08-12T13:29:33.699965,loans.csv
3665,1785,3,2024-12-04,2024-12-18,2024-12-13,2026-08-12T13:29:33.699965,loans.csv
3004,1139,1,2023-02-25,2023-03-11,2023-03-14,2026-08-12T13:29:33.699965,loans.csv
3069,767,30,2024-01-09,2024-01-23,2024-01-17,2026-08-12T13:29:33.699965,loans.csv
3610,1254,2,2022-04-18,2022-05-02,2022-05-08,2026-08-12T13:29:33.699965,loans.csv
7768,1052,15,2024-05-28,2024-06-11,2024-06-05,2026-08-12T13:29:33.699965,loans.csv
243,2329,1,2024-04-23,2024-05-07,,2026-08-12T13:29:33.699965,loans.csv
2521,831,49,2023-12-25,2024-01-08,2023-12-27,2026-08-12T13:29:33.699965,loans.csv
1195,1928,19,2023-03-16,2023-04-06,2023-03-20,2026-08-12T13:29:33.699965,loans.csv
8497,1431,1,2021-03-15,2021-03-29,2021-03-23,2026-08-12T13:29:33.699965,loans.csv
1863,2366,35,2024-10-20,2024-11-03,2024-11-03,2026-08-12T13:29:33.699965,loans.csv
3887,2485,5,2024-03-18,2024-04-01,2024-04-19,2026-08-12T13:29:33.699965,loans.csv
6581,1690,1,2024-05-22,2024-06-12,2024-05-26,2026-08-12T13:29:33.699965,loans.csv
2211,192,38,2023-08-03,2023-08-17,2023-08-05,2026-08-12T13:29:33.699965,loans.csv
6150,2591,46,2020-05-25,2020-06-08,2020-05-27,2026-08-12T13:29:33.699965,loans.csv
2650,888,2,2024-08-24,2024-09-07,2024-08-28,2026-08-12T13:29:33.699965,loans.csv
8765,2351,1,2022-09-13,2022-09-27,2022-09-18,2026-08-12T13:29:33.699965,loans.csv
7572,736,22,2023-08-06,2023-08-20,,2026-08-12T13:29:33.699965,loans.csv
8898,1042,1,2024-10-01,2024-10-15,2024-10-15,2026-08-12T13:29:33.699965,loans.csv
8451,1862,1,2024-09-09,2024-09-23,2024-09-13,2026-08-12T13:29:33.699965,loans.csv
3591,1743,2,2023-06-29,2023-07-13,2023-07-02,2026-08-12T13:29:33.699965,loans.csv
9224,2517,5,2021-10-16,2021-10-30,2021-11-07,2026-08-12T13:29:33.699965,loans.csv
3963,1178,29,2024-05-29,2024-06-12,2024-06-15,2026-08-12T13:29:33.699965,loans.csv
6740,1485,3,2021-08-25,2021-09-08,2021-09-10,2026-08-12T13:29:33.699965,loans.csv
9316,2076,1,2024-06-22,2024-07-06,,2026-08-12T13:29:33.699965,loans.csv
6276,2037,104,2023-07-11,2023-07-25,2023-07-16,2026-08-12T13:29:33.699965,loans.csv
1741,1062,3,2023-12-28,2024-01-11,,2026-08-12T13:29:33.699965,loans.csv
2080,2448,3,2021-05-07,2021-05-28,2021-05-31,2026-08-12T13:29:33.699965,loans.csv
7364,2578,2,2024-01-07,2024-01-28,2024-01-15,2026-08-12T13:29:33.699965,loans.csv
9128,1739,1,2024-10-27,2024-11-10,2024-11-03,2026-08-12T13:29:33.699965,loans.csv
6842,1071,12,2024-05-18,2024-06-01,2024-05-30,2026-08-12T13:29:33.699965,loans.csv
8557,2216,1,2020-02-07,2020-02-21,2020-02-12,2026-08-12T13:29:33.699965,loans.csv
7659,1219,1,2021-09-16,2021-09-30,2021-09-27,2026-08-12T13:29:33.699965,loans.csv
5590,2016,1,2023-08-31,2023-09-14,2023-09-17,2026-08-12T13:29:33.699965,loans.csv
7353,1595,1,2024-12-21,2025-01-04,,2026-08-12T13:29:33.699965,loans.csv
3819,668,7,2022-06-01,2022-06-15,2022-06-02,2026-08-12T13:29:33.699965,loans.csv
481,1501,1,2022-12-15,2022-12-29,,2026-08-12T13:29:33.699965,loans.csv
4971,1675,9,2024-05-30,2024-06-20,2024-06-23,2026-08-12T13:29:33.699965,loans.csv
2834,1400,2,2024-04-19,2024-05-03,2024-04-20,2026-08-12T13:29:33.699965,loans.csv
2738,2053,1,2020-07-19,2020-08-02,,2026-08-12T13:29:33.699965,loans.csv
4661,2225,1,2024-05-24,2024-06-07,2024-06-05,2026-08-12T13:29:33.699965,loans.csv
3947,128,163,2021-12-12,2021-12-26,2021-12-31,2026-08-12T13:29:33.699965,loans.csv
8766,1861,63,2023-02-04,2023-02-18,2023-02-20,2026-08-12T13:29:33.699965,loans.csv
9602,496,1,2020-10-11,2020-11-01,2020-10-12,2026-08-12T13:29:33.699965,loans.csv
1805,934,14,2023-11-13,2023-11-27,2023-11-26,2026-08-12T13:29:33.699965,loans.csv
7221,2490,3,2022-07-06,2022-07-20,2022-07-18,2026-08-12T13:29:33.699965,loans.csv
8184,557,7,2023-01-16,2023-01-30,2023-01-23,2026-08-12T13:29:33.699965,loans.csv
1117,2783,4,2024-08-13,2024-08-27,2024-09-01,2026-08-12T13:29:33.699965,loans.csv
9102,607,7,2024-03-09,2024-03-23,2024-03-23,2026-08-12T13:29:33.699965,loans.csv
7676,115,10,2022-04-01,2022-04-15,2022-04-09,2026-08-12T13:29:33.699965,loans.csv
2715,2459,6,2024-10-04,2024-10-18,2024-10-13,2026-08-12T13:29:33.699965,loans.csv
1322,285,2,2020-09-09,2020-09-23,2020-10-01,2026-08-12T13:29:33.699965,loans.csv
2300,2291,59,2024-11-15,2024-12-06,2024-11-24,2026-08-12T13:29:33.699965,loans.csv
3543,1922,1,2023-12-08,2023-12-29,2023-12-28,2026-08-12T13:29:33.699965,loans.csv
3159,2322,26,2024-03-06,2024-03-20,2024-03-13,2026-08-12T13:29:33.699965,loans.csv
3221,362,2,2023-06-20,2023-07-11,2023-06-21,2026-08-12T13:29:33.699965,loans.csv
7381,508,37,2024-11-08,2024-11-22,,2026-08-12T13:29:33.699965,loans.csv
5375,1758,1,2024-09-27,2024-10-11,2024-10-03,2026-08-12T13:29:33.699965,loans.csv
4961,2121,3,2022-09-06,2022-09-20,2022-09-11,2026-08-12T13:29:33.699965,loans.csv
765,1896,1,2022-09-05,2022-09-19,2022-09-24,2026-08-12T13:29:33.699965,loans.csv
1647,1832,6,2023-01-29,2023-02-12,2023-02-12,2026-08-12T13:29:33.699965,loans.csv
6658,2551,1,2024-03-02,2024-03-23,2024-03-16,2026-08-12T13:29:33.699965,loans.csv
181,376,2,2023-07-12,2023-07-26,2023-08-01,2026-08-12T13:29:33.699965,loans.csv
2003,1213,1,2024-12-09,2024-12-30,2025-01-03,2026-08-12T13:29:33.699965,loans.csv
4881,1940,1,2022-09-26,2022-10-10,2022-10-01,2026-08-12T13:29:33.699965,loans.csv
2258,618,9,2020-05-09,2020-05-30,2020-06-21,2026-08-12T13:29:33.699965,loans.csv
5064,1765,3,2024-04-02,2024-04-16,2024-04-19,2026-08-12T13:29:33.699965,loans.csv
52,1576,17,2023-04-01,2023-04-15,2023-04-07,2026-08-12T13:29:33.699965,loans.csv
1946,1281,1,2022-07-12,2022-07-26,2022-07-22,2026-08-12T13:29:33.699965,loans.csv
257,1530,1,2024-03-27,2024-04-10,2024-04-12,2026-08-12T13:29:33.699965,loans.csv
2177,2039,1,2024-08-21,2024-09-11,,2026-08-12T13:29:33.699965,loans.csv
8339,3,1,2022-09-14,2022-09-28,2022-10-03,2026-08-12T13:29:33.699965,loans.csv
4050,1150,3,2024-03-21,2024-04-04,2024-04-03,2026-08-12T13:29:33.699965,loans.csv
4350,778,160,2022-01-16,2022-01-30,,2026-08-12T13:29:33.699965,loans.csv
6568,2797,2,2023-09-02,2023-09-16,2023-09-08,2026-08-12T13:29:33.699965,loans.csv
1140,2639,2,2024-05-10,2024-05-24,2024-05-27,2026-08-12T13:29:33.699965,loans.csv
2761,552,11,2021-08-01,2021-08-15,2021-08-16,2026-08-12T13:29:33.699965,loans.csv
2036,343,1,2023-05-29,2023-06-12,2023-05-30,2026-08-12T13:29:33.699965,loans.csv
4740,738,5,2024-10-13,2024-10-27,2024-10-20,2026-08-12T13:29:33.699965,loans.csv
999,1284,1,2023-08-02,2023-08-16,,2026-08-12T13:29:33.699965,loans.csv
4933,1955,1,2022-04-07,2022-04-21,2022-04-14,2026-08-12T13:29:33.699965,loans.csv
3855,2266,2,2024-09-15,2024-09-29,2024-09-23,2026-08-12T13:29:33.699965,loans.csv
3614,2305,17,2022-04-15,2022-04-29,2022-04-27,2026-08-12T13:29:33.699965,loans.csv
3858,2349,1,2022-04-21,2022-05-12,2022-05-18,2026-08-12T13:29:33.699965,loans.csv
3682,9,5,2023-02-23,2023-03-09,2023-02-24,2026-08-12T13:29:33.699965,loans.csv
1493,670,3,2024-08-28,2024-09-11,2024-09-04,2026-08-12T13:29:33.699965,loans.csv
2495,1430,2,2024-12-10,2024-12-31,2024-12-26,2026-08-12T13:29:33.699965,loans.csv
9137,2552,38,2022-07-03,2022-07-17,2022-08-15,2026-08-12T13:29:33.699965,loans.csv
8152,2756,13,2024-06-29,2024-07-13,2024-07-15,2026-08-12T13:29:33.699965,loans.csv
5309,1410,26,2022-01-18,2022-02-01,2022-01-29,2026-08-12T13:29:33.699965,loans.csv
4406,1909,11,2023-03-29,2023-04-12,2023-04-11,2026-08-12T13:29:33.699965,loans.csv
5887,1624,87,2024-09-04,2024-09-18,2024-09-13,2026-08-12T13:29:33.699965,loans.csv
791,1632,1,2023-06-22,2023-07-06,2023-07-04,2026-08-12T13:29:33.699965,loans.csv
4131,1562,50,2023-11-10,2023-11-24,2023-11-16,2026-08-12T13:29:33.699965,loans.csv
2608,816,4,2020-05-08,2020-05-22,2020-05-09,2026-08-12T13:29:33.699965,loans.csv
4247,2066,2,2022-10-07,2022-10-21,2022-10-11,2026-08-12T13:29:33.699965,loans.csv
3932,1132,1,2024-04-08,2024-04-29,2024-06-05,2026-08-12T13:29:33.699965,loans.csv
8458,2219,2,2022-06-30,2022-07-21,2022-07-21,2026-08-12T13:29:33.699965,loans.csv
4180,2716,2,2022-03-19,2022-04-02,2022-03-21,2026-08-12T13:29:33.699965,loans.csv
4083,313,1,2021-08-07,2021-08-21,2021-08-23,2026-08-12T13:29:33.699965,loans.csv
1518,182,1,2023-11-23,2023-12-07,2023-11-25,2026-08-12T13:29:33.699965,loans.csv
3459,1293,10,2022-12-08,2022-12-22,,2026-08-12T13:29:33.699965,loans.csv
544,2168,4,2024-07-04,2024-07-18,2024-07-14,2026-08-12T13:29:33.699965,loans.csv
6027,1411,1,2022-12-07,2022-12-21,2022-12-16,2026-08-12T13:29:33.699965,loans.csv
3230,256,1,2021-04-04,2021-04-18,2021-04-13,2026-08-12T13:29:33.699965,loans.csv
6525,173,5,2023-02-05,2023-02-19,2023-02-08,2026-08-12T13:29:33.699965,loans.csv
7200,1052,2,2024-01-11,2024-01-25,2024-01-16,2026-08-12T13:29:33.699965,loans.csv
1079,264,1,2024-09-27,2024-10-11,2024-10-09,2026-08-12T13:29:33.699965,loans.csv
5571,1186,1,2022-05-28,2022-06-11,2022-06-09,2026-08-12T13:29:33.699965,loans.csv
683,2526,1,2024-06-20,2024-07-04,2024-06-30,2026-08-12T13:29:33.699965,loans.csv
5683,1863,2,2021-10-18,2021-11-01,2021-10-22,2026-08-12T13:29:33.699965,loans.csv
5711,2127,6,2022-08-29,2022-09-12,,2026-08-12T13:29:33.699965,loans.csv
3656,2141,44,2023-01-12,2023-01-26,2023-01-30,2026-08-12T13:29:33.699965,loans.csv
8092,355,1,2023-02-17,2023-03-03,,2026-08-12T13:29:33.699965,loans.csv
1632,243,2,2023-12-24,2024-01-14,,2026-08-12T13:29:33.699965,loans.csv
85,1846,3,2021-11-08,2021-11-22,2021-12-22,2026-08-12T13:29:33.699965,loans.csv
9369,2332,3,2023-07-06,2023-07-20,2023-07-08,2026-08-12T13:29:33.699965,loans.csv
7449,1604,2,2023-09-19,2023-10-03,2023-11-04,2026-08-12T13:29:33.699965,loans.csv
6323,245,18,2024-08-06,2024-08-20,2024-09-19,2026-08-12T13:29:33.699965,loans.csv
2477,2349,1,2024-08-28,2024-09-11,,2026-08-12T13:29:33.699965,loans.csv
895,666,3,2022-08-20,2022-09-03,2022-09-01,2026-08-12T13:29:33.699965,loans.csv
5525,895,1,2022-01-29,2022-02-12,2022-02-09,2026-08-12T13:29:33.699965,loans.csv
7585,1494,1,2024-11-09,2024-11-23,2024-11-24,2026-08-12T13:29:33.699965,loans.csv
6800,737,2,2022-08-05,2022-08-19,,2026-08-12T13:29:33.699965,loans.csv
3071,814,1,2023-12-04,2023-12-18,2023-12-23,2026-08-12T13:29:33.699965,loans.csv
5423,350,1,2021-08-19,2021-09-02,2021-09-09,2026-08-12T13:29:33.699965,loans.csv
7076,549,1,2024-10-14,2024-10-28,2024-10-19,2026-08-12T13:29:33.699965,loans.csv
6707,363,6,2024-12-26,2025-01-16,,2026-08-12T13:29:33.699965,loans.csv
7878,1512,1,2020-10-22,2020-11-05,2020-10-29,2026-08-12T13:29:33.699965,loans.csv
4901,848,35,2024-10-11,2024-10-25,2024-10-22,2026-08-12T13:29:33.699965,loans.csv
2139,464,2,2022-06-22,2022-07-06,2022-06-30,2026-08-12T13:29:33.699965,loans.csv
9202,2084,1,2022-07-20,2022-08-03,2022-07-29,2026-08-12T13:29:33.699965,loans.csv
6507,924,5,2023-05-06,2023-05-03,2023-05-25,2026-08-12T13:29:33.699965,loans.csv
7782,1253,1,2022-12-12,2023-01-02,2022-12-16,2026-08-12T13:29:33.699965,loans.csv
9390,2621,1,2022-11-21,2022-12-12,2022-12-14,2026-08-12T13:29:33.699965,loans.csv
5232,1106,2,2022-12-15,2022-12-29,2023-01-23,2026-08-12T13:29:33.699965,loans.csv
4286,1108,6,2024-10-29,2024-11-19,2024-11-02,2026-08-12T13:29:33.699965,loans.csv
9160,169,1,2023-05-21,2023-06-04,2023-06-01,2026-08-12T13:29:33.699965,loans.csv
5407,432,1,2024-10-26,2024-11-09,2024-12-11,2026-08-12T13:29:33.699965,loans.csv
6400,2371,1,2023-11-14,2023-11-28,2023-12-02,2026-08-12T13:29:33.699965,loans.csv
5392,162,129,2022-02-08,2022-02-22,2022-02-21,2026-08-12T13:29:33.699965,loans.csv
4056,614,50,2023-12-16,2023-12-30,2023-12-17,2026-08-12T13:29:33.699965,loans.csv
9193,2083,10,2024-06-14,2024-06-28,2024-06-19,2026-08-12T13:29:33.699965,loans.csv
2125,2377,1,2024-01-07,2024-01-21,2024-01-28,2026-08-12T13:29:33.699965,loans.csv
6314,539,13,2023-10-17,2023-10-31,2023-10-28,2026-08-12T13:29:33.699965,loans.csv
3199,2507,6,2024-11-29,2024-12-13,,2026-08-12T13:29:33.699965,loans.csv
3218,2413,52,2023-07-03,2023-07-17,2023-07-12,2026-08-12T13:29:33.699965,loans.csv
3658,94,1,2024-02-25,2024-03-10,2024-03-10,2026-08-12T13:29:33.699965,loans.csv
6008,559,1,2022-10-08,2022-10-22,2022-10-21,2026-08-12T13:29:33.699965,loans.csv
8361,149,74,2023-07-06,2023-07-20,2023-08-03,2026-08-12T13:29:33.699965,loans.csv
1206,499,1,2023-06-20,2023-07-04,,2026-08-12T13:29:33.699965,loans.csv
7150,2562,3,2020-01-07,2020-01-21,2020-02-20,2026-08-12T13:29:33.699965,loans.csv
6755,1954,10,2024-04-16,2024-04-30,2024-06-13,2026-08-12T13:29:33.699965,loans.csv
7486,979,76,2023-07-08,2023-07-22,2023-07-26,2026-08-12T13:29:33.699965,loans.csv
6961,2077,3,2024-09-03,2024-09-17,2024-09-16,2026-08-12T13:29:33.699965,loans.csv
2459,674,3,2024-06-14,2024-06-28,2024-06-30,2026-08-12T13:29:33.699965,loans.csv
6862,2759,30,2021-11-28,2021-12-19,2021-12-15,2026-08-12T13:29:33.699965,loans.csv
432,1942,2,2024-08-15,2024-09-05,2024-08-30,2026-08-12T13:29:33.699965,loans.csv
8121,1108,1,2023-07-04,2023-07-18,2023-07-06,2026-08-12T13:29:33.699965,loans.csv
2181,209,3,2024-10-12,2024-11-02,2024-10-31,2026-08-12T13:29:33.699965,loans.csv
7931,105,2,2024-04-26,2024-05-10,,2026-08-12T13:29:33.699965,loans.csv
6586,1981,12,2021-11-11,2021-11-25,,2026-08-12T13:29:33.699965,loans.csv
6548,2739,10,2020-09-24,2020-10-08,2020-09-25,2026-08-12T13:29:33.699965,loans.csv
6122,2288,10,2024-09-15,2024-09-29,2024-09-24,2026-08-12T13:29:33.699965,loans.csv
6423,2495,6,2022-11-19,2022-12-03,2022-11-22,2026-08-12T13:29:33.699965,loans.csv
5705,2520,1,2024-03-11,2024-03-25,2024-03-14,2026-08-12T13:29:33.699965,loans.csv
7405,837,3,2023-05-06,2023-05-20,2023-05-11,2026-08-12T13:29:33.699965,loans.csv
6402,2137,2,2022-04-15,2022-04-29,2022-04-26,2026-08-12T13:29:33.699965,loans.csv
3527,2133,1,2024-12-15,2024-12-29,,2026-08-12T13:29:33.699965,loans.csv
8245,179,2,2022-10-19,2022-11-02,2022-10-22,2026-08-12T13:29:33.699965,loans.csv
2709,2632,1,2023-01-12,2023-01-26,2023-01-22,2026-08-12T13:29:33.699965,loans.csv
5060,2243,1,2022-03-23,2022-04-06,2022-04-09,2026-08-12T13:29:33.699965,loans.csv
5447,812,11,2022-03-29,2022-04-12,2022-04-02,2026-08-12T13:29:33.699965,loans.csv
7247,2386,1,2024-08-22,2024-09-05,2024-08-31,2026-08-12T13:29:33.699965,loans.csv
7019,2255,8,2023-10-30,2023-11-13,2023-11-06,2026-08-12T13:29:33.699965,loans.csv
8510,2614,12,2020-06-20,2020-07-04,2020-06-22,2026-08-12T13:29:33.699965,loans.csv
3102,461,1,2023-08-04,2023-08-18,2023-08-06,2026-08-12T13:29:33.699965,loans.csv
2501,1729,6,2023-12-02,2023-12-16,2023-12-06,2026-08-12T13:29:33.699965,loans.csv
2208,1086,2,2023-10-27,2023-11-10,2023-10-28,2026-08-12T13:29:33.699965,loans.csv
6062,1675,3,2024-05-12,2024-05-26,2024-05-24,2026-08-12T13:29:33.699965,loans.csv
8761,1689,1,2022-10-26,2022-11-09,2022-11-09,2026-08-12T13:29:33.699965,loans.csv
7274,2506,1,2023-03-26,2023-04-09,2023-04-12,2026-08-12T13:29:33.699965,loans.csv
2323,767,16,2023-12-14,2023-12-28,2023-12-26,2026-08-12T13:29:33.699965,loans.csv
617,1013,1,2022-06-14,2022-06-28,2022-06-15,2026-08-12T13:29:33.699965,loans.csv
3566,2449,13,2023-03-08,2023-03-22,2023-03-11,2026-08-12T13:29:33.699965,loans.csv
9515,1777,3,2024-07-11,2024-08-01,2024-09-05,2026-08-12T13:29:33.699965,loans.csv
8423,329,3,2024-08-14,2024-08-28,2024-08-17,2026-08-12T13:29:33.699965,loans.csv
2184,1878,1,2023-08-28,2023-09-11,2023-09-05,2026-08-12T13:29:33.699965,loans.csv
5908,2680,2,2020-11-18,2020-12-02,2020-11-22,2026-08-12T13:29:33.699965,loans.csv
8407,1698,3,2024-12-23,2025-01-06,,2026-08-12T13:29:33.699965,loans.csv
1114,1247,1,2021-06-11,2021-06-25,2021-06-25,2026-08-12T13:29:33.699965,loans.csv
161,2482,2,2024-06-29,2024-07-13,2024-08-09,2026-08-12T13:29:33.699965,loans.csv
9573,717,3,2021-08-23,2021-09-06,2021-09-13,2026-08-12T13:29:33.699965,loans.csv
9508,1056,1,2024-03-16,2024-04-06,2024-04-11,2026-08-12T13:29:33.699965,loans.csv
5980,2088,20,2024-04-08,2024-04-22,2024-04-23,2026-08-12T13:29:33.699965,loans.csv
2426,1883,1,2021-12-20,2022-01-03,2022-02-03,2026-08-12T13:29:33.699965,loans.csv
7562,2123,4,2024-12-03,2024-12-17,2024-12-07,2026-08-12T13:29:33.699965,loans.csv
1038,2348,6,2022-08-14,2022-08-28,2022-09-04,2026-08-12T13:29:33.699965,loans.csv
8093,1553,73,2024-11-12,2024-11-26,2024-11-13,2026-08-12T13:29:33.699965,loans.csv
6034,704,1,2024-07-21,2024-08-04,2024-07-22,2026-08-12T13:29:33.699965,loans.csv
7786,239,2,2024-10-02,2024-10-16,2024-10-14,2026-08-12T13:29:33.699965,loans.csv
215,2765,7,2023-12-29,2024-01-12,2023-12-31,2026-08-12T13:29:33.699965,loans.csv
2131,1943,3,2021-05-01,2021-05-15,,2026-08-12T13:29:33.699965,loans.csv
8067,664,91,2023-06-10,2023-06-24,,2026-08-12T13:29:33.699965,loans.csv
5226,2737,1,2024-02-02,2024-02-16,2024-02-20,2026-08-12T13:29:33.699965,loans.csv
7108,1663,7,2023-10-14,2023-10-28,2023-10-23,2026-08-12T13:29:33.699965,loans.csv
2963,1740,1,2024-07-01,2024-07-22,2024-07-18,2026-08-12T13:29:33.699965,loans.csv
1502,2675,15,2024-03-10,2024-03-24,2024-03-17,2026-08-12T13:29:33.699965,loans.csv
309,133,1,2022-11-03,2022-11-17,2022-12-29,2026-08-12T13:29:33.699965,loans.csv
4725,714,1,2023-10-05,2023-10-19,2023-10-12,2026-08-12T13:29:33.699965,loans.csv
4625,1323,2,2022-12-15,2022-12-29,2023-01-05,2026-08-12T13:29:33.699965,loans.csv
4718,363,3,2020-08-27,2020-09-10,2020-09-02,2026-08-12T13:29:33.699965,loans.csv
8483,2623,1,2023-09-01,2023-09-15,2023-10-12,2026-08-12T13:29:33.699965,loans.csv
8054,1678,7,2020-08-01,2020-08-15,,2026-08-12T13:29:33.699965,loans.csv
989,70,1,2021-07-24,2021-08-07,2021-08-01,2026-08-12T13:29:33.699965,loans.csv
2183,2538,2,2023-11-22,2023-12-13,2023-12-13,2026-08-12T13:29:33.699965,loans.csv
7398,1856,2,2024-11-15,2024-11-29,2024-11-26,2026-08-12T13:29:33.699965,loans.csv
3753,1178,1,2024-09-17,2024-10-08,2024-09-28,2026-08-12T13:29:33.699965,loans.csv
5101,1737,1,2024-11-27,2024-12-11,,2026-08-12T13:29:33.699965,loans.csv
9209,904,5,2023-01-13,2023-01-27,2023-01-17,2026-08-12T13:29:33.699965,loans.csv
5627,1788,1,2023-03-14,2023-04-04,2023-03-29,2026-08-12T13:29:33.699965,loans.csv
580,1378,1,2023-10-09,2023-10-23,2023-10-13,2026-08-12T13:29:33.699965,loans.csv
7997,674,1,2023-12-27,2024-01-10,2024-01-10,2026-08-12T13:29:33.699965,loans.csv
4199,212,1,2024-05-17,2024-05-31,2024-05-26,2026-08-12T13:29:33.699965,loans.csv
6588,187,11,2022-03-11,2022-03-25,2022-03-19,2026-08-12T13:29:33.699965,loans.csv
4653,2237,1,2023-12-13,2023-12-27,2023-12-20,2026-08-12T13:29:33.699965,loans.csv
8263,421,86,2024-11-27,2024-12-18,2024-12-13,2026-08-12T13:29:33.699965,loans.csv
8828,1730,4,2024-11-11,2024-11-25,2024-11-29,2026-08-12T13:29:33.699965,loans.csv
671,1905,1,2024-02-21,2024-03-06,,2026-08-12T13:29:33.699965,loans.csv
1477,2072,1,2023-05-09,2023-05-23,,2026-08-12T13:29:33.699965,loans.csv
3294,2366,4,2024-04-21,2024-05-05,2024-06-09,2026-08-12T13:29:33.699965,loans.csv
542,1815,1,2023-06-13,2023-06-27,2023-06-17,2026-08-12T13:29:33.699965,loans.csv
3740,1892,2,2022-10-20,2022-11-03,2022-10-28,2026-08-12T13:29:33.699965,loans.csv
3436,882,2,2023-09-28,2023-10-12,2023-10-02,2026-08-12T13:29:33.699965,loans.csv
1400,128,26,2024-04-28,2024-05-12,,2026-08-12T13:29:33.699965,loans.csv
8150,491,2,2023-10-28,2023-11-11,2023-11-11,2026-08-12T13:29:33.699965,loans.csv
5438,317,1,2023-10-09,2023-10-23,,2026-08-12T13:29:33.699965,loans.csv
2645,279,40,2023-10-30,2023-11-13,2023-11-05,2026-08-12T13:29:33.699965,loans.csv
3787,2676,2,2022-05-18,2022-06-01,2022-05-26,2026-08-12T13:29:33.699965,loans.csv
8349,1711,1,2020-04-11,2020-04-25,2020-04-15,2026-08-12T13:29:33.699965,loans.csv
273,2449,2,2022-12-28,2023-01-11,2023-01-13,2026-08-12T13:29:33.699965,loans.csv
4824,2469,1,2023-01-27,2023-02-10,2023-01-28,2026-08-12T13:29:33.699965,loans.csv
5755,1374,1,2023-01-21,2023-02-04,2023-01-28,2026-08-12T13:29:33.699965,loans.csv
8366,2443,3,2024-09-24,2024-10-08,2024-09-28,2026-08-12T13:29:33.699965,loans.csv
6563,32,2,2024-07-30,2024-08-13,2024-08-19,2026-08-12T13:29:33.699965,loans.csv
3246,1957,9,2021-01-31,2021-02-14,2021-02-17,2026-08-12T13:29:33.699965,loans.csv
8317,1901,1,2022-08-30,2022-09-13,2022-09-08,2026-08-12T13:29:33.699965,loans.csv
7683,50,1,2022-06-17,2022-07-01,2022-07-06,2026-08-12T13:29:33.699965,loans.csv
5311,29,1,2024-02-19,2024-03-04,2024-03-06,2026-08-12T13:29:33.699965,loans.csv
4875,599,3,2023-09-09,2023-09-23,,2026-08-12T13:29:33.699965,loans.csv
7911,218,4,2024-01-24,2024-02-07,2024-02-08,2026-08-12T13:29:33.699965,loans.csv
5359,11,5,2022-11-30,2022-12-14,2022-12-08,2026-08-12T13:29:33.699965,loans.csv
6271,1592,1,2024-10-12,2024-10-26,2024-10-17,2026-08-12T13:29:33.699965,loans.csv
1668,2003,2,2023-11-11,2023-11-25,2023-11-13,2026-08-12T13:29:33.699965,loans.csv
1222,612,12,2021-08-05,2021-08-19,2021-08-09,2026-08-12T13:29:33.699965,loans.csv
1961,165,11,2024-04-11,2024-04-25,2024-04-19,2026-08-12T13:29:33.699965,loans.csv
6624,1638,1,2024-10-21,2024-11-11,2024-10-30,2026-08-12T13:29:33.699965,loans.csv
6714,628,10,2020-04-19,2020-05-10,2020-04-23,2026-08-12T13:29:33.699965,loans.csv
3952,720,1,2024-01-01,2024-01-15,,2026-08-12T13:29:33.699965,loans.csv
5963,1926,5,2020-04-06,2020-04-20,2020-04-25,2026-08-12T13:29:33.699965,loans.csv
5865,355,1,2022-12-12,2022-12-26,,2026-08-12T13:29:33.699965,loans.csv
3033,1139,1,2024-09-04,2024-09-18,2024-09-07,2026-08-12T13:29:33.699965,loans.csv
8471,2697,7,2023-08-27,2023-09-10,2023-09-17,2026-08-12T13:29:33.699965,loans.csv
7289,510,9,2022-12-08,2022-12-22,2022-12-27,2026-08-12T13:29:33.699965,loans.csv
6675,2626,1,2024-01-05,2024-01-19,2024-01-14,2026-08-12T13:29:33.699965,loans.csv
5323,2545,2,2022-06-05,2022-06-19,2022-06-19,2026-08-12T13:29:33.699965,loans.csv
6287,534,2,2024-09-09,2024-09-23,2024-09-28,2026-08-12T13:29:33.699965,loans.csv
8480,334,1,2024-09-23,2024-10-07,,2026-08-12T13:29:33.699965,loans.csv
1253,359,1,2024-05-17,2024-05-31,2024-05-30,2026-08-12T13:29:33.699965,loans.csv
2903,1792,8,2022-01-09,2022-01-23,,2026-08-12T13:29:33.699965,loans.csv
7685,2023,32,2023-05-25,2023-06-08,2023-05-29,2026-08-12T13:29:33.699965,loans.csv
3538,1015,103,2022-02-13,2022-02-27,2022-02-23,2026-08-12T13:29:33.699965,loans.csv
6338,871,47,2024-03-23,2024-04-13,2024-04-06,2026-08-12T13:29:33.699965,loans.csv
3735,1925,1,2024-02-07,2024-02-21,2024-02-23,2026-08-12T13:29:33.699965,loans.csv
6758,1748,1,2022-08-03,2022-08-17,2022-08-24,2026-08-12T13:29:33.699965,loans.csv
3699,312,42,2022-02-13,2022-02-27,,2026-08-12T13:29:33.699965,loans.csv
2382,467,4,2021-10-16,2021-10-30,2021-10-28,2026-08-12T13:29:33.699965,loans.csv
7960,536,1,2023-12-27,2024-01-10,2024-01-06,2026-08-12T13:29:33.699965,loans.csv
3088,2208,3,2023-04-26,2023-05-10,2023-04-28,2026-08-12T13:29:33.699965,loans.csv
9609,1301,5,2020-02-08,2020-02-22,,2026-08-12T13:29:33.699965,loans.csv
9408,2142,1,2024-07-25,2024-08-15,2024-07-27,2026-08-12T13:29:33.699965,loans.csv
8786,1040,2,2024-07-08,2024-07-22,2024-07-09,2026-08-12T13:29:33.699965,loans.csv
1562,1772,1,2023-02-08,2023-02-22,2023-02-15,2026-08-12T13:29:33.699965,loans.csv
5264,103,111,2021-03-16,2021-03-30,2021-03-17,2026-08-12T13:29:33.699965,loans.csv
7156,180,2,2022-01-04,2022-01-18,2022-01-12,2026-08-12T13:29:33.699965,loans.csv
881,410,1,2023-10-11,2023-10-25,2023-10-26,2026-08-12T13:29:33.699965,loans.csv
5890,2477,1,2024-06-12,2024-07-03,2024-07-03,2026-08-12T13:29:33.699965,loans.csv
8154,2276,78,2022-12-15,2022-12-29,2022-12-23,2026-08-12T13:29:33.699965,loans.csv
9252,1596,30,2023-05-05,2023-05-19,2023-05-07,2026-08-12T13:29:33.699965,loans.csv
6488,2748,6,2022-07-31,2022-08-14,,2026-08-12T13:29:33.699965,loans.csv
1457,1423,3,2024-02-14,2024-02-28,2024-02-16,2026-08-12T13:29:33.699965,loans.csv
374,1780,1,2024-12-10,2024-12-24,2024-12-14,2026-08-12T13:29:33.699965,loans.csv
7252,1932,1,2020-09-06,2020-09-20,2020-09-21,2026-08-12T13:29:33.699965,loans.csv
1602,2425,8,2023-11-30,2023-12-14,2023-12-01,2026-08-12T13:29:33.699965,loans.csv
7594,86,1,2024-05-10,2024-05-24,2024-05-28,2026-08-12T13:29:33.699965,loans.csv
7924,1406,1,2022-08-24,2022-08-21,2022-09-05,2026-08-12T13:29:33.699965,loans.csv
8961,771,10,2020-11-07,2020-11-28,2020-11-22,2026-08-12T13:29:33.699965,loans.csv
6093,683,2,2022-08-18,2022-09-01,2022-08-21,2026-08-12T13:29:33.699965,loans.csv
514,928,17,2024-12-15,2024-12-29,,2026-08-12T13:29:33.699965,loans.csv
8073,1493,5,2023-05-25,2023-06-08,2023-06-02,2026-08-12T13:29:33.699965,loans.csv
9248,2025,1,2023-10-23,2023-11-06,2023-11-03,2026-08-12T13:29:33.699965,loans.csv
1044,2756,4,2024-05-11,2024-05-25,2024-05-28,2026-08-12T13:29:33.699965,loans.csv
9119,1926,1,2020-02-13,2020-03-05,2020-02-23,2026-08-12T13:29:33.699965,loans.csv
3612,1299,1,2023-06-02,2023-06-16,2023-06-08,2026-08-12T13:29:33.699965,loans.csv
4505,2449,48,2024-08-25,2024-09-08,2024-08-29,2026-08-12T13:29:33.699965,loans.csv
6617,2765,1,2023-06-14,2023-06-28,2023-06-17,2026-08-12T13:29:33.699965,loans.csv
7275,2781,1,2022-12-23,2023-01-06,2023-01-11,2026-08-12T13:29:33.699965,loans.csv
6906,1440,3,2023-05-07,2023-05-21,2023-05-14,2026-08-12T13:29:33.699965,loans.csv
8590,612,1,2020-05-19,2020-06-02,2020-05-21,2026-08-12T13:29:33.699965,loans.csv
4949,667,3,2024-11-28,2024-12-12,2024-12-04,2026-08-12T13:29:33.699965,loans.csv
6528,1883,35,2021-11-01,2021-11-15,,2026-08-12T13:29:33.699965,loans.csv
5352,1543,1,2024-11-05,2024-11-19,2024-11-22,2026-08-12T13:29:33.699965,loans.csv
4825,2259,8,2024-07-27,2024-08-17,2024-08-01,2026-08-12T13:29:33.699965,loans.csv
9228,638,2,2024-04-16,2024-04-30,,2026-08-12T13:29:33.699965,loans.csv
7470,599,1,2024-11-29,2024-12-13,2024-12-13,2026-08-12T13:29:33.699965,loans.csv
9195,1128,22,2024-11-19,2024-12-03,2024-12-06,2026-08-12T13:29:33.699965,loans.csv
9171,2349,1,2020-10-06,2020-10-20,2020-10-11,2026-08-12T13:29:33.699965,loans.csv
8385,1847,1,2024-11-17,2024-12-01,2024-12-07,2026-08-12T13:29:33.699965,loans.csv
8784,1523,1,2023-11-25,2023-12-09,2023-12-02,2026-08-12T13:29:33.699965,loans.csv
6060,1166,7,2023-05-03,2023-05-17,2023-05-15,2026-08-12T13:29:33.699965,loans.csv
1324,636,58,2022-10-08,2022-10-22,2022-10-25,2026-08-12T13:29:33.699965,loans.csv
2025,2119,5,2022-11-21,2022-12-05,2022-12-03,2026-08-12T13:29:33.699965,loans.csv
6908,1219,1,2022-12-27,2023-01-10,2023-02-21,2026-08-12T13:29:33.699965,loans.csv
1187,449,7,2022-07-11,2022-07-25,2022-09-08,2026-08-12T13:29:33.699965,loans.csv
5843,1952,2,2024-10-01,2024-10-15,2024-10-15,2026-08-12T13:29:33.699965,loans.csv
7239,1167,1,2024-06-05,2024-06-19,2024-06-08,2026-08-12T13:29:33.699965,loans.csv
1421,1383,1,2024-12-18,2025-01-01,,2026-08-12T13:29:33.699965,loans.csv
1788,2723,32,2024-08-29,2024-09-12,2024-09-12,2026-08-12T13:29:33.699965,loans.csv
3624,2025,153,2022-01-02,2022-01-16,2022-01-22,2026-08-12T13:29:33.699965,loans.csv
7148,700,1,2021-02-11,2021-02-25,2021-03-21,2026-08-12T13:29:33.699965,loans.csv
3808,2483,4,2024-09-12,2024-09-26,2024-09-23,2026-08-12T13:29:33.699965,loans.csv
6416,1672,4,2024-11-28,2024-12-12,2024-12-18,2026-08-12T13:29:33.699965,loans.csv
4217,2774,2,2023-10-14,2023-10-28,2023-10-30,2026-08-12T13:29:33.699965,loans.csv
6141,2313,40,2020-09-26,2020-10-17,2020-10-03,2026-08-12T13:29:33.699965,loans.csv
9012,860,69,2023-09-05,2023-09-19,2023-09-16,2026-08-12T13:29:33.699965,loans.csv
2244,668,3,2024-04-13,2024-05-04,2024-05-09,2026-08-12T13:29:33.699965,loans.csv
9169,1743,167,2021-10-29,2021-11-12,2021-11-07,2026-08-12T13:29:33.699965,loans.csv
6443,736,1,2023-10-06,2023-10-20,2023-10-27,2026-08-12T13:29:33.699965,loans.csv
1415,2602,5,2024-10-10,2024-10-24,2024-10-25,2026-08-12T13:29:33.699965,loans.csv
6647,880,5,2022-04-05,2022-04-19,2022-04-11,2026-08-12T13:29:33.699965,loans.csv
5937,1083,60,2023-05-21,2023-06-04,,2026-08-12T13:29:33.699965,loans.csv
7861,20,2,2023-06-07,2023-06-21,2023-06-25,2026-08-12T13:29:33.699965,loans.csv
4844,913,1,2024-10-25,2024-11-08,,2026-08-12T13:29:33.699965,loans.csv
2497,674,15,2022-10-12,2022-10-26,2022-10-20,2026-08-12T13:29:33.699965,loans.csv
240,2094,5,2024-10-26,2024-11-09,2024-11-07,2026-08-12T13:29:33.699965,loans.csv
3400,635,98,2023-11-07,2023-11-21,2023-11-17,2026-08-12T13:29:33.699965,loans.csv
8662,2522,1,2024-12-19,2025-01-02,,2026-08-12T13:29:33.699965,loans.csv
7294,229,1,2022-03-10,2022-03-24,2022-03-13,2026-08-12T13:29:33.699965,loans.csv
387,1522,8,2021-11-24,2021-12-08,2021-12-05,2026-08-12T13:29:33.699965,loans.csv
6744,2626,2,2023-05-02,2023-05-16,2023-05-20,2026-08-12T13:29:33.699965,loans.csv
8431,1814,1,2024-05-21,2024-06-04,2024-05-26,2026-08-12T13:29:33.699965,loans.csv
3251,2023,7,2024-02-01,2024-02-15,2024-02-15,2026-08-12T13:29:33.699965,loans.csv
6665,1948,5,2023-11-27,2023-12-11,2023-12-01,2026-08-12T13:29:33.699965,loans.csv
3778,1441,17,2024-05-28,2024-06-11,,2026-08-12T13:29:33.699965,loans.csv
6051,930,1,2024-12-06,2024-12-20,,2026-08-12T13:29:33.699965,loans.csv
3418,168,1,2024-12-08,2024-12-22,,2026-08-12T13:29:33.699965,loans.csv
3178,69,2,2022-06-26,2022-07-10,2022-07-16,2026-08-12T13:29:33.699965,loans.csv
8099,2088,8,2024-01-27,2024-02-10,2024-02-15,2026-08-12T13:29:33.699965,loans.csv
187,2077,5,2024-02-17,2024-03-02,,2026-08-12T13:29:33.699965,loans.csv
4496,1982,22,2024-04-21,2024-05-12,2024-05-25,2026-08-12T13:29:33.699965,loans.csv
6913,103,1,2021-12-10,2021-12-24,2021-12-26,2026-08-12T13:29:33.699965,loans.csv
4123,205,1,2024-11-14,2024-11-28,2024-11-17,2026-08-12T13:29:33.699965,loans.csv
2395,394,10,2024-07-08,2024-07-29,2024-08-01,2026-08-12T13:29:33.699965,loans.csv
4037,472,11,2022-11-20,2022-12-04,,2026-08-12T13:29:33.699965,loans.csv
8605,970,77,2024-07-10,2024-07-24,2024-07-23,2026-08-12T13:29:33.699965,loans.csv
7037,1988,2,2024-08-11,2024-08-25,2024-08-28,2026-08-12T13:29:33.699965,loans.csv
5647,1030,131,2024-03-08,2024-03-22,2024-03-23,2026-08-12T13:29:33.699965,loans.csv
7632,1659,1,2021-07-10,2021-07-24,,2026-08-12T13:29:33.699965,loans.csv
3424,1178,11,2024-07-30,2024-08-13,2024-09-08,2026-08-12T13:29:33.699965,loans.csv
1968,2311,11,2024-12-01,2024-12-15,2024-12-10,2026-08-12T13:29:33.699965,loans.csv
8610,2783,3,2024-10-08,2024-10-22,2024-10-26,2026-08-12T13:29:33.699965,loans.csv
7237,2206,1,2022-04-27,2022-05-11,2022-04-28,2026-08-12T13:29:33.699965,loans.csv
6318,400,1,2023-09-14,2023-09-28,,2026-08-12T13:29:33.699965,loans.csv
5478,2764,1,2023-02-18,2023-03-04,2023-03-01,2026-08-12T13:29:33.699965,loans.csv
3588,674,1,2024-06-16,2024-06-30,2024-06-25,2026-08-12T13:29:33.699965,loans.csv
3956,311,2,2023-12-16,2023-12-30,,2026-08-12T13:29:33.699965,loans.csv
9415,2017,4,2022-08-02,2022-08-23,2022-08-09,2026-08-12T13:29:33.699965,loans.csv
5549,935,2,2022-09-17,2022-10-01,2022-10-05,2026-08-12T13:29:33.699965,loans.csv
8274,1716,1,2022-01-28,2022-02-11,2022-02-01,2026-08-12T13:29:33.699965,loans.csv
6209,1211,1,2023-05-27,2023-06-10,2023-06-03,2026-08-12T13:29:33.699965,loans.csv
7095,1761,8,2023-10-16,2023-10-30,2023-10-19,2026-08-12T13:29:33.699965,loans.csv
1706,2102,1,2024-08-26,2024-09-09,2024-08-28,2026-08-12T13:29:33.699965,loans.csv
2329,1971,1,2024-11-12,2024-11-26,2024-11-30,2026-08-12T13:29:33.699965,loans.csv
4494,1573,1,2024-09-19,2024-10-03,,2026-08-12T13:29:33.699965,loans.csv
3768,2701,4,2023-12-26,2024-01-16,2024-01-01,2026-08-12T13:29:33.699965,loans.csv
5558,2262,1,2024-11-27,2024-12-11,2024-12-14,2026-08-12T13:29:33.699965,loans.csv
893,950,10,2023-10-22,2023-11-05,,2026-08-12T13:29:33.699965,loans.csv
355,2541,1,2021-02-08,2021-02-22,2021-02-11,2026-08-12T13:29:33.699965,loans.csv
8045,420,1,2021-09-20,2021-10-04,2021-10-02,2026-08-12T13:29:33.699965,loans.csv
8379,881,3,2024-12-14,2024-12-28,,2026-08-12T13:29:33.699965,loans.csv
7382,850,2,2024-05-19,2024-06-02,2024-05-23,2026-08-12T13:29:33.699965,loans.csv
3361,1339,1,2024-04-24,2024-05-08,2024-05-01,2026-08-12T13:29:33.699965,loans.csv
8928,1785,1,2024-12-25,2025-01-08,,2026-08-12T13:29:33.699965,loans.csv
1546,2540,2,2023-01-27,2023-02-10,2023-02-03,2026-08-12T13:29:33.699965,loans.csv
1090,682,1,2024-06-12,2024-06-26,2024-06-23,2026-08-12T13:29:33.699965,loans.csv
6247,1573,4,2024-12-26,2025-01-09,,2026-08-12T13:29:33.699965,loans.csv
8819,2092,3,2024-09-04,2024-09-18,2024-09-06,2026-08-12T13:29:33.699965,loans.csv
3622,2580,33,2020-03-22,2020-04-05,2020-04-03,2026-08-12T13:29:33.699965,loans.csv
9084,888,16,2023-09-16,2023-09-30,2023-10-02,2026-08-12T13:29:33.699965,loans.csv
6699,2119,1,2024-05-03,2024-05-17,2024-05-22,2026-08-12T13:29:33.699965,loans.csv
8033,2752,1,2024-10-25,2024-11-15,,2026-08-12T13:29:33.699965,loans.csv
506,2445,4,2024-10-27,2024-11-10,2024-11-16,2026-08-12T13:29:33.699965,loans.csv
8997,1832,8,2024-02-13,2024-03-05,2024-02-26,2026-08-12T13:29:33.699965,loans.csv
4948,1798,1,2023-12-20,2024-01-03,2023-12-29,2026-08-12T13:29:33.699965,loans.csv
7088,871,1,2022-12-22,2023-01-05,2023-01-03,2026-08-12T13:29:33.699965,loans.csv
9387,49,1,2023-11-30,2023-12-14,2023-12-13,2026-08-12T13:29:33.699965,loans.csv
2522,105,1,2024-11-04,2024-11-18,2024-11-15,2026-08-12T13:29:33.699965,loans.csv
9467,2039,1,2024-12-23,2025-01-06,,2026-08-12T13:29:33.699965,loans.csv
4795,477,1,2023-09-17,2023-10-01,2023-10-04,2026-08-12T13:29:33.699965,loans.csv
7401,1909,2,2024-03-14,2024-03-28,2024-03-28,2026-08-12T13:29:33.699965,loans.csv
2310,1376,1,2021-07-29,2021-08-12,2021-08-12,2026-08-12T13:29:33.699965,loans.csv
3785,559,1,2021-07-09,2021-07-30,2021-07-25,2026-08-12T13:29:33.699965,loans.csv
8866,1884,47,2024-03-15,2024-03-29,2024-03-19,2026-08-12T13:29:33.699965,loans.csv
2704,1656,63,2024-10-11,2024-10-25,2024-10-25,2026-08-12T13:29:33.699965,loans.csv
4279,127,1,2022-05-23,2022-06-06,,2026-08-12T13:29:33.699965,loans.csv
5014,2373,1,2023-03-23,2023-04-06,2023-04-12,2026-08-12T13:29:33.699965,loans.csv
7135,2704,1,2022-03-22,2022-04-05,2022-04-03,2026-08-12T13:29:33.699965,loans.csv
8637,2330,1,2022-08-29,2022-09-12,,2026-08-12T13:29:33.699965,loans.csv
7988,2468,3,2023-08-26,2023-09-09,2023-09-16,2026-08-12T13:29:33.699965,loans.csv
3861,1349,14,2021-03-25,2021-04-15,2021-04-16,2026-08-12T13:29:33.699965,loans.csv
9272,1303,2,2024-09-05,2024-09-19,,2026-08-12T13:29:33.699965,loans.csv
9592,646,52,2022-10-05,2022-10-19,2022-10-07,2026-08-12T13:29:33.699965,loans.csv
8714,2459,6,2024-07-13,2024-07-27,2024-08-29,2026-08-12T13:29:33.699965,loans.csv
6897,640,43,2023-11-09,2023-11-23,2023-12-23,2026-08-12T13:29:33.699965,loans.csv
5965,2558,2,2021-06-08,2021-06-22,2021-07-14,2026-08-12T13:29:33.699965,loans.csv
7500,1766,1,2024-05-08,2024-05-22,2024-05-12,2026-08-12T13:29:33.699965,loans.csv
3812,402,2,2024-06-24,2024-07-08,,2026-08-12T13:29:33.699965,loans.csv
4024,2084,4,2022-09-15,2022-09-29,2022-09-25,2026-08-12T13:29:33.699965,loans.csv
3456,2797,1,2022-04-12,2022-04-26,2022-04-16,2026-08-12T13:29:33.699965,loans.csv
8958,2745,2,2024-04-23,2024-05-07,2024-04-29,2026-08-12T13:29:33.699965,loans.csv
1149,1479,1,2022-08-27,2022-09-10,2022-09-06,2026-08-12T13:29:33.699965,loans.csv
1070,301,1,2022-03-20,2022-04-03,2022-04-01,2026-08-12T13:29:33.699965,loans.csv
5938,848,2,2024-11-02,2024-11-16,2024-11-13,2026-08-12T13:29:33.699965,loans.csv
4838,1371,5,2024-11-02,2024-11-16,2024-11-17,2026-08-12T13:29:33.699965,loans.csv
4706,2589,1,2024-09-13,2024-09-27,2024-09-19,2026-08-12T13:29:33.699965,loans.csv
8678,366,11,2022-06-13,2022-06-27,2022-06-17,2026-08-12T13:29:33.699965,loans.csv
8350,187,1,2022-05-17,2022-05-31,2022-05-26,2026-08-12T13:29:33.699965,loans.csv
2076,989,1,2024-12-03,2024-12-17,2025-01-21,2026-08-12T13:29:33.699965,loans.csv
8504,2451,3,2022-08-01,2022-08-15,2022-08-11,2026-08-12T13:29:33.699965,loans.csv
324,1846,3,2023-07-31,2023-08-14,2023-08-10,2026-08-12T13:29:33.699965,loans.csv
7901,659,2,2024-09-20,2024-10-04,2024-09-21,2026-08-12T13:29:33.699965,loans.csv
5923,2493,2,2022-08-26,2022-09-09,2022-08-30,2026-08-12T13:29:33.699965,loans.csv
1641,2141,3,2023-02-26,2023-03-12,2023-03-08,2026-08-12T13:29:33.699965,loans.csv
5121,1382,1,2022-09-21,2022-10-12,2022-10-17,2026-08-12T13:29:33.699965,loans.csv
7804,2618,15,2021-01-10,2021-01-24,2021-01-14,2026-08-12T13:29:33.699965,loans.csv
6838,2106,1,2023-11-24,2023-12-08,,2026-08-12T13:29:33.699965,loans.csv
1773,1892,1,2021-11-08,2021-11-22,2021-11-24,2026-08-12T13:29:33.699965,loans.csv
290,701,1,2023-09-26,2023-10-10,2023-10-04,2026-08-12T13:29:33.699965,loans.csv
8808,1883,143,2021-10-18,2021-11-01,2021-10-20,2026-08-12T13:29:33.699965,loans.csv
4790,488,182,2021-12-08,2021-12-29,2021-12-11,2026-08-12T13:29:33.699965,loans.csv
691,1139,3,2024-07-28,2024-08-11,2024-08-01,2026-08-12T13:29:33.699965,loans.csv
5022,1359,1,2024-08-29,2024-08-16,2024-09-17,2026-08-12T13:29:33.699965,loans.csv
3920,920,8,2023-12-27,2024-01-17,2024-01-21,2026-08-12T13:29:33.699965,loans.csv
8539,1996,1,2022-09-29,2022-10-13,2022-11-12,2026-08-12T13:29:33.699965,loans.csv
9439,600,2,2020-05-23,2020-06-06,2020-06-11,2026-08-12T13:29:33.699965,loans.csv
6976,136,94,2023-04-20,2023-05-04,2023-04-27,2026-08-12T13:29:33.699965,loans.csv
2360,1058,1,2023-03-24,2023-04-07,2023-04-06,2026-08-12T13:29:33.699965,loans.csv
9178,2227,79,2023-08-15,2023-08-29,2023-08-30,2026-08-12T13:29:33.699965,loans.csv
7022,677,1,2022-10-19,2022-11-02,2022-11-09,2026-08-12T13:29:33.699965,loans.csv
5071,1942,13,2024-07-22,2024-08-05,2024-07-29,2026-08-12T13:29:33.699965,loans.csv
6272,1262,2,2024-06-25,2024-07-09,,2026-08-12T13:29:33.699965,loans.csv
8269,1910,1,2024-05-06,2024-05-20,2024-05-26,2026-08-12T13:29:33.699965,loans.csv
1213,146,1,2024-11-30,2024-12-14,,2026-08-12T13:29:33.699965,loans.csv
4738,871,1,2023-11-02,2023-11-16,,2026-08-12T13:29:33.699965,loans.csv
7805,464,104,2024-10-07,2024-10-21,2024-10-10,2026-08-12T13:29:33.699965,loans.csv
2261,1421,1,2023-11-27,2023-12-11,2023-12-09,2026-08-12T13:29:33.699965,loans.csv
8076,611,6,2024-12-01,2024-12-15,2024-12-07,2026-08-12T13:29:33.699965,loans.csv
9396,2390,3,2024-01-28,2024-02-11,,2026-08-12T13:29:33.699965,loans.csv
792,1149,1,2020-10-11,2020-10-25,2020-10-14,2026-08-12T13:29:33.699965,loans.csv
7089,1294,9,2021-11-09,2021-11-23,2021-11-17,2026-08-12T13:29:33.699965,loans.csv
7527,1507,12,2024-10-12,2024-10-26,2024-10-20,2026-08-12T13:29:33.699965,loans.csv
1814,2013,15,2024-02-25,2024-03-10,2024-03-04,2026-08-12T13:29:33.699965,loans.csv
2449,1191,4,2023-05-08,2023-05-22,2023-05-19,2026-08-12T13:29:33.699965,loans.csv
2098,2104,2,2024-04-20,2024-05-04,2024-04-21,2026-08-12T13:29:33.699965,loans.csv
8893,2758,5,2022-06-01,2022-06-15,2022-06-02,2026-08-12T13:29:33.699965,loans.csv
6370,1517,11,2020-12-03,2020-12-17,2020-12-19,2026-08-12T13:29:33.699965,loans.csv
1214,1544,1,2024-10-08,2024-10-22,2024-10-16,2026-08-12T13:29:33.699965,loans.csv
3881,2600,1,2023-07-27,2023-08-10,2023-08-13,2026-08-12T13:29:33.699965,loans.csv
5512,1260,2,2024-11-23,2024-12-07,2024-11-28,2026-08-12T13:29:33.699965,loans.csv
7848,1026,1,2023-01-29,2023-02-12,2023-02-08,2026-08-12T13:29:33.699965,loans.csv
3139,1423,1,2023-05-13,2023-06-03,2023-06-09,2026-08-12T13:29:33.699965,loans.csv
5738,494,105,2024-08-24,2024-09-07,2024-09-06,2026-08-12T13:29:33.699965,loans.csv
6766,1789,119,2024-05-19,2024-06-02,2024-05-25,2026-08-12T13:29:33.699965,loans.csv
595,2494,46,2020-05-15,2020-06-05,2020-05-18,2026-08-12T13:29:33.699965,loans.csv
4230,2440,3,2023-10-26,2023-11-09,2023-11-11,2026-08-12T13:29:33.699965,loans.csv
3155,105,4,2024-04-22,2024-05-06,2024-05-11,2026-08-12T13:29:33.699965,loans.csv
504,1976,1,2020-12-13,2020-12-27,2020-12-29,2026-08-12T13:29:33.699965,loans.csv
3344,614,2,2023-08-29,2023-09-12,2023-09-01,2026-08-12T13:29:33.699965,loans.csv
4466,1461,25,2021-12-14,2021-12-28,2021-12-17,2026-08-12T13:29:33.699965,loans.csv
739,2079,1,2024-12-25,2025-01-08,,2026-08-12T13:29:33.699965,loans.csv
6814,1197,97,2023-08-28,2023-09-11,,2026-08-12T13:29:33.699965,loans.csv
8910,1503,1,2023-03-26,2023-04-09,,2026-08-12T13:29:33.699965,loans.csv
1059,2545,1,2024-08-30,2024-09-20,2024-09-17,2026-08-12T13:29:33.699965,loans.csv
5619,456,2,2021-12-09,2021-12-23,2021-12-22,2026-08-12T13:29:33.699965,loans.csv
6633,1475,14,2022-11-09,2022-11-23,2022-11-12,2026-08-12T13:29:33.699965,loans.csv
4521,572,1,2023-05-27,2023-06-10,2023-05-31,2026-08-12T13:29:33.699965,loans.csv
8258,2337,2,2023-04-25,2023-05-09,2023-05-02,2026-08-12T13:29:33.699965,loans.csv
2613,659,1,2024-07-16,2024-07-30,2024-08-03,2026-08-12T13:29:33.699965,loans.csv
1975,604,3,2022-01-25,2022-02-08,2022-02-03,2026-08-12T13:29:33.699965,loans.csv
1256,2717,1,2023-02-02,2023-02-16,2023-02-21,2026-08-12T13:29:33.699965,loans.csv
3851,2181,1,2024-11-07,2024-11-21,2024-11-19,2026-08-12T13:29:33.699965,loans.csv
2917,152,1,2024-02-09,2024-02-23,2024-02-29,2026-08-12T13:29:33.699965,loans.csv
8300,2558,22,2024-10-22,2024-11-05,2024-11-05,2026-08-12T13:29:33.699965,loans.csv
4002,57,14,2022-08-18,2022-09-01,2022-10-09,2026-08-12T13:29:33.699965,loans.csv
416,2436,1,2023-07-06,2023-07-20,2023-07-22,2026-08-12T13:29:33.699965,loans.csv
5247,1781,11,2020-07-02,2020-07-16,2020-07-16,2026-08-12T13:29:33.699965,loans.csv
8424,534,4,2024-07-04,2024-07-18,2024-07-07,2026-08-12T13:29:33.699965,loans.csv
4916,1814,4,2023-07-29,2023-08-12,2023-08-06,2026-08-12T13:29:33.699965,loans.csv
7547,1432,8,2021-01-12,2021-01-26,,2026-08-12T13:29:33.699965,loans.csv
6172,1183,31,2024-10-30,2024-11-13,,2026-08-12T13:29:33.699965,loans.csv
1625,1376,1,2022-08-29,2022-09-12,2022-09-16,2026-08-12T13:29:33.699965,loans.csv
6436,2651,1,2024-10-07,2024-10-21,2024-10-26,2026-08-12T13:29:33.699965,loans.csv
7826,1510,1,2024-07-11,2024-07-25,2024-07-12,2026-08-12T13:29:33.699965,loans.csv
8107,295,44,2024-03-12,2024-03-26,,2026-08-12T13:29:33.699965,loans.csv
5,1819,11,2024-07-19,2024-08-02,2024-07-22,2026-08-12T13:29:33.699965,loans.csv
3100,128,3,2021-08-20,2021-09-03,,2026-08-12T13:29:33.699965,loans.csv
470,2743,1,2024-11-27,2024-12-11,2025-01-16,2026-08-12T13:29:33.699965,loans.csv
457,2459,2,2024-09-29,2024-10-13,2024-10-05,2026-08-12T13:29:33.699965,loans.csv
4760,1942,4,2024-08-13,2024-08-27,2024-08-24,2026-08-12T13:29:33.699965,loans.csv
4719,2190,169,2021-06-25,2021-07-09,2021-07-13,2026-08-12T13:29:33.699965,loans.csv
7668,920,1,2024-08-31,2024-09-14,,2026-08-12T13:29:33.699965,loans.csv
458,1761,15,2021-10-31,2021-11-14,2021-11-11,2026-08-12T13:29:33.699965,loans.csv
7810,2158,7,2023-05-15,2023-05-29,,2026-08-12T13:29:33.699965,loans.csv
830,2469,22,2023-09-24,2023-10-08,,2026-08-12T13:29:33.699965,loans.csv
1878,2106,1,2023-05-29,2023-06-12,2023-05-30,2026-08-12T13:29:33.699965,loans.csv
3757,1047,19,2023-01-08,2023-01-22,2023-01-09,2026-08-12T13:29:33.699965,loans.csv
2318,2496,14,2020-11-23,2020-12-07,,2026-08-12T13:29:33.699965,loans.csv
3517,1353,1,2021-11-23,2021-12-07,,2026-08-12T13:29:33.699965,loans.csv
878,331,2,2022-10-06,2022-10-20,2022-10-10,2026-08-12T13:29:33.699965,loans.csv
3645,2701,2,2023-07-10,2023-07-24,2023-07-20,2026-08-12T13:29:33.699965,loans.csv
5358,492,51,2023-10-26,2023-11-09,2023-11-13,2026-08-12T13:29:33.699965,loans.csv
4647,1522,1,2020-03-06,2020-03-20,2020-03-19,2026-08-12T13:29:33.699965,loans.csv
5289,1012,7,2024-04-08,2024-03-31,,2026-08-12T13:29:33.699965,loans.csv
2375,1967,13,2021-07-24,2021-08-07,2021-08-16,2026-08-12T13:29:33.699965,loans.csv
494,1499,1,2024-10-27,2024-11-10,2024-10-29,2026-08-12T13:29:33.699965,loans.csv
5651,1423,1,2023-07-31,2023-08-14,2023-08-01,2026-08-12T13:29:33.699965,loans.csv
8498,1052,1,2024-08-01,2024-08-15,2024-08-12,2026-08-12T13:29:33.699965,loans.csv
9103,1977,2,2022-11-04,2022-11-18,2022-11-20,2026-08-12T13:29:33.699965,loans.csv
271,2023,1,2021-10-07,2021-10-21,2021-10-19,2026-08-12T13:29:33.699965,loans.csv
2823,2394,1,2024-09-21,2024-10-05,2024-10-05,2026-08-12T13:29:33.699965,loans.csv
1319,1033,44,2022-03-22,2022-04-05,2022-03-25,2026-08-12T13:29:33.699965,loans.csv
7905,2719,1,2021-03-01,2021-03-15,2021-03-06,2026-08-12T13:29:33.699965,loans.csv
2364,1680,5,2022-09-06,2022-09-20,,2026-08-12T13:29:33.699965,loans.csv
2508,1623,1,2024-10-06,2024-10-20,2024-10-26,2026-08-12T13:29:33.699965,loans.csv
5649,1767,7,2022-08-14,2022-08-28,2022-09-02,2026-08-12T13:29:33.699965,loans.csv
2234,186,2,2023-02-25,2023-03-18,,2026-08-12T13:29:33.699965,loans.csv
2022,1529,3,2024-02-08,2024-02-22,2024-02-12,2026-08-12T13:29:33.699965,loans.csv
5001,2423,96,2024-04-26,2024-05-10,2024-05-10,2026-08-12T13:29:33.699965,loans.csv
8191,1081,4,2024-10-20,2024-11-03,2024-10-24,2026-08-12T13:29:33.699965,loans.csv
9552,862,44,2024-02-09,2024-02-23,2024-02-26,2026-08-12T13:29:33.699965,loans.csv
6184,1767,14,2023-06-18,2023-07-02,2023-07-03,2026-08-12T13:29:33.699965,loans.csv
3988,1424,3,2022-02-21,2022-03-07,2022-02-27,2026-08-12T13:29:33.699965,loans.csv
6983,2537,1,2024-11-23,2024-12-14,2025-01-23,2026-08-12T13:29:33.699965,loans.csv
3316,867,1,2024-10-01,2024-10-15,2024-10-06,2026-08-12T13:29:33.699965,loans.csv
5770,695,1,2022-01-29,2022-02-12,,2026-08-12T13:29:33.699965,loans.csv
2416,1910,87,2024-02-26,2024-03-11,2024-02-27,2026-08-12T13:29:33.699965,loans.csv
5442,242,2,2020-12-06,2020-12-20,2020-12-12,2026-08-12T13:29:33.699965,loans.csv
4732,1373,28,2024-09-06,2024-09-20,2024-09-11,2026-08-12T13:29:33.699965,loans.csv
5774,872,2,2022-04-02,2022-04-16,2022-04-13,2026-08-12T13:29:33.699965,loans.csv
6691,1142,21,2023-05-14,2023-05-28,2023-05-30,2026-08-12T13:29:33.699965,loans.csv
1695,295,1,2023-10-19,2023-11-02,2023-11-01,2026-08-12T13:29:33.699965,loans.csv
1748,2065,1,2024-08-09,2024-08-23,,2026-08-12T13:29:33.699965,loans.csv
672,613,2,2023-02-07,2023-02-21,2023-02-19,2026-08-12T13:29:33.699965,loans.csv
5761,587,4,2020-11-18,2020-12-02,2020-11-23,2026-08-12T13:29:33.699965,loans.csv
9335,1594,2,2024-11-18,2024-12-02,2024-11-24,2026-08-12T13:29:33.699965,loans.csv
6896,62,1,2023-08-17,2023-08-31,2023-08-26,2026-08-12T13:29:33.699965,loans.csv
5335,380,3,2024-12-22,2025-01-05,,2026-08-12T13:29:33.699965,loans.csv
6954,1605,5,2021-04-13,2021-04-27,2021-05-14,2026-08-12T13:29:33.699965,loans.csv
7545,1324,3,2021-03-01,2021-03-15,,2026-08-12T13:29:33.699965,loans.csv
1648,1697,1,2021-06-22,2021-07-06,2021-06-26,2026-08-12T13:29:33.699965,loans.csv
4310,1847,1,2024-09-27,2024-10-11,2024-11-18,2026-08-12T13:29:33.699965,loans.csv
4691,347,1,2024-10-16,2024-10-30,2024-10-24,2026-08-12T13:29:33.699965,loans.csv
4920,655,1,2023-01-06,2023-01-20,2023-01-13,2026-08-12T13:29:33.699965,loans.csv
3653,2373,1,2024-09-12,2024-09-26,,2026-08-12T13:29:33.699965,loans.csv
4892,988,1,2024-12-20,2025-01-03,,2026-08-12T13:29:33.699965,loans.csv
9273,417,16,2024-12-26,2025-01-09,,2026-08-12T13:29:33.699965,loans.csv
2740,2687,2,2024-08-05,2024-08-19,2024-08-15,2026-08-12T13:29:33.699965,loans.csv
4807,1095,1,2023-01-10,2023-01-31,2023-02-02,2026-08-12T13:29:33.699965,loans.csv
4208,444,1,2022-10-13,2022-10-27,2022-10-24,2026-08-12T13:29:33.699965,loans.csv
5419,2746,4,2024-08-07,2024-08-21,2024-08-21,2026-08-12T13:29:33.699965,loans.csv
6769,346,188,2024-05-14,2024-06-04,2024-05-18,2026-08-12T13:29:33.699965,loans.csv
7118,1233,4,2024-06-13,2024-06-27,2024-06-19,2026-08-12T13:29:33.699965,loans.csv
9397,2791,1,2024-07-23,2024-08-06,2024-08-06,2026-08-12T13:29:33.699965,loans.csv
7718,769,2,2024-07-16,2024-07-30,2024-07-17,2026-08-12T13:29:33.699965,loans.csv
6170,1033,73,2022-07-18,2022-08-01,,2026-08-12T13:29:33.699965,loans.csv
7679,38,6,2022-12-20,2023-01-03,2023-01-09,2026-08-12T13:29:33.699965,loans.csv
4031,223,8,2024-08-19,2024-09-02,2024-08-27,2026-08-12T13:29:33.699965,loans.csv
2362,2374,11,2023-09-25,2023-10-09,2023-10-13,2026-08-12T13:29:33.699965,loans.csv
1401,2092,1,2022-08-20,2022-09-10,2022-09-11,2026-08-12T13:29:33.699965,loans.csv
9241,2381,1,2024-12-22,2025-01-05,,2026-08-12T13:29:33.699965,loans.csv
8617,1901,21,2024-07-12,2024-07-26,2024-07-24,2026-08-12T13:29:33.699965,loans.csv
2984,117,1,2023-02-12,2023-02-26,2023-03-05,2026-08-12T13:29:33.699965,loans.csv
5748,775,2,2020-09-03,2020-09-17,2020-09-12,2026-08-12T13:29:33.699965,loans.csv
6155,1858,1,2023-09-08,2023-09-22,,2026-08-12T13:29:33.699965,loans.csv
6637,1109,2,2022-12-12,2022-12-26,2022-12-24,2026-08-12T13:29:33.699965,loans.csv
5450,1554,1,2024-01-23,2024-02-06,2024-01-28,2026-08-12T13:29:33.699965,loans.csv
553,2158,1,2024-02-05,2024-02-19,2024-03-14,2026-08-12T13:29:33.699965,loans.csv
8450,2099,1,2024-07-17,2024-07-31,2024-07-22,2026-08-12T13:29:33.699965,loans.csv
2603,2180,1,2024-07-09,2024-07-23,,2026-08-12T13:29:33.699965,loans.csv
3269,1243,9,2024-06-20,2024-07-04,2024-06-25,2026-08-12T13:29:33.699965,loans.csv
4239,747,12,2023-11-07,2023-11-28,2023-11-13,2026-08-12T13:29:33.699965,loans.csv
1395,2358,1,2021-09-29,2021-10-13,2021-10-03,2026-08-12T13:29:33.699965,loans.csv
2454,1350,78,2023-01-01,2023-01-15,2023-01-20,2026-08-12T13:29:33.699965,loans.csv
5021,1095,2,2024-05-05,2024-05-19,2024-05-07,2026-08-12T13:29:33.699965,loans.csv
5780,1128,19,2023-11-08,2023-11-22,2023-11-22,2026-08-12T13:29:33.699965,loans.csv
9046,707,1,2023-01-09,2023-01-23,,2026-08-12T13:29:33.699965,loans.csv
2779,1816,1,2024-03-12,2024-03-26,,2026-08-12T13:29:33.699965,loans.csv
8164,1481,1,2021-07-23,2021-08-06,,2026-08-12T13:29:33.699965,loans.csv
3631,1898,1,2023-01-12,2023-01-26,2023-01-26,2026-08-12T13:29:33.699965,loans.csv
6080,2092,53,2023-03-16,2023-03-30,2023-03-29,2026-08-12T13:29:33.699965,loans.csv
1813,319,53,2024-06-05,2024-06-19,2024-06-12,2026-08-12T13:29:33.699965,loans.csv
5945,773,3,2023-12-28,2023-12-24,2024-01-05,2026-08-12T13:29:33.699965,loans.csv
9419,216,16,2024-08-31,2024-09-14,2024-09-03,2026-08-12T13:29:33.699965,loans.csv
3514,2211,1,2022-04-20,2022-05-11,2022-05-12,2026-08-12T13:29:33.699965,loans.csv
3032,1648,1,2022-07-18,2022-08-08,2022-08-14,2026-08-12T13:29:33.699965,loans.csv
574,1360,1,2024-01-21,2024-02-04,2024-01-30,2026-08-12T13:29:33.699965,loans.csv
6891,745,1,2024-10-18,2024-11-01,2024-10-30,2026-08-12T13:29:33.699965,loans.csv
6580,2165,6,2023-02-10,2023-02-24,2023-02-14,2026-08-12T13:29:33.699965,loans.csv
4558,2023,1,2022-01-12,2022-01-26,2022-01-22,2026-08-12T13:29:33.699965,loans.csv
2750,2472,4,2023-10-12,2023-10-26,2023-10-18,2026-08-12T13:29:33.699965,loans.csv
8421,2266,4,2024-10-14,2024-10-28,2024-10-15,2026-08-12T13:29:33.699965,loans.csv
7096,2303,4,2023-02-26,2023-03-12,2023-03-06,2026-08-12T13:29:33.699965,loans.csv
1392,796,2,2024-09-07,2024-09-21,2024-09-20,2026-08-12T13:29:33.699965,loans.csv
6483,1654,3,2024-12-05,2024-12-19,2024-12-16,2026-08-12T13:29:33.699965,loans.csv
88,1802,65,2024-02-29,2024-03-14,2024-03-01,2026-08-12T13:29:33.699965,loans.csv
8932,210,2,2024-04-27,2024-05-11,2024-05-01,2026-08-12T13:29:33.699965,loans.csv
593,97,3,2023-01-11,2023-01-25,2023-01-23,2026-08-12T13:29:33.699965,loans.csv
5792,1862,1,2021-07-17,2021-07-31,2021-08-06,2026-08-12T13:29:33.699965,loans.csv
5456,1711,1,2024-11-10,2024-11-24,2024-11-13,2026-08-12T13:29:33.699965,loans.csv
6682,1997,3,2023-02-13,2023-02-08,2023-02-23,2026-08-12T13:29:33.699965,loans.csv
5253,1360,2,2023-09-06,2023-09-20,2023-09-24,2026-08-12T13:29:33.699965,loans.csv
5490,2366,94,2024-05-22,2024-06-05,2024-05-30,2026-08-12T13:29:33.699965,loans.csv
6796,1935,2,2021-07-11,2021-07-25,2021-07-12,2026-08-12T13:29:33.699965,loans.csv
7181,1428,28,2023-07-09,2023-07-23,2023-07-11,2026-08-12T13:29:33.699965,loans.csv
8677,2331,1,2023-10-30,2023-11-13,,2026-08-12T13:29:33.699965,loans.csv
76,990,2,2020-12-04,2020-12-18,2020-12-12,2026-08-12T13:29:33.699965,loans.csv
7484,1835,70,2022-07-12,2022-07-26,2022-07-23,2026-08-12T13:29:33.699965,loans.csv
8973,342,2,2023-08-16,2023-08-30,2023-08-22,2026-08-12T13:29:33.699965,loans.csv
6029,728,1,2023-10-11,2023-11-01,2023-11-07,2026-08-12T13:29:33.699965,loans.csv
9544,1565,5,2023-11-07,2023-11-21,2023-11-09,2026-08-12T13:29:33.699965,loans.csv
745,701,2,2023-01-23,2023-02-06,2023-02-01,2026-08-12T13:29:33.699965,loans.csv
5324,209,7,2023-11-20,2023-12-04,2023-12-11,2026-08-12T13:29:33.699965,loans.csv
226,804,1,2024-09-04,2024-09-18,2024-09-18,2026-08-12T13:29:33.699965,loans.csv
3987,794,109,2023-02-08,2023-02-22,,2026-08-12T13:29:33.699965,loans.csv
2078,469,1,2022-05-30,2022-06-13,2022-06-05,2026-08-12T13:29:33.699965,loans.csv
5002,279,5,2020-12-15,2020-12-29,2021-01-25,2026-08-12T13:29:33.699965,loans.csv
7847,2331,8,2024-11-07,2024-11-21,2024-11-13,2026-08-12T13:29:33.699965,loans.csv
1997,1202,1,2023-06-08,2023-06-22,2023-06-24,2026-08-12T13:29:33.699965,loans.csv
3869,538,3,2023-11-10,2023-11-24,2023-11-30,2026-08-12T13:29:33.699965,loans.csv
2369,166,12,2022-11-27,2022-12-11,2023-01-05,2026-08-12T13:29:33.699965,loans.csv
9070,1562,6,2022-10-31,2022-11-14,2022-11-13,2026-08-12T13:29:33.699965,loans.csv
8476,1373,2,2023-10-04,2023-10-18,2023-10-10,2026-08-12T13:29:33.699965,loans.csv
7858,2598,98,2023-11-06,2023-11-20,2023-11-21,2026-08-12T13:29:33.699965,loans.csv
6504,1814,2,2023-09-21,2023-10-05,2023-09-23,2026-08-12T13:29:33.699965,loans.csv
7850,1739,3,2024-02-17,2024-03-02,2024-02-29,2026-08-12T13:29:33.699965,loans.csv
9547,127,1,2022-05-23,2022-06-06,,2026-08-12T13:29:33.699965,loans.csv
325,1428,48,2024-09-27,2024-10-11,2024-09-28,2026-08-12T13:29:33.699965,loans.csv
4298,2073,1,2024-08-07,2024-08-21,2024-08-24,2026-08-12T13:29:33.699965,loans.csv
2805,2358,1,2023-12-18,2024-01-01,2023-12-30,2026-08-12T13:29:33.699965,loans.csv
3797,541,1,2022-02-24,2022-02-15,,2026-08-12T13:29:33.699965,loans.csv
1503,1052,1,2023-06-23,2023-07-07,2023-07-07,2026-08-12T13:29:33.699965,loans.csv
6892,1556,1,2024-06-18,2024-07-02,2024-06-20,2026-08-12T13:29:33.699965,loans.csv
4867,2588,1,2024-10-26,2024-11-09,,2026-08-12T13:29:33.699965,loans.csv
2142,778,2,2024-04-18,2024-05-02,2024-05-07,2026-08-12T13:29:33.699965,loans.csv
6274,1530,1,2023-09-27,2023-10-11,2023-10-11,2026-08-12T13:29:33.699965,loans.csv
5688,2529,1,2024-04-21,2024-05-12,2024-05-12,2026-08-12T13:29:33.699965,loans.csv
1011,1211,2,2023-04-03,2023-04-24,2023-04-09,2026-08-12T13:29:33.699965,loans.csv
8356,1771,2,2023-03-19,2023-04-02,2023-03-25,2026-08-12T13:29:33.699965,loans.csv
2338,1673,53,2022-02-18,2022-03-04,2022-02-26,2026-08-12T13:29:33.699965,loans.csv
5431,629,11,2024-07-17,2024-07-31,2024-08-06,2026-08-12T13:29:33.699965,loans.csv
7498,999,20,2024-11-17,2024-12-01,2024-11-26,2026-08-12T13:29:33.699965,loans.csv
5297,1052,1,2024-11-24,2024-12-08,2024-12-04,2026-08-12T13:29:33.699965,loans.csv
7733,412,1,2024-07-10,2024-07-24,2024-07-29,2026-08-12T13:29:33.699965,loans.csv
9199,1500,3,2023-01-29,2023-02-12,2023-02-04,2026-08-12T13:29:33.699965,loans.csv
4891,435,1,2024-12-02,2024-12-16,2024-12-22,2026-08-12T13:29:33.699965,loans.csv
8484,1706,3,2023-07-29,2023-08-12,2023-08-12,2026-08-12T13:29:33.699965,loans.csv
554,1178,6,2024-07-03,2024-07-17,2024-07-22,2026-08-12T13:29:33.699965,loans.csv
4353,2676,1,2024-08-17,2024-08-31,2024-09-02,2026-08-12T13:29:33.699965,loans.csv
5158,2224,20,2022-06-10,2022-06-24,2022-06-17,2026-08-12T13:29:33.699965,loans.csv
4843,954,8,2023-09-04,2023-09-18,2023-09-11,2026-08-12T13:29:33.699965,loans.csv
3270,2037,1,2022-05-31,2022-06-14,2022-06-05,2026-08-12T13:29:33.699965,loans.csv
3872,2516,1,2022-03-03,2022-03-24,2022-03-15,2026-08-12T13:29:33.699965,loans.csv
5628,195,1,2024-06-12,2024-06-26,2024-07-26,2026-08-12T13:29:33.699965,loans.csv
3154,727,11,2023-06-18,2023-07-02,2023-07-04,2026-08-12T13:29:33.699965,loans.csv
1730,195,1,2023-06-27,2023-07-11,2023-07-03,2026-08-12T13:29:33.699965,loans.csv
5276,2468,5,2023-08-18,2023-09-01,2023-09-03,2026-08-12T13:29:33.699965,loans.csv
8734,1487,9,2020-03-26,2020-04-09,2020-04-02,2026-08-12T13:29:33.699965,loans.csv
6162,2797,1,2023-09-17,2023-10-01,,2026-08-12T13:29:33.699965,loans.csv
8469,139,1,2024-11-10,2024-11-24,2024-11-11,2026-08-12T13:29:33.699965,loans.csv
2714,934,12,2023-12-13,2023-12-27,2024-01-01,2026-08-12T13:29:33.699965,loans.csv
6180,1118,2,2023-07-27,2023-08-10,,2026-08-12T13:29:33.699965,loans.csv
6988,694,1,2023-04-05,2023-04-19,2023-04-08,2026-08-12T13:29:33.699965,loans.csv
8084,1627,7,2021-07-21,2021-08-04,2021-08-10,2026-08-12T13:29:33.699965,loans.csv
6598,2711,15,2023-05-08,2023-05-29,2023-06-03,2026-08-12T13:29:33.699965,loans.csv
3259,2541,1,2021-02-14,2021-02-28,2021-02-18,2026-08-12T13:29:33.699965,loans.csv
7940,567,2,2023-03-14,2023-03-28,2023-03-19,2026-08-12T13:29:33.699965,loans.csv
5730,1198,13,2024-12-02,2024-12-16,2024-12-16,2026-08-12T13:29:33.699965,loans.csv
7561,2299,5,2023-07-03,2023-07-17,2023-07-19,2026-08-12T13:29:33.699965,loans.csv
577,485,1,2024-04-29,2024-05-20,2024-05-15,2026-08-12T13:29:33.699965,loans.csv
3141,1025,3,2021-02-14,2021-02-28,2021-02-16,2026-08-12T13:29:33.699965,loans.csv
8760,2010,1,2021-10-12,2021-10-26,,2026-08-12T13:29:33.699965,loans.csv
9116,976,1,2022-11-05,2022-11-19,2022-11-07,2026-08-12T13:29:33.699965,loans.csv
9393,860,50,2024-08-16,2024-08-30,2024-08-18,2026-08-12T13:29:33.699965,loans.csv
7904,2015,176,2023-09-02,2023-09-16,2023-09-14,2026-08-12T13:29:33.699965,loans.csv
4008,2558,1,2021-06-21,2021-07-05,2021-06-29,2026-08-12T13:29:33.699965,loans.csv
6679,2015,63,2024-03-06,2024-03-20,2024-03-07,2026-08-12T13:29:33.699965,loans.csv
4713,1189,1,2022-09-15,2022-09-29,2022-10-10,2026-08-12T13:29:33.699965,loans.csv
4445,1074,79,2024-10-08,2024-10-22,2024-10-25,2026-08-12T13:29:33.699965,loans.csv
8543,2639,8,2021-09-01,2021-09-15,2021-09-22,2026-08-12T13:29:33.699965,loans.csv
8268,1592,1,2024-04-13,2024-04-27,,2026-08-12T13:29:33.699965,loans.csv
6005,2262,9,2022-11-24,2022-12-08,2022-12-08,2026-08-12T13:29:33.699965,loans.csv
8006,1988,30,2024-12-07,2024-12-21,2024-12-17,2026-08-12T13:29:33.699965,loans.csv
8204,1192,69,2024-10-28,2024-11-18,,2026-08-12T13:29:33.699965,loans.csv
77,807,1,2023-04-01,2023-04-15,2023-04-11,2026-08-12T13:29:33.699965,loans.csv
5366,1167,6,2024-02-29,2024-03-14,,2026-08-12T13:29:33.699965,loans.csv
392,1497,14,2022-01-13,2022-01-27,2022-01-27,2026-08-12T13:29:33.699965,loans.csv
2961,683,1,2024-08-13,2024-08-11,2024-08-14,2026-08-12T13:29:33.699965,loans.csv
9295,2262,1,2024-09-13,2024-09-27,2024-09-29,2026-08-12T13:29:33.699965,loans.csv
8138,1626,1,2023-06-09,2023-06-23,2023-06-22,2026-08-12T13:29:33.699965,loans.csv
7793,2617,13,2024-07-24,2024-08-07,2024-08-01,2026-08-12T13:29:33.699965,loans.csv
7133,860,2,2023-08-12,2023-08-26,2023-08-24,2026-08-12T13:29:33.699965,loans.csv
2737,1057,11,2021-11-11,2021-11-25,,2026-08-12T13:29:33.699965,loans.csv
8016,1346,2,2020-08-01,2020-08-15,2020-08-15,2026-08-12T13:29:33.699965,loans.csv
6006,938,1,2022-08-07,2022-08-21,2022-08-24,2026-08-12T13:29:33.699965,loans.csv
3897,1886,1,2024-07-03,2024-07-17,2024-07-14,2026-08-12T13:29:33.699965,loans.csv
2629,1328,9,2024-03-18,2024-04-01,2024-04-03,2026-08-12T13:29:33.699965,loans.csv
5840,2229,7,2021-09-07,2021-09-28,2021-09-29,2026-08-12T13:29:33.699965,loans.csv
7041,2115,1,2024-12-03,2024-12-17,2024-12-05,2026-08-12T13:29:33.699965,loans.csv
7220,1313,5,2023-05-11,2023-05-25,2023-05-16,2026-08-12T13:29:33.699965,loans.csv
2256,1868,1,2024-09-12,2024-09-26,2024-09-13,2026-08-12T13:29:33.699965,loans.csv
7540,1740,1,2022-08-23,2022-09-06,2022-08-27,2026-08-12T13:29:33.699965,loans.csv
4148,2675,1,2024-11-16,2024-12-07,2024-11-24,2026-08-12T13:29:33.699965,loans.csv
8308,1473,1,2023-02-20,2023-03-06,2023-02-21,2026-08-12T13:29:33.699965,loans.csv
5497,665,4,2021-11-01,2021-11-15,2021-11-22,2026-08-12T13:29:33.699965,loans.csv
2204,2525,1,2024-02-28,2024-03-13,,2026-08-12T13:29:33.699965,loans.csv
9603,464,104,2024-10-07,2024-10-21,2024-10-10,2026-08-12T13:29:33.699965,loans.csv
2151,700,1,2022-02-19,2022-03-05,2022-03-01,2026-08-12T13:29:33.699965,loans.csv
6437,2190,4,2021-11-14,2021-11-28,2021-11-30,2026-08-12T13:29:33.699965,loans.csv
327,2466,1,2024-06-17,2024-07-01,2024-07-03,2026-08-12T13:29:33.699965,loans.csv
1932,1819,2,2024-03-02,2024-03-16,2024-03-05,2026-08-12T13:29:33.699965,loans.csv
275,276,1,2023-12-10,2023-12-24,2023-12-14,2026-08-12T13:29:33.699965,loans.csv
1839,2173,1,2023-08-31,2023-09-14,2023-09-01,2026-08-12T13:29:33.699965,loans.csv
4075,323,1,2024-11-08,2024-11-22,2024-11-18,2026-08-12T13:29:33.699965,loans.csv
3899,417,2,2022-06-30,2022-07-21,2022-07-05,2026-08-12T13:29:33.699965,loans.csv
7110,2366,1,2024-12-14,2025-01-04,,2026-08-12T13:29:33.699965,loans.csv
9483,372,1,2024-04-05,2024-04-19,2024-04-25,2026-08-12T13:29:33.699965,loans.csv
7932,838,5,2024-07-20,2024-08-03,2024-08-02,2026-08-12T13:29:33.699965,loans.csv
7740,143,3,2024-11-23,2024-12-07,2024-12-05,2026-08-12T13:29:33.699965,loans.csv
2684,2695,1,2022-01-18,2022-02-01,2022-01-22,2026-08-12T13:29:33.699965,loans.csv
598,637,6,2022-02-05,2022-02-19,2022-02-13,2026-08-12T13:29:33.699965,loans.csv
6142,1976,60,2020-12-22,2021-01-05,2020-12-24,2026-08-12T13:29:33.699965,loans.csv
919,1671,1,2023-04-30,2023-05-14,2023-05-01,2026-08-12T13:29:33.699965,loans.csv
5643,2361,22,2024-08-12,2024-08-26,2024-08-28,2026-08-12T13:29:33.699965,loans.csv
1158,708,2,2022-04-10,2022-04-24,2022-04-22,2026-08-12T13:29:33.699965,loans.csv
1555,886,1,2022-07-01,2022-07-22,,2026-08-12T13:29:33.699965,loans.csv
4669,1182,1,2023-04-20,2023-04-08,2023-05-01,2026-08-12T13:29:33.699965,loans.csv
9151,2708,1,2024-11-16,2024-11-30,2024-11-19,2026-08-12T13:29:33.699965,loans.csv
5080,1931,1,2024-09-08,2024-09-22,2024-09-20,2026-08-12T13:29:33.699965,loans.csv
7197,827,8,2024-01-02,2024-01-16,2024-01-11,2026-08-12T13:29:33.699965,loans.csv
1369,289,1,2022-04-29,2022-05-13,2022-05-01,2026-08-12T13:29:33.699965,loans.csv
9441,1067,4,2023-08-19,2023-09-02,2023-09-03,2026-08-12T13:29:33.699965,loans.csv
4265,2191,1,2020-04-10,2020-04-24,2020-04-18,2026-08-12T13:29:33.699965,loans.csv
9157,1862,53,2023-05-08,2023-05-22,2023-05-10,2026-08-12T13:29:33.699965,loans.csv
3247,2030,3,2023-08-14,2023-08-28,2023-08-22,2026-08-12T13:29:33.699965,loans.csv
7440,2788,1,2024-11-09,2024-11-30,2024-11-21,2026-08-12T13:29:33.699965,loans.csv
272,1794,1,2020-07-03,2020-07-17,2020-07-18,2026-08-12T13:29:33.699965,loans.csv
9440,2722,2,2024-03-26,2024-04-16,2024-04-06,2026-08-12T13:29:33.699965,loans.csv
3783,305,1,2023-02-20,2023-03-06,2023-02-24,2026-08-12T13:29:33.699965,loans.csv
3125,1380,4,2024-09-14,2024-09-28,2024-10-02,2026-08-12T13:29:33.699965,loans.csv
64,1451,2,2020-10-20,2020-11-03,2020-11-01,2026-08-12T13:29:33.699965,loans.csv
7615,835,1,2024-11-10,2024-11-24,2024-11-26,2026-08-12T13:29:33.699965,loans.csv
7529,406,21,2024-02-13,2024-02-27,2024-02-27,2026-08-12T13:29:33.699965,loans.csv
419,2175,1,2024-11-26,2024-12-10,2024-12-15,2026-08-12T13:29:33.699965,loans.csv
7728,448,7,2022-08-23,2022-09-06,,2026-08-12T13:29:33.699965,loans.csv
8868,1997,1,2024-12-13,2025-01-03,,2026-08-12T13:29:33.699965,loans.csv
659,1091,8,2022-12-22,2023-01-05,2023-01-03,2026-08-12T13:29:33.699965,loans.csv
3892,612,1,2024-06-23,2024-07-07,2024-06-30,2026-08-12T13:29:33.699965,loans.csv
3175,1918,1,2022-10-18,2022-11-01,2022-10-31,2026-08-12T13:29:33.699965,loans.csv
9213,615,2,2024-10-21,2024-11-04,,2026-08-12T13:29:33.699965,loans.csv
5921,1102,28,2023-12-10,2023-12-24,2024-01-09,2026-08-12T13:29:33.699965,loans.csv
482,1773,16,2021-12-31,2022-01-14,2022-01-15,2026-08-12T13:29:33.699965,loans.csv
3574,1675,2,2024-09-05,2024-09-19,,2026-08-12T13:29:33.699965,loans.csv
9605,1811,1,2023-10-14,2023-10-28,2023-10-31,2026-08-12T13:29:33.699965,loans.csv
1406,2476,2,2024-10-26,2024-11-09,2024-11-16,2026-08-12T13:29:33.699965,loans.csv
578,1062,1,2024-12-05,2024-12-19,2024-12-06,2026-08-12T13:29:33.699965,loans.csv
4284,872,1,2022-01-06,2022-01-20,,2026-08-12T13:29:33.699965,loans.csv
5936,31,1,2022-12-26,2023-01-09,2022-12-30,2026-08-12T13:29:33.699965,loans.csv
7002,1800,1,2024-09-01,2024-09-15,2024-09-03,2026-08-12T13:29:33.699965,loans.csv
6781,2204,1,2023-07-03,2023-07-17,2023-07-08,2026-08-12T13:29:33.699965,loans.csv
122,2720,12,2023-10-05,2023-10-26,,2026-08-12T13:29:33.699965,loans.csv
8030,1076,1,2024-01-09,2024-01-30,,2026-08-12T13:29:33.699965,loans.csv
6019,2573,104,2024-12-01,2024-12-15,2024-12-07,2026-08-12T13:29:33.699965,loans.csv
1621,1406,1,2023-02-04,2023-02-18,2023-02-22,2026-08-12T13:29:33.699965,loans.csv
3229,2250,1,2024-09-29,2024-10-13,2024-10-12,2026-08-12T13:29:33.699965,loans.csv
6112,1604,5,2022-07-21,2022-08-04,2022-07-22,2026-08-12T13:29:33.699965,loans.csv
1152,2247,1,2023-12-01,2023-12-15,2023-12-10,2026-08-12T13:29:33.699965,loans.csv
8311,1113,6,2021-08-25,2021-09-08,2021-09-12,2026-08-12T13:29:33.699965,loans.csv
5640,241,4,2020-05-15,2020-05-29,2020-05-21,2026-08-12T13:29:33.699965,loans.csv
8474,1518,1,2022-10-10,2022-10-24,,2026-08-12T13:29:33.699965,loans.csv
4516,2493,2,2023-03-10,2023-03-24,2023-03-13,2026-08-12T13:29:33.699965,loans.csv
9533,191,3,2020-03-16,2020-04-06,2020-03-22,2026-08-12T13:29:33.699965,loans.csv
5756,684,2,2023-10-02,2023-10-23,2023-10-23,2026-08-12T13:29:33.699965,loans.csv
7557,668,1,2021-11-01,2021-11-15,2021-11-17,2026-08-12T13:29:33.699965,loans.csv
7871,1514,1,2024-03-28,2024-04-18,2024-04-20,2026-08-12T13:29:33.699965,loans.csv
8821,1909,18,2023-11-14,2023-11-28,2023-11-28,2026-08-12T13:29:33.699965,loans.csv
8158,1095,2,2023-10-18,2023-11-08,2023-10-26,2026-08-12T13:29:33.699965,loans.csv
7621,566,10,2023-04-14,2023-05-05,2023-05-07,2026-08-12T13:29:33.699965,loans.csv
2143,1211,2,2023-03-04,2023-03-18,2023-03-06,2026-08-12T13:29:33.699965,loans.csv
3854,2311,5,2024-12-20,2025-01-03,,2026-08-12T13:29:33.699965,loans.csv
6737,509,1,2022-12-10,2022-12-24,2022-12-25,2026-08-12T13:29:33.699965,loans.csv
3021,1631,2,2021-12-07,2021-12-21,2021-12-15,2026-08-12T13:29:33.699965,loans.csv
2775,1153,5,2021-03-21,2021-04-04,2021-03-22,2026-08-12T13:29:33.699965,loans.csv
9289,9,8,2021-03-13,2021-03-27,2021-03-19,2026-08-12T13:29:33.699965,loans.csv
7617,1905,14,2024-12-07,2024-12-21,2024-12-10,2026-08-12T13:29:33.699965,loans.csv
8614,2790,1,2021-04-22,2021-05-06,2021-04-29,2026-08-12T13:29:33.699965,loans.csv
3522,59,2,2022-02-26,2022-03-12,,2026-08-12T13:29:33.699965,loans.csv
1649,2358,26,2022-04-14,2022-04-28,2022-04-24,2026-08-12T13:29:33.699965,loans.csv
8236,484,2,2024-08-24,2024-09-14,,2026-08-12T13:29:33.699965,loans.csv
4907,938,8,2023-03-02,2023-03-16,2023-03-12,2026-08-12T13:29:33.699965,loans.csv
7996,1994,1,2023-08-02,2023-08-16,2023-08-16,2026-08-12T13:29:33.699965,loans.csv
2457,1987,1,2022-09-29,2022-10-13,2022-10-19,2026-08-12T13:29:33.699965,loans.csv
5860,379,1,2024-11-21,2024-12-05,,2026-08-12T13:29:33.699965,loans.csv
342,730,1,2024-02-05,2024-02-19,,2026-08-12T13:29:33.699965,loans.csv
8397,1780,2,2024-05-27,2024-06-10,,2026-08-12T13:29:33.699965,loans.csv
8200,693,5,2021-09-18,2021-10-02,2021-09-28,2026-08-12T13:29:33.699965,loans.csv
1409,621,3,2024-12-06,2024-12-20,2024-12-11,2026-08-12T13:29:33.699965,loans.csv
9448,682,19,2024-07-28,2024-08-11,2024-08-04,2026-08-12T13:29:33.699965,loans.csv
6549,1290,2,2023-02-27,2023-03-13,2023-03-18,2026-08-12T13:29:33.699965,loans.csv
670,1845,1,2022-08-03,2022-08-17,2022-08-21,2026-08-12T13:29:33.699965,loans.csv
5686,2119,7,2023-10-27,2023-11-10,2023-11-04,2026-08-12T13:29:33.699965,loans.csv
4854,11,2,2022-09-30,2022-10-14,,2026-08-12T13:29:33.699965,loans.csv
4391,2358,11,2021-05-14,2021-05-28,2021-06-01,2026-08-12T13:29:33.699965,loans.csv
9520,655,2,2022-10-08,2022-10-22,2022-10-29,2026-08-12T13:29:33.699965,loans.csv
2363,2532,1,2022-04-13,2022-04-27,2022-04-25,2026-08-12T13:29:33.699965,loans.csv
5585,1761,2,2024-03-23,2024-04-06,2024-03-31,2026-08-12T13:29:33.699965,loans.csv
2979,2472,12,2024-07-21,2024-08-04,2024-08-05,2026-08-12T13:29:33.699965,loans.csv
6901,2555,2,2023-11-04,2023-11-25,,2026-08-12T13:29:33.699965,loans.csv
5262,1178,4,2024-09-09,2024-09-23,2024-09-20,2026-08-12T13:29:33.699965,loans.csv
19,1775,1,2023-10-11,2023-10-25,2023-12-01,2026-08-12T13:29:33.699965,loans.csv
7152,1667,17,2022-08-23,2022-09-06,2022-08-27,2026-08-12T13:29:33.699965,loans.csv
4743,218,24,2023-05-29,2023-06-12,2023-06-02,2026-08-12T13:29:33.699965,loans.csv
2661,1437,2,2024-01-19,2024-02-02,2024-02-02,2026-08-12T13:29:33.699965,loans.csv
1183,901,1,2021-03-02,2021-03-16,2021-03-16,2026-08-12T13:29:33.699965,loans.csv
5510,977,13,2023-08-16,2023-08-30,2023-08-28,2026-08-12T13:29:33.699965,loans.csv
8456,1920,17,2023-11-08,2023-11-22,,2026-08-12T13:29:33.699965,loans.csv
7231,2587,1,2024-12-05,2024-12-19,,2026-08-12T13:29:33.699965,loans.csv
2404,2731,1,2022-04-07,2022-04-21,2022-04-16,2026-08-12T13:29:33.699965,loans.csv
2575,489,3,2021-09-11,2021-09-25,2021-09-12,2026-08-12T13:29:33.699965,loans.csv
3002,2096,5,2024-07-29,2024-08-12,2024-08-03,2026-08-12T13:29:33.699965,loans.csv
3737,632,2,2023-09-02,2023-09-16,2023-09-08,2026-08-12T13:29:33.699965,loans.csv
163,377,10,2023-03-02,2023-03-16,2023-03-07,2026-08-12T13:29:33.699965,loans.csv
1521,1976,1,2020-04-25,2020-05-09,2020-05-14,2026-08-12T13:29:33.699965,loans.csv
6335,1829,1,2023-05-16,2023-05-30,2023-05-17,2026-08-12T13:29:33.699965,loans.csv
488,1350,1,2023-08-18,2023-09-01,2023-08-19,2026-08-12T13:29:33.699965,loans.csv
1018,2122,1,2024-12-06,2024-12-20,2024-12-16,2026-08-12T13:29:33.699965,loans.csv
7207,2625,1,2024-10-06,2024-10-20,2024-10-19,2026-08-12T13:29:33.699965,loans.csv
4500,1988,3,2024-10-17,2024-10-31,2024-11-04,2026-08-12T13:29:33.699965,loans.csv
2771,916,2,2024-07-14,2024-07-28,2024-07-26,2026-08-12T13:29:33.699965,loans.csv
4078,2158,2,2021-10-14,2021-10-28,,2026-08-12T13:29:33.699965,loans.csv
5172,1119,2,2023-07-22,2023-08-05,2023-07-31,2026-08-12T13:29:33.699965,loans.csv
2830,2115,1,2024-06-13,2024-06-27,2024-06-17,2026-08-12T13:29:33.699965,loans.csv
8055,59,1,2021-12-10,2021-12-24,2021-12-19,2026-08-12T13:29:33.699965,loans.csv
7337,203,17,2024-02-29,2024-03-14,2024-03-02,2026-08-12T13:29:33.699965,loans.csv
9391,2452,1,2024-08-13,2024-08-27,2024-08-20,2026-08-12T13:29:33.699965,loans.csv
3794,1819,1,2022-12-08,2022-12-22,2022-12-25,2026-08-12T13:29:33.699965,loans.csv
7760,485,7,2024-07-23,2024-08-13,2024-08-08,2026-08-12T13:29:33.699965,loans.csv
72,336,6,2023-05-28,2023-06-11,2023-06-07,2026-08-12T13:29:33.699965,loans.csv
8595,394,2,2023-09-16,2023-09-30,2023-10-03,2026-08-12T13:29:33.699965,loans.csv
725,331,2,2022-07-25,2022-08-08,2022-08-28,2026-08-12T13:29:33.699965,loans.csv
7563,1562,18,2024-08-03,2024-08-17,2024-08-13,2026-08-12T13:29:33.699965,loans.csv
4104,1897,7,2023-08-15,2023-08-29,2023-08-20,2026-08-12T13:29:33.699965,loans.csv
758,1109,6,2023-05-28,2023-06-11,2023-05-30,2026-08-12T13:29:33.699965,loans.csv
4126,2289,1,2024-06-28,2024-07-19,,2026-08-12T13:29:33.699965,loans.csv
4408,2285,1,2024-12-24,2025-01-07,,2026-08-12T13:29:33.699965,loans.csv
1092,924,7,2021-03-05,2021-03-19,2021-03-14,2026-08-12T13:29:33.699965,loans.csv
7436,728,2,2024-08-22,2024-09-05,2024-09-08,2026-08-12T13:29:33.699965,loans.csv
4987,1521,18,2024-01-06,2024-01-20,2024-01-16,2026-08-12T13:29:33.699965,loans.csv
1057,2567,1,2024-09-02,2024-09-16,2024-09-19,2026-08-12T13:29:33.699965,loans.csv
3567,2041,98,2020-12-12,2020-12-26,2020-12-18,2026-08-12T13:29:33.699965,loans.csv
7437,43,3,2021-05-21,2021-06-04,2021-06-04,2026-08-12T13:29:33.699965,loans.csv
6564,2291,11,2024-04-19,2024-05-10,2024-05-13,2026-08-12T13:29:33.699965,loans.csv
3931,2147,2,2024-07-15,2024-08-05,2024-07-27,2026-08-12T13:29:33.699965,loans.csv
2724,2160,1,2024-12-17,2024-12-31,,2026-08-12T13:29:33.699965,loans.csv
8625,866,2,2024-01-18,2024-02-01,2024-02-05,2026-08-12T13:29:33.699965,loans.csv
9357,136,2,2021-07-31,2021-08-14,2021-08-07,2026-08-12T13:29:33.699965,loans.csv
6477,1096,1,2024-12-14,2024-12-28,,2026-08-12T13:29:33.699965,loans.csv
6434,1103,1,2020-10-02,2020-10-23,2020-10-04,2026-08-12T13:29:33.699965,loans.csv
8517,1042,2,2023-07-25,2023-08-08,2023-07-26,2026-08-12T13:29:33.699965,loans.csv
5994,2223,3,2023-07-03,2023-07-17,2023-07-18,2026-08-12T13:29:33.699965,loans.csv
5427,1844,1,2023-07-26,2023-08-09,2023-07-27,2026-08-12T13:29:33.699965,loans.csv
6745,614,5,2024-07-15,2024-08-05,2024-07-21,2026-08-12T13:29:33.699965,loans.csv
7822,1723,1,2023-12-24,2024-01-07,2024-01-12,2026-08-12T13:29:33.699965,loans.csv
8812,2493,4,2023-02-16,2023-03-02,2023-02-25,2026-08-12T13:29:33.699965,loans.csv
8460,1417,5,2024-02-24,2024-03-09,,2026-08-12T13:29:33.699965,loans.csv
388,2377,1,2023-07-01,2023-07-15,2023-08-21,2026-08-12T13:29:33.699965,loans.csv
5528,2481,9,2024-11-03,2024-11-24,2024-11-16,2026-08-12T13:29:33.699965,loans.csv
2770,1997,1,2023-08-07,2023-08-21,2023-08-11,2026-08-12T13:29:33.699965,loans.csv
611,2115,6,2024-11-11,2024-11-25,2024-11-16,2026-08-12T13:29:33.699965,loans.csv
2333,432,2,2024-08-16,2024-08-30,2024-08-21,2026-08-12T13:29:33.699965,loans.csv
2155,1017,1,2024-02-26,2024-03-18,2024-03-17,2026-08-12T13:29:33.699965,loans.csv
2084,1581,2,2021-10-17,2021-10-31,2021-10-28,2026-08-12T13:29:33.699965,loans.csv
8472,1733,1,2024-04-15,2024-04-29,2024-05-07,2026-08-12T13:29:33.699965,loans.csv
7126,1423,4,2023-12-05,2023-12-19,2023-12-19,2026-08-12T13:29:33.699965,loans.csv
4251,195,1,2024-02-17,2024-03-02,2024-02-23,2026-08-12T13:29:33.699965,loans.csv
3457,1437,1,2023-06-05,2023-06-19,2023-06-08,2026-08-12T13:29:33.699965,loans.csv
4087,1128,1,2023-08-05,2023-08-19,2023-08-09,2026-08-12T13:29:33.699965,loans.csv
3889,1309,1,2023-10-25,2023-11-08,2023-10-30,2026-08-12T13:29:33.699965,loans.csv
7916,208,1,2024-02-10,2024-02-24,2024-02-13,2026-08-12T13:29:33.699965,loans.csv
3301,2716,3,2022-04-04,2022-04-25,2022-04-07,2026-08-12T13:29:33.699965,loans.csv
1747,168,9,2020-09-24,2020-10-08,2020-10-02,2026-08-12T13:29:33.699965,loans.csv
1200,2018,2,2024-08-14,2024-09-04,2024-09-04,2026-08-12T13:29:33.699965,loans.csv
1676,1789,2,2020-04-01,2020-04-15,2020-04-13,2026-08-12T13:29:33.699965,loans.csv
1096,1935,17,2024-03-09,2024-03-23,2024-03-28,2026-08-12T13:29:33.699965,loans.csv
8863,728,7,2023-05-27,2023-06-10,2023-06-03,2026-08-12T13:29:33.699965,loans.csv
5430,461,5,2024-07-09,2024-07-23,2024-07-22,2026-08-12T13:29:33.699965,loans.csv
9612,2598,6,2023-06-02,2023-06-16,2023-06-19,2026-08-12T13:29:33.699965,loans.csv
8275,1819,1,2022-12-03,2022-12-17,2022-12-15,2026-08-12T13:29:33.699965,loans.csv
4525,2139,2,2024-12-12,2024-12-26,,2026-08-12T13:29:33.699965,loans.csv
147,1227,1,2023-04-14,2023-04-28,2023-04-20,2026-08-12T13:29:33.699965,loans.csv
1473,391,2,2022-10-04,2022-09-28,2022-10-09,2026-08-12T13:29:33.699965,loans.csv
3990,206,2,2022-10-25,2022-11-08,2022-11-03,2026-08-12T13:29:33.699965,loans.csv
3338,488,1,2022-05-05,2022-05-19,2022-05-22,2026-08-12T13:29:33.699965,loans.csv
7930,2467,25,2022-08-23,2022-09-06,2022-08-31,2026-08-12T13:29:33.699965,loans.csv
3866,612,3,2023-01-13,2023-01-27,2023-01-27,2026-08-12T13:29:33.699965,loans.csv
3818,2190,1,2022-02-07,2022-02-21,2022-02-12,2026-08-12T13:29:33.699965,loans.csv
6165,1777,11,2022-06-23,2022-07-07,2022-07-05,2026-08-12T13:29:33.699965,loans.csv
8239,1487,1,2023-09-18,2023-10-02,2023-09-20,2026-08-12T13:29:33.699965,loans.csv
675,1479,3,2023-02-25,2023-03-11,,2026-08-12T13:29:33.699965,loans.csv
3675,1657,11,2023-02-16,2023-03-09,2023-02-23,2026-08-12T13:29:33.699965,loans.csv
756,1360,15,2024-09-28,2024-10-12,2024-09-30,2026-08-12T13:29:33.699965,loans.csv
6018,1191,65,2023-11-22,2023-12-06,2023-12-13,2026-08-12T13:29:33.699965,loans.csv
4079,1326,2,2022-07-28,2022-08-11,,2026-08-12T13:29:33.699965,loans.csv
87,2671,10,2024-05-10,2024-05-24,2024-05-23,2026-08-12T13:29:33.699965,loans.csv
2673,2527,32,2024-12-06,2024-12-20,2024-12-13,2026-08-12T13:29:33.699965,loans.csv
5880,2311,1,2024-12-23,2025-01-06,,2026-08-12T13:29:33.699965,loans.csv
523,1954,1,2024-05-12,2024-06-02,2024-05-20,2026-08-12T13:29:33.699965,loans.csv
2784,41,63,2024-01-29,2024-02-12,2024-02-03,2026-08-12T13:29:33.699965,loans.csv
5552,809,2,2024-10-27,2024-11-10,,2026-08-12T13:29:33.699965,loans.csv
189,58,10,2023-03-24,2023-04-07,2023-03-28,2026-08-12T13:29:33.699965,loans.csv
8491,1323,92,2024-11-13,2024-12-04,2024-12-03,2026-08-12T13:29:33.699965,loans.csv
1892,1021,1,2024-12-15,2024-12-29,,2026-08-12T13:29:33.699965,loans.csv
519,2531,1,2024-09-25,2024-10-09,2024-09-29,2026-08-12T13:29:33.699965,loans.csv
4144,2783,1,2024-11-02,2024-11-16,2024-11-15,2026-08-12T13:29:33.699965,loans.csv
3356,654,3,2023-01-08,2023-01-29,2023-01-26,2026-08-12T13:29:33.699965,loans.csv
4421,1977,1,2022-04-12,2022-05-03,2022-05-06,2026-08-12T13:29:33.699965,loans.csv
2865,2144,1,2022-06-06,2022-06-20,2022-06-17,2026-08-12T13:29:33.699965,loans.csv
4777,640,1,2024-12-17,2024-12-31,,2026-08-12T13:29:33.699965,loans.csv
2815,1400,1,2024-10-21,2024-11-04,2024-10-30,2026-08-12T13:29:33.699965,loans.csv
1396,2315,7,2022-09-26,2022-10-17,2022-10-20,2026-08-12T13:29:33.699965,loans.csv
7490,1276,7,2023-11-19,2023-12-03,,2026-08-12T13:29:33.699965,loans.csv
7695,2527,13,2021-04-23,2021-05-14,,2026-08-12T13:29:33.699965,loans.csv
4695,1147,3,2024-10-01,2024-10-15,2024-10-14,2026-08-12T13:29:33.699965,loans.csv
3339,1139,8,2024-10-22,2024-11-05,2024-11-02,2026-08-12T13:29:33.699965,loans.csv
9457,2558,36,2024-03-19,2024-04-09,2024-03-27,2026-08-12T13:29:33.699965,loans.csv
1127,1529,32,2024-07-12,2024-07-26,2024-07-14,2026-08-12T13:29:33.699965,loans.csv
3811,404,5,2024-04-27,2024-05-11,2024-05-06,2026-08-12T13:29:33.699965,loans.csv
2464,588,1,2024-02-03,2024-02-17,2024-02-09,2026-08-12T13:29:33.699965,loans.csv
5674,1845,1,2024-08-12,2024-08-26,2024-08-23,2026-08-12T13:29:33.699965,loans.csv
6157,2093,3,2023-09-24,2023-10-08,2023-10-14,2026-08-12T13:29:33.699965,loans.csv
5266,680,6,2024-04-30,2024-05-14,2024-05-04,2026-08-12T13:29:33.699965,loans.csv
7663,882,1,2023-08-26,2023-09-16,2023-08-27,2026-08-12T13:29:33.699965,loans.csv
2031,2340,3,2022-07-02,2022-06-22,2022-07-05,2026-08-12T13:29:33.699965,loans.csv
5383,598,1,2024-11-15,2024-11-29,2024-11-19,2026-08-12T13:29:33.699965,loans.csv
1922,2399,69,2023-05-07,2023-05-28,2023-05-09,2026-08-12T13:29:33.699965,loans.csv
549,1536,1,2024-01-04,2024-01-18,,2026-08-12T13:29:33.699965,loans.csv
4767,1699,3,2023-03-25,2023-04-08,2023-04-30,2026-08-12T13:29:33.699965,loans.csv
8578,2411,1,2023-01-01,2023-01-15,2023-01-06,2026-08-12T13:29:33.699965,loans.csv
8473,1847,1,2024-11-18,2024-12-09,2024-11-30,2026-08-12T13:29:33.699965,loans.csv
5412,1148,2,2024-11-16,2024-12-07,2024-11-30,2026-08-12T13:29:33.699965,loans.csv
2167,305,3,2023-12-14,2023-12-28,2023-12-30,2026-08-12T13:29:33.699965,loans.csv
7196,784,1,2024-11-29,2024-12-20,2024-12-06,2026-08-12T13:29:33.699965,loans.csv
7595,1767,1,2024-07-24,2024-08-14,2024-08-11,2026-08-12T13:29:33.699965,loans.csv
9276,2109,3,2024-07-15,2024-07-29,,2026-08-12T13:29:33.699965,loans.csv
1593,1746,6,2024-01-24,2024-02-07,2024-01-28,2026-08-12T13:29:33.699965,loans.csv
3662,1127,6,2024-07-01,2024-07-22,,2026-08-12T13:29:33.699965,loans.csv
4633,2538,1,2021-09-15,2021-09-29,2021-09-25,2026-08-12T13:29:33.699965,loans.csv
3138,1588,3,2022-12-16,2022-12-30,2022-12-26,2026-08-12T13:29:33.699965,loans.csv
2450,481,1,2022-06-10,2022-06-24,,2026-08-12T13:29:33.699965,loans.csv
4515,391,1,2024-07-02,2024-07-16,2024-07-06,2026-08-12T13:29:33.699965,loans.csv
9011,828,1,2024-06-10,2024-06-24,2024-06-24,2026-08-12T13:29:33.699965,loans.csv
5483,625,93,2021-06-27,2021-07-11,2021-07-06,2026-08-12T13:29:33.699965,loans.csv
6723,800,9,2022-04-03,2022-04-17,2022-04-06,2026-08-12T13:29:33.699965,loans.csv
94,2281,6,2024-05-13,2024-05-27,,2026-08-12T13:29:33.699965,loans.csv
3593,204,8,2024-09-03,2024-09-17,2024-09-22,2026-08-12T13:29:33.699965,loans.csv
7946,1758,7,2024-10-16,2024-10-30,2024-11-04,2026-08-12T13:29:33.699965,loans.csv
1286,2172,1,2021-07-01,2021-07-15,2021-07-16,2026-08-12T13:29:33.699965,loans.csv
2571,1510,23,2024-05-15,2024-05-29,2024-05-21,2026-08-12T13:29:33.699965,loans.csv
3438,2541,1,2023-05-07,2023-05-21,,2026-08-12T13:29:33.699965,loans.csv
7806,335,1,2022-01-17,2022-01-31,2022-02-07,2026-08-12T13:29:33.699965,loans.csv
3006,86,5,2023-06-10,2023-06-24,2023-06-13,2026-08-12T13:29:33.699965,loans.csv
8553,615,46,2024-09-27,2024-10-11,2024-10-20,2026-08-12T13:29:33.699965,loans.csv
767,2645,34,2024-04-27,2024-05-11,2024-06-07,2026-08-12T13:29:33.699965,loans.csv
1169,2281,1,2023-09-22,2023-10-06,2023-10-04,2026-08-12T13:29:33.699965,loans.csv
1500,1412,1,2024-05-15,2024-05-29,,2026-08-12T13:29:33.699965,loans.csv
5600,2720,3,2024-07-16,2024-07-30,2024-09-04,2026-08-12T13:29:33.699965,loans.csv
9562,897,28,2023-05-31,2023-06-14,2023-06-02,2026-08-12T13:29:33.699965,loans.csv
9220,1427,3,2024-08-14,2024-08-28,2024-08-22,2026-08-12T13:29:33.699965,loans.csv
6448,1461,3,2024-03-22,2024-04-05,2024-04-03,2026-08-12T13:29:33.699965,loans.csv
1388,223,2,2022-03-24,2022-04-07,2022-04-07,2026-08-12T13:29:33.699965,loans.csv
7611,1713,1,2020-12-15,2020-12-29,2020-12-26,2026-08-12T13:29:33.699965,loans.csv
5828,1738,4,2023-06-08,2023-06-22,2023-06-15,2026-08-12T13:29:33.699965,loans.csv
8319,795,1,2023-04-15,2023-04-29,2023-04-17,2026-08-12T13:29:33.699965,loans.csv
6555,1389,6,2020-12-11,2020-12-25,2020-12-20,2026-08-12T13:29:33.699965,loans.csv
7759,404,1,2024-05-25,2024-06-08,2024-05-29,2026-08-12T13:29:33.699965,loans.csv
8779,621,1,2023-08-19,2023-09-02,2023-09-07,2026-08-12T13:29:33.699965,loans.csv
1517,2610,3,2021-12-19,2022-01-02,2021-12-20,2026-08-12T13:29:33.699965,loans.csv
7453,56,2,2023-10-14,2023-10-28,,2026-08-12T13:29:33.699965,loans.csv
550,518,1,2024-10-22,2024-11-05,,2026-08-12T13:29:33.699965,loans.csv
5824,38,38,2024-09-02,2024-09-16,2024-10-29,2026-08-12T13:29:33.699965,loans.csv
1488,1242,2,2023-04-15,2023-04-29,2023-05-01,2026-08-12T13:29:33.699965,loans.csv
6583,1376,3,2021-08-27,2021-09-10,2021-09-04,2026-08-12T13:29:33.699965,loans.csv
8891,1942,4,2024-10-07,2024-10-21,2024-10-17,2026-08-12T13:29:33.699965,loans.csv
6133,2558,7,2024-10-10,2024-10-24,2024-10-21,2026-08-12T13:29:33.699965,loans.csv
1995,2708,4,2022-06-07,2022-06-21,2022-06-13,2026-08-12T13:29:33.699965,loans.csv
7962,2800,1,2021-04-03,2021-04-17,2021-04-09,2026-08-12T13:29:33.699965,loans.csv
7391,1697,1,2023-01-22,2023-02-05,2023-02-18,2026-08-12T13:29:33.699965,loans.csv
6227,753,1,2024-02-02,2024-02-23,2024-02-16,2026-08-12T13:29:33.699965,loans.csv
4184,1785,1,2024-09-23,2024-10-07,2024-09-27,2026-08-12T13:29:33.699965,loans.csv
6731,2211,5,2020-12-11,2020-12-25,2020-12-20,2026-08-12T13:29:33.699965,loans.csv
9041,1476,1,2024-02-03,2024-02-17,,2026-08-12T13:29:33.699965,loans.csv
2396,1676,1,2023-02-24,2023-03-10,2023-03-08,2026-08-12T13:29:33.699965,loans.csv
2160,2164,1,2021-09-04,2021-09-18,,2026-08-12T13:29:33.699965,loans.csv
3529,2454,2,2023-06-03,2023-06-17,2023-06-14,2026-08-12T13:29:33.699965,loans.csv
9287,2093,3,2024-08-07,2024-08-21,2024-09-22,2026-08-12T13:29:33.699965,loans.csv
2581,2080,1,2024-11-08,2024-11-22,2024-11-27,2026-08-12T13:29:33.699965,loans.csv
9563,2223,1,2024-02-03,2024-02-17,2024-02-05,2026-08-12T13:29:33.699965,loans.csv
5796,68,5,2024-02-16,2024-03-01,2024-02-18,2026-08-12T13:29:33.699965,loans.csv
3904,2086,9,2020-10-16,2020-10-30,2020-11-30,2026-08-12T13:29:33.699965,loans.csv
6987,1510,1,2021-01-25,2021-02-08,2021-02-14,2026-08-12T13:29:33.699965,loans.csv
9212,21,1,2024-09-01,2024-09-15,,2026-08-12T13:29:33.699965,loans.csv
6953,2638,2,2022-12-30,2023-01-13,2023-02-21,2026-08-12T13:29:33.699965,loans.csv
3744,2774,1,2024-11-13,2024-11-27,2024-12-04,2026-08-12T13:29:33.699965,loans.csv
2814,1553,2,2024-08-09,2024-08-23,,2026-08-12T13:29:33.699965,loans.csv
4897,1510,1,2022-07-10,2022-07-24,2022-07-28,2026-08-12T13:29:33.699965,loans.csv
3169,701,1,2024-02-06,2024-02-20,2024-02-12,2026-08-12T13:29:33.699965,loans.csv
1955,2511,1,2020-07-24,2020-08-07,2020-08-13,2026-08-12T13:29:33.699965,loans.csv
7730,629,3,2022-03-04,2022-03-18,2022-03-13,2026-08-12T13:29:33.699965,loans.csv
4906,2498,19,2023-04-04,2023-04-25,2023-04-13,2026-08-12T13:29:33.699965,loans.csv
4615,591,2,2024-09-06,2024-09-20,2024-09-11,2026-08-12T13:29:33.699965,loans.csv
8807,655,1,2022-11-02,2022-11-16,2022-11-16,2026-08-12T13:29:33.699965,loans.csv
4093,1523,73,2024-11-07,2024-11-21,2024-11-16,2026-08-12T13:29:33.699965,loans.csv
5155,1846,1,2023-03-05,2023-03-19,2023-03-16,2026-08-12T13:29:33.699965,loans.csv
3475,39,37,2022-01-25,2022-02-08,2022-02-15,2026-08-12T13:29:33.699965,loans.csv
8926,1529,22,2023-02-09,2023-02-23,2023-02-17,2026-08-12T13:29:33.699965,loans.csv
6773,2722,1,2024-04-18,2024-05-02,2024-05-08,2026-08-12T13:29:33.699965,loans.csv
2468,1657,17,2024-02-20,2024-03-05,2024-02-22,2026-08-12T13:29:33.699965,loans.csv
1007,2311,19,2024-11-13,2024-11-27,2024-11-23,2026-08-12T13:29:33.699965,loans.csv
8537,1764,1,2021-06-28,2021-07-12,,2026-08-12T13:29:33.699965,loans.csv
7662,2358,2,2023-03-27,2023-04-10,2023-04-10,2026-08-12T13:29:33.699965,loans.csv
1362,1090,15,2024-09-08,2024-09-04,,2026-08-12T13:29:33.699965,loans.csv
5583,1381,103,2022-01-15,2022-01-29,2022-01-21,2026-08-12T13:29:33.699965,loans.csv
208,162,38,2022-06-07,2022-06-28,2022-06-24,2026-08-12T13:29:33.699965,loans.csv
6937,1891,1,2024-12-07,2024-12-21,2024-12-27,2026-08-12T13:29:33.699965,loans.csv
5618,1005,7,2024-11-13,2024-11-27,,2026-08-12T13:29:33.699965,loans.csv
8495,1048,4,2024-10-18,2024-11-01,2024-10-31,2026-08-12T13:29:33.699965,loans.csv
5625,2482,4,2024-12-07,2024-12-21,2024-12-17,2026-08-12T13:29:33.699965,loans.csv
7291,336,86,2023-08-03,2023-08-17,2023-09-09,2026-08-12T13:29:33.699965,loans.csv
8569,1276,14,2024-04-15,2024-04-29,2024-04-20,2026-08-12T13:29:33.699965,loans.csv
5051,2344,2,2023-11-15,2023-11-29,,2026-08-12T13:29:33.699965,loans.csv
7099,1028,2,2021-11-14,2021-11-28,2021-11-16,2026-08-12T13:29:33.699965,loans.csv
2864,915,63,2021-12-26,2022-01-16,2022-01-03,2026-08-12T13:29:33.699965,loans.csv
781,2111,4,2024-09-25,2024-10-09,2024-10-10,2026-08-12T13:29:33.699965,loans.csv
7776,1467,2,2024-10-30,2024-11-13,2024-11-01,2026-08-12T13:29:33.699965,loans.csv
5227,813,1,2024-06-07,2024-06-21,2024-06-14,2026-08-12T13:29:33.699965,loans.csv
5417,1836,24,2022-09-06,2022-09-20,,2026-08-12T13:29:33.699965,loans.csv
4780,2002,1,2022-07-02,2022-07-16,2022-07-09,2026-08-12T13:29:33.699965,loans.csv
6748,2790,47,2023-04-12,2023-04-26,2023-05-01,2026-08-12T13:29:33.699965,loans.csv
658,673,1,2024-05-07,2024-05-21,2024-05-11,2026-08-12T13:29:33.699965,loans.csv
5507,1559,1,2024-07-16,2024-07-30,2024-07-21,2026-08-12T13:29:33.699965,loans.csv
3636,698,2,2024-09-25,2024-10-09,,2026-08-12T13:29:33.699965,loans.csv
7333,736,1,2024-02-08,2024-02-22,2024-02-27,2026-08-12T13:29:33.699965,loans.csv
6077,765,115,2024-11-19,2024-12-03,2024-11-26,2026-08-12T13:29:33.699965,loans.csv
7422,456,1,2022-08-17,2022-08-31,2022-08-18,2026-08-12T13:29:33.699965,loans.csv
8655,1654,82,2024-09-26,2024-10-10,2024-09-30,2026-08-12T13:29:33.699965,loans.csv
3090,2626,1,2024-08-24,2024-09-07,2024-09-12,2026-08-12T13:29:33.699965,loans.csv
4214,1984,9,2024-03-24,2024-04-07,2024-03-29,2026-08-12T13:29:33.699965,loans.csv
3730,432,1,2024-10-14,2024-10-28,2024-10-18,2026-08-12T13:29:33.699965,loans.csv
1539,935,1,2024-02-05,2024-02-19,,2026-08-12T13:29:33.699965,loans.csv
6899,930,3,2024-09-16,2024-09-30,2024-09-20,2026-08-12T13:29:33.699965,loans.csv
4473,1801,1,2021-03-25,2021-04-08,,2026-08-12T13:29:33.699965,loans.csv
6500,2561,10,2023-05-05,2023-05-19,2023-05-22,2026-08-12T13:29:33.699965,loans.csv
9145,195,3,2024-08-25,2024-09-08,2024-08-29,2026-08-12T13:29:33.699965,loans.csv
7218,2510,1,2020-07-28,2020-08-11,2020-08-17,2026-08-12T13:29:33.699965,loans.csv
8607,445,8,2023-12-20,2024-01-03,2023-12-28,2026-08-12T13:29:33.699965,loans.csv
4919,2039,173,2024-07-31,2024-08-14,2024-08-16,2026-08-12T13:29:33.699965,loans.csv
7524,2204,1,2024-01-21,2024-02-04,2024-03-09,2026-08-12T13:29:33.699965,loans.csv
125,983,4,2022-01-07,2022-01-28,,2026-08-12T13:29:33.699965,loans.csv
7716,994,3,2022-10-31,2022-11-14,2022-11-21,2026-08-12T13:29:33.699965,loans.csv
8690,871,1,2024-12-07,2024-12-21,2024-12-19,2026-08-12T13:29:33.699965,loans.csv
3447,1786,1,2021-05-26,2021-06-09,,2026-08-12T13:29:33.699965,loans.csv
8869,1190,1,2024-06-06,2024-06-20,2024-06-13,2026-08-12T13:29:33.699965,loans.csv
7860,2008,11,2023-06-26,2023-07-17,2023-07-18,2026-08-12T13:29:33.699965,loans.csv
1436,1605,1,2024-08-04,2024-08-18,2024-08-06,2026-08-12T13:29:33.699965,loans.csv
9385,2111,3,2024-12-06,2024-12-20,2024-12-16,2026-08-12T13:29:33.699965,loans.csv
241,2704,5,2024-12-10,2024-12-24,2024-12-21,2026-08-12T13:29:33.699965,loans.csv
8768,2751,1,2023-01-27,2023-02-10,2023-02-01,2026-08-12T13:29:33.699965,loans.csv
3835,1030,3,2023-05-13,2023-05-27,2023-05-23,2026-08-12T13:29:33.699965,loans.csv
901,1703,1,2024-11-12,2024-11-26,2024-11-24,2026-08-12T13:29:33.699965,loans.csv
2510,2566,17,2024-04-01,2024-04-15,,2026-08-12T13:29:33.699965,loans.csv
2656,1214,81,2023-11-06,2023-11-20,2023-11-24,2026-08-12T13:29:33.699965,loans.csv
5347,437,7,2023-10-15,2023-10-29,2023-10-29,2026-08-12T13:29:33.699965,loans.csv
510,873,7,2024-01-11,2024-01-25,2024-01-20,2026-08-12T13:29:33.699965,loans.csv
4666,786,1,2024-05-17,2024-05-31,2024-05-29,2026-08-12T13:29:33.699965,loans.csv
4220,1171,1,2023-10-13,2023-10-27,2023-10-18,2026-08-12T13:29:33.699965,loans.csv
3941,2092,5,2022-05-19,2022-06-02,2022-05-30,2026-08-12T13:29:33.699965,loans.csv
2334,652,3,2024-09-24,2024-10-08,2024-10-03,2026-08-12T13:29:33.699965,loans.csv
3407,1219,8,2020-11-17,2020-12-01,2020-12-03,2026-08-12T13:29:33.699965,loans.csv
2332,994,1,2023-10-11,2023-11-01,2023-11-06,2026-08-12T13:29:33.699965,loans.csv
7855,1862,1,2023-12-03,2023-12-17,2023-12-04,2026-08-12T13:29:33.699965,loans.csv
1682,237,1,2024-12-21,2025-01-04,,2026-08-12T13:29:33.699965,loans.csv
1540,1388,1,2020-12-20,2021-01-10,2020-12-24,2026-08-12T13:29:33.699965,loans.csv
8297,2516,2,2020-02-27,2020-03-12,2020-03-02,2026-08-12T13:29:33.699965,loans.csv
5258,154,2,2024-03-14,2024-03-28,2024-03-19,2026-08-12T13:29:33.699965,loans.csv
8526,2068,1,2024-01-29,2024-02-12,2024-02-03,2026-08-12T13:29:33.699965,loans.csv
3542,2782,1,2024-11-29,2024-12-13,,2026-08-12T13:29:33.699965,loans.csv
2306,2362,1,2024-01-27,2024-02-10,2024-02-04,2026-08-12T13:29:33.699965,loans.csv
4828,279,90,2021-11-23,2021-12-14,2022-01-11,2026-08-12T13:29:33.699965,loans.csv
2812,2479,1,2023-06-17,2023-07-01,2023-07-01,2026-08-12T13:29:33.699965,loans.csv
4820,1255,6,2023-04-07,2023-04-21,2023-04-09,2026-08-12T13:29:33.699965,loans.csv
8453,1650,1,2023-07-21,2023-08-11,2023-08-06,2026-08-12T13:29:33.699965,loans.csv
3082,904,2,2022-03-21,2022-04-04,2022-04-01,2026-08-12T13:29:33.699965,loans.csv
2732,398,32,2023-03-23,2023-04-06,2023-03-27,2026-08-12T13:29:33.699965,loans.csv
7287,2516,51,2022-01-01,2022-01-15,2022-01-19,2026-08-12T13:29:33.699965,loans.csv
3764,1208,1,2023-08-01,2023-08-15,2023-08-04,2026-08-12T13:29:33.699965,loans.csv
4267,901,1,2023-05-09,2023-05-23,2023-06-23,2026-08-12T13:29:33.699965,loans.csv
417,2298,4,2023-09-25,2023-10-09,2023-10-11,2026-08-12T13:29:33.699965,loans.csv
4082,1684,109,2022-11-18,2022-12-02,2022-11-26,2026-08-12T13:29:33.699965,loans.csv
5020,1796,9,2024-04-21,2024-05-05,2024-05-07,2026-08-12T13:29:33.699965,loans.csv
3406,568,1,2021-05-09,2021-05-23,2021-05-29,2026-08-12T13:29:33.699965,loans.csv
9372,758,1,2023-01-31,2023-02-14,2023-02-16,2026-08-12T13:29:33.699965,loans.csv
2260,2010,136,2021-07-19,2021-08-02,2021-07-27,2026-08-12T13:29:33.699965,loans.csv
6818,1191,4,2024-08-28,2024-09-11,2024-09-08,2026-08-12T13:29:33.699965,loans.csv
2280,1488,1,2022-05-04,2022-05-18,2022-05-09,2026-08-12T13:29:33.699965,loans.csv
7020,105,5,2024-08-24,2024-09-07,2024-10-22,2026-08-12T13:29:33.699965,loans.csv
6836,2250,1,2023-05-29,2023-06-12,2023-06-03,2026-08-12T13:29:33.699965,loans.csv
2967,483,3,2024-09-07,2024-09-21,2024-09-13,2026-08-12T13:29:33.699965,loans.csv
5186,1116,26,2022-08-13,2022-08-27,2022-08-29,2026-08-12T13:29:33.699965,loans.csv
4371,1305,3,2021-05-28,2021-06-11,2021-06-04,2026-08-12T13:29:33.699965,loans.csv
9347,2727,1,2024-10-30,2024-11-13,2024-11-07,2026-08-12T13:29:33.699965,loans.csv
4794,289,2,2024-07-12,2024-07-26,2024-08-02,2026-08-12T13:29:33.699965,loans.csv
5607,982,2,2022-03-05,2022-03-19,2022-03-20,2026-08-12T13:29:33.699965,loans.csv
9244,2618,2,2023-06-09,2023-06-23,2023-06-10,2026-08-12T13:29:33.699965,loans.csv
7420,2558,9,2021-08-22,2021-09-05,2021-08-23,2026-08-12T13:29:33.699965,loans.csv
9353,2231,1,2023-07-29,2023-08-12,2023-08-01,2026-08-12T13:29:33.699965,loans.csv
5722,1676,5,2024-03-08,2024-03-22,2024-03-28,2026-08-12T13:29:33.699965,loans.csv
9231,1781,188,2023-02-09,2023-02-23,2023-02-11,2026-08-12T13:29:33.699965,loans.csv
1104,2354,1,2023-04-30,2023-05-14,,2026-08-12T13:29:33.699965,loans.csv
5090,789,19,2021-12-19,2022-01-09,2021-12-25,2026-08-12T13:29:33.699965,loans.csv
1717,1908,2,2021-06-28,2021-07-12,2021-07-04,2026-08-12T13:29:33.699965,loans.csv
6945,2561,2,2024-08-11,2024-09-01,2024-10-07,2026-08-12T13:29:33.699965,loans.csv
1497,827,21,2021-05-14,2021-05-28,2021-05-15,2026-08-12T13:29:33.699965,loans.csv
7832,2475,25,2022-06-10,2022-06-24,2022-06-24,2026-08-12T13:29:33.699965,loans.csv
2705,655,1,2023-11-14,2023-11-28,2023-12-02,2026-08-12T13:29:33.699965,loans.csv
6459,1926,3,2024-04-19,2024-05-03,2024-04-23,2026-08-12T13:29:33.699965,loans.csv
769,1206,7,2022-10-15,2022-11-05,2022-11-07,2026-08-12T13:29:33.699965,loans.csv
699,1850,2,2023-06-18,2023-07-02,2023-07-12,2026-08-12T13:29:33.699965,loans.csv
6715,1961,1,2024-08-26,2024-09-09,2024-08-27,2026-08-12T13:29:33.699965,loans.csv
2496,2516,5,2022-12-28,2023-01-11,2023-01-02,2026-08-12T13:29:33.699965,loans.csv
750,717,2,2022-10-06,2022-10-20,2022-11-23,2026-08-12T13:29:33.699965,loans.csv
3693,1098,5,2023-07-09,2023-07-23,,2026-08-12T13:29:33.699965,loans.csv
6914,217,1,2024-01-28,2024-02-11,,2026-08-12T13:29:33.699965,loans.csv
6219,423,1,2022-02-25,2022-03-11,,2026-08-12T13:29:33.699965,loans.csv
4080,2558,1,2021-02-08,2021-02-22,2021-02-11,2026-08-12T13:29:33.699965,loans.csv
6330,1880,5,2021-12-31,2022-01-14,2022-01-15,2026-08-12T13:29:33.699965,loans.csv
7319,1842,9,2023-10-13,2023-10-27,,2026-08-12T13:29:33.699965,loans.csv
4165,1086,2,2024-12-10,2024-12-31,2024-12-12,2026-08-12T13:29:33.699965,loans.csv
713,2591,72,2020-04-09,2020-04-23,2020-04-22,2026-08-12T13:29:33.699965,loans.csv
3074,1967,4,2023-01-30,2023-02-13,2023-02-17,2026-08-12T13:29:33.699965,loans.csv
2433,1201,1,2022-08-09,2022-08-23,2022-08-17,2026-08-12T13:29:33.699965,loans.csv
3441,924,10,2024-07-19,2024-08-02,2024-08-21,2026-08-12T13:29:33.699965,loans.csv
9600,2750,1,2023-10-12,2023-10-26,,2026-08-12T13:29:33.699965,loans.csv
5229,683,11,2024-10-11,2024-10-25,2024-10-24,2026-08-12T13:29:33.699965,loans.csv
4157,1978,1,2024-04-29,2024-05-13,2024-05-06,2026-08-12T13:29:33.699965,loans.csv
8604,1101,1,2024-05-18,2024-06-01,2024-05-27,2026-08-12T13:29:33.699965,loans.csv
1146,2073,3,2023-03-30,2023-04-13,2023-04-08,2026-08-12T13:29:33.699965,loans.csv
4153,2520,2,2022-02-20,2022-03-06,2022-02-23,2026-08-12T13:29:33.699965,loans.csv
640,1109,1,2024-04-08,2024-04-22,2024-04-21,2026-08-12T13:29:33.699965,loans.csv
3864,2477,4,2023-10-06,2023-10-20,2023-10-14,2026-08-12T13:29:33.699965,loans.csv
4283,467,1,2021-03-31,2021-04-14,2021-05-19,2026-08-12T13:29:33.699965,loans.csv
5132,432,1,2024-08-31,2024-09-14,2024-09-14,2026-08-12T13:29:33.699965,loans.csv
7719,872,3,2024-04-02,2024-04-16,2024-04-17,2026-08-12T13:29:33.699965,loans.csv
1310,1537,16,2024-04-08,2024-04-22,,2026-08-12T13:29:33.699965,loans.csv
6653,2496,1,2020-04-30,2020-05-14,2020-05-03,2026-08-12T13:29:33.699965,loans.csv
7111,612,55,2023-09-24,2023-10-08,,2026-08-12T13:29:33.699965,loans.csv
2106,2340,1,2023-03-18,2023-04-01,2023-03-25,2026-08-12T13:29:33.699965,loans.csv
4938,867,3,2022-06-28,2022-07-12,2022-07-12,2026-08-12T13:29:33.699965,loans.csv
5454,1951,1,2024-12-07,2024-12-21,2024-12-11,2026-08-12T13:29:33.699965,loans.csv
3367,2425,4,2022-10-03,2022-10-17,2022-10-18,2026-08-12T13:29:33.699965,loans.csv
8581,1200,2,2021-12-11,2021-12-25,2021-12-14,2026-08-12T13:29:33.699965,loans.csv
479,364,2,2024-03-10,2024-03-24,2024-03-21,2026-08-12T13:29:33.699965,loans.csv
7129,1121,8,2023-03-21,2023-04-04,2023-04-05,2026-08-12T13:29:33.699965,loans.csv
7836,1549,1,2024-05-20,2024-06-03,2024-06-26,2026-08-12T13:29:33.699965,loans.csv
6375,17,1,2022-06-23,2022-07-07,2022-07-05,2026-08-12T13:29:33.699965,loans.csv
5035,2459,6,2024-08-25,2024-09-15,,2026-08-12T13:29:33.699965,loans.csv
9027,2626,1,2023-09-12,2023-09-26,2023-09-15,2026-08-12T13:29:33.699965,loans.csv
3248,1652,33,2024-03-11,2024-04-01,,2026-08-12T13:29:33.699965,loans.csv
662,1966,1,2023-05-07,2023-04-29,2023-05-09,2026-08-12T13:29:33.699965,loans.csv
9053,2749,1,2024-02-07,2024-02-21,2024-02-20,2026-08-12T13:29:33.699965,loans.csv
7464,2082,10,2024-12-11,2024-12-25,,2026-08-12T13:29:33.699965,loans.csv
4935,636,4,2023-09-30,2023-10-14,2023-10-03,2026-08-12T13:29:33.699965,loans.csv
7052,128,1,2023-05-24,2023-06-07,2023-06-04,2026-08-12T13:29:33.699965,loans.csv
7700,788,1,2023-11-14,2023-11-28,,2026-08-12T13:29:33.699965,loans.csv
1360,4,1,2021-08-31,2021-09-14,2021-09-19,2026-08-12T13:29:33.699965,loans.csv
1696,2783,1,2024-11-14,2024-11-28,2024-11-16,2026-08-12T13:29:33.699965,loans.csv
3875,560,5,2024-05-28,2024-06-11,2024-06-05,2026-08-12T13:29:33.699965,loans.csv
6090,1376,149,2021-01-21,2021-02-04,2021-02-08,2026-08-12T13:29:33.699965,loans.csv
3351,2112,6,2024-07-27,2024-08-10,2024-07-30,2026-08-12T13:29:33.699965,loans.csv
797,1803,1,2024-07-13,2024-07-27,,2026-08-12T13:29:33.699965,loans.csv
3133,423,1,2023-04-19,2023-05-03,2023-05-08,2026-08-12T13:29:33.699965,loans.csv
4487,2011,40,2022-04-21,2022-05-05,2022-04-29,2026-08-12T13:29:33.699965,loans.csv
8214,1862,5,2022-05-25,2022-06-08,2022-06-03,2026-08-12T13:29:33.699965,loans.csv
2175,623,2,2024-03-02,2024-03-16,2024-03-10,2026-08-12T13:29:33.699965,loans.csv
686,2084,1,2022-07-10,2022-07-24,2022-07-15,2026-08-12T13:29:33.699965,loans.csv
4017,1896,19,2024-01-09,2024-01-23,2024-01-15,2026-08-12T13:29:33.699965,loans.csv
1464,1180,59,2024-08-01,2024-08-15,2024-08-16,2026-08-12T13:29:33.699965,loans.csv
8489,2123,11,2023-12-27,2024-01-10,,2026-08-12T13:29:33.699965,loans.csv
1541,390,1,2024-12-04,2024-12-18,2024-12-20,2026-08-12T13:29:33.699965,loans.csv
3746,2465,1,2022-06-19,2022-07-03,,2026-08-12T13:29:33.699965,loans.csv
1935,2171,1,2024-10-02,2024-10-16,2024-10-05,2026-08-12T13:29:33.699965,loans.csv
6546,6,6,2020-03-22,2020-04-05,2020-04-04,2026-08-12T13:29:33.699965,loans.csv
2557,672,3,2023-10-27,2023-11-10,2023-11-13,2026-08-12T13:29:33.699965,loans.csv
5210,2046,1,2021-08-06,2021-08-20,2021-08-11,2026-08-12T13:29:33.699965,loans.csv
7163,1021,1,2024-10-24,2024-11-07,2024-11-10,2026-08-12T13:29:33.699965,loans.csv
8409,403,156,2023-12-29,2024-01-12,2024-01-06,2026-08-12T13:29:33.699965,loans.csv
8978,2235,1,2024-06-11,2024-06-25,2024-06-17,2026-08-12T13:29:33.699965,loans.csv
6544,731,1,2021-12-07,2021-12-21,2021-12-22,2026-08-12T13:29:33.699965,loans.csv
5864,691,1,2021-08-14,2021-08-28,2021-08-15,2026-08-12T13:29:33.699965,loans.csv
6075,560,26,2024-11-21,2024-12-05,2024-11-23,2026-08-12T13:29:33.699965,loans.csv
82,2055,4,2022-11-09,2022-11-23,2022-11-17,2026-08-12T13:29:33.699965,loans.csv
1680,1048,1,2024-11-19,2024-12-03,2024-12-10,2026-08-12T13:29:33.699965,loans.csv
5650,848,2,2024-01-20,2024-02-03,2024-01-25,2026-08-12T13:29:33.699965,loans.csv
9064,2326,2,2024-10-18,2024-11-01,2024-10-20,2026-08-12T13:29:33.699965,loans.csv
6285,642,1,2024-07-11,2024-07-25,2024-07-29,2026-08-12T13:29:33.699965,loans.csv
6632,1778,1,2024-09-08,2024-09-22,2024-09-14,2026-08-12T13:29:33.699965,loans.csv
6014,746,151,2024-06-01,2024-06-22,2024-07-20,2026-08-12T13:29:33.699965,loans.csv
5609,794,16,2023-07-26,2023-08-09,2023-08-16,2026-08-12T13:29:33.699965,loans.csv
1759,2583,1,2023-10-05,2023-10-19,2023-10-22,2026-08-12T13:29:33.699965,loans.csv
9037,2548,1,2024-08-23,2024-09-06,2024-09-11,2026-08-12T13:29:33.699965,loans.csv
5841,879,19,2024-01-22,2024-02-05,2024-02-05,2026-08-12T13:29:33.699965,loans.csv
7599,117,4,2022-12-05,2022-12-19,2022-12-20,2026-08-12T13:29:33.699965,loans.csv
696,1104,5,2024-12-04,2024-12-18,2024-12-08,2026-08-12T13:29:33.699965,loans.csv
1284,1223,1,2024-09-12,2024-09-26,2024-09-15,2026-08-12T13:29:33.699965,loans.csv
4430,1988,6,2024-12-25,2025-01-08,,2026-08-12T13:29:33.699965,loans.csv
6176,1717,1,2024-06-11,2024-06-25,2024-06-24,2026-08-12T13:29:33.699965,loans.csv
8998,411,101,2024-11-21,2024-12-05,2024-11-29,2026-08-12T13:29:33.699965,loans.csv
4880,599,2,2022-05-30,2022-06-13,2022-06-04,2026-08-12T13:29:33.699965,loans.csv
5024,2770,1,2023-09-07,2023-09-21,2023-09-15,2026-08-12T13:29:33.699965,loans.csv
7958,1373,11,2020-10-25,2020-11-08,2020-11-09,2026-08-12T13:29:33.699965,loans.csv
1354,1788,2,2020-09-29,2020-09-17,,2026-08-12T13:29:33.699965,loans.csv
3868,2325,1,2024-11-28,2024-12-19,,2026-08-12T13:29:33.699965,loans.csv
2781,760,8,2024-04-13,2024-04-27,2024-05-30,2026-08-12T13:29:33.699965,loans.csv
1861,2797,1,2023-04-22,2023-05-06,2023-05-04,2026-08-12T13:29:33.699965,loans.csv
9091,2018,3,2024-11-04,2024-11-18,2024-11-25,2026-08-12T13:29:33.699965,loans.csv
5913,1475,6,2022-02-15,2022-03-01,2022-03-03,2026-08-12T13:29:33.699965,loans.csv
4958,1116,2,2023-12-14,2024-01-04,2023-12-26,2026-08-12T13:29:33.699965,loans.csv
1824,2110,2,2022-12-13,2022-12-27,,2026-08-12T13:29:33.699965,loans.csv
8703,2468,2,2024-11-07,2024-11-21,2024-11-12,2026-08-12T13:29:33.699965,loans.csv
8609,2535,3,2024-12-16,2024-12-30,,2026-08-12T13:29:33.699965,loans.csv
4135,22,1,2024-02-06,2024-02-20,,2026-08-12T13:29:33.699965,loans.csv
2728,2725,2,2021-03-27,2021-04-10,2021-04-21,2026-08-12T13:29:33.699965,loans.csv
2844,370,2,2023-10-25,2023-11-08,2023-10-31,2026-08-12T13:29:33.699965,loans.csv
9042,2250,1,2024-02-15,2024-02-29,2024-03-03,2026-08-12T13:29:33.699965,loans.csv
6200,2398,1,2022-04-11,2022-04-25,2022-04-17,2026-08-12T13:29:33.699965,loans.csv
1456,398,7,2023-09-12,2023-09-26,2023-09-16,2026-08-12T13:29:33.699965,loans.csv
8078,1368,1,2024-11-30,2024-12-14,2025-01-07,2026-08-12T13:29:33.699965,loans.csv
4853,371,15,2023-01-02,2023-01-16,2023-01-14,2026-08-12T13:29:33.699965,loans.csv
7592,1067,2,2024-11-05,2024-11-19,2024-11-15,2026-08-12T13:29:33.699965,loans.csv
7949,2414,14,2024-02-21,2024-03-06,2024-02-27,2026-08-12T13:29:33.699965,loans.csv
81,115,3,2023-02-02,2023-02-16,,2026-08-12T13:29:33.699965,loans.csv
8020,86,2,2023-11-08,2023-11-22,2023-11-27,2026-08-12T13:29:33.699965,loans.csv
6174,1522,1,2022-10-03,2022-10-17,2022-10-06,2026-08-12T13:29:33.699965,loans.csv
9513,2592,4,2024-08-24,2024-09-07,,2026-08-12T13:29:33.699965,loans.csv
9344,2139,28,2024-05-21,2024-06-04,2024-06-09,2026-08-12T13:29:33.699965,loans.csv
859,1666,5,2024-10-27,2024-11-10,2024-11-15,2026-08-12T13:29:33.699965,loans.csv
2445,1048,32,2024-11-18,2024-12-02,2024-12-02,2026-08-12T13:29:33.699965,loans.csv
6949,1007,30,2021-04-27,2021-05-11,2021-06-06,2026-08-12T13:29:33.699965,loans.csv
1366,2711,9,2023-01-29,2023-02-12,2023-02-01,2026-08-12T13:29:33.699965,loans.csv
7335,398,1,2023-06-23,2023-07-07,2023-06-26,2026-08-12T13:29:33.699965,loans.csv
3449,629,1,2021-08-02,2021-08-16,2021-08-17,2026-08-12T13:29:33.699965,loans.csv
3183,57,1,2023-03-29,2023-04-19,,2026-08-12T13:29:33.699965,loans.csv
6340,1692,1,2023-09-26,2023-10-10,2023-10-06,2026-08-12T13:29:33.699965,loans.csv
8875,2421,7,2023-08-03,2023-08-17,,2026-08-12T13:29:33.699965,loans.csv
9417,416,16,2024-11-26,2024-12-10,2024-12-13,2026-08-12T13:29:33.699965,loans.csv
2649,1227,2,2022-09-21,2022-10-12,,2026-08-12T13:29:33.699965,loans.csv
1792,2088,3,2024-04-26,2024-05-10,2024-05-17,2026-08-12T13:29:33.699965,loans.csv
8764,1048,1,2024-10-19,2024-11-09,2024-11-16,2026-08-12T13:29:33.699965,loans.csv
8237,1673,3,2021-07-19,2021-08-02,2021-07-21,2026-08-12T13:29:33.699965,loans.csv
1822,2568,2,2024-09-07,2024-09-21,2024-09-20,2026-08-12T13:29:33.699965,loans.csv
8296,807,12,2023-04-08,2023-04-22,2023-04-30,2026-08-12T13:29:33.699965,loans.csv
2958,708,1,2022-11-19,2022-12-03,2022-11-27,2026-08-12T13:29:33.699965,loans.csv
5678,1099,64,2024-08-08,2024-08-22,2024-08-15,2026-08-12T13:29:33.699965,loans.csv
8594,924,35,2022-08-10,2022-08-24,2022-08-13,2026-08-12T13:29:33.699965,loans.csv
6164,435,13,2024-09-14,2024-09-28,2024-09-23,2026-08-12T13:29:33.699965,loans.csv
6044,2278,2,2024-12-20,2025-01-03,,2026-08-12T13:29:33.699965,loans.csv
9378,1129,15,2023-08-11,2023-08-25,2023-08-18,2026-08-12T13:29:33.699965,loans.csv
7959,452,1,2022-11-02,2022-11-16,2022-11-12,2026-08-12T13:29:33.699965,loans.csv
5939,711,76,2024-07-14,2024-07-28,2024-07-17,2026-08-12T13:29:33.699965,loans.csv
9330,1835,1,2024-01-28,2024-02-11,2024-02-12,2026-08-12T13:29:33.699965,loans.csv
126,2199,1,2023-03-16,2023-03-30,2023-03-22,2026-08-12T13:29:33.699965,loans.csv
1387,1845,30,2023-02-01,2023-02-22,2023-03-12,2026-08-12T13:29:33.699965,loans.csv
209,1501,1,2024-03-08,2024-03-22,2024-03-15,2026-08-12T13:29:33.699965,loans.csv
6859,683,12,2022-05-12,2022-05-26,2022-05-16,2026-08-12T13:29:33.699965,loans.csv
965,814,25,2020-08-28,2020-09-11,2020-09-18,2026-08-12T13:29:33.699965,loans.csv
4664,1452,2,2024-05-06,2024-05-20,2024-05-12,2026-08-12T13:29:33.699965,loans.csv
8412,1094,1,2021-03-17,2021-04-07,2021-04-09,2026-08-12T13:29:33.699965,loans.csv
8529,838,142,2022-03-14,2022-04-04,2022-04-08,2026-08-12T13:29:33.699965,loans.csv
2392,2061,2,2024-03-30,2024-04-13,2024-04-11,2026-08-12T13:29:33.699965,loans.csv
2667,2462,91,2024-12-13,2024-12-27,,2026-08-12T13:29:33.699965,loans.csv
8658,1734,1,2024-06-28,2024-07-12,2024-07-03,2026-08-12T13:29:33.699965,loans.csv
9279,981,5,2024-05-08,2024-05-22,2024-05-21,2026-08-12T13:29:33.699965,loans.csv
109,38,1,2023-12-03,2023-12-17,2023-12-14,2026-08-12T13:29:33.699965,loans.csv
1886,2746,5,2023-03-13,2023-03-27,2023-03-28,2026-08-12T13:29:33.699965,loans.csv
2602,716,1,2021-12-01,2021-12-15,2021-12-02,2026-08-12T13:29:33.699965,loans.csv
2452,1998,1,2024-02-09,2024-03-01,2024-02-21,2026-08-12T13:29:33.699965,loans.csv
9470,838,1,2024-10-19,2024-11-02,2024-11-03,2026-08-12T13:29:33.699965,loans.csv
393,1103,3,2021-06-24,2021-07-08,2021-07-01,2026-08-12T13:29:33.699965,loans.csv
2298,1928,71,2022-09-21,2022-10-05,2022-10-05,2026-08-12T13:29:33.699965,loans.csv
6565,459,2,2024-07-23,2024-08-06,2024-08-04,2026-08-12T13:29:33.699965,loans.csv
8781,1422,1,2022-12-08,2022-12-22,2022-12-27,2026-08-12T13:29:33.699965,loans.csv
5222,353,1,2023-11-13,2023-11-27,,2026-08-12T13:29:33.699965,loans.csv
2611,1796,7,2022-08-09,2022-08-23,2022-08-20,2026-08-12T13:29:33.699965,loans.csv
8114,2598,1,2024-05-27,2024-06-17,2024-06-12,2026-08-12T13:29:33.699965,loans.csv
2154,2545,116,2022-08-01,2022-08-15,2022-08-03,2026-08-12T13:29:33.699965,loans.csv
2243,401,1,2022-12-04,2022-12-18,2022-12-13,2026-08-12T13:29:33.699965,loans.csv
5920,2011,1,2022-01-19,2022-02-02,2022-01-21,2026-08-12T13:29:33.699965,loans.csv
5203,2360,10,2024-12-17,2024-12-31,,2026-08-12T13:29:33.699965,loans.csv
778,1553,1,2023-03-13,2023-03-27,2023-03-20,2026-08-12T13:29:33.699965,loans.csv
4375,1809,3,2024-04-15,2024-04-29,2024-04-22,2026-08-12T13:29:33.699965,loans.csv
6470,1358,1,2022-05-18,2022-06-01,2022-05-23,2026-08-12T13:29:33.699965,loans.csv
7823,2614,1,2024-07-08,2024-07-29,2024-07-13,2026-08-12T13:29:33.699965,loans.csv
1745,854,1,2024-06-03,2024-06-17,2024-06-18,2026-08-12T13:29:33.699965,loans.csv
6242,621,1,2023-06-21,2023-07-05,2023-08-02,2026-08-12T13:29:33.699965,loans.csv
1260,1198,1,2024-04-20,2024-05-04,2024-04-28,2026-08-12T13:29:33.699965,loans.csv
2859,91,1,2024-12-22,2025-01-05,,2026-08-12T13:29:33.699965,loans.csv
3726,1124,1,2024-10-21,2024-11-04,2024-11-03,2026-08-12T13:29:33.699965,loans.csv
1527,1932,5,2023-07-16,2023-07-30,2023-07-17,2026-08-12T13:29:33.699965,loans.csv
6709,2727,3,2024-08-25,2024-09-08,2024-09-02,2026-08-12T13:29:33.699965,loans.csv
2785,2131,3,2024-06-23,2024-07-07,2024-07-03,2026-08-12T13:29:33.699965,loans.csv
5724,667,1,2024-06-12,2024-06-26,2024-06-26,2026-08-12T13:29:33.699965,loans.csv
3725,2596,4,2023-12-14,2023-12-28,2023-12-28,2026-08-12T13:29:33.699965,loans.csv
5017,432,7,2024-09-22,2024-10-06,2024-09-30,2026-08-12T13:29:33.699965,loans.csv
1772,690,1,2023-06-05,2023-06-19,2023-06-07,2026-08-12T13:29:33.699965,loans.csv
3945,1421,13,2021-01-06,2021-01-20,,2026-08-12T13:29:33.699965,loans.csv
4039,1556,107,2024-04-10,2024-04-24,2024-04-29,2026-08-12T13:29:33.699965,loans.csv
3341,1692,22,2023-05-23,2023-06-06,2023-06-08,2026-08-12T13:29:33.699965,loans.csv
8987,827,2,2023-07-05,2023-07-19,2023-07-22,2026-08-12T13:29:33.699965,loans.csv
1440,2254,4,2021-09-29,2021-10-13,,2026-08-12T13:29:33.699965,loans.csv
7435,2025,17,2024-02-17,2024-03-02,2024-02-18,2026-08-12T13:29:33.699965,loans.csv
175,1130,12,2024-07-16,2024-07-30,2024-07-19,2026-08-12T13:29:33.699965,loans.csv
6644,1985,1,2022-07-11,2022-07-25,2022-07-14,2026-08-12T13:29:33.699965,loans.csv
3009,2579,9,2022-09-10,2022-10-01,2022-10-07,2026-08-12T13:29:33.699965,loans.csv
9136,798,21,2022-03-20,2022-04-03,2022-04-09,2026-08-12T13:29:33.699965,loans.csv
1815,1360,4,2024-11-09,2024-11-30,2024-11-21,2026-08-12T13:29:33.699965,loans.csv
2923,543,4,2024-08-24,2024-09-07,2024-10-07,2026-08-12T13:29:33.699965,loans.csv
2691,1929,1,2024-09-02,2024-09-16,,2026-08-12T13:29:33.699965,loans.csv
994,2331,1,2024-06-21,2024-07-05,2024-07-02,2026-08-12T13:29:33.699965,loans.csv
5259,2331,1,2024-04-12,2024-04-26,2024-04-29,2026-08-12T13:29:33.699965,loans.csv
7770,2610,72,2023-06-27,2023-07-11,2023-07-03,2026-08-12T13:29:33.699965,loans.csv
2348,260,1,2022-10-23,2022-11-06,2022-11-03,2026-08-12T13:29:33.699965,loans.csv
9530,1068,2,2024-04-06,2024-04-20,2024-04-10,2026-08-12T13:29:33.699965,loans.csv
2307,615,1,2024-06-15,2024-06-29,2024-06-16,2026-08-12T13:29:33.699965,loans.csv
5138,473,1,2024-05-09,2024-05-23,2024-05-19,2026-08-12T13:29:33.699965,loans.csv
3179,586,3,2023-03-24,2023-04-07,2023-04-14,2026-08-12T13:29:33.699965,loans.csv
6919,1260,5,2024-02-05,2024-02-19,2024-02-22,2026-08-12T13:29:33.699965,loans.csv
2560,2684,3,2024-04-10,2024-04-07,2024-04-12,2026-08-12T13:29:33.699965,loans.csv
7184,511,1,2022-09-26,2022-10-17,2022-09-30,2026-08-12T13:29:33.699965,loans.csv
7849,1547,1,2024-07-05,2024-07-19,2024-07-06,2026-08-12T13:29:33.699965,loans.csv
993,693,2,2022-09-04,2022-09-18,2022-09-06,2026-08-12T13:29:33.699965,loans.csv
3677,667,3,2024-06-15,2024-07-06,2024-07-10,2026-08-12T13:29:33.699965,loans.csv
1618,1270,20,2024-02-28,2024-03-13,,2026-08-12T13:29:33.699965,loans.csv
7167,2164,1,2022-11-15,2022-11-29,2022-12-05,2026-08-12T13:29:33.699965,loans.csv
2192,1674,3,2023-12-25,2024-01-08,2023-12-28,2026-08-12T13:29:33.699965,loans.csv
4570,103,4,2020-05-04,2020-05-18,2020-05-11,2026-08-12T13:29:33.699965,loans.csv
370,1059,2,2023-12-20,2024-01-03,,2026-08-12T13:29:33.699965,loans.csv
1129,918,3,2024-04-07,2024-04-21,,2026-08-12T13:29:33.699965,loans.csv
8907,1864,1,2022-12-04,2022-12-18,2022-12-20,2026-08-12T13:29:33.699965,loans.csv
6325,659,3,2024-09-07,2024-08-31,2024-09-24,2026-08-12T13:29:33.699965,loans.csv
9320,285,26,2022-11-29,2022-12-13,2022-12-03,2026-08-12T13:29:33.699965,loans.csv
3207,1909,2,2023-02-02,2023-02-16,2023-02-03,2026-08-12T13:29:33.699965,loans.csv
1970,2692,3,2024-06-16,2024-06-30,2024-06-25,2026-08-12T13:29:33.699965,loans.csv
7000,2620,4,2024-04-16,2024-04-30,2024-04-26,2026-08-12T13:29:33.699965,loans.csv
8546,1561,1,2023-03-21,2023-04-04,2023-04-10,2026-08-12T13:29:33.699965,loans.csv
2194,1048,1,2024-11-28,2024-12-12,2024-12-04,2026-08-12T13:29:33.699965,loans.csv
1209,2508,2,2023-03-31,2023-04-14,2023-04-20,2026-08-12T13:29:33.699965,loans.csv
8221,1992,2,2023-06-15,2023-06-29,2023-06-19,2026-08-12T13:29:33.699965,loans.csv
3674,132,1,2024-01-10,2023-12-30,,2026-08-12T13:29:33.699965,loans.csv
7580,653,3,2024-12-20,2025-01-03,,2026-08-12T13:29:33.699965,loans.csv
8691,55,1,2023-09-13,2023-09-27,2023-09-25,2026-08-12T13:29:33.699965,loans.csv
7413,2661,1,2023-04-13,2023-04-27,,2026-08-12T13:29:33.699965,loans.csv
1870,1140,3,2020-12-08,2020-12-22,2020-12-20,2026-08-12T13:29:33.699965,loans.csv
4349,735,1,2024-12-10,2024-12-31,2024-12-24,2026-08-12T13:29:33.699965,loans.csv
4711,2152,49,2023-06-19,2023-07-03,2023-06-22,2026-08-12T13:29:33.699965,loans.csv
3054,1811,26,2021-12-03,2021-12-17,2021-12-15,2026-08-12T13:29:33.699965,loans.csv
4555,352,1,2022-02-28,2022-03-14,,2026-08-12T13:29:33.699965,loans.csv
8872,2459,165,2024-09-10,2024-09-24,2024-10-01,2026-08-12T13:29:33.699965,loans.csv
6959,1629,1,2023-11-08,2023-11-22,2023-11-13,2026-08-12T13:29:33.699965,loans.csv
3885,1364,1,2024-08-09,2024-08-30,2024-08-30,2026-08-12T13:29:33.699965,loans.csv
8950,539,1,2023-04-19,2023-05-03,2023-04-29,2026-08-12T13:29:33.699965,loans.csv
8267,2012,2,2024-01-28,2024-02-11,2024-02-17,2026-08-12T13:29:33.699965,loans.csv
8751,2591,7,2021-12-22,2022-01-05,2021-12-30,2026-08-12T13:29:33.699965,loans.csv
7723,1517,2,2024-12-22,2025-01-05,,2026-08-12T13:29:33.699965,loans.csv
8902,2018,1,2024-06-25,2024-07-09,2024-07-05,2026-08-12T13:29:33.699965,loans.csv
6825,299,1,2023-06-12,2023-06-26,2023-06-19,2026-08-12T13:29:33.699965,loans.csv
764,2343,1,2021-02-24,2021-03-10,2021-03-13,2026-08-12T13:29:33.699965,loans.csv
7704,127,11,2020-01-30,2020-02-20,,2026-08-12T13:29:33.699965,loans.csv
6302,410,1,2024-02-21,2024-03-13,2024-03-07,2026-08-12T13:29:33.699965,loans.csv
9093,1954,1,2024-05-18,2024-06-01,2024-05-19,2026-08-12T13:29:33.699965,loans.csv
2321,1523,10,2023-10-31,2023-11-14,2023-11-03,2026-08-12T13:29:33.699965,loans.csv
8833,1965,11,2022-11-10,2022-12-01,2022-11-17,2026-08-12T13:29:33.699965,loans.csv
6393,1899,2,2021-11-06,2021-11-27,2021-12-25,2026-08-12T13:29:33.699965,loans.csv
7185,848,10,2024-05-21,2024-06-04,,2026-08-12T13:29:33.699965,loans.csv
7255,457,1,2023-02-27,2023-03-13,2023-03-09,2026-08-12T13:29:33.699965,loans.csv
2736,651,2,2021-03-10,2021-03-24,2021-03-29,2026-08-12T13:29:33.699965,loans.csv
2664,771,1,2022-10-31,2022-11-14,2022-11-01,2026-08-12T13:29:33.699965,loans.csv
936,1363,1,2023-04-20,2023-05-11,2023-05-01,2026-08-12T13:29:33.699965,loans.csv
7417,2633,60,2024-07-11,2024-07-25,2024-07-18,2026-08-12T13:29:33.699965,loans.csv
3256,2754,1,2024-07-20,2024-08-03,2024-08-06,2026-08-12T13:29:33.699965,loans.csv
4095,2070,5,2021-11-15,2021-12-06,2021-11-22,2026-08-12T13:29:33.699965,loans.csv
3729,2126,2,2023-10-12,2023-10-26,2023-10-25,2026-08-12T13:29:33.699965,loans.csv
8582,572,2,2023-03-25,2023-04-08,,2026-08-12T13:29:33.699965,loans.csv
6673,2075,9,2020-05-16,2020-06-06,2020-06-04,2026-08-12T13:29:33.699965,loans.csv
6422,674,2,2023-06-16,2023-06-30,2023-06-23,2026-08-12T13:29:33.699965,loans.csv
6277,1364,1,2024-11-26,2024-12-10,2024-12-05,2026-08-12T13:29:33.699965,loans.csv
2986,1631,1,2022-06-10,2022-06-24,2022-06-16,2026-08-12T13:29:33.699965,loans.csv
2886,1233,2,2022-01-16,2022-01-30,2022-01-28,2026-08-12T13:29:33.699965,loans.csv
4511,410,1,2023-06-06,2023-06-20,2023-06-16,2026-08-12T13:29:33.699965,loans.csv
4228,1936,9,2021-06-06,2021-06-20,2021-06-07,2026-08-12T13:29:33.699965,loans.csv
9296,1450,3,2023-03-16,2023-03-30,2023-03-29,2026-08-12T13:29:33.699965,loans.csv
6484,191,2,2020-01-28,2020-02-11,2020-02-10,2026-08-12T13:29:33.699965,loans.csv
882,342,172,2023-12-30,2024-01-13,2024-01-14,2026-08-12T13:29:33.699965,loans.csv
8746,1563,1,2024-09-11,2024-09-25,2024-09-12,2026-08-12T13:29:33.699965,loans.csv
8118,2639,1,2024-02-06,2024-02-20,2024-03-03,2026-08-12T13:29:33.699965,loans.csv
4564,599,106,2024-04-21,2024-05-05,2024-04-23,2026-08-12T13:29:33.699965,loans.csv
3816,298,1,2022-06-30,2022-07-14,,2026-08-12T13:29:33.699965,loans.csv
6013,994,6,2022-03-27,2022-04-10,2022-04-15,2026-08-12T13:29:33.699965,loans.csv
8623,549,1,2024-09-26,2024-10-10,,2026-08-12T13:29:33.699965,loans.csv
6729,1962,2,2024-09-24,2024-10-08,2024-09-30,2026-08-12T13:29:33.699965,loans.csv
56,2075,3,2021-01-09,2021-01-23,2021-01-11,2026-08-12T13:29:33.699965,loans.csv
7067,1854,11,2024-02-20,2024-03-05,,2026-08-12T13:29:33.699965,loans.csv
6858,901,1,2021-11-29,2021-12-13,2021-12-11,2026-08-12T13:29:33.699965,loans.csv
5100,108,5,2023-02-15,2023-03-01,2023-02-24,2026-08-12T13:29:33.699965,loans.csv
9429,2779,9,2023-07-14,2023-07-28,2023-07-28,2026-08-12T13:29:33.699965,loans.csv
367,2599,2,2022-04-17,2022-05-01,2022-04-28,2026-08-12T13:29:33.699965,loans.csv
2250,2266,100,2024-10-10,2024-10-24,2024-10-23,2026-08-12T13:29:33.699965,loans.csv
2861,66,1,2023-08-25,2023-09-08,2023-09-03,2026-08-12T13:29:33.699965,loans.csv
2614,909,2,2024-12-12,2024-12-26,,2026-08-12T13:29:33.699965,loans.csv
5376,2783,1,2024-12-15,2024-12-29,,2026-08-12T13:29:33.699965,loans.csv
1909,1296,1,2024-07-10,2024-07-31,2024-07-12,2026-08-12T13:29:33.699965,loans.csv
3767,148,1,2022-07-07,2022-07-21,2022-07-20,2026-08-12T13:29:33.699965,loans.csv
1568,1766,1,2024-01-24,2024-02-07,2024-03-05,2026-08-12T13:29:33.699965,loans.csv
4060,2036,1,2024-10-21,2024-11-04,,2026-08-12T13:29:33.699965,loans.csv
2052,1543,5,2024-12-13,2024-12-27,,2026-08-12T13:29:33.699965,loans.csv
1046,328,15,2024-11-24,2024-12-08,2024-11-28,2026-08-12T13:29:33.699965,loans.csv
9407,1824,4,2024-03-20,2024-04-03,2024-03-30,2026-08-12T13:29:33.699965,loans.csv
7331,1993,3,2023-05-10,2023-05-31,,2026-08-12T13:29:33.699965,loans.csv
3240,563,2,2023-10-05,2023-10-19,2023-10-19,2026-08-12T13:29:33.699965,loans.csv
6268,1364,2,2024-11-11,2024-11-25,2024-11-17,2026-08-12T13:29:33.699965,loans.csv
8937,1345,1,2024-04-08,2024-04-22,2024-04-11,2026-08-12T13:29:33.699965,loans.csv
5699,2610,1,2022-11-08,2022-11-22,2022-11-21,2026-08-12T13:29:33.699965,loans.csv
3563,774,2,2024-08-13,2024-08-27,,2026-08-12T13:29:33.699965,loans.csv
2339,2260,1,2021-02-27,2021-03-13,,2026-08-12T13:29:33.699965,loans.csv
7015,2041,11,2023-12-23,2024-01-06,2023-12-31,2026-08-12T13:29:33.699965,loans.csv
6619,1416,2,2024-05-27,2024-06-10,2024-06-02,2026-08-12T13:29:33.699965,loans.csv
2161,994,6,2023-02-20,2023-03-06,2023-03-06,2026-08-12T13:29:33.699965,loans.csv
9166,452,1,2023-06-30,2023-07-14,2023-07-02,2026-08-12T13:29:33.699965,loans.csv
924,559,5,2021-10-15,2021-10-29,,2026-08-12T13:29:33.699965,loans.csv
2590,2398,1,2023-06-05,2023-06-19,2023-06-24,2026-08-12T13:29:33.699965,loans.csv
2006,1299,6,2023-09-03,2023-09-17,2023-09-11,2026-08-12T13:29:33.699965,loans.csv
6301,1364,3,2024-11-10,2024-11-24,2024-11-26,2026-08-12T13:29:33.699965,loans.csv
8576,1463,37,2024-04-17,2024-05-01,,2026-08-12T13:29:33.699965,loans.csv
4899,2709,2,2024-12-17,2024-12-31,,2026-08-12T13:29:33.699965,loans.csv
1429,1205,10,2023-03-09,2023-03-23,2023-03-23,2026-08-12T13:29:33.699965,loans.csv
5560,1386,1,2024-10-18,2024-11-01,2024-10-29,2026-08-12T13:29:33.699965,loans.csv
5900,714,1,2024-12-23,2025-01-06,,2026-08-12T13:29:33.699965,loans.csv
6711,2775,2,2023-02-20,2023-03-06,2023-03-11,2026-08-12T13:29:33.699965,loans.csv
566,2508,9,2023-10-20,2023-11-03,,2026-08-12T13:29:33.699965,loans.csv
5655,375,7,2024-07-12,2024-07-26,2024-07-22,2026-08-12T13:29:33.699965,loans.csv
4929,838,1,2021-06-25,2021-07-09,2021-06-26,2026-08-12T13:29:33.699965,loans.csv
5321,2469,1,2023-12-22,2024-01-12,2024-01-01,2026-08-12T13:29:33.699965,loans.csv
159,1071,1,2024-07-27,2024-08-10,2024-08-01,2026-08-12T13:29:33.699965,loans.csv
166,674,1,2024-10-30,2024-11-13,2024-11-19,2026-08-12T13:29:33.699965,loans.csv
2983,444,1,2023-09-17,2023-10-01,2023-10-01,2026-08-12T13:29:33.699965,loans.csv
8979,805,28,2022-12-16,2022-12-30,2022-12-27,2026-08-12T13:29:33.699965,loans.csv
581,96,18,2023-04-13,2023-04-27,2023-04-29,2026-08-12T13:29:33.699965,loans.csv
6835,270,3,2021-07-31,2021-08-14,2021-08-10,2026-08-12T13:29:33.699965,loans.csv
2867,937,2,2023-02-08,2023-02-22,2023-02-17,2026-08-12T13:29:33.699965,loans.csv
235,929,1,2024-06-02,2024-06-16,2024-06-19,2026-08-12T13:29:33.699965,loans.csv
5459,2266,1,2024-09-08,2024-09-22,2024-09-15,2026-08-12T13:29:33.699965,loans.csv
7368,1993,8,2023-08-29,2023-09-12,2023-08-31,2026-08-12T13:29:33.699965,loans.csv
3684,2311,4,2024-10-26,2024-11-09,2024-11-13,2026-08-12T13:29:33.699965,loans.csv
1606,1936,1,2020-02-19,2020-03-04,2020-02-27,2026-08-12T13:29:33.699965,loans.csv
4241,972,3,2023-09-06,2023-09-27,,2026-08-12T13:29:33.699965,loans.csv
1943,421,1,2024-10-03,2024-10-17,2024-10-14,2026-08-12T13:29:33.699965,loans.csv
5749,556,3,2023-10-10,2023-10-24,,2026-08-12T13:29:33.699965,loans.csv
2259,2115,1,2024-07-05,2024-07-19,2024-07-18,2026-08-12T13:29:33.699965,loans.csv
8427,24,4,2024-04-25,2024-05-09,2024-05-03,2026-08-12T13:29:33.699965,loans.csv
5654,982,8,2020-04-29,2020-05-20,,2026-08-12T13:29:33.699965,loans.csv
1051,1724,7,2020-06-03,2020-06-24,2020-06-04,2026-08-12T13:29:33.699965,loans.csv
8449,736,1,2023-12-28,2024-01-11,2024-01-02,2026-08-12T13:29:33.699965,loans.csv
5861,2067,1,2024-02-26,2024-03-11,2024-03-18,2026-08-12T13:29:33.699965,loans.csv
1887,2411,23,2022-12-17,2022-12-31,2023-01-06,2026-08-12T13:29:33.699965,loans.csv
4533,920,1,2024-03-05,2024-03-19,2024-03-15,2026-08-12T13:29:33.699965,loans.csv
3437,1767,2,2024-11-02,2024-11-16,2024-11-13,2026-08-12T13:29:33.699965,loans.csv
2701,802,2,2024-10-07,2024-10-21,2024-10-20,2026-08-12T13:29:33.699965,loans.csv
1967,1962,1,2023-11-11,2023-11-25,2023-11-14,2026-08-12T13:29:33.699965,loans.csv
4622,2349,1,2020-10-23,2020-11-06,2020-11-26,2026-08-12T13:29:33.699965,loans.csv
6365,2725,11,2022-02-13,2022-02-27,2022-02-18,2026-08-12T13:29:33.699965,loans.csv
1817,2635,1,2024-05-19,2024-06-02,,2026-08-12T13:29:33.699965,loans.csv
1346,646,17,2023-05-02,2023-05-16,2023-05-22,2026-08-12T13:29:33.699965,loans.csv
2336,1404,1,2024-07-29,2024-08-12,2024-08-21,2026-08-12T13:29:33.699965,loans.csv
102,1715,10,2024-04-18,2024-05-02,2024-04-22,2026-08-12T13:29:33.699965,loans.csv
754,612,7,2023-02-13,2023-02-27,2023-03-01,2026-08-12T13:29:33.699965,loans.csv
3056,1623,2,2023-06-12,2023-06-26,2023-06-19,2026-08-12T13:29:33.699965,loans.csv
4155,180,36,2023-11-13,2023-12-04,2023-11-30,2026-08-12T13:29:33.699965,loans.csv
8403,179,1,2023-01-24,2023-02-07,2023-02-13,2026-08-12T13:29:33.699965,loans.csv
2901,1785,6,2024-10-15,2024-10-29,2024-10-18,2026-08-12T13:29:33.699965,loans.csv
5680,846,1,2023-05-28,2023-06-11,2023-06-12,2026-08-12T13:29:33.699965,loans.csv
7526,2477,2,2023-02-04,2023-02-18,2023-02-11,2026-08-12T13:29:33.699965,loans.csv
2678,693,1,2023-01-25,2023-02-08,2023-01-29,2026-08-12T13:29:33.699965,loans.csv
6610,1942,1,2024-11-29,2024-12-13,2024-12-10,2026-08-12T13:29:33.699965,loans.csv
2127,1488,1,2021-04-05,2021-04-19,2021-04-20,2026-08-12T13:29:33.699965,loans.csv
583,1640,1,2022-07-06,2022-07-20,,2026-08-12T13:29:33.699965,loans.csv
8324,730,2,2022-10-28,2022-11-11,2022-11-09,2026-08-12T13:29:33.699965,loans.csv
4062,792,2,2021-04-17,2021-05-01,2021-05-12,2026-08-12T13:29:33.699965,loans.csv
2873,128,1,2022-10-14,2022-10-28,2022-10-19,2026-08-12T13:29:33.699965,loans.csv
7517,2424,1,2022-02-11,2022-02-25,2022-02-18,2026-08-12T13:29:33.699965,loans.csv
9062,2250,1,2023-11-18,2023-12-02,2023-11-28,2026-08-12T13:29:33.699965,loans.csv
2511,2183,1,2021-03-23,2021-04-06,2021-03-25,2026-08-12T13:29:33.699965,loans.csv
9031,1622,1,2024-11-13,2024-11-27,,2026-08-12T13:29:33.699965,loans.csv
6576,668,3,2024-11-20,2024-12-04,2024-12-03,2026-08-12T13:29:33.699965,loans.csv
3117,1563,1,2024-03-14,2024-03-28,2024-03-30,2026-08-12T13:29:33.699965,loans.csv
7454,199,1,2024-10-17,2024-10-31,2024-10-26,2026-08-12T13:29:33.699965,loans.csv
2122,104,2,2024-11-08,2024-11-22,2024-11-15,2026-08-12T13:29:33.699965,loans.csv
5563,866,62,2024-02-26,2024-03-18,2024-03-09,2026-08-12T13:29:33.699965,loans.csv
6263,319,1,2024-06-08,2024-06-29,2024-06-28,2026-08-12T13:29:33.699965,loans.csv
1793,2391,1,2021-02-08,2021-02-22,2021-02-19,2026-08-12T13:29:33.699965,loans.csv
4545,2092,92,2023-01-17,2023-01-31,2023-01-20,2026-08-12T13:29:33.699965,loans.csv
4619,1704,1,2024-01-13,2024-01-27,2024-01-15,2026-08-12T13:29:33.699965,loans.csv
7276,1610,27,2023-10-09,2023-10-23,2023-10-13,2026-08-12T13:29:33.699965,loans.csv
8675,427,1,2023-11-27,2023-12-11,2023-12-02,2026-08-12T13:29:33.699965,loans.csv
6361,895,2,2023-02-20,2023-03-06,2023-02-24,2026-08-12T13:29:33.699965,loans.csv
6244,919,1,2023-01-26,2023-02-09,2023-02-13,2026-08-12T13:29:33.699965,loans.csv
8173,1225,1,2023-09-19,2023-10-03,2023-10-06,2026-08-12T13:29:33.699965,loans.csv
4070,88,25,2023-07-29,2023-08-12,2023-07-30,2026-08-12T13:29:33.699965,loans.csv
9607,2612,1,2020-10-29,2020-11-12,2020-11-03,2026-08-12T13:29:33.699965,loans.csv
4119,1390,2,2023-07-27,2023-08-10,2023-08-26,2026-08-12T13:29:33.699965,loans.csv
3052,1607,7,2024-04-26,2024-05-10,2024-05-03,2026-08-12T13:29:33.699965,loans.csv
6341,1789,1,2023-10-31,2023-11-14,2023-11-09,2026-08-12T13:29:33.699965,loans.csv
8052,315,1,2024-10-02,2024-10-16,2024-10-03,2026-08-12T13:29:33.699965,loans.csv
5469,920,1,2024-11-29,2024-12-13,2024-12-03,2026-08-12T13:29:33.699965,loans.csv
4860,1761,41,2022-07-22,2022-08-05,2022-09-05,2026-08-12T13:29:33.699965,loans.csv
6934,1738,1,2023-01-28,2023-02-11,2023-01-29,2026-08-12T13:29:33.699965,loans.csv
3704,1467,4,2024-11-18,2024-12-02,2024-11-22,2026-08-12T13:29:33.699965,loans.csv
3844,1360,2,2024-12-07,2024-12-21,,2026-08-12T13:29:33.699965,loans.csv
2756,755,1,2021-09-15,2021-09-29,2021-10-03,2026-08-12T13:29:33.699965,loans.csv
9206,506,1,2024-07-29,2024-08-12,2024-08-08,2026-08-12T13:29:33.699965,loans.csv
5381,1790,1,2021-10-29,2021-11-12,2021-11-02,2026-08-12T13:29:33.699965,loans.csv
3113,910,1,2024-01-06,2024-01-20,2024-01-07,2026-08-12T13:29:33.699965,loans.csv
1325,394,1,2023-12-14,2023-12-28,2024-01-03,2026-08-12T13:29:33.699965,loans.csv
2915,701,41,2023-09-20,2023-10-04,2023-10-07,2026-08-12T13:29:33.699965,loans.csv
4190,1964,1,2023-10-27,2023-11-10,2023-11-08,2026-08-12T13:29:33.699965,loans.csv
5320,799,1,2024-05-30,2024-06-13,2024-06-17,2026-08-12T13:29:33.699965,loans.csv
8963,962,1,2022-08-24,2022-09-07,2022-09-06,2026-08-12T13:29:33.699965,loans.csv
2953,209,1,2024-02-20,2024-03-05,2024-03-07,2026-08-12T13:29:33.699965,loans.csv
8549,136,1,2023-04-09,2023-04-23,2023-04-23,2026-08-12T13:29:33.699965,loans.csv
7073,1135,2,2024-10-19,2024-11-02,2024-10-26,2026-08-12T13:29:33.699965,loans.csv
4726,1400,1,2024-10-19,2024-11-02,2024-11-09,2026-08-12T13:29:33.699965,loans.csv
6689,1629,7,2024-02-13,2024-02-27,2024-02-14,2026-08-12T13:29:33.699965,loans.csv
4985,1475,1,2024-09-20,2024-10-04,2024-10-19,2026-08-12T13:29:33.699965,loans.csv
2564,1771,5,2021-01-07,2021-01-21,2021-01-20,2026-08-12T13:29:33.699965,loans.csv
3003,2723,1,2023-09-12,2023-09-26,2023-09-16,2026-08-12T13:29:33.699965,loans.csv
11,1067,1,2024-01-02,2024-01-16,,2026-08-12T13:29:33.699965,loans.csv
7176,2715,1,2024-12-25,2025-01-08,,2026-08-12T13:29:33.699965,loans.csv
2425,137,9,2024-10-28,2024-11-11,,2026-08-12T13:29:33.699965,loans.csv
227,2062,1,2023-12-09,2023-12-23,,2026-08-12T13:29:33.699965,loans.csv
2173,1678,2,2023-01-07,2023-01-21,2023-01-28,2026-08-12T13:29:33.699965,loans.csv
5354,869,1,2023-05-20,2023-06-03,2023-05-29,2026-08-12T13:29:33.699965,loans.csv
7362,2628,1,2022-06-08,2022-06-29,,2026-08-12T13:29:33.699965,loans.csv
3381,2523,6,2020-07-01,2020-07-15,,2026-08-12T13:29:33.699965,loans.csv
7771,1319,26,2023-12-12,2023-11-28,2024-01-31,2026-08-12T13:29:33.699965,loans.csv
912,447,1,2024-04-01,2024-04-15,2024-04-02,2026-08-12T13:29:33.699965,loans.csv
4816,1002,3,2022-01-17,2022-01-31,2022-01-24,2026-08-12T13:29:33.699965,loans.csv
1726,1718,9,2023-10-08,2023-10-22,2023-10-15,2026-08-12T13:29:33.699965,loans.csv
6382,1622,2,2023-09-23,2023-10-07,2023-10-04,2026-08-12T13:29:33.699965,loans.csv
2733,2658,2,2024-12-04,2024-12-18,2024-12-10,2026-08-12T13:29:33.699965,loans.csv
7057,1700,1,2024-05-12,2024-05-26,,2026-08-12T13:29:33.699965,loans.csv
5760,1738,1,2024-01-07,2024-01-21,2024-01-20,2026-08-12T13:29:33.699965,loans.csv
8802,2746,12,2022-05-01,2022-05-15,2022-05-11,2026-08-12T13:29:33.699965,loans.csv
8001,2719,6,2020-07-06,2020-07-20,2020-07-19,2026-08-12T13:29:33.699965,loans.csv
5657,363,5,2024-12-18,2025-01-01,,2026-08-12T13:29:33.699965,loans.csv
8354,1905,3,2024-03-09,2024-03-30,2024-03-29,2026-08-12T13:29:33.699965,loans.csv
1949,1605,12,2022-05-05,2022-05-19,2022-05-17,2026-08-12T13:29:33.699965,loans.csv
3237,1291,4,2021-09-10,2021-09-24,2021-09-12,2026-08-12T13:29:33.699965,loans.csv
714,2375,1,2024-01-20,2024-02-03,,2026-08-12T13:29:33.699965,loans.csv
5852,1468,15,2020-09-23,2020-10-07,2020-10-09,2026-08-12T13:29:33.699965,loans.csv
6389,629,1,2021-07-26,2021-08-09,2021-08-15,2026-08-12T13:29:33.699965,loans.csv
3948,90,18,2024-11-15,2024-11-29,2024-12-04,2026-08-12T13:29:33.699965,loans.csv
887,454,3,2022-03-31,2022-04-21,2022-04-05,2026-08-12T13:29:33.699965,loans.csv
7541,2456,3,2024-11-05,2024-11-19,2024-11-23,2026-08-12T13:29:33.699965,loans.csv
9447,613,41,2023-05-15,2023-06-05,2023-05-22,2026-08-12T13:29:33.699965,loans.csv
192,1210,1,2024-05-18,2024-06-08,2024-05-27,2026-08-12T13:29:33.699965,loans.csv
1326,2018,1,2024-10-19,2024-11-02,2024-10-29,2026-08-12T13:29:33.699965,loans.csv
2538,483,1,2023-08-18,2023-09-01,2023-09-06,2026-08-12T13:29:33.699965,loans.csv
5073,2614,2,2020-06-24,2020-07-08,2020-07-06,2026-08-12T13:29:33.699965,loans.csv
1197,2689,1,2023-10-28,2023-11-11,,2026-08-12T13:29:33.699965,loans.csv
7249,1949,4,2023-03-28,2023-04-11,2023-04-15,2026-08-12T13:29:33.699965,loans.csv
7535,1854,3,2024-11-17,2024-12-01,,2026-08-12T13:29:33.699965,loans.csv
8162,1155,2,2024-02-16,2024-03-01,,2026-08-12T13:29:33.699965,loans.csv
2686,1973,1,2023-01-06,2023-01-20,,2026-08-12T13:29:33.699965,loans.csv
1247,1204,1,2023-05-19,2023-06-02,2023-05-25,2026-08-12T13:29:33.699965,loans.csv
2965,1360,25,2024-01-03,2024-01-17,2024-01-06,2026-08-12T13:29:33.699965,loans.csv
2109,935,1,2023-11-15,2023-12-06,2023-11-25,2026-08-12T13:29:33.699965,loans.csv
3145,245,3,2024-10-02,2024-10-16,2024-10-13,2026-08-12T13:29:33.699965,loans.csv
5272,2679,1,2023-12-13,2023-12-27,2023-12-19,2026-08-12T13:29:33.699965,loans.csv
5757,1704,1,2024-10-21,2024-11-11,2024-11-13,2026-08-12T13:29:33.699965,loans.csv
8172,1569,2,2023-11-11,2023-11-25,2023-11-16,2026-08-12T13:29:33.699965,loans.csv
2898,2215,26,2023-10-01,2023-10-15,,2026-08-12T13:29:33.699965,loans.csv
1175,1541,2,2024-10-03,2024-10-17,2024-10-14,2026-08-12T13:29:33.699965,loans.csv
3663,847,2,2024-08-15,2024-08-29,2024-08-28,2026-08-12T13:29:33.699965,loans.csv
1976,1961,6,2024-12-08,2024-12-22,2024-12-20,2026-08-12T13:29:33.699965,loans.csv
5015,2621,1,2021-01-15,2021-01-29,2021-01-28,2026-08-12T13:29:33.699965,loans.csv
3954,1548,6,2024-08-21,2024-09-04,,2026-08-12T13:29:33.699965,loans.csv
5924,536,1,2024-04-14,2024-04-28,2024-04-19,2026-08-12T13:29:33.699965,loans.csv
3703,867,4,2022-10-19,2022-11-02,2022-10-26,2026-08-12T13:29:33.699965,loans.csv
1689,2520,1,2024-02-02,2024-02-16,2024-02-15,2026-08-12T13:29:33.699965,loans.csv
8455,2305,2,2021-05-29,2021-06-12,2021-06-04,2026-08-12T13:29:33.699965,loans.csv
948,732,17,2022-05-10,2022-05-24,2022-05-23,2026-08-12T13:29:33.699965,loans.csv
646,2131,10,2024-07-01,2024-07-22,2024-07-28,2026-08-12T13:29:33.699965,loans.csv
9501,796,1,2024-08-31,2024-09-14,2024-09-06,2026-08-12T13:29:33.699965,loans.csv
2322,1112,1,2023-05-17,2023-06-07,2023-06-07,2026-08-12T13:29:33.699965,loans.csv
4479,146,17,2024-09-30,2024-10-14,2024-10-15,2026-08-12T13:29:33.699965,loans.csv
6678,901,1,2021-02-27,2021-03-13,2021-03-03,2026-08-12T13:29:33.699965,loans.csv
8540,1472,16,2024-11-15,2024-11-29,2024-11-30,2026-08-12T13:29:33.699965,loans.csv
2051,1607,2,2022-11-10,2022-11-24,2022-11-13,2026-08-12T13:29:33.699965,loans.csv
3446,1564,5,2022-05-22,2022-06-05,2022-06-07,2026-08-12T13:29:33.699965,loans.csv
9484,339,3,2023-09-20,2023-10-04,2023-09-27,2026-08-12T13:29:33.699965,loans.csv
5610,1142,1,2021-06-12,2021-07-03,2021-06-18,2026-08-12T13:29:33.699965,loans.csv
7566,596,1,2023-08-18,2023-09-01,2023-08-20,2026-08-12T13:29:33.699965,loans.csv
8659,782,63,2024-06-25,2024-07-09,,2026-08-12T13:29:33.699965,loans.csv
3026,717,1,2021-04-17,2021-05-01,2021-05-20,2026-08-12T13:29:33.699965,loans.csv
1420,390,2,2024-09-28,2024-10-12,2024-09-29,2026-08-12T13:29:33.699965,loans.csv
8490,1891,3,2020-10-17,2020-10-31,2020-10-23,2026-08-12T13:29:33.699965,loans.csv
8632,486,120,2024-01-13,2024-01-27,2024-01-25,2026-08-12T13:29:33.699965,loans.csv
7655,680,1,2024-07-26,2024-08-09,2024-08-06,2026-08-12T13:29:33.699965,loans.csv
1308,1042,1,2024-06-30,2024-07-14,2024-07-17,2026-08-12T13:29:33.699965,loans.csv
6255,217,1,2024-01-05,2024-01-19,,2026-08-12T13:29:33.699965,loans.csv
6410,1299,1,2023-11-23,2023-12-07,2023-12-04,2026-08-12T13:29:33.699965,loans.csv
6169,2596,1,2022-04-06,2022-04-20,,2026-08-12T13:29:33.699965,loans.csv
112,2169,2,2021-05-28,2021-06-11,2021-06-13,2026-08-12T13:29:33.699965,loans.csv
3870,2110,1,2022-08-30,2022-09-13,2022-09-12,2026-08-12T13:29:33.699965,loans.csv
5069,627,1,2021-04-04,2021-04-18,,2026-08-12T13:29:33.699965,loans.csv
6168,1694,1,2020-05-30,2020-06-20,2020-06-17,2026-08-12T13:29:33.699965,loans.csv
7938,588,84,2023-12-30,2024-01-13,2024-01-09,2026-08-12T13:29:33.699965,loans.csv
3929,1270,3,2020-05-18,2020-06-01,2020-05-30,2026-08-12T13:29:33.699965,loans.csv
6148,1611,1,2023-12-25,2024-01-08,2023-12-27,2026-08-12T13:29:33.699965,loans.csv
3646,2517,66,2024-12-16,2024-12-30,,2026-08-12T13:29:33.699965,loans.csv
2512,862,1,2022-09-14,2022-09-28,2022-09-21,2026-08-12T13:29:33.699965,loans.csv
5941,638,1,2023-08-17,2023-08-31,2023-09-04,2026-08-12T13:29:33.699965,loans.csv
4269,591,6,2024-09-24,2024-10-08,2024-10-07,2026-08-12T13:29:33.699965,loans.csv
1,1611,6,2024-01-16,2024-02-06,2024-01-30,2026-08-12T13:29:33.699965,loans.csv
2595,234,1,2023-03-16,2023-03-30,2023-03-31,2026-08-12T13:29:33.699965,loans.csv
1998,760,1,2022-10-09,2022-10-23,2022-10-13,2026-08-12T13:29:33.699965,loans.csv
3621,2411,18,2021-10-27,2021-11-10,,2026-08-12T13:29:33.699965,loans.csv
9152,890,3,2024-07-20,2024-08-03,2024-08-01,2026-08-12T13:29:33.699965,loans.csv
2047,1567,1,2024-04-13,2024-04-27,2024-05-01,2026-08-12T13:29:33.699965,loans.csv
3014,1563,1,2024-07-18,2024-08-01,2024-08-06,2026-08-12T13:29:33.699965,loans.csv
1797,1207,1,2023-02-20,2023-03-06,2023-03-03,2026-08-12T13:29:33.699965,loans.csv
1143,1146,2,2021-01-01,2021-01-15,,2026-08-12T13:29:33.699965,loans.csv
5914,1085,1,2023-10-10,2023-10-24,2023-10-30,2026-08-12T13:29:33.699965,loans.csv
3463,2299,3,2023-09-01,2023-09-15,2023-09-14,2026-08-12T13:29:33.699965,loans.csv
4480,1356,3,2020-01-16,2020-01-30,2020-01-20,2026-08-12T13:29:33.699965,loans.csv
287,2789,5,2020-06-05,2020-06-19,,2026-08-12T13:29:33.699965,loans.csv
2198,1801,18,2021-08-11,2021-08-25,2021-08-19,2026-08-12T13:29:33.699965,loans.csv
439,368,1,2024-02-03,2024-02-17,2024-02-08,2026-08-12T13:29:33.699965,loans.csv
5176,2123,6,2024-11-08,2024-11-22,2024-11-20,2026-08-12T13:29:33.699965,loans.csv
4374,722,4,2023-01-03,2023-01-17,2023-01-15,2026-08-12T13:29:33.699965,loans.csv
1587,1017,1,2022-12-25,2023-01-08,2022-12-28,2026-08-12T13:29:33.699965,loans.csv
4576,2643,11,2024-07-29,2024-08-12,,2026-08-12T13:29:33.699965,loans.csv
269,1208,5,2024-10-23,2024-11-06,2024-10-30,2026-08-12T13:29:33.699965,loans.csv
8153,1748,4,2022-04-23,2022-05-07,2022-05-02,2026-08-12T13:29:33.699965,loans.csv
9398,103,2,2023-09-18,2023-10-02,2023-10-24,2026-08-12T13:29:33.699965,loans.csv
6996,2552,1,2021-10-13,2021-10-27,2021-11-03,2026-08-12T13:29:33.699965,loans.csv
8613,182,1,2023-10-04,2023-10-18,2023-10-19,2026-08-12T13:29:33.699965,loans.csv
3000,2356,1,2024-08-25,2024-09-15,2024-09-04,2026-08-12T13:29:33.699965,loans.csv
5287,2208,1,2021-04-12,2021-04-26,2021-04-17,2026-08-12T13:29:33.699965,loans.csv
873,2550,1,2023-09-29,2023-10-13,2023-10-13,2026-08-12T13:29:33.699965,loans.csv
1155,1306,5,2024-02-01,2024-02-15,2024-02-26,2026-08-12T13:29:33.699965,loans.csv
8477,975,1,2024-07-26,2024-08-09,,2026-08-12T13:29:33.699965,loans.csv
375,1788,46,2020-11-05,2020-11-19,,2026-08-12T13:29:33.699965,loans.csv
3289,2624,1,2023-04-10,2023-04-24,2023-04-27,2026-08-12T13:29:33.699965,loans.csv
7190,1418,41,2022-05-01,2022-05-15,2022-05-07,2026-08-12T13:29:33.699965,loans.csv
6536,2061,1,2024-08-21,2024-09-11,2024-09-10,2026-08-12T13:29:33.699965,loans.csv
155,1743,1,2021-09-04,2021-09-25,2021-09-26,2026-08-12T13:29:33.699965,loans.csv
4122,605,1,2024-03-31,2024-04-21,2024-04-23,2026-08-12T13:29:33.699965,loans.csv
1867,1025,1,2020-10-24,2020-11-07,2020-11-12,2026-08-12T13:29:33.699965,loans.csv
5518,1923,6,2024-01-02,2024-01-16,2024-01-04,2026-08-12T13:29:33.699965,loans.csv
874,2723,1,2023-01-15,2023-01-29,2023-01-28,2026-08-12T13:29:33.699965,loans.csv
6898,494,1,2024-09-13,2024-09-27,2024-10-27,2026-08-12T13:29:33.699965,loans.csv
5930,1210,42,2020-08-31,2020-09-14,2020-09-17,2026-08-12T13:29:33.699965,loans.csv
1511,2199,15,2023-01-16,2023-01-30,2023-01-30,2026-08-12T13:29:33.699965,loans.csv
4470,2304,1,2022-05-04,2022-05-18,2022-06-06,2026-08-12T13:29:33.699965,loans.csv
5187,1147,1,2023-10-27,2023-11-10,2023-11-08,2026-08-12T13:29:33.699965,loans.csv
1036,1494,1,2024-11-24,2024-12-08,2025-01-03,2026-08-12T13:29:33.699965,loans.csv
2388,690,28,2021-09-08,2021-09-22,2021-09-13,2026-08-12T13:29:33.699965,loans.csv
9376,1817,1,2022-02-01,2022-02-15,2022-02-07,2026-08-12T13:29:33.699965,loans.csv
2063,467,6,2022-04-14,2022-04-28,2022-05-05,2026-08-12T13:29:33.699965,loans.csv
2126,1899,7,2022-10-28,2022-11-11,2022-10-30,2026-08-12T13:29:33.699965,loans.csv
2082,475,2,2023-08-10,2023-08-24,2023-08-31,2026-08-12T13:29:33.699965,loans.csv
6509,437,1,2024-09-12,2024-09-26,2024-09-29,2026-08-12T13:29:33.699965,loans.csv
3454,485,1,2024-09-11,2024-09-25,2024-09-14,2026-08-12T13:29:33.699965,loans.csv
6865,586,8,2021-08-13,2021-08-27,2021-09-01,2026-08-12T13:29:33.699965,loans.csv
2796,928,1,2024-05-02,2024-05-23,2024-05-24,2026-08-12T13:29:33.699965,loans.csv
779,1661,1,2024-07-15,2024-07-29,2024-07-19,2026-08-12T13:29:33.699965,loans.csv
438,2672,2,2023-07-07,2023-07-21,2023-07-28,2026-08-12T13:29:33.699965,loans.csv
4114,983,3,2023-10-15,2023-10-29,,2026-08-12T13:29:33.699965,loans.csv
6396,862,1,2024-07-20,2024-08-03,2024-07-31,2026-08-12T13:29:33.699965,loans.csv
3225,1216,2,2024-01-28,2024-02-11,,2026-08-12T13:29:33.699965,loans.csv
4379,1475,2,2024-11-01,2024-11-15,,2026-08-12T13:29:33.699965,loans.csv
8090,2139,5,2024-06-29,2024-07-13,2024-07-05,2026-08-12T13:29:33.699965,loans.csv
5967,549,1,2024-12-09,2024-12-23,2025-01-12,2026-08-12T13:29:33.699965,loans.csv
2843,2165,11,2024-08-14,2024-08-28,2024-08-26,2026-08-12T13:29:33.699965,loans.csv
8737,554,1,2023-10-27,2023-11-10,,2026-08-12T13:29:33.699965,loans.csv
1230,2685,16,2023-10-11,2023-10-25,2023-10-13,2026-08-12T13:29:33.699965,loans.csv
3467,1789,3,2020-06-13,2020-06-27,2020-07-02,2026-08-12T13:29:33.699965,loans.csv
7310,1150,2,2024-11-16,2024-11-30,2024-11-25,2026-08-12T13:29:33.699965,loans.csv
8508,1728,1,2024-03-29,2024-04-12,2024-03-31,2026-08-12T13:29:33.699965,loans.csv
6,1161,2,2023-05-01,2023-05-15,2023-05-16,2026-08-12T13:29:33.699965,loans.csv
3368,2696,1,2023-08-07,2023-08-21,,2026-08-12T13:29:33.699965,loans.csv
1132,1713,1,2024-08-13,2024-09-03,2024-08-25,2026-08-12T13:29:33.699965,loans.csv
2681,2719,1,2022-01-31,2022-02-14,2022-02-19,2026-08-12T13:29:33.699965,loans.csv
6894,2279,7,2024-05-20,2024-06-03,2024-05-23,2026-08-12T13:29:33.699965,loans.csv
2275,1401,108,2022-08-16,2022-08-30,2022-08-29,2026-08-12T13:29:33.699965,loans.csv
7265,2301,83,2024-04-24,2024-05-08,2024-05-11,2026-08-12T13:29:33.699965,loans.csv
2370,667,1,2024-03-11,2024-03-25,,2026-08-12T13:29:33.699965,loans.csv
3010,565,6,2024-11-30,2024-12-14,2024-12-04,2026-08-12T13:29:33.699965,loans.csv
4491,2064,1,2021-10-22,2021-11-05,2021-10-27,2026-08-12T13:29:33.699965,loans.csv
3696,38,7,2024-03-14,2024-04-04,2024-04-02,2026-08-12T13:29:33.699965,loans.csv
8914,1005,8,2024-03-12,2024-03-26,2024-03-29,2026-08-12T13:29:33.699965,loans.csv
4621,2748,3,2023-04-27,2023-05-11,,2026-08-12T13:29:33.699965,loans.csv
6210,2678,8,2024-08-07,2024-08-21,2024-08-14,2026-08-12T13:29:33.699965,loans.csv
2008,1113,1,2022-09-28,2022-10-12,2022-10-12,2026-08-12T13:29:33.699965,loans.csv
4352,1694,44,2024-09-30,2024-10-14,2024-10-08,2026-08-12T13:29:33.699965,loans.csv
9581,1052,1,2024-08-01,2024-08-15,2024-08-12,2026-08-12T13:29:33.699965,loans.csv
2358,2223,1,2022-06-27,2022-07-11,2022-06-29,2026-08-12T13:29:33.699965,loans.csv
173,950,1,2024-08-01,2024-08-15,2024-08-17,2026-08-12T13:29:33.699965,loans.csv
1238,654,4,2023-02-22,2023-03-08,2023-02-24,2026-08-12T13:29:33.699965,loans.csv
7186,526,1,2024-01-25,2024-02-08,2024-02-15,2026-08-12T13:29:33.699965,loans.csv
4944,1075,111,2024-02-26,2024-03-11,,2026-08-12T13:29:33.699965,loans.csv
2277,812,5,2022-07-09,2022-07-23,2022-07-15,2026-08-12T13:29:33.699965,loans.csv
6980,929,7,2021-01-02,2021-01-16,,2026-08-12T13:29:33.699965,loans.csv
5042,1523,2,2023-10-27,2023-11-10,2023-11-10,2026-08-12T13:29:33.699965,loans.csv
8936,488,14,2021-06-05,2021-06-26,2021-06-22,2026-08-12T13:29:33.699965,loans.csv
2133,479,23,2021-05-06,2021-05-20,2021-06-29,2026-08-12T13:29:33.699965,loans.csv
7619,2018,18,2024-08-16,2024-08-30,2024-08-26,2026-08-12T13:29:33.699965,loans.csv
7727,224,1,2023-03-22,2023-04-05,,2026-08-12T13:29:33.699965,loans.csv
1243,415,1,2024-02-20,2024-03-05,2024-02-25,2026-08-12T13:29:33.699965,loans.csv
3425,2119,5,2023-11-23,2023-12-14,2024-01-21,2026-08-12T13:29:33.699965,loans.csv
6833,1940,1,2024-08-23,2024-09-06,2024-09-13,2026-08-12T13:29:33.699965,loans.csv
3273,2068,22,2023-12-18,2024-01-01,2024-01-07,2026-08-12T13:29:33.699965,loans.csv
9539,1775,1,2023-09-29,2023-10-13,,2026-08-12T13:29:33.699965,loans.csv
6392,1298,15,2021-09-05,2021-09-19,2021-09-11,2026-08-12T13:29:33.699965,loans.csv
3531,1466,1,2024-10-01,2024-10-15,,2026-08-12T13:29:33.699965,loans.csv
8207,2669,1,2023-01-05,2023-01-19,2023-01-20,2026-08-12T13:29:33.699965,loans.csv
5102,1680,2,2022-07-27,2022-08-10,2022-08-13,2026-08-12T13:29:33.699965,loans.csv
7005,586,7,2023-04-30,2023-05-14,2023-05-05,2026-08-12T13:29:33.699965,loans.csv
7117,196,1,2022-05-11,2022-05-25,,2026-08-12T13:29:33.699965,loans.csv
981,2565,1,2024-06-23,2024-07-07,2024-06-27,2026-08-12T13:29:33.699965,loans.csv
411,2119,2,2024-12-20,2025-01-10,,2026-08-12T13:29:33.699965,loans.csv
313,2192,3,2023-09-15,2023-09-29,2023-09-21,2026-08-12T13:29:33.699965,loans.csv
5385,1004,133,2022-08-22,2022-09-05,2022-08-25,2026-08-12T13:29:33.699965,loans.csv
839,54,1,2023-02-15,2023-03-01,2023-02-26,2026-08-12T13:29:33.699965,loans.csv
8253,2696,8,2024-03-03,2024-03-24,,2026-08-12T13:29:33.699965,loans.csv
7755,2713,5,2021-04-16,2021-04-30,2021-05-24,2026-08-12T13:29:33.699965,loans.csv
6880,2268,1,2024-08-30,2024-09-13,2024-08-31,2026-08-12T13:29:33.699965,loans.csv
5952,381,2,2024-11-26,2024-12-10,2024-11-27,2026-08-12T13:29:33.699965,loans.csv
1478,1467,1,2024-11-16,2024-12-07,2024-11-23,2026-08-12T13:29:33.699965,loans.csv
2257,2115,1,2024-09-01,2024-09-15,,2026-08-12T13:29:33.699965,loans.csv
3342,572,1,2022-09-16,2022-10-07,2022-11-21,2026-08-12T13:29:33.699965,loans.csv
9050,1085,3,2023-05-30,2023-06-13,2023-06-05,2026-08-12T13:29:33.699965,loans.csv
2438,991,47,2022-08-05,2022-08-19,2022-08-12,2026-08-12T13:29:33.699965,loans.csv
7182,1553,1,2023-07-19,2023-08-02,2023-08-06,2026-08-12T13:29:33.699965,loans.csv
4863,1580,1,2024-09-06,2024-09-20,2024-09-18,2026-08-12T13:29:33.699965,loans.csv
4697,2066,1,2022-09-05,2022-09-19,2022-09-23,2026-08-12T13:29:33.699965,loans.csv
522,2053,65,2022-02-07,2022-02-21,2022-02-16,2026-08-12T13:29:33.699965,loans.csv
5181,1330,26,2024-05-31,2024-06-14,2024-06-11,2026-08-12T13:29:33.699965,loans.csv
447,784,3,2024-11-14,2024-12-05,2024-12-05,2026-08-12T13:29:33.699965,loans.csv
5336,2430,2,2024-06-29,2024-07-13,2024-08-01,2026-08-12T13:29:33.699965,loans.csv
4580,1381,1,2024-12-19,2025-01-02,,2026-08-12T13:29:33.699965,loans.csv
709,2165,1,2024-10-11,2024-10-25,2024-10-19,2026-08-12T13:29:33.699965,loans.csv
6021,2441,1,2020-09-04,2020-09-18,2020-09-13,2026-08-12T13:29:33.699965,loans.csv
7568,2558,1,2020-07-23,2020-08-06,2020-08-04,2026-08-12T13:29:33.699965,loans.csv
811,1414,1,2024-09-10,2024-09-24,,2026-08-12T13:29:33.699965,loans.csv
2624,1680,1,2020-01-26,2020-02-09,2020-01-30,2026-08-12T13:29:33.699965,loans.csv
4192,2681,2,2023-05-10,2023-05-31,2023-05-30,2026-08-12T13:29:33.699965,loans.csv
8128,847,3,2024-12-18,2025-01-01,,2026-08-12T13:29:33.699965,loans.csv
8669,659,1,2024-12-23,2025-01-06,,2026-08-12T13:29:33.699965,loans.csv
5681,454,1,2020-04-16,2020-04-30,2020-04-26,2026-08-12T13:29:33.699965,loans.csv
8913,574,99,2021-03-19,2021-04-02,2021-03-22,2026-08-12T13:29:33.699965,loans.csv
6233,747,6,2023-03-18,2023-04-01,,2026-08-12T13:29:33.699965,loans.csv
2657,626,6,2024-02-24,2024-03-09,2024-03-02,2026-08-12T13:29:33.699965,loans.csv
6497,94,3,2024-10-16,2024-10-30,2024-10-19,2026-08-12T13:29:33.699965,loans.csv
1954,364,6,2024-02-06,2024-02-20,2024-02-18,2026-08-12T13:29:33.699965,loans.csv
2113,862,16,2024-01-09,2024-01-23,,2026-08-12T13:29:33.699965,loans.csv
1301,2533,3,2024-04-16,2024-04-30,2024-04-29,2026-08-12T13:29:33.699965,loans.csv
4531,29,1,2021-04-10,2021-04-24,2021-04-25,2026-08-12T13:29:33.699965,loans.csv
9,2362,3,2023-09-26,2023-10-10,2023-10-14,2026-08-12T13:29:33.699965,loans.csv
3734,2520,3,2022-02-23,2022-03-09,2022-02-25,2026-08-12T13:29:33.699965,loans.csv
4377,2375,2,2024-04-01,2024-04-15,2024-05-22,2026-08-12T13:29:33.699965,loans.csv
2754,2519,15,2024-12-19,2025-01-09,,2026-08-12T13:29:33.699965,loans.csv
3306,1767,5,2022-02-17,2022-03-03,2022-03-04,2026-08-12T13:29:33.699965,loans.csv
9554,2311,19,2024-11-13,2024-11-27,2024-11-23,2026-08-12T13:29:33.699965,loans.csv
4108,1098,4,2024-07-18,2024-08-01,2024-07-25,2026-08-12T13:29:33.699965,loans.csv
3217,1553,11,2024-09-09,2024-09-23,,2026-08-12T13:29:33.699965,loans.csv
3444,1936,3,2022-11-10,2022-12-01,2022-11-25,2026-08-12T13:29:33.699965,loans.csv
9139,1423,1,2023-08-15,2023-08-29,2023-09-01,2026-08-12T13:29:33.699965,loans.csv
8378,508,1,2024-05-11,2024-05-25,2024-05-17,2026-08-12T13:29:33.699965,loans.csv
6455,1330,1,2024-02-11,2024-02-25,2024-02-24,2026-08-12T13:29:33.699965,loans.csv
5112,1139,1,2023-12-22,2024-01-05,2024-01-01,2026-08-12T13:29:33.699965,loans.csv
6615,1836,1,2023-05-27,2023-06-10,2023-06-17,2026-08-12T13:29:33.699965,loans.csv
5554,1787,1,2024-02-12,2024-02-26,2024-02-17,2026-08-12T13:29:33.699965,loans.csv
174,428,3,2023-06-11,2023-06-25,2023-07-15,2026-08-12T13:29:33.699965,loans.csv
2719,2679,12,2023-08-05,2023-08-19,2023-08-26,2026-08-12T13:29:33.699965,loans.csv
1556,2279,4,2022-10-02,2022-10-16,2022-10-09,2026-08-12T13:29:33.699965,loans.csv
366,1095,10,2022-11-20,2022-12-04,2022-11-27,2026-08-12T13:29:33.699965,loans.csv
4530,2522,16,2024-10-08,2024-10-22,2024-10-22,2026-08-12T13:29:33.699965,loans.csv
4048,1375,1,2024-06-17,2024-07-01,2024-07-02,2026-08-12T13:29:33.699965,loans.csv
201,2190,66,2020-08-23,2020-09-06,,2026-08-12T13:29:33.699965,loans.csv
8629,1087,54,2024-08-06,2024-08-20,2024-08-21,2026-08-12T13:29:33.699965,loans.csv
998,1276,7,2023-10-22,2023-11-05,2023-10-31,2026-08-12T13:29:33.699965,loans.csv
8044,2291,1,2024-10-14,2024-10-28,2024-10-23,2026-08-12T13:29:33.699965,loans.csv
5260,1961,3,2024-07-08,2024-07-22,2024-07-22,2026-08-12T13:29:33.699965,loans.csv
7119,2439,1,2023-03-02,2023-03-16,2023-03-11,2026-08-12T13:29:33.699965,loans.csv
4663,1091,103,2021-05-29,2021-06-19,,2026-08-12T13:29:33.699965,loans.csv
1242,2360,4,2024-09-17,2024-10-01,2024-09-30,2026-08-12T13:29:33.699965,loans.csv
1869,880,4,2024-03-30,2024-04-20,2024-04-08,2026-08-12T13:29:33.699965,loans.csv
4471,2087,2,2023-09-07,2023-09-28,2023-09-26,2026-08-12T13:29:33.699965,loans.csv
4021,1609,20,2022-11-04,2022-11-18,2022-11-18,2026-08-12T13:29:33.699965,loans.csv
5284,43,2,2021-01-04,2021-01-18,2021-01-15,2026-08-12T13:29:33.699965,loans.csv
902,1976,1,2022-02-07,2022-02-21,2022-02-24,2026-08-12T13:29:33.699965,loans.csv
5291,1168,7,2024-09-21,2024-10-05,2024-09-28,2026-08-12T13:29:33.699965,loans.csv
6521,1488,5,2024-01-14,2024-01-28,2024-01-26,2026-08-12T13:29:33.699965,loans.csv
4030,1748,11,2022-12-26,2023-01-09,2023-01-11,2026-08-12T13:29:33.699965,loans.csv
6261,1167,4,2024-03-12,2024-03-26,2024-03-25,2026-08-12T13:29:33.699965,loans.csv
2734,1758,1,2024-11-09,2024-11-23,,2026-08-12T13:29:33.699965,loans.csv
4911,1903,1,2024-07-14,2024-07-28,2024-07-23,2026-08-12T13:29:33.699965,loans.csv
634,31,1,2022-07-13,2022-07-27,2022-07-18,2026-08-12T13:29:33.699965,loans.csv
7658,588,1,2024-12-09,2024-12-23,,2026-08-12T13:29:33.699965,loans.csv
3539,1798,3,2021-12-13,2021-12-27,2021-12-18,2026-08-12T13:29:33.699965,loans.csv
6438,1118,1,2024-04-08,2024-04-22,2024-04-27,2026-08-12T13:29:33.699965,loans.csv
1084,621,1,2024-05-27,2024-06-10,2024-05-29,2026-08-12T13:29:33.699965,loans.csv
8512,1605,1,2022-01-23,2022-02-06,,2026-08-12T13:29:33.699965,loans.csv
2492,2400,1,2022-03-24,2022-04-07,2022-04-04,2026-08-12T13:29:33.699965,loans.csv
571,2615,1,2020-05-29,2020-06-12,,2026-08-12T13:29:33.699965,loans.csv
9579,485,1,2024-12-19,2025-01-09,,2026-08-12T13:29:33.699965,loans.csv
8193,2155,1,2023-12-28,2024-01-11,2023-12-30,2026-08-12T13:29:33.699965,loans.csv
6743,1147,3,2024-02-23,2024-03-08,2024-03-10,2026-08-12T13:29:33.699965,loans.csv
7798,1490,1,2020-12-04,2020-12-18,2020-12-12,2026-08-12T13:29:33.699965,loans.csv
9141,2104,5,2024-01-12,2024-02-02,2024-01-18,2026-08-12T13:29:33.699965,loans.csv
7633,1521,17,2023-09-10,2023-09-24,2023-09-20,2026-08-12T13:29:33.699965,loans.csv
484,1575,1,2023-10-02,2023-10-16,2023-10-08,2026-08-12T13:29:33.699965,loans.csv
3172,1496,2,2024-11-24,2024-12-08,2024-12-04,2026-08-12T13:29:33.699965,loans.csv
3536,6,2,2020-06-28,2020-07-12,,2026-08-12T13:29:33.699965,loans.csv
5502,1899,2,2024-11-10,2024-12-01,2024-11-28,2026-08-12T13:29:33.699965,loans.csv
7941,195,11,2024-04-11,2024-04-25,2024-04-12,2026-08-12T13:29:33.699965,loans.csv
840,2250,1,2023-08-01,2023-08-15,2023-08-04,2026-08-12T13:29:33.699965,loans.csv
7329,1369,5,2024-12-18,2025-01-01,,2026-08-12T13:29:33.699965,loans.csv
8991,510,2,2024-10-04,2024-10-18,2024-10-14,2026-08-12T13:29:33.699965,loans.csv
4026,1873,20,2022-01-03,2022-01-17,,2026-08-12T13:29:33.699965,loans.csv
5909,2467,6,2024-03-26,2024-04-09,2024-03-28,2026-08-12T13:29:33.699965,loans.csv
3906,2117,1,2022-05-20,2022-06-03,2022-06-02,2026-08-12T13:29:33.699965,loans.csv
7841,179,10,2024-04-09,2024-04-23,2024-04-10,2026-08-12T13:29:33.699965,loans.csv
6061,2778,12,2022-08-03,2022-08-17,2022-08-15,2026-08-12T13:29:33.699965,loans.csv
2390,1667,3,2023-05-21,2023-06-04,2023-06-06,2026-08-12T13:29:33.699965,loans.csv
1800,2558,4,2021-12-08,2021-12-29,2021-12-25,2026-08-12T13:29:33.699965,loans.csv
2420,1624,4,2021-11-02,2021-11-16,2021-12-01,2026-08-12T13:29:33.699965,loans.csv
734,1502,2,2023-07-23,2023-08-13,2023-08-03,2026-08-12T13:29:33.699965,loans.csv
2530,2274,1,2022-12-31,2023-01-14,2023-01-07,2026-08-12T13:29:33.699965,loans.csv
3824,2088,60,2023-07-01,2023-07-15,,2026-08-12T13:29:33.699965,loans.csv
3721,29,14,2022-08-05,2022-08-26,2022-08-17,2026-08-12T13:29:33.699965,loans.csv
3298,457,1,2024-07-15,2024-07-29,2024-07-21,2026-08-12T13:29:33.699965,loans.csv
3597,1231,2,2022-04-05,2022-04-19,2022-04-07,2026-08-12T13:29:33.699965,loans.csv
1425,1704,1,2024-04-26,2024-05-10,2024-05-01,2026-08-12T13:29:33.699965,loans.csv
8112,693,2,2022-01-20,2022-02-03,,2026-08-12T13:29:33.699965,loans.csv
2037,2530,3,2024-09-28,2024-10-12,2024-11-15,2026-08-12T13:29:33.699965,loans.csv
1329,2558,1,2023-08-05,2023-08-19,2023-08-20,2026-08-12T13:29:33.699965,loans.csv
2347,2366,1,2024-05-28,2024-06-11,2024-07-07,2026-08-12T13:29:33.699965,loans.csv
2980,145,2,2024-07-02,2024-07-16,2024-07-09,2026-08-12T13:29:33.699965,loans.csv
9503,1593,8,2020-04-26,2020-05-10,2020-05-03,2026-08-12T13:29:33.699965,loans.csv
7448,1210,1,2023-02-06,2023-02-20,2023-02-19,2026-08-12T13:29:33.699965,loans.csv
784,1686,68,2024-12-17,2024-12-31,,2026-08-12T13:29:33.699965,loans.csv
8717,1888,2,2024-10-23,2024-11-06,,2026-08-12T13:29:33.699965,loans.csv
5734,189,3,2020-08-04,2020-08-18,2020-08-10,2026-08-12T13:29:33.699965,loans.csv
5815,1211,7,2024-11-10,2024-11-24,2024-11-12,2026-08-12T13:29:33.699965,loans.csv
5062,39,3,2022-05-09,2022-05-23,2022-05-21,2026-08-12T13:29:33.699965,loans.csv
1135,655,75,2022-12-27,2023-01-10,2023-01-06,2026-08-12T13:29:33.699965,loans.csv
9105,2246,1,2023-07-18,2023-08-01,2023-07-22,2026-08-12T13:29:33.699965,loans.csv
4629,1033,2,2021-06-05,2021-06-19,2021-06-15,2026-08-12T13:29:33.699965,loans.csv
6923,732,90,2020-12-20,2021-01-03,2021-01-04,2026-08-12T13:29:33.699965,loans.csv
5171,2235,1,2024-11-14,2024-11-28,2024-11-20,2026-08-12T13:29:33.699965,loans.csv
7813,347,1,2024-09-14,2024-10-05,2024-09-30,2026-08-12T13:29:33.699965,loans.csv
63,2353,1,2024-10-27,2024-11-10,2024-11-07,2026-08-12T13:29:33.699965,loans.csv
4766,2435,3,2024-09-06,2024-09-20,2024-09-13,2026-08-12T13:29:33.699965,loans.csv
4539,187,1,2021-11-28,2021-12-12,2021-12-12,2026-08-12T13:29:33.699965,loans.csv
3260,1047,1,2022-07-22,2022-08-12,2022-07-26,2026-08-12T13:29:33.699965,loans.csv
6860,1984,1,2024-07-28,2024-08-11,2024-08-06,2026-08-12T13:29:33.699965,loans.csv
1030,1084,26,2022-07-02,2022-07-16,,2026-08-12T13:29:33.699965,loans.csv
4746,467,1,2024-04-03,2024-04-17,2024-04-16,2026-08-12T13:29:33.699965,loans.csv
8890,2511,3,2022-12-11,2022-12-25,2022-12-21,2026-08-12T13:29:33.699965,loans.csv
3856,677,1,2024-09-01,2024-09-15,2024-09-14,2026-08-12T13:29:33.699965,loans.csv
9310,290,1,2023-07-31,2023-08-14,2023-08-06,2026-08-12T13:29:33.699965,loans.csv
3287,1648,1,2023-11-19,2023-12-10,2023-11-30,2026-08-12T13:29:33.699965,loans.csv
1795,1563,2,2024-10-21,2024-11-04,2024-11-12,2026-08-12T13:29:33.699965,loans.csv
7560,2591,4,2024-07-20,2024-08-03,2024-07-31,2026-08-12T13:29:33.699965,loans.csv
6339,979,1,2021-11-04,2021-11-18,2021-11-12,2026-08-12T13:29:33.699965,loans.csv
2747,305,2,2022-06-21,2022-07-05,2022-07-02,2026-08-12T13:29:33.699965,loans.csv
7639,1241,1,2020-12-22,2021-01-12,2021-01-18,2026-08-12T13:29:33.699965,loans.csv
1178,850,10,2024-03-29,2024-04-12,,2026-08-12T13:29:33.699965,loans.csv
3884,1814,6,2023-08-21,2023-09-04,2023-09-11,2026-08-12T13:29:33.699965,loans.csv
5812,454,1,2021-04-11,2021-04-25,2021-04-18,2026-08-12T13:29:33.699965,loans.csv
9518,2649,1,2024-02-04,2024-02-18,2024-02-05,2026-08-12T13:29:33.699965,loans.csv
3640,2004,23,2024-05-24,2024-06-07,2024-06-08,2026-08-12T13:29:33.699965,loans.csv
6855,2671,1,2024-12-20,2025-01-03,,2026-08-12T13:29:33.699965,loans.csv
9028,1059,2,2024-03-15,2024-03-29,,2026-08-12T13:29:33.699965,loans.csv
6015,2560,8,2024-03-20,2024-04-03,2024-04-04,2026-08-12T13:29:33.699965,loans.csv
4826,659,1,2024-05-12,2024-05-26,2024-05-24,2026-08-12T13:29:33.699965,loans.csv
1061,195,3,2023-08-30,2023-09-13,2023-09-02,2026-08-12T13:29:33.699965,loans.csv
4124,1148,9,2024-11-02,2024-11-16,2024-11-13,2026-08-12T13:29:33.699965,loans.csv
3275,645,1,2022-05-30,2022-06-13,2022-06-16,2026-08-12T13:29:33.699965,loans.csv
7140,1443,72,2022-09-11,2022-09-25,2022-09-21,2026-08-12T13:29:33.699965,loans.csv
7311,713,12,2023-05-01,2023-05-15,2023-05-07,2026-08-12T13:29:33.699965,loans.csv
8212,678,10,2024-11-22,2024-12-06,2024-12-11,2026-08-12T13:29:33.699965,loans.csv
7772,116,8,2024-07-18,2024-08-01,2024-09-10,2026-08-12T13:29:33.699965,loans.csv
9380,32,3,2024-03-03,2024-03-17,2024-03-05,2026-08-12T13:29:33.699965,loans.csv
6173,1362,1,2024-10-16,2024-10-30,2024-10-25,2026-08-12T13:29:33.699965,loans.csv
2136,1765,26,2023-07-08,2023-07-22,2023-07-19,2026-08-12T13:29:33.699965,loans.csv
1052,2541,1,2021-01-17,2021-01-31,,2026-08-12T13:29:33.699965,loans.csv
4142,2000,89,2024-07-12,2024-07-26,2024-07-26,2026-08-12T13:29:33.699965,loans.csv
353,2719,1,2022-02-11,2022-02-25,2022-02-20,2026-08-12T13:29:33.699965,loans.csv
515,1371,7,2024-01-26,2024-02-09,,2026-08-12T13:29:33.699965,loans.csv
2072,2685,4,2023-12-07,2023-12-21,2023-12-27,2026-08-12T13:29:33.699965,loans.csv
8061,907,4,2024-06-03,2024-06-17,2024-06-12,2026-08-12T13:29:33.699965,loans.csv
6380,1563,2,2024-06-16,2024-07-07,2024-06-19,2026-08-12T13:29:33.699965,loans.csv
3975,63,1,2024-01-28,2024-02-11,2024-02-12,2026-08-12T13:29:33.699965,loans.csv
5206,1010,4,2022-12-08,2022-12-22,2022-12-11,2026-08-12T13:29:33.699965,loans.csv
2597,528,26,2024-06-27,2024-07-11,2024-07-06,2026-08-12T13:29:33.699965,loans.csv
8830,2036,1,2020-07-05,2020-07-19,2020-07-07,2026-08-12T13:29:33.699965,loans.csv
8180,38,1,2022-11-15,2022-11-29,2022-11-16,2026-08-12T13:29:33.699965,loans.csv
4198,403,1,2023-11-18,2023-12-02,2023-11-23,2026-08-12T13:29:33.699965,loans.csv
136,2743,50,2024-12-05,2024-12-19,2024-12-09,2026-08-12T13:29:33.699965,loans.csv
7010,2551,38,2024-10-05,2024-10-19,2024-10-26,2026-08-12T13:29:33.699965,loans.csv
5296,937,1,2022-07-30,2022-08-13,2022-08-09,2026-08-12T13:29:33.699965,loans.csv
291,478,1,2024-02-26,2024-03-11,2024-03-07,2026-08-12T13:29:33.699965,loans.csv
9181,276,17,2024-04-18,2024-05-02,2024-04-23,2026-08-12T13:29:33.699965,loans.csv
4781,668,3,2021-06-13,2021-06-27,2021-06-15,2026-08-12T13:29:33.699965,loans.csv
7282,2614,6,2023-05-26,2023-06-09,2023-06-01,2026-08-12T13:29:33.699965,loans.csv
4439,1069,3,2023-11-10,2023-12-01,2023-12-06,2026-08-12T13:29:33.699965,loans.csv
1973,1272,1,2024-10-24,2024-11-07,2024-10-29,2026-08-12T13:29:33.699965,loans.csv
2314,2477,1,2024-12-25,2025-01-08,,2026-08-12T13:29:33.699965,loans.csv
3891,450,9,2023-12-07,2023-12-21,2023-12-19,2026-08-12T13:29:33.699965,loans.csv
5265,66,17,2021-06-13,2021-06-27,,2026-08-12T13:29:33.699965,loans.csv
4776,2529,1,2024-10-16,2024-10-30,2024-11-05,2026-08-12T13:29:33.699965,loans.csv
2623,1616,60,2023-08-19,2023-09-02,2023-08-31,2026-08-12T13:29:33.699965,loans.csv
4546,2610,10,2024-01-09,2024-01-30,2024-02-01,2026-08-12T13:29:33.699965,loans.csv
7254,254,1,2024-04-13,2024-04-27,2024-04-16,2026-08-12T13:29:33.699965,loans.csv
3817,944,1,2020-11-25,2020-12-16,2020-12-12,2026-08-12T13:29:33.699965,loans.csv
1758,2764,1,2024-11-13,2024-12-04,2024-12-08,2026-08-12T13:29:33.699965,loans.csv
3643,208,5,2024-07-24,2024-08-07,2024-08-11,2026-08-12T13:29:33.699965,loans.csv
708,1142,1,2020-08-03,2020-08-17,2020-08-22,2026-08-12T13:29:33.699965,loans.csv
9599,1344,13,2023-12-18,2024-01-01,2023-12-20,2026-08-12T13:29:33.699965,loans.csv
8070,2765,3,2023-10-08,2023-10-22,2023-10-28,2026-08-12T13:29:33.699965,loans.csv
4802,820,1,2023-12-08,2023-12-22,2023-12-22,2026-08-12T13:29:33.699965,loans.csv
6441,2137,3,2023-04-22,2023-05-06,2023-05-01,2026-08-12T13:29:33.699965,loans.csv
5581,2558,2,2024-03-21,2024-04-04,2024-04-11,2026-08-12T13:29:33.699965,loans.csv
66,1354,1,2022-12-25,2023-01-08,2023-01-21,2026-08-12T13:29:33.699965,loans.csv
9302,1065,36,2021-12-09,2021-12-23,2021-12-13,2026-08-12T13:29:33.699965,loans.csv
3690,1623,3,2023-11-16,2023-12-07,2023-12-23,2026-08-12T13:29:33.699965,loans.csv
6602,57,13,2023-02-03,2023-02-17,2023-03-06,2026-08-12T13:29:33.699965,loans.csv
8244,924,7,2022-01-27,2022-02-10,2022-02-09,2026-08-12T13:29:33.699965,loans.csv
7243,942,4,2023-03-02,2023-03-16,2023-03-14,2026-08-12T13:29:33.699965,loans.csv
6195,1323,1,2023-03-26,2023-04-09,2023-04-14,2026-08-12T13:29:33.699965,loans.csv
3499,1994,75,2024-05-31,2024-06-14,2024-06-02,2026-08-12T13:29:33.699965,loans.csv
2977,1102,63,2023-12-16,2023-12-30,2023-12-20,2026-08-12T13:29:33.699965,loans.csv
8329,1935,2,2023-04-24,2023-05-15,2023-05-01,2026-08-12T13:29:33.699965,loans.csv
5795,901,1,2023-02-24,2023-03-10,2023-03-12,2026-08-12T13:29:33.699965,loans.csv
4483,1977,1,2023-05-08,2023-05-22,2023-05-17,2026-08-12T13:29:33.699965,loans.csv
1801,26,1,2021-08-07,2021-08-21,,2026-08-12T13:29:33.699965,loans.csv
6248,1936,1,2022-04-15,2022-04-29,2022-04-17,2026-08-12T13:29:33.699965,loans.csv
1605,2671,6,2024-05-06,2024-05-27,2024-05-27,2026-08-12T13:29:33.699965,loans.csv
2758,2482,1,2024-08-26,2024-09-09,2024-09-03,2026-08-12T13:29:33.699965,loans.csv
2475,1360,2,2024-10-18,2024-11-01,2024-10-23,2026-08-12T13:29:33.699965,loans.csv
7707,342,2,2023-05-29,2023-06-12,2023-05-30,2026-08-12T13:29:33.699965,loans.csv
3164,761,1,2024-01-06,2024-01-27,2024-01-31,2026-08-12T13:29:33.699965,loans.csv
9300,802,1,2024-09-30,2024-10-14,2024-10-17,2026-08-12T13:29:33.699965,loans.csv
4451,279,59,2024-11-26,2024-12-17,2024-12-22,2026-08-12T13:29:33.699965,loans.csv
3321,2185,3,2024-02-01,2024-02-15,2024-02-03,2026-08-12T13:29:33.699965,loans.csv
3193,2308,6,2023-11-15,2023-11-29,2023-11-24,2026-08-12T13:29:33.699965,loans.csv
1786,182,4,2024-03-23,2024-04-06,2024-04-09,2026-08-12T13:29:33.699965,loans.csv
5065,1205,83,2022-01-14,2022-01-28,2022-01-28,2026-08-12T13:29:33.699965,loans.csv
3176,2737,1,2021-03-01,2021-03-15,2021-03-11,2026-08-12T13:29:33.699965,loans.csv
1607,867,3,2022-11-19,2022-12-03,2022-11-28,2026-08-12T13:29:33.699965,loans.csv
5744,1079,14,2023-07-23,2023-08-06,2023-07-26,2026-08-12T13:29:33.699965,loans.csv
7203,2503,1,2024-07-21,2024-08-11,2024-07-31,2026-08-12T13:29:33.699965,loans.csv
1248,1493,20,2020-12-09,2020-12-23,2020-12-23,2026-08-12T13:29:33.699965,loans.csv
7778,680,13,2024-02-25,2024-03-10,2024-03-05,2026-08-12T13:29:33.699965,loans.csv
3548,1387,1,2023-03-24,2023-04-07,,2026-08-12T13:29:33.699965,loans.csv
4231,2233,4,2023-09-03,2023-09-17,,2026-08-12T13:29:33.699965,loans.csv
7799,2177,1,2024-01-21,2024-02-04,2024-01-27,2026-08-12T13:29:33.699965,loans.csv
8720,110,4,2024-09-20,2024-10-04,2024-10-12,2026-08-12T13:29:33.699965,loans.csv
2825,2529,4,2024-05-09,2024-05-30,2024-05-24,2026-08-12T13:29:33.699965,loans.csv
5992,36,1,2024-03-10,2024-03-31,2024-03-29,2026-08-12T13:29:33.699965,loans.csv
3373,1061,5,2023-12-07,2023-12-21,2023-12-27,2026-08-12T13:29:33.699965,loans.csv
7030,2052,119,2024-10-03,2024-10-17,2024-10-17,2026-08-12T13:29:33.699965,loans.csv
4909,1134,1,2024-08-12,2024-08-26,2024-08-18,2026-08-12T13:29:33.699965,loans.csv
5713,2671,1,2024-01-27,2024-02-10,2024-02-12,2026-08-12T13:29:33.699965,loans.csv
3263,2572,7,2023-06-07,2023-06-21,2023-06-25,2026-08-12T13:29:33.699965,loans.csv
145,639,92,2024-02-13,2024-02-27,2024-03-27,2026-08-12T13:29:33.699965,loans.csv
3402,264,1,2024-08-20,2024-09-03,2024-08-21,2026-08-12T13:29:33.699965,loans.csv
8287,1803,2,2024-06-18,2024-07-02,2024-06-19,2026-08-12T13:29:33.699965,loans.csv
444,38,3,2024-10-10,2024-10-24,2024-10-30,2026-08-12T13:29:33.699965,loans.csv
541,289,1,2023-06-22,2023-07-06,2023-07-02,2026-08-12T13:29:33.699965,loans.csv
4023,2672,2,2024-07-13,2024-07-27,2024-08-03,2026-08-12T13:29:33.699965,loans.csv
7267,2146,1,2021-08-30,2021-09-13,2021-09-12,2026-08-12T13:29:33.699965,loans.csv
6884,1903,1,2024-10-21,2024-11-04,2024-10-22,2026-08-12T13:29:33.699965,loans.csv
2630,1942,35,2024-08-22,2024-09-05,2024-08-26,2026-08-12T13:29:33.699965,loans.csv
7981,880,1,2022-05-25,2022-06-08,2022-07-19,2026-08-12T13:29:33.699965,loans.csv
5473,1988,16,2024-01-22,2024-02-05,2024-01-27,2026-08-12T13:29:33.699965,loans.csv
9303,2403,22,2024-12-09,2024-12-23,2024-12-17,2026-08-12T13:29:33.699965,loans.csv
1060,1284,1,2024-01-08,2024-01-22,2024-01-23,2026-08-12T13:29:33.699965,loans.csv
7742,1300,1,2021-09-06,2021-09-20,2021-09-07,2026-08-12T13:29:33.699965,loans.csv
9491,243,2,2023-07-18,2023-08-01,2023-07-27,2026-08-12T13:29:33.699965,loans.csv
5415,552,1,2021-09-27,2021-10-11,2021-10-06,2026-08-12T13:29:33.699965,loans.csv
5059,2019,3,2024-11-30,2024-12-14,,2026-08-12T13:29:33.699965,loans.csv
6072,146,1,2024-12-04,2024-12-18,2024-12-10,2026-08-12T13:29:33.699965,loans.csv
4751,25,7,2021-01-19,2021-02-02,2021-01-28,2026-08-12T13:29:33.699965,loans.csv
4109,128,159,2024-12-01,2024-12-15,2024-12-15,2026-08-12T13:29:33.699965,loans.csv
6286,1636,62,2024-07-13,2024-07-27,2024-07-17,2026-08-12T13:29:33.699965,loans.csv
2996,2649,1,2024-11-02,2024-11-16,2024-11-13,2026-08-12T13:29:33.699965,loans.csv
111,2486,25,2024-11-05,2024-11-19,,2026-08-12T13:29:33.699965,loans.csv
8822,422,128,2024-06-08,2024-06-22,2024-06-09,2026-08-12T13:29:33.699965,loans.csv
4412,908,3,2021-11-21,2021-12-05,2021-12-05,2026-08-12T13:29:33.699965,loans.csv
7738,1874,25,2023-08-24,2023-09-14,2023-08-25,2026-08-12T13:29:33.699965,loans.csv
397,1124,1,2024-03-31,2024-04-14,2024-04-02,2026-08-12T13:29:33.699965,loans.csv
8259,2036,1,2020-03-02,2020-03-16,2020-03-16,2026-08-12T13:29:33.699965,loans.csv
7194,2783,9,2024-08-01,2024-08-15,2024-08-14,2026-08-12T13:29:33.699965,loans.csv
1862,2334,7,2024-01-03,2024-01-24,2024-01-16,2026-08-12T13:29:33.699965,loans.csv
3490,2108,1,2024-10-10,2024-10-24,2024-10-26,2026-08-12T13:29:33.699965,loans.csv
4506,674,1,2022-12-19,2023-01-02,2022-12-31,2026-08-12T13:29:33.699965,loans.csv
540,1227,1,2023-09-26,2023-10-17,2023-10-11,2026-08-12T13:29:33.699965,loans.csv
6844,552,3,2022-12-21,2023-01-04,2022-12-29,2026-08-12T13:29:33.699965,loans.csv
1834,141,3,2024-01-15,2024-01-29,2024-02-02,2026-08-12T13:29:33.699965,loans.csv
7918,1189,1,2023-08-26,2023-09-09,2023-09-15,2026-08-12T13:29:33.699965,loans.csv
2004,2782,2,2021-03-17,2021-03-31,2021-03-31,2026-08-12T13:29:33.699965,loans.csv
4562,1192,10,2024-11-16,2024-11-30,2024-11-23,2026-08-12T13:29:33.699965,loans.csv
8806,1759,1,2024-04-05,2024-04-19,2024-04-14,2026-08-12T13:29:33.699965,loans.csv
4847,1771,2,2023-03-16,2023-03-30,2023-03-27,2026-08-12T13:29:33.699965,loans.csv
7424,1994,7,2024-05-05,2024-05-19,2024-05-16,2026-08-12T13:29:33.699965,loans.csv
5009,1712,23,2024-09-02,2024-09-16,2024-09-17,2026-08-12T13:29:33.699965,loans.csv
2292,1947,1,2024-06-15,2024-06-29,2024-07-06,2026-08-12T13:29:33.699965,loans.csv
8565,7,2,2024-09-24,2024-10-08,,2026-08-12T13:29:33.699965,loans.csv
2350,2152,2,2023-12-16,2023-12-30,2023-12-25,2026-08-12T13:29:33.699965,loans.csv
783,113,11,2021-03-18,2021-04-01,2021-03-19,2026-08-12T13:29:33.699965,loans.csv
6491,273,15,2024-10-03,2024-10-24,,2026-08-12T13:29:33.699965,loans.csv
8575,1663,9,2023-01-18,2023-02-01,2023-02-06,2026-08-12T13:29:33.699965,loans.csv
6333,1978,1,2024-06-23,2024-07-07,2024-07-07,2026-08-12T13:29:33.699965,loans.csv
1225,1748,96,2022-06-14,2022-07-05,2022-06-25,2026-08-12T13:29:33.699965,loans.csv
2615,1061,4,2023-08-20,2023-09-03,2023-08-28,2026-08-12T13:29:33.699965,loans.csv
2418,714,2,2024-06-28,2024-07-12,2024-06-29,2026-08-12T13:29:33.699965,loans.csv
9494,1896,1,2021-12-23,2022-01-06,2021-12-31,2026-08-12T13:29:33.699965,loans.csv
1712,2162,13,2024-02-13,2024-02-27,2024-02-26,2026-08-12T13:29:33.699965,loans.csv
6063,2757,18,2023-05-14,2023-05-28,,2026-08-12T13:29:33.699965,loans.csv
3623,507,1,2024-06-30,2024-07-14,2024-07-21,2026-08-12T13:29:33.699965,loans.csv
9293,2146,21,2023-11-10,2023-11-24,2023-11-29,2026-08-12T13:29:33.699965,loans.csv
5746,2525,6,2021-01-19,2021-02-02,2021-02-04,2026-08-12T13:29:33.699965,loans.csv
7812,2123,16,2024-09-07,2024-09-21,2024-09-24,2026-08-12T13:29:33.699965,loans.csv
4813,2142,7,2024-04-23,2024-05-07,2024-05-07,2026-08-12T13:29:33.699965,loans.csv
4387,1150,4,2023-09-01,2023-09-15,2023-09-18,2026-08-12T13:29:33.699965,loans.csv
6929,270,1,2021-10-30,2021-11-13,2021-11-13,2026-08-12T13:29:33.699965,loans.csv
9558,1988,22,2021-04-09,2021-04-23,2021-04-15,2026-08-12T13:29:33.699965,loans.csv
5822,1571,3,2023-08-21,2023-09-04,2023-08-22,2026-08-12T13:29:33.699965,loans.csv
1118,1371,27,2024-06-03,2024-06-17,2024-06-09,2026-08-12T13:29:33.699965,loans.csv
8541,1988,2,2024-04-09,2024-04-23,2024-04-17,2026-08-12T13:29:33.699965,loans.csv
3312,458,1,2023-05-13,2023-05-27,2023-05-26,2026-08-12T13:29:33.699965,loans.csv
2162,1395,8,2024-09-04,2024-09-18,2024-09-15,2026-08-12T13:29:33.699965,loans.csv
9080,1273,1,2024-10-12,2024-10-26,2024-10-25,2026-08-12T13:29:33.699965,loans.csv
1151,552,1,2022-02-17,2022-03-03,2022-02-18,2026-08-12T13:29:33.699965,loans.csv
1721,1167,4,2024-01-18,2024-02-01,2024-01-28,2026-08-12T13:29:33.699965,loans.csv
2697,1772,1,2024-07-26,2024-08-09,2024-08-08,2026-08-12T13:29:33.699965,loans.csv
6801,2084,4,2024-03-06,2024-03-20,2024-03-18,2026-08-12T13:29:33.699965,loans.csv
997,1623,1,2024-02-03,2024-02-17,2024-02-09,2026-08-12T13:29:33.699965,loans.csv
2904,1097,2,2020-04-13,2020-04-27,2020-04-14,2026-08-12T13:29:33.699965,loans.csv
29,260,1,2022-07-26,2022-08-09,2022-08-01,2026-08-12T13:29:33.699965,loans.csv
1089,2672,1,2021-02-15,2021-03-01,2021-02-25,2026-08-12T13:29:33.699965,loans.csv
6853,2612,9,2023-03-07,2023-03-21,2023-03-19,2026-08-12T13:29:33.699965,loans.csv
6574,120,1,2024-09-16,2024-09-30,,2026-08-12T13:29:33.699965,loans.csv
7092,1141,3,2024-07-22,2024-08-05,2024-08-03,2026-08-12T13:29:33.699965,loans.csv
4850,237,1,2024-08-27,2024-09-10,2024-09-08,2026-08-12T13:29:33.699965,loans.csv
4001,1258,11,2024-12-07,2024-12-21,2025-01-29,2026-08-12T13:29:33.699965,loans.csv
8342,1248,2,2024-03-11,2024-03-25,2024-03-28,2026-08-12T13:29:33.699965,loans.csv
6603,2039,7,2024-12-03,2024-12-17,2024-12-08,2026-08-12T13:29:33.699965,loans.csv
5270,904,51,2022-04-05,2022-04-19,2022-04-19,2026-08-12T13:29:33.699965,loans.csv
4769,2362,2,2024-11-12,2024-11-26,2024-11-14,2026-08-12T13:29:33.699965,loans.csv
5857,187,78,2020-11-14,2020-11-28,2020-12-02,2026-08-12T13:29:33.699965,loans.csv
3600,263,2,2024-11-15,2024-11-29,2024-11-28,2026-08-12T13:29:33.699965,loans.csv
3583,2190,1,2021-07-12,2021-07-26,2021-08-01,2026-08-12T13:29:33.699965,loans.csv
898,851,18,2023-04-20,2023-05-11,2023-05-13,2026-08-12T13:29:33.699965,loans.csv
6149,129,1,2023-04-18,2023-05-02,2023-04-19,2026-08-12T13:29:33.699965,loans.csv
4786,2233,1,2020-10-05,2020-10-19,,2026-08-12T13:29:33.699965,loans.csv
6368,1372,16,2023-10-11,2023-10-25,2023-10-22,2026-08-12T13:29:33.699965,loans.csv
6073,2186,33,2023-01-26,2023-02-16,,2026-08-12T13:29:33.699965,loans.csv
3290,2710,7,2024-11-06,2024-11-27,2024-11-30,2026-08-12T13:29:33.699965,loans.csv
118,297,1,2023-08-28,2023-09-11,2023-09-13,2026-08-12T13:29:33.699965,loans.csv
3505,2663,9,2023-02-13,2023-02-27,2023-02-18,2026-08-12T13:29:33.699965,loans.csv
474,1118,2,2023-10-31,2023-11-14,2023-11-03,2026-08-12T13:29:33.699965,loans.csv
2281,1330,5,2024-03-11,2024-03-25,2024-03-23,2026-08-12T13:29:33.699965,loans.csv
2018,2088,13,2024-01-05,2024-01-19,2024-01-17,2026-08-12T13:29:33.699965,loans.csv
2478,2004,22,2021-04-07,2021-04-21,2021-04-09,2026-08-12T13:29:33.699965,loans.csv
7764,2628,1,2022-06-22,2022-07-13,2022-06-27,2026-08-12T13:29:33.699965,loans.csv
6626,2228,176,2024-09-16,2024-09-30,2024-10-06,2026-08-12T13:29:33.699965,loans.csv
8161,535,7,2024-12-25,2025-01-08,,2026-08-12T13:29:33.699965,loans.csv
2875,1748,1,2022-11-20,2022-12-04,2022-12-11,2026-08-12T13:29:33.699965,loans.csv
9004,1323,1,2021-10-17,2021-10-31,2021-10-19,2026-08-12T13:29:33.699965,loans.csv
2430,510,2,2021-04-19,2021-05-03,2021-04-30,2026-08-12T13:29:33.699965,loans.csv
4693,1015,1,2020-03-04,2020-03-18,2020-03-18,2026-08-12T13:29:33.699965,loans.csv
408,1485,1,2024-06-01,2024-06-15,2024-06-05,2026-08-12T13:29:33.699965,loans.csv
2870,1741,11,2024-03-27,2024-04-10,,2026-08-12T13:29:33.699965,loans.csv
4209,1494,2,2024-12-22,2025-01-05,,2026-08-12T13:29:33.699965,loans.csv
6354,2411,1,2023-03-07,2023-03-21,2023-03-14,2026-08-12T13:29:33.699965,loans.csv
5278,2594,1,2024-08-21,2024-09-04,2024-09-10,2026-08-12T13:29:33.699965,loans.csv
5219,884,2,2024-08-04,2024-08-18,2024-08-15,2026-08-12T13:29:33.699965,loans.csv
6478,2217,1,2024-03-27,2024-04-10,2024-04-06,2026-08-12T13:29:33.699965,loans.csv
1948,1992,1,2023-01-08,2023-01-22,2023-01-10,2026-08-12T13:29:33.699965,loans.csv
6278,103,1,2023-08-16,2023-08-30,2023-08-24,2026-08-12T13:29:33.699965,loans.csv
5703,2469,5,2024-10-02,2024-10-16,,2026-08-12T13:29:33.699965,loans.csv
3231,1331,9,2020-07-30,2020-08-13,2020-08-11,2026-08-12T13:29:33.699965,loans.csv
4509,1508,3,2023-12-09,2023-12-23,,2026-08-12T13:29:33.699965,loans.csv
1687,2331,1,2023-10-19,2023-11-02,2023-11-03,2026-08-12T13:29:33.699965,loans.csv
7929,999,1,2024-09-08,2024-09-22,2024-09-23,2026-08-12T13:29:33.699965,loans.csv
4917,873,2,2023-11-12,2023-11-26,2023-11-23,2026-08-12T13:29:33.699965,loans.csv
5813,2358,3,2022-10-28,2022-11-11,2022-11-10,2026-08-12T13:29:33.699965,loans.csv
5999,507,1,2022-10-05,2022-10-19,2022-10-26,2026-08-12T13:29:33.699965,loans.csv
1287,2741,2,2024-11-10,2024-12-01,2024-11-13,2026-08-12T13:29:33.699965,loans.csv
1851,1759,5,2024-06-18,2024-07-09,2024-06-19,2026-08-12T13:29:33.699965,loans.csv
2999,1211,19,2023-01-30,2023-02-20,2023-02-26,2026-08-12T13:29:33.699965,loans.csv
5055,1997,4,2023-03-06,2023-03-20,2023-03-07,2026-08-12T13:29:33.699965,loans.csv
279,2620,3,2024-02-27,2024-03-12,2024-03-18,2026-08-12T13:29:33.699965,loans.csv
2273,2156,2,2024-01-03,2024-01-17,2024-01-23,2026-08-12T13:29:33.699965,loans.csv
7033,901,5,2023-09-23,2023-10-07,,2026-08-12T13:29:33.699965,loans.csv
3934,59,1,2023-06-14,2023-06-28,2023-06-17,2026-08-12T13:29:33.699965,loans.csv
5342,1626,1,2023-12-25,2024-01-08,2024-01-15,2026-08-12T13:29:33.699965,loans.csv
732,335,2,2020-07-09,2020-07-23,2020-07-12,2026-08-12T13:29:33.699965,loans.csv
2791,2713,1,2021-07-16,2021-08-06,,2026-08-12T13:29:33.699965,loans.csv
452,2679,2,2024-04-06,2024-04-20,2024-04-25,2026-08-12T13:29:33.699965,loans.csv
3377,587,15,2024-07-19,2024-08-02,2024-07-24,2026-08-12T13:29:33.699965,loans.csv
6412,1455,13,2024-08-09,2024-08-23,2024-08-18,2026-08-12T13:29:33.699965,loans.csv
2500,945,1,2024-07-19,2024-08-02,2024-07-21,2026-08-12T13:29:33.699965,loans.csv
7752,1248,3,2023-07-10,2023-07-24,2023-07-28,2026-08-12T13:29:33.699965,loans.csv
4457,1098,5,2020-09-23,2020-10-07,2020-10-07,2026-08-12T13:29:33.699965,loans.csv
9389,133,1,2024-03-19,2024-04-02,2024-03-22,2026-08-12T13:29:33.699965,loans.csv
5838,2579,11,2023-06-21,2023-07-05,2023-06-23,2026-08-12T13:29:33.699965,loans.csv
799,2391,11,2022-11-25,2022-12-09,2022-12-15,2026-08-12T13:29:33.699965,loans.csv
6772,2722,5,2024-06-17,2024-07-01,2024-07-01,2026-08-12T13:29:33.699965,loans.csv
3156,1373,21,2023-08-27,2023-09-10,2023-09-17,2026-08-12T13:29:33.699965,loans.csv
4069,589,1,2024-09-01,2024-09-15,,2026-08-12T13:29:33.699965,loans.csv
6453,2547,1,2023-05-01,2023-05-15,2023-05-09,2026-08-12T13:29:33.699965,loans.csv
545,1295,49,2022-02-25,2022-03-11,,2026-08-12T13:29:33.699965,loans.csv
3939,1011,3,2024-08-16,2024-08-30,2024-09-20,2026-08-12T13:29:33.699965,loans.csv
2948,146,181,2024-11-22,2024-12-06,2024-12-02,2026-08-12T13:29:33.699965,loans.csv
7558,559,13,2022-09-25,2022-10-09,2022-09-26,2026-08-12T13:29:33.699965,loans.csv
119,1067,2,2024-11-22,2024-12-13,2024-11-24,2026-08-12T13:29:33.699965,loans.csv
3393,2061,2,2024-05-25,2024-06-08,2024-05-27,2026-08-12T13:29:33.699965,loans.csv
6704,1610,31,2024-07-12,2024-07-26,2024-07-31,2026-08-12T13:29:33.699965,loans.csv
9211,1140,1,2023-11-27,2023-12-11,2023-11-30,2026-08-12T13:29:33.699965,loans.csv
6183,2469,6,2022-08-18,2022-09-01,2022-08-21,2026-08-12T13:29:33.699965,loans.csv
6367,2301,1,2024-01-17,2024-01-31,2024-01-20,2026-08-12T13:29:33.699965,loans.csv
8157,1623,1,2023-01-14,2023-01-28,2023-02-06,2026-08-12T13:29:33.699965,loans.csv
1000,1319,4,2024-08-07,2024-08-21,2024-08-13,2026-08-12T13:29:33.699965,loans.csv
2269,1895,1,2024-09-23,2024-10-07,2024-09-28,2026-08-12T13:29:33.699965,loans.csv
1697,2325,33,2024-11-06,2024-11-20,2024-11-25,2026-08-12T13:29:33.699965,loans.csv
6911,310,2,2020-01-04,2020-01-25,2020-01-09,2026-08-12T13:29:33.699965,loans.csv
185,1255,166,2024-04-16,2024-04-30,2024-04-19,2026-08-12T13:29:33.699965,loans.csv
4656,1499,10,2022-09-11,2022-09-25,,2026-08-12T13:29:33.699965,loans.csv
2941,1977,1,2022-07-02,2022-07-16,2022-07-09,2026-08-12T13:29:33.699965,loans.csv
2461,1065,4,2021-10-05,2021-10-19,,2026-08-12T13:29:33.699965,loans.csv
3429,1949,2,2022-03-13,2022-03-27,2022-03-24,2026-08-12T13:29:33.699965,loans.csv
144,960,6,2020-09-01,2020-09-15,2020-09-05,2026-08-12T13:29:33.699965,loans.csv
5408,615,20,2024-12-21,2025-01-04,,2026-08-12T13:29:33.699965,loans.csv
8775,644,2,2022-08-20,2022-09-03,2022-08-29,2026-08-12T13:29:33.699965,loans.csv
5458,1879,1,2024-02-15,2024-02-29,,2026-08-12T13:29:33.699965,loans.csv
1897,935,3,2024-05-22,2024-06-05,2024-05-26,2026-08-12T13:29:33.699965,loans.csv
4401,542,1,2020-12-12,2020-12-26,2020-12-26,2026-08-12T13:29:33.699965,loans.csv
9104,468,2,2023-12-28,2024-01-11,2024-01-05,2026-08-12T13:29:33.699965,loans.csv
8571,1431,1,2022-03-19,2022-04-02,2022-03-22,2026-08-12T13:29:33.699965,loans.csv
9245,1781,1,2021-12-23,2022-01-06,2022-01-12,2026-08-12T13:29:33.699965,loans.csv
537,1286,1,2024-09-19,2024-10-10,,2026-08-12T13:29:33.699965,loans.csv
2197,579,2,2024-12-23,2025-01-06,,2026-08-12T13:29:33.699965,loans.csv
5652,657,31,2022-08-16,2022-08-30,2022-08-26,2026-08-12T13:29:33.699965,loans.csv
9384,2464,1,2023-08-18,2023-09-01,2023-08-29,2026-08-12T13:29:33.699965,loans.csv
4966,1148,1,2024-05-10,2024-05-24,2024-05-14,2026-08-12T13:29:33.699965,loans.csv
8904,459,3,2022-08-14,2022-08-28,2022-08-25,2026-08-12T13:29:33.699965,loans.csv
8293,2561,1,2023-08-27,2023-09-17,,2026-08-12T13:29:33.699965,loans.csv
9291,1810,1,2020-11-28,2020-12-12,,2026-08-12T13:29:33.699965,loans.csv
4981,410,2,2023-05-10,2023-05-24,2023-05-23,2026-08-12T13:29:33.699965,loans.csv
9308,509,1,2024-10-13,2024-10-27,2024-10-31,2026-08-12T13:29:33.699965,loans.csv
5116,1494,20,2024-10-06,2024-10-27,2024-10-27,2026-08-12T13:29:33.699965,loans.csv
7674,2190,1,2022-09-11,2022-09-25,2022-09-19,2026-08-12T13:29:33.699965,loans.csv
944,2649,1,2024-03-22,2024-04-05,2024-04-22,2026-08-12T13:29:33.699965,loans.csv
7326,899,2,2024-08-25,2024-09-15,2024-09-05,2026-08-12T13:29:33.699965,loans.csv
6806,2268,1,2020-08-18,2020-09-01,2020-08-30,2026-08-12T13:29:33.699965,loans.csv
8405,454,1,2020-08-19,2020-09-02,2020-08-31,2026-08-12T13:29:33.699965,loans.csv
7352,357,1,2024-09-07,2024-09-21,2024-10-24,2026-08-12T13:29:33.699965,loans.csv
4834,1724,14,2023-02-23,2023-03-09,2023-04-08,2026-08-12T13:29:33.699965,loans.csv
5351,1492,1,2021-12-31,2022-01-14,2022-01-12,2026-08-12T13:29:33.699965,loans.csv
3334,1828,2,2023-03-31,2023-04-14,2023-04-19,2026-08-12T13:29:33.699965,loans.csv
5696,1789,1,2023-06-22,2023-07-06,2023-07-10,2026-08-12T13:29:33.699965,loans.csv
5305,1923,1,2023-02-26,2023-03-12,2023-03-12,2026-08-12T13:29:33.699965,loans.csv
2083,1381,1,2023-02-16,2023-03-02,2023-03-06,2026-08-12T13:29:33.699965,loans.csv
1657,828,13,2022-10-18,2022-11-01,2022-10-23,2026-08-12T13:29:33.699965,loans.csv
5779,74,25,2023-02-15,2023-03-01,2023-02-23,2026-08-12T13:29:33.699965,loans.csv
4332,986,22,2022-06-17,2022-07-01,,2026-08-12T13:29:33.699965,loans.csv
6106,1198,1,2024-04-05,2024-04-19,2024-05-25,2026-08-12T13:29:33.699965,loans.csv
196,591,1,2024-09-26,2024-10-17,2024-11-23,2026-08-12T13:29:33.699965,loans.csv
5457,678,1,2022-07-18,2022-08-01,2022-07-23,2026-08-12T13:29:33.699965,loans.csv
6218,24,1,2023-10-23,2023-11-06,2023-11-08,2026-08-12T13:29:33.699965,loans.csv
2252,369,5,2021-05-20,2021-06-03,2021-06-09,2026-08-12T13:29:33.699965,loans.csv
1661,925,12,2024-10-18,2024-11-01,2024-11-01,2026-08-12T13:29:33.699965,loans.csv
7737,2309,4,2023-10-08,2023-10-22,,2026-08-12T13:29:33.699965,loans.csv
5243,805,2,2021-08-09,2021-08-23,2021-08-22,2026-08-12T13:29:33.699965,loans.csv
5570,128,3,2024-03-19,2024-04-02,2024-04-07,2026-08-12T13:29:33.699965,loans.csv
5901,1369,2,2024-11-07,2024-11-21,,2026-08-12T13:29:33.699965,loans.csv
9250,336,3,2024-03-17,2024-03-31,2024-03-18,2026-08-12T13:29:33.699965,loans.csv
3828,2490,4,2024-11-10,2024-11-24,2024-11-15,2026-08-12T13:29:33.699965,loans.csv
5932,1056,1,2024-03-16,2024-04-06,2024-04-11,2026-08-12T13:29:33.699965,loans.csv
1807,1373,2,2022-12-30,2023-01-13,2023-01-08,2026-08-12T13:29:33.699965,loans.csv
6646,485,21,2024-03-22,2024-04-12,2024-03-27,2026-08-12T13:29:33.699965,loans.csv
6905,2545,1,2024-03-05,2024-03-19,2024-03-16,2026-08-12T13:29:33.699965,loans.csv
6513,398,7,2024-07-29,2024-08-12,2024-08-18,2026-08-12T13:29:33.699965,loans.csv
5517,1584,1,2024-02-26,2024-03-11,,2026-08-12T13:29:33.699965,loans.csv
7781,2164,99,2023-05-20,2023-06-03,2023-05-23,2026-08-12T13:29:33.699965,loans.csv
9373,172,1,2023-07-06,2023-07-20,2023-07-18,2026-08-12T13:29:33.699965,loans.csv
2057,701,1,2024-12-04,2024-12-18,2024-12-05,2026-08-12T13:29:33.699965,loans.csv
7251,1562,100,2023-06-15,2023-06-29,2023-07-04,2026-08-12T13:29:33.699965,loans.csv
8108,2562,4,2021-04-11,2021-04-25,2021-04-23,2026-08-12T13:29:33.699965,loans.csv
8260,152,24,2024-10-15,2024-10-29,2024-10-18,2026-08-12T13:29:33.699965,loans.csv
5850,2602,1,2024-11-08,2024-11-22,2024-11-11,2026-08-12T13:29:33.699965,loans.csv
96,1373,6,2021-05-17,2021-05-31,2021-05-24,2026-08-12T13:29:33.699965,loans.csv
4685,1236,1,2021-08-31,2021-09-14,2021-09-08,2026-08-12T13:29:33.699965,loans.csv
5228,2603,14,2024-08-28,2024-09-11,,2026-08-12T13:29:33.699965,loans.csv
3589,2738,1,2023-07-28,2023-08-11,,2026-08-12T13:29:33.699965,loans.csv
6524,1509,1,2023-05-31,2023-06-14,2023-06-02,2026-08-12T13:29:33.699965,loans.csv
9328,1065,5,2020-08-19,2020-09-02,2020-08-25,2026-08-12T13:29:33.699965,loans.csv
8793,1451,2,2021-10-13,2021-10-27,2021-10-20,2026-08-12T13:29:33.699965,loans.csv
4043,646,1,2020-12-14,2020-12-28,2020-12-25,2026-08-12T13:29:33.699965,loans.csv
4951,867,1,2023-01-06,2023-01-20,2023-01-26,2026-08-12T13:29:33.699965,loans.csv
2042,2538,2,2023-08-22,2023-08-09,2023-10-01,2026-08-12T13:29:33.699965,loans.csv
5829,2262,1,2023-05-27,2023-06-10,2023-06-04,2026-08-12T13:29:33.699965,loans.csv
6750,1383,1,2023-11-01,2023-11-15,2023-11-07,2026-08-12T13:29:33.699965,loans.csv
3411,454,2,2023-04-05,2023-04-19,,2026-08-12T13:29:33.699965,loans.csv
2618,1341,16,2020-09-13,2020-09-27,2020-09-23,2026-08-12T13:29:33.699965,loans.csv
9399,2671,1,2024-07-01,2024-07-15,2024-07-08,2026-08-12T13:29:33.699965,loans.csv
5085,50,1,2023-02-20,2023-03-06,2023-02-22,2026-08-12T13:29:33.699965,loans.csv
9466,1900,3,2020-10-19,2020-11-02,2020-11-08,2026-08-12T13:29:33.699965,loans.csv
3874,582,5,2024-05-03,2024-05-17,2024-05-14,2026-08-12T13:29:33.699965,loans.csv
8865,2084,1,2024-12-11,2024-12-25,,2026-08-12T13:29:33.699965,loans.csv
3840,1992,2,2023-11-29,2023-12-13,2023-12-15,2026-08-12T13:29:33.699965,loans.csv
3928,638,5,2024-07-06,2024-07-20,2024-07-08,2026-08-12T13:29:33.699965,loans.csv
863,2518,2,2023-12-26,2024-01-09,2024-01-04,2026-08-12T13:29:33.699965,loans.csv
2274,952,1,2023-11-25,2023-12-09,2023-12-06,2026-08-12T13:29:33.699965,loans.csv
3134,2144,1,2024-03-11,2024-03-25,2024-03-21,2026-08-12T13:29:33.699965,loans.csv
6956,2092,2,2022-10-19,2022-11-02,2022-10-27,2026-08-12T13:29:33.699965,loans.csv
1552,830,1,2021-04-09,2021-04-23,2021-04-20,2026-08-12T13:29:33.699965,loans.csv
3777,943,1,2023-09-21,2023-10-05,2023-10-05,2026-08-12T13:29:33.699965,loans.csv
3901,2141,1,2021-12-22,2022-01-05,2022-01-03,2026-08-12T13:29:33.699965,loans.csv
3249,1785,8,2024-09-14,2024-09-28,2024-09-25,2026-08-12T13:29:33.699965,loans.csv
735,1410,1,2021-06-13,2021-06-27,2021-06-16,2026-08-12T13:29:33.699965,loans.csv
3526,2058,3,2022-03-16,2022-03-30,2022-03-25,2026-08-12T13:29:33.699965,loans.csv
6820,2254,34,2021-03-09,2021-03-23,2021-03-23,2026-08-12T13:29:33.699965,loans.csv
8591,2685,23,2022-10-21,2022-11-04,2022-11-02,2026-08-12T13:29:33.699965,loans.csv
3101,646,24,2021-08-02,2021-08-16,2021-08-08,2026-08-12T13:29:33.699965,loans.csv
4999,2068,1,2024-03-03,2024-03-24,2024-03-15,2026-08-12T13:29:33.699965,loans.csv
4223,745,1,2024-12-14,2024-12-28,,2026-08-12T13:29:33.699965,loans.csv
4700,2753,47,2024-10-30,2024-11-13,2024-11-08,2026-08-12T13:29:33.699965,loans.csv
3283,1605,1,2024-09-16,2024-09-30,2024-09-18,2026-08-12T13:29:33.699965,loans.csv
9430,907,3,2024-01-23,2024-02-06,2024-02-09,2026-08-12T13:29:33.699965,loans.csv
8241,1648,2,2023-05-11,2023-05-25,2023-05-12,2026-08-12T13:29:33.699965,loans.csv
6381,794,1,2023-12-20,2024-01-03,,2026-08-12T13:29:33.699965,loans.csv
1239,1210,1,2021-12-11,2021-12-25,2021-12-14,2026-08-12T13:29:33.699965,loans.csv
6185,2362,10,2023-03-28,2023-04-11,2023-04-09,2026-08-12T13:29:33.699965,loans.csv
7660,588,18,2024-11-16,2024-11-30,2025-01-13,2026-08-12T13:29:33.699965,loans.csv
4994,2347,11,2024-10-14,2024-10-28,,2026-08-12T13:29:33.699965,loans.csv
5742,1896,1,2022-07-26,2022-08-09,2022-08-09,2026-08-12T13:29:33.699965,loans.csv
3477,2620,4,2024-03-25,2024-04-08,,2026-08-12T13:29:33.699965,loans.csv
4053,1330,26,2024-02-09,2024-02-23,2024-02-27,2026-08-12T13:29:33.699965,loans.csv
3188,986,6,2022-03-09,2022-03-23,2022-03-10,2026-08-12T13:29:33.699965,loans.csv
1015,1011,3,2023-08-04,2023-08-18,2023-08-15,2026-08-12T13:29:33.699965,loans.csv
1872,2773,3,2024-08-08,2024-08-22,2024-08-15,2026-08-12T13:29:33.699965,loans.csv
7288,934,5,2021-04-12,2021-04-26,2021-04-26,2026-08-12T13:29:33.699965,loans.csv
3053,1632,1,2023-12-10,2023-12-24,2023-12-28,2026-08-12T13:29:33.699965,loans.csv
2969,646,28,2021-01-16,2021-01-30,,2026-08-12T13:29:33.699965,loans.csv
5542,818,16,2024-05-12,2024-06-02,2024-05-25,2026-08-12T13:29:33.699965,loans.csv
3005,1118,1,2024-10-19,2024-11-02,2024-11-09,2026-08-12T13:29:33.699965,loans.csv
1020,913,1,2024-11-30,2024-12-14,2024-12-09,2026-08-12T13:29:33.699965,loans.csv
6527,960,1,2022-04-10,2022-04-24,2022-04-28,2026-08-12T13:29:33.699965,loans.csv
8376,417,1,2023-06-17,2023-07-01,2023-08-13,2026-08-12T13:29:33.699965,loans.csv
4303,1210,1,2021-12-13,2021-12-27,2021-12-26,2026-08-12T13:29:33.699965,loans.csv
9268,306,4,2022-10-14,2022-11-04,2022-11-10,2026-08-12T13:29:33.699965,loans.csv
5504,1709,2,2024-08-11,2024-09-01,2024-09-04,2026-08-12T13:29:33.699965,loans.csv
1198,2336,1,2023-05-10,2023-05-31,2023-05-26,2026-08-12T13:29:33.699965,loans.csv
721,59,26,2023-08-19,2023-09-09,2023-08-26,2026-08-12T13:29:33.699965,loans.csv
6684,1374,2,2024-10-31,2024-11-14,2024-11-08,2026-08-12T13:29:33.699965,loans.csv
6198,1674,5,2024-07-29,2024-08-19,2024-08-03,2026-08-12T13:29:33.699965,loans.csv
7859,187,39,2024-11-20,2024-12-04,2024-12-02,2026-08-12T13:29:33.699965,loans.csv
1290,212,2,2022-07-09,2022-07-30,2022-07-11,2026-08-12T13:29:33.699965,loans.csv
2974,66,7,2023-06-28,2023-07-12,2023-07-16,2026-08-12T13:29:33.699965,loans.csv
4167,464,2,2022-04-05,2022-04-19,2022-04-16,2026-08-12T13:29:33.699965,loans.csv
3879,1271,1,2022-03-12,2022-04-02,2022-03-25,2026-08-12T13:29:33.699965,loans.csv
2304,1973,4,2024-09-16,2024-09-30,2024-09-27,2026-08-12T13:29:33.699965,loans.csv
2367,471,51,2021-04-07,2021-04-21,2021-04-21,2026-08-12T13:29:33.699965,loans.csv
2877,629,1,2024-03-08,2024-03-22,2024-03-22,2026-08-12T13:29:33.699965,loans.csv
4029,344,2,2022-03-06,2022-03-20,2022-03-18,2026-08-12T13:29:33.699965,loans.csv
5133,1798,1,2024-06-14,2024-06-28,,2026-08-12T13:29:33.699965,loans.csv
8803,2102,1,2024-07-10,2024-07-24,2024-07-30,2026-08-12T13:29:33.699965,loans.csv
190,1967,1,2022-09-20,2022-10-04,2022-09-30,2026-08-12T13:29:33.699965,loans.csv
2711,2690,3,2024-03-10,2024-03-24,,2026-08-12T13:29:33.699965,loans.csv
3791,456,6,2023-12-10,2023-12-24,2023-12-19,2026-08-12T13:29:33.699965,loans.csv
3079,558,2,2021-10-28,2021-11-11,2021-11-09,2026-08-12T13:29:33.699965,loans.csv
6918,716,1,2022-06-04,2022-06-18,,2026-08-12T13:29:33.699965,loans.csv
3562,1237,2,2023-02-15,2023-03-01,,2026-08-12T13:29:33.699965,loans.csv
8360,2086,6,2020-08-22,2020-09-05,2020-08-30,2026-08-12T13:29:33.699965,loans.csv
2335,920,1,2024-11-25,2024-12-09,2024-12-01,2026-08-12T13:29:33.699965,loans.csv
6237,58,71,2024-05-26,2024-06-09,2024-06-08,2026-08-12T13:29:33.699965,loans.csv
4616,412,1,2024-07-31,2024-08-14,2024-08-08,2026-08-12T13:29:33.699965,loans.csv
9175,1492,1,2020-09-27,2020-10-18,2020-09-30,2026-08-12T13:29:33.699965,loans.csv
1950,615,1,2024-08-27,2024-09-10,2024-09-07,2026-08-12T13:29:33.699965,loans.csv
3348,1411,6,2021-08-23,2021-09-06,2021-09-06,2026-08-12T13:29:33.699965,loans.csv
9101,103,1,2022-01-06,2022-01-20,2022-01-22,2026-08-12T13:29:33.699965,loans.csv
5511,1142,1,2021-03-22,2021-04-05,2021-04-01,2026-08-12T13:29:33.699965,loans.csv
8382,709,1,2024-12-15,2024-12-29,,2026-08-12T13:29:33.699965,loans.csv
4134,840,1,2024-12-17,2024-12-31,,2026-08-12T13:29:33.699965,loans.csv
967,1026,1,2023-10-13,2023-10-27,2023-10-26,2026-08-12T13:29:33.699965,loans.csv
5833,844,1,2024-01-26,2024-02-09,2024-02-28,2026-08-12T13:29:33.699965,loans.csv
2662,1634,1,2024-03-06,2024-03-27,2024-03-21,2026-08-12T13:29:33.699965,loans.csv
625,1412,1,2023-09-26,2023-10-10,2023-10-10,2026-08-12T13:29:33.699965,loans.csv
6305,1279,1,2024-08-01,2024-08-15,2024-08-04,2026-08-12T13:29:33.699965,loans.csv
4649,420,2,2024-05-03,2024-05-17,2024-05-04,2026-08-12T13:29:33.699965,loans.csv
1391,245,13,2024-05-04,2024-05-18,2024-05-17,2026-08-12T13:29:33.699965,loans.csv
2943,1554,8,2020-06-13,2020-06-27,2020-06-27,2026-08-12T13:29:33.699965,loans.csv
3109,2094,35,2024-12-12,2024-12-26,,2026-08-12T13:29:33.699965,loans.csv
4175,1282,19,2022-01-12,2022-01-26,2022-01-24,2026-08-12T13:29:33.699965,loans.csv
2111,126,1,2022-05-07,2022-05-21,2022-05-28,2026-08-12T13:29:33.699965,loans.csv
2216,2268,2,2023-05-27,2023-06-10,2023-05-31,2026-08-12T13:29:33.699965,loans.csv
5832,842,3,2024-07-16,2024-07-30,2024-07-30,2026-08-12T13:29:33.699965,loans.csv
6140,2325,1,2023-11-22,2023-12-06,2023-12-01,2026-08-12T13:29:33.699965,loans.csv
277,2779,1,2024-12-26,2025-01-09,,2026-08-12T13:29:33.699965,loans.csv
7060,182,2,2023-05-02,2023-05-16,2023-05-19,2026-08-12T13:29:33.699965,loans.csv
4497,888,1,2024-01-18,2024-02-01,2024-01-29,2026-08-12T13:29:33.699965,loans.csv
4963,1906,3,2024-09-23,2024-10-07,,2026-08-12T13:29:33.699965,loans.csv
6688,528,1,2023-11-15,2023-11-29,2023-11-17,2026-08-12T13:29:33.699965,loans.csv
2352,2620,1,2024-11-09,2024-11-23,2024-12-25,2026-08-12T13:29:33.699965,loans.csv
5082,1739,1,2023-11-16,2023-11-06,2023-11-20,2026-08-12T13:29:33.699965,loans.csv
9301,867,18,2024-03-27,2024-04-17,2024-04-29,2026-08-12T13:29:33.699965,loans.csv
6188,103,1,2022-02-08,2022-02-22,2022-02-17,2026-08-12T13:29:33.699965,loans.csv
7219,2588,1,2024-09-03,2024-09-24,2024-09-17,2026-08-12T13:29:33.699965,loans.csv
6700,1217,2,2024-06-26,2024-07-10,2024-07-08,2026-08-12T13:29:33.699965,loans.csv
6879,1523,1,2024-08-11,2024-08-25,2024-08-31,2026-08-12T13:29:33.699965,loans.csv
7513,404,4,2024-07-27,2024-08-10,2024-08-29,2026-08-12T13:29:33.699965,loans.csv
5410,1061,3,2024-08-23,2024-09-06,2024-09-09,2026-08-12T13:29:33.699965,loans.csv
2881,1820,23,2024-09-21,2024-10-05,,2026-08-12T13:29:33.699965,loans.csv
1233,43,1,2021-03-07,2021-03-21,2021-03-20,2026-08-12T13:29:33.699965,loans.csv
5004,1664,3,2023-06-13,2023-06-27,,2026-08-12T13:29:33.699965,loans.csv
7657,366,6,2020-08-28,2020-09-11,,2026-08-12T13:29:33.699965,loans.csv
5580,141,1,2024-02-13,2024-02-27,2024-02-28,2026-08-12T13:29:33.699965,loans.csv
3982,698,3,2024-09-25,2024-10-09,2024-10-04,2026-08-12T13:29:33.699965,loans.csv
4803,1954,1,2024-06-29,2024-07-13,2024-07-16,2026-08-12T13:29:33.699965,loans.csv
5019,2087,162,2023-04-19,2023-05-03,2023-04-26,2026-08-12T13:29:33.699965,loans.csv
3763,2060,1,2023-11-19,2023-12-03,2023-11-30,2026-08-12T13:29:33.699965,loans.csv
8087,1299,3,2022-03-31,2022-04-14,2022-04-06,2026-08-12T13:29:33.699965,loans.csv
6153,549,3,2024-12-11,2024-12-25,,2026-08-12T13:29:33.699965,loans.csv
6522,1360,3,2023-07-29,2023-08-12,2023-08-04,2026-08-12T13:29:33.699965,loans.csv
1226,1158,37,2022-10-31,2022-11-14,2022-11-14,2026-08-12T13:29:33.699965,loans.csv
2094,1527,3,2022-03-18,2022-04-01,2022-03-19,2026-08-12T13:29:33.699965,loans.csv
2444,508,2,2024-04-27,2024-05-11,2024-05-06,2026-08-12T13:29:33.699965,loans.csv
7018,1161,1,2022-11-26,2022-12-10,2022-12-04,2026-08-12T13:29:33.699965,loans.csv
7827,1300,1,2022-06-21,2022-07-05,2022-06-25,2026-08-12T13:29:33.699965,loans.csv
5931,2250,1,2024-10-26,2024-11-09,2024-11-16,2026-08-12T13:29:33.699965,loans.csv
2617,2739,2,2020-06-25,2020-07-16,2020-07-08,2026-08-12T13:29:33.699965,loans.csv
2531,2240,1,2024-10-10,2024-10-24,2024-10-24,2026-08-12T13:29:33.699965,loans.csv
1334,1854,1,2023-01-05,2023-01-19,2023-01-25,2026-08-12T13:29:33.699965,loans.csv
8222,1558,1,2024-07-20,2024-08-03,2024-08-01,2026-08-12T13:29:33.699965,loans.csv
8110,1199,18,2024-09-08,2024-09-22,,2026-08-12T13:29:33.699965,loans.csv
9240,2396,22,2024-03-03,2024-03-24,,2026-08-12T13:29:33.699965,loans.csv
7226,1524,1,2022-06-20,2022-07-04,2022-06-22,2026-08-12T13:29:33.699965,loans.csv
2890,1959,1,2023-10-14,2023-10-28,,2026-08-12T13:29:33.699965,loans.csv
835,2067,186,2023-12-19,2024-01-02,2023-12-22,2026-08-12T13:29:33.699965,loans.csv
6250,558,2,2020-10-19,2020-11-02,2020-10-29,2026-08-12T13:29:33.699965,loans.csv
4937,2066,1,2023-06-26,2023-07-10,2023-08-11,2026-08-12T13:29:33.699965,loans.csv
3297,2538,1,2021-07-13,2021-07-27,2021-07-14,2026-08-12T13:29:33.699965,loans.csv
1283,1253,9,2021-09-22,2021-10-06,2021-10-02,2026-08-12T13:29:33.699965,loans.csv
6215,481,3,2022-07-13,2022-07-27,2022-07-16,2026-08-12T13:29:33.699965,loans.csv
171,1382,1,2024-07-21,2024-08-04,2024-07-26,2026-08-12T13:29:33.699965,loans.csv
2207,1763,2,2022-11-14,2022-11-28,2022-11-24,2026-08-12T13:29:33.699965,loans.csv
3295,1231,1,2024-09-11,2024-09-25,,2026-08-12T13:29:33.699965,loans.csv
6175,2280,1,2022-03-10,2022-03-24,2022-03-16,2026-08-12T13:29:33.699965,loans.csv
6079,1350,29,2024-05-30,2024-06-13,2024-06-04,2026-08-12T13:29:33.699965,loans.csv
1185,1977,6,2022-12-20,2023-01-03,2023-01-10,2026-08-12T13:29:33.699965,loans.csv
8072,622,1,2024-10-04,2024-10-18,2024-10-25,2026-08-12T13:29:33.699965,loans.csv
3474,1954,4,2024-08-14,2024-08-28,2024-08-27,2026-08-12T13:29:33.699965,loans.csv
4592,1042,19,2022-07-20,2022-08-03,2022-08-04,2026-08-12T13:29:33.699965,loans.csv
8420,1058,51,2024-05-05,2024-05-19,2024-05-08,2026-08-12T13:29:33.699965,loans.csv
8123,638,1,2023-02-06,2023-02-20,2023-02-17,2026-08-12T13:29:33.699965,loans.csv
6023,935,5,2020-03-17,2020-03-31,2020-03-28,2026-08-12T13:29:33.699965,loans.csv
6798,1832,1,2020-12-15,2020-12-29,2020-12-30,2026-08-12T13:29:33.699965,loans.csv
7223,1010,2,2022-04-16,2022-04-30,2022-04-28,2026-08-12T13:29:33.699965,loans.csv
4566,412,1,2022-11-03,2022-11-17,2022-11-24,2026-08-12T13:29:33.699965,loans.csv
8089,1508,3,2024-07-29,2024-08-12,2024-08-04,2026-08-12T13:29:33.699965,loans.csv
5048,2092,18,2022-08-25,2022-09-08,2022-09-05,2026-08-12T13:29:33.699965,loans.csv
560,1235,1,2024-12-19,2025-01-02,,2026-08-12T13:29:33.699965,loans.csv
4748,2305,8,2023-08-19,2023-09-02,2023-09-06,2026-08-12T13:29:33.699965,loans.csv
576,136,1,2021-07-24,2021-08-07,2021-07-25,2026-08-12T13:29:33.699965,loans.csv
1134,1374,1,2024-06-23,2024-07-07,2024-07-13,2026-08-12T13:29:33.699965,loans.csv
3535,1777,3,2020-12-31,2021-01-14,2021-01-04,2026-08-12T13:29:33.699965,loans.csv
1914,2716,15,2021-10-02,2021-10-16,2021-10-06,2026-08-12T13:29:33.699965,loans.csv
1769,1108,8,2022-12-10,2022-12-31,2022-12-28,2026-08-12T13:29:33.699965,loans.csv
9478,2018,3,2023-12-04,2023-12-18,2024-01-02,2026-08-12T13:29:33.699965,loans.csv
8104,852,1,2024-07-30,2024-08-20,2024-08-15,2026-08-12T13:29:33.699965,loans.csv
6854,2779,3,2023-06-18,2023-07-02,2023-06-23,2026-08-12T13:29:33.699965,loans.csv
1463,1952,1,2024-10-31,2024-11-14,2024-11-05,2026-08-12T13:29:33.699965,loans.csv
7084,2607,2,2024-07-04,2024-07-18,2024-07-09,2026-08-12T13:29:33.699965,loans.csv
2101,236,1,2024-11-14,2024-11-28,,2026-08-12T13:29:33.699965,loans.csv
8027,2626,2,2023-05-23,2023-06-06,2023-06-16,2026-08-12T13:29:33.699965,loans.csv
9147,437,142,2024-06-15,2024-07-06,2024-07-01,2026-08-12T13:29:33.699965,loans.csv
5444,1886,52,2024-08-20,2024-09-03,2024-08-24,2026-08-12T13:29:33.699965,loans.csv
8523,120,4,2024-01-13,2024-01-27,2024-01-25,2026-08-12T13:29:33.699965,loans.csv
4632,1218,2,2024-03-16,2024-03-30,,2026-08-12T13:29:33.699965,loans.csv
8411,1523,3,2024-11-26,2024-12-10,2024-12-05,2026-08-12T13:29:33.699965,loans.csv
9275,2065,1,2022-12-30,2023-01-13,2023-01-07,2026-08-12T13:29:33.699965,loans.csv
2793,1847,3,2024-12-18,2025-01-01,,2026-08-12T13:29:33.699965,loans.csv
5754,988,2,2024-07-04,2024-07-18,2024-07-08,2026-08-12T13:29:33.699965,loans.csv
6508,1015,1,2023-04-14,2023-04-28,2023-05-02,2026-08-12T13:29:33.699965,loans.csv
7779,1582,1,2024-06-06,2024-06-20,2024-06-14,2026-08-12T13:29:33.699965,loans.csv
7890,701,1,2023-08-17,2023-08-31,2023-09-01,2026-08-12T13:29:33.699965,loans.csv
1628,636,1,2024-03-10,2024-03-24,2024-03-22,2026-08-12T13:29:33.699965,loans.csv
1350,1478,26,2020-08-21,2020-09-04,2020-09-03,2026-08-12T13:29:33.699965,loans.csv
4984,2261,3,2023-10-28,2023-11-11,2023-11-13,2026-08-12T13:29:33.699965,loans.csv
5605,459,1,2021-08-23,2021-09-06,2021-08-30,2026-08-12T13:29:33.699965,loans.csv
5835,1967,1,2022-07-26,2022-08-16,2022-08-18,2026-08-12T13:29:33.699965,loans.csv
5395,1819,1,2023-05-09,2023-05-30,2023-05-18,2026-08-12T13:29:33.699965,loans.csv
7124,1097,4,2022-12-12,2022-12-26,2022-12-21,2026-08-12T13:29:33.699965,loans.csv
1484,1400,12,2024-05-02,2024-05-16,2024-05-23,2026-08-12T13:29:33.699965,loans.csv
70,702,2,2024-08-25,2024-09-08,2024-09-09,2026-08-12T13:29:33.699965,loans.csv
5656,2067,7,2021-05-18,2021-06-01,2021-05-23,2026-08-12T13:29:33.699965,loans.csv
705,441,6,2024-12-16,2024-12-30,,2026-08-12T13:29:33.699965,loans.csv
5188,957,1,2024-03-05,2024-03-19,2024-03-12,2026-08-12T13:29:33.699965,loans.csv
9352,1704,2,2024-06-04,2024-06-18,,2026-08-12T13:29:33.699965,loans.csv
921,546,1,2023-08-08,2023-08-22,2023-08-13,2026-08-12T13:29:33.699965,loans.csv
7584,770,7,2021-12-03,2021-12-17,2021-12-06,2026-08-12T13:29:33.699965,loans.csv
9076,1988,1,2022-01-27,2022-02-10,2022-02-16,2026-08-12T13:29:33.699965,loans.csv
7636,1703,4,2024-08-05,2024-08-19,,2026-08-12T13:29:33.699965,loans.csv
3347,506,3,2024-08-08,2024-08-22,,2026-08-12T13:29:33.699965,loans.csv
7543,2065,2,2021-01-04,2021-01-18,,2026-08-12T13:29:33.699965,loans.csv
3843,760,1,2023-01-09,2023-01-23,2023-01-14,2026-08-12T13:29:33.699965,loans.csv
2822,1483,1,2021-07-21,2021-08-04,2021-08-06,2026-08-12T13:29:33.699965,loans.csv
2312,25,1,2020-08-02,2020-08-16,2020-08-11,2026-08-12T13:29:33.699965,loans.csv
4188,2513,1,2024-04-24,2024-05-08,2024-04-29,2026-08-12T13:29:33.699965,loans.csv
5858,1124,4,2024-11-28,2024-12-19,2024-11-30,2026-08-12T13:29:33.699965,loans.csv
805,1707,3,2024-09-06,2024-09-20,2024-09-25,2026-08-12T13:29:33.699965,loans.csv
4731,668,3,2024-02-20,2024-03-05,2024-03-01,2026-08-12T13:29:33.699965,loans.csv
8345,1077,1,2024-08-04,2024-08-18,2024-08-24,2026-08-12T13:29:33.699965,loans.csv
151,2355,1,2024-01-26,2024-02-09,2024-02-12,2026-08-12T13:29:33.699965,loans.csv
4898,1519,2,2023-01-19,2023-02-02,,2026-08-12T13:29:33.699965,loans.csv
7053,11,2,2022-05-27,2022-06-10,2022-06-05,2026-08-12T13:29:33.699965,loans.csv
8919,1661,1,2022-06-26,2022-07-10,2022-07-13,2026-08-12T13:29:33.699965,loans.csv
110,1068,1,2024-02-11,2024-02-25,,2026-08-12T13:29:33.699965,loans.csv
4905,276,9,2023-10-30,2023-11-20,2023-11-05,2026-08-12T13:29:33.699965,loans.csv
3325,2481,4,2024-12-11,2024-12-25,,2026-08-12T13:29:33.699965,loans.csv
1693,800,2,2023-02-21,2023-03-07,2023-02-28,2026-08-12T13:29:33.699965,loans.csv
2043,1060,1,2022-07-29,2022-08-12,,2026-08-12T13:29:33.699965,loans.csv
5074,2669,1,2024-11-06,2024-11-20,2024-11-16,2026-08-12T13:29:33.699965,loans.csv
6280,10,1,2023-03-21,2023-04-04,2023-03-25,2026-08-12T13:29:33.699965,loans.csv
9229,1067,4,2024-03-07,2024-03-21,2024-03-10,2026-08-12T13:29:33.699965,loans.csv
5261,1454,1,2020-07-10,2020-07-24,2020-07-25,2026-08-12T13:29:33.699965,loans.csv
3382,2514,12,2024-04-11,2024-05-02,2024-04-14,2026-08-12T13:29:33.699965,loans.csv
5668,1902,1,2021-11-19,2021-12-03,,2026-08-12T13:29:33.699965,loans.csv
2937,394,1,2024-10-12,2024-11-02,2024-10-18,2026-08-12T13:29:33.699965,loans.csv
3865,840,23,2024-07-13,2024-07-27,2024-08-13,2026-08-12T13:29:33.699965,loans.csv
589,517,1,2024-09-22,2024-10-06,2024-09-23,2026-08-12T13:29:33.699965,loans.csv
9495,910,9,2023-12-08,2023-12-22,,2026-08-12T13:29:33.699965,loans.csv
3371,1562,1,2024-01-11,2024-01-25,2024-01-13,2026-08-12T13:29:33.699965,loans.csv
6100,363,5,2021-01-17,2021-01-31,2021-01-25,2026-08-12T13:29:33.699965,loans.csv
2718,782,3,2024-05-31,2024-06-14,2024-06-01,2026-08-12T13:29:33.699965,loans.csv
2398,1716,3,2024-09-17,2024-10-01,,2026-08-12T13:29:33.699965,loans.csv
2437,1830,1,2022-11-12,2022-11-26,2022-12-18,2026-08-12T13:29:33.699965,loans.csv
4107,432,3,2024-07-08,2024-07-22,2024-07-12,2026-08-12T13:29:33.699965,loans.csv
3160,100,1,2023-08-04,2023-08-18,2023-08-14,2026-08-12T13:29:33.699965,loans.csv
501,572,6,2024-10-07,2024-10-21,2024-10-14,2026-08-12T13:29:33.699965,loans.csv
5353,1157,10,2022-10-18,2022-11-01,2022-10-27,2026-08-12T13:29:33.699965,loans.csv
7978,729,1,2024-09-02,2024-09-16,,2026-08-12T13:29:33.699965,loans.csv
1254,1912,15,2024-08-18,2024-09-08,2024-09-05,2026-08-12T13:29:33.699965,loans.csv
3235,2398,3,2023-01-11,2023-01-25,,2026-08-12T13:29:33.699965,loans.csv
7803,1789,2,2020-10-05,2020-10-19,2020-10-11,2026-08-12T13:29:33.699965,loans.csv
6713,715,9,2021-08-07,2021-08-21,2021-08-16,2026-08-12T13:29:33.699965,loans.csv
9590,1626,4,2023-03-05,2023-03-19,2023-03-14,2026-08-12T13:29:33.699965,loans.csv
1291,1767,1,2023-07-18,2023-08-01,2023-07-29,2026-08-12T13:29:33.699965,loans.csv
4845,1227,1,2023-10-16,2023-10-30,,2026-08-12T13:29:33.699965,loans.csv
4556,101,1,2024-05-22,2024-06-05,,2026-08-12T13:29:33.699965,loans.csv
3577,1767,1,2023-12-31,2024-01-21,2024-01-18,2026-08-12T13:29:33.699965,loans.csv
1479,865,1,2023-01-17,2023-01-31,2023-02-04,2026-08-12T13:29:33.699965,loans.csv
251,2190,9,2022-11-16,2022-11-30,2022-11-21,2026-08-12T13:29:33.699965,loans.csv
5348,1330,1,2024-10-26,2024-11-16,,2026-08-12T13:29:33.699965,loans.csv
613,849,1,2024-07-09,2024-07-23,2024-08-06,2026-08-12T13:29:33.699965,loans.csv
3504,612,8,2024-09-29,2024-10-20,2024-10-25,2026-08-12T13:29:33.699965,loans.csv
5333,1326,1,2022-09-29,2022-10-13,2022-10-04,2026-08-12T13:29:33.699965,loans.csv
853,171,121,2023-11-11,2023-11-25,2023-11-13,2026-08-12T13:29:33.699965,loans.csv
782,971,59,2024-03-13,2024-03-27,2024-04-19,2026-08-12T13:29:33.699965,loans.csv
6364,1118,10,2023-12-11,2023-12-25,2023-12-22,2026-08-12T13:29:33.699965,loans.csv
4011,1115,3,2024-02-23,2024-03-08,2024-03-07,2026-08-12T13:29:33.699965,loans.csv
3613,1191,1,2023-12-11,2024-01-01,2024-01-07,2026-08-12T13:29:33.699965,loans.csv
7521,132,1,2024-08-25,2024-09-08,2024-10-16,2026-08-12T13:29:33.699965,loans.csv
3085,1052,1,2023-09-21,2023-10-05,,2026-08-12T13:29:33.699965,loans.csv
7394,1976,11,2021-04-23,2021-05-07,2021-05-10,2026-08-12T13:29:33.699965,loans.csv
6523,195,7,2024-10-14,2024-10-28,2024-10-31,2026-08-12T13:29:33.699965,loans.csv
5818,2325,1,2023-07-05,2023-07-19,2023-07-23,2026-08-12T13:29:33.699965,loans.csv
5578,701,1,2024-01-03,2024-01-24,2024-01-16,2026-08-12T13:29:33.699965,loans.csv
3302,265,1,2020-05-14,2020-05-28,2020-05-21,2026-08-12T13:29:33.699965,loans.csv
285,2340,3,2023-06-22,2023-07-13,2023-07-03,2026-08-12T13:29:33.699965,loans.csv
4307,342,11,2024-04-30,2024-05-14,2024-05-18,2026-08-12T13:29:33.699965,loans.csv
4381,1149,32,2023-03-29,2023-04-12,2023-04-01,2026-08-12T13:29:33.699965,loans.csv
8081,358,1,2022-08-29,2022-09-12,2022-08-30,2026-08-12T13:29:33.699965,loans.csv
7406,1519,8,2023-05-28,2023-06-11,2023-06-13,2026-08-12T13:29:33.699965,loans.csv
1891,388,21,2023-01-06,2023-01-20,,2026-08-12T13:29:33.699965,loans.csv
6735,1890,3,2024-03-24,2024-04-14,2024-04-11,2026-08-12T13:29:33.699965,loans.csv
947,263,6,2024-11-22,2024-12-13,2024-11-29,2026-08-12T13:29:33.699965,loans.csv
5834,2775,4,2021-04-27,2021-05-11,2021-05-17,2026-08-12T13:29:33.699965,loans.csv
1339,679,1,2024-07-10,2024-07-24,2024-07-29,2026-08-12T13:29:33.699965,loans.csv
3471,2572,5,2022-10-05,2022-10-19,2022-10-14,2026-08-12T13:29:33.699965,loans.csv
4855,498,3,2024-12-04,2024-12-18,2024-12-15,2026-08-12T13:29:33.699965,loans.csv
2526,1727,1,2021-11-27,2021-12-11,2021-12-13,2026-08-12T13:29:33.699965,loans.csv
8488,2108,1,2024-12-17,2025-01-07,,2026-08-12T13:29:33.699965,loans.csv
1637,804,1,2024-11-28,2024-12-12,2024-11-30,2026-08-12T13:29:33.699965,loans.csv
6010,2108,1,2024-04-26,2024-05-10,2024-05-18,2026-08-12T13:29:33.699965,loans.csv
4814,1986,1,2023-12-10,2023-12-24,2023-12-20,2026-08-12T13:29:33.699965,loans.csv
7390,449,1,2022-10-10,2022-10-24,2022-10-14,2026-08-12T13:29:33.699965,loans.csv
9052,1287,13,2024-11-13,2024-11-27,2024-11-21,2026-08-12T13:29:33.699965,loans.csv
6258,888,6,2024-03-25,2024-04-08,2024-04-14,2026-08-12T13:29:33.699965,loans.csv
4753,1067,1,2024-12-04,2024-12-18,2024-12-19,2026-08-12T13:29:33.699965,loans.csv
3773,2252,2,2024-07-20,2024-08-03,2024-07-23,2026-08-12T13:29:33.699965,loans.csv
6119,2459,2,2024-06-30,2024-07-21,2024-07-11,2026-08-12T13:29:33.699965,loans.csv
90,2016,1,2023-12-20,2024-01-03,2024-01-05,2026-08-12T13:29:33.699965,loans.csv
3035,1005,5,2023-10-23,2023-11-06,2023-10-29,2026-08-12T13:29:33.699965,loans.csv
1627,27,1,2024-06-13,2024-06-27,2024-06-28,2026-08-12T13:29:33.699965,loans.csv
4372,261,1,2024-06-01,2024-06-15,2024-06-06,2026-08-12T13:29:33.699965,loans.csv
5290,2672,2,2024-11-04,2024-11-18,2024-11-18,2026-08-12T13:29:33.699965,loans.csv
1564,1326,2,2024-10-25,2024-11-08,,2026-08-12T13:29:33.699965,loans.csv
7445,2028,2,2024-08-27,2024-09-10,2024-08-28,2026-08-12T13:29:33.699965,loans.csv
5866,560,2,2024-09-04,2024-09-18,2024-09-21,2026-08-12T13:29:33.699965,loans.csv
1180,2626,8,2024-10-12,2024-10-26,2024-10-23,2026-08-12T13:29:33.699965,loans.csv
8279,398,7,2023-10-29,2023-11-12,2023-11-01,2026-08-12T13:29:33.699965,loans.csv
6387,369,72,2022-12-20,2023-01-03,2022-12-22,2026-08-12T13:29:33.699965,loans.csv
4293,1247,2,2021-08-04,2021-08-25,2021-08-27,2026-08-12T13:29:33.699965,loans.csv
3853,2167,1,2023-01-01,2023-01-15,2023-01-13,2026-08-12T13:29:33.699965,loans.csv
5603,2673,1,2024-03-03,2024-03-17,2024-03-16,2026-08-12T13:29:33.699965,loans.csv
5391,2701,1,2024-10-21,2024-11-04,2024-10-30,2026-08-12T13:29:33.699965,loans.csv
2095,286,1,2024-06-11,2024-06-25,,2026-08-12T13:29:33.699965,loans.csv
7017,594,5,2024-06-09,2024-06-23,2024-06-21,2026-08-12T13:29:33.699965,loans.csv
4113,187,2,2023-07-12,2023-08-02,2023-08-06,2026-08-12T13:29:33.699965,loans.csv
2962,1480,2,2024-01-09,2024-01-23,2024-01-10,2026-08-12T13:29:33.699965,loans.csv
2600,2119,4,2023-06-15,2023-06-29,2023-06-24,2026-08-12T13:29:33.699965,loans.csv
3123,2459,7,2024-12-05,2024-12-19,2024-12-08,2026-08-12T13:29:33.699965,loans.csv
2330,1254,22,2022-06-08,2022-06-22,2022-06-11,2026-08-12T13:29:33.699965,loans.csv
1613,417,2,2024-05-03,2024-05-17,2024-05-12,2026-08-12T13:29:33.699965,loans.csv
5026,580,2,2024-09-10,2024-09-24,2024-09-22,2026-08-12T13:29:33.699965,loans.csv
4252,683,14,2022-05-08,2022-05-22,2022-05-16,2026-08-12T13:29:33.699965,loans.csv
46,276,13,2023-01-22,2023-02-05,2023-01-26,2026-08-12T13:29:33.699965,loans.csv
2970,2394,2,2024-10-25,2024-11-08,2024-11-07,2026-08-12T13:29:33.699965,loans.csv
5470,1226,1,2022-10-28,2022-11-11,,2026-08-12T13:29:33.699965,loans.csv
2632,1842,3,2023-11-29,2023-12-13,2024-01-04,2026-08-12T13:29:33.699965,loans.csv
266,552,1,2022-02-01,2022-02-15,2022-02-07,2026-08-12T13:29:33.699965,loans.csv
9556,1440,3,2023-05-07,2023-05-21,2023-05-14,2026-08-12T13:29:33.699965,loans.csv
9000,1290,3,2022-10-28,2022-11-11,2022-11-05,2026-08-12T13:29:33.699965,loans.csv
579,714,18,2023-10-29,2023-11-12,2023-11-09,2026-08-12T13:29:33.699965,loans.csv
146,923,1,2024-06-07,2024-06-21,2024-06-18,2026-08-12T13:29:33.699965,loans.csv
5377,1715,77,2024-10-14,2024-11-04,2024-11-25,2026-08-12T13:29:33.699965,loans.csv
5706,2010,1,2022-01-20,2022-02-03,2022-01-27,2026-08-12T13:29:33.699965,loans.csv
6930,717,1,2022-09-24,2022-10-08,2022-10-24,2026-08-12T13:29:33.699965,loans.csv
8592,339,9,2024-12-12,2024-12-26,,2026-08-12T13:29:33.699965,loans.csv
8210,1631,1,2024-03-31,2024-04-14,2024-04-12,2026-08-12T13:29:33.699965,loans.csv
9560,1712,2,2024-08-30,2024-09-13,,2026-08-12T13:29:33.699965,loans.csv
8135,1056,2,2024-04-22,2024-05-06,2024-05-02,2026-08-12T13:29:33.699965,loans.csv
1318,2746,1,2022-03-11,2022-03-25,2022-03-29,2026-08-12T13:29:33.699965,loans.csv
7684,1402,30,2022-06-03,2022-06-17,2022-06-05,2026-08-12T13:29:33.699965,loans.csv
3398,2204,4,2023-07-08,2023-07-22,2023-07-09,2026-08-12T13:29:33.699965,loans.csv
7614,2012,22,2023-01-08,2023-01-22,2023-01-24,2026-08-12T13:29:33.699965,loans.csv
648,1119,2,2023-02-26,2023-03-12,,2026-08-12T13:29:33.699965,loans.csv
7608,588,1,2023-07-26,2023-08-09,2023-07-29,2026-08-12T13:29:33.699965,loans.csv
4651,1330,1,2024-03-27,2024-04-10,2024-05-13,2026-08-12T13:29:33.699965,loans.csv
425,1760,35,2023-07-18,2023-08-08,,2026-08-12T13:29:33.699965,loans.csv
1124,1645,1,2024-05-15,2024-05-29,2024-05-29,2026-08-12T13:29:33.699965,loans.csv
4635,1529,1,2023-02-11,2023-02-25,2023-03-04,2026-08-12T13:29:33.699965,loans.csv
3802,1852,4,2024-11-28,2024-12-12,2024-12-04,2026-08-12T13:29:33.699965,loans.csv
1482,2659,1,2021-11-18,2021-12-02,2021-12-27,2026-08-12T13:29:33.699965,loans.csv
1752,1018,1,2021-03-08,2021-03-29,,2026-08-12T13:29:33.699965,loans.csv
4763,2522,3,2024-11-01,2024-11-15,2024-11-17,2026-08-12T13:29:33.699965,loans.csv
5793,1349,1,2022-08-23,2022-09-06,2022-08-31,2026-08-12T13:29:33.699965,loans.csv
428,1291,2,2022-05-14,2022-05-28,2022-05-26,2026-08-12T13:29:33.699965,loans.csv
6917,2170,1,2024-11-18,2024-12-02,2024-12-03,2026-08-12T13:29:33.699965,loans.csv
3070,2183,1,2024-06-07,2024-06-28,2024-06-15,2026-08-12T13:29:33.699965,loans.csv
2195,39,1,2023-11-13,2023-11-27,,2026-08-12T13:29:33.699965,loans.csv
2950,1239,1,2024-08-09,2024-08-23,2024-08-11,2026-08-12T13:29:33.699965,loans.csv
8390,226,1,2024-12-23,2025-01-06,,2026-08-12T13:29:33.699965,loans.csv
3827,628,2,2022-07-03,2022-07-17,2022-07-10,2026-08-12T13:29:33.699965,loans.csv
6446,1653,1,2024-03-28,2024-04-11,2024-05-23,2026-08-12T13:29:33.699965,loans.csv
3451,1102,1,2024-10-18,2024-11-01,,2026-08-12T13:29:33.699965,loans.csv
3245,1371,1,2024-07-26,2024-08-09,2024-08-15,2026-08-12T13:29:33.699965,loans.csv
5716,2764,33,2020-03-19,2020-04-02,2020-04-01,2026-08-12T13:29:33.699965,loans.csv
4204,1795,1,2024-07-02,2024-07-23,2024-07-03,2026-08-12T13:29:33.699965,loans.csv
1667,2057,96,2024-08-01,2024-08-15,2024-08-14,2026-08-12T13:29:33.699965,loans.csv
5898,1323,1,2023-05-05,2023-05-26,,2026-08-12T13:29:33.699965,loans.csv
2547,2790,1,2021-02-18,2021-03-04,2021-03-02,2026-08-12T13:29:33.699965,loans.csv
9610,2680,2,2020-11-18,2020-12-02,2020-11-22,2026-08-12T13:29:33.699965,loans.csv
7040,1058,1,2024-05-18,2024-06-01,2024-05-31,2026-08-12T13:29:33.699965,loans.csv
2566,2591,1,2020-08-21,2020-09-04,2020-08-27,2026-08-12T13:29:33.699965,loans.csv
8813,2186,1,2024-10-14,2024-10-28,2024-10-25,2026-08-12T13:29:33.699965,loans.csv
340,2538,1,2022-04-01,2022-04-15,2022-04-11,2026-08-12T13:29:33.699965,loans.csv
83,169,3,2022-01-09,2022-01-23,,2026-08-12T13:29:33.699965,loans.csv
5144,914,1,2023-04-07,2023-04-21,2023-04-19,2026-08-12T13:29:33.699965,loans.csv
7626,129,17,2023-11-15,2023-11-29,2023-11-21,2026-08-12T13:29:33.699965,loans.csv
1452,421,3,2021-09-01,2021-09-22,2021-09-19,2026-08-12T13:29:33.699965,loans.csv
7656,715,2,2024-05-23,2024-06-06,,2026-08-12T13:29:33.699965,loans.csv
1735,1296,17,2024-12-26,2025-01-09,,2026-08-12T13:29:33.699965,loans.csv
8313,800,69,2024-02-06,2024-02-20,2024-02-16,2026-08-12T13:29:33.699965,loans.csv
7303,1798,1,2023-10-21,2023-11-04,2023-10-27,2026-08-12T13:29:33.699965,loans.csv
4779,1759,4,2024-04-20,2024-05-04,2024-05-02,2026-08-12T13:29:33.699965,loans.csv
6695,2558,13,2021-06-23,2021-07-07,2021-07-31,2026-08-12T13:29:33.699965,loans.csv
766,1592,9,2024-02-04,2024-02-18,2024-02-15,2026-08-12T13:29:33.699965,loans.csv
8048,1276,1,2024-07-31,2024-08-14,2024-08-03,2026-08-12T13:29:33.699965,loans.csv
60,1042,1,2023-08-21,2023-09-04,2023-08-30,2026-08-12T13:29:33.699965,loans.csv
983,1766,39,2024-11-12,2024-11-26,2024-11-14,2026-08-12T13:29:33.699965,loans.csv
3062,966,15,2023-06-24,2023-07-08,2023-07-20,2026-08-12T13:29:33.699965,loans.csv
7696,1062,1,2024-01-08,2024-01-22,2024-01-18,2026-08-12T13:29:33.699965,loans.csv
7874,1582,1,2023-10-06,2023-10-20,,2026-08-12T13:29:33.699965,loans.csv
8664,336,2,2023-10-05,2023-10-19,2023-10-17,2026-08-12T13:29:33.699965,loans.csv
9249,2428,1,2023-02-23,2023-03-09,2023-03-07,2026-08-12T13:29:33.699965,loans.csv
7739,1998,1,2024-05-18,2024-06-01,2024-05-24,2026-08-12T13:29:33.699965,loans.csv
5346,1412,8,2024-10-11,2024-10-25,2024-10-13,2026-08-12T13:29:33.699965,loans.csv
4989,2139,1,2024-08-02,2024-08-16,2024-08-13,2026-08-12T13:29:33.699965,loans.csv
2436,1534,56,2023-04-15,2023-04-29,2023-04-27,2026-08-12T13:29:33.699965,loans.csv
8249,2351,6,2022-10-01,2022-10-15,2022-10-02,2026-08-12T13:29:33.699965,loans.csv
4152,2520,3,2022-05-01,2022-05-15,2022-05-08,2026-08-12T13:29:33.699965,loans.csv
4972,11,1,2024-07-26,2024-08-09,2024-08-06,2026-08-12T13:29:33.699965,loans.csv
979,2106,1,2022-05-13,2022-05-27,2022-06-24,2026-08-12T13:29:33.699965,loans.csv
4154,1465,1,2024-10-02,2024-10-16,,2026-08-12T13:29:33.699965,loans.csv
4734,254,11,2023-11-14,2023-11-28,2023-11-29,2026-08-12T13:29:33.699965,loans.csv
1296,264,1,2024-11-07,2024-11-21,,2026-08-12T13:29:33.699965,loans.csv
5131,871,3,2023-12-31,2024-01-14,2024-01-13,2026-08-12T13:29:33.699965,loans.csv
1412,2088,2,2024-06-23,2024-07-07,2024-06-29,2026-08-12T13:29:33.699965,loans.csv
8954,1833,5,2020-06-12,2020-06-26,,2026-08-12T13:29:33.699965,loans.csv
1428,2310,1,2021-02-28,2021-03-14,2021-03-12,2026-08-12T13:29:33.699965,loans.csv
4799,2111,2,2024-12-11,2024-12-25,,2026-08-12T13:29:33.699965,loans.csv
6775,1554,1,2024-03-12,2024-03-26,2024-04-01,2026-08-12T13:29:33.699965,loans.csv
787,1186,5,2022-08-23,2022-09-13,,2026-08-12T13:29:33.699965,loans.csv
6973,461,5,2024-03-17,2024-03-31,2024-03-19,2026-08-12T13:29:33.699965,loans.csv
8252,745,1,2022-02-14,2022-02-28,2022-02-24,2026-08-12T13:29:33.699965,loans.csv
5664,2322,1,2023-07-27,2023-08-10,2023-08-04,2026-08-12T13:29:33.699965,loans.csv
395,146,1,2024-09-16,2024-09-30,2024-10-01,2026-08-12T13:29:33.699965,loans.csv
1039,814,4,2020-03-21,2020-04-04,2020-03-30,2026-08-12T13:29:33.699965,loans.csv
5853,2305,9,2024-02-24,2024-03-09,2024-03-01,2026-08-12T13:29:33.699965,loans.csv
4557,1847,1,2024-09-10,2024-09-24,2024-09-21,2026-08-12T13:29:33.699965,loans.csv
5725,388,42,2024-07-30,2024-08-13,2024-08-06,2026-08-12T13:29:33.699965,loans.csv
6166,1141,44,2024-07-06,2024-07-20,2024-07-07,2026-08-12T13:29:33.699965,loans.csv
6241,2399,1,2021-12-08,2021-12-22,2021-12-20,2026-08-12T13:29:33.699965,loans.csv
169,2022,11,2022-07-22,2022-08-05,2022-08-08,2026-08-12T13:29:33.699965,loans.csv
5078,1415,3,2021-06-09,2021-06-23,2021-06-10,2026-08-12T13:29:33.699965,loans.csv
1327,1115,1,2023-07-30,2023-08-13,2023-08-04,2026-08-12T13:29:33.699965,loans.csv
3315,1021,5,2024-11-26,2024-12-10,2024-12-05,2026-08-12T13:29:33.699965,loans.csv
184,1859,3,2024-10-30,2024-11-13,2024-11-07,2026-08-12T13:29:33.699965,loans.csv
5355,1691,5,2024-05-15,2024-05-29,,2026-08-12T13:29:33.699965,loans.csv
9130,2460,10,2024-11-16,2024-11-30,2024-12-02,2026-08-12T13:29:33.699965,loans.csv
854,189,1,2023-10-06,2023-10-20,2023-10-07,2026-08-12T13:29:33.699965,loans.csv
7598,1759,4,2024-09-28,2024-10-12,2024-10-11,2026-08-12T13:29:33.699965,loans.csv
6116,1748,1,2023-03-23,2023-04-13,2023-05-01,2026-08-12T13:29:33.699965,loans.csv
3909,2331,9,2024-04-11,2024-04-25,2024-05-02,2026-08-12T13:29:33.699965,loans.csv
3719,2668,4,2024-08-02,2024-08-16,2024-09-05,2026-08-12T13:29:33.699965,loans.csv
2995,264,1,2024-10-17,2024-10-31,2024-10-26,2026-08-12T13:29:33.699965,loans.csv
4888,2538,1,2024-09-15,2024-09-09,2024-10-01,2026-08-12T13:29:33.699965,loans.csv
6547,17,41,2023-12-30,2024-01-13,2024-01-01,2026-08-12T13:29:33.699965,loans.csv
6921,1671,8,2023-10-19,2023-11-02,2023-11-02,2026-08-12T13:29:33.699965,loans.csv
446,2257,2,2024-01-17,2024-01-31,,2026-08-12T13:29:33.699965,loans.csv
3782,388,6,2024-05-22,2024-06-05,2024-06-12,2026-08-12T13:29:33.699965,loans.csv
6045,612,1,2021-04-05,2021-04-19,,2026-08-12T13:29:33.699965,loans.csv
4300,1555,4,2020-07-04,2020-07-18,2020-07-24,2026-08-12T13:29:33.699965,loans.csv
7388,2025,1,2022-05-27,2022-06-10,2022-05-31,2026-08-12T13:29:33.699965,loans.csv
1275,2386,5,2023-05-22,2023-06-05,2023-06-11,2026-08-12T13:29:33.699965,loans.csv
7638,911,1,2024-09-05,2024-09-26,2024-09-22,2026-08-12T13:29:33.699965,loans.csv
8225,1109,5,2024-09-23,2024-10-07,,2026-08-12T13:29:33.699965,loans.csv
8681,1239,37,2024-07-11,2024-07-25,2024-08-01,2026-08-12T13:29:33.699965,loans.csv
8034,1093,53,2023-06-26,2023-07-17,,2026-08-12T13:29:33.699965,loans.csv
121,627,1,2020-04-05,2020-04-26,2020-04-11,2026-08-12T13:29:33.699965,loans.csv
3215,1487,1,2024-07-20,2024-08-03,2024-08-05,2026-08-12T13:29:33.699965,loans.csv
1424,2293,2,2023-07-10,2023-07-24,,2026-08-12T13:29:33.699965,loans.csv
1403,2268,1,2022-08-15,2022-08-29,2022-08-31,2026-08-12T13:29:33.699965,loans.csv
6108,2722,9,2024-12-17,2024-12-31,,2026-08-12T13:29:33.699965,loans.csv
5474,363,1,2021-12-08,2021-12-22,2021-12-26,2026-08-12T13:29:33.699965,loans.csv
668,15,1,2022-09-29,2022-10-13,2022-10-10,2026-08-12T13:29:33.699965,loans.csv
1470,2796,2,2024-07-24,2024-08-07,2024-08-10,2026-08-12T13:29:33.699965,loans.csv
4392,1801,36,2023-08-31,2023-09-21,2023-09-24,2026-08-12T13:29:33.699965,loans.csv
4365,1004,1,2024-10-27,2024-11-10,2024-11-10,2026-08-12T13:29:33.699965,loans.csv
237,1068,4,2024-03-20,2024-04-03,2024-03-28,2026-08-12T13:29:33.699965,loans.csv
1188,796,1,2024-10-09,2024-10-23,,2026-08-12T13:29:33.699965,loans.csv
3916,2220,39,2024-07-04,2024-07-18,2024-07-09,2026-08-12T13:29:33.699965,loans.csv
4455,800,1,2022-07-13,2022-07-27,2022-08-02,2026-08-12T13:29:33.699965,loans.csv
1798,280,188,2023-07-01,2023-07-15,2023-07-18,2026-08-12T13:29:33.699965,loans.csv
4998,524,2,2023-08-26,2023-09-09,,2026-08-12T13:29:33.699965,loans.csv
3419,756,1,2023-08-23,2023-09-06,2023-09-04,2026-08-12T13:29:33.699965,loans.csv
906,2626,91,2024-10-14,2024-10-28,2024-11-01,2026-08-12T13:29:33.699965,loans.csv
2902,384,1,2022-09-07,2022-09-21,2022-09-22,2026-08-12T13:29:33.699965,loans.csv
4127,169,111,2021-04-11,2021-04-25,2021-04-30,2026-08-12T13:29:33.699965,loans.csv
5489,2372,21,2024-05-02,2024-05-16,2024-05-16,2026-08-12T13:29:33.699965,loans.csv
680,2115,6,2024-07-22,2024-08-05,2024-07-31,2026-08-12T13:29:33.699965,loans.csv
4447,1334,13,2023-06-28,2023-07-12,2023-07-13,2026-08-12T13:29:33.699965,loans.csv
4928,846,1,2023-06-06,2023-06-20,2023-06-18,2026-08-12T13:29:33.699965,loans.csv
1268,2216,2,2020-02-24,2020-03-09,2020-03-04,2026-08-12T13:29:33.699965,loans.csv
7307,277,2,2022-07-14,2022-07-28,,2026-08-12T13:29:33.699965,loans.csv
2476,1013,3,2024-08-22,2024-09-05,2024-08-31,2026-08-12T13:29:33.699965,loans.csv
3007,2591,2,2021-01-23,2021-02-06,2021-02-21,2026-08-12T13:29:33.699965,loans.csv
1531,276,2,2023-11-14,2023-11-28,2023-11-26,2026-08-12T13:29:33.699965,loans.csv
9365,447,35,2024-07-01,2024-07-15,,2026-08-12T13:29:33.699965,loans.csv
9057,1323,22,2024-12-22,2025-01-05,,2026-08-12T13:29:33.699965,loans.csv
286,446,119,2024-11-25,2024-12-09,,2026-08-12T13:29:33.699965,loans.csv
2074,184,2,2023-12-22,2024-01-05,2023-12-30,2026-08-12T13:29:33.699965,loans.csv
622,1027,6,2023-02-02,2023-02-16,2023-02-05,2026-08-12T13:29:33.699965,loans.csv
4475,655,2,2023-04-22,2023-05-13,2023-05-22,2026-08-12T13:29:33.699965,loans.csv
454,276,1,2022-06-01,2022-06-22,,2026-08-12T13:29:33.699965,loans.csv
6466,540,10,2024-12-04,2024-12-18,2024-12-09,2026-08-12T13:29:33.699965,loans.csv
1877,1130,8,2024-08-16,2024-08-30,2024-08-26,2026-08-12T13:29:33.699965,loans.csv
2284,276,1,2024-11-15,2024-11-29,,2026-08-12T13:29:33.699965,loans.csv
1505,2086,12,2022-01-18,2022-02-08,2022-01-25,2026-08-12T13:29:33.699965,loans.csv
3687,2771,1,2024-06-15,2024-06-29,,2026-08-12T13:29:33.699965,loans.csv
665,150,2,2024-08-05,2024-08-26,,2026-08-12T13:29:33.699965,loans.csv
5732,1719,1,2023-09-23,2023-10-07,,2026-08-12T13:29:33.699965,loans.csv
5159,3,2,2021-02-15,2021-03-01,2021-02-24,2026-08-12T13:29:33.699965,loans.csv
1542,2397,2,2024-07-19,2024-08-02,2024-08-05,2026-08-12T13:29:33.699965,loans.csv
3532,602,1,2022-10-27,2022-11-10,2022-11-09,2026-08-12T13:29:33.699965,loans.csv
8254,655,20,2022-04-02,2022-03-24,,2026-08-12T13:29:33.699965,loans.csv
9524,1141,2,2021-08-20,2021-09-03,2021-08-23,2026-08-12T13:29:33.699965,loans.csv
5993,2086,6,2021-07-08,2021-07-29,2021-07-24,2026-08-12T13:29:33.699965,loans.csv
1303,1999,12,2024-06-15,2024-06-29,,2026-08-12T13:29:33.699965,loans.csv
9400,1769,49,2021-10-02,2021-10-16,2021-10-13,2026-08-12T13:29:33.699965,loans.csv
569,918,1,2024-02-27,2024-03-12,,2026-08-12T13:29:33.699965,loans.csv
928,2691,6,2024-09-18,2024-10-02,2024-10-06,2026-08-12T13:29:33.699965,loans.csv
1265,108,1,2024-12-04,2024-12-18,2024-12-13,2026-08-12T13:29:33.699965,loans.csv
1734,304,3,2021-02-09,2021-02-23,2021-02-19,2026-08-12T13:29:33.699965,loans.csv
6356,1967,2,2020-09-18,2020-10-09,2020-09-29,2026-08-12T13:29:33.699965,loans.csv
6539,1657,169,2024-09-07,2024-09-21,2024-09-17,2026-08-12T13:29:33.699965,loans.csv
6206,2748,25,2022-02-09,2022-02-23,2022-02-10,2026-08-12T13:29:33.699965,loans.csv
6998,461,2,2022-10-17,2022-10-31,2022-10-28,2026-08-12T13:29:33.699965,loans.csv
2293,1255,8,2024-12-08,2024-12-22,2024-12-09,2026-08-12T13:29:33.699965,loans.csv
7270,1017,3,2022-12-12,2023-01-02,2022-12-28,2026-08-12T13:29:33.699965,loans.csv
4335,1762,1,2024-01-02,2024-01-16,2024-01-22,2026-08-12T13:29:33.699965,loans.csv
5763,2764,9,2020-01-13,2020-01-27,2020-02-01,2026-08-12T13:29:33.699965,loans.csv
869,2052,1,2022-08-30,2022-09-13,2022-09-13,2026-08-12T13:29:33.699965,loans.csv
3093,861,7,2021-04-06,2021-04-20,2021-04-23,2026-08-12T13:29:33.699965,loans.csv
6485,804,6,2024-08-04,2024-08-18,2024-08-13,2026-08-12T13:29:33.699965,loans.csv
1960,841,1,2024-12-18,2025-01-01,,2026-08-12T13:29:33.699965,loans.csv
6442,1223,1,2021-02-01,2021-02-15,,2026-08-12T13:29:33.699965,loans.csv
8163,2335,3,2024-03-25,2024-04-15,2024-04-05,2026-08-12T13:29:33.699965,loans.csv
1218,1752,3,2023-09-29,2023-10-13,2023-10-14,2026-08-12T13:29:33.699965,loans.csv
6593,71,82,2024-05-26,2024-06-09,2024-06-13,2026-08-12T13:29:33.699965,loans.csv
7175,470,3,2023-02-28,2023-03-14,2023-03-14,2026-08-12T13:29:33.699965,loans.csv
6542,1491,2,2024-10-28,2024-11-11,2024-11-03,2026-08-12T13:29:33.699965,loans.csv
9033,1319,2,2023-10-14,2023-10-28,2023-10-16,2026-08-12T13:29:33.699965,loans.csv
2013,2050,1,2024-06-15,2024-06-29,2024-06-17,2026-08-12T13:29:33.699965,loans.csv
6997,888,5,2024-07-25,2024-08-15,2024-08-03,2026-08-12T13:29:33.699965,loans.csv
7443,1898,1,2020-09-05,2020-09-19,2020-09-07,2026-08-12T13:29:33.699965,loans.csv
565,1942,63,2024-10-31,2024-10-24,2024-11-13,2026-08-12T13:29:33.699965,loans.csv
3205,1236,104,2024-07-02,2024-07-16,2024-07-08,2026-08-12T13:29:33.699965,loans.csv
1659,2526,1,2024-08-23,2024-09-06,2024-08-31,2026-08-12T13:29:33.699965,loans.csv
6383,1697,64,2024-07-18,2024-08-01,2024-08-05,2026-08-12T13:29:33.699965,loans.csv
4702,1156,1,2024-05-11,2024-05-25,2024-05-21,2026-08-12T13:29:33.699965,loans.csv
319,336,2,2024-11-25,2024-11-19,2024-12-09,2026-08-12T13:29:33.699965,loans.csv
639,466,1,2021-05-09,2021-05-30,2021-05-25,2026-08-12T13:29:33.699965,loans.csv
827,2472,1,2023-07-20,2023-08-03,2023-08-06,2026-08-12T13:29:33.699965,loans.csv
2925,2597,1,2023-10-17,2023-10-31,2023-11-02,2026-08-12T13:29:33.699965,loans.csv
599,2473,5,2020-12-19,2021-01-02,,2026-08-12T13:29:33.699965,loans.csv
4672,1628,17,2024-11-10,2024-11-24,2024-11-19,2026-08-12T13:29:33.699965,loans.csv
253,2199,2,2024-04-27,2024-05-11,2024-05-04,2026-08-12T13:29:33.699965,loans.csv
3779,1501,3,2024-06-23,2024-07-07,2024-07-09,2026-08-12T13:29:33.699965,loans.csv
467,1304,18,2024-08-19,2024-09-02,2024-08-26,2026-08-12T13:29:33.699965,loans.csv
8849,1494,1,2024-11-07,2024-11-21,2024-11-20,2026-08-12T13:29:33.699965,loans.csv
2278,1484,1,2024-12-12,2024-12-26,,2026-08-12T13:29:33.699965,loans.csv
3706,2250,7,2024-08-22,2024-09-12,2024-09-09,2026-08-12T13:29:33.699965,loans.csv
6201,2398,1,2022-08-26,2022-09-09,2022-09-02,2026-08-12T13:29:33.699965,loans.csv
603,61,43,2024-03-30,2024-04-13,2024-03-31,2026-08-12T13:29:33.699965,loans.csv
3087,586,1,2024-09-13,2024-10-04,2024-09-18,2026-08-12T13:29:33.699965,loans.csv
1212,2328,1,2022-03-31,2022-04-21,,2026-08-12T13:29:33.699965,loans.csv
5163,2090,1,2024-11-20,2024-12-04,2024-11-24,2026-08-12T13:29:33.699965,loans.csv
8588,363,2,2020-03-21,2020-04-04,2020-04-07,2026-08-12T13:29:33.699965,loans.csv
6129,1109,1,2023-09-26,2023-10-10,2023-10-04,2026-08-12T13:29:33.699965,loans.csv
1506,1684,2,2023-11-04,2023-11-18,2023-11-05,2026-08-12T13:29:33.699965,loans.csv
1574,2003,5,2021-10-20,2021-11-03,,2026-08-12T13:29:33.699965,loans.csv
1182,904,1,2022-05-28,2022-06-11,2022-06-10,2026-08-12T13:29:33.699965,loans.csv
5370,1469,28,2024-03-27,2024-04-17,2024-04-14,2026-08-12T13:29:33.699965,loans.csv
2541,2377,1,2023-08-07,2023-07-24,2023-08-14,2026-08-12T13:29:33.699965,loans.csv
6797,800,1,2024-06-25,2024-07-09,2024-06-29,2026-08-12T13:29:33.699965,loans.csv
3741,2786,10,2020-09-10,2020-09-24,2020-09-19,2026-08-12T13:29:33.699965,loans.csv
6650,39,2,2021-03-11,2021-03-25,2021-03-16,2026-08-12T13:29:33.699965,loans.csv
628,1058,1,2023-05-23,2023-06-06,,2026-08-12T13:29:33.699965,loans.csv
3303,1751,1,2023-12-12,2023-12-26,,2026-08-12T13:29:33.699965,loans.csv
3497,867,1,2022-12-01,2022-12-15,2022-12-14,2026-08-12T13:29:33.699965,loans.csv
8228,2201,2,2020-12-28,2021-01-11,2021-01-13,2026-08-12T13:29:33.699965,loans.csv
1005,328,37,2024-08-21,2024-09-04,,2026-08-12T13:29:33.699965,loans.csv
3739,209,2,2022-09-20,2022-10-04,2022-10-03,2026-08-12T13:29:33.699965,loans.csv
5701,1900,34,2022-10-16,2022-10-30,2022-11-04,2026-08-12T13:29:33.699965,loans.csv
8398,1605,1,2024-08-14,2024-08-28,2024-08-24,2026-08-12T13:29:33.699965,loans.csv
8310,2212,38,2022-05-24,2022-06-07,2022-06-14,2026-08-12T13:29:33.699965,loans.csv
8277,2468,83,2022-11-30,2022-12-14,2022-12-04,2026-08-12T13:29:33.699965,loans.csv
5218,2133,1,2024-01-18,2024-02-01,2024-01-20,2026-08-12T13:29:33.699965,loans.csv
7174,620,1,2022-02-23,2022-03-09,,2026-08-12T13:29:33.699965,loans.csv
2337,1501,1,2021-08-06,2021-08-20,2021-08-17,2026-08-12T13:29:33.699965,loans.csv
768,1569,2,2021-07-15,2021-07-29,2021-07-20,2026-08-12T13:29:33.699965,loans.csv
9362,2200,1,2021-04-30,2021-05-14,2021-05-11,2026-08-12T13:29:33.699965,loans.csv
3847,67,4,2024-04-14,2024-04-28,2024-04-30,2026-08-12T13:29:33.699965,loans.csv
1410,2786,1,2022-09-06,2022-09-20,2022-09-11,2026-08-12T13:29:33.699965,loans.csv
5314,2791,1,2022-06-18,2022-07-02,2022-07-02,2026-08-12T13:29:33.699965,loans.csv
1516,249,2,2021-06-05,2021-06-19,2021-06-11,2026-08-12T13:29:33.699965,loans.csv
5768,1611,36,2022-10-24,2022-11-07,2022-11-09,2026-08-12T13:29:33.699965,loans.csv
6780,264,31,2024-11-02,2024-11-16,2024-11-16,2026-08-12T13:29:33.699965,loans.csv
907,1169,34,2024-05-14,2024-05-28,2024-05-29,2026-08-12T13:29:33.699965,loans.csv
5384,883,1,2023-12-28,2024-01-11,2023-12-30,2026-08-12T13:29:33.699965,loans.csv
6794,660,1,2023-10-12,2023-10-26,2023-10-25,2026-08-12T13:29:33.699965,loans.csv
7293,667,1,2024-07-28,2024-08-11,2024-08-09,2026-08-12T13:29:33.699965,loans.csv
3064,1230,15,2023-01-05,2023-01-19,2023-01-14,2026-08-12T13:29:33.699965,loans.csv
2876,721,1,2022-09-30,2022-10-14,2022-10-02,2026-08-12T13:29:33.699965,loans.csv
4005,1091,1,2020-11-02,2020-11-23,2020-12-04,2026-08-12T13:29:33.699965,loans.csv
6468,805,6,2024-07-25,2024-08-08,2024-08-09,2026-08-12T13:29:33.699965,loans.csv
1553,2377,1,2023-10-02,2023-10-23,2023-10-20,2026-08-12T13:29:33.699965,loans.csv
1035,2147,3,2020-05-09,2020-05-23,2020-05-17,2026-08-12T13:29:33.699965,loans.csv
5281,1610,6,2023-11-18,2023-12-09,2023-12-22,2026-08-12T13:29:33.699965,loans.csv
8194,2129,4,2022-09-24,2022-10-08,2022-10-06,2026-08-12T13:29:33.699965,loans.csv
6812,729,15,2024-07-13,2024-08-03,2024-07-31,2026-08-12T13:29:33.699965,loans.csv
4488,2756,1,2024-06-17,2024-06-13,2024-07-12,2026-08-12T13:29:33.699965,loans.csv
1665,851,1,2023-06-06,2023-06-20,2023-06-14,2026-08-12T13:29:33.699965,loans.csv
4610,2117,7,2020-07-09,2020-07-23,2020-07-30,2026-08-12T13:29:33.699965,loans.csv
7998,468,1,2022-06-10,2022-06-24,2022-06-20,2026-08-12T13:29:33.699965,loans.csv
1234,1491,1,2024-12-15,2025-01-05,,2026-08-12T13:29:33.699965,loans.csv
2264,614,1,2024-07-10,2024-07-31,2024-07-18,2026-08-12T13:29:33.699965,loans.csv
558,489,10,2022-06-14,2022-06-05,2022-07-02,2026-08-12T13:29:33.699965,loans.csv
8568,1836,13,2022-02-17,2022-03-03,2022-02-24,2026-08-12T13:29:33.699965,loans.csv
9208,99,1,2023-01-03,2023-01-17,2023-01-06,2026-08-12T13:29:33.699965,loans.csv
1307,1292,6,2023-02-04,2023-02-18,2023-02-07,2026-08-12T13:29:33.699965,loans.csv
2568,2327,1,2024-05-11,2024-05-25,,2026-08-12T13:29:33.699965,loans.csv
8182,1518,3,2022-02-17,2022-03-03,,2026-08-12T13:29:33.699965,loans.csv
8627,85,1,2024-09-19,2024-10-03,2024-10-10,2026-08-12T13:29:33.699965,loans.csv
1267,2745,2,2024-04-28,2024-05-12,2024-05-10,2026-08-12T13:29:33.699965,loans.csv
8763,882,1,2024-11-10,2024-11-24,2024-11-16,2026-08-12T13:29:33.699965,loans.csv
4650,1314,2,2021-02-24,2021-03-17,2021-03-09,2026-08-12T13:29:33.699965,loans.csv
6710,1694,1,2024-08-15,2024-08-29,2024-09-05,2026-08-12T13:29:33.699965,loans.csv
5632,1118,1,2024-11-11,2024-11-25,2024-11-14,2026-08-12T13:29:33.699965,loans.csv
6203,403,6,2022-05-05,2022-05-26,2022-05-06,2026-08-12T13:29:33.699965,loans.csv
6948,1697,1,2022-12-01,2022-12-15,2022-12-10,2026-08-12T13:29:33.699965,loans.csv
7488,871,4,2024-05-12,2024-05-26,,2026-08-12T13:29:33.699965,loans.csv
8083,1149,2,2020-01-05,2020-01-19,2020-01-17,2026-08-12T13:29:33.699965,loans.csv
2414,773,1,2021-08-27,2021-09-17,2021-08-30,2026-08-12T13:29:33.699965,loans.csv
5513,1421,1,2024-04-04,2024-04-18,2024-04-11,2026-08-12T13:29:33.699965,loans.csv
6306,2366,25,2023-09-09,2023-09-23,2023-09-22,2026-08-12T13:29:33.699965,loans.csv
6232,160,5,2023-09-14,2023-09-28,2023-09-19,2026-08-12T13:29:33.699965,loans.csv
8527,2079,1,2024-07-01,2024-07-15,2024-07-04,2026-08-12T13:29:33.699965,loans.csv
802,1373,2,2022-03-01,2022-03-15,2022-03-16,2026-08-12T13:29:33.699965,loans.csv
5613,1148,10,2024-11-08,2024-11-06,2024-11-13,2026-08-12T13:29:33.699965,loans.csv
8443,76,1,2024-08-06,2024-08-20,2024-08-18,2026-08-12T13:29:33.699965,loans.csv
3470,452,1,2022-02-19,2022-03-05,2022-02-23,2026-08-12T13:29:33.699965,loans.csv
7528,512,11,2021-08-14,2021-08-28,2021-08-17,2026-08-12T13:29:33.699965,loans.csv
1796,1560,1,2022-08-12,2022-09-02,,2026-08-12T13:29:33.699965,loans.csv
7235,1058,2,2024-04-09,2024-04-23,,2026-08-12T13:29:33.699965,loans.csv
1836,1928,1,2024-11-12,2024-11-26,2024-11-13,2026-08-12T13:29:33.699965,loans.csv
10,1501,3,2024-11-18,2024-12-02,2024-11-30,2026-08-12T13:29:33.699965,loans.csv
3907,178,2,2023-08-15,2023-09-05,2023-08-31,2026-08-12T13:29:33.699965,loans.csv
7565,2259,18,2024-08-25,2024-09-08,2024-09-24,2026-08-12T13:29:33.699965,loans.csv
8499,2574,3,2024-02-25,2024-03-10,2024-03-16,2026-08-12T13:29:33.699965,loans.csv
5673,2211,1,2021-08-17,2021-09-07,2021-08-21,2026-08-12T13:29:33.699965,loans.csv
4499,435,2,2024-10-09,2024-10-23,2024-10-10,2026-08-12T13:29:33.699965,loans.csv
2361,1285,1,2024-05-22,2024-06-05,,2026-08-12T13:29:33.699965,loans.csv
6733,735,2,2024-05-18,2024-06-01,2024-06-25,2026-08-12T13:29:33.699965,loans.csv
8651,2273,44,2024-09-10,2024-09-24,2024-09-27,2026-08-12T13:29:33.699965,loans.csv
5374,1419,24,2023-11-02,2023-11-16,,2026-08-12T13:29:33.699965,loans.csv
5846,2632,1,2022-01-23,2022-02-13,2022-02-03,2026-08-12T13:29:33.699965,loans.csv
1166,1260,2,2024-01-26,2024-02-09,2024-02-15,2026-08-12T13:29:33.699965,loans.csv
6124,1138,1,2022-01-04,2022-01-25,2022-01-09,2026-08-12T13:29:33.699965,loans.csv
4088,1916,6,2024-03-31,2024-04-14,2024-04-10,2026-08-12T13:29:33.699965,loans.csv
2826,536,19,2024-07-23,2024-08-13,2024-08-17,2026-08-12T13:29:33.699965,loans.csv
1174,2200,2,2021-07-27,2021-08-10,2021-08-06,2026-08-12T13:29:33.699965,loans.csv
1881,963,1,2022-03-12,2022-03-26,2022-03-24,2026-08-12T13:29:33.699965,loans.csv
1417,1019,5,2022-02-08,2022-02-22,2022-02-15,2026-08-12T13:29:33.699965,loans.csv
6451,881,2,2022-06-25,2022-07-09,2022-07-06,2026-08-12T13:29:33.699965,loans.csv
7937,2675,111,2024-11-13,2024-11-27,2024-11-25,2026-08-12T13:29:33.699965,loans.csv
7648,2558,5,2020-11-27,2020-12-11,2020-12-12,2026-08-12T13:29:33.699965,loans.csv
6813,180,1,2022-02-28,2022-03-14,2022-03-08,2026-08-12T13:29:33.699965,loans.csv
8303,1737,3,2021-08-12,2021-08-26,2021-08-22,2026-08-12T13:29:33.699965,loans.csv
7925,433,5,2022-06-04,2022-06-18,2022-06-07,2026-08-12T13:29:33.699965,loans.csv
2210,1251,21,2024-12-05,2024-12-03,2024-12-23,2026-08-12T13:29:33.699965,loans.csv
2213,1490,1,2024-08-27,2024-09-10,2024-09-12,2026-08-12T13:29:33.699965,loans.csv
1962,529,2,2024-12-02,2024-12-16,2024-12-17,2026-08-12T13:29:33.699965,loans.csv
2813,2665,2,2020-12-24,2021-01-07,2021-01-06,2026-08-12T13:29:33.699965,loans.csv
1714,1140,28,2024-04-17,2024-05-01,2024-04-25,2026-08-12T13:29:33.699965,loans.csv
2561,1547,3,2024-11-18,2024-12-02,2024-11-20,2026-08-12T13:29:33.699965,loans.csv
67,2489,1,2024-04-15,2024-04-29,2024-04-17,2026-08-12T13:29:33.699965,loans.csv
427,2468,6,2022-06-10,2022-06-24,2022-06-12,2026-08-12T13:29:33.699965,loans.csv
7489,1098,6,2020-05-28,2020-06-11,2020-06-09,2026-08-12T13:29:33.699965,loans.csv
1804,2411,15,2020-03-06,2020-03-20,,2026-08-12T13:29:33.699965,loans.csv
4754,313,2,2020-09-06,2020-09-20,2020-09-26,2026-08-12T13:29:33.699965,loans.csv
1635,715,1,2024-10-16,2024-10-30,2024-10-24,2026-08-12T13:29:33.699965,loans.csv
3977,2115,4,2024-06-23,2024-07-07,2024-07-07,2026-08-12T13:29:33.699965,loans.csv
7965,127,2,2023-03-31,2023-04-21,2023-04-26,2026-08-12T13:29:33.699965,loans.csv
5127,451,1,2024-02-01,2024-02-15,2024-02-17,2026-08-12T13:29:33.699965,loans.csv
421,495,5,2022-09-11,2022-09-25,2022-09-21,2026-08-12T13:29:33.699965,loans.csv
4829,166,2,2023-02-15,2023-03-01,2023-02-16,2026-08-12T13:29:33.699965,loans.csv
2562,974,4,2023-02-25,2023-03-11,,2026-08-12T13:29:33.699965,loans.csv
1341,260,4,2022-05-09,2022-05-23,2022-05-13,2026-08-12T13:29:33.699965,loans.csv
1563,43,84,2022-05-29,2022-06-12,2022-06-01,2026-08-12T13:29:33.699965,loans.csv
669,2423,1,2024-09-23,2024-10-07,2024-10-11,2026-08-12T13:29:33.699965,loans.csv
1912,2292,1,2024-08-29,2024-09-19,,2026-08-12T13:29:33.699965,loans.csv
4073,1360,4,2023-10-04,2023-10-18,2023-10-15,2026-08-12T13:29:33.699965,loans.csv
5885,588,109,2024-07-10,2024-07-24,2024-08-14,2026-08-12T13:29:33.699965,loans.csv
1201,1225,2,2022-12-07,2022-12-21,2022-12-10,2026-08-12T13:29:33.699965,loans.csv
6022,1377,1,2024-03-15,2024-04-05,2024-03-28,2026-08-12T13:29:33.699965,loans.csv
2574,1759,11,2023-05-28,2023-06-11,2023-06-09,2026-08-12T13:29:33.699965,loans.csv
7241,1273,1,2023-06-06,2023-06-20,2023-06-15,2026-08-12T13:29:33.699965,loans.csv
9270,2121,1,2024-04-25,2024-05-09,2024-05-05,2026-08-12T13:29:33.699965,loans.csv
3876,1167,1,2024-10-22,2024-11-05,2024-11-05,2026-08-12T13:29:33.699965,loans.csv
475,880,1,2024-07-19,2024-08-02,2024-07-25,2026-08-12T13:29:33.699965,loans.csv
6851,168,1,2023-03-10,2023-03-24,2023-03-12,2026-08-12T13:29:33.699965,loans.csv
7478,2025,20,2021-04-11,2021-04-25,2021-04-20,2026-08-12T13:29:33.699965,loans.csv
5468,1010,16,2024-09-29,2024-10-13,2024-10-09,2026-08-12T13:29:33.699965,loans.csv
5037,2116,2,2022-08-06,2022-08-20,,2026-08-12T13:29:33.699965,loans.csv
4132,2652,2,2024-12-21,2025-01-04,,2026-08-12T13:29:33.699965,loans.csv
1190,1624,4,2022-04-05,2022-04-19,2022-04-08,2026-08-12T13:29:33.699965,loans.csv
6404,2028,1,2024-04-03,2024-04-17,,2026-08-12T13:29:33.699965,loans.csv
7549,1451,2,2024-08-10,2024-08-24,2024-08-26,2026-08-12T13:29:33.699965,loans.csv
3279,700,1,2022-10-13,2022-10-27,,2026-08-12T13:29:33.699965,loans.csv
8447,481,2,2024-09-24,2024-10-08,2024-10-11,2026-08-12T13:29:33.699965,loans.csv
7955,683,4,2024-04-01,2024-04-15,2024-04-18,2026-08-12T13:29:33.699965,loans.csv
9226,584,1,2024-03-26,2024-04-16,2024-04-01,2026-08-12T13:29:33.699965,loans.csv
6083,2603,1,2023-08-31,2023-09-14,2023-10-16,2026-08-12T13:29:33.699965,loans.csv
8352,2204,1,2023-11-05,2023-11-19,2023-11-22,2026-08-12T13:29:33.699965,loans.csv
4097,2748,6,2024-08-27,2024-09-10,2024-08-29,2026-08-12T13:29:33.699965,loans.csv
8916,2115,3,2024-06-24,2024-07-08,2024-07-02,2026-08-12T13:29:33.699965,loans.csv
7012,567,1,2020-10-16,2020-10-30,2020-11-03,2026-08-12T13:29:33.699965,loans.csv
4012,2516,1,2020-12-21,2021-01-04,2020-12-23,2026-08-12T13:29:33.699965,loans.csv
8874,1629,4,2024-01-27,2024-02-10,2024-01-30,2026-08-12T13:29:33.699965,loans.csv
7474,548,11,2022-08-26,2022-09-16,2022-10-09,2026-08-12T13:29:33.699965,loans.csv
4859,1389,38,2022-06-03,2022-06-17,2022-07-13,2026-08-12T13:29:33.699965,loans.csv
8452,1549,1,2024-05-15,2024-05-29,2024-05-23,2026-08-12T13:29:33.699965,loans.csv
8176,2459,29,2024-06-22,2024-07-06,2024-06-27,2026-08-12T13:29:33.699965,loans.csv
4368,2490,35,2024-11-07,2024-11-21,2024-11-17,2026-08-12T13:29:33.699965,loans.csv
2301,1287,2,2024-05-20,2024-06-03,2024-05-31,2026-08-12T13:29:33.699965,loans.csv
5934,2525,2,2024-07-19,2024-08-02,2024-08-01,2026-08-12T13:29:33.699965,loans.csv
1449,364,1,2024-06-26,2024-07-10,2024-08-09,2026-08-12T13:29:33.699965,loans.csv
4138,2783,1,2024-10-04,2024-10-18,2024-10-13,2026-08-12T13:29:33.699965,loans.csv
7409,2036,7,2022-01-26,2022-02-09,2022-01-29,2026-08-12T13:29:33.699965,loans.csv
5917,2415,7,2023-04-22,2023-05-06,,2026-08-12T13:29:33.699965,loans.csv
4417,1350,3,2023-05-23,2023-06-06,2023-06-02,2026-08-12T13:29:33.699965,loans.csv
9523,1550,1,2024-11-15,2024-11-29,2024-11-29,2026-08-12T13:29:33.699965,loans.csv
4945,519,36,2024-05-13,2024-06-03,2024-05-30,2026-08-12T13:29:33.699965,loans.csv
5120,1722,2,2020-10-09,2020-10-23,2020-10-30,2026-08-12T13:29:33.699965,loans.csv
4804,198,3,2024-11-27,2024-12-11,2024-12-14,2026-08-12T13:29:33.699965,loans.csv
1467,838,1,2024-07-20,2024-08-03,2024-08-02,2026-08-12T13:29:33.699965,loans.csv
817,513,4,2022-01-26,2022-02-09,,2026-08-12T13:29:33.699965,loans.csv
6824,1296,1,2024-12-25,2025-01-08,,2026-08-12T13:29:33.699965,loans.csv
8351,1328,1,2024-11-06,2024-11-20,2024-11-14,2026-08-12T13:29:33.699965,loans.csv
4678,1865,1,2024-08-13,2024-08-27,2024-08-14,2026-08-12T13:29:33.699965,loans.csv
4036,1248,7,2024-05-18,2024-06-08,2024-06-15,2026-08-12T13:29:33.699965,loans.csv
1373,1920,2,2024-11-10,2024-11-24,,2026-08-12T13:29:33.699965,loans.csv
3792,974,16,2022-01-24,2022-02-07,,2026-08-12T13:29:33.699965,loans.csv
276,1563,58,2024-03-19,2024-04-09,2024-04-03,2026-08-12T13:29:33.699965,loans.csv
7273,444,87,2020-09-13,2020-10-04,2020-09-18,2026-08-12T13:29:33.699965,loans.csv
31,2653,7,2023-09-19,2023-10-10,2023-10-02,2026-08-12T13:29:33.699965,loans.csv
5322,1494,3,2024-11-01,2024-11-15,2024-11-07,2026-08-12T13:29:33.699965,loans.csv
61,2604,59,2024-07-13,2024-07-27,,2026-08-12T13:29:33.699965,loans.csv
6282,1752,5,2024-05-20,2024-06-03,2024-05-23,2026-08-12T13:29:33.699965,loans.csv
9313,2469,1,2022-07-28,2022-08-11,2022-08-11,2026-08-12T13:29:33.699965,loans.csv
5041,2723,1,2023-08-20,2023-09-03,,2026-08-12T13:29:33.699965,loans.csv
6759,1761,5,2022-05-29,2022-06-12,2022-06-05,2026-08-12T13:29:33.699965,loans.csv
5903,1808,11,2024-04-03,2024-04-17,2024-04-20,2026-08-12T13:29:33.699965,loans.csv
7308,1043,8,2024-04-02,2024-04-16,2024-04-09,2026-08-12T13:29:33.699965,loans.csv
7077,1358,2,2023-09-23,2023-10-07,2023-09-27,2026-08-12T13:29:33.699965,loans.csv
182,1314,6,2023-06-29,2023-07-13,,2026-08-12T13:29:33.699965,loans.csv
7839,1320,33,2024-05-23,2024-06-06,2024-06-06,2026-08-12T13:29:33.699965,loans.csv
9418,2358,21,2022-04-15,2022-04-29,2022-04-25,2026-08-12T13:29:33.699965,loans.csv
390,1210,1,2020-09-23,2020-10-07,2020-10-03,2026-08-12T13:29:33.699965,loans.csv
4657,2480,3,2024-08-10,2024-08-24,2024-08-22,2026-08-12T13:29:33.699965,loans.csv
8131,334,1,2022-02-13,2022-02-27,2022-02-14,2026-08-12T13:29:33.699965,loans.csv
7989,1414,21,2023-12-25,2024-01-08,2024-01-01,2026-08-12T13:29:33.699965,loans.csv
5529,606,11,2024-09-03,2024-09-17,2024-09-28,2026-08-12T13:29:33.699965,loans.csv
71,901,9,2024-05-12,2024-05-26,2024-05-14,2026-08-12T13:29:33.699965,loans.csv
9217,2416,1,2024-08-29,2024-09-12,2024-08-31,2026-08-12T13:29:33.699965,loans.csv
2742,831,1,2024-10-30,2024-11-13,2024-11-12,2026-08-12T13:29:33.699965,loans.csv
8343,2147,157,2020-03-02,2020-03-23,2020-03-14,2026-08-12T13:29:33.699965,loans.csv
4529,800,1,2022-09-02,2022-09-16,2022-09-13,2026-08-12T13:29:33.699965,loans.csv
188,1775,1,2023-09-29,2023-10-13,,2026-08-12T13:29:33.699965,loans.csv
8596,614,6,2024-01-19,2024-02-02,2024-01-24,2026-08-12T13:29:33.699965,loans.csv
3960,1061,3,2023-10-07,2023-10-28,2023-10-29,2026-08-12T13:29:33.699965,loans.csv
8101,342,93,2024-12-23,2025-01-06,,2026-08-12T13:29:33.699965,loans.csv
8583,2118,1,2023-02-27,2023-03-13,2023-03-04,2026-08-12T13:29:33.699965,loans.csv
9061,437,5,2024-04-05,2024-04-19,2024-04-12,2026-08-12T13:29:33.699965,loans.csv
6962,2240,12,2024-10-16,2024-10-30,2024-11-02,2026-08-12T13:29:33.699965,loans.csv
7843,2024,3,2022-08-13,2022-08-27,2022-08-28,2026-08-12T13:29:33.699965,loans.csv
1937,1949,4,2024-10-30,2024-11-20,2024-11-04,2026-08-12T13:29:33.699965,loans.csv
3029,1766,4,2024-05-18,2024-06-01,,2026-08-12T13:29:33.699965,loans.csv
1100,1020,1,2022-07-25,2022-08-08,2022-08-13,2026-08-12T13:29:33.699965,loans.csv
546,191,1,2023-06-19,2023-07-03,2023-08-01,2026-08-12T13:29:33.699965,loans.csv
3276,1428,1,2022-07-14,2022-08-04,2022-07-31,2026-08-12T13:29:33.699965,loans.csv
5882,2099,1,2022-07-06,2022-07-20,2022-07-24,2026-08-12T13:29:33.699965,loans.csv
7191,680,3,2024-10-26,2024-11-09,2024-11-06,2026-08-12T13:29:33.699965,loans.csv
335,2110,2,2022-03-13,2022-03-27,2022-03-17,2026-08-12T13:29:33.699965,loans.csv
2002,2184,2,2024-10-25,2024-11-08,2024-11-04,2026-08-12T13:29:33.699965,loans.csv
4159,1655,1,2024-08-16,2024-08-30,2024-08-25,2026-08-12T13:29:33.699965,loans.csv
4940,226,8,2024-07-06,2024-07-20,2024-07-10,2026-08-12T13:29:33.699965,loans.csv
6698,1638,14,2024-09-15,2024-09-29,2024-09-18,2026-08-12T13:29:33.699965,loans.csv
3094,2782,3,2020-12-25,2021-01-08,2021-01-12,2026-08-12T13:29:33.699965,loans.csv
9009,1552,1,2023-07-23,2023-08-06,2023-08-11,2026-08-12T13:29:33.699965,loans.csv
516,1219,5,2022-06-10,2022-06-24,,2026-08-12T13:29:33.699965,loans.csv
3211,2511,1,2024-10-29,2024-11-12,2024-11-05,2026-08-12T13:29:33.699965,loans.csv
4221,1624,18,2022-05-07,2022-05-28,2022-05-09,2026-08-12T13:29:33.699965,loans.csv
3949,1927,39,2024-07-31,2024-08-14,2024-08-10,2026-08-12T13:29:33.699965,loans.csv
3970,494,1,2024-12-13,2024-12-27,,2026-08-12T13:29:33.699965,loans.csv
4186,1657,29,2023-06-13,2023-06-27,2023-06-21,2026-08-12T13:29:33.699965,loans.csv
8862,2538,6,2023-06-16,2023-07-07,2023-07-12,2026-08-12T13:29:33.699965,loans.csv
48,1093,1,2022-11-21,2022-12-05,2022-11-27,2026-08-12T13:29:33.699965,loans.csv
3983,2558,2,2022-03-15,2022-03-29,2022-03-21,2026-08-12T13:29:33.699965,loans.csv
6102,1237,1,2024-03-26,2024-04-09,2024-04-02,2026-08-12T13:29:33.699965,loans.csv
4670,2666,1,2024-02-22,2024-03-07,2024-03-01,2026-08-12T13:29:33.699965,loans.csv
5033,1067,3,2024-07-05,2024-07-19,2024-07-13,2026-08-12T13:29:33.699965,loans.csv
794,1230,1,2023-11-07,2023-11-21,2023-11-24,2026-08-12T13:29:33.699965,loans.csv
137,865,7,2024-07-31,2024-08-14,2024-08-03,2026-08-12T13:29:33.699965,loans.csv
5731,1759,1,2024-08-28,2024-09-11,2024-09-09,2026-08-12T13:29:33.699965,loans.csv
8935,2671,18,2024-08-20,2024-09-03,2024-09-06,2026-08-12T13:29:33.699965,loans.csv
2081,2247,1,2021-10-09,2021-10-23,2021-10-20,2026-08-12T13:29:33.699965,loans.csv
9580,2591,1,2020-08-21,2020-09-04,2020-08-27,2026-08-12T13:29:33.699965,loans.csv
8838,289,84,2024-03-06,2024-03-20,2024-03-07,2026-08-12T13:29:33.699965,loans.csv
4926,1405,2,2024-12-01,2024-12-15,,2026-08-12T13:29:33.699965,loans.csv
8017,2317,2,2022-04-18,2022-05-02,2022-04-19,2026-08-12T13:29:33.699965,loans.csv
7123,780,2,2023-04-08,2023-04-22,2023-04-27,2026-08-12T13:29:33.699965,loans.csv
7087,77,4,2022-08-26,2022-09-09,,2026-08-12T13:29:33.699965,loans.csv
8206,99,2,2022-10-20,2022-11-03,2022-11-05,2026-08-12T13:29:33.699965,loans.csv
1193,863,1,2024-03-04,2024-03-18,2024-03-18,2026-08-12T13:29:33.699965,loans.csv
2073,1582,1,2024-10-24,2024-11-07,2024-11-06,2026-08-12T13:29:33.699965,loans.csv
4771,2165,1,2023-05-07,2023-05-21,,2026-08-12T13:29:33.699965,loans.csv
2483,1601,2,2024-09-05,2024-09-19,2024-09-20,2026-08-12T13:29:33.699965,loans.csv
2191,24,1,2024-04-24,2024-05-15,2024-05-03,2026-08-12T13:29:33.699965,loans.csv
4752,1914,5,2022-09-05,2022-09-19,2022-09-11,2026-08-12T13:29:33.699965,loans.csv
7003,937,1,2023-10-26,2023-11-09,2023-10-28,2026-08-12T13:29:33.699965,loans.csv
1451,1227,8,2021-12-07,2021-12-21,2021-12-16,2026-08-12T13:29:33.699965,loans.csv
4305,2027,4,2024-03-15,2024-03-29,2024-04-02,2026-08-12T13:29:33.699965,loans.csv
585,1657,1,2024-03-21,2024-04-11,2024-04-07,2026-08-12T13:29:33.699965,loans.csv
4341,843,1,2023-08-07,2023-08-28,2023-08-08,2026-08-12T13:29:33.699965,loans.csv
5249,1371,8,2024-07-01,2024-07-15,2024-07-18,2026-08-12T13:29:33.699965,loans.csv
6182,1346,2,2023-09-24,2023-10-08,2023-10-07,2026-08-12T13:29:33.699965,loans.csv
7603,2111,1,2024-09-18,2024-10-02,,2026-08-12T13:29:33.699965,loans.csv
3214,2190,7,2023-08-08,2023-08-29,2023-08-17,2026-08-12T13:29:33.699965,loans.csv
7290,1077,4,2023-07-04,2023-07-18,2023-07-12,2026-08-12T13:29:33.699965,loans.csv
5526,1451,5,2020-04-15,2020-04-29,2020-05-05,2026-08-12T13:29:33.699965,loans.csv
5984,896,1,2024-08-14,2024-08-28,2024-08-26,2026-08-12T13:29:33.699965,loans.csv
4914,1150,1,2024-11-18,2024-12-02,2024-11-23,2026-08-12T13:29:33.699965,loans.csv
1372,1893,22,2023-05-27,2023-06-10,2023-06-15,2026-08-12T13:29:33.699965,loans.csv
9577,2671,3,2024-08-25,2024-09-08,2024-09-04,2026-08-12T13:29:33.699965,loans.csv
891,698,11,2024-08-27,2024-09-10,2024-09-06,2026-08-12T13:29:33.699965,loans.csv
9236,347,1,2024-05-13,2024-05-27,2024-05-26,2026-08-12T13:29:33.699965,loans.csv
2014,2052,1,2022-12-06,2022-12-20,2023-01-20,2026-08-12T13:29:33.699965,loans.csv
798,2613,11,2022-05-18,2022-06-01,2022-05-30,2026-08-12T13:29:33.699965,loans.csv
5180,2470,4,2021-04-22,2021-05-06,2021-05-08,2026-08-12T13:29:33.699965,loans.csv
5003,1526,69,2021-12-20,2022-01-03,2021-12-26,2026-08-12T13:29:33.699965,loans.csv
3498,1015,3,2023-12-17,2023-12-31,2023-12-24,2026-08-12T13:29:33.699965,loans.csv
1407,1388,3,2020-11-07,2020-11-28,,2026-08-12T13:29:33.699965,loans.csv
4902,75,9,2022-05-18,2022-06-01,2022-05-20,2026-08-12T13:29:33.699965,loans.csv
4923,2773,1,2021-11-20,2021-12-04,2021-12-10,2026-08-12T13:29:33.699965,loans.csv
3507,1663,1,2023-08-19,2023-09-02,2023-09-07,2026-08-12T13:29:33.699965,loans.csv
6012,1135,2,2024-05-09,2024-05-23,2024-05-10,2026-08-12T13:29:33.699965,loans.csv
3274,2756,133,2024-12-03,2024-11-30,2025-01-31,2026-08-12T13:29:33.699965,loans.csv
9410,1766,2,2024-08-18,2024-09-01,,2026-08-12T13:29:33.699965,loans.csv
8413,823,2,2023-06-06,2023-06-20,2023-06-22,2026-08-12T13:29:33.699965,loans.csv
3442,909,1,2024-08-19,2024-09-02,2024-09-02,2026-08-12T13:29:33.699965,loans.csv
4210,524,15,2024-01-21,2024-02-04,2024-02-08,2026-08-12T13:29:33.699965,loans.csv
3265,1347,19,2024-01-07,2024-01-21,2024-01-14,2026-08-12T13:29:33.699965,loans.csv
3871,1165,1,2023-02-09,2023-02-23,2023-02-27,2026-08-12T13:29:33.699965,loans.csv
7266,907,65,2024-10-15,2024-10-29,2024-10-28,2026-08-12T13:29:33.699965,loans.csv
3345,1232,1,2023-12-03,2023-12-17,2023-12-19,2026-08-12T13:29:33.699965,loans.csv
7762,1030,1,2024-07-18,2024-08-01,2024-07-27,2026-08-12T13:29:33.699965,loans.csv
2860,1980,1,2023-03-30,2023-04-13,2023-04-01,2026-08-12T13:29:33.699965,loans.csv
973,1785,1,2024-10-04,2024-10-18,2024-10-22,2026-08-12T13:29:33.699965,loans.csv
712,2045,1,2021-05-21,2021-06-04,2021-06-04,2026-08-12T13:29:33.699965,loans.csv
7748,2561,1,2023-05-08,2023-05-22,2023-05-12,2026-08-12T13:29:33.699965,loans.csv
3027,2219,1,2021-10-16,2021-10-30,2021-11-06,2026-08-12T13:29:33.699965,loans.csv
6726,1908,76,2023-04-23,2023-05-07,2023-05-04,2026-08-12T13:29:33.699965,loans.csv
3667,1814,1,2024-05-25,2024-06-08,2024-06-01,2026-08-12T13:29:33.699965,loans.csv
4832,1240,2,2023-12-26,2024-01-09,2024-01-05,2026-08-12T13:29:33.699965,loans.csv
866,2144,2,2022-12-01,2022-12-15,2022-12-06,2026-08-12T13:29:33.699965,loans.csv
2585,593,46,2024-08-28,2024-09-11,,2026-08-12T13:29:33.699965,loans.csv
1123,1631,1,2024-08-17,2024-08-31,2024-08-21,2026-08-12T13:29:33.699965,loans.csv
5960,2318,2,2022-05-30,2022-06-13,2022-06-17,2026-08-12T13:29:33.699965,loans.csv
5110,75,3,2024-03-25,2024-04-08,2024-03-28,2026-08-12T13:29:33.699965,loans.csv
8086,1533,5,2022-09-10,2022-10-01,2022-10-11,2026-08-12T13:29:33.699965,loans.csv
6654,2260,1,2021-08-20,2021-09-03,2021-08-29,2026-08-12T13:29:33.699965,loans.csv
4699,239,1,2023-07-18,2023-08-01,2023-07-23,2026-08-12T13:29:33.699965,loans.csv
6144,893,3,2023-08-02,2023-08-16,2023-08-14,2026-08-12T13:29:33.699965,loans.csv
1074,1176,7,2024-09-14,2024-09-28,,2026-08-12T13:29:33.699965,loans.csv
3355,2086,1,2021-12-18,2022-01-01,2021-12-31,2026-08-12T13:29:33.699965,loans.csv
6312,728,32,2023-03-08,2023-03-22,2023-03-17,2026-08-12T13:29:33.699965,loans.csv
2089,2066,12,2021-12-15,2021-12-29,2021-12-30,2026-08-12T13:29:33.699965,loans.csv
8387,1966,1,2024-09-02,2024-09-16,2024-09-17,2026-08-12T13:29:33.699965,loans.csv
9435,510,1,2024-09-27,2024-10-11,2024-10-30,2026-08-12T13:29:33.699965,loans.csv
6038,592,23,2022-07-22,2022-08-05,,2026-08-12T13:29:33.699965,loans.csv
2741,2482,3,2024-10-11,2024-10-25,2024-10-19,2026-08-12T13:29:33.699965,loans.csv
3604,418,2,2022-10-19,2022-11-02,2022-10-25,2026-08-12T13:29:33.699965,loans.csv
6559,1631,4,2023-11-03,2023-11-17,2023-11-13,2026-08-12T13:29:33.699965,loans.csv
1917,310,33,2020-08-17,2020-08-31,2020-09-01,2026-08-12T13:29:33.699965,loans.csv
7650,1279,70,2023-10-12,2023-10-26,2023-10-14,2026-08-12T13:29:33.699965,loans.csv
8952,1490,1,2023-05-20,2023-06-03,2023-06-18,2026-08-12T13:29:33.699965,loans.csv
851,1961,2,2024-07-19,2024-08-02,2024-08-02,2026-08-12T13:29:33.699965,loans.csv
7070,2192,2,2021-04-16,2021-05-07,2021-04-19,2026-08-12T13:29:33.699965,loans.csv
3728,1664,3,2024-02-04,2024-02-18,2024-02-17,2026-08-12T13:29:33.699965,loans.csv
1413,2342,4,2020-03-21,2020-04-04,2020-03-22,2026-08-12T13:29:33.699965,loans.csv
5899,599,2,2023-06-01,2023-06-15,2023-06-15,2026-08-12T13:29:33.699965,loans.csv
6069,2024,1,2024-09-16,2024-09-30,2024-09-23,2026-08-12T13:29:33.699965,loans.csv
753,1167,3,2024-05-26,2024-06-09,2024-06-10,2026-08-12T13:29:33.699965,loans.csv
3724,1663,21,2022-07-26,2022-08-09,2022-08-10,2026-08-12T13:29:33.699965,loans.csv
9449,1593,8,2020-04-26,2020-05-10,2020-05-03,2026-08-12T13:29:33.699965,loans.csv
6625,989,4,2022-11-29,2022-12-13,2022-12-09,2026-08-12T13:29:33.699965,loans.csv
5369,1181,1,2022-08-26,2022-09-09,2022-09-12,2026-08-12T13:29:33.699965,loans.csv
2467,1690,1,2024-03-14,2024-03-28,2024-03-18,2026-08-12T13:29:33.699965,loans.csv
3162,1068,4,2024-05-06,2024-05-20,2024-05-09,2026-08-12T13:29:33.699965,loans.csv
4896,2278,2,2024-11-16,2024-11-30,2024-11-27,2026-08-12T13:29:33.699965,loans.csv
6984,2325,1,2023-10-04,2023-10-25,2023-10-08,2026-08-12T13:29:33.699965,loans.csv
9557,862,1,2023-07-07,2023-07-28,,2026-08-12T13:29:33.699965,loans.csv
2985,2746,1,2022-12-02,2022-12-16,2022-12-05,2026-08-12T13:29:33.699965,loans.csv
4812,2179,1,2023-12-01,2023-12-15,2023-12-20,2026-08-12T13:29:33.699965,loans.csv
6334,2624,2,2023-02-20,2023-03-06,2023-02-24,2026-08-12T13:29:33.699965,loans.csv
2730,2774,5,2023-07-19,2023-08-02,2023-09-14,2026-08-12T13:29:33.699965,loans.csv
9131,2626,1,2023-10-27,2023-11-10,2023-11-10,2026-08-12T13:29:33.699965,loans.csv
1561,57,3,2024-04-28,2024-05-12,2024-05-04,2026-08-12T13:29:33.699965,loans.csv
295,1961,5,2024-08-22,2024-09-05,2024-08-25,2026-08-12T13:29:33.699965,loans.csv
6343,306,2,2024-02-22,2024-03-07,2024-03-14,2026-08-12T13:29:33.699965,loans.csv
4299,2669,2,2023-03-24,2023-04-07,2023-04-14,2026-08-12T13:29:33.699965,loans.csv
692,1343,43,2024-09-12,2024-09-26,2024-10-03,2026-08-12T13:29:33.699965,loans.csv
3243,1081,1,2024-09-20,2024-10-11,2024-10-07,2026-08-12T13:29:33.699965,loans.csv
156,272,1,2023-08-13,2023-08-27,2023-08-24,2026-08-12T13:29:33.699965,loans.csv
4995,334,2,2023-02-02,2023-02-16,2023-02-12,2026-08-12T13:29:33.699965,loans.csv
9423,1605,1,2021-10-17,2021-10-31,2021-10-30,2026-08-12T13:29:33.699965,loans.csv
2400,2608,2,2024-11-19,2024-12-10,2024-11-30,2026-08-12T13:29:33.699965,loans.csv
4394,1248,1,2021-08-26,2021-09-09,2021-09-11,2026-08-12T13:29:33.699965,loans.csv
5670,86,1,2024-04-27,2024-05-11,2024-05-11,2026-08-12T13:29:33.699965,loans.csv
3222,623,1,2024-11-17,2024-12-01,2025-01-15,2026-08-12T13:29:33.699965,loans.csv
7708,2659,1,2021-02-12,2021-02-26,2021-02-26,2026-08-12T13:29:33.699965,loans.csv
3019,478,116,2022-06-22,2022-07-06,,2026-08-12T13:29:33.699965,loans.csv
3428,1306,1,2022-06-01,2022-06-22,,2026-08-12T13:29:33.699965,loans.csv
9614,2423,1,2024-07-11,2024-07-25,2024-07-23,2026-08-12T13:29:33.699965,loans.csv
8257,1699,2,2024-07-10,2024-07-24,2024-07-21,2026-08-12T13:29:33.699965,loans.csv
8111,1549,26,2024-01-22,2024-02-05,2024-02-10,2026-08-12T13:29:33.699965,loans.csv
9189,324,4,2023-08-17,2023-09-07,2023-09-11,2026-08-12T13:29:33.699965,loans.csv
7947,1247,12,2020-12-19,2021-01-02,2020-12-23,2026-08-12T13:29:33.699965,loans.csv
657,735,1,2024-12-21,2025-01-11,,2026-08-12T13:29:33.699965,loans.csv
7426,2649,2,2023-11-15,2023-11-29,2023-11-20,2026-08-12T13:29:33.699965,loans.csv
4548,1678,1,2023-09-03,2023-09-24,,2026-08-12T13:29:33.699965,loans.csv
1698,1304,4,2020-04-02,2020-04-23,2020-05-02,2026-08-12T13:29:33.699965,loans.csv
6474,1973,3,2023-12-11,2023-12-25,2023-12-19,2026-08-12T13:29:33.699965,loans.csv
2668,681,1,2022-09-17,2022-10-08,,2026-08-12T13:29:33.699965,loans.csv
1829,667,1,2024-09-19,2024-10-03,2024-10-09,2026-08-12T13:29:33.699965,loans.csv
4493,1978,3,2024-12-12,2025-01-02,,2026-08-12T13:29:33.699965,loans.csv
3293,1377,1,2022-12-19,2023-01-02,2022-12-20,2026-08-12T13:29:33.699965,loans.csv
6428,2528,1,2024-02-27,2024-03-12,2024-03-06,2026-08-12T13:29:33.699965,loans.csv
5769,928,3,2024-02-23,2024-03-08,2024-03-07,2026-08-12T13:29:33.699965,loans.csv
6291,2091,2,2023-05-02,2023-05-16,2023-05-12,2026-08-12T13:29:33.699965,loans.csv
4067,2219,12,2023-02-14,2023-02-28,,2026-08-12T13:29:33.699965,loans.csv
8369,682,9,2024-10-29,2024-11-12,,2026-08-12T13:29:33.699965,loans.csv
2669,935,1,2022-03-31,2022-04-14,2022-04-13,2026-08-12T13:29:33.699965,loans.csv
8688,1052,133,2024-11-08,2024-11-22,2024-12-10,2026-08-12T13:29:33.699965,loans.csv
3761,28,51,2021-02-24,2021-03-10,2021-03-01,2026-08-12T13:29:33.699965,loans.csv
7966,1494,6,2024-11-29,2024-12-13,2024-12-02,2026-08-12T13:29:33.699965,loans.csv
5644,1815,1,2022-03-18,2022-04-08,2022-04-07,2026-08-12T13:29:33.699965,loans.csv
9497,369,1,2020-08-09,2020-08-23,2020-08-20,2026-08-12T13:29:33.699965,loans.csv
6638,848,5,2024-09-29,2024-10-13,2024-10-10,2026-08-12T13:29:33.699965,loans.csv
7857,1293,1,2022-11-01,2022-11-15,2022-11-12,2026-08-12T13:29:33.699965,loans.csv
4485,1120,9,2022-02-21,2022-03-07,,2026-08-12T13:29:33.699965,loans.csv
3220,1991,1,2022-02-04,2022-02-18,2022-03-12,2026-08-12T13:29:33.699965,loans.csv
4623,691,21,2022-07-26,2022-08-09,2022-08-03,2026-08-12T13:29:33.699965,loans.csv
6667,305,22,2020-06-08,2020-06-22,2020-06-21,2026-08-12T13:29:33.699965,loans.csv
1335,1728,97,2023-01-04,2023-01-18,2023-01-07,2026-08-12T13:29:33.699965,loans.csv
7316,1346,8,2023-07-12,2023-07-26,2023-07-17,2026-08-12T13:29:33.699965,loans.csv
6578,1187,42,2021-03-25,2021-04-08,2021-04-07,2026-08-12T13:29:33.699965,loans.csv
6308,347,3,2024-10-22,2024-11-05,2024-11-09,2026-08-12T13:29:33.699965,loans.csv
1112,1970,6,2024-06-10,2024-07-01,2024-06-16,2026-08-12T13:29:33.699965,loans.csv
5576,2590,4,2023-08-21,2023-09-04,2023-08-24,2026-08-12T13:29:33.699965,loans.csv
2020,2327,4,2023-10-30,2023-11-13,2023-11-13,2026-08-12T13:29:33.699965,loans.csv
4599,754,2,2024-04-28,2024-05-12,2024-05-19,2026-08-12T13:29:33.699965,loans.csv
7395,2172,16,2024-05-16,2024-05-30,2024-05-24,2026-08-12T13:29:33.699965,loans.csv
8791,249,12,2021-06-02,2021-06-16,,2026-08-12T13:29:33.699965,loans.csv
3171,955,4,2023-08-24,2023-09-07,2023-09-04,2026-08-12T13:29:33.699965,loans.csv
3955,776,1,2023-06-23,2023-07-07,2023-07-03,2026-08-12T13:29:33.699965,loans.csv
4194,162,1,2023-08-15,2023-08-29,2023-08-22,2026-08-12T13:29:33.699965,loans.csv
2434,341,1,2023-11-20,2023-12-11,2023-11-30,2026-08-12T13:29:33.699965,loans.csv
3738,2198,2,2023-09-19,2023-10-03,,2026-08-12T13:29:33.699965,loans.csv
1161,2165,4,2023-01-22,2023-02-05,2023-01-30,2026-08-12T13:29:33.699965,loans.csv
4385,1657,91,2024-12-19,2025-01-09,,2026-08-12T13:29:33.699965,loans.csv
6951,1582,9,2023-08-16,2023-08-30,2023-09-29,2026-08-12T13:29:33.699965,loans.csv
3417,1986,1,2024-02-19,2024-03-04,2024-03-08,2026-08-12T13:29:33.699965,loans.csv
1205,996,1,2024-12-21,2025-01-04,,2026-08-12T13:29:33.699965,loans.csv
7177,1523,2,2024-12-26,2025-01-09,,2026-08-12T13:29:33.699965,loans.csv
5106,1740,114,2023-07-14,2023-07-28,2023-07-15,2026-08-12T13:29:33.699965,loans.csv
6760,2490,1,2021-02-24,2021-03-10,2021-03-03,2026-08-12T13:29:33.699965,loans.csv
3942,586,21,2020-03-12,2020-03-26,2020-03-21,2026-08-12T13:29:33.699965,loans.csv
8908,1714,3,2024-07-08,2024-07-22,2024-07-18,2026-08-12T13:29:33.699965,loans.csv
2582,924,1,2020-10-14,2020-10-28,2020-10-25,2026-08-12T13:29:33.699965,loans.csv
6925,1383,1,2023-10-23,2023-11-06,2023-11-11,2026-08-12T13:29:33.699965,loans.csv
1348,1364,5,2024-09-03,2024-09-17,2024-09-18,2026-08-12T13:29:33.699965,loans.csv
3965,1296,14,2024-04-13,2024-04-27,2024-04-16,2026-08-12T13:29:33.699965,loans.csv
9482,1301,1,2023-08-15,2023-08-29,2023-09-27,2026-08-12T13:29:33.699965,loans.csv
8948,146,4,2024-11-22,2024-12-06,2024-12-06,2026-08-12T13:29:33.699965,loans.csv
864,1615,1,2021-03-06,2021-03-20,,2026-08-12T13:29:33.699965,loans.csv
2185,2589,4,2024-10-20,2024-11-10,2024-11-15,2026-08-12T13:29:33.699965,loans.csv
1939,2296,2,2022-11-27,2022-12-11,2022-12-08,2026-08-12T13:29:33.699965,loans.csv
6269,873,107,2023-10-15,2023-10-29,,2026-08-12T13:29:33.699965,loans.csv
6531,1958,11,2021-04-13,2021-04-27,2021-04-24,2026-08-12T13:29:33.699965,loans.csv
5771,568,1,2021-06-30,2021-07-14,2021-07-04,2026-08-12T13:29:33.699965,loans.csv
4712,1820,19,2024-07-31,2024-08-14,2024-08-03,2026-08-12T13:29:33.699965,loans.csv
3028,1373,1,2024-03-31,2024-04-14,2024-04-07,2026-08-12T13:29:33.699965,loans.csv
7961,1467,39,2024-12-18,2025-01-01,,2026-08-12T13:29:33.699965,loans.csv
6677,1363,3,2024-02-27,2024-03-12,2024-03-01,2026-08-12T13:29:33.699965,loans.csv
4227,1185,1,2022-12-24,2023-01-07,2023-01-14,2026-08-12T13:29:33.699965,loans.csv
7828,2542,1,2023-06-05,2023-06-26,2023-06-22,2026-08-12T13:29:33.699965,loans.csv
6661,409,1,2024-11-14,2024-11-28,2024-11-22,2026-08-12T13:29:33.699965,loans.csv
4596,2181,41,2024-05-13,2024-05-27,2024-05-22,2026-08-12T13:29:33.699965,loans.csv
6117,2340,10,2022-01-08,2022-01-22,,2026-08-12T13:29:33.699965,loans.csv
8534,625,1,2024-01-13,2024-01-27,2024-01-16,2026-08-12T13:29:33.699965,loans.csv
1099,1269,1,2022-02-27,2022-03-13,2022-03-15,2026-08-12T13:29:33.699965,loans.csv
520,2284,1,2024-06-03,2024-06-17,2024-06-19,2026-08-12T13:29:33.699965,loans.csv
773,2622,2,2021-12-16,2021-12-30,2021-12-28,2026-08-12T13:29:33.699965,loans.csv
7830,2081,1,2023-08-14,2023-08-28,2023-09-01,2026-08-12T13:29:33.699965,loans.csv
7229,461,2,2023-12-16,2023-12-30,2023-12-26,2026-08-12T13:29:33.699965,loans.csv
594,1110,4,2023-02-02,2023-02-16,,2026-08-12T13:29:33.699965,loans.csv
1111,2239,7,2023-12-28,2024-01-11,2024-02-02,2026-08-12T13:29:33.699965,loans.csv
1302,1172,1,2024-09-01,2024-09-22,2024-09-11,2026-08-12T13:29:33.699965,loans.csv
2998,1039,104,2020-11-07,2020-11-21,2020-12-09,2026-08-12T13:29:33.699965,loans.csv
1168,1720,1,2023-08-20,2023-09-03,2023-08-25,2026-08-12T13:29:33.699965,loans.csv
9196,409,3,2022-07-31,2022-08-14,2022-08-04,2026-08-12T13:29:33.699965,loans.csv
6985,782,1,2024-10-19,2024-11-02,2024-11-05,2026-08-12T13:29:33.699965,loans.csv
80,1738,1,2023-07-11,2023-07-25,2023-07-27,2026-08-12T13:29:33.699965,loans.csv
7542,800,1,2022-08-25,2022-09-08,2022-08-27,2026-08-12T13:29:33.699965,loans.csv
9576,1562,100,2023-06-15,2023-06-29,2023-07-04,2026-08-12T13:29:33.699965,loans.csv
410,1738,7,2024-06-12,2024-06-26,2024-07-03,2026-08-12T13:29:33.699965,loans.csv
3715,591,1,2024-09-12,2024-09-26,2024-09-27,2026-08-12T13:29:33.699965,loans.csv
3084,1954,2,2024-01-13,2024-01-27,2024-02-01,2026-08-12T13:29:33.699965,loans.csv
4683,2423,3,2024-07-29,2024-08-12,2024-08-07,2026-08-12T13:29:33.699965,loans.csv
6016,2218,2,2023-04-07,2023-04-21,2023-04-20,2026-08-12T13:29:33.699965,loans.csv
1356,914,50,2022-05-16,2022-05-30,2022-06-02,2026-08-12T13:29:33.699965,loans.csv
3317,321,1,2020-01-12,2020-01-26,2020-01-16,2026-08-12T13:29:33.699965,loans.csv
5360,2271,32,2024-09-30,2024-10-14,2024-10-10,2026-08-12T13:29:33.699965,loans.csv
9078,2276,5,2023-12-13,2023-12-27,2023-12-24,2026-08-12T13:29:33.699965,loans.csv
2976,2272,29,2024-02-19,2024-03-04,,2026-08-12T13:29:33.699965,loans.csv
53,1675,1,2024-04-07,2024-04-21,2024-04-27,2026-08-12T13:29:33.699965,loans.csv
986,193,6,2024-02-10,2024-02-24,2024-02-16,2026-08-12T13:29:33.699965,loans.csv
3894,1973,1,2024-02-05,2024-02-19,2024-02-08,2026-08-12T13:29:33.699965,loans.csv
2621,1614,1,2023-08-04,2023-07-23,2023-08-09,2026-08-12T13:29:33.699965,loans.csv
1837,1878,2,2023-09-17,2023-10-08,2023-10-06,2026-08-12T13:29:33.699965,loans.csv
132,2042,133,2023-11-02,2023-11-16,2023-11-03,2026-08-12T13:29:33.699965,loans.csv
22,701,1,2023-03-31,2023-04-14,2023-04-16,2026-08-12T13:29:33.699965,loans.csv
9150,1689,1,2021-04-01,2021-04-15,2021-04-17,2026-08-12T13:29:33.699965,loans.csv
8340,459,20,2024-12-05,2024-12-19,2024-12-15,2026-08-12T13:29:33.699965,loans.csv
7309,2526,1,2022-09-26,2022-10-17,2022-10-19,2026-08-12T13:29:33.699965,loans.csv
7977,2357,2,2024-06-23,2024-07-07,,2026-08-12T13:29:33.699965,loans.csv
1594,242,1,2023-08-28,2023-09-11,2023-09-18,2026-08-12T13:29:33.699965,loans.csv
4428,2240,1,2024-08-04,2024-08-18,2024-08-13,2026-08-12T13:29:33.699965,loans.csv
8179,207,99,2024-10-31,2024-11-14,2024-11-11,2026-08-12T13:29:33.699965,loans.csv
3165,853,16,2023-11-20,2023-12-04,2023-11-21,2026-08-12T13:29:33.699965,loans.csv
8391,2144,1,2023-11-15,2023-11-29,,2026-08-12T13:29:33.699965,loans.csv
1399,721,5,2023-11-26,2023-12-10,2023-12-09,2026-08-12T13:29:33.699965,loans.csv
6253,2405,1,2023-10-25,2023-11-15,2023-11-05,2026-08-12T13:29:33.699965,loans.csv
7689,2155,3,2024-11-14,2024-11-28,2024-11-20,2026-08-12T13:29:33.699965,loans.csv
1196,2646,12,2024-12-25,2025-01-08,,2026-08-12T13:29:33.699965,loans.csv
1194,2442,4,2023-10-25,2023-11-08,2023-11-02,2026-08-12T13:29:33.699965,loans.csv
9081,546,4,2021-11-15,2021-11-29,,2026-08-12T13:29:33.699965,loans.csv
8367,538,4,2024-09-11,2024-10-02,,2026-08-12T13:29:33.699965,loans.csv
4705,420,6,2021-02-07,2021-02-21,2021-02-10,2026-08-12T13:29:33.699965,loans.csv
8704,1694,3,2020-01-28,2020-02-18,2020-02-08,2026-08-12T13:29:33.699965,loans.csv
4866,2493,1,2021-08-12,2021-08-26,2021-08-13,2026-08-12T13:29:33.699965,loans.csv
1013,1344,13,2023-12-18,2024-01-01,2023-12-20,2026-08-12T13:29:33.699965,loans.csv
186,12,1,2024-04-26,2024-05-10,2024-04-28,2026-08-12T13:29:33.699965,loans.csv
386,1316,1,2024-04-04,2024-04-18,2024-04-14,2026-08-12T13:29:33.699965,loans.csv
4527,1403,2,2020-09-09,2020-09-23,2020-09-30,2026-08-12T13:29:33.699965,loans.csv
7411,2253,1,2021-10-15,2021-10-29,2021-10-16,2026-08-12T13:29:33.699965,loans.csv
7876,2467,6,2024-11-17,2024-12-01,,2026-08-12T13:29:33.699965,loans.csv
7313,2382,2,2024-09-22,2024-10-06,2024-10-11,2026-08-12T13:29:33.699965,loans.csv
8750,2084,1,2020-05-05,2020-05-19,2020-05-22,2026-08-12T13:29:33.699965,loans.csv
6374,659,28,2024-07-07,2024-07-21,2024-07-10,2026-08-12T13:29:33.699965,loans.csv
1711,1179,87,2024-05-04,2024-05-18,,2026-08-12T13:29:33.699965,loans.csv
7945,1556,1,2024-03-14,2024-03-28,2024-03-20,2026-08-12T13:29:33.699965,loans.csv
9278,1190,1,2020-12-08,2020-12-22,,2026-08-12T13:29:33.699965,loans.csv
4076,1828,1,2024-02-16,2024-03-01,2024-03-08,2026-08-12T13:29:33.699965,loans.csv
3760,536,1,2024-04-17,2024-05-01,2024-05-05,2026-08-12T13:29:33.699965,loans.csv
49,29,1,2022-09-30,2022-10-21,2022-10-10,2026-08-12T13:29:33.699965,loans.csv
4637,2790,1,2022-11-30,2022-12-14,2022-12-21,2026-08-12T13:29:33.699965,loans.csv
3986,2380,1,2022-03-11,2022-03-25,2022-03-17,2026-08-12T13:29:33.699965,loans.csv
7286,308,2,2023-09-22,2023-10-06,,2026-08-12T13:29:33.699965,loans.csv
7206,1636,38,2024-11-06,2024-11-20,,2026-08-12T13:29:33.699965,loans.csv
3712,2534,3,2023-04-21,2023-05-05,,2026-08-12T13:29:33.699965,loans.csv
3427,1321,1,2023-10-30,2023-11-20,2023-11-22,2026-08-12T13:29:33.699965,loans.csv
5273,2558,1,2022-06-11,2022-06-25,2022-06-12,2026-08-12T13:29:33.699965,loans.csv
7948,516,1,2024-08-28,2024-09-11,2024-09-04,2026-08-12T13:29:33.699965,loans.csv
8514,1277,23,2020-08-15,2020-08-29,2020-10-02,2026-08-12T13:29:33.699965,loans.csv
2776,336,1,2023-04-10,2023-04-24,2023-04-16,2026-08-12T13:29:33.699965,loans.csv
1699,2324,1,2024-09-15,2024-09-29,2024-09-17,2026-08-12T13:29:33.699965,loans.csv
5426,574,2,2024-05-05,2024-05-19,2024-05-16,2026-08-12T13:29:33.699965,loans.csv
8088,1794,1,2023-11-25,2023-12-09,2023-12-08,2026-08-12T13:29:33.699965,loans.csv
5208,435,1,2024-12-11,2024-12-25,,2026-08-12T13:29:33.699965,loans.csv
2070,1054,1,2021-05-02,2021-05-16,2021-05-04,2026-08-12T13:29:33.699965,loans.csv
7312,1656,80,2023-07-04,2023-07-18,2023-07-18,2026-08-12T13:29:33.699965,loans.csv
1293,388,1,2022-03-04,2022-03-18,2022-03-09,2026-08-12T13:29:33.699965,loans.csv
6369,652,2,2023-06-20,2023-07-04,2023-06-21,2026-08-12T13:29:33.699965,loans.csv
4291,1242,1,2024-11-29,2024-12-13,2024-12-04,2026-08-12T13:29:33.699965,loans.csv
8888,2113,2,2024-12-05,2024-12-19,2024-12-17,2026-08-12T13:29:33.699965,loans.csv
2592,2340,4,2023-04-07,2023-04-21,2023-04-16,2026-08-12T13:29:33.699965,loans.csv
5255,468,8,2023-11-08,2023-11-22,2023-11-27,2026-08-12T13:29:33.699965,loans.csv
6161,461,1,2021-07-29,2021-08-12,2021-08-02,2026-08-12T13:29:33.699965,loans.csv
1750,2199,1,2023-04-10,2023-04-24,2023-04-18,2026-08-12T13:29:33.699965,loans.csv
8374,2130,150,2024-11-10,2024-11-24,,2026-08-12T13:29:33.699965,loans.csv
5388,292,3,2024-10-23,2024-11-06,2024-10-28,2026-08-12T13:29:33.699965,loans.csv
1454,2536,2,2022-07-06,2022-07-20,2022-07-22,2026-08-12T13:29:33.699965,loans.csv
9017,2597,1,2020-07-07,2020-07-21,2020-07-24,2026-08-12T13:29:33.699965,loans.csv
8467,621,2,2023-09-24,2023-10-08,2023-10-08,2026-08-12T13:29:33.699965,loans.csv
6827,2191,1,2021-12-17,2022-01-07,2022-01-01,2026-08-12T13:29:33.699965,loans.csv
5588,1554,3,2020-10-12,2020-10-26,2020-10-23,2026-08-12T13:29:33.699965,loans.csv
6786,954,3,2023-05-09,2023-05-23,2023-05-12,2026-08-12T13:29:33.699965,loans.csv
8396,1238,4,2024-01-04,2024-01-18,2024-01-23,2026-08-12T13:29:33.699965,loans.csv
73,321,4,2022-10-28,2022-11-11,2022-10-29,2026-08-12T13:29:33.699965,loans.csv
4841,268,1,2024-07-10,2024-07-24,2024-08-30,2026-08-12T13:29:33.699965,loans.csv
1844,2022,2,2024-09-17,2024-10-01,2024-09-19,2026-08-12T13:29:33.699965,loans.csv
4354,2523,1,2020-06-20,2020-07-04,2020-06-28,2026-08-12T13:29:33.699965,loans.csv
9048,1690,1,2024-11-04,2024-11-18,,2026-08-12T13:29:33.699965,loans.csv
6552,1559,30,2024-08-06,2024-08-27,,2026-08-12T13:29:33.699965,loans.csv
780,1576,2,2023-01-22,2023-02-12,2023-02-11,2026-08-12T13:29:33.699965,loans.csv
333,2783,1,2024-11-23,2024-12-07,2024-12-12,2026-08-12T13:29:33.699965,loans.csv
4798,2493,1,2022-05-27,2022-06-10,2022-06-02,2026-08-12T13:29:33.699965,loans.csv
3385,2791,3,2022-10-03,2022-10-17,,2026-08-12T13:29:33.699965,loans.csv
1959,90,14,2024-11-23,2024-12-07,2024-12-04,2026-08-12T13:29:33.699965,loans.csv
5893,941,4,2022-02-18,2022-03-04,2022-03-05,2026-08-12T13:29:33.699965,loans.csv
9090,1065,108,2021-11-09,2021-11-23,2021-11-29,2026-08-12T13:29:33.699965,loans.csv
4388,1845,1,2022-05-15,2022-05-29,2022-06-19,2026-08-12T13:29:33.699965,loans.csv
2745,1041,1,2024-10-01,2024-10-15,2024-10-13,2026-08-12T13:29:33.699965,loans.csv
6103,2092,1,2023-10-31,2023-11-14,2023-11-03,2026-08-12T13:29:33.699965,loans.csv
6561,2731,1,2022-10-04,2022-10-25,2022-10-31,2026-08-12T13:29:33.699965,loans.csv
6177,752,19,2023-03-14,2023-03-28,2023-03-24,2026-08-12T13:29:33.699965,loans.csv
4314,2081,1,2020-11-24,2020-12-08,2020-12-05,2026-08-12T13:29:33.699965,loans.csv
1466,515,1,2022-12-17,2022-12-31,2022-12-25,2026-08-12T13:29:33.699965,loans.csv
3705,2001,9,2024-06-11,2024-05-30,2024-06-20,2026-08-12T13:29:33.699965,loans.csv
1110,229,31,2022-06-02,2022-06-23,2022-06-14,2026-08-12T13:29:33.699965,loans.csv
1569,1225,94,2020-04-09,2020-04-23,2020-04-15,2026-08-12T13:29:33.699965,loans.csv
1925,1761,3,2023-01-20,2023-02-03,2023-02-09,2026-08-12T13:29:33.699965,loans.csv
538,1227,2,2021-06-09,2021-06-23,2021-06-21,2026-08-12T13:29:33.699965,loans.csv
3333,1429,3,2024-01-22,2024-02-05,,2026-08-12T13:29:33.699965,loans.csv
1460,1797,41,2023-04-06,2023-04-20,2023-04-07,2026-08-12T13:29:33.699965,loans.csv
225,2010,3,2022-02-09,2022-02-23,2022-02-10,2026-08-12T13:29:33.699965,loans.csv
1453,520,1,2024-01-30,2024-02-13,2024-02-07,2026-08-12T13:29:33.699965,loans.csv
953,835,1,2024-08-29,2024-09-12,2024-09-12,2026-08-12T13:29:33.699965,loans.csv
1171,2667,2,2024-10-16,2024-10-30,2024-11-01,2026-08-12T13:29:33.699965,loans.csv
1343,2558,1,2023-08-16,2023-08-30,2023-08-22,2026-08-12T13:29:33.699965,loans.csv
2486,1187,1,2023-09-04,2023-09-18,2023-09-16,2026-08-12T13:29:33.699965,loans.csv
1709,2253,1,2021-10-03,2021-10-24,2021-10-09,2026-08-12T13:29:33.699965,loans.csv
7492,935,83,2023-07-28,2023-08-11,2023-08-13,2026-08-12T13:29:33.699965,loans.csv
2913,675,29,2021-02-08,2021-03-01,2021-03-03,2026-08-12T13:29:33.699965,loans.csv
3234,1713,4,2023-06-18,2023-07-09,2023-06-21,2026-08-12T13:29:33.699965,loans.csv
1160,654,29,2022-12-15,2022-12-29,2022-12-19,2026-08-12T13:29:33.699965,loans.csv
7298,460,1,2024-01-15,2024-01-29,2024-01-17,2026-08-12T13:29:33.699965,loans.csv
8692,1365,1,2024-05-13,2024-05-27,2024-06-02,2026-08-12T13:29:33.699965,loans.csv
7101,1942,3,2024-11-29,2024-12-13,2025-01-09,2026-08-12T13:29:33.699965,loans.csv
9197,2776,34,2024-02-19,2024-03-04,2024-03-31,2026-08-12T13:29:33.699965,loans.csv
3962,165,1,2024-08-07,2024-08-21,2024-08-21,2026-08-12T13:29:33.699965,loans.csv
635,1676,154,2024-12-24,2025-01-07,,2026-08-12T13:29:33.699965,loans.csv
3509,1376,3,2024-06-26,2024-07-10,2024-07-04,2026-08-12T13:29:33.699965,loans.csv
6727,814,1,2024-12-06,2024-12-20,2024-12-25,2026-08-12T13:29:33.699965,loans.csv
3001,1729,1,2023-08-29,2023-09-12,2023-09-18,2026-08-12T13:29:33.699965,loans.csv
3608,863,9,2023-02-02,2023-02-16,2023-02-15,2026-08-12T13:29:33.699965,loans.csv
6469,508,1,2024-02-23,2024-03-08,2024-02-25,2026-08-12T13:29:33.699965,loans.csv
1358,2309,17,2024-01-31,2024-02-14,2024-03-04,2026-08-12T13:29:33.699965,loans.csv
6978,960,1,2021-05-12,2021-05-26,2021-05-26,2026-08-12T13:29:33.699965,loans.csv
5306,2267,1,2024-06-29,2024-07-13,2024-07-18,2026-08-12T13:29:33.699965,loans.csv
5983,1488,7,2021-03-08,2021-03-22,2021-03-28,2026-08-12T13:29:33.699965,loans.csv
1674,1956,1,2024-03-20,2024-04-03,2024-03-31,2026-08-12T13:29:33.699965,loans.csv
5452,884,53,2024-12-21,2025-01-04,,2026-08-12T13:29:33.699965,loans.csv
747,780,1,2023-12-10,2023-12-24,,2026-08-12T13:29:33.699965,loans.csv
5926,1728,1,2023-01-23,2023-02-06,2023-01-26,2026-08-12T13:29:33.699965,loans.csv
7891,536,1,2024-11-22,2024-12-06,2024-11-25,2026-08-12T13:29:33.699965,loans.csv
7670,562,13,2023-01-08,2023-01-22,,2026-08-12T13:29:33.699965,loans.csv
1025,1984,3,2024-10-13,2024-10-27,2024-10-15,2026-08-12T13:29:33.699965,loans.csv
2899,807,3,2023-10-08,2023-10-22,2023-10-23,2026-08-12T13:29:33.699965,loans.csv
5137,1764,112,2022-04-27,2022-05-11,,2026-08-12T13:29:33.699965,loans.csv
2137,544,7,2023-12-12,2023-12-26,2023-12-19,2026-08-12T13:29:33.699965,loans.csv
6692,2093,1,2024-01-16,2024-01-30,2024-01-23,2026-08-12T13:29:33.699965,loans.csv
1879,1210,1,2022-11-27,2022-12-11,2022-12-19,2026-08-12T13:29:33.699965,loans.csv
4094,326,17,2023-11-24,2023-12-08,2023-12-10,2026-08-12T13:29:33.699965,loans.csv
5175,416,1,2024-09-27,2024-10-11,2024-09-29,2026-08-12T13:29:33.699965,loans.csv
1919,1243,1,2024-04-25,2024-05-09,2024-05-04,2026-08-12T13:29:33.699965,loans.csv
2305,1225,89,2021-01-06,2021-01-20,2021-01-23,2026-08-12T13:29:33.699965,loans.csv
7054,133,1,2022-12-21,2023-01-04,2022-12-25,2026-08-12T13:29:33.699965,loans.csv
597,1395,52,2024-09-08,2024-09-22,,2026-08-12T13:29:33.699965,loans.csv
1929,2319,90,2024-04-21,2024-05-05,2024-05-07,2026-08-12T13:29:33.699965,loans.csv
2544,27,2,2024-11-18,2024-12-02,2024-12-08,2026-08-12T13:29:33.699965,loans.csv
6659,1653,28,2022-04-12,2022-04-26,,2026-08-12T13:29:33.699965,loans.csv
3349,1176,4,2024-04-30,2024-05-14,2024-05-31,2026-08-12T13:29:33.699965,loans.csv
8644,956,1,2020-09-21,2020-10-05,2020-09-24,2026-08-12T13:29:33.699965,loans.csv
1433,2198,1,2021-04-02,2021-04-16,2021-04-22,2026-08-12T13:29:33.699965,loans.csv
6516,774,32,2023-06-06,2023-06-20,2023-06-19,2026-08-12T13:29:33.699965,loans.csv
1740,1592,1,2024-09-22,2024-10-06,2024-09-28,2026-08-12T13:29:33.699965,loans.csv
7694,867,26,2023-01-10,2023-01-24,2023-01-23,2026-08-12T13:29:33.699965,loans.csv
9251,1929,1,2023-08-19,2023-09-02,2023-08-27,2026-08-12T13:29:33.699965,loans.csv
1941,2173,1,2024-02-20,2024-03-05,2024-02-28,2026-08-12T13:29:33.699965,loans.csv
6345,2756,95,2024-10-31,2024-11-14,2024-11-04,2026-08-12T13:29:33.699965,loans.csv
1023,1740,3,2024-12-09,2024-12-23,2024-12-10,2026-08-12T13:29:33.699965,loans.csv
6868,859,30,2022-12-26,2023-01-09,,2026-08-12T13:29:33.699965,loans.csv
4481,347,1,2024-03-14,2024-03-28,2024-05-02,2026-08-12T13:29:33.699965,loans.csv
5611,1737,11,2020-09-27,2020-10-11,2020-10-09,2026-08-12T13:29:33.699965,loans.csv
7170,1560,3,2024-02-27,2024-03-12,2024-03-20,2026-08-12T13:29:33.699965,loans.csv
2446,1814,4,2023-09-07,2023-09-21,2023-09-17,2026-08-12T13:29:33.699965,loans.csv
3772,1142,3,2023-11-24,2023-12-08,2023-11-29,2026-08-12T13:29:33.699965,loans.csv
7141,1540,7,2023-11-18,2023-12-02,2023-12-08,2026-08-12T13:29:33.699965,loans.csv
6120,1811,2,2024-06-21,2024-07-05,2024-06-23,2026-08-12T13:29:33.699965,loans.csv
7553,285,12,2024-03-12,2024-03-26,2024-03-30,2026-08-12T13:29:33.699965,loans.csv
1352,1305,1,2024-09-22,2024-10-06,2024-10-08,2026-08-12T13:29:33.699965,loans.csv
3495,814,1,2024-02-01,2024-02-15,2024-02-04,2026-08-12T13:29:33.699965,loans.csv
884,461,3,2023-01-19,2023-02-02,2023-02-01,2026-08-12T13:29:33.699965,loans.csv
8069,2796,2,2021-11-02,2021-11-16,2021-11-07,2026-08-12T13:29:33.699965,loans.csv
468,1529,5,2023-04-27,2023-05-11,2023-05-15,2026-08-12T13:29:33.699965,loans.csv
1597,2165,5,2024-09-25,2024-10-09,2024-10-13,2026-08-12T13:29:33.699965,loans.csv
5811,2423,7,2024-10-04,2024-10-18,2024-10-12,2026-08-12T13:29:33.699965,loans.csv
6694,2565,1,2022-12-23,2023-01-06,2023-01-04,2026-08-12T13:29:33.699965,loans.csv
6135,2770,24,2023-01-17,2023-01-31,2023-02-23,2026-08-12T13:29:33.699965,loans.csv
7402,534,1,2024-04-22,2024-05-06,,2026-08-12T13:29:33.699965,loans.csv
2850,2673,5,2024-11-09,2024-11-23,2024-11-24,2026-08-12T13:29:33.699965,loans.csv
1045,18,3,2020-01-17,2020-01-31,2020-01-24,2026-08-12T13:29:33.699965,loans.csv
5432,2366,4,2023-08-19,2023-09-02,2023-09-02,2026-08-12T13:29:33.699965,loans.csv
8731,1659,131,2021-09-20,2021-10-04,,2026-08-12T13:29:33.699965,loans.csv
3099,320,3,2024-05-23,2024-06-06,,2026-08-12T13:29:33.699965,loans.csv
6160,2303,2,2022-10-27,2022-11-10,2022-11-06,2026-08-12T13:29:33.699965,loans.csv
9071,2079,1,2024-10-03,2024-10-17,2024-10-04,2026-08-12T13:29:33.699965,loans.csv
1523,1657,1,2024-01-24,2024-02-07,2024-02-11,2026-08-12T13:29:33.699965,loans.csv
3282,2238,11,2024-12-15,2024-12-29,,2026-08-12T13:29:33.699965,loans.csv
3731,1877,1,2024-12-06,2024-12-20,,2026-08-12T13:29:33.699965,loans.csv
1220,917,15,2024-01-23,2024-02-06,2024-02-16,2026-08-12T13:29:33.699965,loans.csv
5520,310,31,2020-05-09,2020-05-30,2020-05-30,2026-08-12T13:29:33.699965,loans.csv
3686,1485,1,2024-08-04,2024-08-25,2024-08-18,2026-08-12T13:29:33.699965,loans.csv
7419,1846,2,2021-06-28,2021-07-12,2021-06-30,2026-08-12T13:29:33.699965,loans.csv
8053,425,3,2023-09-19,2023-10-03,2023-10-02,2026-08-12T13:29:33.699965,loans.csv
4715,2056,5,2023-12-27,2024-01-10,,2026-08-12T13:29:33.699965,loans.csv
3933,937,17,2021-12-04,2021-12-18,2021-12-21,2026-08-12T13:29:33.699965,loans.csv
8938,682,1,2024-09-18,2024-10-02,2024-09-21,2026-08-12T13:29:33.699965,loans.csv
9127,444,1,2024-03-09,2024-03-23,2024-03-22,2026-08-12T13:29:33.699965,loans.csv
4351,775,1,2022-03-11,2022-03-25,,2026-08-12T13:29:33.699965,loans.csv
7059,433,4,2022-02-11,2022-02-25,2022-02-18,2026-08-12T13:29:33.699965,loans.csv
7548,242,1,2020-10-14,2020-10-28,2020-10-23,2026-08-12T13:29:33.699965,loans.csv
3151,2438,65,2020-12-30,2021-01-13,2021-01-04,2026-08-12T13:29:33.699965,loans.csv
2922,2562,7,2020-04-11,2020-04-25,2020-05-01,2026-08-12T13:29:33.699965,loans.csv
1701,1198,3,2024-04-12,2024-04-26,2024-04-29,2026-08-12T13:29:33.699965,loans.csv
3192,907,2,2023-06-13,2023-06-27,2023-06-17,2026-08-12T13:29:33.699965,loans.csv
7713,2106,4,2020-11-16,2020-11-30,2020-11-29,2026-08-12T13:29:33.699965,loans.csv
5953,1254,3,2022-07-09,2022-07-23,2022-07-21,2026-08-12T13:29:33.699965,loans.csv
3012,534,20,2024-06-26,2024-07-10,2024-06-29,2026-08-12T13:29:33.699965,loans.csv
2345,1910,2,2024-11-06,2024-11-20,2024-11-10,2026-08-12T13:29:33.699965,loans.csv
7115,2572,37,2022-03-18,2022-04-01,,2026-08-12T13:29:33.699965,loans.csv
7926,2226,1,2024-07-11,2024-07-25,2024-07-28,2026-08-12T13:29:33.699965,loans.csv
7950,201,173,2023-04-08,2023-04-22,,2026-08-12T13:29:33.699965,loans.csv
4229,1663,1,2022-05-31,2022-06-14,2022-06-20,2026-08-12T13:29:33.699965,loans.csv
4593,649,1,2023-12-04,2023-12-18,2024-01-13,2026-08-12T13:29:33.699965,loans.csv
7451,297,1,2023-04-06,2023-04-20,2023-04-20,2026-08-12T13:29:33.699965,loans.csv
4233,133,125,2024-10-11,2024-10-25,,2026-08-12T13:29:33.699965,loans.csv
8522,209,4,2023-07-22,2023-08-05,2023-08-05,2026-08-12T13:29:33.699965,loans.csv
2289,367,3,2023-11-05,2023-11-19,2023-11-12,2026-08-12T13:29:33.699965,loans.csv
786,2702,14,2022-07-19,2022-08-02,2022-08-07,2026-08-12T13:29:33.699965,loans.csv
7705,629,1,2024-08-02,2024-08-16,2024-08-11,2026-08-12T13:29:33.699965,loans.csv
4768,305,1,2023-11-18,2023-12-09,2023-11-19,2026-08-12T13:29:33.699965,loans.csv
1598,1986,1,2023-05-24,2023-06-07,2023-06-01,2026-08-12T13:29:33.699965,loans.csv
399,481,19,2024-05-18,2024-06-08,2024-06-08,2026-08-12T13:29:33.699965,loans.csv
4645,721,114,2022-10-19,2022-11-02,2022-11-02,2026-08-12T13:29:33.699965,loans.csv
5136,2703,2,2024-10-06,2024-10-20,,2026-08-12T13:29:33.699965,loans.csv
6556,1153,1,2022-09-20,2022-10-04,2022-09-27,2026-08-12T13:29:33.699965,loans.csv
6599,1549,3,2023-09-17,2023-10-01,2023-10-03,2026-08-12T13:29:33.699965,loans.csv
4289,862,23,2023-12-22,2024-01-05,2024-01-10,2026-08-12T13:29:33.699965,loans.csv
8685,2445,3,2024-12-26,2025-01-09,,2026-08-12T13:29:33.699965,loans.csv
3565,1363,7,2021-11-23,2021-12-14,2022-01-22,2026-08-12T13:29:33.699965,loans.csv
7097,1450,4,2024-11-08,2024-11-22,2024-11-12,2026-08-12T13:29:33.699965,loans.csv
4671,1976,32,2022-06-24,2022-07-08,2022-06-29,2026-08-12T13:29:33.699965,loans.csv
7877,1619,12,2024-12-18,2025-01-01,,2026-08-12T13:29:33.699965,loans.csv
7729,1633,1,2024-12-02,2024-12-16,2024-12-14,2026-08-12T13:29:33.699965,loans.csv
8247,414,6,2022-04-25,2022-05-09,2022-05-12,2026-08-12T13:29:33.699965,loans.csv
3679,358,3,2020-10-21,2020-10-08,2020-11-04,2026-08-12T13:29:33.699965,loans.csv
3978,1629,3,2024-09-17,2024-10-01,2024-11-03,2026-08-12T13:29:33.699965,loans.csv
4900,954,46,2021-12-06,2021-12-20,2021-12-19,2026-08-12T13:29:33.699965,loans.csv
4823,2484,30,2024-06-05,2024-06-19,2024-06-11,2026-08-12T13:29:33.699965,loans.csv
7466,411,1,2023-06-02,2023-06-16,2023-07-31,2026-08-12T13:29:33.699965,loans.csv
9294,867,2,2022-07-12,2022-07-26,2022-07-26,2026-08-12T13:29:33.699965,loans.csv
3458,741,8,2023-05-16,2023-05-04,2023-05-28,2026-08-12T13:29:33.699965,loans.csv
8440,69,1,2021-08-29,2021-09-12,2021-09-19,2026-08-12T13:29:33.699965,loans.csv
8601,380,8,2022-05-26,2022-06-16,,2026-08-12T13:29:33.699965,loans.csv
3157,1941,4,2024-05-23,2024-06-06,2024-05-28,2026-08-12T13:29:33.699965,loans.csv
2487,259,4,2022-05-22,2022-05-08,2022-05-23,2026-08-12T13:29:33.699965,loans.csv
4141,2025,1,2024-04-02,2024-04-16,2024-04-19,2026-08-12T13:29:33.699965,loans.csv
6024,767,11,2023-09-12,2023-09-26,2023-10-09,2026-08-12T13:29:33.699965,loans.csv
6066,862,46,2023-01-11,2023-01-25,,2026-08-12T13:29:33.699965,loans.csv
6991,1392,8,2024-05-28,2024-06-11,,2026-08-12T13:29:33.699965,loans.csv
224,935,1,2023-04-24,2023-05-08,2023-05-14,2026-08-12T13:29:33.699965,loans.csv
7986,486,2,2024-03-04,2024-03-25,2024-03-28,2026-08-12T13:29:33.699965,loans.csv
2169,403,1,2022-04-12,2022-04-26,2022-04-16,2026-08-12T13:29:33.699965,loans.csv
7383,2425,2,2024-01-25,2024-02-08,2024-02-02,2026-08-12T13:29:33.699965,loans.csv
6725,142,1,2024-05-01,2024-05-15,2024-05-12,2026-08-12T13:29:33.699965,loans.csv
752,1523,3,2024-02-16,2024-03-01,,2026-08-12T13:29:33.699965,loans.csv
8205,1582,2,2023-10-20,2023-11-03,2023-11-06,2026-08-12T13:29:33.699965,loans.csv
5874,1260,1,2023-09-16,2023-09-30,2023-09-21,2026-08-12T13:29:33.699965,loans.csv
9284,394,2,2023-10-22,2023-11-05,,2026-08-12T13:29:33.699965,loans.csv
8548,1400,1,2024-01-27,2024-02-17,2024-02-02,2026-08-12T13:29:33.699965,loans.csv
8715,152,2,2024-01-24,2024-02-07,2024-01-29,2026-08-12T13:29:33.699965,loans.csv
6337,1694,1,2024-09-03,2024-09-17,2024-09-17,2026-08-12T13:29:33.699965,loans.csv
927,2190,8,2022-04-03,2022-04-17,,2026-08-12T13:29:33.699965,loans.csv
1088,2533,1,2024-10-28,2024-11-18,2024-11-06,2026-08-12T13:29:33.699965,loans.csv
1270,2516,33,2023-08-23,2023-09-13,2023-09-14,2026-08-12T13:29:33.699965,loans.csv
4440,2741,8,2022-06-16,2022-06-30,2022-06-23,2026-08-12T13:29:33.699965,loans.csv
6902,753,1,2024-09-08,2024-09-22,,2026-08-12T13:29:33.699965,loans.csv
5039,1722,1,2021-08-18,2021-09-01,2021-09-06,2026-08-12T13:29:33.699965,loans.csv
6332,305,3,2023-05-06,2023-05-20,2023-05-22,2026-08-12T13:29:33.699965,loans.csv
6519,1988,1,2021-01-03,2021-01-17,2021-01-13,2026-08-12T13:29:33.699965,loans.csv
2927,195,1,2023-08-01,2023-08-15,2023-08-03,2026-08-12T13:29:33.699965,loans.csv
5689,1202,2,2022-04-09,2022-04-23,2022-04-27,2026-08-12T13:29:33.699965,loans.csv
7709,2370,47,2024-12-14,2024-12-28,,2026-08-12T13:29:33.699965,loans.csv
556,347,1,2023-12-21,2024-01-04,2023-12-25,2026-08-12T13:29:33.699965,loans.csv
1330,470,6,2022-03-30,2022-04-13,2022-05-11,2026-08-12T13:29:33.699965,loans.csv
8444,556,1,2022-11-22,2022-12-06,2022-12-05,2026-08-12T13:29:33.699965,loans.csv
4096,2148,7,2024-03-04,2024-03-18,2024-03-19,2026-08-12T13:29:33.699965,loans.csv
1219,1162,1,2022-08-07,2022-08-21,2022-08-17,2026-08-12T13:29:33.699965,loans.csv
4912,573,1,2024-01-31,2024-02-14,,2026-08-12T13:29:33.699965,loans.csv
7697,879,1,2021-12-10,2021-12-24,,2026-08-12T13:29:33.699965,loans.csv
6992,1645,3,2024-04-03,2024-04-17,2024-04-23,2026-08-12T13:29:33.699965,loans.csv
4145,797,1,2022-04-15,2022-04-29,2022-05-02,2026-08-12T13:29:33.699965,loans.csv
8901,205,1,2024-06-11,2024-06-25,2024-06-17,2026-08-12T13:29:33.699965,loans.csv
5679,954,7,2023-11-30,2023-12-14,2023-12-14,2026-08-12T13:29:33.699965,loans.csv
5966,635,6,2024-07-20,2024-08-03,2024-07-31,2026-08-12T13:29:33.699965,loans.csv
7261,2432,1,2024-07-06,2024-07-20,2024-07-07,2026-08-12T13:29:33.699965,loans.csv
7534,456,40,2023-08-04,2023-08-18,2023-08-18,2026-08-12T13:29:33.699965,loans.csv
1883,650,1,2024-03-20,2024-04-03,,2026-08-12T13:29:33.699965,loans.csv
8520,45,10,2023-02-06,2023-02-20,2023-04-03,2026-08-12T13:29:33.699965,loans.csv
502,1980,2,2022-04-26,2022-05-10,2022-05-04,2026-08-12T13:29:33.699965,loans.csv
9126,2353,65,2023-02-04,2023-02-18,,2026-08-12T13:29:33.699965,loans.csv
2572,435,2,2024-10-14,2024-10-28,2024-11-03,2026-08-12T13:29:33.699965,loans.csv
4791,2147,8,2024-03-30,2024-04-13,2024-04-15,2026-08-12T13:29:33.699965,loans.csv
7637,2164,1,2023-08-19,2023-09-02,2023-08-29,2026-08-12T13:29:33.699965,loans.csv
9133,1139,2,2024-10-21,2024-11-04,2024-11-20,2026-08-12T13:29:33.699965,loans.csv
3044,420,12,2021-09-29,2021-10-13,2021-09-30,2026-08-12T13:29:33.699965,loans.csv
6207,199,1,2024-12-24,2025-01-07,,2026-08-12T13:29:33.699965,loans.csv
3697,2022,9,2022-02-04,2022-02-18,2022-02-08,2026-08-12T13:29:33.699965,loans.csv
8653,904,5,2021-12-24,2022-01-07,2022-01-04,2026-08-12T13:29:33.699965,loans.csv
7838,2004,1,2022-07-22,2022-08-05,2022-08-02,2026-08-12T13:29:33.699965,loans.csv
8841,950,8,2023-08-18,2023-09-01,2023-09-05,2026-08-12T13:29:33.699965,loans.csv
2327,999,1,2024-09-05,2024-09-19,2024-09-13,2026-08-12T13:29:33.699965,loans.csv
9107,1995,1,2024-10-26,2024-11-16,2024-11-21,2026-08-12T13:29:33.699965,loans.csv
726,101,1,2024-02-05,2024-02-26,2024-02-13,2026-08-12T13:29:33.699965,loans.csv
2663,1515,1,2022-09-10,2022-09-24,2022-09-13,2026-08-12T13:29:33.699965,loans.csv
7457,1983,21,2024-09-21,2024-10-05,2024-10-10,2026-08-12T13:29:33.699965,loans.csv
4081,398,23,2023-02-04,2023-02-18,2023-02-19,2026-08-12T13:29:33.699965,loans.csv
1958,441,1,2023-06-12,2023-06-26,2023-06-29,2026-08-12T13:29:33.699965,loans.csv
1137,1998,11,2024-08-26,2024-09-09,2024-09-08,2026-08-12T13:29:33.699965,loans.csv
5879,1671,1,2024-07-06,2024-07-20,,2026-08-12T13:29:33.699965,loans.csv
8773,2391,3,2020-09-08,2020-09-29,2020-09-26,2026-08-12T13:29:33.699965,loans.csv
3203,481,1,2024-05-26,2024-06-09,2024-05-30,2026-08-12T13:29:33.699965,loans.csv
6764,317,4,2023-06-03,2023-06-17,2023-06-12,2026-08-12T13:29:33.699965,loans.csv
3461,2026,2,2024-07-10,2024-07-24,2024-07-25,2026-08-12T13:29:33.699965,loans.csv
3669,2759,1,2023-12-30,2024-01-13,2024-01-04,2026-08-12T13:29:33.699965,loans.csv
1666,2697,1,2023-03-22,2023-04-05,2023-04-10,2026-08-12T13:29:33.699965,loans.csv
498,772,14,2024-06-01,2024-06-15,2024-06-21,2026-08-12T13:29:33.699965,loans.csv
2676,2731,80,2024-03-21,2024-04-04,2024-03-26,2026-08-12T13:29:33.699965,loans.csv
2489,1540,1,2021-06-09,2021-06-23,2021-06-26,2026-08-12T13:29:33.699965,loans.csv
8701,1056,1,2024-08-29,2024-09-12,2024-09-06,2026-08-12T13:29:33.699965,loans.csv
3596,494,1,2024-11-13,2024-11-27,2024-11-18,2026-08-12T13:29:33.699965,loans.csv
9283,1967,3,2024-03-06,2024-03-20,2024-03-16,2026-08-12T13:29:33.699965,loans.csv
7233,1734,1,2023-06-11,2023-06-25,2023-06-25,2026-08-12T13:29:33.699965,loans.csv
5989,1082,1,2024-02-26,2024-03-11,2024-03-11,2026-08-12T13:29:33.699965,loans.csv
8999,2110,65,2023-12-11,2023-12-25,2023-12-22,2026-08-12T13:29:33.699965,loans.csv
4836,1523,1,2024-06-26,2024-07-10,2024-07-06,2026-08-12T13:29:33.699965,loans.csv
3718,363,1,2021-02-27,2021-03-13,2021-04-20,2026-08-12T13:29:33.699965,loans.csv
1931,2001,1,2024-12-08,2024-12-22,2024-12-22,2026-08-12T13:29:33.699965,loans.csv
7036,2592,1,2024-01-07,2024-01-21,2024-01-15,2026-08-12T13:29:33.699965,loans.csv
2176,66,1,2020-09-25,2020-10-09,2020-11-18,2026-08-12T13:29:33.699965,loans.csv
473,1570,1,2022-12-04,2022-12-18,,2026-08-12T13:29:33.699965,loans.csv
1751,1321,1,2024-10-02,2024-10-16,,2026-08-12T13:29:33.699965,loans.csv
7468,1823,4,2021-10-22,2021-11-05,2021-10-30,2026-08-12T13:29:33.699965,loans.csv
9159,405,2,2024-09-05,2024-09-19,,2026-08-12T13:29:33.699965,loans.csv
2435,1796,72,2024-04-24,2024-05-08,2024-04-28,2026-08-12T13:29:33.699965,loans.csv
9469,646,4,2024-04-21,2024-05-05,2024-04-22,2026-08-12T13:29:33.699965,loans.csv
2644,199,7,2024-10-14,2024-10-28,2024-10-27,2026-08-12T13:29:33.699965,loans.csv
3304,2341,3,2024-08-15,2024-08-29,2024-09-04,2026-08-12T13:29:33.699965,loans.csv
8011,2004,2,2023-03-31,2023-04-14,2023-04-19,2026-08-12T13:29:33.699965,loans.csv
2847,2059,150,2024-04-14,2024-04-28,,2026-08-12T13:29:33.699965,loans.csv
55,517,1,2020-07-30,2020-08-13,2020-08-16,2026-08-12T13:29:33.699965,loans.csv
2092,2078,4,2023-04-18,2023-05-02,2023-05-06,2026-08-12T13:29:33.699965,loans.csv
7692,199,1,2024-11-07,2024-11-21,2024-11-08,2026-08-12T13:29:33.699965,loans.csv
1027,283,1,2024-01-15,2024-01-29,2024-01-23,2026-08-12T13:29:33.699965,loans.csv
4092,1984,1,2024-05-07,2024-05-21,,2026-08-12T13:29:33.699965,loans.csv
4431,2144,1,2023-05-24,2023-06-07,2023-07-03,2026-08-12T13:29:33.699965,loans.csv
4849,1613,3,2023-04-23,2023-05-07,2023-04-29,2026-08-12T13:29:33.699965,loans.csv
623,1505,1,2023-12-08,2023-12-22,,2026-08-12T13:29:33.699965,loans.csv
3492,2360,1,2024-08-16,2024-08-30,,2026-08-12T13:29:33.699965,loans.csv
5717,2738,62,2024-09-21,2024-10-05,2024-10-10,2026-08-12T13:29:33.699965,loans.csv
5753,2693,1,2024-10-25,2024-11-08,2024-10-28,2026-08-12T13:29:33.699965,loans.csv
2105,588,15,2023-11-30,2023-12-14,2023-12-15,2026-08-12T13:29:33.699965,loans.csv
6722,1847,145,2024-12-16,2024-12-30,,2026-08-12T13:29:33.699965,loans.csv
5859,394,1,2024-10-17,2024-10-31,2024-10-31,2026-08-12T13:29:33.699965,loans.csv
9106,2263,10,2022-07-25,2022-08-08,2022-08-20,2026-08-12T13:29:33.699965,loans.csv
9098,2332,1,2023-02-23,2023-03-09,2023-03-02,2026-08-12T13:29:33.699965,loans.csv
5539,2035,18,2023-07-09,2023-07-23,2023-07-12,2026-08-12T13:29:33.699965,loans.csv
4560,1108,1,2022-05-31,2022-06-14,2022-06-20,2026-08-12T13:29:33.699965,loans.csv
6494,1278,1,2021-09-22,2021-10-06,,2026-08-12T13:29:33.699965,loans.csv
879,280,130,2022-09-20,2022-10-04,2022-10-02,2026-08-12T13:29:33.699965,loans.csv
2279,867,2,2024-11-15,2024-11-29,2024-11-20,2026-08-12T13:29:33.699965,loans.csv
6321,894,1,2024-12-23,2025-01-06,,2026-08-12T13:29:33.699965,loans.csv
5991,999,1,2024-11-20,2024-11-10,2024-11-24,2026-08-12T13:29:33.699965,loans.csv
9168,1486,3,2024-07-15,2024-07-29,2024-07-30,2026-08-12T13:29:33.699965,loans.csv
8075,2089,2,2021-08-09,2021-08-23,2021-08-29,2026-08-12T13:29:33.699965,loans.csv
2419,2373,5,2024-11-08,2024-11-22,2024-11-15,2026-08-12T13:29:33.699965,loans.csv
4498,1318,1,2020-04-20,2020-05-04,2020-04-21,2026-08-12T13:29:33.699965,loans.csv
2757,1549,1,2023-12-09,2023-12-23,2023-12-22,2026-08-12T13:29:33.699965,loans.csv
5762,1833,39,2024-03-01,2024-03-15,2024-03-14,2026-08-12T13:29:33.699965,loans.csv
5466,1704,8,2024-04-27,2024-05-18,2024-05-12,2026-08-12T13:29:33.699965,loans.csv
8492,770,64,2023-08-30,2023-09-13,2023-09-20,2026-08-12T13:29:33.699965,loans.csv
9326,230,2,2022-04-19,2022-05-10,2022-05-03,2026-08-12T13:29:33.699965,loans.csv
8993,2066,1,2023-02-12,2023-02-26,,2026-08-12T13:29:33.699965,loans.csv
368,1819,1,2022-08-12,2022-08-26,2022-08-20,2026-08-12T13:29:33.699965,loans.csv
8970,808,1,2024-10-25,2024-11-08,2024-11-09,2026-08-12T13:29:33.699965,loans.csv
5658,2401,4,2024-03-28,2024-04-11,2024-04-03,2026-08-12T13:29:33.699965,loans.csv
5772,195,6,2023-07-21,2023-08-04,,2026-08-12T13:29:33.699965,loans.csv
6687,339,3,2024-08-30,2024-09-13,2024-09-16,2026-08-12T13:29:33.699965,loans.csv
3654,2677,12,2022-07-09,2022-07-23,2022-07-16,2026-08-12T13:29:33.699965,loans.csv
3953,2578,4,2023-12-26,2024-01-09,2023-12-29,2026-08-12T13:29:33.699965,loans.csv
4410,2529,1,2024-05-19,2024-06-02,,2026-08-12T13:29:33.699965,loans.csv
9351,631,9,2023-07-27,2023-08-10,2023-08-05,2026-08-12T13:29:33.699965,loans.csv
763,2779,2,2024-12-03,2024-12-17,2024-12-19,2026-08-12T13:29:33.699965,loans.csv
6947,2615,1,2024-08-29,2024-09-12,2024-09-08,2026-08-12T13:29:33.699965,loans.csv
6467,2516,1,2023-08-05,2023-08-19,2023-09-30,2026-08-12T13:29:33.699965,loans.csv
3078,1638,2,2024-08-20,2024-09-03,2024-09-06,2026-08-12T13:29:33.699965,loans.csv
1336,2047,64,2021-06-04,2021-06-25,2021-06-16,2026-08-12T13:29:33.699965,loans.csv
2952,2723,5,2024-11-13,2024-11-27,,2026-08-12T13:29:33.699965,loans.csv
8465,1417,1,2024-04-26,2024-05-10,2024-04-28,2026-08-12T13:29:33.699965,loans.csv
4063,1262,1,2024-12-07,2024-12-21,2024-12-24,2026-08-12T13:29:33.699965,loans.csv
2955,1773,185,2024-03-07,2024-03-21,2024-03-22,2026-08-12T13:29:33.699965,loans.csv
1435,2164,1,2023-05-24,2023-06-07,2023-06-02,2026-08-12T13:29:33.699965,loans.csv
1725,1070,3,2022-09-23,2022-10-07,2022-10-09,2026-08-12T13:29:33.699965,loans.csv
6417,2472,3,2022-06-08,2022-06-22,2022-06-26,2026-08-12T13:29:33.699965,loans.csv
877,1344,3,2024-02-23,2024-03-08,2024-03-08,2026-08-12T13:29:33.699965,loans.csv
9023,969,1,2024-07-03,2024-07-24,2024-07-11,2026-08-12T13:29:33.699965,loans.csv
7863,609,28,2024-10-23,2024-11-06,2024-10-27,2026-08-12T13:29:33.699965,loans.csv
1309,1954,2,2023-12-07,2023-12-28,2023-12-17,2026-08-12T13:29:33.699965,loans.csv
7956,61,5,2022-07-26,2022-08-16,2022-08-08,2026-08-12T13:29:33.699965,loans.csv
3570,724,3,2024-01-15,2024-01-29,2024-01-28,2026-08-12T13:29:33.699965,loans.csv
8884,1766,1,2024-04-08,2024-04-22,2024-04-10,2026-08-12T13:29:33.699965,loans.csv
2472,771,1,2021-01-21,2021-02-04,,2026-08-12T13:29:33.699965,loans.csv
7680,955,2,2023-09-16,2023-09-30,,2026-08-12T13:29:33.699965,loans.csv
383,1243,1,2024-10-06,2024-10-20,2024-10-24,2026-08-12T13:29:33.699965,loans.csv
755,305,8,2021-10-26,2021-11-09,2021-12-09,2026-08-12T13:29:33.699965,loans.csv
5821,1798,1,2024-10-13,2024-11-03,2024-10-26,2026-08-12T13:29:33.699965,loans.csv
5142,859,20,2023-12-02,2023-12-16,2023-12-06,2026-08-12T13:29:33.699965,loans.csv
4871,2201,1,2022-09-29,2022-10-13,2022-10-06,2026-08-12T13:29:33.699965,loans.csv
2640,2010,42,2022-04-04,2022-04-18,2022-04-23,2026-08-12T13:29:33.699965,loans.csv
352,2325,3,2023-07-22,2023-08-05,2023-08-08,2026-08-12T13:29:33.699965,loans.csv
952,2731,6,2023-03-24,2023-04-14,2023-04-07,2026-08-12T13:29:33.699965,loans.csv
1367,380,3,2024-09-10,2024-09-24,2024-09-23,2026-08-12T13:29:33.699965,loans.csv
6779,2474,156,2023-11-12,2023-11-26,2023-11-21,2026-08-12T13:29:33.699965,loans.csv
2539,1977,151,2022-06-27,2022-07-11,2022-07-03,2026-08-12T13:29:33.699965,loans.csv
84,1473,1,2022-07-03,2022-07-24,2022-07-20,2026-08-12T13:29:33.699965,loans.csv
8673,2756,9,2024-04-30,2024-05-14,2024-05-04,2026-08-12T13:29:33.699965,loans.csv
5790,1392,3,2023-04-13,2023-04-27,2023-04-23,2026-08-12T13:29:33.699965,loans.csv
4526,1559,14,2024-07-12,2024-07-26,2024-07-15,2026-08-12T13:29:33.699965,loans.csv
5868,1248,8,2021-03-31,2021-04-21,2021-04-15,2026-08-12T13:29:33.699965,loans.csv
9598,2558,2,2021-02-12,2021-02-26,2021-03-05,2026-08-12T13:29:33.699965,loans.csv
4277,2745,1,2024-04-28,2024-05-19,,2026-08-12T13:29:33.699965,loans.csv
1311,1013,1,2021-09-05,2021-09-19,2021-09-12,2026-08-12T13:29:33.699965,loans.csv
3118,2310,36,2022-03-24,2022-04-07,2022-04-09,2026-08-12T13:29:33.699965,loans.csv
2026,381,17,2024-11-14,2024-11-28,2024-11-20,2026-08-12T13:29:33.699965,loans.csv
3129,1107,16,2022-09-25,2022-10-09,2022-10-08,2026-08-12T13:29:33.699965,loans.csv
4224,52,1,2020-03-26,2020-04-09,2020-04-01,2026-08-12T13:29:33.699965,loans.csv
4915,2773,45,2023-03-22,2023-04-05,2023-04-04,2026-08-12T13:29:33.699965,loans.csv
2821,2010,31,2023-09-06,2023-09-20,2023-09-25,2026-08-12T13:29:33.699965,loans.csv
761,2041,1,2024-11-08,2024-11-22,2024-11-16,2026-08-12T13:29:33.699965,loans.csv
2746,2179,24,2024-01-10,2024-01-24,2024-01-30,2026-08-12T13:29:33.699965,loans.csv
2324,187,2,2022-05-04,2022-05-18,2022-05-17,2026-08-12T13:29:33.699965,loans.csv
687,2246,1,2024-01-06,2024-01-20,,2026-08-12T13:29:33.699965,loans.csv
9586,566,1,2024-12-25,2025-01-08,,2026-08-12T13:29:33.699965,loans.csv
1032,2627,3,2023-09-03,2023-09-24,,2026-08-12T13:29:33.699965,loans.csv
207,2578,2,2022-06-21,2022-07-12,2022-07-01,2026-08-12T13:29:33.699965,loans.csv
5135,2714,3,2024-08-20,2024-09-10,2024-09-04,2026-08-12T13:29:33.699965,loans.csv
3362,868,4,2024-06-29,2024-07-20,,2026-08-12T13:29:33.699965,loans.csv
8063,1866,71,2023-10-18,2023-11-01,2023-10-19,2026-08-12T13:29:33.699965,loans.csv
760,62,11,2024-06-05,2024-06-19,2024-07-10,2026-08-12T13:29:33.699965,loans.csv
4218,509,26,2022-10-15,2022-10-29,2022-10-24,2026-08-12T13:29:33.699965,loans.csv
2524,2558,10,2024-11-06,2024-11-20,2024-11-15,2026-08-12T13:29:33.699965,loans.csv
2528,708,17,2022-11-19,2022-12-03,2022-11-21,2026-08-12T13:29:33.699965,loans.csv
690,1360,74,2023-10-30,2023-11-13,2023-11-08,2026-08-12T13:29:33.699965,loans.csv
3469,904,21,2024-01-12,2024-01-26,2024-01-30,2026-08-12T13:29:33.699965,loans.csv
1951,1938,1,2024-02-19,2024-03-04,2024-02-27,2026-08-12T13:29:33.699965,loans.csv
9040,1436,3,2023-02-17,2023-03-03,2023-02-26,2026-08-12T13:29:33.699965,loans.csv
6570,1529,1,2023-12-26,2024-01-09,2024-01-05,2026-08-12T13:29:33.699965,loans.csv
6857,205,1,2024-11-02,2024-11-23,2024-11-12,2026-08-12T13:29:33.699965,loans.csv
3384,1605,1,2021-03-17,2021-03-31,2021-04-03,2026-08-12T13:29:33.699965,loans.csv
807,2659,62,2021-09-26,2021-10-10,2021-10-08,2026-08-12T13:29:33.699965,loans.csv
4547,1796,1,2021-05-06,2021-05-20,2021-05-08,2026-08-12T13:29:33.699965,loans.csv
4065,2099,2,2023-08-28,2023-09-11,,2026-08-12T13:29:33.699965,loans.csv
6231,447,48,2022-09-13,2022-09-27,2022-09-24,2026-08-12T13:29:33.699965,loans.csv
4456,377,5,2024-01-04,2024-01-18,2024-01-13,2026-08-12T13:29:33.699965,loans.csv
614,1213,1,2024-06-20,2024-07-04,2024-07-06,2026-08-12T13:29:33.699965,loans.csv
2218,2591,1,2024-09-25,2024-10-16,2024-10-07,2026-08-12T13:29:33.699965,loans.csv
1176,1343,2,2023-07-04,2023-07-18,2023-07-12,2026-08-12T13:29:33.699965,loans.csv
4275,2301,1,2024-05-12,2024-05-26,2024-05-28,2026-08-12T13:29:33.699965,loans.csv
3584,960,2,2021-01-09,2021-01-23,2021-01-12,2026-08-12T13:29:33.699965,loans.csv
4427,2023,1,2024-03-18,2024-04-01,2024-03-20,2026-08-12T13:29:33.699965,loans.csv
9162,150,1,2024-08-30,2024-09-13,2024-09-20,2026-08-12T13:29:33.699965,loans.csv
7412,2372,1,2024-08-26,2024-09-09,,2026-08-12T13:29:33.699965,loans.csv
4182,1623,1,2022-08-04,2022-08-18,,2026-08-12T13:29:33.699965,loans.csv
8284,831,1,2024-02-13,2024-02-27,2024-03-25,2026-08-12T13:29:33.699965,loans.csv
4020,1203,1,2022-12-23,2023-01-06,2023-01-06,2026-08-12T13:29:33.699965,loans.csv
4978,1581,1,2023-05-28,2023-06-11,2023-05-29,2026-08-12T13:29:33.699965,loans.csv
5671,2431,16,2022-04-02,2022-04-16,2022-04-08,2026-08-12T13:29:33.699965,loans.csv
513,1021,1,2024-07-19,2024-08-02,,2026-08-12T13:29:33.699965,loans.csv
2009,893,1,2024-11-22,2024-12-06,2024-12-17,2026-08-12T13:29:33.699965,loans.csv
5440,381,17,2024-10-03,2024-10-17,2024-10-13,2026-08-12T13:29:33.699965,loans.csv
8008,672,3,2023-08-12,2023-08-26,2023-08-18,2026-08-12T13:29:33.699965,loans.csv
7712,1122,6,2024-10-15,2024-10-29,2024-10-28,2026-08-12T13:29:33.699965,loans.csv
4061,183,1,2022-08-31,2022-09-14,,2026-08-12T13:29:33.699965,loans.csv
6353,2122,1,2024-08-11,2024-08-25,2024-09-23,2026-08-12T13:29:33.699965,loans.csv
5877,2358,62,2022-08-16,2022-09-06,2022-09-01,2026-08-12T13:29:33.699965,loans.csv
6669,2400,47,2024-10-05,2024-10-19,2024-10-24,2026-08-12T13:29:33.699965,loans.csv
15,2762,1,2023-04-25,2023-05-09,,2026-08-12T13:29:33.699965,loans.csv
1278,1582,4,2023-08-13,2023-08-27,2023-08-27,2026-08-12T13:29:33.699965,loans.csv
3196,675,3,2021-06-25,2021-07-09,2021-07-13,2026-08-12T13:29:33.699965,loans.csv
6481,1632,14,2024-02-23,2024-03-08,2024-03-08,2026-08-12T13:29:33.699965,loans.csv
1340,234,2,2024-10-22,2024-11-05,2024-10-26,2026-08-12T13:29:33.699965,loans.csv
336,2756,149,2024-05-26,2024-06-09,2024-06-12,2026-08-12T13:29:33.699965,loans.csv
1616,445,6,2024-04-04,2024-04-18,2024-04-25,2026-08-12T13:29:33.699965,loans.csv
4444,1067,2,2023-10-20,2023-11-03,2023-11-04,2026-08-12T13:29:33.699965,loans.csv
9456,2531,2,2024-05-19,2024-06-02,2024-05-20,2026-08-12T13:29:33.699965,loans.csv
2225,2758,1,2022-12-13,2022-12-27,2022-12-20,2026-08-12T13:29:33.699965,loans.csv
644,2233,2,2022-06-18,2022-07-02,2022-06-28,2026-08-12T13:29:33.699965,loans.csv
826,1524,1,2023-05-04,2023-04-28,2023-05-15,2026-08-12T13:29:33.699965,loans.csv
6056,1168,20,2024-10-27,2024-11-10,2024-11-08,2026-08-12T13:29:33.699965,loans.csv
1688,828,8,2022-12-08,2022-12-22,2022-12-16,2026-08-12T13:29:33.699965,loans.csv
5134,1150,98,2024-02-19,2024-03-04,2024-02-29,2026-08-12T13:29:33.699965,loans.csv
5162,264,2,2024-06-10,2024-06-24,,2026-08-12T13:29:33.699965,loans.csv
3957,1398,1,2024-08-16,2024-08-30,2024-08-30,2026-08-12T13:29:33.699965,loans.csv
3327,2766,3,2023-02-11,2023-02-25,2023-02-21,2026-08-12T13:29:33.699965,loans.csv
3968,2548,2,2024-06-01,2024-06-15,2024-06-09,2026-08-12T13:29:33.699965,loans.csv
6738,2659,7,2023-05-01,2023-05-15,2023-05-18,2026-08-12T13:29:33.699965,loans.csv
3501,1864,2,2023-07-16,2023-08-06,,2026-08-12T13:29:33.699965,loans.csv
5896,2296,1,2024-11-18,2024-12-02,,2026-08-12T13:29:33.699965,loans.csv
4565,2144,1,2023-08-29,2023-09-12,2023-09-10,2026-08-12T13:29:33.699965,loans.csv
5063,2586,2,2021-08-07,2021-08-21,2021-08-10,2026-08-12T13:29:33.699965,loans.csv
8372,2319,2,2024-07-19,2024-08-02,2024-07-28,2026-08-12T13:29:33.699965,loans.csv
8316,48,3,2024-04-23,2024-05-07,2024-04-28,2026-08-12T13:29:33.699965,loans.csv
4962,2320,7,2024-03-01,2024-03-15,,2026-08-12T13:29:33.699965,loans.csv
9341,1002,1,2024-06-14,2024-06-28,2024-06-25,2026-08-12T13:29:33.699965,loans.csv
2219,596,3,2023-07-17,2023-07-31,,2026-08-12T13:29:33.699965,loans.csv
9454,2036,4,2023-01-22,2023-02-05,2023-02-04,2026-08-12T13:29:33.699965,loans.csv
6395,287,1,2023-09-13,2023-09-27,2023-09-23,2026-08-12T13:29:33.699965,loans.csv
2460,2054,4,2024-10-20,2024-11-03,2024-11-03,2026-08-12T13:29:33.699965,loans.csv
7425,1350,4,2022-01-27,2022-02-17,2022-02-20,2026-08-12T13:29:33.699965,loans.csv
5538,2147,3,2024-05-18,2024-06-01,,2026-08-12T13:29:33.699965,loans.csv
267,1899,6,2022-03-25,2022-04-08,2022-03-27,2026-08-12T13:29:33.699965,loans.csv
8927,2419,10,2022-07-05,2022-07-19,2022-07-12,2026-08-12T13:29:33.699965,loans.csv
4714,1981,8,2020-08-07,2020-08-28,2020-08-27,2026-08-12T13:29:33.699965,loans.csv
925,26,1,2022-02-21,2022-03-07,2022-03-08,2026-08-12T13:29:33.699965,loans.csv
1472,2758,1,2020-08-31,2020-09-14,2020-09-10,2026-08-12T13:29:33.699965,loans.csv
3379,1211,2,2022-06-30,2022-07-14,2022-07-06,2026-08-12T13:29:33.699965,loans.csv
5194,1887,1,2024-07-21,2024-08-04,2024-08-05,2026-08-12T13:29:33.699965,loans.csv
6864,2769,4,2024-09-16,2024-09-30,2024-10-11,2026-08-12T13:29:33.699965,loans.csv
436,2167,46,2023-12-14,2024-01-04,2023-12-24,2026-08-12T13:29:33.699965,loans.csv
6002,1864,2,2024-05-03,2024-05-17,2024-05-18,2026-08-12T13:29:33.699965,loans.csv
9479,459,5,2022-01-08,2022-01-22,2022-01-18,2026-08-12T13:29:33.699965,loans.csv
6629,299,26,2022-10-10,2022-10-24,2022-10-23,2026-08-12T13:29:33.699965,loans.csv
9264,32,96,2023-09-21,2023-10-05,2023-09-23,2026-08-12T13:29:33.699965,loans.csv
621,2730,2,2024-12-19,2025-01-02,,2026-08-12T13:29:33.699965,loans.csv
5153,431,3,2024-03-26,2024-04-16,2024-04-23,2026-08-12T13:29:33.699965,loans.csv
9359,1024,1,2021-07-19,2021-07-08,2021-08-01,2026-08-12T13:29:33.699965,loans.csv
6113,464,13,2024-06-23,2024-07-07,2024-06-24,2026-08-12T13:29:33.699965,loans.csv
6685,773,2,2024-07-04,2024-07-18,2024-07-06,2026-08-12T13:29:33.699965,loans.csv
4344,1098,5,2022-11-15,2022-11-29,2022-11-29,2026-08-12T13:29:33.699965,loans.csv
3412,1095,5,2022-01-27,2022-02-10,2022-02-05,2026-08-12T13:29:33.699965,loans.csv
101,2052,1,2023-05-25,2023-06-08,2023-06-06,2026-08-12T13:29:33.699965,loans.csv
9507,1350,5,2024-12-04,2024-12-18,2024-12-13,2026-08-12T13:29:33.699965,loans.csv
91,1272,1,2024-04-27,2024-05-11,2024-05-25,2026-08-12T13:29:33.699965,loans.csv
5031,140,8,2022-07-17,2022-07-31,2022-07-29,2026-08-12T13:29:33.699965,loans.csv
1263,75,2,2023-08-18,2023-09-01,2023-08-30,2026-08-12T13:29:33.699965,loans.csv
62,650,26,2024-07-25,2024-08-08,,2026-08-12T13:29:33.699965,loans.csv
7976,1766,1,2024-08-20,2024-09-03,2024-09-02,2026-08-12T13:29:33.699965,loans.csv
4140,2669,8,2021-08-16,2021-08-30,2021-08-21,2026-08-12T13:29:33.699965,loans.csv
8282,1870,1,2021-04-18,2021-05-02,2021-04-29,2026-08-12T13:29:33.699965,loans.csv
9200,380,1,2022-01-30,2022-02-13,2022-02-05,2026-08-12T13:29:33.699965,loans.csv
450,2592,1,2023-03-06,2023-03-20,2023-03-23,2026-08-12T13:29:33.699965,loans.csv
9459,1992,1,2024-09-15,2024-10-06,2024-09-16,2026-08-12T13:29:33.699965,loans.csv
720,1684,1,2024-01-04,2024-01-18,2024-01-05,2026-08-12T13:29:33.699965,loans.csv
727,221,1,2024-10-15,2024-10-29,,2026-08-12T13:29:33.699965,loans.csv
1105,1382,5,2024-10-20,2024-11-03,2024-10-27,2026-08-12T13:29:33.699965,loans.csv
1228,2052,16,2024-03-06,2024-03-20,2024-03-18,2026-08-12T13:29:33.699965,loans.csv
6886,547,6,2022-06-19,2022-07-03,2022-08-07,2026-08-12T13:29:33.699965,loans.csv
3041,768,3,2023-07-22,2023-08-05,2023-08-07,2026-08-12T13:29:33.699965,loans.csv
500,432,112,2024-06-08,2024-06-22,2024-06-24,2026-08-12T13:29:33.699965,loans.csv
8622,2204,2,2024-07-06,2024-07-20,2024-07-08,2026-08-12T13:29:33.699965,loans.csv
2848,1293,46,2021-10-11,2021-10-25,2021-10-12,2026-08-12T13:29:33.699965,loans.csv
2885,1386,8,2021-05-28,2021-06-11,2021-06-14,2026-08-12T13:29:33.699965,loans.csv
3898,2084,1,2023-03-15,2023-03-29,,2026-08-12T13:29:33.699965,loans.csv
6085,1118,14,2023-11-30,2023-12-14,2023-12-03,2026-08-12T13:29:33.699965,loans.csv
814,1371,1,2024-06-06,2024-06-20,2024-08-03,2026-08-12T13:29:33.699965,loans.csv
5634,2493,3,2023-08-26,2023-09-09,2023-08-30,2026-08-12T13:29:33.699965,loans.csv
2841,905,1,2022-02-03,2022-02-17,,2026-08-12T13:29:33.699965,loans.csv
3310,797,7,2022-12-12,2022-12-26,2022-12-20,2026-08-12T13:29:33.699965,loans.csv
1866,1195,3,2024-08-22,2024-09-05,2024-09-30,2026-08-12T13:29:33.699965,loans.csv
8834,409,2,2022-11-03,2022-11-24,2022-11-18,2026-08-12T13:29:33.699965,loans.csv
3494,2099,1,2023-01-26,2023-02-16,2023-01-29,2026-08-12T13:29:33.699965,loans.csv
3422,2733,82,2024-01-10,2024-01-24,,2026-08-12T13:29:33.699965,loans.csv
2760,2208,1,2023-05-21,2023-06-04,,2026-08-12T13:29:33.699965,loans.csv
6054,1922,2,2024-02-10,2024-02-24,2024-02-22,2026-08-12T13:29:33.699965,loans.csv
2517,1416,1,2022-12-26,2023-01-16,,2026-08-12T13:29:33.699965,loans.csv
4648,1198,2,2024-08-16,2024-08-30,2024-08-18,2026-08-12T13:29:33.699965,loans.csv
6970,1623,1,2023-05-06,2023-05-20,2023-05-11,2026-08-12T13:29:33.699965,loans.csv
697,638,1,2022-11-02,2022-11-16,2022-11-05,2026-08-12T13:29:33.699965,loans.csv
9054,2331,2,2024-08-25,2024-09-08,2024-08-31,2026-08-12T13:29:33.699965,loans.csv
4468,2035,76,2022-10-30,2022-11-13,2022-11-14,2026-08-12T13:29:33.699965,loans.csv
4979,1937,1,2023-04-22,2023-05-06,2023-06-11,2026-08-12T13:29:33.699965,loans.csv
5301,2223,7,2023-03-26,2023-04-09,2023-04-08,2026-08-12T13:29:33.699965,loans.csv
263,2338,2,2023-06-13,2023-06-27,2023-06-23,2026-08-12T13:29:33.699965,loans.csv
6064,1563,153,2024-12-19,2025-01-02,,2026-08-12T13:29:33.699965,loans.csv
8776,973,1,2023-08-26,2023-09-09,2023-08-28,2026-08-12T13:29:33.699965,loans.csv
5798,2445,11,2024-06-21,2024-07-05,2024-07-03,2026-08-12T13:29:33.699965,loans.csv
5982,304,1,2020-05-09,2020-05-23,2020-05-24,2026-08-12T13:29:33.699965,loans.csv
1902,417,2,2023-10-16,2023-10-30,2023-11-04,2026-08-12T13:29:33.699965,loans.csv
8573,1670,2,2024-02-20,2024-03-05,2024-03-08,2026-08-12T13:29:33.699965,loans.csv
2989,2393,161,2024-05-24,2024-06-14,2024-06-21,2026-08-12T13:29:33.699965,loans.csv
3423,2001,1,2024-01-11,2024-01-25,,2026-08-12T13:29:33.699965,loans.csv
3336,1139,15,2023-11-22,2023-12-13,2023-11-29,2026-08-12T13:29:33.699965,loans.csv
5567,1030,2,2024-06-28,2024-07-12,2024-07-05,2026-08-12T13:29:33.699965,loans.csv
9555,1680,2,2022-07-27,2022-08-10,2022-08-13,2026-08-12T13:29:33.699965,loans.csv
3292,1003,1,2022-12-15,2022-12-29,2022-12-21,2026-08-12T13:29:33.699965,loans.csv
7698,2516,1,2020-09-03,2020-09-17,2020-09-20,2026-08-12T13:29:33.699965,loans.csv
5027,1017,60,2024-04-08,2024-04-22,2024-04-20,2026-08-12T13:29:33.699965,loans.csv
2759,2481,10,2024-12-05,2024-12-19,2024-12-10,2026-08-12T13:29:33.699965,loans.csv
8599,659,1,2024-05-23,2024-06-06,,2026-08-12T13:29:33.699965,loans.csv
4774,2394,8,2024-05-01,2024-05-15,2024-05-09,2026-08-12T13:29:33.699965,loans.csv
5547,1642,11,2024-01-05,2024-01-19,2024-01-10,2026-08-12T13:29:33.699965,loans.csv
3707,1536,3,2024-01-18,2024-02-01,,2026-08-12T13:29:33.699965,loans.csv
1264,714,33,2023-10-13,2023-10-27,2023-10-20,2026-08-12T13:29:33.699965,loans.csv
320,1096,1,2024-11-07,2024-11-21,2024-11-25,2026-08-12T13:29:33.699965,loans.csv
4567,1506,1,2024-10-01,2024-10-15,2024-10-11,2026-08-12T13:29:33.699965,loans.csv
4688,2786,2,2023-04-06,2023-04-20,2023-04-07,2026-08-12T13:29:33.699965,loans.csv
4366,567,1,2020-12-07,2020-12-21,2020-12-26,2026-08-12T13:29:33.699965,loans.csv
6401,1319,3,2022-11-05,2022-11-19,2022-11-23,2026-08-12T13:29:33.699965,loans.csv
5881,1353,4,2024-12-12,2025-01-02,,2026-08-12T13:29:33.699965,loans.csv
3599,360,19,2022-05-09,2022-05-23,,2026-08-12T13:29:33.699965,loans.csv
8556,2508,1,2021-07-31,2021-08-14,,2026-08-12T13:29:33.699965,loans.csv
1351,554,5,2024-02-15,2024-02-29,2024-02-20,2026-08-12T13:29:33.699965,loans.csv
2431,548,1,2021-06-24,2021-07-08,2021-07-05,2026-08-12T13:29:33.699965,loans.csv
345,693,12,2023-03-09,2023-03-23,2023-03-24,2026-08-12T13:29:33.699965,loans.csv
7444,2425,28,2023-06-16,2023-06-30,2023-07-01,2026-08-12T13:29:33.699965,loans.csv
1102,464,15,2022-01-18,2022-02-01,2022-01-24,2026-08-12T13:29:33.699965,loans.csv
221,2722,2,2024-02-29,2024-03-14,2024-03-16,2026-08-12T13:29:33.699965,loans.csv
5676,1544,1,2024-10-14,2024-10-28,,2026-08-12T13:29:33.699965,loans.csv
1337,2223,9,2023-07-02,2023-07-16,2023-07-04,2026-08-12T13:29:33.699965,loans.csv
600,1035,5,2021-11-11,2021-11-25,2021-11-17,2026-08-12T13:29:33.699965,loans.csv
5317,2678,11,2023-05-16,2023-06-06,2023-05-19,2026-08-12T13:29:33.699965,loans.csv
8975,2674,1,2024-01-10,2024-01-24,2024-01-30,2026-08-12T13:29:33.699965,loans.csv
373,1422,3,2023-10-17,2023-11-07,,2026-08-12T13:29:33.699965,loans.csv
3922,2435,1,2024-07-16,2024-07-30,2024-07-30,2026-08-12T13:29:33.699965,loans.csv
1276,210,9,2024-07-07,2024-07-21,2024-07-27,2026-08-12T13:29:33.699965,loans.csv
8780,2795,7,2023-12-14,2023-12-28,2023-12-19,2026-08-12T13:29:33.699965,loans.csv
8876,1111,10,2024-04-14,2024-04-28,2024-05-03,2026-08-12T13:29:33.699965,loans.csv
5697,417,1,2024-10-23,2024-11-06,2024-11-04,2026-08-12T13:29:33.699965,loans.csv
5242,499,10,2023-10-10,2023-10-24,,2026-08-12T13:29:33.699965,loans.csv
6943,2537,1,2023-05-18,2023-06-01,2023-05-24,2026-08-12T13:29:33.699965,loans.csv
4139,2708,2,2023-05-26,2023-06-09,2023-06-02,2026-08-12T13:29:33.699965,loans.csv
4018,257,5,2021-12-01,2021-12-15,2021-12-14,2026-08-12T13:29:33.699965,loans.csv
2456,2482,1,2024-08-31,2024-09-21,2024-09-22,2026-08-12T13:29:33.699965,loans.csv
7867,1269,1,2022-09-20,2022-10-04,2022-09-22,2026-08-12T13:29:33.699965,loans.csv
2383,1800,114,2024-06-01,2024-06-15,2024-06-05,2026-08-12T13:29:33.699965,loans.csv
8882,880,158,2022-08-04,2022-08-18,2022-08-05,2026-08-12T13:29:33.699965,loans.csv
3930,9,5,2024-09-20,2024-10-11,2024-10-22,2026-08-12T13:29:33.699965,loans.csv
4225,2191,1,2023-06-04,2023-06-18,2023-06-17,2026-08-12T13:29:33.699965,loans.csv
1926,1363,2,2023-12-21,2024-01-04,2024-01-05,2026-08-12T13:29:33.699965,loans.csv
3488,2153,1,2023-05-22,2023-06-05,,2026-08-12T13:29:33.699965,loans.csv
248,1299,4,2024-04-02,2024-04-23,2024-04-11,2026-08-12T13:29:33.699965,loans.csv
8933,1131,1,2021-09-13,2021-09-27,2021-10-03,2026-08-12T13:29:33.699965,loans.csv
2152,768,2,2022-01-25,2022-02-08,2022-02-14,2026-08-12T13:29:33.699965,loans.csv
7160,1556,3,2024-10-08,2024-10-22,2024-10-25,2026-08-12T13:29:33.699965,loans.csv
219,1024,13,2020-08-10,2020-08-24,2020-08-19,2026-08-12T13:29:33.699965,loans.csv
6792,2180,23,2024-06-17,2024-07-01,2024-06-21,2026-08-12T13:29:33.699965,loans.csv
5862,276,1,2023-04-27,2023-05-11,2023-05-05,2026-08-12T13:29:33.699965,loans.csv
6257,1675,7,2024-10-14,2024-10-28,2024-10-17,2026-08-12T13:29:33.699965,loans.csv
4536,2781,2,2023-11-27,2023-12-11,2023-12-07,2026-08-12T13:29:33.699965,loans.csv
6397,2754,10,2024-09-25,2024-10-09,2024-11-19,2026-08-12T13:29:33.699965,loans.csv
8631,841,3,2024-10-22,2024-11-05,,2026-08-12T13:29:33.699965,loans.csv
6952,1869,1,2020-09-10,2020-09-24,,2026-08-12T13:29:33.699965,loans.csv
6097,1036,1,2022-09-01,2022-09-15,2022-09-17,2026-08-12T13:29:33.699965,loans.csv
2975,630,32,2024-11-22,2024-12-06,2024-12-03,2026-08-12T13:29:33.699965,loans.csv
7128,2180,6,2024-08-20,2024-09-03,2024-09-05,2026-08-12T13:29:33.699965,loans.csv
5081,2142,37,2024-12-08,2024-12-22,2024-12-21,2026-08-12T13:29:33.699965,loans.csv
6926,1964,2,2023-11-06,2023-11-20,2023-11-26,2026-08-12T13:29:33.699965,loans.csv
6846,1301,1,2021-07-23,2021-08-06,2021-08-05,2026-08-12T13:29:33.699965,loans.csv
5847,2534,1,2024-12-05,2024-12-19,2024-12-19,2026-08-12T13:29:33.699965,loans.csv
532,1698,1,2024-11-11,2024-11-25,2024-11-14,2026-08-12T13:29:33.699965,loans.csv
8965,1189,1,2024-07-02,2024-07-16,,2026-08-12T13:29:33.699965,loans.csv
4146,2198,6,2021-12-11,2022-01-01,2021-12-23,2026-08-12T13:29:33.699965,loans.csv
5591,2445,1,2024-05-22,2024-06-05,2024-06-05,2026-08-12T13:29:33.699965,loans.csv
7009,294,3,2020-09-24,2020-10-08,2020-10-02,2026-08-12T13:29:33.699965,loans.csv
5541,2377,1,2023-07-24,2023-08-14,2023-07-26,2026-08-12T13:29:33.699965,loans.csv
8859,2251,1,2024-04-19,2024-05-10,2024-05-08,2026-08-12T13:29:33.699965,loans.csv
217,1597,32,2024-08-01,2024-08-22,,2026-08-12T13:29:33.699965,loans.csv
8558,1711,2,2021-12-21,2022-01-04,2021-12-23,2026-08-12T13:29:33.699965,loans.csv
7345,1693,1,2024-03-05,2024-03-19,2024-03-23,2026-08-12T13:29:33.699965,loans.csv
4722,1308,1,2023-07-01,2023-07-15,,2026-08-12T13:29:33.699965,loans.csv
7499,1443,2,2021-12-20,2022-01-03,2021-12-22,2026-08-12T13:29:33.699965,loans.csv
4861,1345,1,2023-10-20,2023-11-03,2023-10-22,2026-08-12T13:29:33.699965,loans.csv
4581,382,1,2024-08-13,2024-08-27,2024-08-24,2026-08-12T13:29:33.699965,loans.csv
5429,2581,1,2024-03-22,2024-04-05,,2026-08-12T13:29:33.699965,loans.csv
3363,591,2,2024-11-13,2024-11-27,,2026-08-12T13:29:33.699965,loans.csv
7343,2584,30,2023-10-05,2023-10-19,2023-10-25,2026-08-12T13:29:33.699965,loans.csv
3426,2743,1,2024-10-23,2024-11-06,2024-10-30,2026-08-12T13:29:33.699965,loans.csv
974,451,14,2024-10-26,2024-11-09,,2026-08-12T13:29:33.699965,loans.csv
3186,2068,1,2023-12-20,2024-01-10,2023-12-23,2026-08-12T13:29:33.699965,loans.csv
7085,1073,4,2024-09-26,2024-10-10,2024-10-10,2026-08-12T13:29:33.699965,loans.csv
7047,233,121,2024-04-13,2024-04-27,2024-05-03,2026-08-12T13:29:33.699965,loans.csv
2186,195,2,2024-11-15,2024-11-29,2024-11-25,2026-08-12T13:29:33.699965,loans.csv
6326,2756,1,2024-06-07,2024-06-21,2024-06-21,2026-08-12T13:29:33.699965,loans.csv
9329,882,1,2024-12-12,2024-12-26,,2026-08-12T13:29:33.699965,loans.csv
6134,87,1,2020-08-07,2020-08-21,2020-10-02,2026-08-12T13:29:33.699965,loans.csv
455,2511,1,2024-12-18,2025-01-01,,2026-08-12T13:29:33.699965,loans.csv
1669,1279,1,2023-12-08,2023-12-22,2023-12-14,2026-08-12T13:29:33.699965,loans.csv
4877,2106,2,2020-05-16,2020-05-30,2020-05-18,2026-08-12T13:29:33.699965,loans.csv
1850,2340,1,2022-05-21,2022-06-04,2022-06-03,2026-08-12T13:29:33.699965,loans.csv
5128,2717,22,2024-03-20,2024-04-03,2024-04-28,2026-08-12T13:29:33.699965,loans.csv
7347,1739,14,2024-10-19,2024-11-02,2024-11-06,2026-08-12T13:29:33.699965,loans.csv
2214,2492,1,2023-06-25,2023-07-09,2023-06-30,2026-08-12T13:29:33.699965,loans.csv
2485,2496,3,2024-04-27,2024-05-11,2024-05-05,2026-08-12T13:29:33.699965,loans.csv
7224,1137,16,2024-09-23,2024-10-07,2024-10-18,2026-08-12T13:29:33.699965,loans.csv
8871,62,3,2023-02-19,2023-03-05,2023-03-04,2026-08-12T13:29:33.699965,loans.csv
8710,2477,2,2023-07-10,2023-07-24,2023-07-23,2026-08-12T13:29:33.699965,loans.csv
615,1832,5,2022-02-13,2022-02-27,2022-02-23,2026-08-12T13:29:33.699965,loans.csv
4709,2018,1,2024-06-18,2024-07-02,2024-06-29,2026-08-12T13:29:33.699965,loans.csv
8208,2110,2,2022-04-20,2022-05-04,2022-05-02,2026-08-12T13:29:33.699965,loans.csv
5872,1653,3,2022-02-15,2022-03-08,2022-02-25,2026-08-12T13:29:33.699965,loans.csv
954,2046,1,2024-05-02,2024-05-16,2024-05-13,2026-08-12T13:29:33.699965,loans.csv
8570,2369,35,2024-12-12,2024-12-26,,2026-08-12T13:29:33.699965,loans.csv
8032,828,68,2023-02-05,2023-02-19,2023-02-18,2026-08-12T13:29:33.699965,loans.csv
2331,1172,2,2023-03-30,2023-04-13,2023-04-02,2026-08-12T13:29:33.699965,loans.csv
108,1950,1,2024-06-06,2024-06-20,2024-06-15,2026-08-12T13:29:33.699965,loans.csv
5092,979,1,2021-07-19,2021-08-02,2021-08-05,2026-08-12T13:29:33.699965,loans.csv
6026,2301,1,2024-11-15,2024-11-29,2024-12-03,2026-08-12T13:29:33.699965,loans.csv
5437,2620,3,2024-10-23,2024-11-06,2024-10-26,2026-08-12T13:29:33.699965,loans.csv
6498,538,3,2024-12-22,2025-01-05,,2026-08-12T13:29:33.699965,loans.csv
2163,999,18,2024-12-13,2024-12-27,,2026-08-12T13:29:33.699965,loans.csv
3769,341,1,2024-06-06,2024-06-20,2024-06-15,2026-08-12T13:29:33.699965,loans.csv
5441,621,1,2024-03-14,2024-03-28,,2026-08-12T13:29:33.699965,loans.csv
9191,2108,3,2024-10-28,2024-11-18,2024-11-12,2026-08-12T13:29:33.699965,loans.csv
9370,867,1,2022-10-17,2022-10-31,2022-10-22,2026-08-12T13:29:33.699965,loans.csv
8666,1623,3,2023-09-20,2023-10-11,2023-09-25,2026-08-12T13:29:33.699965,loans.csv
284,1811,1,2024-08-11,2024-08-25,2024-09-06,2026-08-12T13:29:33.699965,loans.csv
6872,1619,9,2024-06-16,2024-06-30,2024-06-24,2026-08-12T13:29:33.699965,loans.csv
4106,90,1,2022-07-03,2022-07-17,2022-07-13,2026-08-12T13:29:33.699965,loans.csv
796,2442,1,2024-11-09,2024-11-23,2024-11-20,2026-08-12T13:29:33.699965,loans.csv
2077,86,4,2024-04-12,2024-04-26,2024-04-30,2026-08-12T13:29:33.699965,loans.csv
364,1453,2,2022-11-01,2022-11-22,2022-11-29,2026-08-12T13:29:33.699965,loans.csv
2601,1985,3,2022-11-14,2022-11-28,2022-12-05,2026-08-12T13:29:33.699965,loans.csv
4630,1507,1,2024-10-22,2024-11-05,2024-10-23,2026-08-12T13:29:33.699965,loans.csv
4992,2459,11,2024-10-03,2024-10-17,2024-10-19,2026-08-12T13:29:33.699965,loans.csv
5752,1139,21,2023-02-08,2023-02-22,2023-03-10,2026-08-12T13:29:33.699965,loans.csv
2174,759,1,2022-09-15,2022-10-06,2022-10-11,2026-08-12T13:29:33.699965,loans.csv
2782,1526,1,2021-10-10,2021-10-24,2021-10-15,2026-08-12T13:29:33.699965,loans.csv
6562,369,32,2024-11-19,2024-12-10,2024-12-02,2026-08-12T13:29:33.699965,loans.csv
1754,2782,16,2021-05-10,2021-05-24,2021-05-27,2026-08-12T13:29:33.699965,loans.csv
9207,701,1,2024-07-20,2024-08-03,2024-07-21,2026-08-12T13:29:33.699965,loans.csv
6126,1977,1,2024-12-01,2024-12-15,2024-12-08,2026-08-12T13:29:33.699965,loans.csv
7586,2636,11,2024-09-15,2024-09-29,2024-09-25,2026-08-12T13:29:33.699965,loans.csv
6096,714,1,2024-11-15,2024-11-29,2024-11-16,2026-08-12T13:29:33.699965,loans.csv
9216,398,1,2022-09-18,2022-10-02,2022-10-05,2026-08-12T13:29:33.699965,loans.csv
4514,478,1,2024-06-07,2024-06-21,2024-06-21,2026-08-12T13:29:33.699965,loans.csv
6496,450,1,2022-07-09,2022-07-23,2022-07-24,2026-08-12T13:29:33.699965,loans.csv
8795,256,2,2022-09-29,2022-10-13,2022-10-15,2026-08-12T13:29:33.699965,loans.csv
7791,1631,37,2023-02-20,2023-03-06,2023-03-06,2026-08-12T13:29:33.699965,loans.csv
1494,510,1,2023-02-25,2023-03-11,2023-03-10,2026-08-12T13:29:33.699965,loans.csv
4723,892,1,2021-09-24,2021-10-15,,2026-08-12T13:29:33.699965,loans.csv
4399,839,1,2024-01-19,2024-02-02,2024-01-27,2026-08-12T13:29:33.699965,loans.csv
7162,2476,1,2024-09-26,2024-10-10,,2026-08-12T13:29:33.699965,loans.csv
9094,701,2,2023-12-13,2023-12-27,2024-01-03,2026-08-12T13:29:33.699965,loans.csv
5313,2729,4,2022-06-25,2022-07-09,2022-07-13,2026-08-12T13:29:33.699965,loans.csv
9234,1650,1,2023-12-07,2023-12-21,,2026-08-12T13:29:33.699965,loans.csv
4292,812,8,2021-01-21,2021-02-04,2021-01-22,2026-08-12T13:29:33.699965,loans.csv
7519,1331,1,2022-11-20,2022-12-04,2022-11-24,2026-08-12T13:29:33.699965,loans.csv
8976,1985,1,2023-10-09,2023-10-23,2023-10-23,2026-08-12T13:29:33.699965,loans.csv
4655,827,2,2021-11-05,2021-11-19,2021-11-08,2026-08-12T13:29:33.699965,loans.csv
9087,678,1,2024-07-05,2024-07-19,2024-07-16,2026-08-12T13:29:33.699965,loans.csv
7078,1432,24,2024-07-13,2024-07-27,2024-07-21,2026-08-12T13:29:33.699965,loans.csv
1743,234,45,2022-07-25,2022-08-08,2022-07-30,2026-08-12T13:29:33.699965,loans.csv
497,2446,1,2023-08-27,2023-09-10,2023-08-31,2026-08-12T13:29:33.699965,loans.csv
38,1721,3,2023-10-16,2023-10-30,2023-10-30,2026-08-12T13:29:33.699965,loans.csv
2702,42,2,2022-12-11,2022-12-25,,2026-08-12T13:29:33.699965,loans.csv
1375,1039,1,2022-06-06,2022-06-20,2022-06-20,2026-08-12T13:29:33.699965,loans.csv
626,1962,2,2024-07-18,2024-08-01,2024-07-25,2026-08-12T13:29:33.699965,loans.csv
6475,528,113,2023-09-20,2023-10-04,2023-10-02,2026-08-12T13:29:33.699965,loans.csv
5854,1545,3,2021-09-29,2021-10-13,2021-10-10,2026-08-12T13:29:33.699965,loans.csv
6843,2274,2,2023-12-12,2023-12-26,2023-12-31,2026-08-12T13:29:33.699965,loans.csv
5029,479,1,2020-03-20,2020-04-03,2020-04-04,2026-08-12T13:29:33.699965,loans.csv
4369,1620,105,2023-03-20,2023-04-03,2023-03-21,2026-08-12T13:29:33.699965,loans.csv
1644,1033,2,2020-11-27,2020-12-11,2020-11-29,2026-08-12T13:29:33.699965,loans.csv
4513,800,2,2024-11-22,2024-12-06,2024-12-11,2026-08-12T13:29:33.699965,loans.csv
861,1803,4,2023-06-29,2023-07-13,2023-07-09,2026-08-12T13:29:33.699965,loans.csv
2303,1835,8,2023-05-18,2023-06-01,2023-05-25,2026-08-12T13:29:33.699965,loans.csv
7869,133,12,2021-04-07,2021-04-21,2021-04-11,2026-08-12T13:29:33.699965,loans.csv
7889,2079,7,2024-07-22,2024-08-05,2024-07-23,2026-08-12T13:29:33.699965,loans.csv
3619,2563,42,2021-02-01,2021-02-15,2021-02-10,2026-08-12T13:29:33.699965,loans.csv
6071,133,3,2022-02-20,2022-03-06,2022-03-04,2026-08-12T13:29:33.699965,loans.csv
4762,2099,95,2024-02-22,2024-03-07,2024-02-24,2026-08-12T13:29:33.699965,loans.csv
5267,37,175,2024-10-09,2024-10-23,2024-10-22,2026-08-12T13:29:33.699965,loans.csv
5007,2610,1,2021-10-19,2021-11-02,2021-10-20,2026-08-12T13:29:33.699965,loans.csv
2021,1373,2,2022-11-17,2022-12-01,2022-12-05,2026-08-12T13:29:33.699965,loans.csv
297,1777,1,2020-01-19,2020-02-02,2020-01-23,2026-08-12T13:29:33.699965,loans.csv
4512,2708,6,2024-06-23,2024-07-07,2024-07-07,2026-08-12T13:29:33.699965,loans.csv
6131,1243,30,2024-02-19,2024-03-04,2024-02-27,2026-08-12T13:29:33.699965,loans.csv
1913,435,26,2024-07-03,2024-07-17,2024-08-20,2026-08-12T13:29:33.699965,loans.csv
220,417,2,2023-05-09,2023-05-23,2023-05-21,2026-08-12T13:29:33.699965,loans.csv
4857,605,1,2024-11-14,2024-11-28,2024-11-17,2026-08-12T13:29:33.699965,loans.csv
2648,2508,16,2024-09-10,2024-09-24,2024-09-19,2026-08-12T13:29:33.699965,loans.csv
1316,2731,1,2024-08-16,2024-08-30,2024-08-30,2026-08-12T13:29:33.699965,loans.csv
2230,1053,1,2024-05-13,2024-05-27,2024-05-25,2026-08-12T13:29:33.699965,loans.csv
3077,83,26,2023-05-12,2023-05-26,,2026-08-12T13:29:33.699965,loans.csv
5295,74,1,2023-03-09,2023-03-23,2023-03-29,2026-08-12T13:29:33.699965,loans.csv
176,1091,1,2023-05-12,2023-05-26,2023-07-09,2026-08-12T13:29:33.699965,loans.csv
4885,1814,20,2024-05-17,2024-05-12,2024-05-21,2026-08-12T13:29:33.699965,loans.csv
3261,1007,7,2021-11-12,2021-11-26,2021-11-29,2026-08-12T13:29:33.699965,loans.csv
7669,912,29,2024-09-14,2024-09-28,2024-09-17,2026-08-12T13:29:33.699965,loans.csv
9585,1854,1,2023-05-15,2023-05-29,2023-05-26,2026-08-12T13:29:33.699965,loans.csv
951,1103,26,2022-10-01,2022-10-15,2022-10-18,2026-08-12T13:29:33.699965,loans.csv
4288,280,10,2023-05-13,2023-06-03,,2026-08-12T13:29:33.699965,loans.csv
6156,2313,6,2022-04-30,2022-05-14,2022-05-04,2026-08-12T13:29:33.699965,loans.csv
4594,2516,1,2020-11-20,2020-12-04,2020-12-03,2026-08-12T13:29:33.699965,loans.csv
1906,227,10,2022-05-25,2022-06-08,2022-05-27,2026-08-12T13:29:33.699965,loans.csv
7192,1967,1,2022-01-05,2022-01-19,,2026-08-12T13:29:33.699965,loans.csv
8964,382,1,2024-05-08,2024-05-22,2024-05-11,2026-08-12T13:29:33.699965,loans.csv
1782,2165,1,2023-01-02,2023-01-16,2023-01-09,2026-08-12T13:29:33.699965,loans.csv
7990,2711,1,2024-09-25,2024-10-09,2024-10-03,2026-08-12T13:29:33.699965,loans.csv
4893,199,1,2024-10-18,2024-11-01,2024-10-24,2026-08-12T13:29:33.699965,loans.csv
4038,718,1,2023-07-09,2023-07-23,2023-07-12,2026-08-12T13:29:33.699965,loans.csv
131,52,2,2020-04-01,2020-04-15,,2026-08-12T13:29:33.699965,loans.csv
904,1562,1,2020-07-16,2020-07-30,2020-07-18,2026-08-12T13:29:33.699965,loans.csv
3313,2676,3,2022-08-27,2022-09-10,2022-09-07,2026-08-12T13:29:33.699965,loans.csv
4936,161,1,2024-05-01,2024-05-15,2024-05-05,2026-08-12T13:29:33.699965,loans.csv
2103,5,43,2022-09-15,2022-09-29,,2026-08-12T13:29:33.699965,loans.csv
2548,1210,4,2022-12-17,2022-12-31,2023-01-04,2026-08-12T13:29:33.699965,loans.csv
3832,1067,123,2023-12-18,2024-01-01,2023-12-24,2026-08-12T13:29:33.699965,loans.csv
317,1961,3,2024-07-11,2024-07-25,2024-07-18,2026-08-12T13:29:33.699965,loans.csv
5819,2018,8,2024-04-25,2024-05-09,2024-04-27,2026-08-12T13:29:33.699965,loans.csv
7116,2780,1,2022-11-29,2022-12-13,,2026-08-12T13:29:33.699965,loans.csv
8846,2366,17,2023-09-24,2023-10-08,2023-10-24,2026-08-12T13:29:33.699965,loans.csv
9242,1485,3,2024-10-20,2024-11-03,2024-10-31,2026-08-12T13:29:33.699965,loans.csv
9471,393,2,2022-02-16,2022-03-02,2022-02-25,2026-08-12T13:29:33.699965,loans.csv
1156,1299,4,2023-02-11,2023-02-25,2023-02-19,2026-08-12T13:29:33.699965,loans.csv
7013,826,7,2024-03-15,2024-03-29,,2026-08-12T13:29:33.699965,loans.csv
5235,2546,2,2024-05-10,2024-05-24,2024-05-24,2026-08-12T13:29:33.699965,loans.csv
3103,394,1,2023-12-17,2023-12-31,2023-12-18,2026-08-12T13:29:33.699965,loans.csv
5094,280,7,2022-12-30,2023-01-13,2023-01-23,2026-08-12T13:29:33.699965,loans.csv
6696,103,6,2024-08-12,2024-08-26,2024-08-18,2026-08-12T13:29:33.699965,loans.csv
2054,362,1,2024-01-20,2024-02-03,2024-02-01,2026-08-12T13:29:33.699965,loans.csv
8562,1870,3,2023-09-12,2023-09-26,2023-09-14,2026-08-12T13:29:33.699965,loans.csv
1766,1611,1,2020-04-16,2020-04-15,2020-05-01,2026-08-12T13:29:33.699965,loans.csv
2654,1632,1,2024-03-22,2024-04-05,,2026-08-12T13:29:33.699965,loans.csv
701,984,24,2023-07-05,2023-07-19,2023-07-15,2026-08-12T13:29:33.699965,loans.csv
700,1159,7,2022-05-20,2022-06-03,2022-06-08,2026-08-12T13:29:33.699965,loans.csv
9534,1139,21,2023-02-08,2023-02-22,2023-03-10,2026-08-12T13:29:33.699965,loans.csv
4136,1944,1,2022-12-20,2023-01-03,2023-01-01,2026-08-12T13:29:33.699965,loans.csv
150,1641,1,2023-12-28,2024-01-11,2024-01-17,2026-08-12T13:29:33.699965,loans.csv
5915,1678,23,2021-11-09,2021-11-30,2021-11-18,2026-08-12T13:29:33.699965,loans.csv
8155,677,3,2024-11-07,2024-11-21,2024-11-09,2026-08-12T13:29:33.699965,loans.csv
1530,2567,46,2024-11-30,2024-12-14,2024-12-01,2026-08-12T13:29:33.699965,loans.csv
8383,1111,1,2024-04-23,2024-05-07,2024-06-18,2026-08-12T13:29:33.699965,loans.csv
4744,1339,2,2024-09-27,2024-10-11,2024-10-12,2026-08-12T13:29:33.699965,loans.csv
7800,1302,1,2024-03-12,2024-03-26,2024-04-02,2026-08-12T13:29:33.699965,loans.csv
6799,105,8,2024-09-01,2024-09-15,2024-09-06,2026-08-12T13:29:33.699965,loans.csv
6476,386,1,2024-06-10,2024-06-24,,2026-08-12T13:29:33.699965,loans.csv
7957,1523,1,2023-10-27,2023-11-10,2023-11-01,2026-08-12T13:29:33.699965,loans.csv
5519,720,9,2022-11-03,2022-11-17,2022-11-10,2026-08-12T13:29:33.699965,loans.csv
1363,1792,1,2020-02-10,2020-02-24,2020-02-26,2026-08-12T13:29:33.699965,loans.csv
7681,2207,1,2024-08-09,2024-08-23,,2026-08-12T13:29:33.699965,loans.csv
5785,1719,18,2023-11-07,2023-11-21,,2026-08-12T13:29:33.699965,loans.csv
3549,2432,2,2024-11-07,2024-11-21,2024-11-14,2026-08-12T13:29:33.699965,loans.csv
7789,2380,21,2024-04-11,2024-04-25,2024-05-02,2026-08-12T13:29:33.699965,loans.csv
8850,1619,1,2024-11-24,2024-12-08,2024-12-12,2026-08-12T13:29:33.699965,loans.csv
4789,1789,4,2020-05-24,2020-06-07,2020-06-09,2026-08-12T13:29:33.699965,loans.csv
8848,1699,1,2023-03-17,2023-03-31,,2026-08-12T13:29:33.699965,loans.csv
8185,667,1,2024-08-04,2024-08-18,2024-08-17,2026-08-12T13:29:33.699965,loans.csv
9502,2185,21,2024-03-06,2024-03-20,2024-03-10,2026-08-12T13:29:33.699965,loans.csv
7515,882,3,2022-12-04,2022-12-18,2022-12-06,2026-08-12T13:29:33.699965,loans.csv
8917,2306,3,2023-12-16,2023-12-30,2023-12-26,2026-08-12T13:29:33.699965,loans.csv
8880,1098,4,2022-04-20,2022-05-04,2022-04-30,2026-08-12T13:29:33.699965,loans.csv
7392,1006,3,2024-10-14,2024-10-28,2024-10-17,2026-08-12T13:29:33.699965,loans.csv
4793,2360,1,2024-12-19,2025-01-02,,2026-08-12T13:29:33.699965,loans.csv
8464,1997,32,2024-04-17,2024-05-08,2024-05-07,2026-08-12T13:29:33.699965,loans.csv
1240,2701,1,2022-03-18,2022-04-01,2022-04-01,2026-08-12T13:29:33.699965,loans.csv
4435,233,1,2024-12-24,2025-01-07,,2026-08-12T13:29:33.699965,loans.csv
652,1292,7,2022-07-11,2022-07-25,2022-07-25,2026-08-12T13:29:33.699965,loans.csv
292,1790,1,2021-08-24,2021-09-07,2021-09-05,2026-08-12T13:29:33.699965,loans.csv
7365,1683,1,2020-05-19,2020-06-09,2020-06-28,2026-08-12T13:29:33.699965,loans.csv
2231,635,71,2024-09-18,2024-10-02,2024-09-30,2026-08-12T13:29:33.699965,loans.csv
107,552,1,2022-08-21,2022-09-11,2022-08-30,2026-08-12T13:29:33.699965,loans.csv
280,551,1,2024-03-12,2024-03-26,2024-03-16,2026-08-12T13:29:33.699965,loans.csv
5509,1392,3,2023-04-06,2023-04-27,2023-04-24,2026-08-12T13:29:33.699965,loans.csv
6252,2253,3,2023-01-30,2023-02-13,2023-02-13,2026-08-12T13:29:33.699965,loans.csv
8611,2083,1,2024-12-02,2024-12-16,2024-12-13,2026-08-12T13:29:33.699965,loans.csv
4903,2191,3,2021-03-23,2021-04-13,,2026-08-12T13:29:33.699965,loans.csv
8065,2007,1,2023-03-08,2023-03-29,2023-04-20,2026-08-12T13:29:33.699965,loans.csv
1331,1593,2,2024-12-03,2024-12-17,2024-12-14,2026-08-12T13:29:33.699965,loans.csv
3925,1084,2,2024-12-11,2024-12-25,,2026-08-12T13:29:33.699965,loans.csv
5404,1470,1,2024-10-02,2024-10-16,2024-10-12,2026-08-12T13:29:33.699965,loans.csv
2224,2377,1,2023-11-28,2023-12-12,2023-11-30,2026-08-12T13:29:33.699965,loans.csv
1737,1377,12,2023-06-24,2023-07-08,2023-06-30,2026-08-12T13:29:33.699965,loans.csv
3433,726,4,2024-01-23,2024-02-13,2024-02-08,2026-08-12T13:29:33.699965,loans.csv
7902,2445,3,2024-12-11,2024-12-25,,2026-08-12T13:29:33.699965,loans.csv
8312,392,1,2023-09-01,2023-09-15,2023-10-21,2026-08-12T13:29:33.699965,loans.csv
1840,2325,2,2023-05-15,2023-05-29,2023-05-26,2026-08-12T13:29:33.699965,loans.csv
2237,1962,1,2022-10-14,2022-10-28,2022-10-17,2026-08-12T13:29:33.699965,loans.csv
8301,312,1,2023-01-17,2023-01-31,2023-01-29,2026-08-12T13:29:33.699965,loans.csv
6805,1328,7,2024-09-28,2024-10-12,2024-10-04,2026-08-12T13:29:33.699965,loans.csv
1802,1878,1,2024-03-26,2024-04-09,2024-03-28,2026-08-12T13:29:33.699965,loans.csv
9460,968,3,2024-01-20,2024-02-03,2024-01-26,2026-08-12T13:29:33.699965,loans.csv
4419,2061,1,2024-06-07,2024-06-28,2024-06-18,2026-08-12T13:29:33.699965,loans.csv
2836,1713,10,2023-01-29,2023-02-19,2023-02-22,2026-08-12T13:29:33.699965,loans.csv
8418,38,76,2024-09-05,2024-09-19,2024-09-22,2026-08-12T13:29:33.699965,loans.csv
1359,2100,3,2020-09-25,2020-10-09,2020-10-11,2026-08-12T13:29:33.699965,loans.csv
4993,85,9,2024-12-12,2024-12-26,,2026-08-12T13:29:33.699965,loans.csv
6831,1698,5,2024-11-25,2024-12-09,2024-12-08,2026-08-12T13:29:33.699965,loans.csv
1250,1065,1,2020-10-10,2020-10-24,2020-10-26,2026-08-12T13:29:33.699965,loans.csv
8177,2561,6,2024-02-20,2024-03-05,,2026-08-12T13:29:33.699965,loans.csv
6848,10,1,2022-10-20,2022-11-03,2022-11-01,2026-08-12T13:29:33.699965,loans.csv
637,696,3,2023-01-17,2023-01-31,2023-02-02,2026-08-12T13:29:33.699965,loans.csv
490,1027,102,2023-12-09,2023-12-23,2023-12-20,2026-08-12T13:29:33.699965,loans.csv
8419,707,154,2022-06-30,2022-07-14,2022-07-16,2026-08-12T13:29:33.699965,loans.csv
1323,1174,95,2024-08-14,2024-08-28,,2026-08-12T13:29:33.699965,loans.csv
250,2436,1,2024-04-08,2024-04-29,2024-04-14,2026-08-12T13:29:33.699965,loans.csv
897,1092,5,2021-12-11,2021-12-25,,2026-08-12T13:29:33.699965,loans.csv
6686,289,2,2024-02-21,2024-03-06,2024-02-27,2026-08-12T13:29:33.699965,loans.csv
3999,1845,3,2022-09-15,2022-09-29,2022-09-26,2026-08-12T13:29:33.699965,loans.csv
9519,2158,2,2022-01-03,2022-01-17,2022-01-20,2026-08-12T13:29:33.699965,loans.csv
3415,1550,2,2024-03-22,2024-04-05,2024-04-07,2026-08-12T13:29:33.699965,loans.csv
5919,1023,1,2024-03-05,2024-03-19,2024-03-13,2026-08-12T13:29:33.699965,loans.csv
1442,121,1,2024-02-01,2024-02-15,2024-02-16,2026-08-12T13:29:33.699965,loans.csv
7122,1197,45,2023-09-08,2023-09-22,2023-09-15,2026-08-12T13:29:33.699965,loans.csv
4256,527,3,2023-11-06,2023-11-20,2023-11-24,2026-08-12T13:29:33.699965,loans.csv
402,205,6,2024-05-12,2024-05-26,2024-05-14,2026-08-12T13:29:33.699965,loans.csv
7750,1561,3,2024-09-29,2024-10-13,2024-10-06,2026-08-12T13:29:33.699965,loans.csv
7346,1322,3,2023-11-02,2023-11-16,2023-11-14,2026-08-12T13:29:33.699965,loans.csv
5304,2796,102,2021-07-31,2021-08-14,2021-08-13,2026-08-12T13:29:33.699965,loans.csv
4320,2093,1,2023-02-26,2023-03-12,2023-03-15,2026-08-12T13:29:33.699965,loans.csv
9067,129,6,2024-12-04,2024-12-18,2024-12-06,2026-08-12T13:29:33.699965,loans.csv
4193,1536,3,2024-02-13,2024-02-27,2024-02-19,2026-08-12T13:29:33.699965,loans.csv
8321,1011,2,2024-11-15,2024-11-29,2024-11-23,2026-08-12T13:29:33.699965,loans.csv
6587,1010,1,2024-05-31,2024-06-14,2024-06-06,2026-08-12T13:29:33.699965,loans.csv
3466,2405,1,2024-07-12,2024-07-26,2024-07-25,2026-08-12T13:29:33.699965,loans.csv
6482,2411,1,2023-04-27,2023-05-11,2023-05-14,2026-08-12T13:29:33.699965,loans.csv
557,2659,2,2021-06-06,2021-06-20,2021-06-18,2026-08-12T13:29:33.699965,loans.csv
6567,2025,6,2020-05-04,2020-05-18,2020-05-23,2026-08-12T13:29:33.699965,loans.csv
8864,1215,23,2020-09-03,2020-09-17,,2026-08-12T13:29:33.699965,loans.csv
8290,2436,4,2024-07-22,2024-08-05,2024-08-09,2026-08-12T13:29:33.699965,loans.csv
2883,1004,2,2024-04-23,2024-05-07,2024-06-19,2026-08-12T13:29:33.699965,loans.csv
1055,2052,3,2024-03-20,2024-04-03,2024-05-05,2026-08-12T13:29:33.699965,loans.csv
6229,398,2,2023-09-30,2023-10-21,2023-10-04,2026-08-12T13:29:33.699965,loans.csv
3421,1212,3,2022-06-16,2022-07-07,2022-06-27,2026-08-12T13:29:33.699965,loans.csv
8929,1276,122,2023-10-03,2023-10-17,2023-10-07,2026-08-12T13:29:33.699965,loans.csv
2263,1572,7,2024-09-21,2024-10-05,2024-10-02,2026-08-12T13:29:33.699965,loans.csv
8612,572,1,2024-08-07,2024-08-21,2024-08-15,2026-08-12T13:29:33.699965,loans.csv
9451,779,1,2023-11-23,2023-12-07,2023-11-25,2026-08-12T13:29:33.699965,loans.csv
7473,305,30,2021-07-01,2021-07-15,2021-07-15,2026-08-12T13:29:33.699965,loans.csv
6672,209,1,2022-11-05,2022-11-19,2022-11-30,2026-08-12T13:29:33.699965,loans.csv
2762,2164,1,2021-04-26,2021-05-10,2021-05-13,2026-08-12T13:29:33.699965,loans.csv
3793,329,2,2023-08-29,2023-09-19,2023-09-04,2026-08-12T13:29:33.699965,loans.csv
2731,146,1,2024-10-10,2024-10-24,2024-10-12,2026-08-12T13:29:33.699965,loans.csv
1108,549,1,2024-11-21,2024-12-05,2024-11-24,2026-08-12T13:29:33.699965,loans.csv
3759,721,2,2024-06-18,2024-07-02,2024-06-24,2026-08-12T13:29:33.699965,loans.csv
8855,2262,1,2024-08-22,2024-09-05,2024-08-26,2026-08-12T13:29:33.699965,loans.csv
4868,2688,48,2024-10-02,2024-10-16,2024-10-07,2026-08-12T13:29:33.699965,loans.csv
6440,625,1,2022-05-26,2022-06-09,2022-06-08,2026-08-12T13:29:33.699965,loans.csv
8211,2335,6,2024-04-14,2024-04-28,2024-04-28,2026-08-12T13:29:33.699965,loans.csv
1629,2754,2,2024-12-23,2025-01-06,,2026-08-12T13:29:33.699965,loans.csv
2030,1806,45,2024-01-20,2024-02-03,2024-01-29,2026-08-12T13:29:33.699965,loans.csv
3098,587,16,2020-11-18,2020-12-02,,2026-08-12T13:29:33.699965,loans.csv
2988,2516,1,2020-06-29,2020-07-13,2020-08-20,2026-08-12T13:29:33.699965,loans.csv
6784,549,99,2024-10-01,2024-10-15,,2026-08-12T13:29:33.699965,loans.csv
1858,2007,1,2024-10-15,2024-10-29,,2026-08-12T13:29:33.699965,loans.csv
2534,2183,81,2021-11-25,2021-12-09,2021-12-25,2026-08-12T13:29:33.699965,loans.csv
4934,1316,1,2024-04-01,2024-04-15,2024-04-02,2026-08-12T13:29:33.699965,loans.csv
759,2068,84,2023-11-24,2023-12-08,2023-12-05,2026-08-12T13:29:33.699965,loans.csv
4006,1036,4,2024-11-14,2024-11-28,,2026-08-12T13:29:33.699965,loans.csv
4873,1202,7,2023-04-07,2023-04-21,2023-04-26,2026-08-12T13:29:33.699965,loans.csv
7423,1146,2,2022-01-11,2022-02-01,2022-02-04,2026-08-12T13:29:33.699965,loans.csv
8505,2276,140,2024-01-23,2024-02-13,,2026-08-12T13:29:33.699965,loans.csv
9382,1667,57,2021-08-26,2021-09-09,2021-09-09,2026-08-12T13:29:33.699965,loans.csv
5636,1102,3,2024-03-06,2024-03-20,2024-03-09,2026-08-12T13:29:33.699965,loans.csv
2240,2610,1,2020-12-28,2021-01-18,2021-01-12,2026-08-12T13:29:33.699965,loans.csv
9265,1692,5,2023-12-23,2024-01-06,2024-01-05,2026-08-12T13:29:33.699965,loans.csv
8735,270,1,2020-01-03,2020-01-17,2020-01-10,2026-08-12T13:29:33.699965,loans.csv
6924,1253,41,2022-07-01,2022-07-15,2022-07-19,2026-08-12T13:29:33.699965,loans.csv
8982,223,5,2022-05-28,2022-06-11,2022-06-14,2026-08-12T13:29:33.699965,loans.csv
4772,1916,1,2024-06-08,2024-06-29,2024-06-20,2026-08-12T13:29:33.699965,loans.csv
3150,363,7,2020-10-24,2020-11-07,,2026-08-12T13:29:33.699965,loans.csv
5777,552,4,2022-06-12,2022-06-26,2022-06-29,2026-08-12T13:29:33.699965,loans.csv
8996,467,2,2021-07-11,2021-07-25,2021-07-12,2026-08-12T13:29:33.699965,loans.csv
8327,2099,7,2022-12-01,2022-12-15,2022-12-21,2026-08-12T13:29:33.699965,loans.csv
2023,356,1,2024-12-08,2024-12-22,2024-12-09,2026-08-12T13:29:33.699965,loans.csv
453,2701,1,2024-01-04,2024-01-18,2024-01-14,2026-08-12T13:29:33.699965,loans.csv
3330,1963,1,2020-12-18,2021-01-01,2021-01-02,2026-08-12T13:29:33.699965,loans.csv
2048,2600,47,2024-02-25,2024-03-10,2024-03-06,2026-08-12T13:29:33.699965,loans.csv
4890,2225,1,2022-07-22,2022-08-05,2022-07-24,2026-08-12T13:29:33.699965,loans.csv
8924,1255,9,2024-11-01,2024-11-15,2024-11-17,2026-08-12T13:29:33.699965,loans.csv
6514,2402,3,2024-09-10,2024-09-24,2024-09-12,2026-08-12T13:29:33.699965,loans.csv
6214,1426,27,2023-01-10,2023-01-24,,2026-08-12T13:29:33.699965,loans.csv
8106,549,1,2024-12-02,2024-12-16,2024-12-05,2026-08-12T13:29:33.699965,loans.csv
9446,277,27,2022-05-11,2022-05-25,2022-05-18,2026-08-12T13:29:33.699965,loans.csv
1450,1341,10,2020-09-07,2020-09-21,2020-09-10,2026-08-12T13:29:33.699965,loans.csv
7574,1889,1,2022-10-01,2022-10-22,2022-10-29,2026-08-12T13:29:33.699965,loans.csv
7678,116,2,2024-05-02,2024-05-16,2024-05-04,2026-08-12T13:29:33.699965,loans.csv
4953,2350,7,2024-09-16,2024-09-30,2024-09-25,2026-08-12T13:29:33.699965,loans.csv
160,96,1,2022-05-31,2022-06-14,2022-06-15,2026-08-12T13:29:33.699965,loans.csv
5393,312,1,2024-03-02,2024-02-29,,2026-08-12T13:29:33.699965,loans.csv
7820,536,1,2024-04-08,2024-04-22,2024-04-20,2026-08-12T13:29:33.699965,loans.csv
978,587,1,2021-05-18,2021-06-01,2021-06-07,2026-08-12T13:29:33.699965,loans.csv
6719,848,1,2024-10-05,2024-10-19,2024-10-06,2026-08-12T13:29:33.699965,loans.csv
2429,1221,1,2022-05-05,2022-05-19,2022-05-15,2026-08-12T13:29:33.699965,loans.csv
2949,2032,2,2023-06-21,2023-07-05,2023-07-01,2026-08-12T13:29:33.699965,loans.csv
789,2276,1,2023-10-24,2023-11-07,2023-11-08,2026-08-12T13:29:33.699965,loans.csv
5482,624,15,2022-02-23,2022-03-16,2022-03-13,2026-08-12T13:29:33.699965,loans.csv
4939,2731,3,2023-04-07,2023-04-28,2023-04-22,2026-08-12T13:29:33.699965,loans.csv
1677,1444,3,2024-09-27,2024-10-11,2024-10-12,2026-08-12T13:29:33.699965,loans.csv
5397,2280,1,2024-07-05,2024-07-19,2024-07-22,2026-08-12T13:29:33.699965,loans.csv
2379,1698,1,2024-10-13,2024-10-27,2024-10-18,2026-08-12T13:29:33.699965,loans.csv
1338,544,3,2024-09-24,2024-10-08,2024-10-01,2026-08-12T13:29:33.699965,loans.csv
4450,568,1,2022-09-21,2022-10-05,2022-09-29,2026-08-12T13:29:33.699965,loans.csv
5767,1485,1,2022-03-25,2022-04-08,2022-04-04,2026-08-12T13:29:33.699965,loans.csv
8930,1951,26,2024-03-23,2024-04-06,2024-04-04,2026-08-12T13:29:33.699965,loans.csv
1277,2358,1,2022-01-29,2022-02-12,2022-02-17,2026-08-12T13:29:33.699965,loans.csv
6317,705,9,2024-06-15,2024-06-29,2024-06-16,2026-08-12T13:29:33.699965,loans.csv
4882,877,163,2021-12-24,2022-01-07,,2026-08-12T13:29:33.699965,loans.csv
6915,685,1,2024-05-24,2024-06-07,2024-05-30,2026-08-12T13:29:33.699965,loans.csv
5641,1232,1,2023-11-30,2023-12-14,2023-12-11,2026-08-12T13:29:33.699965,loans.csv
7369,432,3,2024-08-11,2024-08-25,2024-08-25,2026-08-12T13:29:33.699965,loans.csv
8759,1306,1,2024-12-07,2024-12-21,2024-12-08,2026-08-12T13:29:33.699965,loans.csv
7463,2760,10,2024-09-15,2024-09-29,2024-09-18,2026-08-12T13:29:33.699965,loans.csv
9319,1015,1,2022-09-19,2022-10-03,2022-10-10,2026-08-12T13:29:33.699965,loans.csv
9569,715,9,2022-12-03,2022-12-17,2022-12-10,2026-08-12T13:29:33.699965,loans.csv
3796,652,1,2024-02-13,2024-03-05,2024-03-06,2026-08-12T13:29:33.699965,loans.csv
356,702,3,2023-05-22,2023-06-05,2023-06-06,2026-08-12T13:29:33.699965,loans.csv
6986,1509,24,2021-05-11,2021-05-25,2021-05-19,2026-08-12T13:29:33.699965,loans.csv
2545,2743,6,2024-11-01,2024-11-15,2024-11-03,2026-08-12T13:29:33.699965,loans.csv
8817,1936,24,2020-10-19,2020-11-02,2020-10-26,2026-08-12T13:29:33.699965,loans.csv
6964,2563,91,2024-04-01,2024-04-15,2024-04-06,2026-08-12T13:29:33.699965,loans.csv
5940,452,2,2023-10-28,2023-11-11,2023-11-08,2026-08-12T13:29:33.699965,loans.csv
1638,2545,1,2023-02-15,2023-03-01,2023-03-08,2026-08-12T13:29:33.699965,loans.csv
1317,2032,1,2023-10-06,2023-10-20,2023-10-08,2026-08-12T13:29:33.699965,loans.csv
2411,534,82,2023-09-26,2023-10-17,2023-10-06,2026-08-12T13:29:33.699965,loans.csv
5740,920,4,2024-08-30,2024-09-13,,2026-08-12T13:29:33.699965,loans.csv
2157,2055,87,2020-04-14,2020-05-05,2020-04-24,2026-08-12T13:29:33.699965,loans.csv
7508,1419,1,2023-05-17,2023-05-31,,2026-08-12T13:29:33.699965,loans.csv
7008,117,1,2023-08-15,2023-08-29,2023-09-01,2026-08-12T13:29:33.699965,loans.csv
964,1522,3,2024-10-08,2024-10-22,2024-10-13,2026-08-12T13:29:33.699965,loans.csv
5947,1050,2,2024-09-08,2024-09-22,2024-09-21,2026-08-12T13:29:33.699965,loans.csv
8740,646,23,2024-07-06,2024-07-20,2024-07-22,2026-08-12T13:29:33.699965,loans.csv
2027,872,1,2023-01-25,2023-02-08,2023-02-06,2026-08-12T13:29:33.699965,loans.csv
7372,2246,1,2023-05-20,2023-06-03,2023-05-22,2026-08-12T13:29:33.699965,loans.csv
3350,1861,1,2023-09-22,2023-10-06,,2026-08-12T13:29:33.699965,loans.csv
8347,316,40,2022-12-24,2023-01-07,,2026-08-12T13:29:33.699965,loans.csv
7550,1161,8,2024-03-07,2024-03-21,2024-03-25,2026-08-12T13:29:33.699965,loans.csv
2537,2672,25,2022-08-22,2022-09-12,2022-09-08,2026-08-12T13:29:33.699965,loans.csv
2088,2325,5,2023-09-11,2023-09-25,2023-09-25,2026-08-12T13:29:33.699965,loans.csv
5240,1275,1,2021-12-03,2021-12-17,2021-12-08,2026-08-12T13:29:33.699965,loans.csv
6520,2679,1,2024-01-24,2024-02-07,,2026-08-12T13:29:33.699965,loans.csv
3644,2575,1,2024-06-06,2024-06-20,2024-06-11,2026-08-12T13:29:33.699965,loans.csv
3972,2649,1,2024-02-04,2024-02-18,2024-02-05,2026-08-12T13:29:33.699965,loans.csv
6724,498,147,2023-09-14,2023-10-05,2023-10-09,2026-08-12T13:29:33.699965,loans.csv
1071,882,4,2022-09-22,2022-10-06,2022-10-07,2026-08-12T13:29:33.699965,loans.csv
8633,1565,2,2023-04-22,2023-05-06,,2026-08-12T13:29:33.699965,loans.csv
6782,2240,2,2024-11-29,2024-12-13,2024-12-04,2026-08-12T13:29:33.699965,loans.csv
2587,1467,3,2024-09-20,2024-10-04,2024-09-27,2026-08-12T13:29:33.699965,loans.csv
645,1689,2,2022-03-16,2022-03-30,2022-03-17,2026-08-12T13:29:33.699965,loans.csv
1192,2078,1,2023-02-19,2023-03-05,2023-03-27,2026-08-12T13:29:33.699965,loans.csv
8393,1673,1,2023-02-22,2023-03-08,2023-03-06,2026-08-12T13:29:33.699965,loans.csv
420,1102,3,2024-07-30,2024-08-13,2024-08-28,2026-08-12T13:29:33.699965,loans.csv
9018,1191,1,2022-02-04,2022-02-18,2022-02-14,2026-08-12T13:29:33.699965,loans.csv
6674,814,1,2020-11-14,2020-11-28,2020-12-01,2026-08-12T13:29:33.699965,loans.csv
2751,901,5,2021-02-27,2021-03-13,2021-03-02,2026-08-12T13:29:33.699965,loans.csv
2071,1208,1,2023-07-21,2023-08-04,2023-08-01,2026-08-12T13:29:33.699965,loans.csv
4770,1909,1,2024-01-02,2024-01-16,2024-01-11,2026-08-12T13:29:33.699965,loans.csv
8432,816,2,2023-03-08,2023-03-22,2023-03-10,2026-08-12T13:29:33.699965,loans.csv
6971,1748,1,2023-11-03,2023-11-24,2023-11-08,2026-08-12T13:29:33.699965,loans.csv
2153,2562,1,2022-02-05,2022-02-19,2022-02-10,2026-08-12T13:29:33.699965,loans.csv
8953,2441,1,2024-11-18,2024-12-02,2024-12-09,2026-08-12T13:29:33.699965,loans.csv
6501,1373,1,2020-09-09,2020-09-23,2020-09-22,2026-08-12T13:29:33.699965,loans.csv
7664,2136,1,2024-07-08,2024-07-22,2024-07-28,2026-08-12T13:29:33.699965,loans.csv
9337,579,7,2022-04-19,2022-05-03,,2026-08-12T13:29:33.699965,loans.csv
9571,1292,6,2023-02-04,2023-02-18,2023-02-07,2026-08-12T13:29:33.699965,loans.csv
2356,2783,5,2024-10-19,2024-11-02,2024-10-25,2026-08-12T13:29:33.699965,loans.csv
7442,1611,25,2020-08-21,2020-09-04,2020-08-24,2026-08-12T13:29:33.699965,loans.csv
5612,1690,4,2024-10-12,2024-10-26,2024-10-16,2026-08-12T13:29:33.699965,loans.csv
5653,2250,5,2024-03-25,2024-04-08,2024-03-29,2026-08-12T13:29:33.699965,loans.csv
2034,2436,1,2023-12-29,2024-01-12,2024-01-09,2026-08-12T13:29:33.699965,loans.csv
8767,2708,25,2023-09-02,2023-09-16,2023-09-09,2026-08-12T13:29:33.699965,loans.csv
6753,1769,1,2024-10-02,2024-10-16,2024-10-12,2026-08-12T13:29:33.699965,loans.csv
7240,1402,1,2023-04-07,2023-04-21,2023-04-27,2026-08-12T13:29:33.699965,loans.csv
8248,2018,1,2024-04-20,2024-05-04,2024-05-03,2026-08-12T13:29:33.699965,loans.csv
7079,850,1,2024-10-10,2024-10-24,2024-10-22,2026-08-12T13:29:33.699965,loans.csv
2099,16,1,2022-08-03,2022-08-17,2022-08-09,2026-08-12T13:29:33.699965,loans.csv
2831,43,1,2021-04-21,2021-05-05,2021-05-03,2026-08-12T13:29:33.699965,loans.csv
7205,2698,9,2022-06-11,2022-06-25,2022-06-13,2026-08-12T13:29:33.699965,loans.csv
9309,2670,2,2024-01-19,2024-02-02,2024-01-24,2026-08-12T13:29:33.699965,loans.csv
8608,307,1,2024-01-06,2024-01-20,,2026-08-12T13:29:33.699965,loans.csv
4644,1582,1,2024-05-29,2024-06-12,2024-06-04,2026-08-12T13:29:33.699965,loans.csv
8836,583,10,2024-11-27,2024-12-11,2024-11-29,2026-08-12T13:29:33.699965,loans.csv
9354,537,5,2021-09-16,2021-09-30,2021-10-03,2026-08-12T13:29:33.699965,loans.csv
3578,2798,1,2024-09-04,2024-09-18,2024-09-17,2026-08-12T13:29:33.699965,loans.csv
6671,2377,3,2023-11-16,2023-12-07,2023-12-18,2026-08-12T13:29:33.699965,loans.csv
650,1704,1,2024-11-06,2024-11-20,2024-11-22,2026-08-12T13:29:33.699965,loans.csv
9406,2011,14,2024-11-29,2024-12-13,2024-12-13,2026-08-12T13:29:33.699965,loans.csv
4380,2645,1,2024-04-19,2024-05-10,2024-05-04,2026-08-12T13:29:33.699965,loans.csv
310,421,33,2023-08-28,2023-09-11,,2026-08-12T13:29:33.699965,loans.csv
7865,1609,16,2023-01-02,2023-01-16,2023-01-10,2026-08-12T13:29:33.699965,loans.csv
533,15,2,2023-02-14,2023-02-28,2023-02-26,2026-08-12T13:29:33.699965,loans.csv
5293,1510,99,2022-05-08,2022-05-22,2022-06-05,2026-08-12T13:29:33.699965,loans.csv
5070,132,1,2023-04-28,2023-05-12,2023-05-15,2026-08-12T13:29:33.699965,loans.csv
1490,1553,4,2023-09-19,2023-10-03,2023-09-29,2026-08-12T13:29:33.699965,loans.csv
2086,1781,1,2023-10-07,2023-10-28,2023-10-08,2026-08-12T13:29:33.699965,loans.csv
941,1327,1,2022-10-14,2022-10-28,2022-11-15,2026-08-12T13:29:33.699965,loans.csv
5633,321,4,2024-01-16,2024-02-06,2024-02-04,2026-08-12T13:29:33.699965,loans.csv
1692,2065,1,2023-09-27,2023-10-11,2023-10-01,2026-08-12T13:29:33.699965,loans.csv
3386,1133,1,2022-08-01,2022-08-15,2022-08-05,2026-08-12T13:29:33.699965,loans.csv
3681,2445,2,2024-10-01,2024-10-15,2024-10-13,2026-08-12T13:29:33.699965,loans.csv
633,2176,16,2024-04-11,2024-04-25,2024-05-16,2026-08-12T13:29:33.699965,loans.csv
9536,2206,23,2024-08-24,2024-09-07,2024-09-06,2026-08-12T13:29:33.699965,loans.csv
8105,2533,1,2024-04-08,2024-04-22,2024-04-14,2026-08-12T13:29:33.699965,loans.csv
1577,2761,10,2024-08-01,2024-08-15,2024-08-12,2026-08-12T13:29:33.699965,loans.csv
1590,1339,2,2020-03-19,2020-04-02,2020-03-30,2026-08-12T13:29:33.699965,loans.csv
3601,1142,1,2023-10-21,2023-11-04,2023-10-30,2026-08-12T13:29:33.699965,loans.csv
5046,1523,1,2024-04-11,2024-05-02,2024-04-14,2026-08-12T13:29:33.699965,loans.csv
1491,1632,2,2023-02-09,2023-02-23,2023-02-15,2026-08-12T13:29:33.699965,loans.csv
8949,110,1,2022-09-20,2022-10-04,2022-10-05,2026-08-12T13:29:33.699965,loans.csv
9574,2018,45,2024-06-14,2024-06-28,2024-06-27,2026-08-12T13:29:33.699965,loans.csv
195,421,1,2020-10-10,2020-10-24,2020-11-17,2026-08-12T13:29:33.699965,loans.csv
2024,591,1,2024-09-29,2024-10-13,2024-10-14,2026-08-12T13:29:33.699965,loans.csv
3900,335,1,2020-12-27,2021-01-10,2021-01-06,2026-08-12T13:29:33.699965,loans.csv
429,485,87,2024-12-25,2025-01-08,,2026-08-12T13:29:33.699965,loans.csv
4250,2380,1,2024-02-17,2024-03-02,,2026-08-12T13:29:33.699965,loans.csv
4319,2620,1,2024-07-15,2024-07-29,2024-07-27,2026-08-12T13:29:33.699965,loans.csv
7330,444,1,2024-12-15,2024-12-29,,2026-08-12T13:29:33.699965,loans.csv
666,930,1,2024-10-26,2024-11-09,2024-11-01,2026-08-12T13:29:33.699965,loans.csv
5049,267,12,2024-05-03,2024-05-17,,2026-08-12T13:29:33.699965,loans.csv
2130,2167,1,2023-10-07,2023-10-21,2023-10-27,2026-08-12T13:29:33.699965,loans.csv
254,1477,5,2022-12-31,2023-01-14,2023-01-04,2026-08-12T13:29:33.699965,loans.csv
1145,2015,1,2023-12-14,2023-12-28,2023-12-20,2026-08-12T13:29:33.699965,loans.csv
3360,2189,1,2024-04-28,2024-05-12,2024-05-19,2026-08-12T13:29:33.699965,loans.csv
1671,1553,3,2023-10-11,2023-10-25,2023-10-19,2026-08-12T13:29:33.699965,loans.csv
1333,1766,9,2024-04-26,2024-05-10,2024-05-09,2026-08-12T13:29:33.699965,loans.csv
3846,1865,4,2022-10-20,2022-11-03,,2026-08-12T13:29:33.699965,loans.csv
2780,1027,1,2022-09-16,2022-09-30,2022-10-02,2026-08-12T13:29:33.699965,loans.csv
3223,2213,1,2024-08-17,2024-08-31,2024-08-30,2026-08-12T13:29:33.699965,loans.csv
4178,2414,3,2024-01-13,2024-01-27,,2026-08-12T13:29:33.699965,loans.csv
9058,1967,1,2020-09-12,2020-10-03,2020-09-19,2026-08-12T13:29:33.699965,loans.csv
7797,1176,7,2024-11-14,2024-11-28,2024-11-26,2026-08-12T13:29:33.699965,loans.csv
3673,1926,5,2023-06-28,2023-07-12,2023-07-11,2026-08-12T13:29:33.699965,loans.csv
9421,2259,5,2024-11-02,2024-11-16,2024-11-04,2026-08-12T13:29:33.699965,loans.csv
2253,1648,1,2022-05-24,2022-06-07,2022-05-27,2026-08-12T13:29:33.699965,loans.csv
8698,645,11,2022-01-06,2022-01-20,2022-01-15,2026-08-12T13:29:33.699965,loans.csv
8550,422,81,2023-06-12,2023-06-26,2023-06-28,2026-08-12T13:29:33.699965,loans.csv
5394,2170,6,2023-10-23,2023-11-13,2023-11-13,2026-08-12T13:29:33.699965,loans.csv
7359,57,1,2022-07-19,2022-08-02,2022-08-09,2026-08-12T13:29:33.699965,loans.csv
1063,226,34,2023-10-02,2023-10-16,2023-10-08,2026-08-12T13:29:33.699965,loans.csv
6086,1084,25,2022-08-13,2022-09-03,2022-08-27,2026-08-12T13:29:33.699965,loans.csv
6331,2287,1,2024-12-26,2025-01-09,,2026-08-12T13:29:33.699965,loans.csv
6385,1412,1,2024-02-15,2024-02-29,2024-03-05,2026-08-12T13:29:33.699965,loans.csv
5948,1554,1,2022-06-06,2022-06-20,2022-06-24,2026-08-12T13:29:33.699965,loans.csv
3774,2313,1,2020-03-28,2020-04-11,2020-03-31,2026-08-12T13:29:33.699965,loans.csv
6793,1319,1,2024-04-07,2024-04-21,2024-04-19,2026-08-12T13:29:33.699965,loans.csv
8538,97,1,2023-11-23,2023-12-07,2023-11-30,2026-08-12T13:29:33.699965,loans.csv
4441,1994,1,2023-06-16,2023-06-30,2023-06-20,2026-08-12T13:29:33.699965,loans.csv
1898,1154,2,2024-07-27,2024-08-10,2024-08-14,2026-08-12T13:29:33.699965,loans.csv
2342,1452,3,2022-03-24,2022-04-07,,2026-08-12T13:29:33.699965,loans.csv
6839,2676,2,2023-08-29,2023-09-12,2023-08-31,2026-08-12T13:29:33.699965,loans.csv
1596,2560,1,2024-10-04,2024-10-18,,2026-08-12T13:29:33.699965,loans.csv
4975,1663,5,2024-02-29,2024-03-14,2024-03-01,2026-08-12T13:29:33.699965,loans.csv
8136,1819,4,2024-09-23,2024-10-14,2024-10-03,2026-08-12T13:29:33.699965,loans.csv
7351,1025,1,2023-01-26,2023-02-09,2023-02-12,2026-08-12T13:29:33.699965,loans.csv
9285,2064,1,2024-02-25,2024-03-10,2024-03-02,2026-08-12T13:29:33.699965,loans.csv
7944,1455,8,2024-07-28,2024-08-11,2024-08-06,2026-08-12T13:29:33.699965,loans.csv
8682,1991,1,2023-07-18,2023-08-01,2023-07-23,2026-08-12T13:29:33.699965,loans.csv
1483,2155,2,2024-12-26,2025-01-09,,2026-08-12T13:29:33.699965,loans.csv
5398,24,5,2024-09-13,2024-09-27,2024-10-03,2026-08-12T13:29:33.699965,loans.csv
3389,15,1,2023-02-25,2023-03-11,,2026-08-12T13:29:33.699965,loans.csv
3867,3,1,2023-04-04,2023-04-18,2023-04-15,2026-08-12T13:29:33.699965,loans.csv
4226,2109,3,2021-11-11,2021-11-25,2021-11-29,2026-08-12T13:29:33.699965,loans.csv
5645,472,1,2024-07-17,2024-08-07,2024-07-31,2026-08-12T13:29:33.699965,loans.csv
8845,1272,1,2024-08-09,2024-08-23,2024-08-22,2026-08-12T13:29:33.699965,loans.csv
2727,543,1,2023-11-09,2023-11-23,2023-11-23,2026-08-12T13:29:33.699965,loans.csv
9170,1068,1,2024-07-06,2024-07-20,2024-07-10,2026-08-12T13:29:33.699965,loans.csv
4601,858,2,2024-12-16,2024-12-30,,2026-08-12T13:29:33.699965,loans.csv
3633,542,1,2023-02-01,2023-02-15,2023-02-12,2026-08-12T13:29:33.699965,loans.csv
5148,1362,1,2024-10-06,2024-10-20,2024-10-08,2026-08-12T13:29:33.699965,loans.csv
74,93,6,2023-03-29,2023-04-12,,2026-08-12T13:29:33.699965,loans.csv
1292,527,11,2023-11-27,2023-12-18,2023-12-22,2026-08-12T13:29:33.699965,loans.csv
5648,1811,3,2022-04-29,2022-05-13,2022-05-11,2026-08-12T13:29:33.699965,loans.csv
9230,1005,1,2024-05-13,2024-05-27,2024-05-25,2026-08-12T13:29:33.699965,loans.csv
6933,2073,2,2023-09-04,2023-09-18,2023-09-19,2026-08-12T13:29:33.699965,loans.csv
7627,1299,20,2024-11-27,2024-12-11,2024-12-17,2026-08-12T13:29:33.699965,loans.csv
4411,69,2,2023-03-27,2023-04-10,2023-04-14,2026-08-12T13:29:33.699965,loans.csv
534,1346,1,2022-07-16,2022-07-30,2022-08-11,2026-08-12T13:29:33.699965,loans.csv
2069,1210,16,2021-06-26,2021-07-10,2021-07-06,2026-08-12T13:29:33.699965,loans.csv
5839,1350,104,2024-12-25,2025-01-08,,2026-08-12T13:29:33.699965,loans.csv
3089,187,1,2021-01-05,2021-01-19,,2026-08-12T13:29:33.699965,loans.csv
2158,1166,98,2020-12-30,2021-01-13,,2026-08-12T13:29:33.699965,loans.csv
7802,492,3,2023-07-29,2023-08-12,2023-08-11,2026-08-12T13:29:33.699965,loans.csv
7045,360,1,2020-01-21,2020-02-04,2020-01-27,2026-08-12T13:29:33.699965,loans.csv
4416,2165,2,2023-11-01,2023-11-15,2023-11-18,2026-08-12T13:29:33.699965,loans.csv
4147,1656,2,2024-06-08,2024-06-22,,2026-08-12T13:29:33.699965,loans.csv
3950,2670,1,2023-11-19,2023-12-03,2023-11-29,2026-08-12T13:29:33.699965,loans.csv
1012,450,51,2023-05-17,2023-06-07,2023-06-14,2026-08-12T13:29:33.699965,loans.csv
9221,881,1,2023-09-28,2023-10-12,2023-10-15,2026-08-12T13:29:33.699965,loans.csv
6538,410,1,2024-01-23,2024-02-06,2024-01-27,2026-08-12T13:29:33.699965,loans.csv
8577,243,2,2024-09-14,2024-09-28,2024-09-17,2026-08-12T13:29:33.699965,loans.csv
5173,2018,45,2024-06-14,2024-06-28,2024-06-27,2026-08-12T13:29:33.699965,loans.csv
2463,1098,2,2020-06-07,2020-06-21,2020-06-14,2026-08-12T13:29:33.699965,loans.csv
65,924,1,2023-01-22,2023-02-05,2023-01-28,2026-08-12T13:29:33.699965,loans.csv
6319,968,2,2024-05-01,2024-05-15,2024-05-06,2026-08-12T13:29:33.699965,loans.csv
1532,2119,6,2022-11-24,2022-12-08,2023-01-18,2026-08-12T13:29:33.699965,loans.csv
6070,565,3,2023-09-14,2023-09-28,2023-09-27,2026-08-12T13:29:33.699965,loans.csv
7870,2104,3,2024-03-21,2024-04-04,2024-03-29,2026-08-12T13:29:33.699965,loans.csv
8113,2344,2,2023-12-31,2024-01-14,2024-01-11,2026-08-12T13:29:33.699965,loans.csv
837,2001,1,2024-11-23,2024-12-14,2024-12-09,2026-08-12T13:29:33.699965,loans.csv
4641,674,5,2024-11-26,2024-12-10,2024-12-17,2026-08-12T13:29:33.699965,loans.csv
2479,212,2,2022-08-12,2022-08-26,2022-09-22,2026-08-12T13:29:33.699965,loans.csv
5202,2511,2,2022-04-10,2022-04-24,2022-04-18,2026-08-12T13:29:33.699965,loans.csv
8103,667,6,2024-03-01,2024-03-15,2024-03-06,2026-08-12T13:29:33.699965,loans.csv
3318,677,1,2022-11-15,2022-11-29,2023-01-06,2026-08-12T13:29:33.699965,loans.csv
245,2701,41,2021-10-31,2021-11-14,2021-11-14,2026-08-12T13:29:33.699965,loans.csv
5093,566,1,2024-12-25,2025-01-08,,2026-08-12T13:29:33.699965,loans.csv
2062,1740,3,2023-07-18,2023-08-01,2023-08-02,2026-08-12T13:29:33.699965,loans.csv
4330,1686,2,2024-10-17,2024-10-31,2024-11-02,2026-08-12T13:29:33.699965,loans.csv
4809,2639,1,2022-12-27,2023-01-10,2023-01-04,2026-08-12T13:29:33.699965,loans.csv
1073,767,1,2024-12-10,2024-12-24,2024-12-28,2026-08-12T13:29:33.699965,loans.csv
9051,2164,1,2023-05-07,2023-05-21,2023-05-08,2026-08-12T13:29:33.699965,loans.csv
8747,1796,4,2024-11-23,2024-12-07,2024-12-02,2026-08-12T13:29:33.699965,loans.csv
1547,1336,1,2021-03-23,2021-04-06,2021-04-08,2026-08-12T13:29:33.699965,loans.csv
4321,2022,1,2023-09-21,2023-10-12,2023-10-06,2026-08-12T13:29:33.699965,loans.csv
6977,1643,125,2024-07-05,2024-07-26,,2026-08-12T13:29:33.699965,loans.csv
5480,2028,7,2024-04-24,2024-05-08,2024-05-06,2026-08-12T13:29:33.699965,loans.csv
9177,1533,2,2021-04-25,2021-05-09,2021-04-27,2026-08-12T13:29:33.699965,loans.csv
1705,2608,5,2022-03-05,2022-03-19,2022-03-14,2026-08-12T13:29:33.699965,loans.csv
917,668,1,2024-06-25,2024-07-09,2024-06-26,2026-08-12T13:29:33.699965,loans.csv
3233,2731,1,2023-08-25,2023-09-08,2023-09-07,2026-08-12T13:29:33.699965,loans.csv
6273,44,2,2022-08-15,2022-08-29,2022-08-28,2026-08-12T13:29:33.699965,loans.csv
987,1255,6,2020-05-07,2020-05-21,2020-05-19,2026-08-12T13:29:33.699965,loans.csv
2041,528,3,2023-09-06,2023-09-20,2023-09-12,2026-08-12T13:29:33.699965,loans.csv
1224,1910,1,2023-05-04,2023-05-18,2023-05-06,2026-08-12T13:29:33.699965,loans.csv
2659,680,4,2024-09-05,2024-09-19,2024-09-19,2026-08-12T13:29:33.699965,loans.csv
4950,2373,13,2023-08-07,2023-08-21,2023-08-23,2026-08-12T13:29:33.699965,loans.csv
1658,2146,1,2021-02-23,2021-03-09,2021-03-07,2026-08-12T13:29:33.699965,loans.csv
1768,2698,1,2023-01-09,2023-01-23,2023-01-23,2026-08-12T13:29:33.699965,loans.csv
7198,1761,1,2020-06-29,2020-07-13,2020-07-02,2026-08-12T13:29:33.699965,loans.csv
8724,1304,3,2021-03-26,2021-04-09,2021-03-31,2026-08-12T13:29:33.699965,loans.csv
4561,518,1,2024-01-28,2024-02-11,,2026-08-12T13:29:33.699965,loans.csv
2893,2313,80,2022-03-30,2022-04-20,2022-04-06,2026-08-12T13:29:33.699965,loans.csv
1558,1017,3,2024-01-05,2024-01-19,2024-01-07,2026-08-12T13:29:33.699965,loans.csv
6256,629,3,2024-09-23,2024-10-07,2024-10-13,2026-08-12T13:29:33.699965,loans.csv
4270,1970,2,2023-11-12,2023-11-26,,2026-08-12T13:29:33.699965,loans.csv
3445,2481,2,2024-11-04,2024-11-18,2024-11-06,2026-08-12T13:29:33.699965,loans.csv
3453,226,5,2023-09-26,2023-10-10,2023-10-01,2026-08-12T13:29:33.699965,loans.csv
4646,1060,2,2022-04-23,2022-05-07,2022-05-05,2026-08-12T13:29:33.699965,loans.csv
1211,1933,1,2023-11-04,2023-11-18,2023-11-16,2026-08-12T13:29:33.699965,loans.csv
5104,1684,1,2023-09-28,2023-10-12,2023-10-05,2026-08-12T13:29:33.699965,loans.csv
13,2562,2,2023-01-16,2023-01-30,2023-02-25,2026-08-12T13:29:33.699965,loans.csv
5275,2363,4,2023-06-13,2023-06-27,,2026-08-12T13:29:33.699965,loans.csv
7378,449,1,2021-08-28,2021-09-11,2021-08-29,2026-08-12T13:29:33.699965,loans.csv
2417,1605,2,2024-09-26,2024-10-10,2024-09-27,2026-08-12T13:29:33.699965,loans.csv
2340,520,112,2021-10-19,2021-11-02,2021-10-26,2026-08-12T13:29:33.699965,loans.csv
2769,300,5,2023-11-26,2023-12-10,,2026-08-12T13:29:33.699965,loans.csv
1612,1557,4,2023-03-25,2023-04-08,2023-05-23,2026-08-12T13:29:33.699965,loans.csv
3403,2507,1,2024-11-19,2024-12-03,2024-11-22,2026-08-12T13:29:33.699965,loans.csv
2968,1529,3,2024-07-07,2024-07-21,2024-07-09,2026-08-12T13:29:33.699965,loans.csv
693,514,1,2024-09-06,2024-09-20,,2026-08-12T13:29:33.699965,loans.csv
6804,1825,1,2021-05-09,2021-05-23,2021-05-10,2026-08-12T13:29:33.699965,loans.csv
4355,68,1,2024-07-12,2024-07-26,2024-07-17,2026-08-12T13:29:33.699965,loans.csv
7385,1771,1,2023-01-17,2023-01-31,2023-01-20,2026-08-12T13:29:33.699965,loans.csv
5339,606,6,2024-04-01,2024-04-15,,2026-08-12T13:29:33.699965,loans.csv
3314,1400,1,2024-09-13,2024-10-04,2024-09-29,2026-08-12T13:29:33.699965,loans.csv
1273,2481,2,2024-12-04,2024-12-18,2024-12-18,2026-08-12T13:29:33.699965,loans.csv
3152,2743,1,2024-10-19,2024-11-02,2024-10-31,2026-08-12T13:29:33.699965,loans.csv
2880,1008,4,2023-11-08,2023-11-22,2023-11-17,2026-08-12T13:29:33.699965,loans.csv
934,412,1,2024-05-10,2024-05-24,2024-05-21,2026-08-12T13:29:33.699965,loans.csv
871,536,31,2023-12-08,2023-12-22,2023-12-11,2026-08-12T13:29:33.699965,loans.csv
7278,112,2,2022-05-29,2022-06-12,2022-05-30,2026-08-12T13:29:33.699965,loans.csv
4806,24,1,2024-10-22,2024-11-05,2024-10-28,2026-08-12T13:29:33.699965,loans.csv
6742,1243,16,2023-08-02,2023-08-16,2023-08-07,2026-08-12T13:29:33.699965,loans.csv
8992,1112,1,2021-11-13,2021-11-27,2021-11-17,2026-08-12T13:29:33.699965,loans.csv
6171,2343,20,2021-01-28,2021-02-11,2021-02-14,2026-08-12T13:29:33.699965,loans.csv
5233,1186,7,2023-05-27,2023-06-10,2023-05-30,2026-08-12T13:29:33.699965,loans.csv
1781,2756,1,2024-05-29,2024-06-19,2024-06-14,2026-08-12T13:29:33.699965,loans.csv
5005,1037,1,2024-07-11,2024-07-25,2024-07-12,2026-08-12T13:29:33.699965,loans.csv
2720,1104,24,2023-12-16,2023-12-30,,2026-08-12T13:29:33.699965,loans.csv
9411,1781,1,2023-09-29,2023-10-13,2023-10-10,2026-08-12T13:29:33.699965,loans.csv
2997,1083,15,2023-03-10,2023-03-24,2023-03-12,2026-08-12T13:29:33.699965,loans.csv
889,660,20,2023-09-09,2023-09-23,2023-09-14,2026-08-12T13:29:33.699965,loans.csv
40,1761,2,2022-07-29,2022-08-12,2022-08-18,2026-08-12T13:29:33.699965,loans.csv
8616,280,1,2023-06-19,2023-07-03,2023-08-03,2026-08-12T13:29:33.699965,loans.csv
5572,1488,3,2023-04-28,2023-05-19,2023-04-29,2026-08-12T13:29:33.699965,loans.csv
1790,2331,7,2024-05-06,2024-05-20,2024-05-19,2026-08-12T13:29:33.699965,loans.csv
404,1588,2,2022-03-21,2022-04-04,,2026-08-12T13:29:33.699965,loans.csv
7651,728,21,2022-10-05,2022-10-19,2022-10-08,2026-08-12T13:29:33.699965,loans.csv
6406,2326,5,2024-08-13,2024-08-27,,2026-08-12T13:29:33.699965,loans.csv
456,33,3,2024-01-15,2024-01-29,,2026-08-12T13:29:33.699965,loans.csv
8276,1495,2,2024-04-03,2024-04-17,2024-04-10,2026-08-12T13:29:33.699965,loans.csv
9129,989,1,2024-02-27,2024-03-12,2024-03-05,2026-08-12T13:29:33.699965,loans.csv
7987,265,2,2022-04-09,2022-04-23,2022-04-23,2026-08-12T13:29:33.699965,loans.csv
3058,2373,1,2022-12-23,2023-01-06,2023-01-12,2026-08-12T13:29:33.699965,loans.csv
5598,1979,1,2023-09-06,2023-09-20,2023-09-22,2026-08-12T13:29:33.699965,loans.csv
6676,1676,1,2023-09-28,2023-09-16,2023-10-11,2026-08-12T13:29:33.699965,loans.csv
4306,1814,1,2023-12-24,2024-01-07,2024-01-04,2026-08-12T13:29:33.699965,loans.csv
8196,2313,4,2021-12-28,2022-01-11,2022-01-04,2026-08-12T13:29:33.699965,loans.csv
7483,892,1,2023-09-16,2023-09-30,2023-09-21,2026-08-12T13:29:33.699965,loans.csv
6220,807,1,2023-02-15,2023-03-08,2023-02-23,2026-08-12T13:29:33.699965,loans.csv
7628,370,81,2024-01-13,2024-01-27,2024-01-26,2026-08-12T13:29:33.699965,loans.csv
2707,2520,9,2023-05-29,2023-06-12,,2026-08-12T13:29:33.699965,loans.csv
9125,2035,1,2023-06-02,2023-06-16,2023-06-03,2026-08-12T13:29:33.699965,loans.csv
8671,485,2,2024-10-20,2024-11-03,,2026-08-12T13:29:33.699965,loans.csv
9187,1178,105,2024-10-18,2024-11-01,2024-10-31,2026-08-12T13:29:33.699965,loans.csv
4977,815,2,2021-04-23,2021-05-07,,2026-08-12T13:29:33.699965,loans.csv
180,191,3,2021-12-16,2021-12-30,2021-12-20,2026-08-12T13:29:33.699965,loans.csv
5737,462,2,2024-09-30,2024-10-14,2024-11-28,2026-08-12T13:29:33.699965,loans.csv
3320,1153,13,2023-03-18,2023-04-01,2023-04-08,2026-08-12T13:29:33.699965,loans.csv
1700,2164,1,2021-03-23,2021-04-06,2021-03-29,2026-08-12T13:29:33.699965,loans.csv
6550,999,2,2024-11-15,2024-11-29,2024-11-25,2026-08-12T13:29:33.699965,loans.csv
903,2075,1,2021-11-25,2021-12-09,,2026-08-12T13:29:33.699965,loans.csv
858,1836,8,2024-05-21,2024-06-04,2024-06-10,2026-08-12T13:29:33.699965,loans.csv
3850,983,1,2021-03-26,2021-04-09,2021-04-02,2026-08-12T13:29:33.699965,loans.csv
1028,2084,2,2023-06-22,2023-07-06,2023-07-12,2026-08-12T13:29:33.699965,loans.csv
3521,1839,2,2023-11-08,2023-11-22,,2026-08-12T13:29:33.699965,loans.csv
1756,2715,4,2024-11-22,2024-12-06,2024-12-15,2026-08-12T13:29:33.699965,loans.csv
2150,2090,7,2022-04-26,2022-05-17,2022-05-05,2026-08-12T13:29:33.699965,loans.csv
3300,728,1,2023-10-16,2023-10-30,2023-10-23,2026-08-12T13:29:33.699965,loans.csv
8355,2711,58,2024-01-09,2024-01-23,2024-01-28,2026-08-12T13:29:33.699965,loans.csv
1529,1715,77,2022-10-01,2022-10-22,2022-10-13,2026-08-12T13:29:33.699965,loans.csv
6439,1657,5,2023-09-24,2023-10-08,2023-10-14,2026-08-12T13:29:33.699965,loans.csv
2804,1777,11,2023-05-20,2023-06-10,2023-07-06,2026-08-12T13:29:33.699965,loans.csv
9367,1675,1,2024-04-02,2024-04-16,2024-04-06,2026-08-12T13:29:33.699965,loans.csv
6503,1619,8,2022-11-27,2022-12-11,2022-12-12,2026-08-12T13:29:33.699965,loans.csv
5239,1415,2,2023-08-03,2023-08-17,2023-08-06,2026-08-12T13:29:33.699965,loans.csv
3936,1336,2,2021-12-19,2022-01-02,2021-12-22,2026-08-12T13:29:33.699965,loans.csv
7506,131,1,2023-02-03,2023-02-17,2023-02-13,2026-08-12T13:29:33.699965,loans.csv
4364,2449,1,2022-03-23,2022-04-06,2022-04-10,2026-08-12T13:29:33.699965,loans.csv
5876,877,3,2024-03-11,2024-03-25,,2026-08-12T13:29:33.699965,loans.csv
5975,2364,10,2024-06-26,2024-07-10,2024-07-17,2026-08-12T13:29:33.699965,loans.csv
7050,2760,1,2024-07-20,2024-08-03,,2026-08-12T13:29:33.699965,loans.csv
7410,2010,2,2021-07-21,2021-08-04,2021-07-23,2026-08-12T13:29:33.699965,loans.csv
7757,2019,120,2023-09-21,2023-10-05,,2026-08-12T13:29:33.699965,loans.csv
8141,2098,9,2022-10-09,2022-10-23,2022-10-24,2026-08-12T13:29:33.699965,loans.csv
3328,1024,4,2024-04-11,2024-05-02,2024-05-05,2026-08-12T13:29:33.699965,loans.csv
7083,1415,3,2021-10-02,2021-10-16,2021-11-24,2026-08-12T13:29:33.699965,loans.csv
1076,2606,133,2024-07-26,2024-08-09,,2026-08-12T13:29:33.699965,loans.csv
5230,1986,41,2024-02-20,2024-03-05,2024-03-09,2026-08-12T13:29:33.699965,loans.csv
1785,393,2,2020-08-07,2020-08-28,,2026-08-12T13:29:33.699965,loans.csv
4185,2611,1,2024-09-01,2024-09-15,,2026-08-12T13:29:33.699965,loans.csv
8545,2438,1,2021-10-02,2021-10-16,2021-10-11,2026-08-12T13:29:33.699965,loans.csv
5298,2603,6,2024-11-16,2024-11-30,,2026-08-12T13:29:33.699965,loans.csv
347,1281,1,2024-06-09,2024-06-23,2024-06-15,2026-08-12T13:29:33.699965,loans.csv
6352,278,1,2021-04-05,2021-04-19,2021-05-10,2026-08-12T13:29:33.699965,loans.csv
6236,1729,1,2024-02-01,2024-02-15,2024-02-08,2026-08-12T13:29:33.699965,loans.csv
4263,848,2,2024-11-16,2024-11-30,2024-12-15,2026-08-12T13:29:33.699965,loans.csv
819,1248,3,2021-10-09,2021-10-23,2021-10-25,2026-08-12T13:29:33.699965,loans.csv
939,340,17,2024-03-12,2024-03-26,2024-03-17,2026-08-12T13:29:33.699965,loans.csv
5743,90,1,2024-12-26,2024-12-21,,2026-08-12T13:29:33.699965,loans.csv
9079,1323,1,2024-09-21,2024-10-05,2024-10-11,2026-08-12T13:29:33.699965,loans.csv
4955,514,72,2024-03-18,2024-04-01,2024-04-05,2026-08-12T13:29:33.699965,loans.csv
6572,80,1,2023-06-04,2023-06-18,2023-06-20,2026-08-12T13:29:33.699965,loans.csv
9172,2515,1,2023-09-04,2023-09-18,2023-09-13,2026-08-12T13:29:33.699965,loans.csv
1418,28,30,2022-05-16,2022-05-30,2022-05-25,2026-08-12T13:29:33.699965,loans.csv
1377,1530,13,2024-07-28,2024-08-11,2024-08-01,2026-08-12T13:29:33.699965,loans.csv
47,42,1,2021-11-18,2021-12-02,2021-12-07,2026-08-12T13:29:33.699965,loans.csv
7075,823,14,2024-06-22,2024-07-06,2024-07-13,2026-08-12T13:29:33.699965,loans.csv
1890,2135,1,2021-09-15,2021-09-29,2021-10-02,2026-08-12T13:29:33.699965,loans.csv
6213,1423,31,2024-01-03,2024-01-17,2024-01-06,2026-08-12T13:29:33.699965,loans.csv
503,1529,1,2023-11-21,2023-12-12,2023-12-19,2026-08-12T13:29:33.699965,loans.csv
8674,268,1,2024-07-04,2024-07-18,2024-07-16,2026-08-12T13:29:33.699965,loans.csv
1066,1359,12,2024-07-14,2024-07-28,2024-07-15,2026-08-12T13:29:33.699965,loans.csv
3038,2305,2,2022-12-12,2022-12-01,2022-12-26,2026-08-12T13:29:33.699965,loans.csv
1611,1725,92,2024-05-01,2024-05-15,2024-05-02,2026-08-12T13:29:33.699965,loans.csv
1778,2086,4,2021-10-05,2021-10-19,2021-10-17,2026-08-12T13:29:33.699965,loans.csv
8175,1388,2,2021-02-28,2021-03-21,,2026-08-12T13:29:33.699965,loans.csv
5205,2536,42,2024-11-13,2024-11-27,2024-12-20,2026-08-12T13:29:33.699965,loans.csv
5083,452,1,2023-11-10,2023-11-24,2023-11-30,2026-08-12T13:29:33.699965,loans.csv
2028,233,7,2024-04-13,2024-04-27,2024-05-04,2026-08-12T13:29:33.699965,loans.csv
3332,2672,46,2024-09-22,2024-10-06,2024-10-05,2026-08-12T13:29:33.699965,loans.csv
7360,1345,1,2024-07-24,2024-08-07,2024-08-08,2026-08-12T13:29:33.699965,loans.csv
141,730,1,2024-02-10,2024-02-24,2024-02-29,2026-08-12T13:29:33.699965,loans.csv
1398,1020,2,2023-06-20,2023-07-11,2023-07-04,2026-08-12T13:29:33.699965,loans.csv
9489,2538,20,2022-03-08,2022-03-22,2022-03-10,2026-08-12T13:29:33.699965,loans.csv
2311,1013,1,2021-07-28,2021-08-11,,2026-08-12T13:29:33.699965,loans.csv
2442,1864,1,2024-03-05,2024-03-19,2024-03-17,2026-08-12T13:29:33.699965,loans.csv
4507,714,46,2024-12-22,2025-01-05,,2026-08-12T13:29:33.699965,loans.csv
8217,937,1,2022-09-18,2022-10-02,2022-09-20,2026-08-12T13:29:33.699965,loans.csv
2920,2764,1,2021-03-16,2021-04-06,2021-03-30,2026-08-12T13:29:33.699965,loans.csv
6612,1364,8,2024-09-16,2024-09-30,2024-09-17,2026-08-12T13:29:33.699965,loans.csv
8584,334,1,2023-07-18,2023-08-01,2023-07-28,2026-08-12T13:29:33.699965,loans.csv
5420,560,6,2024-06-17,2024-07-01,2024-06-21,2026-08-12T13:29:33.699965,loans.csv
7601,2739,2,2022-06-04,2022-06-18,2022-06-10,2026-08-12T13:29:33.699965,loans.csv
9487,814,4,2020-10-14,2020-10-28,2020-10-23,2026-08-12T13:29:33.699965,loans.csv
5492,1658,4,2024-11-30,2024-11-25,,2026-08-12T13:29:33.699965,loans.csv
3918,2782,1,2022-12-08,2022-12-22,2022-12-15,2026-08-12T13:29:33.699965,loans.csv
8676,1554,4,2022-09-25,2022-10-09,2022-10-02,2026-08-12T13:29:33.699965,loans.csv
2365,1147,3,2024-06-25,2024-07-09,2024-07-10,2026-08-12T13:29:33.699965,loans.csv
6429,585,6,2024-09-13,2024-10-04,2024-11-04,2026-08-12T13:29:33.699965,loans.csv
1386,1967,23,2024-09-04,2024-09-18,2024-10-22,2026-08-12T13:29:33.699965,loans.csv
7325,1811,1,2022-09-11,2022-09-25,2022-09-12,2026-08-12T13:29:33.699965,loans.csv
7906,1694,4,2021-08-26,2021-09-16,2021-09-09,2026-08-12T13:29:33.699965,loans.csv
1485,867,22,2024-08-14,2024-08-28,2024-08-22,2026-08-12T13:29:33.699965,loans.csv
9516,2110,2,2024-06-10,2024-06-24,2024-06-26,2026-08-12T13:29:33.699965,loans.csv
3919,1132,2,2022-07-17,2022-07-31,2022-07-19,2026-08-12T13:29:33.699965,loans.csv
8547,881,3,2022-08-21,2022-09-11,2022-09-16,2026-08-12T13:29:33.699965,loans.csv
810,2756,10,2024-06-21,2024-07-05,2024-07-06,2026-08-12T13:29:33.699965,loans.csv
2671,638,2,2024-10-25,2024-11-08,2024-10-29,2026-08-12T13:29:33.699965,loans.csv
6359,1942,1,2024-12-13,2024-12-27,,2026-08-12T13:29:33.699965,loans.csv
6761,2311,2,2024-09-03,2024-09-17,2024-09-14,2026-08-12T13:29:33.699965,loans.csv
4578,2750,1,2023-10-12,2023-10-26,,2026-08-12T13:29:33.699965,loans.csv
9002,2443,77,2024-11-16,2024-11-30,2024-12-03,2026-08-12T13:29:33.699965,loans.csv
2658,420,1,2022-06-05,2022-06-19,2022-06-10,2026-08-12T13:29:33.699965,loans.csv
6927,2301,3,2023-03-20,2023-04-03,2023-03-22,2026-08-12T13:29:33.699965,loans.csv
6569,2120,5,2020-06-10,2020-06-24,2020-06-14,2026-08-12T13:29:33.699965,loans.csv
3191,1233,1,2024-05-03,2024-05-17,2024-05-06,2026-08-12T13:29:33.699965,loans.csv
9512,1095,1,2023-06-30,2023-07-14,2023-07-19,2026-08-12T13:29:33.699965,loans.csv
7970,2522,3,2024-10-29,2024-11-12,2024-11-03,2026-08-12T13:29:33.699965,loans.csv
1019,1598,1,2024-04-01,2024-04-15,2024-04-07,2026-08-12T13:29:33.699965,loans.csv
9186,2239,37,2024-01-11,2024-01-25,2024-01-26,2026-08-12T13:29:33.699965,loans.csv
9034,2305,24,2023-04-26,2023-05-10,2023-05-16,2026-08-12T13:29:33.699965,loans.csv
8203,165,1,2024-03-17,2024-03-31,2024-03-26,2026-08-12T13:29:33.699965,loans.csv
8956,341,2,2024-11-25,2024-12-09,,2026-08-12T13:29:33.699965,loans.csv
4490,520,13,2024-01-11,2024-02-01,2024-02-07,2026-08-12T13:29:33.699965,loans.csv
3388,676,1,2024-01-24,2024-02-07,2024-02-16,2026-08-12T13:29:33.699965,loans.csv
7788,586,2,2023-03-15,2023-04-05,2023-04-08,2026-08-12T13:29:33.699965,loans.csv
3553,66,2,2023-10-12,2023-10-26,2023-10-30,2026-08-12T13:29:33.699965,loans.csv
5008,1063,3,2024-11-04,2024-11-18,2024-11-28,2026-08-12T13:29:33.699965,loans.csv
3859,2526,8,2022-11-02,2022-11-16,,2026-08-12T13:29:33.699965,loans.csv
8702,2654,1,2024-05-23,2024-06-06,2024-06-08,2026-08-12T13:29:33.699965,loans.csv
6910,1042,3,2023-06-09,2023-06-23,2023-06-30,2026-08-12T13:29:33.699965,loans.csv
9358,1269,121,2021-02-14,2021-02-28,2021-02-28,2026-08-12T13:29:33.699965,loans.csv
1779,526,11,2024-09-01,2024-09-15,2024-09-21,2026-08-12T13:29:33.699965,loans.csv
7387,1375,1,2023-11-18,2023-12-02,,2026-08-12T13:29:33.699965,loans.csv
6292,305,2,2023-02-28,2023-03-14,2023-03-07,2026-08-12T13:29:33.699965,loans.csv
1207,584,1,2024-03-26,2024-04-09,2024-04-07,2026-08-12T13:29:33.699965,loans.csv
2639,779,65,2024-02-05,2024-02-19,2024-02-24,2026-08-12T13:29:33.699965,loans.csv
4808,2756,1,2024-04-04,2024-04-18,2024-04-21,2026-08-12T13:29:33.699965,loans.csv
3637,1260,1,2023-05-21,2023-06-04,2023-05-24,2026-08-12T13:29:33.699965,loans.csv
3137,1831,1,2023-02-15,2023-03-08,2023-03-14,2026-08-12T13:29:33.699965,loans.csv
2723,1894,3,2024-06-01,2024-06-15,2024-07-20,2026-08-12T13:29:33.699965,loans.csv
5957,950,1,2024-12-25,2025-01-08,,2026-08-12T13:29:33.699965,loans.csv
9108,2481,1,2024-10-10,2024-10-24,2024-10-23,2026-08-12T13:29:33.699965,loans.csv
8074,1346,1,2024-06-11,2024-06-25,2024-06-14,2026-08-12T13:29:33.699965,loans.csv
5830,2591,1,2022-06-18,2022-07-02,2022-06-24,2026-08-12T13:29:33.699965,loans.csv
8729,1148,14,2024-06-28,2024-07-19,2024-07-10,2026-08-12T13:29:33.699965,loans.csv
7842,464,1,2024-07-04,2024-07-18,2024-07-19,2026-08-12T13:29:33.699965,loans.csv
5719,1418,8,2024-03-29,2024-04-12,2024-05-20,2026-08-12T13:29:33.699965,loans.csv
885,620,1,2023-03-14,2023-03-28,2023-03-29,2026-08-12T13:29:33.699965,loans.csv
4276,613,13,2024-12-02,2024-12-16,2024-12-09,2026-08-12T13:29:33.699965,loans.csv
2655,295,129,2023-08-23,2023-09-06,2023-09-28,2026-08-12T13:29:33.699965,loans.csv
8199,1085,1,2022-06-05,2022-06-19,2022-06-06,2026-08-12T13:29:33.699965,loans.csv
2942,2698,2,2022-12-12,2022-12-26,2022-12-20,2026-08-12T13:29:33.699965,loans.csv
3472,549,1,2024-10-09,2024-10-30,2024-10-20,2026-08-12T13:29:33.699965,loans.csv
4302,380,5,2022-06-06,2022-06-20,2022-06-14,2026-08-12T13:29:33.699965,loans.csv
7903,1721,4,2023-10-21,2023-11-04,2023-10-22,2026-08-12T13:29:33.699965,loans.csv
698,201,2,2022-01-27,2022-02-10,2022-02-12,2026-08-12T13:29:33.699965,loans.csv
4313,1790,4,2020-12-18,2021-01-01,,2026-08-12T13:29:33.699965,loans.csv
932,1680,7,2020-04-14,2020-04-28,2020-05-05,2026-08-12T13:29:33.699965,loans.csv
2373,1947,1,2024-05-26,2024-06-09,2024-06-08,2026-08-12T13:29:33.699965,loans.csv
1652,1344,138,2024-03-30,2024-04-13,2024-03-31,2026-08-12T13:29:33.699965,loans.csv
9035,380,6,2023-01-13,2023-01-27,2023-01-22,2026-08-12T13:29:33.699965,loans.csv
2056,1754,1,2024-05-06,2024-05-20,2024-05-08,2026-08-12T13:29:33.699965,loans.csv
6944,2130,2,2022-05-13,2022-05-27,2022-05-31,2026-08-12T13:29:33.699965,loans.csv
9366,289,1,2022-06-12,2022-06-26,2022-06-21,2026-08-12T13:29:33.699965,loans.csv
2906,2411,7,2023-06-17,2023-07-01,2023-07-07,2026-08-12T13:29:33.699965,loans.csv
1639,1681,4,2024-10-07,2024-10-28,2024-10-17,2026-08-12T13:29:33.699965,loans.csv
8889,1731,2,2023-01-30,2023-02-13,2023-02-05,2026-08-12T13:29:33.699965,loans.csv
16,86,1,2024-10-15,2024-10-29,2024-10-18,2026-08-12T13:29:33.699965,loans.csv
8652,862,1,2024-06-08,2024-06-22,2024-06-21,2026-08-12T13:29:33.699965,loans.csv
2589,2249,4,2022-05-18,2022-06-01,2022-05-21,2026-08-12T13:29:33.699965,loans.csv
7972,1098,19,2020-04-11,2020-05-02,2020-04-15,2026-08-12T13:29:33.699965,loans.csv
117,758,3,2024-12-26,2025-01-09,,2026-08-12T13:29:33.699965,loans.csv
1853,226,1,2023-08-12,2023-08-26,2023-08-15,2026-08-12T13:29:33.699965,loans.csv
6717,1134,21,2023-02-27,2023-03-13,2023-04-02,2026-08-12T13:29:33.699965,loans.csv
7919,1085,2,2022-09-18,2022-10-02,,2026-08-12T13:29:33.699965,loans.csv
9039,783,1,2020-08-03,2020-08-24,2020-08-26,2026-08-12T13:29:33.699965,loans.csv
306,1773,6,2022-03-13,2022-03-27,2022-03-23,2026-08-12T13:29:33.699965,loans.csv
9003,2370,24,2024-07-08,2024-07-22,2024-07-16,2026-08-12T13:29:33.699965,loans.csv
206,511,2,2023-09-26,2023-10-17,,2026-08-12T13:29:33.699965,loans.csv
1342,508,2,2021-03-17,2021-03-31,2021-04-02,2026-08-12T13:29:33.699965,loans.csv
3174,924,1,2023-01-07,2023-01-28,2023-01-19,2026-08-12T13:29:33.699965,loans.csv
3158,2235,8,2023-07-14,2023-07-28,2023-07-31,2026-08-12T13:29:33.699965,loans.csv
5152,1357,1,2024-05-06,2024-05-20,2024-05-18,2026-08-12T13:29:33.699965,loans.csv
2863,614,1,2024-08-05,2024-08-19,2024-08-16,2026-08-12T13:29:33.699965,loans.csv
5532,225,1,2021-07-24,2021-08-07,2021-07-28,2026-08-12T13:29:33.699965,loans.csv
5114,2396,1,2023-11-13,2023-11-27,2023-11-18,2026-08-12T13:29:33.699965,loans.csv
2242,1759,1,2024-11-23,2024-12-14,2024-12-21,2026-08-12T13:29:33.699965,loans.csv
5944,308,3,2023-10-21,2023-11-11,2023-11-03,2026-08-12T13:29:33.699965,loans.csv
862,116,1,2024-12-17,2024-12-31,,2026-08-12T13:29:33.699965,loans.csv
8847,2296,117,2022-08-17,2022-08-31,2022-08-18,2026-08-12T13:29:33.699965,loans.csv
4458,669,2,2024-09-23,2024-10-07,2024-09-24,2026-08-12T13:29:33.699965,loans.csv
4015,748,1,2023-08-20,2023-09-03,,2026-08-12T13:29:33.699965,loans.csv
2384,1108,10,2023-10-02,2023-10-16,2023-10-08,2026-08-12T13:29:33.699965,loans.csv
9468,1346,40,2024-09-17,2024-10-01,2024-09-20,2026-08-12T13:29:33.699965,loans.csv
2188,2442,1,2024-03-14,2024-03-28,2024-03-17,2026-08-12T13:29:33.699965,loans.csv
1393,2779,9,2023-09-28,2023-10-12,2023-11-12,2026-08-12T13:29:33.699965,loans.csv
4463,1755,1,2024-03-21,2024-04-04,2024-03-26,2026-08-12T13:29:33.699965,loans.csv
5269,1828,5,2024-09-20,2024-10-04,2024-10-04,2026-08-12T13:29:33.699965,loans.csv
3749,655,1,2023-10-15,2023-10-29,2023-11-01,2026-08-12T13:29:33.699965,loans.csv
7328,2562,1,2020-03-07,2020-03-21,2020-03-11,2026-08-12T13:29:33.699965,loans.csv
7056,756,1,2024-06-17,2024-07-01,2024-06-24,2026-08-12T13:29:33.699965,loans.csv
1905,410,61,2023-08-08,2023-08-22,2023-08-23,2026-08-12T13:29:33.699965,loans.csv
5718,232,1,2024-11-01,2024-11-15,2024-11-22,2026-08-12T13:29:33.699965,loans.csv
2482,1571,1,2023-11-17,2023-12-01,2023-11-21,2026-08-12T13:29:33.699965,loans.csv
3194,421,9,2024-05-26,2024-06-09,2024-06-12,2026-08-12T13:29:33.699965,loans.csv
2440,1227,75,2024-03-15,2024-03-29,2024-03-23,2026-08-12T13:29:33.699965,loans.csv
4577,1663,20,2023-12-11,2023-12-25,2023-12-20,2026-08-12T13:29:33.699965,loans.csv
3236,1056,3,2024-02-01,2024-02-22,2024-02-09,2026-08-12T13:29:33.699965,loans.csv
2409,1415,1,2023-10-27,2023-11-17,2023-11-14,2026-08-12T13:29:33.699965,loans.csv
5067,1118,17,2024-01-28,2024-02-11,2024-02-16,2026-08-12T13:29:33.699965,loans.csv
3468,1861,1,2023-08-27,2023-09-10,2023-08-29,2026-08-12T13:29:33.699965,loans.csv
1430,51,1,2023-11-09,2023-11-23,2023-11-23,2026-08-12T13:29:33.699965,loans.csv
5614,476,4,2022-06-22,2022-07-13,2022-07-03,2026-08-12T13:29:33.699965,loans.csv
8448,1219,4,2020-01-13,2020-01-27,2020-01-29,2026-08-12T13:29:33.699965,loans.csv
8967,1772,1,2022-12-20,2023-01-03,2023-01-02,2026-08-12T13:29:33.699965,loans.csv
2168,1889,6,2024-10-10,2024-10-24,2024-10-18,2026-08-12T13:29:33.699965,loans.csv
865,2735,1,2024-07-15,2024-07-29,2024-07-16,2026-08-12T13:29:33.699965,loans.csv
4797,564,28,2023-04-12,2023-04-26,2023-04-16,2026-08-12T13:29:33.699965,loans.csv
422,2638,1,2024-01-14,2024-01-28,2024-01-23,2026-08-12T13:29:33.699965,loans.csv
8942,663,1,2024-02-23,2024-03-08,2024-03-07,2026-08-12T13:29:33.699965,loans.csv
4238,1785,27,2024-12-16,2024-12-30,,2026-08-12T13:29:33.699965,loans.csv
26,1499,16,2023-03-09,2023-03-23,2023-03-12,2026-08-12T13:29:33.699965,loans.csv
5545,2750,8,2024-10-07,2024-10-21,2024-10-21,2026-08-12T13:29:33.699965,loans.csv
7356,2152,1,2024-09-03,2024-09-24,2024-09-06,2026-08-12T13:29:33.699965,loans.csv
3015,1022,2,2021-11-18,2021-12-02,2021-11-29,2026-08-12T13:29:33.699965,loans.csv
3518,1366,1,2023-07-26,2023-08-09,2023-07-31,2026-08-12T13:29:33.699965,loans.csv
2744,1942,2,2024-08-27,2024-09-10,2024-08-31,2026-08-12T13:29:33.699965,loans.csv
1601,1685,9,2024-02-13,2024-02-27,2024-02-18,2026-08-12T13:29:33.699965,loans.csv
9499,634,1,2023-06-08,2023-06-22,2023-06-17,2026-08-12T13:29:33.699965,loans.csv
1888,655,1,2024-12-03,2024-12-17,2024-12-04,2026-08-12T13:29:33.699965,loans.csv
2287,707,10,2022-03-19,2022-04-02,2022-04-08,2026-08-12T13:29:33.699965,loans.csv
4749,264,23,2024-07-25,2024-08-08,2024-07-27,2026-08-12T13:29:33.699965,loans.csv
1455,734,1,2024-03-06,2024-03-27,2024-03-18,2026-08-12T13:29:33.699965,loans.csv
5582,1214,24,2022-07-25,2022-08-08,2022-08-05,2026-08-12T13:29:33.699965,loans.csv
7571,1510,2,2022-08-14,2022-08-28,2022-08-28,2026-08-12T13:29:33.699965,loans.csv
3676,2112,1,2022-11-26,2022-12-10,,2026-08-12T13:29:33.699965,loans.csv
6377,1563,1,2024-08-21,2024-09-04,2024-09-06,2026-08-12T13:29:33.699965,loans.csv
7605,2650,2,2022-01-06,2022-01-20,2022-01-08,2026-08-12T13:29:33.699965,loans.csv
6303,1565,5,2023-11-07,2023-11-21,2023-11-09,2026-08-12T13:29:33.699965,loans.csv
4588,201,3,2024-05-17,2024-05-31,2024-05-24,2026-08-12T13:29:33.699965,loans.csv
33,1461,1,2022-12-15,2022-12-29,,2026-08-12T13:29:33.699965,loans.csv
3860,2278,2,2024-12-12,2024-12-26,,2026-08-12T13:29:33.699965,loans.csv
9315,937,13,2022-05-22,2022-06-05,2022-06-03,2026-08-12T13:29:33.699965,loans.csv
4,201,1,2021-06-19,2021-07-03,2021-06-25,2026-08-12T13:29:33.699965,loans.csv
2573,1243,1,2022-10-22,2022-11-12,2022-11-01,2026-08-12T13:29:33.699965,loans.csv
6074,1623,3,2023-12-16,2023-12-30,2023-12-27,2026-08-12T13:29:33.699965,loans.csv
2135,862,64,2023-01-09,2023-01-23,2023-01-17,2026-08-12T13:29:33.699965,loans.csv
2577,565,26,2022-05-25,2022-06-08,,2026-08-12T13:29:33.699965,loans.csv
7942,831,2,2023-04-05,2023-04-19,2023-04-14,2026-08-12T13:29:33.699965,loans.csv
6881,1661,64,2023-03-24,2023-04-07,2023-04-08,2026-08-12T13:29:33.699965,loans.csv
3147,178,1,2020-08-17,2020-08-31,2020-08-30,2026-08-12T13:29:33.699965,loans.csv
7514,2069,1,2024-04-15,2024-05-06,2024-05-05,2026-08-12T13:29:33.699965,loans.csv
1312,1079,44,2022-05-01,2022-05-22,2022-05-22,2026-08-12T13:29:33.699965,loans.csv
5884,1803,16,2024-05-26,2024-06-09,2024-06-03,2026-08-12T13:29:33.699965,loans.csv
9092,994,1,2021-05-29,2021-06-12,2021-06-01,2026-08-12T13:29:33.699965,loans.csv
3048,2591,1,2022-07-15,2022-08-05,,2026-08-12T13:29:33.699965,loans.csv
2376,365,11,2022-01-25,2022-02-15,2022-02-26,2026-08-12T13:29:33.699965,loans.csv
5344,1263,2,2024-05-27,2024-06-10,2024-07-12,2026-08-12T13:29:33.699965,loans.csv
5460,2477,6,2024-11-12,2024-11-26,2024-12-02,2026-08-12T13:29:33.699965,loans.csv
8559,1112,1,2021-02-11,2021-02-25,2021-02-12,2026-08-12T13:29:33.699965,loans.csv
4044,1103,25,2020-03-20,2020-04-03,2020-04-09,2026-08-12T13:29:33.699965,loans.csv
8754,1598,3,2024-11-13,2024-11-27,2024-12-03,2026-08-12T13:29:33.699965,loans.csv
9269,629,4,2023-11-01,2023-11-15,2023-11-09,2026-08-12T13:29:33.699965,loans.csv
5574,958,1,2024-10-05,2024-10-19,2024-10-16,2026-08-12T13:29:33.699965,loans.csv
7400,2669,1,2023-10-23,2023-11-06,2023-12-04,2026-08-12T13:29:33.699965,loans.csv
229,2110,2,2024-06-10,2024-06-24,2024-06-26,2026-08-12T13:29:33.699965,loans.csv
892,754,12,2020-09-28,2020-10-12,2020-10-07,2026-08-12T13:29:33.699965,loans.csv
831,466,33,2023-05-11,2023-05-25,,2026-08-12T13:29:33.699965,loans.csv
2555,2516,2,2024-02-05,2024-02-19,,2026-08-12T13:29:33.699965,loans.csv
2794,989,35,2023-12-12,2023-12-26,2023-12-29,2026-08-12T13:29:33.699965,loans.csv
2291,833,145,2023-09-18,2023-10-02,,2026-08-12T13:29:33.699965,loans.csv
6832,2510,5,2020-09-09,2020-09-23,2020-09-18,2026-08-12T13:29:33.699965,loans.csv
7433,2411,1,2021-08-10,2021-08-24,2021-08-16,2026-08-12T13:29:33.699965,loans.csv
68,1208,38,2024-04-19,2024-05-03,2024-04-23,2026-08-12T13:29:33.699965,loans.csv
2567,1584,1,2022-11-06,2022-11-20,2022-11-07,2026-08-12T13:29:33.699965,loans.csv
3143,2331,5,2023-06-23,2023-07-07,2023-06-25,2026-08-12T13:29:33.699965,loans.csv
357,866,46,2023-04-07,2023-04-21,,2026-08-12T13:29:33.699965,loans.csv
5883,2391,1,2021-08-08,2021-08-22,2021-09-01,2026-08-12T13:29:33.699965,loans.csv
7512,1564,23,2020-05-21,2020-06-04,2020-05-29,2026-08-12T13:29:33.699965,loans.csv
6837,1801,1,2024-12-11,2025-01-01,,2026-08-12T13:29:33.699965,loans.csv
127,2494,1,2022-06-15,2022-06-29,2022-07-04,2026-08-12T13:29:33.699965,loans.csv
1736,802,1,2022-02-19,2022-03-05,2022-02-25,2026-08-12T13:29:33.699965,loans.csv
7505,701,1,2024-10-24,2024-11-07,2024-11-09,2026-08-12T13:29:33.699965,loans.csv
312,1614,1,2023-08-09,2023-08-23,,2026-08-12T13:29:33.699965,loans.csv
4051,1488,1,2021-01-27,2021-02-10,2021-02-02,2026-08-12T13:29:33.699965,loans.csv
7055,2272,3,2024-08-01,2024-08-15,2024-08-18,2026-08-12T13:29:33.699965,loans.csv
5192,720,2,2023-01-13,2023-02-03,2023-02-04,2026-08-12T13:29:33.699965,loans.csv
7819,125,1,2021-12-24,2022-01-07,2022-01-11,2026-08-12T13:29:33.699965,loans.csv
4181,2618,19,2023-03-10,2023-03-24,2023-03-31,2026-08-12T13:29:33.699965,loans.csv
6204,677,2,2024-09-20,2024-10-04,,2026-08-12T13:29:33.699965,loans.csv
7625,646,2,2024-05-02,2024-05-16,2024-05-11,2026-08-12T13:29:33.699965,loans.csv
8426,1371,112,2024-03-03,2024-03-17,2024-03-05,2026-08-12T13:29:33.699965,loans.csv
5115,38,3,2022-11-19,2022-12-03,2022-11-23,2026-08-12T13:29:33.699965,loans.csv
314,2620,1,2024-10-21,2024-11-04,2024-10-27,2026-08-12T13:29:33.699965,loans.csv
3119,785,2,2024-06-07,2024-06-21,,2026-08-12T13:29:33.699965,loans.csv
4268,1907,1,2024-05-13,2024-05-27,2024-06-04,2026-08-12T13:29:33.699965,loans.csv
2928,1909,2,2023-07-03,2023-07-17,2023-08-19,2026-08-12T13:29:33.699965,loans.csv
5318,859,3,2024-11-03,2024-11-17,2024-11-09,2026-08-12T13:29:33.699965,loans.csv
852,2182,189,2024-09-25,2024-10-09,2024-10-03,2026-08-12T13:29:33.699965,loans.csv
677,2010,5,2023-01-27,2023-02-10,2023-02-07,2026-08-12T13:29:33.699965,loans.csv
6405,38,12,2022-11-05,2022-11-19,2022-11-08,2026-08-12T13:29:33.699965,loans.csv
9282,1481,1,2023-11-07,2023-11-21,2023-11-17,2026-08-12T13:29:33.699965,loans.csv
9611,1510,41,2022-09-04,2022-09-18,2022-09-16,2026-08-12T13:29:33.699965,loans.csv
7840,984,1,2023-03-29,2023-04-12,2023-04-06,2026-08-12T13:29:33.699965,loans.csv
8226,655,1,2024-10-08,2024-10-22,2024-10-27,2026-08-12T13:29:33.699965,loans.csv
6091,206,5,2023-03-02,2023-03-16,2023-03-05,2026-08-12T13:29:33.699965,loans.csv
8789,828,1,2023-03-04,2023-03-18,2023-03-13,2026-08-12T13:29:33.699965,loans.csv
2642,1759,1,2023-11-04,2023-11-18,2023-11-13,2026-08-12T13:29:33.699965,loans.csv
1147,281,2,2024-06-28,2024-07-12,2024-06-29,2026-08-12T13:29:33.699965,loans.csv
3694,671,1,2022-12-31,2023-01-14,2023-01-16,2026-08-12T13:29:33.699965,loans.csv
1603,1492,2,2023-12-11,2023-12-25,2023-12-12,2026-08-12T13:29:33.699965,loans.csv
5589,1932,6,2023-05-04,2023-05-18,2023-05-11,2026-08-12T13:29:33.699965,loans.csv
9472,1828,2,2023-06-14,2023-06-28,2023-06-27,2026-08-12T13:29:33.699965,loans.csv
2159,50,1,2024-08-13,2024-08-27,,2026-08-12T13:29:33.699965,loans.csv
2604,2681,24,2021-06-09,2021-06-23,2021-06-19,2026-08-12T13:29:33.699965,loans.csv
7690,420,1,2024-01-26,2024-02-09,2024-02-03,2026-08-12T13:29:33.699965,loans.csv
7503,1829,2,2024-04-12,2024-04-26,2024-04-26,2026-08-12T13:29:33.699965,loans.csv
9340,2395,3,2023-09-15,2023-09-29,2023-09-20,2026-08-12T13:29:33.699965,loans.csv
9297,821,3,2023-02-03,2023-02-17,2023-03-25,2026-08-12T13:29:33.699965,loans.csv
6221,905,3,2022-09-24,2022-10-08,2022-10-17,2026-08-12T13:29:33.699965,loans.csv
1874,1412,1,2023-10-15,2023-10-29,2023-10-16,2026-08-12T13:29:33.699965,loans.csv
1620,432,1,2024-07-30,2024-08-13,2024-08-14,2026-08-12T13:29:33.699965,loans.csv
5927,860,1,2024-03-02,2024-03-16,2024-03-10,2026-08-12T13:29:33.699965,loans.csv
7774,2481,4,2024-11-07,2024-11-21,2024-11-21,2026-08-12T13:29:33.699965,loans.csv
2633,995,130,2023-09-01,2023-09-15,2023-09-21,2026-08-12T13:29:33.699965,loans.csv
5685,2130,1,2022-02-22,2022-03-15,,2026-08-12T13:29:33.699965,loans.csv
6721,828,9,2023-12-21,2024-01-11,2024-01-10,2026-08-12T13:29:33.699965,loans.csv
4679,517,1,2024-08-23,2024-09-06,2024-08-27,2026-08-12T13:29:33.699965,loans.csv
3611,862,1,2023-10-21,2023-11-04,2023-10-29,2026-08-12T13:29:33.699965,loans.csv
1249,1857,3,2023-07-05,2023-07-19,2023-07-08,2026-08-12T13:29:33.699965,loans.csv
7623,901,1,2022-03-27,2022-04-10,2022-04-12,2026-08-12T13:29:33.699965,loans.csv
1408,623,26,2023-12-13,2023-12-27,2024-01-03,2026-08-12T13:29:33.699965,loans.csv
7497,174,2,2023-08-12,2023-08-26,2023-08-14,2026-08-12T13:29:33.699965,loans.csv
9280,942,2,2023-12-08,2023-12-22,2023-12-21,2026-08-12T13:29:33.699965,loans.csv
2427,1321,1,2024-04-15,2024-04-29,2024-04-19,2026-08-12T13:29:33.699965,loans.csv
2067,432,4,2024-06-27,2024-07-11,2024-06-30,2026-08-12T13:29:33.699965,loans.csv
2055,1116,4,2021-12-16,2021-12-30,2021-12-18,2026-08-12T13:29:33.699965,loans.csv
7180,1425,55,2021-12-09,2021-12-30,,2026-08-12T13:29:33.699965,loans.csv
5604,226,7,2024-02-06,2024-02-27,2024-02-16,2026-08-12T13:29:33.699965,loans.csv
7427,2477,36,2023-06-21,2023-07-12,2023-07-04,2026-08-12T13:29:33.699965,loans.csv
4667,1317,3,2024-04-02,2024-04-16,2024-04-04,2026-08-12T13:29:33.699965,loans.csv
4112,2324,65,2021-05-15,2021-05-29,,2026-08-12T13:29:33.699965,loans.csv
913,1844,6,2023-06-27,2023-07-11,2023-07-05,2026-08-12T13:29:33.699965,loans.csv
4041,2591,2,2020-03-29,2020-04-12,2020-04-04,2026-08-12T13:29:33.699965,loans.csv
5855,1993,1,2022-02-02,2022-02-16,2022-02-11,2026-08-12T13:29:33.699965,loans.csv
2992,720,1,2023-07-08,2023-07-22,2023-07-19,2026-08-12T13:29:33.699965,loans.csv
7327,2152,4,2024-06-12,2024-06-26,2024-06-16,2026-08-12T13:29:33.699965,loans.csv
6193,2758,18,2024-07-21,2024-08-04,2024-08-11,2026-08-12T13:29:33.699965,loans.csv
2570,1811,49,2023-01-21,2023-02-04,2023-01-31,2026-08-12T13:29:33.699965,loans.csv
3340,1862,12,2022-06-03,2022-06-17,2022-06-08,2026-08-12T13:29:33.699965,loans.csv
9063,1291,1,2024-05-24,2024-06-07,2024-05-30,2026-08-12T13:29:33.699965,loans.csv
7801,150,2,2024-11-20,2024-12-04,2024-12-15,2026-08-12T13:29:33.699965,loans.csv
7315,800,2,2023-02-03,2023-02-17,2023-02-08,2026-08-12T13:29:33.699965,loans.csv
32,2711,2,2024-11-03,2024-11-17,2024-11-13,2026-08-12T13:29:33.699965,loans.csv
2394,2436,1,2023-08-23,2023-09-13,2023-09-01,2026-08-12T13:29:33.699965,loans.csv
2403,1339,2,2024-10-16,2024-10-30,2024-10-29,2026-08-12T13:29:33.699965,loans.csv
7188,1680,45,2022-10-26,2022-11-09,2022-11-13,2026-08-12T13:29:33.699965,loans.csv
7215,2313,1,2022-08-19,2022-09-02,2022-09-07,2026-08-12T13:29:33.699965,loans.csv
7183,2025,58,2023-03-28,2023-04-11,,2026-08-12T13:29:33.699965,loans.csv
2635,1276,2,2023-09-20,2023-10-04,2023-10-04,2026-08-12T13:29:33.699965,loans.csv
4815,2079,1,2024-06-21,2024-07-05,2024-06-29,2026-08-12T13:29:33.699965,loans.csv
5624,393,2,2023-05-20,2023-06-03,2023-06-01,2026-08-12T13:29:33.699965,loans.csv
3268,2496,4,2020-01-17,2020-01-31,2020-02-07,2026-08-12T13:29:33.699965,loans.csv
5575,2149,1,2024-01-07,2024-01-21,2024-02-28,2026-08-12T13:29:33.699965,loans.csv
2625,2155,2,2021-12-18,2022-01-01,2022-01-02,2026-08-12T13:29:33.699965,loans.csv
2536,1661,3,2022-07-01,2022-07-15,2022-07-13,2026-08-12T13:29:33.699965,loans.csv
1186,2439,7,2024-10-23,2024-11-06,2024-10-24,2026-08-12T13:29:33.699965,loans.csv
6807,1733,1,2024-08-09,2024-08-23,2024-08-25,2026-08-12T13:29:33.699965,loans.csv
1899,2061,1,2024-12-18,2025-01-01,,2026-08-12T13:29:33.699965,loans.csv
3047,2544,39,2022-04-23,2022-05-14,2022-04-24,2026-08-12T13:29:33.699965,loans.csv
910,1013,1,2022-05-02,2022-05-16,2022-05-31,2026-08-12T13:29:33.699965,loans.csv
7710,1360,1,2023-01-26,2023-02-09,2023-02-15,2026-08-12T13:29:33.699965,loans.csv
2660,714,4,2024-11-07,2024-11-28,2024-11-24,2026-08-12T13:29:33.699965,loans.csv
464,901,4,2022-03-31,2022-04-14,2022-04-29,2026-08-12T13:29:33.699965,loans.csv
5894,1253,22,2023-07-06,2023-07-20,2023-07-09,2026-08-12T13:29:33.699965,loans.csv
8712,575,1,2021-03-14,2021-03-28,2021-03-27,2026-08-12T13:29:33.699965,loans.csv
5729,1200,2,2024-09-08,2024-09-22,,2026-08-12T13:29:33.699965,loans.csv
1259,1819,124,2024-04-08,2024-04-22,2024-04-16,2026-08-12T13:29:33.699965,loans.csv
2413,1961,2,2024-10-30,2024-11-13,2024-11-01,2026-08-12T13:29:33.699965,loans.csv
9583,1388,1,2020-12-20,2021-01-10,2020-12-24,2026-08-12T13:29:33.699965,loans.csv
2717,2543,87,2022-05-06,2022-05-27,2022-05-29,2026-08-12T13:29:33.699965,loans.csv
4559,2367,2,2022-01-31,2022-02-14,2022-02-05,2026-08-12T13:29:33.699965,loans.csv
4973,768,24,2024-12-16,2024-12-30,,2026-08-12T13:29:33.699965,loans.csv
5781,1488,13,2022-03-02,2022-03-16,2022-03-15,2026-08-12T13:29:33.699965,loans.csv
2471,1377,19,2023-11-25,2023-12-09,2023-12-09,2026-08-12T13:29:33.699965,loans.csv
9036,1301,1,2021-09-09,2021-09-23,2021-09-19,2026-08-12T13:29:33.699965,loans.csv
7131,1211,1,2024-08-07,2024-08-21,2024-08-13,2026-08-12T13:29:33.699965,loans.csv
3331,698,16,2024-07-16,2024-07-30,2024-08-03,2026-08-12T13:29:33.699965,loans.csv
7775,2719,1,2022-11-04,2022-11-18,2022-11-22,2026-08-12T13:29:33.699965,loans.csv
2355,1999,11,2024-02-25,2024-03-10,,2026-08-12T13:29:33.699965,loans.csv
2808,517,167,2024-06-02,2024-06-16,2024-06-10,2026-08-12T13:29:33.699965,loans.csv
8256,1162,26,2023-02-11,2023-02-25,2023-02-14,2026-08-12T13:29:33.699965,loans.csv
7214,39,5,2020-12-11,2020-12-25,2020-12-20,2026-08-12T13:29:33.699965,loans.csv
2792,2358,1,2022-09-29,2022-10-13,2022-10-05,2026-08-12T13:29:33.699965,loans.csv
2229,1056,1,2023-11-20,2023-12-04,2023-11-30,2026-08-12T13:29:33.699965,loans.csv
8025,804,1,2024-05-16,2024-05-30,2024-05-19,2026-08-12T13:29:33.699965,loans.csv
6350,838,2,2022-05-19,2022-06-02,2022-06-15,2026-08-12T13:29:33.699965,loans.csv
2729,2472,2,2022-12-22,2023-01-05,2022-12-27,2026-08-12T13:29:33.699965,loans.csv
7469,1211,1,2023-12-20,2024-01-03,2024-01-01,2026-08-12T13:29:33.699965,loans.csv
3465,2430,2,2024-06-18,2024-07-02,2024-06-19,2026-08-12T13:29:33.699965,loans.csv
5368,1845,1,2023-09-16,2023-09-30,2023-10-03,2026-08-12T13:29:33.699965,loans.csv
239,289,10,2023-04-02,2023-04-16,2023-04-04,2026-08-12T13:29:33.699965,loans.csv
6098,2403,4,2024-06-01,2024-06-15,2024-06-20,2026-08-12T13:29:33.699965,loans.csv
9165,235,2,2023-10-23,2023-11-06,2023-10-31,2026-08-12T13:29:33.699965,loans.csv
1545,2782,1,2020-08-10,2020-08-24,2020-09-16,2026-08-12T13:29:33.699965,loans.csv
1920,19,2,2024-03-22,2024-04-05,,2026-08-12T13:29:33.699965,loans.csv
8232,1848,3,2024-12-20,2025-01-03,,2026-08-12T13:29:33.699965,loans.csv
2586,2613,8,2023-01-23,2023-02-13,2023-01-25,2026-08-12T13:29:33.699965,loans.csv
5349,1716,4,2020-09-11,2020-09-25,2020-09-30,2026-08-12T13:29:33.699965,loans.csv
5867,2164,1,2022-10-11,2022-10-25,2022-10-12,2026-08-12T13:29:33.699965,loans.csv
7480,2175,1,2022-07-23,2022-08-06,2022-08-10,2026-08-12T13:29:33.699965,loans.csv
2817,1431,7,2023-05-31,2023-06-14,2023-06-21,2026-08-12T13:29:33.699965,loans.csv
6419,1231,3,2024-01-19,2024-02-02,,2026-08-12T13:29:33.699965,loans.csv
4614,1820,2,2024-05-17,2024-05-31,2024-05-20,2026-08-12T13:29:33.699965,loans.csv
3937,536,42,2023-12-03,2023-12-17,2024-01-22,2026-08-12T13:29:33.699965,loans.csv
3309,1521,1,2023-07-06,2023-07-20,2023-07-16,2026-08-12T13:29:33.699965,loans.csv
7852,808,3,2024-02-27,2024-03-12,2024-03-12,2026-08-12T13:29:33.699965,loans.csv
5958,581,4,2024-03-14,2024-03-28,2024-03-26,2026-08-12T13:29:33.699965,loans.csv
4582,618,2,2022-12-30,2023-01-20,2023-01-25,2026-08-12T13:29:33.699965,loans.csv
3586,1222,4,2023-05-29,2023-06-12,2023-06-05,2026-08-12T13:29:33.699965,loans.csv
684,1926,1,2023-07-27,2023-08-10,,2026-08-12T13:29:33.699965,loans.csv
7569,1024,1,2020-02-18,2020-03-03,2020-03-29,2026-08-12T13:29:33.699965,loans.csv
923,2354,1,2021-11-16,2021-11-30,2021-12-05,2026-08-12T13:29:33.699965,loans.csv
1048,2546,5,2024-12-21,2025-01-04,,2026-08-12T13:29:33.699965,loans.csv
8168,2503,37,2024-01-04,2024-01-18,2024-01-25,2026-08-12T13:29:33.699965,loans.csv
9548,2262,9,2022-11-24,2022-12-08,2022-12-08,2026-08-12T13:29:33.699965,loans.csv
5254,1847,1,2024-09-27,2024-10-11,2024-09-28,2026-08-12T13:29:33.699965,loans.csv
1001,1360,1,2024-01-22,2024-02-05,,2026-08-12T13:29:33.699965,loans.csv
2255,782,3,2024-12-17,2025-01-07,,2026-08-12T13:29:33.699965,loans.csv
3508,1377,5,2024-07-01,2024-07-22,2024-07-11,2026-08-12T13:29:33.699965,loans.csv
5174,711,1,2024-06-13,2024-06-27,2024-06-23,2026-08-12T13:29:33.699965,loans.csv
396,1252,27,2024-01-02,2024-01-16,2024-01-19,2026-08-12T13:29:33.699965,loans.csv
3572,1952,2,2024-07-13,2024-07-27,2024-08-01,2026-08-12T13:29:33.699965,loans.csv
4339,1262,2,2024-07-18,2024-08-08,2024-07-30,2026-08-12T13:29:33.699965,loans.csv
5733,2336,6,2024-12-20,2025-01-03,,2026-08-12T13:29:33.699965,loans.csv
8124,2068,3,2023-10-18,2023-11-01,2023-11-07,2026-08-12T13:29:33.699965,loans.csv
138,1825,10,2021-01-18,2021-02-08,,2026-08-12T13:29:33.699965,loans.csv
6791,417,1,2022-06-21,2022-07-05,,2026-08-12T13:29:33.699965,loans.csv
6541,1450,1,2024-10-10,2024-10-31,2024-10-21,2026-08-12T13:29:33.699965,loans.csv
376,626,1,2024-09-21,2024-10-05,2024-09-26,2026-08-12T13:29:33.699965,loans.csv
5759,2177,1,2024-10-04,2024-10-18,,2026-08-12T13:29:33.699965,loans.csv
9163,557,12,2024-04-03,2024-04-17,,2026-08-12T13:29:33.699965,loans.csv
2239,650,2,2024-04-09,2024-04-23,2024-04-15,2026-08-12T13:29:33.699965,loans.csv
525,88,2,2024-11-30,2024-12-14,2024-12-11,2026-08-12T13:29:33.699965,loans.csv
5445,821,2,2024-04-17,2024-05-01,2024-04-20,2026-08-12T13:29:33.699965,loans.csv
3142,1330,1,2024-07-13,2024-07-27,2024-07-18,2026-08-12T13:29:33.699965,loans.csv
4603,304,4,2024-05-26,2024-06-09,2024-06-02,2026-08-12T13:29:33.699965,loans.csv
6471,2701,8,2022-10-21,2022-11-04,2022-11-09,2026-08-12T13:29:33.699965,loans.csv
3893,1358,39,2023-05-03,2023-05-24,,2026-08-12T13:29:33.699965,loans.csv
489,2739,2,2020-01-28,2020-02-11,,2026-08-12T13:29:33.699965,loans.csv
6391,1717,1,2024-07-17,2024-07-31,2024-07-27,2026-08-12T13:29:33.699965,loans.csv
5912,979,3,2022-09-06,2022-09-20,2022-09-16,2026-08-12T13:29:33.699965,loans.csv
5328,2129,2,2023-11-14,2023-11-28,2023-12-05,2026-08-12T13:29:33.699965,loans.csv
7403,514,1,2024-09-10,2024-09-24,,2026-08-12T13:29:33.699965,loans.csv
8496,2012,8,2021-12-23,2022-01-13,2022-01-16,2026-08-12T13:29:33.699965,loans.csv
8650,2435,39,2022-07-12,2022-07-26,2022-08-10,2026-08-12T13:29:33.699965,loans.csv
6104,2695,2,2023-12-24,2024-01-07,,2026-08-12T13:29:33.699965,loans.csv
7721,2280,1,2023-12-10,2023-12-24,2023-12-14,2026-08-12T13:29:33.699965,loans.csv
5700,1163,1,2022-06-19,2022-07-03,2022-06-26,2026-08-12T13:29:33.699965,loans.csv
1021,991,7,2022-08-25,2022-09-08,,2026-08-12T13:29:33.699965,loans.csv
7753,2436,1,2023-06-27,2023-07-11,2023-07-08,2026-08-12T13:29:33.699965,loans.csv
8494,394,1,2024-11-20,2024-12-04,2024-11-28,2026-08-12T13:29:33.699965,loans.csv
2930,2423,142,2024-03-09,2024-03-23,2024-03-20,2026-08-12T13:29:33.699965,loans.csv
58,2482,1,2024-07-05,2024-07-19,2024-07-08,2026-08-12T13:29:33.699965,loans.csv
5635,1139,31,2024-07-31,2024-08-14,2024-08-11,2026-08-12T13:29:33.699965,loans.csv
7107,2731,1,2024-08-28,2024-09-11,2024-09-03,2026-08-12T13:29:33.699965,loans.csv
1486,1025,37,2024-11-10,2024-11-24,,2026-08-12T13:29:33.699965,loans.csv
152,1529,9,2024-11-21,2024-12-05,2024-12-04,2026-08-12T13:29:33.699965,loans.csv
4443,1304,3,2023-08-07,2023-08-21,2023-08-12,2026-08-12T13:29:33.699965,loans.csv
9334,2195,1,2021-12-09,2021-12-23,,2026-08-12T13:29:33.699965,loans.csv
5396,1745,3,2023-01-07,2023-01-21,2023-01-17,2026-08-12T13:29:33.699965,loans.csv
7579,1711,14,2023-06-10,2023-06-24,2023-06-18,2026-08-12T13:29:33.699965,loans.csv
5145,2538,2,2020-08-12,2020-08-26,2020-09-02,2026-08-12T13:29:33.699965,loans.csv
2046,1051,2,2020-04-19,2020-05-03,,2026-08-12T13:29:33.699965,loans.csv
7236,2705,1,2024-06-05,2024-06-19,2024-06-19,2026-08-12T13:29:33.699965,loans.csv
4757,2093,1,2022-08-19,2022-09-02,2022-08-22,2026-08-12T13:29:33.699965,loans.csv
2140,1781,1,2022-05-18,2022-06-01,2022-05-30,2026-08-12T13:29:33.699965,loans.csv
3683,2175,2,2024-02-05,2024-02-19,2024-02-09,2026-08-12T13:29:33.699965,loans.csv
7256,809,1,2023-04-05,2023-04-19,2023-04-26,2026-08-12T13:29:33.699965,loans.csv
3257,2152,4,2024-06-30,2024-07-14,2024-07-18,2026-08-12T13:29:33.699965,loans.csv
3668,1703,1,2024-07-26,2024-08-16,2024-08-12,2026-08-12T13:29:33.699965,loans.csv
841,676,42,2024-01-07,2024-01-21,2024-01-11,2026-08-12T13:29:33.699965,loans.csv
5630,862,1,2024-10-21,2024-11-04,2024-10-30,2026-08-12T13:29:33.699965,loans.csv
2296,974,3,2023-05-13,2023-05-27,,2026-08-12T13:29:33.699965,loans.csv
4449,24,141,2024-04-14,2024-04-28,2024-04-23,2026-08-12T13:29:33.699965,loans.csv
9360,280,6,2023-02-16,2023-03-02,2023-03-02,2026-08-12T13:29:33.699965,loans.csv
1559,1870,1,2021-07-16,2021-07-30,2021-07-29,2026-08-12T13:29:33.699965,loans.csv
5365,689,1,2024-11-25,2024-12-09,2024-12-10,2026-08-12T13:29:33.699965,loans.csv
4258,110,2,2023-04-21,2023-05-05,2023-05-04,2026-08-12T13:29:33.699965,loans.csv
4469,693,2,2022-06-18,2022-07-02,,2026-08-12T13:29:33.699965,loans.csv
4477,59,14,2022-05-19,2022-06-02,2022-05-28,2026-08-12T13:29:33.699965,loans.csv
5166,2482,89,2024-10-14,2024-10-28,2024-10-18,2026-08-12T13:29:33.699965,loans.csv
6228,2710,17,2024-08-25,2024-09-15,,2026-08-12T13:29:33.699965,loans.csv
5616,2201,1,2022-05-15,2022-06-05,2022-05-26,2026-08-12T13:29:33.699965,loans.csv
8900,1299,34,2022-11-26,2022-12-10,2022-12-08,2026-08-12T13:29:33.699965,loans.csv
6560,1771,1,2023-08-17,2023-08-31,2023-08-30,2026-08-12T13:29:33.699965,loans.csv
3209,1211,1,2024-05-15,2024-06-05,2024-06-02,2026-08-12T13:29:33.699965,loans.csv
3877,1257,4,2024-03-22,2024-04-05,2024-03-29,2026-08-12T13:29:33.699965,loans.csv
5712,59,25,2024-12-15,2024-12-29,,2026-08-12T13:29:33.699965,loans.csv
1279,2450,2,2024-05-07,2024-05-21,2024-05-21,2026-08-12T13:29:33.699965,loans.csv
2933,1655,4,2024-08-24,2024-09-07,2024-09-07,2026-08-12T13:29:33.699965,loans.csv
5472,2557,6,2021-10-22,2021-11-05,2021-11-06,2026-08-12T13:29:33.699965,loans.csv
7477,2571,1,2023-08-15,2023-08-29,2023-08-21,2026-08-12T13:29:33.699965,loans.csv
2620,2571,2,2022-02-25,2022-03-11,2022-03-09,2026-08-12T13:29:33.699965,loans.csv
4870,666,6,2022-10-29,2022-11-12,2022-11-10,2026-08-12T13:29:33.699965,loans.csv
2325,1761,1,2024-03-16,2024-03-30,,2026-08-12T13:29:33.699965,loans.csv
6283,2764,6,2023-12-07,2023-12-21,2023-12-08,2026-08-12T13:29:33.699965,loans.csv
8384,1697,1,2024-07-18,2024-08-01,2024-07-20,2026-08-12T13:29:33.699965,loans.csv
8705,2010,2,2020-10-23,2020-11-06,2020-11-09,2026-08-12T13:29:33.699965,loans.csv
9020,495,1,2022-05-02,2022-05-16,2022-05-19,2026-08-12T13:29:33.699965,loans.csv
4608,1997,1,2024-02-22,2024-03-07,2024-03-02,2026-08-12T13:29:33.699965,loans.csv
1808,778,1,2022-08-18,2022-09-01,2022-08-21,2026-08-12T13:29:33.699965,loans.csv
328,565,2,2021-07-19,2021-08-02,,2026-08-12T13:29:33.699965,loans.csv
7048,2033,8,2024-10-26,2024-11-16,,2026-08-12T13:29:33.699965,loans.csv
7061,1991,2,2023-04-24,2023-05-08,2023-05-02,2026-08-12T13:29:33.699965,loans.csv
9416,232,14,2022-03-15,2022-03-29,,2026-08-12T13:29:33.699965,loans.csv
3201,2344,3,2024-08-11,2024-08-25,2024-08-23,2026-08-12T13:29:33.699965,loans.csv
491,41,1,2023-11-11,2023-11-25,2023-11-15,2026-08-12T13:29:33.699965,loans.csv
8602,2039,1,2024-07-03,2024-07-17,2024-07-17,2026-08-12T13:29:33.699965,loans.csv
2692,1720,1,2024-04-20,2024-05-04,2024-05-04,2026-08-12T13:29:33.699965,loans.csv
1349,2373,2,2023-02-22,2023-03-08,2023-03-12,2026-08-12T13:29:33.699965,loans.csv
3008,516,1,2024-11-30,2024-12-14,2024-12-08,2026-08-12T13:29:33.699965,loans.csv
5675,529,3,2024-10-25,2024-11-15,2024-11-06,2026-08-12T13:29:33.699965,loans.csv
8307,1595,2,2024-12-10,2024-12-24,2024-12-21,2026-08-12T13:29:33.699965,loans.csv
1957,1782,2,2023-07-24,2023-08-07,2023-09-11,2026-08-12T13:29:33.699965,loans.csv
8056,168,4,2022-06-09,2022-06-30,2022-06-20,2026-08-12T13:29:33.699965,loans.csv
2007,646,1,2023-12-03,2023-12-17,2023-12-14,2026-08-12T13:29:33.699965,loans.csv
3943,536,1,2024-01-01,2024-01-15,2024-01-21,2026-08-12T13:29:33.699965,loans.csv
6473,545,5,2023-09-11,2023-09-25,2023-09-21,2026-08-12T13:29:33.699965,loans.csv
1509,212,3,2024-05-25,2024-06-08,2024-05-28,2026-08-12T13:29:33.699965,loans.csv
3910,1603,4,2024-10-14,2024-10-28,2024-10-31,2026-08-12T13:29:33.699965,loans.csv
6264,2578,1,2024-09-19,2024-10-03,2024-11-06,2026-08-12T13:29:33.699965,loans.csv
7597,807,32,2024-02-29,2024-03-14,2024-03-18,2026-08-12T13:29:33.699965,loans.csv
4171,480,7,2024-02-23,2024-03-08,2024-03-07,2026-08-12T13:29:33.699965,loans.csv
8023,785,3,2024-09-12,2024-09-26,2024-09-16,2026-08-12T13:29:33.699965,loans.csv
230,410,1,2024-12-20,2025-01-03,,2026-08-12T13:29:33.699965,loans.csv
5595,960,2,2020-11-25,2020-12-09,2020-12-05,2026-08-12T13:29:33.699965,loans.csv
1109,1010,2,2022-09-24,2022-10-08,2022-10-14,2026-08-12T13:29:33.699965,loans.csv
6870,36,1,2021-09-08,2021-09-22,2021-09-10,2026-08-12T13:29:33.699965,loans.csv
4424,301,1,2024-07-03,2024-07-17,2024-07-21,2026-08-12T13:29:33.699965,loans.csv
5788,2450,1,2024-12-13,2025-01-03,,2026-08-12T13:29:33.699965,loans.csv
2119,1715,61,2022-11-03,2022-11-24,2022-11-08,2026-08-12T13:29:33.699965,loans.csv
3106,2164,6,2023-12-18,2024-01-08,,2026-08-12T13:29:33.699965,loans.csv
6651,1056,48,2024-11-14,2024-11-28,2024-11-15,2026-08-12T13:29:33.699965,loans.csv
1990,1590,17,2024-10-22,2024-11-12,2024-10-25,2026-08-12T13:29:33.699965,loans.csv
4640,1234,1,2024-09-10,2024-09-24,2024-09-23,2026-08-12T13:29:33.699965,loans.csv
20,1269,73,2023-07-04,2023-07-18,2023-07-22,2026-08-12T13:29:33.699965,loans.csv
3890,2211,79,2023-09-07,2023-09-21,2023-10-10,2026-08-12T13:29:33.699965,loans.csv
2513,1390,1,2023-05-10,2023-05-24,2023-05-14,2026-08-12T13:29:33.699965,loans.csv
2973,170,1,2024-10-01,2024-10-22,2024-10-14,2026-08-12T13:29:33.699965,loans.csv
3913,1269,1,2022-01-27,2022-02-10,2022-02-13,2026-08-12T13:29:33.699965,loans.csv
3996,1753,5,2022-12-18,2023-01-01,2022-12-24,2026-08-12T13:29:33.699965,loans.csv
9444,1507,2,2024-08-25,2024-09-08,,2026-08-12T13:29:33.699965,loans.csv
5544,2089,2,2024-07-08,2024-07-22,2024-07-15,2026-08-12T13:29:33.699965,loans.csv
4009,1909,2,2023-02-10,2023-02-24,2023-02-19,2026-08-12T13:29:33.699965,loans.csv
7821,2115,4,2024-05-31,2024-06-14,2024-06-14,2026-08-12T13:29:33.699965,loans.csv
4698,802,5,2024-11-20,2024-12-04,2024-12-03,2026-08-12T13:29:33.699965,loans.csv
372,404,11,2024-01-21,2024-02-04,2024-01-26,2026-08-12T13:29:33.699965,loans.csv
6994,2612,1,2020-10-29,2020-11-12,2020-11-03,2026-08-12T13:29:33.699965,loans.csv
2540,71,44,2024-07-10,2024-07-24,,2026-08-12T13:29:33.699965,loans.csv
7204,2268,2,2024-07-21,2024-08-04,,2026-08-12T13:29:33.699965,loans.csv
8944,1643,1,2022-10-10,2022-10-31,2022-10-17,2026-08-12T13:29:33.699965,loans.csv
7487,1451,6,2022-10-06,2022-10-20,2022-10-22,2026-08-12T13:29:33.699965,loans.csv
9026,1735,1,2024-11-05,2024-11-19,,2026-08-12T13:29:33.699965,loans.csv
2778,958,2,2023-04-14,2023-05-05,2023-04-19,2026-08-12T13:29:33.699965,loans.csv
7829,2768,7,2024-09-15,2024-09-29,,2026-08-12T13:29:33.699965,loans.csv
2451,1914,6,2022-10-23,2022-11-06,2022-10-24,2026-08-12T13:29:33.699965,loans.csv
5494,2151,7,2024-08-31,2024-09-14,2024-09-07,2026-08-12T13:29:33.699965,loans.csv
274,2278,3,2024-11-23,2024-12-07,2025-01-19,2026-08-12T13:29:33.699965,loans.csv
3170,2019,37,2024-07-31,2024-08-14,2024-08-13,2026-08-12T13:29:33.699965,loans.csv
4308,1553,2,2024-11-22,2024-12-06,2024-12-08,2026-08-12T13:29:33.699965,loans.csv
6379,1528,5,2024-09-22,2024-10-06,2024-10-04,2026-08-12T13:29:33.699965,loans.csv
4728,1098,5,2024-09-27,2024-10-11,2024-10-06,2026-08-12T13:29:33.699965,loans.csv
6604,2242,6,2024-11-26,2024-12-10,2024-11-30,2026-08-12T13:29:33.699965,loans.csv
860,831,1,2020-12-01,2020-12-15,2020-12-17,2026-08-12T13:29:33.699965,loans.csv
9115,2146,94,2021-10-27,2021-11-10,,2026-08-12T13:29:33.699965,loans.csv
8542,1107,3,2021-07-31,2021-08-14,,2026-08-12T13:29:33.699965,loans.csv
3711,2139,1,2024-08-15,2024-08-29,2024-08-17,2026-08-12T13:29:33.699965,loans.csv
5555,498,17,2020-08-20,2020-09-03,2020-09-06,2026-08-12T13:29:33.699965,loans.csv
2193,1255,1,2022-08-29,2022-09-12,2022-09-02,2026-08-12T13:29:33.699965,loans.csv
3810,1167,2,2024-04-26,2024-05-10,2024-05-08,2026-08-12T13:29:33.699965,loans.csv
7379,969,1,2023-11-06,2023-11-20,2023-11-14,2026-08-12T13:29:33.699965,loans.csv
348,2240,1,2024-11-22,2024-12-06,2024-12-11,2026-08-12T13:29:33.699965,loans.csv
1189,464,2,2023-01-16,2023-01-30,2023-01-17,2026-08-12T13:29:33.699965,loans.csv
894,223,1,2021-09-21,2021-10-05,2021-09-23,2026-08-12T13:29:33.699965,loans.csv
3238,1558,2,2023-01-03,2023-01-17,2023-01-21,2026-08-12T13:29:33.699965,loans.csv
8000,1461,2,2021-11-01,2021-11-15,2021-11-19,2026-08-12T13:29:33.699965,loans.csv
8243,1439,8,2024-07-30,2024-08-13,,2026-08-12T13:29:33.699965,loans.csv
1819,1796,4,2022-04-06,2022-04-20,2022-05-26,2026-08-12T13:29:33.699965,loans.csv
7250,452,3,2022-11-23,2022-12-07,2022-12-13,2026-08-12T13:29:33.699965,loans.csv
3224,1776,1,2022-08-17,2022-08-31,2022-08-24,2026-08-12T13:29:33.699965,loans.csv
4328,934,5,2021-10-20,2021-11-10,2021-11-16,2026-08-12T13:29:33.699965,loans.csv
480,805,2,2024-04-12,2024-04-26,2024-04-17,2026-08-12T13:29:33.699965,loans.csv
1944,1351,1,2021-06-13,2021-06-27,2021-06-20,2026-08-12T13:29:33.699965,loans.csv
1762,2436,7,2023-12-03,2023-12-17,2023-12-21,2026-08-12T13:29:33.699965,loans.csv
3547,1663,1,2024-02-16,2024-03-08,2024-02-20,2026-08-12T13:29:33.699965,loans.csv
1138,758,1,2024-02-06,2024-02-20,2024-02-22,2026-08-12T13:29:33.699965,loans.csv
8994,1913,13,2024-06-27,2024-07-11,2024-07-09,2026-08-12T13:29:33.699965,loans.csv
2319,69,2,2024-06-06,2024-06-20,,2026-08-12T13:29:33.699965,loans.csv
1589,1010,1,2024-10-13,2024-10-27,2024-10-23,2026-08-12T13:29:33.699965,loans.csv
8026,97,3,2024-03-29,2024-04-12,2024-04-16,2026-08-12T13:29:33.699965,loans.csv
5257,2349,1,2021-10-02,2021-10-23,2021-10-20,2026-08-12T13:29:33.699965,loans.csv
2829,1499,3,2024-12-25,2025-01-08,,2026-08-12T13:29:33.699965,loans.csv
6537,1485,1,2021-03-09,2021-03-23,2021-03-24,2026-08-12T13:29:33.699965,loans.csv
1072,982,1,2022-09-24,2022-10-08,2022-10-13,2026-08-12T13:29:33.699965,loans.csv
991,1061,10,2023-11-13,2023-11-27,2023-11-27,2026-08-12T13:29:33.699965,loans.csv
1900,1976,32,2023-02-03,2023-02-17,2023-02-06,2026-08-12T13:29:33.699965,loans.csv
8370,470,1,2023-07-30,2023-08-20,2023-08-23,2026-08-12T13:29:33.699965,loans.csv
7622,1272,19,2024-12-20,2025-01-03,,2026-08-12T13:29:33.699965,loans.csv
4638,455,4,2024-07-28,2024-08-11,2024-08-07,2026-08-12T13:29:33.699965,loans.csv
2722,2340,1,2022-06-21,2022-07-05,2022-06-27,2026-08-12T13:29:33.699965,loans.csv
2001,1623,2,2023-06-04,2023-06-18,2023-06-14,2026-08-12T13:29:33.699965,loans.csv
1142,2759,6,2023-09-13,2023-09-27,2023-09-21,2026-08-12T13:29:33.699965,loans.csv
7745,1681,9,2024-03-02,2024-03-23,,2026-08-12T13:29:33.699965,loans.csv
4197,234,1,2021-02-28,2021-03-14,2021-03-03,2026-08-12T13:29:33.699965,loans.csv
679,103,3,2022-11-01,2022-11-15,2022-11-15,2026-08-12T13:29:33.699965,loans.csv
4745,1226,1,2021-06-13,2021-06-27,,2026-08-12T13:29:33.699965,loans.csv
7578,2083,1,2024-06-28,2024-07-12,,2026-08-12T13:29:33.699965,loans.csv
6372,1632,1,2023-07-02,2023-07-16,2023-07-06,2026-08-12T13:29:33.699965,loans.csv
908,800,1,2023-02-26,2023-03-12,2023-03-10,2026-08-12T13:29:33.699965,loans.csv
7767,2635,2,2023-07-25,2023-08-08,2023-09-03,2026-08-12T13:29:33.699965,loans.csv
6770,1844,1,2023-05-22,2023-06-05,2023-06-11,2026-08-12T13:29:33.699965,loans.csv
9452,2428,2,2022-09-24,2022-10-08,2022-09-25,2026-08-12T13:29:33.699965,loans.csv
1533,1199,6,2024-12-07,2024-12-21,2024-12-18,2026-08-12T13:29:33.699965,loans.csv
3040,193,8,2024-10-03,2024-10-17,,2026-08-12T13:29:33.699965,loans.csv
9427,1035,5,2020-03-27,2020-04-10,2020-04-04,2026-08-12T13:29:33.699965,loans.csv
6732,1842,3,2024-10-14,2024-10-28,2024-11-01,2026-08-12T13:29:33.699965,loans.csv
7897,995,1,2023-03-12,2023-03-26,2023-03-30,2026-08-12T13:29:33.699965,loans.csv
7263,69,5,2021-08-24,2021-09-07,2021-08-29,2026-08-12T13:29:33.699965,loans.csv
2038,423,8,2021-01-26,2021-02-09,2021-02-02,2026-08-12T13:29:33.699965,loans.csv
5515,2272,30,2024-03-24,2024-04-14,2024-03-29,2026-08-12T13:29:33.699965,loans.csv
7090,2115,1,2024-05-23,2024-06-06,2024-06-06,2026-08-12T13:29:33.699965,loans.csv
8262,1345,1,2023-09-17,2023-10-01,2023-09-21,2026-08-12T13:29:33.699965,loans.csv
1656,982,1,2024-08-21,2024-09-04,2024-09-04,2026-08-12T13:29:33.699965,loans.csv
2616,1191,3,2023-08-19,2023-09-02,2023-10-06,2026-08-12T13:29:33.699965,loans.csv
9588,1191,3,2023-08-19,2023-09-02,2023-10-06,2026-08-12T13:29:33.699965,loans.csv
9589,1056,1,2023-11-20,2023-12-04,2023-11-30,2026-08-12T13:29:33.699965,loans.csv
875,1025,1,2021-01-01,2021-01-22,2021-01-24,2026-08-12T13:29:33.699965,loans.csv
6526,341,2,2023-11-22,2023-12-06,,2026-08-12T13:29:33.699965,loans.csv
7271,1357,69,2024-07-09,2024-07-23,2024-07-21,2026-08-12T13:29:33.699965,loans.csv
8170,2001,1,2024-09-14,2024-09-28,2024-09-16,2026-08-12T13:29:33.699965,loans.csv
1285,346,1,2024-11-17,2024-12-01,2024-11-20,2026-08-12T13:29:33.699965,loans.csv
5565,1085,2,2022-09-20,2022-10-04,2022-10-11,2026-08-12T13:29:33.699965,loans.csv
2254,387,2,2022-03-21,2022-04-04,2022-03-31,2026-08-12T13:29:33.699965,loans.csv
8429,1253,1,2024-11-21,2024-12-12,2024-12-13,2026-08-12T13:29:33.699965,loans.csv
2515,2609,1,2022-10-09,2022-10-30,2022-10-12,2026-08-12T13:29:33.699965,loans.csv
2900,1206,18,2024-03-25,2024-04-08,2024-03-28,2026-08-12T13:29:33.699965,loans.csv
849,259,1,2021-09-19,2021-10-03,2021-09-27,2026-08-12T13:29:33.699965,loans.csv
6495,2086,17,2024-07-18,2024-08-01,2024-07-22,2026-08-12T13:29:33.699965,loans.csv
6011,511,1,2024-03-12,2024-03-26,,2026-08-12T13:29:33.699965,loans.csv
2520,504,5,2024-12-23,2025-01-06,,2026-08-12T13:29:33.699965,loans.csv
7629,386,12,2024-03-07,2024-03-21,2024-03-28,2026-08-12T13:29:33.699965,loans.csv
8641,52,1,2022-02-20,2022-03-06,2022-02-28,2026-08-12T13:29:33.699965,loans.csv
5329,2504,1,2024-08-29,2024-09-12,2024-09-11,2026-08-12T13:29:33.699965,loans.csv
1938,336,14,2023-06-19,2023-07-03,2023-07-16,2026-08-12T13:29:33.699965,loans.csv
3189,854,1,2023-09-28,2023-10-12,2023-10-08,2026-08-12T13:29:33.699965,loans.csv
736,501,1,2024-12-08,2024-12-22,2024-12-28,2026-08-12T13:29:33.699965,loans.csv
4393,814,74,2023-04-03,2023-04-17,2023-04-23,2026-08-12T13:29:33.699965,loans.csv
7673,1178,5,2024-04-22,2024-05-06,2024-05-03,2026-08-12T13:29:33.699965,loans.csv
2295,677,1,2024-04-19,2024-05-03,2024-04-23,2026-08-12T13:29:33.699965,loans.csv
7593,459,1,2023-12-18,2024-01-01,2024-01-06,2026-08-12T13:29:33.699965,loans.csv
8804,975,1,2024-11-28,2024-12-12,,2026-08-12T13:29:33.699965,loans.csv
5508,454,1,2023-02-14,2023-02-28,2023-02-19,2026-08-12T13:29:33.699965,loans.csv
8694,771,2,2022-11-04,2022-11-18,2022-11-15,2026-08-12T13:29:33.699965,loans.csv
2947,763,98,2024-07-29,2024-08-12,2024-09-08,2026-08-12T13:29:33.699965,loans.csv
7355,602,1,2024-10-06,2024-10-20,2024-10-10,2026-08-12T13:29:33.699965,loans.csv
4343,507,1,2024-11-04,2024-11-18,2024-11-09,2026-08-12T13:29:33.699965,loans.csv
2129,982,3,2024-12-05,2024-12-19,2024-12-08,2026-08-12T13:29:33.699965,loans.csv
5978,2401,1,2023-10-30,2023-11-13,2023-11-14,2026-08-12T13:29:33.699965,loans.csv
6912,2369,2,2024-12-10,2024-12-24,2024-12-25,2026-08-12T13:29:33.699965,loans.csv
2987,91,1,2023-08-09,2023-08-30,2023-08-10,2026-08-12T13:29:33.699965,loans.csv
4413,2140,1,2024-11-26,2024-12-10,2024-12-07,2026-08-12T13:29:33.699965,loans.csv
5241,935,1,2022-11-21,2022-12-05,2022-12-20,2026-08-12T13:29:33.699965,loans.csv
2862,1306,2,2021-09-20,2021-10-04,2021-09-25,2026-08-12T13:29:33.699965,loans.csv
4535,1006,1,2024-09-07,2024-09-28,,2026-08-12T13:29:33.699965,loans.csv
7069,1015,9,2024-09-27,2024-10-11,2024-10-06,2026-08-12T13:29:33.699965,loans.csv
4325,812,1,2024-03-09,2024-03-30,2024-03-23,2026-08-12T13:29:33.699965,loans.csv
8242,830,4,2024-05-10,2024-05-24,2024-05-17,2026-08-12T13:29:33.699965,loans.csv
2810,471,8,2022-11-21,2022-12-05,2022-12-02,2026-08-12T13:29:33.699965,loans.csv
483,583,63,2024-07-20,2024-08-03,,2026-08-12T13:29:33.699965,loans.csv
8035,960,1,2021-03-03,2021-03-17,2021-03-23,2026-08-12T13:29:33.699965,loans.csv
1880,1992,1,2023-01-30,2023-02-13,2023-02-13,2026-08-12T13:29:33.699965,loans.csv
3353,895,4,2024-09-30,2024-10-14,2024-10-15,2026-08-12T13:29:33.699965,loans.csv
154,1369,78,2024-07-29,2024-08-12,2024-08-13,2026-08-12T13:29:33.699965,loans.csv
3766,1343,2,2024-12-07,2024-12-21,2024-12-12,2026-08-12T13:29:33.699965,loans.csv
5961,298,1,2023-01-10,2023-01-24,2023-01-27,2026-08-12T13:29:33.699965,loans.csv
643,161,36,2024-06-01,2024-06-15,2024-06-11,2026-08-12T13:29:33.699965,loans.csv
7350,209,5,2023-04-07,2023-04-21,2023-05-01,2026-08-12T13:29:33.699965,loans.csv
8333,2515,1,2022-02-24,2022-03-10,,2026-08-12T13:29:33.699965,loans.csv
5521,857,2,2024-10-14,2024-10-28,,2026-08-12T13:29:33.699965,loans.csv
2061,398,1,2024-10-04,2024-10-18,2024-10-13,2026-08-12T13:29:33.699965,loans.csv
4400,2305,131,2023-04-11,2023-04-25,2023-04-15,2026-08-12T13:29:33.699965,loans.csv
1304,2052,2,2023-12-03,2023-12-17,2023-12-20,2026-08-12T13:29:33.699965,loans.csv
1148,2054,2,2024-07-12,2024-07-26,2024-07-15,2026-08-12T13:29:33.699965,loans.csv
770,2351,11,2024-12-01,2024-12-15,2024-12-17,2026-08-12T13:29:33.699965,loans.csv
6845,495,1,2024-01-23,2024-02-06,2024-01-24,2026-08-12T13:29:33.699965,loans.csv
2453,166,4,2023-02-21,2023-03-07,2023-02-27,2026-08-12T13:29:33.699965,loans.csv
9355,5,56,2021-01-22,2021-02-05,,2026-08-12T13:29:33.699965,loans.csv
1811,911,91,2024-09-03,2024-09-17,2024-09-08,2026-08-12T13:29:33.699965,loans.csv
3857,667,1,2024-05-03,2024-05-17,2024-05-11,2026-08-12T13:29:33.699965,loans.csv
4503,2259,9,2024-07-29,2024-08-12,2024-08-02,2026-08-12T13:29:33.699965,loans.csv
5079,570,1,2020-05-24,2020-06-07,2020-06-13,2026-08-12T13:29:33.699965,loans.csv
4587,1184,1,2024-03-16,2024-03-30,2024-04-29,2026-08-12T13:29:33.699965,loans.csv
9394,2184,15,2023-11-25,2023-12-09,2023-12-10,2026-08-12T13:29:33.699965,loans.csv
321,1488,11,2021-07-07,2021-07-28,2021-07-29,2026-08-12T13:29:33.699965,loans.csv
228,568,64,2024-01-11,2024-01-25,2024-01-16,2026-08-12T13:29:33.699965,loans.csv
4583,2252,1,2024-08-03,2024-08-17,2024-08-06,2026-08-12T13:29:33.699965,loans.csv
7734,1553,4,2023-05-09,2023-05-23,2023-05-19,2026-08-12T13:29:33.699965,loans.csv
405,219,3,2023-11-27,2023-12-11,2023-12-16,2026-08-12T13:29:33.699965,loans.csv
6511,1797,1,2020-02-25,2020-03-10,2020-03-11,2026-08-12T13:29:33.699965,loans.csv
2835,411,2,2024-06-10,2024-07-01,2024-06-15,2026-08-12T13:29:33.699965,loans.csv
1024,191,91,2024-01-05,2024-01-19,2024-01-13,2026-08-12T13:29:33.699965,loans.csv
7951,260,1,2024-07-17,2024-07-31,2024-07-25,2026-08-12T13:29:33.699965,loans.csv
8322,1746,1,2023-09-18,2023-10-02,2023-09-22,2026-08-12T13:29:33.699965,loans.csv
1133,994,8,2022-06-02,2022-06-16,2022-06-09,2026-08-12T13:29:33.699965,loans.csv
572,275,49,2024-10-01,2024-10-15,2024-10-14,2026-08-12T13:29:33.699965,loans.csv
3448,1244,7,2021-04-29,2021-05-20,2021-05-09,2026-08-12T13:29:33.699965,loans.csv
8395,327,4,2022-12-19,2023-01-02,2023-01-09,2026-08-12T13:29:33.699965,loans.csv
8336,908,2,2022-04-17,2022-05-01,,2026-08-12T13:29:33.699965,loans.csv
1953,337,2,2022-04-18,2022-05-02,2022-04-29,2026-08-12T13:29:33.699965,loans.csv
2100,2782,1,2020-03-09,2020-03-23,2020-03-12,2026-08-12T13:29:33.699965,loans.csv
244,1423,1,2024-08-30,2024-09-13,2024-09-15,2026-08-12T13:29:33.699965,loans.csv
6706,1339,10,2021-07-30,2021-08-13,2021-08-04,2026-08-12T13:29:33.699965,loans.csv
7872,866,1,2023-04-25,2023-05-16,2023-06-20,2026-08-12T13:29:33.699965,loans.csv
8190,2106,6,2022-08-20,2022-09-03,2022-08-31,2026-08-12T13:29:33.699965,loans.csv
1655,2558,1,2022-01-04,2022-01-18,2022-01-10,2026-08-12T13:29:33.699965,loans.csv
213,1211,3,2023-11-26,2023-12-10,2023-12-14,2026-08-12T13:29:33.699965,loans.csv
7234,800,4,2023-09-15,2023-09-29,,2026-08-12T13:29:33.699965,loans.csv
316,2713,2,2024-02-11,2024-02-25,2024-02-12,2026-08-12T13:29:33.699965,loans.csv
3781,1148,6,2024-05-14,2024-05-28,2024-06-01,2026-08-12T13:29:33.699965,loans.csv
8040,239,1,2023-01-13,2023-01-27,2023-01-21,2026-08-12T13:29:33.699965,loans.csv
9510,1234,1,2024-09-10,2024-09-24,2024-09-23,2026-08-12T13:29:33.699965,loans.csv
2951,2473,5,2021-03-17,2021-03-31,2021-03-20,2026-08-12T13:29:33.699965,loans.csv
5667,1527,3,2022-09-16,2022-09-30,,2026-08-12T13:29:33.699965,loans.csv
1702,2163,1,2024-01-19,2024-02-02,2024-02-13,2026-08-12T13:29:33.699965,loans.csv
8286,2313,2,2021-01-13,2021-01-27,2021-01-21,2026-08-12T13:29:33.699965,loans.csv
9077,559,7,2024-08-09,2024-08-23,,2026-08-12T13:29:33.699965,loans.csv
8670,163,34,2021-03-16,2021-03-30,2021-03-23,2026-08-12T13:29:33.699965,loans.csv
2824,1331,17,2020-02-29,2020-03-14,2020-03-17,2026-08-12T13:29:33.699965,loans.csv
6590,1304,13,2021-10-15,2021-10-29,2021-10-17,2026-08-12T13:29:33.699965,loans.csv
4534,1124,1,2024-05-23,2024-06-06,2024-05-28,2026-08-12T13:29:33.699965,loans.csv
2354,1692,3,2024-05-18,2024-06-01,,2026-08-12T13:29:33.699965,loans.csv
9015,180,2,2023-12-11,2023-12-25,2023-12-21,2026-08-12T13:29:33.699965,loans.csv
7222,1631,6,2023-05-06,2023-05-20,2023-05-27,2026-08-12T13:29:33.699965,loans.csv
3337,2469,3,2024-08-07,2024-08-21,2024-08-24,2026-08-12T13:29:33.699965,loans.csv
3732,957,4,2024-07-05,2024-07-19,2024-07-06,2026-08-12T13:29:33.699965,loans.csv
8640,615,177,2024-10-23,2024-11-06,2024-10-26,2026-08-12T13:29:33.699965,loans.csv
2929,1650,8,2023-04-15,2023-05-06,2023-05-07,2026-08-12T13:29:33.699965,loans.csv
3307,2690,3,2024-10-30,2024-11-13,2024-11-17,2026-08-12T13:29:33.699965,loans.csv
584,1491,26,2024-09-10,2024-09-09,2024-09-21,2026-08-12T13:29:33.699965,loans.csv
5040,1615,7,2022-11-08,2022-11-22,2022-11-19,2026-08-12T13:29:33.699965,loans.csv
956,118,13,2024-10-29,2024-11-12,2024-10-30,2026-08-12T13:29:33.699965,loans.csv
570,391,151,2024-02-04,2024-02-18,2024-02-24,2026-08-12T13:29:33.699965,loans.csv
3750,2449,1,2023-12-31,2024-01-14,2024-01-01,2026-08-12T13:29:33.699965,loans.csv
834,1368,1,2022-10-29,2022-11-12,2022-11-06,2026-08-12T13:29:33.699965,loans.csv
8057,1694,2,2023-09-26,2023-10-10,2023-10-11,2026-08-12T13:29:33.699965,loans.csv
3370,1582,2,2024-03-20,2024-04-03,2024-03-25,2026-08-12T13:29:33.699965,loans.csv
350,977,1,2024-06-09,2024-06-30,2024-06-18,2026-08-12T13:29:33.699965,loans.csv
6017,954,1,2022-07-09,2022-07-23,2022-07-25,2026-08-12T13:29:33.699965,loans.csv
2690,2250,1,2024-05-23,2024-06-06,2024-06-01,2026-08-12T13:29:33.699965,loans.csv
2910,276,13,2023-09-16,2023-10-07,2023-11-04,2026-08-12T13:29:33.699965,loans.csv
820,57,2,2023-06-11,2023-06-25,2023-07-01,2026-08-12T13:29:33.699965,loans.csv
8392,933,3,2024-04-26,2024-05-10,2024-05-16,2026-08-12T13:29:33.699965,loans.csv
8080,2373,1,2022-03-26,2022-04-09,2022-04-11,2026-08-12T13:29:33.699965,loans.csv
2739,1390,2,2024-02-18,2024-03-03,,2026-08-12T13:29:33.699965,loans.csv
3723,14,2,2024-07-17,2024-07-31,2024-07-23,2026-08-12T13:29:33.699965,loans.csv
1860,2039,1,2024-04-18,2024-05-02,2024-04-19,2026-08-12T13:29:33.699965,loans.csv
7280,2739,2,2021-10-20,2021-11-03,2021-10-24,2026-08-12T13:29:33.699965,loans.csv
8305,1827,6,2022-09-06,2022-09-20,2022-09-18,2026-08-12T13:29:33.699965,loans.csv
822,1374,5,2022-05-07,2022-05-21,2022-07-04,2026-08-12T13:29:33.699965,loans.csv
4872,1228,1,2024-09-04,2024-09-18,2024-09-11,2026-08-12T13:29:33.699965,loans.csv
1710,552,1,2021-03-25,2021-04-08,2021-04-07,2026-08-12T13:29:33.699965,loans.csv
9594,2542,1,2023-06-05,2023-06-26,2023-06-22,2026-08-12T13:29:33.699965,loans.csv
6703,1005,4,2024-05-16,2024-05-30,2024-05-19,2026-08-12T13:29:33.699965,loans.csv
2410,2649,1,2024-01-05,2024-01-19,2024-01-07,2026-08-12T13:29:33.699965,loans.csv
6295,2211,27,2023-05-31,2023-06-14,2023-06-06,2026-08-12T13:29:33.699965,loans.csv
9258,24,1,2024-08-12,2024-08-26,2024-08-25,2026-08-12T13:29:33.699965,loans.csv
9019,2791,67,2022-04-21,2022-05-05,,2026-08-12T13:29:33.699965,loans.csv
1520,1602,2,2023-03-03,2023-03-24,2023-03-14,2026-08-12T13:29:33.699965,loans.csv
4280,2219,1,2022-04-17,2022-05-01,2022-04-30,2026-08-12T13:29:33.699965,loans.csv
233,1336,7,2021-04-21,2021-05-05,,2026-08-12T13:29:33.699965,loans.csv
4367,36,48,2024-08-05,2024-08-19,2024-09-10,2026-08-12T13:29:33.699965,loans.csv
4741,1847,2,2024-10-27,2024-11-10,2024-11-11,2026-08-12T13:29:33.699965,loans.csv
6533,653,5,2024-02-18,2024-03-03,2024-03-02,2026-08-12T13:29:33.699965,loans.csv
7968,2035,1,2023-03-25,2023-04-08,2023-03-30,2026-08-12T13:29:33.699965,loans.csv
45,538,7,2024-03-08,2024-03-22,2024-03-17,2026-08-12T13:29:33.699965,loans.csv
8348,562,2,2023-10-01,2023-10-15,2023-10-15,2026-08-12T13:29:33.699965,loans.csv
1733,913,13,2024-12-22,2025-01-05,,2026-08-12T13:29:33.699965,loans.csv
9083,444,2,2022-03-08,2022-03-22,2022-03-28,2026-08-12T13:29:33.699965,loans.csv
2245,279,41,2021-05-11,2021-05-25,,2026-08-12T13:29:33.699965,loans.csv
6664,1671,1,2023-10-17,2023-11-07,2023-11-06,2026-08-12T13:29:33.699965,loans.csv
524,2316,1,2024-05-11,2024-05-25,2024-05-17,2026-08-12T13:29:33.699965,loans.csv
5326,2486,22,2024-07-05,2024-07-19,2024-07-06,2026-08-12T13:29:33.699965,loans.csv
9239,2623,1,2020-08-21,2020-09-04,,2026-08-12T13:29:33.699965,loans.csv
7323,444,2,2024-09-13,2024-09-27,2024-09-20,2026-08-12T13:29:33.699965,loans.csv
6776,1419,2,2023-08-26,2023-09-09,2023-09-08,2026-08-12T13:29:33.699965,loans.csv
3545,608,2,2024-05-17,2024-06-07,2024-06-10,2026-08-12T13:29:33.699965,loans.csv
4259,440,1,2024-08-06,2024-08-20,2024-08-14,2026-08-12T13:29:33.699965,loans.csv
6645,83,12,2023-05-04,2023-05-18,2023-05-11,2026-08-12T13:29:33.699965,loans.csv
2892,1510,6,2024-08-04,2024-08-18,2024-08-16,2026-08-12T13:29:33.699965,loans.csv
6681,2767,1,2022-01-09,2022-01-23,2022-01-21,2026-08-12T13:29:33.699965,loans.csv
7100,1475,1,2024-04-17,2024-05-01,,2026-08-12T13:29:33.699965,loans.csv
2190,1373,1,2021-06-26,2021-07-10,2021-07-04,2026-08-12T13:29:33.699965,loans.csv
5968,2545,3,2022-10-27,2022-11-10,2022-11-12,2026-08-12T13:29:33.699965,loans.csv
4110,826,1,2024-11-12,2024-11-26,2024-11-18,2026-08-12T13:29:33.699965,loans.csv
7367,2147,2,2021-03-04,2021-03-18,2021-03-18,2026-08-12T13:29:33.699965,loans.csv
848,1742,1,2022-04-14,2022-04-28,2022-04-16,2026-08-12T13:29:33.699965,loans.csv
1474,1545,3,2022-02-28,2022-03-14,2022-03-01,2026-08-12T13:29:33.699965,loans.csv
4055,250,3,2024-03-20,2024-04-03,2024-03-26,2026-08-12T13:29:33.699965,loans.csv
5098,1142,1,2024-08-11,2024-08-25,2024-08-28,2026-08-12T13:29:33.699965,loans.csv
8516,113,1,2023-11-04,2023-11-18,2023-11-27,2026-08-12T13:29:33.699965,loans.csv
678,1235,2,2024-01-19,2024-02-09,2024-02-08,2026-08-12T13:29:33.699965,loans.csv
5223,1161,27,2023-11-02,2023-11-16,2023-11-17,2026-08-12T13:29:33.699965,loans.csv
5462,2243,3,2021-07-12,2021-07-26,2021-07-14,2026-08-12T13:29:33.699965,loans.csv
2523,450,2,2024-02-09,2024-03-01,2024-03-05,2026-08-12T13:29:33.699965,loans.csv
8271,2668,2,2021-11-13,2021-11-27,2022-01-09,2026-08-12T13:29:33.699965,loans.csv
50,773,1,2020-03-20,2020-04-03,2020-04-07,2026-08-12T13:29:33.699965,loans.csv
5553,2247,1,2023-11-18,2023-12-02,2023-12-05,2026-08-12T13:29:33.699965,loans.csv
9238,2352,1,2022-05-25,2022-06-08,2022-06-15,2026-08-12T13:29:33.699965,loans.csv
7756,1886,1,2024-10-22,2024-11-05,2024-10-28,2026-08-12T13:29:33.699965,loans.csv
6457,1178,1,2024-07-19,2024-08-02,2024-08-02,2026-08-12T13:29:33.699965,loans.csv
5659,1891,1,2024-11-14,2024-11-28,2024-11-15,2026-08-12T13:29:33.699965,loans.csv
6225,2687,3,2024-12-12,2024-12-26,,2026-08-12T13:29:33.699965,loans.csv
6946,267,12,2022-07-07,2022-07-21,2022-07-14,2026-08-12T13:29:33.699965,loans.csv
6351,1332,1,2021-02-21,2021-03-07,,2026-08-12T13:29:33.699965,loans.csv
8435,2643,1,2023-04-14,2023-04-28,2023-04-30,2026-08-12T13:29:33.699965,loans.csv
6823,52,16,2023-07-20,2023-08-03,2023-07-24,2026-08-12T13:29:33.699965,loans.csv
2944,2199,5,2021-06-25,2021-07-09,2021-06-29,2026-08-12T13:29:33.699965,loans.csv
582,317,1,2022-02-24,2022-03-10,,2026-08-12T13:29:33.699965,loans.csv
1344,978,1,2024-06-23,2024-07-07,2024-07-11,2026-08-12T13:29:33.699965,loans.csv
2842,54,1,2024-02-22,2024-03-07,2024-03-09,2026-08-12T13:29:33.699965,loans.csv
4522,576,2,2021-10-13,2021-10-27,2021-10-28,2026-08-12T13:29:33.699965,loans.csv
5025,1798,8,2022-08-02,2022-08-16,2022-08-08,2026-08-12T13:29:33.699965,loans.csv
1347,2623,2,2024-06-06,2024-06-20,2024-06-21,2026-08-12T13:29:33.699965,loans.csv
5694,2006,61,2024-12-24,2025-01-07,,2026-08-12T13:29:33.699965,loans.csv
6762,330,2,2024-06-12,2024-06-26,2024-06-22,2026-08-12T13:29:33.699965,loans.csv
6055,2766,1,2023-06-13,2023-06-27,2023-06-25,2026-08-12T13:29:33.699965,loans.csv
6636,2289,29,2023-12-30,2024-01-13,2024-01-17,2026-08-12T13:29:33.699965,loans.csv
5212,1766,9,2024-09-06,2024-09-20,2024-09-18,2026-08-12T13:29:33.699965,loans.csv
6349,2287,1,2024-12-16,2024-12-30,,2026-08-12T13:29:33.699965,loans.csv
3806,1678,1,2022-11-15,2022-11-29,,2026-08-12T13:29:33.699965,loans.csv
6490,715,1,2021-04-06,2021-04-20,2021-04-26,2026-08-12T13:29:33.699965,loans.csv
7024,2628,3,2023-10-28,2023-11-11,2023-10-30,2026-08-12T13:29:33.699965,loans.csv
1443,1766,5,2024-08-06,2024-08-27,2024-08-24,2026-08-12T13:29:33.699965,loans.csv
5905,2351,1,2024-09-03,2024-09-17,2024-09-26,2026-08-12T13:29:33.699965,loans.csv
8934,31,84,2024-02-26,2024-03-11,2024-03-01,2026-08-12T13:29:33.699965,loans.csv
4474,2632,2,2021-07-26,2021-08-09,2021-08-11,2026-08-12T13:29:33.699965,loans.csv
9143,461,2,2022-11-03,2022-11-17,2022-11-06,2026-08-12T13:29:33.699965,loans.csv
5666,2349,4,2024-07-19,2024-08-02,2024-08-07,2026-08-12T13:29:33.699965,loans.csv
7634,682,1,2024-04-10,2024-04-24,2024-04-11,2026-08-12T13:29:33.699965,loans.csv
7886,70,16,2023-04-09,2023-04-23,2023-04-13,2026-08-12T13:29:33.699965,loans.csv
8433,860,1,2022-10-14,2022-10-28,2022-10-16,2026-08-12T13:29:33.699965,loans.csv
7155,1134,1,2022-10-24,2022-11-07,2022-10-31,2026-08-12T13:29:33.699965,loans.csv
37,935,160,2021-04-21,2021-05-05,2021-04-30,2026-08-12T13:29:33.699965,loans.csv
6920,536,2,2024-08-04,2024-08-25,2024-08-28,2026-08-12T13:29:33.699965,loans.csv
4216,1936,1,2024-01-15,2024-01-29,2024-02-05,2026-08-12T13:29:33.699965,loans.csv
5736,1108,56,2022-09-16,2022-09-30,2022-10-05,2026-08-12T13:29:33.699965,loans.csv
2516,2200,2,2022-03-10,2022-03-24,2022-04-04,2026-08-12T13:29:33.699965,loans.csv
694,1321,6,2024-02-19,2024-03-04,2024-02-28,2026-08-12T13:29:33.699965,loans.csv
2401,2070,1,2022-02-25,2022-03-11,2022-03-01,2026-08-12T13:29:33.699965,loans.csv
4796,1759,1,2023-11-04,2023-11-18,2023-11-22,2026-08-12T13:29:33.699965,loans.csv
3013,1616,1,2024-07-15,2024-08-05,2024-07-18,2026-08-12T13:29:33.699965,loans.csv
5895,777,4,2021-04-20,2021-05-04,2021-05-07,2026-08-12T13:29:33.699965,loans.csv
3685,871,1,2024-08-28,2024-09-11,2024-09-04,2026-08-12T13:29:33.699965,loans.csv
9290,2185,2,2023-04-30,2023-05-14,2023-05-13,2026-08-12T13:29:33.699965,loans.csv
3629,1628,49,2024-03-24,2024-04-07,2024-04-13,2026-08-12T13:29:33.699965,loans.csv
7371,1221,1,2024-09-14,2024-09-28,2024-09-25,2026-08-12T13:29:33.699965,loans.csv
6693,242,1,2022-02-24,2022-03-10,2022-03-05,2026-08-12T13:29:33.699965,loans.csv
8003,1993,2,2023-03-11,2023-03-25,2023-03-15,2026-08-12T13:29:33.699965,loans.csv
1895,1510,3,2022-09-08,2022-09-22,2022-09-18,2026-08-12T13:29:33.699965,loans.csv
505,1522,1,2022-03-29,2022-04-12,2022-04-17,2026-08-12T13:29:33.699965,loans.csv
203,2358,1,2021-12-12,2021-12-26,2021-12-24,2026-08-12T13:29:33.699965,loans.csv
7920,1254,6,2023-04-19,2023-05-03,2023-04-22,2026-08-12T13:29:33.699965,loans.csv
5629,2230,5,2024-10-24,2024-11-07,2024-11-01,2026-08-12T13:29:33.699965,loans.csv
6808,510,1,2023-11-01,2023-11-22,2023-11-21,2026-08-12T13:29:33.699965,loans.csv
7606,193,1,2024-06-06,2024-06-20,2024-06-12,2026-08-12T13:29:33.699965,loans.csv
4425,2084,2,2021-12-21,2022-01-04,2022-01-12,2026-08-12T13:29:33.699965,loans.csv
2399,1171,4,2024-09-28,2024-10-12,2024-10-15,2026-08-12T13:29:33.699965,loans.csv
8015,938,1,2020-08-11,2020-08-25,2020-08-26,2026-08-12T13:29:33.699965,loans.csv
8801,1489,15,2024-10-14,2024-10-28,2024-10-21,2026-08-12T13:29:33.699965,loans.csv
9254,2386,32,2021-12-10,2021-12-24,2021-12-21,2026-08-12T13:29:33.699965,loans.csv
1660,2556,2,2024-05-01,2024-05-15,,2026-08-12T13:29:33.699965,loans.csv
4064,1954,3,2024-05-02,2024-05-16,2024-06-21,2026-08-12T13:29:33.699965,loans.csv
6179,2797,1,2024-02-15,2024-02-29,2024-03-05,2026-08-12T13:29:33.699965,loans.csv
4397,1814,6,2024-11-28,2024-12-12,2024-12-08,2026-08-12T13:29:33.699965,loans.csv
8219,187,1,2021-06-28,2021-07-12,2021-07-19,2026-08-12T13:29:33.699965,loans.csv
1672,1659,1,2020-09-26,2020-10-17,2020-10-16,2026-08-12T13:29:33.699965,loans.csv
5251,2115,1,2024-08-19,2024-09-02,2024-08-28,2026-08-12T13:29:33.699965,loans.csv
5436,1258,3,2024-07-13,2024-07-27,2024-07-21,2026-08-12T13:29:33.699965,loans.csv
6454,201,1,2021-11-30,2021-12-14,2021-12-04,2026-08-12T13:29:33.699965,loans.csv
116,1501,2,2021-02-19,2021-03-05,2021-02-22,2026-08-12T13:29:33.699965,loans.csv
762,1715,2,2023-09-30,2023-10-21,2023-10-20,2026-08-12T13:29:33.699965,loans.csv
5340,2711,7,2022-09-04,2022-09-18,2022-09-08,2026-08-12T13:29:33.699965,loans.csv
2415,1825,14,2022-09-19,2022-10-03,2022-09-22,2026-08-12T13:29:33.699965,loans.csv
8736,755,12,2021-10-04,2021-10-18,2021-10-23,2026-08-12T13:29:33.699965,loans.csv
3833,659,5,2024-08-11,2024-08-25,2024-08-24,2026-08-12T13:29:33.699965,loans.csv
3638,1072,1,2023-11-25,2023-12-09,2023-12-10,2026-08-12T13:29:33.699965,loans.csv
7439,1506,13,2024-07-12,2024-08-02,2024-09-02,2026-08-12T13:29:33.699965,loans.csv
3573,731,2,2023-07-31,2023-08-14,2023-08-11,2026-08-12T13:29:33.699965,loans.csv
6322,159,2,2024-06-23,2024-07-07,2024-08-02,2026-08-12T13:29:33.699965,loans.csv
6613,1845,1,2022-03-20,2022-04-03,2022-03-23,2026-08-12T13:29:33.699965,loans.csv
2114,788,2,2023-06-30,2023-07-21,2023-07-19,2026-08-12T13:29:33.699965,loans.csv
2931,1513,10,2020-12-06,2020-12-27,2020-12-30,2026-08-12T13:29:33.699965,loans.csv
8667,1922,15,2024-03-13,2024-03-27,2024-03-17,2026-08-12T13:29:33.699965,loans.csv
996,2520,108,2022-10-21,2022-11-04,2022-10-30,2026-08-12T13:29:33.699965,loans.csv
3822,1422,2,2024-09-24,2024-10-08,2024-10-14,2026-08-12T13:29:33.699965,loans.csv
6452,2159,2,2024-03-16,2024-03-30,2024-05-10,2026-08-12T13:29:33.699965,loans.csv
1397,1983,1,2023-05-11,2023-05-25,2023-05-31,2026-08-12T13:29:33.699965,loans.csv
8911,832,12,2023-01-14,2023-01-28,2023-01-18,2026-08-12T13:29:33.699965,loans.csv
4643,1124,1,2024-02-13,2024-02-27,2024-03-03,2026-08-12T13:29:33.699965,loans.csv
9154,417,1,2022-07-15,2022-08-05,2022-07-17,2026-08-12T13:29:33.699965,loans.csv
4965,1897,1,2022-10-30,2022-11-13,,2026-08-12T13:29:33.699965,loans.csv
8713,715,1,2023-11-10,2023-11-24,2023-11-24,2026-08-12T13:29:33.699965,loans.csv
343,2710,71,2024-07-22,2024-08-05,2024-07-30,2026-08-12T13:29:33.699965,loans.csv
2695,1160,19,2021-08-26,2021-09-09,2021-09-07,2026-08-12T13:29:33.699965,loans.csv
3163,1859,1,2021-05-06,2021-05-20,2021-05-18,2026-08-12T13:29:33.699965,loans.csv
6931,1350,1,2020-12-29,2021-01-12,2021-01-14,2026-08-12T13:29:33.699965,loans.csv
1274,316,59,2024-12-01,2024-12-15,2024-12-12,2026-08-12T13:29:33.699965,loans.csv
1784,2170,2,2024-09-08,2024-09-22,2024-09-12,2026-08-12T13:29:33.699965,loans.csv
6159,2119,3,2024-01-09,2024-01-30,2024-02-03,2026-08-12T13:29:33.699965,loans.csv
8771,2253,1,2021-04-13,2021-04-27,2021-04-22,2026-08-12T13:29:33.699965,loans.csv
3190,2649,9,2024-01-20,2024-02-03,2024-02-02,2026-08-12T13:29:33.699965,loans.csv
3443,2191,2,2023-11-10,2023-11-24,2023-11-12,2026-08-12T13:29:33.699965,loans.csv
1002,136,95,2022-03-09,2022-03-23,2022-03-21,2026-08-12T13:29:33.699965,loans.csv
5491,1364,28,2024-09-16,2024-09-30,2024-09-18,2026-08-12T13:29:33.699965,loans.csv
8693,1095,38,2021-11-25,2021-12-09,2021-12-01,2026-08-12T13:29:33.699965,loans.csv
9587,1686,2,2024-10-17,2024-10-31,2024-11-02,2026-08-12T13:29:33.699965,loans.csv
4624,618,7,2020-11-03,2020-11-17,2020-11-11,2026-08-12T13:29:33.699965,loans.csv
3405,1087,1,2024-11-27,2024-12-11,2024-12-12,2026-08-12T13:29:33.699965,loans.csv
4976,289,5,2023-04-13,2023-04-27,2023-05-03,2026-08-12T13:29:33.699965,loans.csv
8265,2336,8,2024-01-27,2024-02-10,2024-02-15,2026-08-12T13:29:33.699965,loans.csv
1299,2395,1,2023-02-13,2023-02-27,2023-02-19,2026-08-12T13:29:33.699965,loans.csv
8896,1015,68,2022-12-05,2022-12-19,2022-12-07,2026-08-12T13:29:33.699965,loans.csv
1856,1704,10,2024-01-09,2024-01-23,2024-01-22,2026-08-12T13:29:33.699965,loans.csv
7459,2301,1,2024-11-04,2024-11-18,,2026-08-12T13:29:33.699965,loans.csv
655,2126,3,2023-07-18,2023-08-01,2023-07-27,2026-08-12T13:29:33.699965,loans.csv
7216,69,1,2022-12-26,2023-01-09,2023-01-05,2026-08-12T13:29:33.699965,loans.csv
9550,1987,1,2022-09-29,2022-10-13,2022-10-19,2026-08-12T13:29:33.699965,loans.csv
9438,838,1,2021-09-18,2021-10-02,2021-09-23,2026-08-12T13:29:33.699965,loans.csv
8331,612,2,2021-09-29,2021-10-13,2021-10-09,2026-08-12T13:29:33.699965,loans.csv
6479,1758,37,2024-10-07,2024-10-21,2024-10-19,2026-08-12T13:29:33.699965,loans.csv
3366,993,6,2024-05-25,2024-06-08,2024-06-09,2026-08-12T13:29:33.699965,loans.csv
7935,2414,1,2024-05-05,2024-05-19,2024-05-21,2026-08-12T13:29:33.699965,loans.csv
2044,1854,38,2024-11-03,2024-11-17,2024-11-10,2026-08-12T13:29:33.699965,loans.csv
7711,59,1,2023-06-05,2023-06-19,2023-06-11,2026-08-12T13:29:33.699965,loans.csv
9068,316,1,2024-01-28,2024-02-11,,2026-08-12T13:29:33.699965,loans.csv
2960,2684,4,2023-04-15,2023-04-29,2023-04-19,2026-08-12T13:29:33.699965,loans.csv
8109,236,3,2021-02-03,2021-02-17,2021-02-16,2026-08-12T13:29:33.699965,loans.csv
6348,838,2,2024-08-24,2024-09-07,2024-08-25,2026-08-12T13:29:33.699965,loans.csv
1947,832,1,2022-09-05,2022-09-26,2022-09-24,2026-08-12T13:29:33.699965,loans.csv
302,270,4,2020-11-27,2020-12-11,2020-12-07,2026-08-12T13:29:33.699965,loans.csv
5463,955,1,2024-02-28,2024-03-13,2024-03-03,2026-08-12T13:29:33.699965,loans.csv
1904,1991,1,2022-01-28,2022-02-11,2022-02-27,2026-08-12T13:29:33.699965,loans.csv
2065,2655,12,2023-08-09,2023-08-30,2023-09-04,2026-08-12T13:29:33.699965,loans.csv
6863,553,2,2020-02-11,2020-02-25,2020-02-18,2026-08-12T13:29:33.699965,loans.csv
8062,802,4,2023-08-26,2023-09-09,2023-09-02,2026-08-12T13:29:33.699965,loans.csv
4243,1661,5,2022-05-25,2022-06-08,2022-06-04,2026-08-12T13:29:33.699965,loans.csv
6082,1729,1,2024-11-10,2024-11-24,2024-11-14,2026-08-12T13:29:33.699965,loans.csv
3051,105,1,2024-09-21,2024-10-05,,2026-08-12T13:29:33.699965,loans.csv
6254,475,1,2022-05-01,2022-05-15,2022-05-16,2026-08-12T13:29:33.699965,loans.csv
6304,2633,24,2024-01-08,2024-01-22,2024-01-12,2026-08-12T13:29:33.699965,loans.csv
1576,746,2,2021-08-21,2021-09-04,2021-08-29,2026-08-12T13:29:33.699965,loans.csv
1508,809,7,2022-11-18,2022-12-02,,2026-08-12T13:29:33.699965,loans.csv
8851,1801,5,2024-04-06,2024-04-20,2024-04-07,2026-08-12T13:29:33.699965,loans.csv
8192,2377,1,2024-10-13,2024-10-27,2024-10-24,2026-08-12T13:29:33.699965,loans.csv
4389,483,4,2024-08-13,2024-08-27,2024-08-14,2026-08-12T13:29:33.699965,loans.csv
391,691,7,2022-07-25,2022-08-08,2022-09-06,2026-08-12T13:29:33.699965,loans.csv
1087,2023,2,2022-07-07,2022-07-21,2022-07-11,2026-08-12T13:29:33.699965,loans.csv
9261,1147,12,2024-11-09,2024-11-23,2024-11-16,2026-08-12T13:29:33.699965,loans.csv
4848,685,1,2024-06-18,2024-07-02,2024-07-04,2026-08-12T13:29:33.699965,loans.csv
8509,464,11,2021-06-20,2021-07-04,2021-06-28,2026-08-12T13:29:33.699965,loans.csv
1550,205,9,2024-11-17,2024-12-01,2024-11-21,2026-08-12T13:29:33.699965,loans.csv
5099,2055,41,2021-10-02,2021-10-23,2021-10-26,2026-08-12T13:29:33.699965,loans.csv
7552,1888,1,2024-09-13,2024-09-27,2024-09-26,2026-08-12T13:29:33.699965,loans.csv
7158,1412,52,2024-04-19,2024-05-03,2024-04-25,2026-08-12T13:29:33.699965,loans.csv
4707,673,2,2023-12-04,2023-12-18,2023-12-25,2026-08-12T13:29:33.699965,loans.csv
8730,814,6,2024-04-14,2024-04-28,2024-04-20,2026-08-12T13:29:33.699965,loans.csv
5928,1200,1,2023-08-23,2023-08-21,2023-09-13,2026-08-12T13:29:33.699965,loans.csv
9442,1149,12,2022-06-10,2022-06-24,2022-06-23,2026-08-12T13:29:33.699965,loans.csv
1237,1991,2,2022-01-09,2022-01-23,2022-02-03,2026-08-12T13:29:33.699965,loans.csv
2270,1657,9,2024-05-06,2024-05-20,2024-05-10,2026-08-12T13:29:33.699965,loans.csv
1236,2211,1,2021-01-28,2021-02-18,2021-02-19,2026-08-12T13:29:33.699965,loans.csv
3702,547,1,2024-11-12,2024-11-26,2024-11-26,2026-08-12T13:29:33.699965,loans.csv
5799,1068,1,2024-11-23,2024-12-07,2024-12-02,2026-08-12T13:29:33.699965,loans.csv
4212,1431,1,2024-08-17,2024-08-31,,2026-08-12T13:29:33.699965,loans.csv
5479,2157,18,2024-07-14,2024-07-28,,2026-08-12T13:29:33.699965,loans.csv
8649,982,1,2023-11-19,2023-12-03,2023-12-08,2026-08-12T13:29:33.699965,loans.csv
7098,2568,1,2024-04-28,2024-05-12,2024-05-13,2026-08-12T13:29:33.699965,loans.csv
3181,1331,1,2024-08-15,2024-08-29,2024-08-20,2026-08-12T13:29:33.699965,loans.csv
4636,2633,1,2023-12-08,2023-12-22,2023-12-27,2026-08-12T13:29:33.699965,loans.csv
3748,848,1,2024-10-09,2024-10-23,2024-10-24,2026-08-12T13:29:33.699965,loans.csv
7583,907,1,2024-08-14,2024-08-28,2024-08-30,2026-08-12T13:29:33.699965,loans.csv
1757,1360,1,2024-06-22,2024-07-06,2024-07-20,2026-08-12T13:29:33.699965,loans.csv
3556,1750,1,2023-10-05,2023-10-19,2023-10-16,2026-08-12T13:29:33.699965,loans.csv
6697,1142,3,2022-07-23,2022-08-06,2022-07-28,2026-08-12T13:29:33.699965,loans.csv
7631,1623,2,2023-04-03,2023-04-17,2023-04-10,2026-08-12T13:29:33.699965,loans.csv
3661,336,1,2024-04-27,2024-05-11,2024-04-30,2026-08-12T13:29:33.699965,loans.csv
3717,2572,1,2022-01-15,2022-01-29,2022-01-23,2026-08-12T13:29:33.699965,loans.csv
8059,223,1,2024-04-11,2024-04-25,2024-04-30,2026-08-12T13:29:33.699965,loans.csv
9047,726,1,2024-06-24,2024-07-08,2024-07-07,2026-08-12T13:29:33.699965,loans.csv
92,2630,1,2020-08-11,2020-08-25,,2026-08-12T13:29:33.699965,loans.csv
6608,1967,6,2020-01-08,2020-01-22,,2026-08-12T13:29:33.699965,loans.csv
5343,525,12,2024-11-28,2024-12-19,2024-12-26,2026-08-12T13:29:33.699965,loans.csv
7613,1011,1,2023-11-26,2023-12-10,2023-12-09,2026-08-12T13:29:33.699965,loans.csv
5662,1087,2,2024-07-14,2024-07-28,2024-07-27,2026-08-12T13:29:33.699965,loans.csv
5929,1025,2,2024-11-26,2024-12-17,2024-11-30,2026-08-12T13:29:33.699965,loans.csv
7618,1940,2,2024-07-19,2024-08-02,,2026-08-12T13:29:33.699965,loans.csv
5962,1600,1,2021-10-25,2021-11-08,,2026-08-12T13:29:33.699965,loans.csv
4510,1336,1,2021-04-26,2021-05-10,,2026-08-12T13:29:33.699965,loans.csv
1715,1336,1,2022-08-15,2022-08-29,2022-08-24,2026-08-12T13:29:33.699965,loans.csv
7554,1400,1,2024-12-12,2024-12-26,,2026-08-12T13:29:33.699965,loans.csv
3966,1211,2,2024-08-12,2024-09-02,2024-08-23,2026-08-12T13:29:33.699965,loans.csv
7910,2677,2,2024-03-09,2024-03-23,2024-03-14,2026-08-12T13:29:33.699965,loans.csv
4249,904,2,2022-02-03,2022-02-17,2022-02-13,2026-08-12T13:29:33.699965,loans.csv
3528,1759,4,2024-08-01,2024-08-15,2024-08-06,2026-08-12T13:29:33.699965,loans.csv
5023,1105,12,2024-05-04,2024-05-18,2024-05-09,2026-08-12T13:29:33.699965,loans.csv
4187,179,1,2024-05-19,2024-06-02,2024-05-28,2026-08-12T13:29:33.699965,loans.csv
8479,1977,1,2023-08-16,2023-08-30,2023-08-18,2026-08-12T13:29:33.699965,loans.csv
3390,1738,2,2022-12-08,2022-12-22,2022-12-29,2026-08-12T13:29:33.699965,loans.csv
8719,305,55,2022-04-18,2022-05-02,,2026-08-12T13:29:33.699965,loans.csv
9188,2387,2,2020-09-23,2020-10-07,2020-09-29,2026-08-12T13:29:33.699965,loans.csv
6878,1248,3,2024-06-07,2024-06-21,2024-06-08,2026-08-12T13:29:33.699965,loans.csv
4143,55,12,2023-03-19,2023-04-02,,2026-08-12T13:29:33.699965,loans.csv
7415,1208,10,2024-02-09,2024-02-23,2024-02-13,2026-08-12T13:29:33.699965,loans.csv
2180,1693,26,2022-10-28,2022-11-18,2022-11-12,2026-08-12T13:29:33.699965,loans.csv
6366,18,61,2022-06-29,2022-07-13,,2026-08-12T13:29:33.699965,loans.csv
6311,2558,3,2024-06-20,2024-07-04,2024-06-30,2026-08-12T13:29:33.699965,loans.csv
8885,1447,2,2023-08-01,2023-08-15,2023-08-06,2026-08-12T13:29:33.699965,loans.csv
5972,1013,2,2021-10-24,2021-11-07,2021-11-04,2026-08-12T13:29:33.699965,loans.csv
8858,1997,1,2023-09-26,2023-10-10,2023-10-10,2026-08-12T13:29:33.699965,loans.csv
2124,1700,10,2021-09-09,2021-09-23,2021-09-13,2026-08-12T13:29:33.699965,loans.csv
6202,382,3,2024-01-20,2024-02-03,2024-02-09,2026-08-12T13:29:33.699965,loans.csv
7456,1125,1,2024-03-06,2024-03-20,2024-03-24,2026-08-12T13:29:33.699965,loans.csv
5045,2159,1,2022-11-19,2022-12-03,,2026-08-12T13:29:33.699965,loans.csv
5871,2483,116,2024-10-23,2024-11-06,2024-11-04,2026-08-12T13:29:33.699965,loans.csv
281,1272,1,2024-06-22,2024-07-06,2024-07-05,2026-08-12T13:29:33.699965,loans.csv
4737,1146,5,2020-11-05,2020-11-19,,2026-08-12T13:29:33.699965,loans.csv
9049,2492,48,2024-06-10,2024-07-01,,2026-08-12T13:29:33.699965,loans.csv
5739,1686,1,2021-09-13,2021-09-27,2021-09-22,2026-08-12T13:29:33.699965,loans.csv
2914,2152,33,2024-07-14,2024-07-28,2024-08-04,2026-08-12T13:29:33.699965,loans.csv
2896,2185,21,2024-03-06,2024-03-20,2024-03-10,2026-08-12T13:29:33.699965,loans.csv
7232,1048,4,2024-07-30,2024-08-13,2024-08-05,2026-08-12T13:29:33.699965,loans.csv
5677,158,1,2024-07-31,2024-08-14,2024-08-16,2026-08-12T13:29:33.699965,loans.csv
2594,1315,1,2022-05-20,2022-06-03,2022-06-02,2026-08-12T13:29:33.699965,loans.csv
3431,134,44,2023-01-03,2023-01-17,2023-01-28,2026-08-12T13:29:33.699965,loans.csv
833,2496,1,2021-12-27,2022-01-10,2022-01-02,2026-08-12T13:29:33.699965,loans.csv
362,2230,2,2024-08-16,2024-08-30,2024-08-21,2026-08-12T13:29:33.699965,loans.csv
6606,2012,1,2022-09-20,2022-10-04,2022-10-04,2026-08-12T13:29:33.699965,loans.csv
4904,1161,5,2022-05-31,2022-06-21,2022-06-13,2026-08-12T13:29:33.699965,loans.csv
1952,1896,1,2023-05-07,2023-05-21,,2026-08-12T13:29:33.699965,loans.csv
1355,2210,2,2024-02-29,2024-03-14,,2026-08-12T13:29:33.699965,loans.csv
9120,832,43,2023-11-19,2023-12-03,2023-11-23,2026-08-12T13:29:33.699965,loans.csv
4432,1099,1,2024-06-24,2024-07-15,2024-06-28,2026-08-12T13:29:33.699965,loans.csv
236,1662,24,2024-05-19,2024-06-02,2024-05-21,2026-08-12T13:29:33.699965,loans.csv
8881,1203,49,2023-10-08,2023-10-22,2023-10-12,2026-08-12T13:29:33.699965,loans.csv
8338,1545,1,2024-07-01,2024-07-15,2024-07-15,2026-08-12T13:29:33.699965,loans.csv
6616,1994,4,2024-06-28,2024-07-12,2024-07-14,2026-08-12T13:29:33.699965,loans.csv
2349,2072,1,2023-12-11,2023-12-25,2023-12-27,2026-08-12T13:29:33.699965,loans.csv
4956,459,1,2022-08-15,2022-08-29,,2026-08-12T13:29:33.699965,loans.csv
3114,586,1,2021-03-22,2021-04-12,2021-05-06,2026-08-12T13:29:33.699965,loans.csv
4163,731,2,2024-05-17,2024-05-31,2024-05-19,2026-08-12T13:29:33.699965,loans.csv
8920,2066,1,2021-09-27,2021-10-11,,2026-08-12T13:29:33.699965,loans.csv
4025,2605,1,2022-09-17,2022-10-01,2022-10-01,2026-08-12T13:29:33.699965,loans.csv
1579,1013,2,2022-02-03,2022-02-17,2022-02-17,2026-08-12T13:29:33.699965,loans.csv
204,2416,27,2024-09-12,2024-09-26,2024-09-25,2026-08-12T13:29:33.699965,loans.csv
5316,2021,2,2023-12-12,2023-12-26,2023-12-13,2026-08-12T13:29:33.699965,loans.csv
7815,341,1,2023-12-20,2024-01-03,2024-01-02,2026-08-12T13:29:33.699965,loans.csv
1481,86,1,2023-09-27,2023-10-11,2023-09-29,2026-08-12T13:29:33.699965,loans.csv
5105,738,2,2024-06-11,2024-07-02,,2026-08-12T13:29:33.699965,loans.csv
6621,1237,1,2022-08-03,2022-08-17,2022-08-15,2026-08-12T13:29:33.699965,loans.csv
1634,24,1,2024-05-02,2024-05-16,2024-05-16,2026-08-12T13:29:33.699965,loans.csv
6433,2349,2,2024-10-14,2024-10-28,2024-10-24,2026-08-12T13:29:33.699965,loans.csv
9243,2449,9,2023-08-31,2023-09-14,2023-09-07,2026-08-12T13:29:33.699965,loans.csv
552,596,1,2023-03-27,2023-04-10,2023-03-31,2026-08-12T13:29:33.699965,loans.csv
6192,1491,1,2024-06-09,2024-06-23,2024-06-22,2026-08-12T13:29:33.699965,loans.csv
7612,2349,1,2022-10-24,2022-11-07,2022-10-30,2026-08-12T13:29:33.699965,loans.csv
7570,2023,27,2022-12-10,2022-12-24,2022-12-28,2026-08-12T13:29:33.699965,loans.csv
1609,948,3,2024-01-06,2024-01-20,2024-01-23,2026-08-12T13:29:33.699965,loans.csv
5745,925,3,2024-01-23,2024-02-06,2024-02-06,2026-08-12T13:29:33.699965,loans.csv
1873,348,1,2022-12-25,2023-01-08,2023-01-07,2026-08-12T13:29:33.699965,loans.csv
7006,1148,10,2024-07-17,2024-07-31,2024-07-26,2026-08-12T13:29:33.699965,loans.csv
6595,2294,2,2023-03-11,2023-03-25,2023-03-13,2026-08-12T13:29:33.699965,loans.csv
6982,1559,15,2024-12-05,2024-12-19,2024-12-15,2026-08-12T13:29:33.699965,loans.csv
6146,308,1,2024-05-07,2024-05-21,2024-06-29,2026-08-12T13:29:33.699965,loans.csv
8357,2291,74,2024-08-15,2024-08-29,2024-08-19,2026-08-12T13:29:33.699965,loans.csv
722,1105,1,2024-08-08,2024-08-22,2024-08-25,2026-08-12T13:29:33.699965,loans.csv
7481,459,15,2022-02-26,2022-03-12,2022-03-15,2026-08-12T13:29:33.699965,loans.csv
3264,2715,12,2024-02-04,2024-02-18,2024-02-14,2026-08-12T13:29:33.699965,loans.csv
2053,1882,2,2023-09-30,2023-10-14,2023-10-02,2026-08-12T13:29:33.699965,loans.csv
1009,2278,1,2024-10-31,2024-11-14,2024-11-16,2026-08-12T13:29:33.699965,loans.csv
1458,1657,1,2023-01-11,2023-01-25,2023-02-01,2026-08-12T13:29:33.699965,loans.csv
3397,2278,12,2024-10-19,2024-11-02,2024-11-09,2026-08-12T13:29:33.699965,loans.csv
9395,2782,1,2024-10-06,2024-10-20,2024-10-08,2026-08-12T13:29:33.699965,loans.csv
5584,2253,1,2022-05-31,2022-06-14,2022-06-11,2026-08-12T13:29:33.699965,loans.csv
3842,845,2,2024-03-18,2024-04-01,2024-04-21,2026-08-12T13:29:33.699965,loans.csv
8189,2208,1,2023-05-25,2023-06-08,2023-05-31,2026-08-12T13:29:33.699965,loans.csv
9060,105,10,2024-08-27,2024-09-10,,2026-08-12T13:29:33.699965,loans.csv
9142,38,67,2024-09-30,2024-10-14,,2026-08-12T13:29:33.699965,loans.csv
2612,1711,3,2020-09-12,2020-09-26,2020-09-14,2026-08-12T13:29:33.699965,loans.csv
5449,1048,25,2024-12-16,2024-12-30,,2026-08-12T13:29:33.699965,loans.csv
2406,299,1,2021-05-17,2021-05-31,2021-05-26,2026-08-12T13:29:33.699965,loans.csv
3432,1846,13,2024-11-16,2024-11-30,2024-11-23,2026-08-12T13:29:33.699965,loans.csv
5246,2619,114,2023-05-06,2023-05-27,2023-05-30,2026-08-12T13:29:33.699965,loans.csv
2811,2176,4,2024-09-18,2024-10-02,2024-09-21,2026-08-12T13:29:33.699965,loans.csv
715,1650,4,2024-08-25,2024-09-08,2024-09-05,2026-08-12T13:29:33.699965,loans.csv
9364,1198,15,2024-06-26,2024-07-10,2024-07-13,2026-08-12T13:29:33.699965,loans.csv
909,1118,100,2023-09-24,2023-10-08,2023-10-06,2026-08-12T13:29:33.699965,loans.csv
5182,1585,2,2022-10-01,2022-10-15,2022-10-08,2026-08-12T13:29:33.699965,loans.csv
5918,682,30,2024-10-16,2024-10-30,2024-11-05,2026-08-12T13:29:33.699965,loans.csv
3698,2148,1,2024-09-26,2024-10-10,2024-10-10,2026-08-12T13:29:33.699965,loans.csv
2798,2298,17,2024-11-13,2024-11-27,2024-12-10,2026-08-12T13:29:33.699965,loans.csv
1167,860,18,2022-11-13,2022-11-27,2022-11-22,2026-08-12T13:29:33.699965,loans.csv
7725,103,1,2020-08-04,2020-08-18,2020-08-10,2026-08-12T13:29:33.699965,loans.csv
955,1125,1,2021-10-18,2021-11-01,2021-10-26,2026-08-12T13:29:33.699965,loans.csv
5422,2477,1,2023-06-17,2023-07-01,2023-08-09,2026-08-12T13:29:33.699965,loans.csv
6342,1284,1,2023-10-15,2023-10-29,2023-10-27,2026-08-12T13:29:33.699965,loans.csv
1991,2614,25,2022-05-12,2022-05-26,2022-05-14,2026-08-12T13:29:33.699965,loans.csv
6347,1611,6,2024-10-11,2024-10-25,2024-10-24,2026-08-12T13:29:33.699965,loans.csv
1723,1510,41,2022-09-04,2022-09-18,2022-09-16,2026-08-12T13:29:33.699965,loans.csv
801,1729,25,2022-05-22,2022-06-05,2022-05-30,2026-08-12T13:29:33.699965,loans.csv
6409,1301,1,2021-06-15,2021-06-07,2021-06-19,2026-08-12T13:29:33.699965,loans.csv
2683,259,1,2020-11-28,2020-12-12,2020-12-04,2026-08-12T13:29:33.699965,loans.csv
8202,1891,1,2020-12-24,2021-01-07,2021-01-04,2026-08-12T13:29:33.699965,loans.csv
2801,1909,4,2024-07-15,2024-07-29,2024-07-29,2026-08-12T13:29:33.699965,loans.csv
2171,2441,36,2020-02-12,2020-02-26,2020-02-27,2026-08-12T13:29:33.699965,loans.csv
5061,568,9,2023-08-06,2023-08-20,2023-09-25,2026-08-12T13:29:33.699965,loans.csv
9025,1935,11,2024-07-06,2024-07-20,2024-07-14,2026-08-12T13:29:33.699965,loans.csv
3430,421,2,2023-02-09,2023-02-23,2023-02-11,2026-08-12T13:29:33.699965,loans.csv
6394,2377,1,2024-04-26,2024-05-10,2024-04-30,2026-08-12T13:29:33.699965,loans.csv
1321,2600,3,2023-11-07,2023-11-21,2024-01-05,2026-08-12T13:29:33.699965,loans.csv
703,542,3,2021-02-15,2021-03-01,2021-03-04,2026-08-12T13:29:33.699965,loans.csv
6553,1620,16,2024-05-23,2024-06-06,2024-06-03,2026-08-12T13:29:33.699965,loans.csv
6809,2160,1,2024-10-25,2024-11-08,2024-10-26,2026-08-12T13:29:33.699965,loans.csv
4297,1715,3,2024-07-26,2024-08-09,2024-08-05,2026-08-12T13:29:33.699965,loans.csv
1945,1301,5,2020-02-08,2020-02-22,,2026-08-12T13:29:33.699965,loans.csv
1394,2149,53,2021-10-21,2021-11-04,2021-11-06,2026-08-12T13:29:33.699965,loans.csv
5111,2675,106,2024-06-09,2024-06-23,2024-06-25,2026-08-12T13:29:33.699965,loans.csv
8643,2693,1,2023-10-09,2023-10-23,2023-10-14,2026-08-12T13:29:33.699965,loans.csv
7105,49,2,2023-08-09,2023-08-23,2023-08-28,2026-08-12T13:29:33.699965,loans.csv
8334,2592,4,2024-08-24,2024-09-07,,2026-08-12T13:29:33.699965,loans.csv
5294,1068,2,2023-08-25,2023-09-15,2023-09-16,2026-08-12T13:29:33.699965,loans.csv
3742,2326,4,2024-12-02,2024-12-16,2024-12-12,2026-08-12T13:29:33.699965,loans.csv
1907,2125,1,2023-07-01,2023-07-15,2023-07-17,2026-08-12T13:29:33.699965,loans.csv
2029,2685,158,2024-10-13,2024-10-27,2024-10-29,2026-08-12T13:29:33.699965,loans.csv
496,1634,1,2024-11-10,2024-11-24,2024-11-12,2026-08-12T13:29:33.699965,loans.csv
7809,2004,1,2023-08-16,2023-08-30,2023-10-09,2026-08-12T13:29:33.699965,loans.csv
3595,2562,60,2023-06-08,2023-06-22,2023-07-14,2026-08-12T13:29:33.699965,loans.csv
3895,1985,2,2023-10-29,2023-11-12,2023-11-18,2026-08-12T13:29:33.699965,loans.csv
9257,943,7,2023-08-15,2023-08-29,2023-08-24,2026-08-12T13:29:33.699965,loans.csv
6307,2436,1,2024-06-06,2024-06-20,2024-06-28,2026-08-12T13:29:33.699965,loans.csv
3615,1792,1,2022-10-01,2022-10-15,,2026-08-12T13:29:33.699965,loans.csv
5950,2743,3,2024-11-08,2024-11-22,2024-11-24,2026-08-12T13:29:33.699965,loans.csv
3974,432,2,2024-07-30,2024-08-13,2024-08-11,2026-08-12T13:29:33.699965,loans.csv
330,1917,7,2023-01-09,2023-01-23,2023-01-18,2026-08-12T13:29:33.699965,loans.csv
5751,2119,1,2022-10-16,2022-10-30,2022-10-17,2026-08-12T13:29:33.699965,loans.csv
6421,403,3,2023-10-24,2023-11-07,2023-11-09,2026-08-12T13:29:33.699965,loans.csv
8566,1984,1,2024-07-03,2024-07-17,2024-07-12,2026-08-12T13:29:33.699965,loans.csv
507,968,3,2023-12-29,2024-01-12,2024-01-02,2026-08-12T13:29:33.699965,loans.csv
97,1657,1,2024-06-02,2024-06-16,2024-07-13,2026-08-12T13:29:33.699965,loans.csv
4970,1523,1,2024-07-09,2024-07-23,2024-07-26,2026-08-12T13:29:33.699965,loans.csv
5981,2014,1,2024-10-10,2024-10-24,2024-11-10,2026-08-12T13:29:33.699965,loans.csv
8515,1509,2,2022-01-14,2022-01-28,2022-01-23,2026-08-12T13:29:33.699965,loans.csv
6631,485,1,2024-04-12,2024-04-26,2024-04-16,2026-08-12T13:29:33.699965,loans.csv
6275,1287,1,2024-12-06,2024-12-20,2024-12-14,2026-08-12T13:29:33.699965,loans.csv
1983,81,156,2022-05-11,2022-05-25,2022-05-15,2026-08-12T13:29:33.699965,loans.csv
7746,1947,1,2024-08-02,2024-08-16,2024-08-14,2026-08-12T13:29:33.699965,loans.csv
9314,335,45,2022-01-28,2022-02-11,2022-02-07,2026-08-12T13:29:33.699965,loans.csv
1728,534,14,2023-09-27,2023-10-18,2023-10-11,2026-08-12T13:29:33.699965,loans.csv
5646,1214,31,2022-10-20,2022-11-03,2022-10-22,2026-08-12T13:29:33.699965,loans.csv
749,305,3,2023-04-23,2023-05-07,2023-05-02,2026-08-12T13:29:33.699965,loans.csv
3671,918,55,2024-10-28,2024-11-11,2024-11-08,2026-08-12T13:29:33.699965,loans.csv
4572,2572,2,2024-12-09,2024-12-23,2024-12-25,2026-08-12T13:29:33.699965,loans.csv
8183,223,17,2022-09-10,2022-09-24,2022-10-28,2026-08-12T13:29:33.699965,loans.csv
6297,2735,24,2024-08-19,2024-09-02,,2026-08-12T13:29:33.699965,loans.csv
1708,780,1,2024-11-22,2024-12-06,2024-12-03,2026-08-12T13:29:33.699965,loans.csv
9474,2353,1,2022-02-06,2022-02-20,2022-02-11,2026-08-12T13:29:33.699965,loans.csv
7277,2092,3,2024-05-19,2024-06-02,2024-06-02,2026-08-12T13:29:33.699965,loans.csv
6101,101,1,2023-10-18,2023-11-01,2023-10-27,2026-08-12T13:29:33.699965,loans.csv
449,1624,6,2023-03-23,2023-04-06,2023-03-28,2026-08-12T13:29:33.699965,loans.csv
5986,2561,3,2022-09-26,2022-10-10,2022-10-06,2026-08-12T13:29:33.699965,loans.csv
2121,961,6,2021-05-30,2021-06-13,2021-06-10,2026-08-12T13:29:33.699965,loans.csv
412,2518,1,2024-03-17,2024-03-31,2024-05-10,2026-08-12T13:29:33.699965,loans.csv
6876,2413,1,2024-11-11,2024-11-25,2024-11-15,2026-08-12T13:29:33.699965,loans.csv
6790,1112,1,2024-11-11,2024-11-25,2024-11-27,2026-08-12T13:29:33.699965,loans.csv
4254,1994,1,2024-12-09,2024-12-23,2024-12-24,2026-08-12T13:29:33.699965,loans.csv
6957,1491,7,2024-10-03,2024-10-24,2024-10-19,2026-08-12T13:29:33.699965,loans.csv
6756,1819,1,2024-07-18,2024-08-01,2024-07-27,2026-08-12T13:29:33.699965,loans.csv
8574,2122,2,2024-10-03,2024-10-17,2024-10-19,2026-08-12T13:29:33.699965,loans.csv
400,1783,7,2024-11-09,2024-11-23,2024-11-14,2026-08-12T13:29:33.699965,loans.csv
5204,572,2,2022-03-19,2022-04-02,2022-03-27,2026-08-12T13:29:33.699965,loans.csv
512,1523,1,2024-07-15,2024-08-05,2024-07-27,2026-08-12T13:29:33.699965,loans.csv
1664,1375,1,2022-07-24,2022-08-07,2022-07-26,2026-08-12T13:29:33.699965,loans.csv
283,581,35,2021-08-17,2021-08-31,2021-09-05,2026-08-12T13:29:33.699965,loans.csv
7928,381,2,2024-12-21,2025-01-11,,2026-08-12T13:29:33.699965,loans.csv
4502,2755,1,2022-02-17,2022-03-03,2022-02-24,2026-08-12T13:29:33.699965,loans.csv
596,1726,1,2023-10-14,2023-11-04,2023-10-31,2026-08-12T13:29:33.699965,loans.csv
9055,528,1,2024-05-03,2024-05-17,,2026-08-12T13:29:33.699965,loans.csv
1600,1801,2,2024-02-19,2024-03-04,2024-02-27,2026-08-12T13:29:33.699965,loans.csv
5690,1087,1,2024-08-12,2024-08-26,2024-08-26,2026-08-12T13:29:33.699965,loans.csv
8683,2639,86,2023-03-14,2023-04-04,2023-05-16,2026-08-12T13:29:33.699965,loans.csv
674,614,17,2024-02-28,2024-03-13,2024-03-18,2026-08-12T13:29:33.699965,loans.csv
2846,646,1,2020-11-17,2020-12-01,2020-12-03,2026-08-12T13:29:33.699965,loans.csv
6032,2192,1,2022-06-12,2022-06-26,2022-07-11,2026-08-12T13:29:33.699965,loans.csv
1704,268,5,2024-09-15,2024-09-29,2024-09-27,2026-08-12T13:29:33.699965,loans.csv
1165,2456,2,2024-01-14,2024-01-28,2024-01-19,2026-08-12T13:29:33.699965,loans.csv
8921,2577,1,2023-01-09,2023-01-23,2023-01-30,2026-08-12T13:29:33.699965,loans.csv
5238,133,1,2022-07-07,2022-07-21,2022-07-11,2026-08-12T13:29:33.699965,loans.csv
5077,2733,4,2024-06-16,2024-06-30,2024-06-20,2026-08-12T13:29:33.699965,loans.csv
5185,2012,18,2022-05-04,2022-05-18,2022-05-14,2026-08-12T13:29:33.699965,loans.csv
8187,861,1,2024-07-23,2024-08-06,2024-08-11,2026-08-12T13:29:33.699965,loans.csv
4013,1955,1,2022-06-22,2022-07-06,2022-07-02,2026-08-12T13:29:33.699965,loans.csv
4627,1329,4,2024-10-31,2024-11-14,,2026-08-12T13:29:33.699965,loans.csv
8298,57,2,2022-12-15,2022-12-29,2022-12-29,2026-08-12T13:29:33.699965,loans.csv
7667,888,40,2023-11-14,2023-11-28,2023-12-02,2026-08-12T13:29:33.699965,loans.csv
6037,1137,1,2024-09-16,2024-09-30,2024-09-17,2026-08-12T13:29:33.699965,loans.csv
2672,2747,4,2023-09-02,2023-09-16,2023-09-17,2026-08-12T13:29:33.699965,loans.csv
7450,1473,30,2023-07-10,2023-07-24,2023-07-22,2026-08-12T13:29:33.699965,loans.csv
1921,1607,29,2023-06-13,2023-06-27,2023-06-23,2026-08-12T13:29:33.699965,loans.csv
1690,943,1,2023-12-16,2023-12-30,2024-01-04,2026-08-12T13:29:33.699965,loans.csv
9155,368,9,2020-11-12,2020-11-26,2020-11-24,2026-08-12T13:29:33.699965,loans.csv
4609,934,1,2021-04-25,2021-05-09,2021-05-12,2026-08-12T13:29:33.699965,loans.csv
4378,1448,7,2022-11-29,2022-12-13,2022-12-17,2026-08-12T13:29:33.699965,loans.csv
7991,459,5,2020-08-13,2020-08-27,2020-08-19,2026-08-12T13:29:33.699965,loans.csv
5916,675,25,2023-06-19,2023-07-10,2023-07-01,2026-08-12T13:29:33.699965,loans.csv
3534,105,27,2024-04-21,2024-05-05,2024-04-22,2026-08-12T13:29:33.699965,loans.csv
8240,2526,2,2024-10-28,2024-11-11,2024-11-03,2026-08-12T13:29:33.699965,loans.csv
1136,2719,1,2024-04-28,2024-05-12,2024-05-08,2026-08-12T13:29:33.699965,loans.csv
8618,555,1,2024-06-14,2024-07-05,,2026-08-12T13:29:33.699965,loans.csv
3813,1005,1,2024-11-20,2024-12-04,2024-11-29,2026-08-12T13:29:33.699965,loans.csv
2353,2250,2,2023-10-20,2023-11-03,2023-11-02,2026-08-12T13:29:33.699965,loans.csv
7511,2144,32,2023-12-30,2024-01-13,2024-01-12,2026-08-12T13:29:33.699965,loans.csv
6752,2002,1,2022-08-12,2022-09-02,2022-08-25,2026-08-12T13:29:33.699965,loans.csv
2550,982,1,2020-01-02,2020-01-16,2020-02-10,2026-08-12T13:29:33.699965,loans.csv
448,205,1,2024-06-12,2024-06-26,2024-07-02,2026-08-12T13:29:33.699965,loans.csv
9173,954,2,2023-02-24,2023-03-10,2023-02-25,2026-08-12T13:29:33.699965,loans.csv
4783,2572,10,2024-01-18,2024-02-01,2024-02-04,2026-08-12T13:29:33.699965,loans.csv
9100,1778,23,2024-07-15,2024-08-05,2024-09-13,2026-08-12T13:29:33.699965,loans.csv
6670,24,1,2023-10-21,2023-11-11,2023-10-27,2026-08-12T13:29:33.699965,loans.csv
1933,49,1,2024-02-13,2024-02-27,2024-03-18,2026-08-12T13:29:33.699965,loans.csv
6728,1532,1,2024-04-21,2024-05-05,2024-04-25,2026-08-12T13:29:33.699965,loans.csv
98,2528,1,2024-09-06,2024-09-27,2024-09-12,2026-08-12T13:29:33.699965,loans.csv
194,2240,1,2024-11-13,2024-11-27,2024-12-04,2026-08-12T13:29:33.699965,loans.csv
4659,461,2,2022-12-08,2022-12-22,2022-12-11,2026-08-12T13:29:33.699965,loans.csv
6399,930,1,2024-06-18,2024-07-02,2024-06-24,2026-08-12T13:29:33.699965,loans.csv
7818,2250,1,2024-01-26,2024-02-16,2024-02-22,2026-08-12T13:29:33.699965,loans.csv
1262,1961,16,2024-09-01,2024-09-15,2024-09-12,2026-08-12T13:29:33.699965,loans.csv
4448,2009,1,2024-07-23,2024-08-06,2024-07-31,2026-08-12T13:29:33.699965,loans.csv
6427,551,1,2021-12-03,2021-12-17,2021-12-17,2026-08-12T13:29:33.699965,loans.csv
4149,2030,1,2023-06-20,2023-07-04,2023-07-10,2026-08-12T13:29:33.699965,loans.csv
5471,2701,3,2021-07-02,2021-07-16,2021-07-16,2026-08-12T13:29:33.699965,loans.csv
5068,2268,6,2024-05-11,2024-05-25,2024-05-16,2026-08-12T13:29:33.699965,loans.csv
8957,636,1,2020-01-31,2020-02-14,,2026-08-12T13:29:33.699965,loans.csv
3617,1088,2,2021-08-16,2021-08-30,2021-08-24,2026-08-12T13:29:33.699965,loans.csv
8475,2263,42,2021-08-11,2021-08-25,2021-08-29,2026-08-12T13:29:33.699965,loans.csv
3961,479,5,2020-07-09,2020-07-23,2020-07-28,2026-08-12T13:29:33.699965,loans.csv
7244,655,8,2022-05-11,2022-05-25,2022-05-26,2026-08-12T13:29:33.699965,loans.csv
51,1047,4,2022-12-15,2023-01-05,2023-01-02,2026-08-12T13:29:33.699965,loans.csv
4694,2483,1,2024-08-14,2024-09-04,2024-08-30,2026-08-12T13:29:33.699965,loans.csv
4524,2196,22,2023-09-30,2023-10-14,2023-10-11,2026-08-12T13:29:33.699965,loans.csv
1654,1461,2,2024-11-06,2024-11-20,2024-11-15,2026-08-12T13:29:33.699965,loans.csv
2146,2147,8,2022-02-17,2022-03-03,2022-02-25,2026-08-12T13:29:33.699965,loans.csv
3533,1509,2,2020-12-17,2020-12-31,2021-01-07,2026-08-12T13:29:33.699965,loans.csv
7530,1501,3,2022-03-04,2022-03-18,2022-03-09,2026-08-12T13:29:33.699965,loans.csv
4235,2352,1,2022-12-23,2023-01-06,2022-12-31,2026-08-12T13:29:33.699965,loans.csv
7154,2650,12,2021-05-26,2021-06-09,2021-05-31,2026-08-12T13:29:33.699965,loans.csv
3375,547,2,2023-02-18,2023-03-04,,2026-08-12T13:29:33.699965,loans.csv
9540,1748,4,2022-04-23,2022-05-07,2022-05-02,2026-08-12T13:29:33.699965,loans.csv
6057,1631,3,2022-11-18,2022-12-02,2022-12-20,2026-08-12T13:29:33.699965,loans.csv
6747,117,1,2024-03-31,2024-04-14,2024-04-03,2026-08-12T13:29:33.699965,loans.csv
9215,1595,2,2024-10-04,2024-10-18,2024-10-14,2026-08-12T13:29:33.699965,loans.csv
6415,1225,4,2020-11-14,2020-11-28,2020-11-16,2026-08-12T13:29:33.699965,loans.csv
2090,1167,1,2024-11-30,2024-12-14,2024-12-17,2026-08-12T13:29:33.699965,loans.csv
8328,930,9,2024-10-13,2024-10-27,2024-10-28,2026-08-12T13:29:33.699965,loans.csv
1414,1105,2,2024-08-05,2024-08-19,2024-08-23,2026-08-12T13:29:33.699965,loans.csv
1154,1685,1,2022-11-18,2022-12-02,2022-12-01,2026-08-12T13:29:33.699965,loans.csv
6386,2510,5,2020-11-06,2020-11-20,2020-11-11,2026-08-12T13:29:33.699965,loans.csv
1794,572,3,2023-04-19,2023-05-03,2023-06-15,2026-08-12T13:29:33.699965,loans.csv
3863,2430,1,2024-08-12,2024-08-26,,2026-08-12T13:29:33.699965,loans.csv
7471,2291,43,2024-07-24,2024-08-07,2024-08-10,2026-08-12T13:29:33.699965,loans.csv
6413,2109,1,2022-07-10,2022-07-24,2022-07-27,2026-08-12T13:29:33.699965,loans.csv
1575,2260,12,2021-07-02,2021-07-16,2021-07-07,2026-08-12T13:29:33.699965,loans.csv
663,1912,1,2024-05-01,2024-05-15,,2026-08-12T13:29:33.699965,loans.csv
4484,2786,12,2021-04-28,2021-05-12,2021-05-16,2026-08-12T13:29:33.699965,loans.csv
6803,456,2,2020-08-27,2020-09-10,2020-09-08,2026-08-12T13:29:33.699965,loans.csv
1525,2116,1,2024-10-08,2024-10-29,2024-10-11,2026-08-12T13:29:33.699965,loans.csv
6630,2294,7,2022-09-12,2022-09-26,2022-09-18,2026-08-12T13:29:33.699965,loans.csv
8854,549,1,2024-11-21,2024-12-05,2024-11-27,2026-08-12T13:29:33.699965,loans.csv
304,2688,6,2024-02-24,2024-03-09,2024-03-04,2026-08-12T13:29:33.699965,loans.csv
4409,936,108,2024-01-03,2024-01-17,,2026-08-12T13:29:33.699965,loans.csv
3958,266,7,2023-11-02,2023-11-16,2023-11-22,2026-08-12T13:29:33.699965,loans.csv
7909,2424,1,2022-05-04,2022-05-18,2022-05-22,2026-08-12T13:29:33.699965,loans.csv
8470,2109,5,2024-12-25,2025-01-08,,2026-08-12T13:29:33.699965,loans.csv
7588,1147,1,2024-09-23,2024-10-07,2024-09-28,2026-08-12T13:29:33.699965,loans.csv
4960,871,20,2024-05-04,2024-05-18,2024-05-11,2026-08-12T13:29:33.699965,loans.csv
942,1998,1,2024-02-26,2024-03-11,2024-02-29,2026-08-12T13:29:33.699965,loans.csv
823,2708,1,2022-09-25,2022-10-09,2022-10-14,2026-08-12T13:29:33.699965,loans.csv
8787,525,58,2024-12-13,2024-12-27,,2026-08-12T13:29:33.699965,loans.csv
7363,1341,3,2022-04-17,2022-05-08,2022-04-21,2026-08-12T13:29:33.699965,loans.csv
5000,1809,2,2021-09-13,2021-09-27,2021-09-30,2026-08-12T13:29:33.699965,loans.csv
6967,1889,6,2022-08-08,2022-08-22,2022-08-12,2026-08-12T13:29:33.699965,loans.csv
472,807,1,2023-07-29,2023-08-12,2023-08-15,2026-08-12T13:29:33.699965,loans.csv
6465,2472,6,2023-12-09,2023-12-23,2023-12-19,2026-08-12T13:29:33.699965,loans.csv
7304,1809,1,2020-12-24,2021-01-07,2021-01-09,2026-08-12T13:29:33.699965,loans.csv
1777,836,1,2024-05-16,2024-05-30,,2026-08-12T13:29:33.699965,loans.csv
3288,1344,10,2023-11-09,2023-11-23,2023-11-26,2026-08-12T13:29:33.699965,loans.csv
3496,1202,1,2022-04-24,2022-05-08,,2026-08-12T13:29:33.699965,loans.csv
5129,2173,5,2022-12-22,2023-01-05,2022-12-24,2026-08-12T13:29:33.699965,loans.csv
1022,1360,4,2024-08-01,2024-08-15,2024-08-02,2026-08-12T13:29:33.699965,loans.csv
5056,1834,3,2024-05-11,2024-05-25,2024-05-23,2026-08-12T13:29:33.699965,loans.csv
6656,657,1,2023-06-09,2023-06-23,2023-06-20,2026-08-12T13:29:33.699965,loans.csv
6456,2373,1,2024-03-09,2024-03-30,2024-03-27,2026-08-12T13:29:33.699965,loans.csv
9255,1169,1,2024-09-13,2024-09-27,2024-09-25,2026-08-12T13:29:33.699965,loans.csv
6989,527,1,2023-07-13,2023-07-27,2023-07-24,2026-08-12T13:29:33.699965,loans.csv
5190,2374,5,2023-09-14,2023-09-28,2023-10-05,2026-08-12T13:29:33.699965,loans.csv
1681,1330,127,2024-02-07,2024-02-21,2024-02-11,2026-08-12T13:29:33.699965,loans.csv
8598,1879,6,2022-08-17,2022-09-07,2022-09-04,2026-08-12T13:29:33.699965,loans.csv
7893,1411,17,2021-11-21,2021-12-05,2021-12-01,2026-08-12T13:29:33.699965,loans.csv
821,1514,1,2023-07-01,2023-07-15,2023-07-14,2026-08-12T13:29:33.699965,loans.csv
6089,935,3,2024-03-09,2024-03-23,2024-03-19,2026-08-12T13:29:33.699965,loans.csv
3515,1899,2,2024-07-17,2024-07-31,2024-07-30,2026-08-12T13:29:33.699965,loans.csv
3127,1330,1,2024-03-22,2024-04-05,2024-04-06,2026-08-12T13:29:33.699965,loans.csv
5892,1928,2,2022-07-20,2022-08-03,2022-07-27,2026-08-12T13:29:33.699965,loans.csv
8416,1845,23,2022-02-11,2022-02-25,2022-02-23,2026-08-12T13:29:33.699965,loans.csv
3476,2279,1,2020-12-30,2021-01-13,2021-01-02,2026-08-12T13:29:33.699965,loans.csv
8018,632,1,2024-08-18,2024-09-01,2024-08-22,2026-08-12T13:29:33.699965,loans.csv
2247,1195,57,2021-01-06,2021-01-20,,2026-08-12T13:29:33.699965,loans.csv
3552,1510,2,2023-01-25,2023-02-08,2023-02-11,2026-08-12T13:29:33.699965,loans.csv
3571,2119,17,2023-12-08,2023-12-22,2024-01-26,2026-08-12T13:29:33.699965,loans.csv
2246,1632,1,2023-07-21,2023-08-04,2023-07-24,2026-08-12T13:29:33.699965,loans.csv
6622,1350,5,2024-12-04,2024-12-18,2024-12-13,2026-08-12T13:29:33.699965,loans.csv
1746,674,1,2024-11-10,2024-11-24,2024-12-18,2026-08-12T13:29:33.699965,loans.csv
5704,2324,1,2021-05-14,2021-05-28,2021-05-16,2026-08-12T13:29:33.699965,loans.csv
1282,1799,1,2022-12-07,2022-12-21,2022-12-14,2026-08-12T13:29:33.699965,loans.csv
322,2359,1,2022-05-25,2022-06-15,2022-05-29,2026-08-12T13:29:33.699965,loans.csv
2735,1,12,2022-10-28,2022-11-11,2022-11-05,2026-08-12T13:29:33.699965,loans.csv
1444,124,6,2023-10-30,2023-11-20,2023-11-21,2026-08-12T13:29:33.699965,loans.csv
4326,2147,2,2023-12-27,2024-01-10,2024-01-13,2026-08-12T13:29:33.699965,loans.csv
5856,1962,1,2023-05-31,2023-06-14,2023-06-14,2026-08-12T13:29:33.699965,loans.csv
8567,1828,1,2024-07-08,2024-07-22,,2026-08-12T13:29:33.699965,loans.csv
5050,2589,1,2024-09-30,2024-10-14,2024-10-08,2026-08-12T13:29:33.699965,loans.csv
3042,2777,12,2024-12-12,2024-12-26,,2026-08-12T13:29:33.699965,loans.csv
4682,1606,1,2021-10-05,2021-10-19,2021-10-20,2026-08-12T13:29:33.699965,loans.csv
8535,615,1,2024-07-13,2024-07-27,2024-07-20,2026-08-12T13:29:33.699965,loans.csv
6167,1861,10,2024-07-25,2024-08-08,2024-08-14,2026-08-12T13:29:33.699965,loans.csv
2118,1097,1,2021-06-30,2021-07-14,,2026-08-12T13:29:33.699965,loans.csv
2380,1038,2,2024-01-10,2024-01-24,2024-01-16,2026-08-12T13:29:33.699965,loans.csv
4528,2018,1,2024-06-25,2024-07-16,2024-07-14,2026-08-12T13:29:33.699965,loans.csv
2820,1362,1,2024-08-29,2024-09-19,,2026-08-12T13:29:33.699965,loans.csv
3108,2227,2,2023-10-28,2023-11-11,2023-11-02,2026-08-12T13:29:33.699965,loans.csv
870,1763,1,2023-04-19,2023-05-03,2023-04-23,2026-08-12T13:29:33.699965,loans.csv
3122,898,3,2023-07-03,2023-07-17,2023-07-13,2026-08-12T13:29:33.699965,loans.csv
3414,2015,1,2023-08-07,2023-08-21,2023-08-14,2026-08-12T13:29:33.699965,loans.csv
5126,1181,1,2024-02-29,2024-03-14,2024-03-19,2026-08-12T13:29:33.699965,loans.csv
7899,2322,1,2024-06-12,2024-06-26,2024-06-18,2026-08-12T13:29:33.699965,loans.csv
8879,1087,45,2024-11-30,2024-12-14,2024-12-02,2026-08-12T13:29:33.699965,loans.csv
9109,802,10,2023-01-08,2023-01-22,2023-01-14,2026-08-12T13:29:33.699965,loans.csv
170,881,1,2023-09-17,2023-10-01,2023-09-19,2026-08-12T13:29:33.699965,loans.csv
8341,2277,1,2024-05-22,2024-06-05,2024-06-03,2026-08-12T13:29:33.699965,loans.csv
3022,2558,1,2021-11-19,2021-12-03,2021-12-09,2026-08-12T13:29:33.699965,loans.csv
2556,1703,1,2024-08-06,2024-08-27,2024-08-26,2026-08-12T13:29:33.699965,loans.csv
5465,2783,1,2024-07-28,2024-08-11,2024-08-01,2026-08-12T13:29:33.699965,loans.csv
8800,1077,4,2024-03-19,2024-04-02,2024-05-10,2026-08-12T13:29:33.699965,loans.csv
8478,1244,1,2023-07-16,2023-07-30,2023-07-17,2026-08-12T13:29:33.699965,loans.csv
8844,1521,1,2024-05-15,2024-05-29,2024-05-18,2026-08-12T13:29:33.699965,loans.csv
5728,934,1,2023-05-25,2023-06-08,2023-06-11,2026-08-12T13:29:33.699965,loans.csv
804,1043,92,2023-09-02,2023-09-16,2023-09-08,2026-08-12T13:29:33.699965,loans.csv
5053,2541,8,2020-04-05,2020-04-19,2020-04-23,2026-08-12T13:29:33.699965,loans.csv
3130,1051,3,2021-12-17,2021-12-31,2022-01-19,2026-08-12T13:29:33.699965,loans.csv
103,482,1,2024-02-15,2024-02-29,2024-02-17,2026-08-12T13:29:33.699965,loans.csv
2569,459,12,2022-09-25,2022-10-09,2022-11-06,2026-08-12T13:29:33.699965,loans.csv
9153,2119,4,2022-08-16,2022-08-30,2022-08-21,2026-08-12T13:29:33.699965,loans.csv
856,1729,1,2022-06-13,2022-06-27,2022-06-18,2026-08-12T13:29:33.699965,loans.csv
7211,1098,50,2021-09-01,2021-09-15,2021-09-03,2026-08-12T13:29:33.699965,loans.csv
9402,309,2,2023-02-21,2023-03-07,,2026-08-12T13:29:33.699965,loans.csv
4071,1483,3,2023-10-27,2023-11-10,,2026-08-12T13:29:33.699965,loans.csv
8532,2577,3,2023-06-03,2023-06-17,2023-06-10,2026-08-12T13:29:33.699965,loans.csv
8824,2378,9,2022-04-06,2022-04-20,2022-04-19,2026-08-12T13:29:33.699965,loans.csv
8024,958,98,2021-07-27,2021-08-10,2021-08-07,2026-08-12T13:29:33.699965,loans.csv
518,1529,62,2023-09-27,2023-10-11,2023-10-03,2026-08-12T13:29:33.699965,loans.csv
6435,58,2,2024-04-04,2024-04-18,2024-04-14,2026-08-12T13:29:33.699965,loans.csv
4787,373,1,2024-07-02,2024-07-16,,2026-08-12T13:29:33.699965,loans.csv
9606,591,2,2024-09-06,2024-09-20,2024-09-11,2026-08-12T13:29:33.699965,loans.csv
8544,2690,7,2024-11-14,2024-11-28,2024-11-16,2026-08-12T13:29:33.699965,loans.csv
3632,1722,2,2022-02-19,2022-03-05,2022-02-25,2026-08-12T13:29:33.699965,loans.csv
114,2106,2,2021-10-19,2021-11-09,2021-10-28,2026-08-12T13:29:33.699965,loans.csv
6281,1244,1,2020-07-18,2020-08-01,,2026-08-12T13:29:33.699965,loans.csv
7144,347,10,2024-02-03,2024-02-17,2024-02-16,2026-08-12T13:29:33.699965,loans.csv
3396,1423,1,2024-05-15,2024-05-29,,2026-08-12T13:29:33.699965,loans.csv
4918,1482,1,2024-08-14,2024-08-28,2024-08-24,2026-08-12T13:29:33.699965,loans.csv
4032,1369,6,2024-09-22,2024-10-06,,2026-08-12T13:29:33.699965,loans.csv
6529,1962,3,2023-02-05,2023-02-19,2023-02-26,2026-08-12T13:29:33.699965,loans.csv
43,452,17,2021-01-05,2021-01-19,2021-01-21,2026-08-12T13:29:33.699965,loans.csv
4045,1276,1,2024-12-24,2025-01-14,,2026-08-12T13:29:33.699965,loans.csv
8551,2416,5,2024-08-04,2024-08-18,2024-08-24,2026-08-12T13:29:33.699965,loans.csv
3845,444,5,2022-11-04,2022-11-18,2022-11-05,2026-08-12T13:29:33.699965,loans.csv
3804,2799,1,2020-10-14,2020-10-28,2020-11-03,2026-08-12T13:29:33.699965,loans.csv
3024,2520,1,2022-05-30,2022-06-13,2022-05-31,2026-08-12T13:29:33.699965,loans.csv
5356,805,1,2020-11-15,2020-11-29,2020-11-24,2026-08-12T13:29:33.699965,loans.csv
1738,2209,1,2024-10-24,2024-11-14,2024-11-09,2026-08-12T13:29:33.699965,loans.csv
1181,641,1,2023-10-06,2023-10-20,2023-10-16,2026-08-12T13:29:33.699965,loans.csv
1014,2029,1,2021-10-27,2021-11-17,2021-11-05,2026-08-12T13:29:33.699965,loans.csv
3395,1210,17,2020-12-28,2021-01-11,2021-01-07,2026-08-12T13:29:33.699965,loans.csv
6828,2340,3,2022-08-18,2022-09-08,2022-09-02,2026-08-12T13:29:33.699965,loans.csv
7834,1116,2,2024-07-29,2024-08-12,2024-08-17,2026-08-12T13:29:33.699965,loans.csv
4453,380,17,2022-04-29,2022-05-13,2022-05-03,2026-08-12T13:29:33.699965,loans.csv
3801,1734,1,2023-10-13,2023-10-27,2023-10-24,2026-08-12T13:29:33.699965,loans.csv
329,2086,11,2020-12-08,2020-12-22,2020-12-16,2026-08-12T13:29:33.699965,loans.csv
7715,2755,29,2022-03-15,2022-04-05,,2026-08-12T13:29:33.699965,loans.csv
2212,1210,17,2023-07-07,2023-07-21,,2026-08-12T13:29:33.699965,loans.csv
6623,1519,4,2023-10-29,2023-11-12,2023-11-13,2026-08-12T13:29:33.699965,loans.csv
5660,404,5,2024-01-01,2024-01-15,2024-01-12,2026-08-12T13:29:33.699965,loans.csv
590,2563,1,2020-08-06,2020-08-20,2020-08-18,2026-08-12T13:29:33.699965,loans.csv
5800,2732,8,2024-10-19,2024-11-02,2024-11-02,2026-08-12T13:29:33.699965,loans.csv
6642,2396,1,2022-08-01,2022-08-22,2022-08-25,2026-08-12T13:29:33.699965,loans.csv
2407,1684,1,2024-05-07,2024-05-21,2024-05-28,2026-08-12T13:29:33.699965,loans.csv
6111,2619,2,2024-12-09,2024-12-23,2025-01-05,2026-08-12T13:29:33.699965,loans.csv
3695,2190,1,2020-11-18,2020-12-02,2020-11-20,2026-08-12T13:29:33.699965,loans.csv
6554,270,1,2024-04-26,2024-05-10,2024-04-29,2026-08-12T13:29:33.699965,loans.csv
1996,146,5,2024-12-26,2025-01-09,,2026-08-12T13:29:33.699965,loans.csv
8042,1152,1,2023-12-19,2024-01-02,2024-01-03,2026-08-12T13:29:33.699965,loans.csv
7007,2217,1,2021-03-16,2021-04-06,2021-03-24,2026-08-12T13:29:33.699965,loans.csv
7866,2092,4,2023-12-26,2024-01-09,2023-12-31,2026-08-12T13:29:33.699965,loans.csv
2199,378,15,2020-08-31,2020-09-14,2020-09-05,2026-08-12T13:29:33.699965,loans.csv
2857,40,1,2024-01-27,2024-02-10,2024-02-15,2026-08-12T13:29:33.699965,loans.csv
800,103,156,2023-11-05,2023-11-19,2023-11-15,2026-08-12T13:29:33.699965,loans.csv
9304,2072,9,2024-09-17,2024-10-01,2024-11-08,2026-08-12T13:29:33.699965,loans.csv
9056,1632,9,2024-07-22,2024-08-05,2024-07-29,2026-08-12T13:29:33.699965,loans.csv
1565,2377,2,2024-07-16,2024-07-30,2024-07-21,2026-08-12T13:29:33.699965,loans.csv
2799,1346,7,2024-08-14,2024-08-28,2024-09-01,2026-08-12T13:29:33.699965,loans.csv
7245,907,2,2024-05-01,2024-05-15,2024-05-08,2026-08-12T13:29:33.699965,loans.csv
1471,2086,2,2021-03-22,2021-04-05,2021-03-27,2026-08-12T13:29:33.699965,loans.csv
3228,1846,1,2021-09-21,2021-10-12,2021-09-25,2026-08-12T13:29:33.699965,loans.csv
7374,1801,1,2022-03-26,2022-04-09,2022-04-03,2026-08-12T13:29:33.699965,loans.csv
5804,1616,4,2023-10-26,2023-11-09,2023-12-24,2026-08-12T13:29:33.699965,loans.csv
262,1781,6,2020-11-20,2020-12-04,2020-11-30,2026-08-12T13:29:33.699965,loans.csv
164,1295,3,2022-05-08,2022-05-22,2022-05-20,2026-08-12T13:29:33.699965,loans.csv
6310,302,6,2024-11-30,2024-12-14,2024-12-11,2026-08-12T13:29:33.699965,loans.csv
1411,1882,4,2023-07-03,2023-07-24,2023-07-09,2026-08-12T13:29:33.699965,loans.csv
4957,2520,1,2024-05-08,2024-05-02,2024-05-15,2026-08-12T13:29:33.699965,loans.csv
728,862,44,2024-02-09,2024-02-23,2024-02-26,2026-08-12T13:29:33.699965,loans.csv
8096,113,1,2023-05-19,2023-06-02,2023-05-26,2026-08-12T13:29:33.699965,loans.csv
6040,403,2,2023-12-17,2023-12-31,2024-01-05,2026-08-12T13:29:33.699965,loans.csv
1223,1660,2,2023-01-20,2023-02-03,2023-02-01,2026-08-12T13:29:33.699965,loans.csv
6749,356,2,2024-11-07,2024-11-28,2024-11-12,2026-08-12T13:29:33.699965,loans.csv
7026,979,14,2021-05-09,2021-05-23,2021-05-12,2026-08-12T13:29:33.699965,loans.csv
8593,1835,1,2023-08-02,2023-08-16,2023-08-10,2026-08-12T13:29:33.699965,loans.csv
6137,881,1,2022-05-18,2022-06-01,2022-05-23,2026-08-12T13:29:33.699965,loans.csv
8281,2240,4,2024-07-26,2024-08-09,2024-07-30,2026-08-12T13:29:33.699965,loans.csv
2767,1695,1,2021-05-11,2021-05-25,2021-05-22,2026-08-12T13:29:33.699965,loans.csv
6963,2786,13,2023-05-18,2023-06-08,,2026-08-12T13:29:33.699965,loans.csv
2499,1865,27,2024-06-06,2024-06-20,2024-06-22,2026-08-12T13:29:33.699965,loans.csv
6222,2247,3,2024-05-12,2024-05-26,2024-05-20,2026-08-12T13:29:33.699965,loans.csv
8337,2023,5,2023-09-25,2023-10-09,2023-10-09,2026-08-12T13:29:33.699965,loans.csv
9593,336,6,2023-05-28,2023-06-11,2023-06-07,2026-08-12T13:29:33.699965,loans.csv
5488,260,5,2021-08-09,2021-08-23,2021-08-29,2026-08-12T13:29:33.699965,loans.csv
4690,2086,1,2021-06-18,2021-07-02,2021-07-08,2026-08-12T13:29:33.699965,loans.csv
4542,2152,1,2023-03-25,2023-04-08,2023-03-27,2026-08-12T13:29:33.699965,loans.csv
785,1387,30,2023-07-06,2023-07-20,2023-07-11,2026-08-12T13:29:33.699965,loans.csv
8445,107,3,2022-06-24,2022-07-08,2022-07-02,2026-08-12T13:29:33.699965,loans.csv
8165,671,39,2024-03-28,2024-04-11,2024-04-18,2026-08-12T13:29:33.699965,loans.csv
4980,873,4,2022-06-13,2022-06-27,2022-06-28,2026-08-12T13:29:33.699965,loans.csv
7132,205,2,2024-07-28,2024-08-11,2024-07-31,2026-08-12T13:29:33.699965,loans.csv
1353,276,1,2023-10-04,2023-10-18,2023-10-17,2026-08-12T13:29:33.699965,loans.csv
1431,2379,8,2024-08-27,2024-09-10,2024-09-11,2026-08-12T13:29:33.699965,loans.csv
6690,1161,1,2024-09-06,2024-09-27,2024-10-04,2026-08-12T13:29:33.699965,loans.csv
7604,2610,1,2021-09-21,2021-10-05,2021-10-09,2026-08-12T13:29:33.699965,loans.csv
9381,363,1,2022-04-19,2022-05-03,2022-04-20,2026-08-12T13:29:33.699965,loans.csv
4727,572,9,2023-08-23,2023-09-06,2023-08-31,2026-08-12T13:29:33.699965,loans.csv
1439,2351,3,2022-10-28,2022-11-11,2022-11-01,2026-08-12T13:29:33.699965,loans.csv
6810,1991,1,2021-11-09,2021-11-23,2021-11-30,2026-08-12T13:29:33.699965,loans.csv
4395,24,1,2024-09-01,2024-08-31,2024-09-20,2026-08-12T13:29:33.699965,loans.csv
5387,2344,7,2024-01-25,2024-02-08,2024-02-11,2026-08-12T13:29:33.699965,loans.csv
7784,369,2,2024-07-21,2024-08-04,2024-07-31,2026-08-12T13:29:33.699965,loans.csv
6328,2436,12,2024-06-24,2024-07-08,2024-07-11,2026-08-12T13:29:33.699965,loans.csv
1810,168,3,2020-09-05,2020-09-26,2020-09-12,2026-08-12T13:29:33.699965,loans.csv
8832,50,1,2024-11-18,2024-12-09,2024-11-28,2026-08-12T13:29:33.699965,loans.csv
8389,1760,1,2020-11-05,2020-11-19,,2026-08-12T13:29:33.699965,loans.csv
7577,400,24,2024-05-24,2024-06-07,2024-06-06,2026-08-12T13:29:33.699965,loans.csv
3511,1739,1,2024-10-02,2024-10-16,2024-10-04,2026-08-12T13:29:33.699965,loans.csv
808,2567,7,2024-12-14,2024-12-28,,2026-08-12T13:29:33.699965,loans.csv
3993,2198,1,2024-02-04,2024-02-18,,2026-08-12T13:29:33.699965,loans.csv
3484,2305,1,2023-02-28,2023-03-14,2023-03-15,2026-08-12T13:29:33.699965,loans.csv
7646,452,4,2020-08-17,2020-08-31,,2026-08-12T13:29:33.699965,loans.csv
958,79,1,2024-11-30,2024-12-14,2024-12-16,2026-08-12T13:29:33.699965,loans.csv
4403,1390,12,2020-05-14,2020-05-28,2020-05-15,2026-08-12T13:29:33.699965,loans.csv
1923,2035,1,2022-07-05,2022-07-19,2022-07-24,2026-08-12T13:29:33.699965,loans.csv
1289,897,28,2023-05-31,2023-06-14,2023-06-02,2026-08-12T13:29:33.699965,loans.csv
242,1319,3,2023-12-26,2024-01-09,2024-01-02,2026-08-12T13:29:33.699965,loans.csv
6543,1302,1,2021-08-13,2021-08-27,,2026-08-12T13:29:33.699965,loans.csv
168,462,4,2022-10-10,2022-10-24,2022-10-29,2026-08-12T13:29:33.699965,loans.csv
5695,2420,2,2024-04-16,2024-04-08,2024-05-05,2026-08-12T13:29:33.699965,loans.csv
3911,1864,2,2023-01-12,2023-01-26,2023-01-20,2026-08-12T13:29:33.699965,loans.csv
2432,2618,1,2023-04-30,2023-05-14,,2026-08-12T13:29:33.699965,loans.csv
493,1321,1,2024-05-11,2024-05-25,2024-05-30,2026-08-12T13:29:33.699965,loans.csv
8288,1723,19,2024-12-14,2024-12-28,,2026-08-12T13:29:33.699965,loans.csv
1806,2510,1,2024-09-11,2024-09-25,2024-09-30,2026-08-12T13:29:33.699965,loans.csv
6136,1594,1,2022-10-26,2022-11-09,,2026-08-12T13:29:33.699965,loans.csv
8151,776,6,2024-12-21,2025-01-04,,2026-08-12T13:29:33.699965,loans.csv
435,1792,1,2021-04-08,2021-04-22,2021-04-12,2026-08-12T13:29:33.699965,loans.csv
620,195,1,2023-04-16,2023-04-30,2023-04-17,2026-08-12T13:29:33.699965,loans.csv
8960,2371,17,2024-11-14,2024-11-28,2024-12-03,2026-08-12T13:29:33.699965,loans.csv
8818,1112,1,2021-03-13,2021-03-27,2021-03-23,2026-08-12T13:29:33.699965,loans.csv
9613,1522,8,2021-11-24,2021-12-08,2021-12-05,2026-08-12T13:29:33.699965,loans.csv
7384,2190,1,2024-05-04,2024-05-18,2024-05-13,2026-08-12T13:29:33.699965,loans.csv
7538,1761,1,2024-03-23,2024-04-06,2024-04-07,2026-08-12T13:29:33.699965,loans.csv
2144,212,3,2024-10-16,2024-10-30,,2026-08-12T13:29:33.699965,loans.csv
2075,2732,6,2024-10-17,2024-10-31,2024-10-21,2026-08-12T13:29:33.699965,loans.csv
6966,979,79,2023-10-13,2023-10-27,2023-10-22,2026-08-12T13:29:33.699965,loans.csv
8843,714,1,2023-09-24,2023-10-08,2023-10-12,2026-08-12T13:29:33.699965,loans.csv
8728,398,1,2024-12-01,2024-12-15,2024-12-06,2026-08-12T13:29:33.699965,loans.csv
563,996,1,2023-02-28,2023-03-14,2023-03-12,2026-08-12T13:29:33.699965,loans.csv
6472,1052,1,2024-10-24,2024-11-07,2024-11-13,2026-08-12T13:29:33.699965,loans.csv
5536,1790,1,2024-03-07,2024-03-21,2024-03-15,2026-08-12T13:29:33.699965,loans.csv
5807,1350,135,2021-06-04,2021-06-18,2021-06-23,2026-08-12T13:29:33.699965,loans.csv
4382,80,8,2022-04-21,2022-05-05,2022-05-30,2026-08-12T13:29:33.699965,loans.csv
7349,366,1,2024-06-03,2024-06-17,2024-06-14,2026-08-12T13:29:33.699965,loans.csv
3568,368,3,2022-09-25,2022-10-09,2022-09-29,2026-08-12T13:29:33.699965,loans.csv
795,1462,1,2021-04-27,2021-05-11,2021-05-11,2026-08-12T13:29:33.699965,loans.csv
4454,1836,21,2022-12-07,2022-12-21,2022-12-16,2026-08-12T13:29:33.699965,loans.csv
1812,242,1,2023-05-15,2023-06-05,2023-05-29,2026-08-12T13:29:33.699965,loans.csv
2706,277,5,2024-05-19,2024-06-02,2024-05-23,2026-08-12T13:29:33.699965,loans.csv
4931,2614,1,2022-12-04,2022-12-18,2022-12-08,2026-08-12T13:29:33.699965,loans.csv
1821,1739,1,2024-12-24,2025-01-07,,2026-08-12T13:29:33.699965,loans.csv
3242,1046,25,2020-08-24,2020-09-07,2020-08-25,2026-08-12T13:29:33.699965,loans.csv
6143,2623,5,2022-10-24,2022-11-07,,2026-08-12T13:29:33.699965,loans.csv
3700,1482,3,2024-04-05,2024-04-19,,2026-08-12T13:29:33.699965,loans.csv
6450,1494,8,2024-11-22,2024-12-06,2024-11-24,2026-08-12T13:29:33.699965,loans.csv
6114,2658,1,2024-01-13,2024-01-27,,2026-08-12T13:29:33.699965,loans.csv
1739,955,12,2024-02-09,2024-02-23,2024-02-22,2026-08-12T13:29:33.699965,loans.csv
8757,59,6,2024-09-19,2024-10-03,2024-09-30,2026-08-12T13:29:33.699965,loans.csv
7166,1847,4,2024-12-04,2024-12-18,2024-12-14,2026-08-12T13:29:33.699965,loans.csv
6020,1085,6,2023-11-18,2023-12-02,2023-11-21,2026-08-12T13:29:33.699965,loans.csv
6245,762,1,2024-10-08,2024-10-22,,2026-08-12T13:29:33.699965,loans.csv
4478,691,1,2024-04-17,2024-05-01,2024-06-06,2026-08-12T13:29:33.699965,loans.csv
4327,2198,3,2022-06-27,2022-07-11,2022-07-28,2026-08-12T13:29:33.699965,loans.csv
1966,2305,74,2024-08-02,2024-08-16,2024-08-13,2026-08-12T13:29:33.699965,loans.csv
3121,2164,5,2023-04-20,2023-05-04,2023-05-08,2026-08-12T13:29:33.699965,loans.csv
3135,105,40,2024-03-23,2024-04-06,2024-05-15,2026-08-12T13:29:33.699965,loans.csv
3479,227,1,2024-04-09,2024-04-23,2024-04-15,2026-08-12T13:29:33.699965,loans.csv
193,790,1,2024-03-27,2024-04-17,2024-04-10,2026-08-12T13:29:33.699965,loans.csv
4876,2336,10,2023-12-05,2023-12-19,,2026-08-12T13:29:33.699965,loans.csv
3594,2001,1,2024-07-10,2024-07-24,2024-07-11,2026-08-12T13:29:33.699965,loans.csv
631,2268,10,2022-02-28,2022-03-14,2022-03-07,2026-08-12T13:29:33.699965,loans.csv
7213,305,6,2020-07-24,2020-08-07,2020-08-01,2026-08-12T13:29:33.699965,loans.csv
5844,2453,14,2024-12-04,2024-12-18,2024-12-14,2026-08-12T13:29:33.699965,loans.csv
2268,452,3,2021-04-06,2021-04-20,2021-04-13,2026-08-12T13:29:33.699965,loans.csv
3487,693,8,2020-08-23,2020-09-06,2020-08-30,2026-08-12T13:29:33.699965,loans.csv
7421,405,6,2024-10-22,2024-11-05,2024-11-02,2026-08-12T13:29:33.699965,loans.csv
4537,1811,35,2021-03-22,2021-04-05,2021-04-06,2026-08-12T13:29:33.699965,loans.csv
7179,1946,1,2024-10-28,2024-11-18,2024-11-20,2026-08-12T13:29:33.699965,loans.csv
573,2639,1,2020-03-30,2020-04-13,2020-04-04,2026-08-12T13:29:33.699965,loans.csv
252,666,85,2022-07-06,2022-07-20,,2026-08-12T13:29:33.699965,loans.csv
1252,2791,2,2022-11-27,2022-12-11,2022-12-01,2026-08-12T13:29:33.699965,loans.csv
8853,2469,3,2023-05-01,2023-05-15,2023-05-04,2026-08-12T13:29:33.699965,loans.csv
2855,1534,36,2022-08-31,2022-09-14,2022-09-19,2026-08-12T13:29:33.699965,loans.csv
7817,1015,1,2020-09-16,2020-09-30,2020-10-05,2026-08-12T13:29:33.699965,loans.csv
3557,1867,41,2024-08-29,2024-09-19,2024-09-04,2026-08-12T13:29:33.699965,loans.csv
7272,1529,2,2024-02-05,2024-02-19,2024-02-11,2026-08-12T13:29:33.699965,loans.csv
5302,1450,2,2022-06-09,2022-06-23,,2026-08-12T13:29:33.699965,loans.csv
969,1729,1,2024-07-28,2024-08-11,2024-08-03,2026-08-12T13:29:33.699965,loans.csv
8687,1862,2,2021-08-10,2021-08-24,2021-08-25,2026-08-12T13:29:33.699965,loans.csv
8697,98,25,2024-10-20,2024-11-10,2024-11-15,2026-08-12T13:29:33.699965,loans.csv
4704,1095,2,2024-05-28,2024-06-11,2024-06-06,2026-08-12T13:29:33.699965,loans.csv
1221,1405,1,2023-04-03,2023-04-17,2023-04-07,2026-08-12T13:29:33.699965,loans.csv
5117,2694,16,2022-12-10,2022-12-24,2022-12-24,2026-08-12T13:29:33.699965,loans.csv
3688,222,2,2024-09-10,2024-10-01,2024-09-20,2026-08-12T13:29:33.699965,loans.csv
6607,1264,1,2022-03-04,2022-03-18,2022-03-24,2026-08-12T13:29:33.699965,loans.csv
1994,212,2,2024-07-10,2024-07-24,2024-07-14,2026-08-12T13:29:33.699965,loans.csv
7283,680,1,2024-03-16,2024-03-30,2024-03-28,2026-08-12T13:29:33.699965,loans.csv
3628,1306,1,2021-03-18,2021-04-01,2021-04-05,2026-08-12T13:29:33.699965,loans.csv
5280,1997,1,2024-10-22,2024-11-12,2024-11-11,2026-08-12T13:29:33.699965,loans.csv
5875,808,1,2024-10-12,2024-11-02,2024-11-06,2026-08-12T13:29:33.699965,loans.csv
5514,1048,1,2024-07-07,2024-07-21,2024-07-28,2026-08-12T13:29:33.699965,loans.csv
7014,1460,2,2023-10-19,2023-11-02,2023-10-31,2026-08-12T13:29:33.699965,loans.csv
7165,1828,1,2024-03-03,2024-03-17,2024-04-01,2026-08-12T13:29:33.699965,loans.csv
4000,1340,10,2024-12-23,2025-01-06,,2026-08-12T13:29:33.699965,loans.csv
9323,1139,2,2024-06-10,2024-06-24,2024-06-18,2026-08-12T13:29:33.699965,loans.csv
7441,1269,81,2020-10-26,2020-11-09,2020-11-02,2026-08-12T13:29:33.699965,loans.csv
5217,485,1,2024-12-19,2025-01-09,,2026-08-12T13:29:33.699965,loans.csv
7062,480,3,2022-04-12,2022-04-26,2022-04-30,2026-08-12T13:29:33.699965,loans.csv
7370,2606,2,2024-10-21,2024-11-04,2024-10-25,2026-08-12T13:29:33.699965,loans.csv
8270,1694,8,2024-12-09,2024-12-23,2024-12-14,2026-08-12T13:29:33.699965,loans.csv
6499,1013,3,2020-05-19,2020-06-02,2020-05-24,2026-08-12T13:29:33.699965,loans.csv
2787,521,5,2021-08-17,2021-08-31,2021-08-22,2026-08-12T13:29:33.699965,loans.csv
4125,2261,11,2023-06-12,2023-07-03,2023-06-22,2026-08-12T13:29:33.699965,loans.csv
4246,1415,60,2022-02-21,2022-03-07,2022-02-27,2026-08-12T13:29:33.699965,loans.csv
9156,1941,1,2024-12-01,2024-12-22,2024-12-20,2026-08-12T13:29:33.699965,loans.csv
6958,555,1,2024-10-29,2024-11-19,2024-11-26,2026-08-12T13:29:33.699965,loans.csv
7399,1207,13,2021-09-10,2021-09-24,2021-09-18,2026-08-12T13:29:33.699965,loans.csv
6649,2782,2,2020-10-18,2020-11-01,2020-10-26,2026-08-12T13:29:33.699965,loans.csv
1868,2640,3,2023-10-15,2023-10-29,2023-11-03,2026-08-12T13:29:33.699965,loans.csv
1770,1619,8,2024-08-27,2024-09-10,2024-09-11,2026-08-12T13:29:33.699965,loans.csv
3023,2127,8,2022-04-30,2022-05-14,2022-05-15,2026-08-12T13:29:33.699965,loans.csv
9184,2231,3,2024-10-20,2024-11-03,,2026-08-12T13:29:33.699965,loans.csv
296,2468,1,2024-01-06,2024-01-20,2024-01-07,2026-08-12T13:29:33.699965,loans.csv
9174,1623,2,2024-09-04,2024-09-18,2024-09-08,2026-08-12T13:29:33.699965,loans.csv
6414,597,1,2023-08-26,2023-09-09,2023-09-05,2026-08-12T13:29:33.699965,loans.csv
5364,2016,3,2024-04-20,2024-05-04,2024-04-23,2026-08-12T13:29:33.699965,loans.csv
2138,993,1,2024-05-13,2024-05-27,2024-06-01,2026-08-12T13:29:33.699965,loans.csv
6178,308,6,2023-09-26,2023-10-10,2023-10-08,2026-08-12T13:29:33.699965,loans.csv
8209,666,2,2024-02-23,2024-03-08,2024-02-29,2026-08-12T13:29:33.699965,loans.csv
3489,1248,13,2023-04-22,2023-05-06,2023-05-01,2026-08-12T13:29:33.699965,loans.csv
9164,1840,1,2023-03-04,2023-03-18,,2026-08-12T13:29:33.699965,loans.csv
8552,2592,1,2023-08-12,2023-08-26,2023-08-20,2026-08-12T13:29:33.699965,loans.csv
8689,2496,35,2020-03-20,2020-04-03,2020-04-02,2026-08-12T13:29:33.699965,loans.csv
6847,882,18,2023-02-04,2023-02-18,2023-02-20,2026-08-12T13:29:33.699965,loans.csv
430,86,3,2023-11-27,2023-12-11,2023-12-15,2026-08-12T13:29:33.699965,loans.csv
9480,2099,53,2022-09-18,2022-10-02,2022-10-09,2026-08-12T13:29:33.699965,loans.csv
7202,210,2,2023-08-03,2023-08-17,2023-08-18,2026-08-12T13:29:33.699965,loans.csv
379,471,1,2023-10-14,2023-10-28,,2026-08-12T13:29:33.699965,loans.csv
6932,2718,1,2020-10-30,2020-11-13,2020-11-02,2026-08-12T13:29:33.699965,loans.csv
2439,2711,1,2024-04-26,2024-05-10,2024-05-11,2026-08-12T13:29:33.699965,loans.csv
972,2039,8,2024-12-14,2025-01-04,,2026-08-12T13:29:33.699965,loans.csv
2518,293,4,2021-04-11,2021-04-25,2021-04-27,2026-08-12T13:29:33.699965,loans.csv
6068,2764,25,2020-09-15,2020-09-29,2020-09-26,2026-08-12T13:29:33.699965,loans.csv
8047,1138,4,2021-11-05,2021-11-19,2021-12-02,2026-08-12T13:29:33.699965,loans.csv
8344,1377,2,2024-02-05,2024-02-26,2024-02-19,2026-08-12T13:29:33.699965,loans.csv
4739,872,1,2024-12-08,2024-12-29,2024-12-26,2026-08-12T13:29:33.699965,loans.csv
8386,2639,1,2023-05-14,2023-05-28,2023-05-27,2026-08-12T13:29:33.699965,loans.csv
5715,1954,2,2023-11-25,2023-12-09,2023-11-27,2026-08-12T13:29:33.699965,loans.csv
2626,1815,1,2024-03-21,2024-04-04,,2026-08-12T13:29:33.699965,loans.csv
3938,1267,5,2024-03-28,2024-04-11,2024-04-05,2026-08-12T13:29:33.699965,loans.csv
7741,1326,1,2022-06-02,2022-06-16,2022-06-14,2026-08-12T13:29:33.699965,loans.csv
7504,2155,8,2023-04-11,2023-05-02,2023-04-19,2026-08-12T13:29:33.699965,loans.csv
5338,1835,2,2024-11-03,2024-11-17,2024-12-26,2026-08-12T13:29:33.699965,loans.csv
7887,535,24,2024-12-02,2024-12-16,2024-12-16,2026-08-12T13:29:33.699965,loans.csv
8140,2134,3,2023-04-24,2023-05-08,2023-05-05,2026-08-12T13:29:33.699965,loans.csv
8788,315,9,2024-03-08,2024-03-22,2024-03-22,2026-08-12T13:29:33.699965,loans.csv
7027,1405,1,2024-06-23,2024-07-07,2024-07-14,2026-08-12T13:29:33.699965,loans.csv
385,73,3,2020-12-30,2021-01-13,2021-02-04,2026-08-12T13:29:33.699965,loans.csv
7923,1894,15,2024-06-08,2024-06-29,2024-06-14,2026-08-12T13:29:33.699965,loans.csv
9455,2226,73,2022-06-28,2022-07-12,2022-06-29,2026-08-12T13:29:33.699965,loans.csv
54,1494,1,2024-10-29,2024-11-12,2024-11-06,2026-08-12T13:29:33.699965,loans.csv
9522,954,2,2023-02-24,2023-03-10,2023-02-25,2026-08-12T13:29:33.699965,loans.csv
3708,1124,1,2024-08-12,2024-08-26,2024-09-03,2026-08-12T13:29:33.699965,loans.csv
8579,994,6,2022-07-03,2022-07-17,2022-07-15,2026-08-12T13:29:33.699965,loans.csv
9375,1036,1,2023-12-01,2023-12-15,2023-12-07,2026-08-12T13:29:33.699965,loans.csv
7093,1225,4,2020-05-11,2020-05-25,,2026-08-12T13:29:33.699965,loans.csv
5124,2459,69,2024-08-27,2024-09-10,2024-09-09,2026-08-12T13:29:33.699965,loans.csv
8043,1688,30,2020-04-12,2020-04-26,2020-05-03,2026-08-12T13:29:33.699965,loans.csv
471,380,48,2024-09-25,2024-10-09,2024-10-02,2026-08-12T13:29:33.699965,loans.csv
7257,1431,2,2021-11-24,2021-12-08,,2026-08-12T13:29:33.699965,loans.csv
2628,2186,15,2022-02-03,2022-02-17,2022-02-23,2026-08-12T13:29:33.699965,loans.csv
5389,48,32,2024-08-19,2024-09-02,,2026-08-12T13:29:33.699965,loans.csv
3997,1842,3,2024-03-28,2024-04-11,2024-04-11,2026-08-12T13:29:33.699965,loans.csv
5863,1400,1,2024-04-05,2024-04-19,,2026-08-12T13:29:33.699965,loans.csv
5568,2207,7,2024-05-20,2024-06-03,2024-05-29,2026-08-12T13:29:33.699965,loans.csv
7193,393,2,2021-03-11,2021-03-25,2021-03-14,2026-08-12T13:29:33.699965,loans.csv
3352,2079,10,2024-08-12,2024-08-26,2024-08-26,2026-08-12T13:29:33.699965,loans.csv
8511,1646,130,2024-04-03,2024-04-17,2024-04-16,2026-08-12T13:29:33.699965,loans.csv
8733,1964,1,2024-09-28,2024-10-12,2024-10-08,2026-08-12T13:29:33.699965,loans.csv
4676,2759,1,2024-11-06,2024-11-20,2024-11-10,2026-08-12T13:29:33.699965,loans.csv
1438,334,2,2021-03-24,2021-04-07,2021-03-31,2026-08-12T13:29:33.699965,loans.csv
1113,1661,1,2023-07-30,2023-08-13,2023-08-01,2026-08-12T13:29:33.699965,loans.csv
120,2653,4,2021-07-19,2021-08-02,2021-07-21,2026-08-12T13:29:33.699965,loans.csv
3598,1235,1,2024-07-01,2024-07-15,2024-07-10,2026-08-12T13:29:33.699965,loans.csv
6099,287,3,2023-05-16,2023-05-30,2023-05-22,2026-08-12T13:29:33.699965,loans.csv
8273,411,25,2023-01-13,2023-01-27,2023-02-01,2026-08-12T13:29:33.699965,loans.csv
2819,2562,3,2021-10-05,2021-10-19,2021-10-18,2026-08-12T13:29:33.699965,loans.csv
3786,2790,1,2022-04-25,2022-05-09,2022-04-30,2026-08-12T13:29:33.699965,loans.csv
2908,1761,1,2024-12-14,2024-12-28,,2026-08-12T13:29:33.699965,loans.csv
6877,1220,1,2024-03-14,2024-03-28,2024-03-30,2026-08-12T13:29:33.699965,loans.csv
5288,1704,1,2024-10-06,2024-10-20,2024-10-21,2026-08-12T13:29:33.699965,loans.csv
8778,2632,1,2020-01-01,2020-01-15,2020-01-15,2026-08-12T13:29:33.699965,loans.csv
3655,1328,6,2024-12-15,2024-12-29,,2026-08-12T13:29:33.699965,loans.csv
844,1985,1,2022-08-27,2022-09-17,2022-09-13,2026-08-12T13:29:33.699965,loans.csv
3037,2010,6,2022-04-03,2022-04-17,2022-04-06,2026-08-12T13:29:33.699965,loans.csv
9476,994,1,2020-07-27,2020-08-10,2020-08-08,2026-08-12T13:29:33.699965,loans.csv
9565,2739,2,2021-10-20,2021-11-03,2021-10-24,2026-08-12T13:29:33.699965,loans.csv
6545,2493,1,2021-08-06,2021-08-27,2021-08-17,2026-08-12T13:29:33.699965,loans.csv
2466,1151,3,2022-11-12,2022-11-26,,2026-08-12T13:29:33.699965,loans.csv
6584,1814,1,2024-03-01,2024-03-15,2024-03-10,2026-08-12T13:29:33.699965,loans.csv
7675,58,1,2024-12-20,2025-01-03,,2026-08-12T13:29:33.699965,loans.csv
3018,863,1,2023-01-06,2023-01-27,2023-01-22,2026-08-12T13:29:33.699965,loans.csv
3016,2313,8,2022-06-04,2022-06-18,2022-06-11,2026-08-12T13:29:33.699965,loans.csv
5487,2617,10,2024-12-10,2024-12-24,2024-12-19,2026-08-12T13:29:33.699965,loans.csv
9146,444,61,2024-08-10,2024-08-24,2024-08-27,2026-08-12T13:29:33.699965,loans.csv
3435,882,5,2023-12-04,2023-12-18,2023-12-22,2026-08-12T13:29:33.699965,loans.csv
1803,1679,16,2024-11-11,2024-11-25,2024-11-15,2026-08-12T13:29:33.699965,loans.csv
104,1331,1,2020-08-23,2020-09-06,2020-10-16,2026-08-12T13:29:33.699965,loans.csv
191,1931,1,2024-11-22,2024-12-06,,2026-08-12T13:29:33.699965,loans.csv
424,1491,1,2024-10-24,2024-11-07,2024-10-28,2026-08-12T13:29:33.699965,loans.csv
5592,1934,4,2023-06-14,2023-06-28,2023-06-26,2026-08-12T13:29:33.699965,loans.csv
6309,2510,17,2022-03-07,2022-03-21,2022-03-25,2026-08-12T13:29:33.699965,loans.csv
1974,343,10,2023-05-30,2023-06-13,,2026-08-12T13:29:33.699965,loans.csv
5602,1819,49,2024-01-09,2024-01-23,2024-01-24,2026-08-12T13:29:33.699965,loans.csv
2637,1705,22,2021-06-28,2021-07-12,2021-07-04,2026-08-12T13:29:33.699965,loans.csv
3837,1205,2,2023-07-27,2023-08-10,2023-08-08,2026-08-12T13:29:33.699965,loans.csv
9405,2459,1,2024-06-17,2024-07-01,2024-06-19,2026-08-12T13:29:33.699965,loans.csv
8620,94,1,2024-03-29,2024-04-12,,2026-08-12T13:29:33.699965,loans.csv
216,702,1,2023-03-31,2023-04-14,2023-04-03,2026-08-12T13:29:33.699965,loans.csv
2964,1747,8,2024-10-05,2024-10-19,2024-10-19,2026-08-12T13:29:33.699965,loans.csv
2874,1846,2,2020-02-05,2020-02-19,2020-02-24,2026-08-12T13:29:33.699965,loans.csv
1496,1888,2,2024-10-31,2024-11-14,2024-11-08,2026-08-12T13:29:33.699965,loans.csv
8727,2031,13,2022-03-19,2022-04-02,,2026-08-12T13:29:33.699965,loans.csv
4222,2332,3,2024-12-12,2024-12-26,,2026-08-12T13:29:33.699965,loans.csv
1050,2479,2,2023-09-30,2023-10-14,,2026-08-12T13:29:33.699965,loans.csv
788,2288,3,2023-12-18,2024-01-01,2023-12-28,2026-08-12T13:29:33.699965,loans.csv
8503,1912,10,2024-09-16,2024-09-30,2024-09-21,2026-08-12T13:29:33.699965,loans.csv
2249,1272,3,2024-08-17,2024-08-31,2024-08-30,2026-08-12T13:29:33.699965,loans.csv
6871,954,27,2022-04-16,2022-04-30,2022-04-18,2026-08-12T13:29:33.699965,loans.csv
36,1239,7,2024-04-07,2024-04-21,,2026-08-12T13:29:33.699965,loans.csv
5165,2781,1,2024-08-08,2024-08-29,2024-08-27,2026-08-12T13:29:33.699965,loans.csv
4969,2504,1,2024-08-23,2024-09-06,2024-09-08,2026-08-12T13:29:33.699965,loans.csv
7447,1725,1,2024-03-10,2024-03-24,2024-03-12,2026-08-12T13:29:33.699965,loans.csv
6935,280,3,2024-06-08,2024-06-22,2024-06-15,2026-08-12T13:29:33.699965,loans.csv
6600,1759,24,2023-04-16,2023-04-30,2023-04-26,2026-08-12T13:29:33.699965,loans.csv
6535,2142,1,2024-03-28,2024-04-11,2024-04-08,2026-08-12T13:29:33.699965,loans.csv
8425,1994,3,2024-03-31,2024-04-21,2024-04-11,2026-08-12T13:29:33.699965,loans.csv
5200,904,8,2021-06-28,2021-07-12,2021-07-08,2026-08-12T13:29:33.699965,loans.csv
1522,146,4,2024-10-31,2024-11-14,2024-11-20,2026-08-12T13:29:33.699965,loans.csv
6492,1797,27,2022-09-07,2022-09-21,2022-09-13,2026-08-12T13:29:33.699965,loans.csv
8852,1696,1,2024-11-11,2024-11-25,2024-11-18,2026-08-12T13:29:33.699965,loans.csv
381,1391,1,2024-06-06,2024-06-20,2024-06-08,2026-08-12T13:29:33.699965,loans.csv
2674,538,1,2024-06-20,2024-07-04,,2026-08-12T13:29:33.699965,loans.csv
586,2052,1,2024-09-22,2024-10-06,2024-10-05,2026-08-12T13:29:33.699965,loans.csv
4166,1401,1,2024-01-03,2024-01-17,2024-01-04,2026-08-12T13:29:33.699965,loans.csv
199,865,1,2024-11-22,2024-12-06,2024-12-29,2026-08-12T13:29:33.699965,loans.csv
3544,2417,1,2024-11-06,2024-11-20,,2026-08-12T13:29:33.699965,loans.csv
1586,1014,81,2024-04-23,2024-05-07,2024-05-04,2026-08-12T13:29:33.699965,loans.csv
8400,2445,4,2024-04-29,2024-05-13,2024-05-04,2026-08-12T13:29:33.699965,loans.csv
7754,1815,1,2022-10-02,2022-10-16,,2026-08-12T13:29:33.699965,loans.csv
7071,2115,5,2024-07-26,2024-08-09,2024-08-06,2026-08-12T13:29:33.699965,loans.csv
5714,632,1,2024-10-04,2024-10-18,,2026-08-12T13:29:33.699965,loans.csv
880,838,1,2023-12-24,2024-01-07,2024-01-01,2026-08-12T13:29:33.699965,loans.csv
8798,1714,1,2024-09-21,2024-10-05,2024-10-04,2026-08-12T13:29:33.699965,loans.csv
4084,2771,1,2024-09-30,2024-10-14,2024-10-12,2026-08-12T13:29:33.699965,loans.csv
4201,655,1,2023-08-17,2023-08-31,2023-08-21,2026-08-12T13:29:33.699965,loans.csv
2164,2658,6,2023-09-03,2023-09-17,2023-09-05,2026-08-12T13:29:33.699965,loans.csv
41,1967,1,2024-06-01,2024-06-15,2024-06-08,2026-08-12T13:29:33.699965,loans.csv
485,2072,12,2024-06-03,2024-06-17,2024-06-13,2026-08-12T13:29:33.699965,loans.csv
2494,1848,1,2024-06-01,2024-06-15,2024-06-18,2026-08-12T13:29:33.699965,loans.csv
2134,2217,1,2021-10-29,2021-11-12,2021-12-14,2026-08-12T13:29:33.699965,loans.csv
8487,629,1,2022-07-28,2022-08-11,2022-09-01,2026-08-12T13:29:33.699965,loans.csv
298,2710,1,2024-12-13,2024-12-27,,2026-08-12T13:29:33.699965,loans.csv
4584,1248,2,2022-12-03,2022-12-17,2022-12-10,2026-08-12T13:29:33.699965,loans.csv
24,2173,3,2024-05-17,2024-05-31,2024-05-26,2026-08-12T13:29:33.699965,loans.csv
6000,2518,146,2024-10-18,2024-11-01,2024-10-25,2026-08-12T13:29:33.699965,loans.csv
1763,1305,28,2024-06-01,2024-06-15,2024-06-16,2026-08-12T13:29:33.699965,loans.csv
8563,2675,5,2024-12-15,2024-12-29,,2026-08-12T13:29:33.699965,loans.csv
6767,1725,6,2024-06-24,2024-07-08,2024-07-06,2026-08-12T13:29:33.699965,loans.csv
476,332,1,2024-08-20,2024-09-03,2024-08-25,2026-08-12T13:29:33.699965,loans.csv
4433,2649,1,2023-09-30,2023-10-14,2023-10-07,2026-08-12T13:29:33.699965,loans.csv
847,1022,4,2021-10-12,2021-10-26,2021-10-24,2026-08-12T13:29:33.699965,loans.csv
8518,2165,6,2023-10-02,2023-10-16,2023-10-15,2026-08-12T13:29:33.699965,loans.csv
1512,1357,2,2024-01-29,2024-02-12,,2026-08-12T13:29:33.699965,loans.csv
7539,1269,1,2021-10-14,2021-10-28,2021-10-17,2026-08-12T13:29:33.699965,loans.csv
1306,530,4,2023-08-17,2023-08-31,2023-09-05,2026-08-12T13:29:33.699965,loans.csv
6942,1967,1,2020-03-22,2020-04-05,2020-03-27,2026-08-12T13:29:33.699965,loans.csv
5424,2028,35,2024-08-13,2024-08-27,2024-08-15,2026-08-12T13:29:33.699965,loans.csv
8831,835,8,2024-11-08,2024-11-29,2024-12-09,2026-08-12T13:29:33.699965,loans.csv
8648,369,114,2020-02-03,2020-02-17,2020-02-19,2026-08-12T13:29:33.699965,loans.csv
4612,2008,4,2021-05-02,2021-05-16,2021-05-20,2026-08-12T13:29:33.699965,loans.csv
8097,1639,1,2022-12-28,2023-01-18,,2026-08-12T13:29:33.699965,loans.csv
4684,2526,1,2022-11-16,2022-11-30,2022-12-05,2026-08-12T13:29:33.699965,loans.csv
8039,2416,1,2024-12-06,2024-12-20,2024-12-07,2026-08-12T13:29:33.699965,loans.csv
737,112,2,2022-02-24,2022-03-10,2022-03-14,2026-08-12T13:29:33.699965,loans.csv
6431,150,2,2024-10-26,2024-11-09,2024-11-22,2026-08-12T13:29:33.699965,loans.csv
7361,97,1,2021-08-09,2021-08-30,,2026-08-12T13:29:33.699965,loans.csv
4680,2082,3,2024-11-09,2024-11-23,,2026-08-12T13:29:33.699965,loans.csv
5248,1461,18,2024-01-15,2024-01-29,2024-01-23,2026-08-12T13:29:33.699965,loans.csv
1809,898,5,2022-06-15,2022-06-29,2022-06-21,2026-08-12T13:29:33.699965,loans.csv
8127,2198,1,2022-12-28,2023-01-11,2022-12-31,2026-08-12T13:29:33.699965,loans.csv
8897,150,2,2024-10-30,2024-11-13,2024-10-31,2026-08-12T13:29:33.699965,loans.csv
4943,1141,2,2023-08-21,2023-09-04,2023-08-31,2026-08-12T13:29:33.699965,loans.csv
6746,931,9,2021-12-05,2021-12-19,2021-12-16,2026-08-12T13:29:33.699965,loans.csv
5727,2289,3,2023-06-04,2023-06-18,2023-06-18,2026-08-12T13:29:33.699965,loans.csv
3387,1505,4,2022-09-29,2022-10-13,,2026-08-12T13:29:33.699965,loans.csv
5933,705,20,2024-01-02,2024-01-16,,2026-08-12T13:29:33.699965,loans.csv
1332,1950,1,2024-09-10,2024-09-24,2024-10-29,2026-08-12T13:29:33.699965,loans.csv
7953,152,1,2024-07-05,2024-07-19,2024-07-29,2026-08-12T13:29:33.699965,loans.csv
8947,2526,1,2024-03-08,2024-03-22,2024-03-18,2026-08-12T13:29:33.699965,loans.csv
3771,1261,2,2020-06-30,2020-07-14,2020-07-09,2026-08-12T13:29:33.699965,loans.csv
2652,1985,1,2022-09-18,2022-10-02,2022-10-04,2026-08-12T13:29:33.699965,loans.csv
423,1123,16,2024-02-19,2024-03-04,,2026-08-12T13:29:33.699965,loans.csv
2905,206,1,2023-05-10,2023-05-24,,2026-08-12T13:29:33.699965,loans.csv
564,1896,36,2022-09-29,2022-10-13,,2026-08-12T13:29:33.699965,loans.csv
2058,1313,1,2024-08-25,2024-09-08,2024-08-30,2026-08-12T13:29:33.699965,loans.csv
8095,2055,1,2020-06-24,2020-07-08,2020-07-13,2026-08-12T13:29:33.699965,loans.csv
9561,1360,61,2023-12-11,2023-12-25,2023-12-12,2026-08-12T13:29:33.699965,loans.csv
740,105,2,2024-12-17,2024-12-31,,2026-08-12T13:29:33.699965,loans.csv
1969,674,4,2023-02-28,2023-03-14,2023-03-07,2026-08-12T13:29:33.699965,loans.csv
9099,1987,27,2024-10-12,2024-10-26,,2026-08-12T13:29:33.699965,loans.csv
1871,1422,51,2021-12-18,2022-01-01,2022-01-02,2026-08-12T13:29:33.699965,loans.csv
9431,468,3,2023-09-15,2023-09-29,2023-09-30,2026-08-12T13:29:33.699965,loans.csv
547,39,2,2020-08-02,2020-08-16,2020-08-13,2026-08-12T13:29:33.699965,loans.csv
8634,1092,1,2022-03-18,2022-04-01,2022-04-20,2026-08-12T13:29:33.699965,loans.csv
3219,2635,7,2021-05-11,2021-05-25,,2026-08-12T13:29:33.699965,loans.csv
6505,1543,1,2024-11-05,2024-11-19,2024-11-09,2026-08-12T13:29:33.699965,loans.csv
8167,1847,3,2024-07-31,2024-08-14,2024-08-01,2026-08-12T13:29:33.699965,loans.csv
6460,2018,10,2024-09-01,2024-09-15,2024-09-11,2026-08-12T13:29:33.699965,loans.csv
1153,1142,1,2024-02-08,2024-02-22,2024-02-10,2026-08-12T13:29:33.699965,loans.csv
982,1467,1,2024-11-06,2024-11-20,2024-11-21,2026-08-12T13:29:33.699965,loans.csv
5579,971,5,2024-05-11,2024-05-25,2024-05-13,2026-08-12T13:29:33.699965,loans.csv
9541,2233,139,2024-02-28,2024-03-13,2024-03-11,2026-08-12T13:29:33.699965,loans.csv
23,1077,11,2023-03-25,2023-04-08,,2026-08-12T13:29:33.699965,loans.csv
1390,588,1,2023-11-10,2023-11-24,2023-11-21,2026-08-12T13:29:33.699965,loans.csv
5036,1626,5,2023-12-14,2023-12-28,2023-12-16,2026-08-12T13:29:33.699965,loans.csv
25,1080,1,2024-04-16,2024-04-30,2024-04-19,2026-08-12T13:29:33.699965,loans.csv
3762,1807,1,2024-09-25,2024-10-09,2024-10-08,2026-08-12T13:29:33.699965,loans.csv
5406,392,1,2020-02-23,2020-03-15,2020-03-21,2026-08-12T13:29:33.699965,loans.csv
5758,674,2,2023-10-06,2023-10-27,2023-11-16,2026-08-12T13:29:33.699965,loans.csv
7080,1661,1,2024-08-03,2024-08-17,2024-08-07,2026-08-12T13:29:33.699965,loans.csv
4383,1697,5,2021-07-18,2021-08-01,2021-07-28,2026-08-12T13:29:33.699965,loans.csv
4846,1809,12,2024-08-05,2024-08-19,2024-08-26,2026-08-12T13:29:33.699965,loans.csv
5820,1047,142,2023-11-22,2023-12-06,2023-12-04,2026-08-12T13:29:33.699965,loans.csv
529,1142,1,2024-06-21,2024-07-05,2024-06-22,2026-08-12T13:29:33.699965,loans.csv
1707,1260,5,2023-05-26,2023-06-09,2023-06-07,2026-08-12T13:29:33.699965,loans.csv
3520,1506,43,2024-08-28,2024-09-11,2024-09-17,2026-08-12T13:29:33.699965,loans.csv
35,1328,1,2024-10-14,2024-10-28,2024-11-06,2026-08-12T13:29:33.699965,loans.csv
5787,1098,1,2020-06-19,2020-07-03,2020-07-02,2026-08-12T13:29:33.699965,loans.csv
2708,167,15,2024-09-08,2024-09-22,2024-09-13,2026-08-12T13:29:33.699965,loans.csv
2789,481,1,2024-10-25,2024-11-08,2024-11-06,2026-08-12T13:29:33.699965,loans.csv
9072,2150,10,2022-10-11,2022-10-25,2022-11-01,2026-08-12T13:29:33.699965,loans.csv
9095,1160,1,2024-09-16,2024-09-30,2024-10-02,2026-08-12T13:29:33.699965,loans.csv
5312,293,55,2024-09-26,2024-10-10,2024-10-02,2026-08-12T13:29:33.699965,loans.csv
2386,2247,1,2022-05-19,2022-06-02,2022-06-12,2026-08-12T13:29:33.699965,loans.csv
4189,1910,36,2024-12-02,2024-12-16,2024-12-17,2026-08-12T13:29:33.699965,loans.csv
1854,2613,3,2021-11-10,2021-11-24,2021-11-23,2026-08-12T13:29:33.699965,loans.csv
2554,2529,22,2024-10-05,2024-10-19,2024-10-06,2026-08-12T13:29:33.699965,loans.csv
8485,1910,1,2024-01-05,2024-01-19,2024-01-20,2026-08-12T13:29:33.699965,loans.csv
7537,831,1,2024-04-08,2024-04-22,2024-04-23,2026-08-12T13:29:33.699965,loans.csv
9403,2711,2,2024-02-09,2024-02-23,2024-02-22,2026-08-12T13:29:33.699965,loans.csv
9596,2423,1,2024-04-02,2024-04-16,2024-04-13,2026-08-12T13:29:33.699965,loans.csv
6246,1510,2,2023-05-18,2023-06-08,,2026-08-12T13:29:33.699965,loans.csv
3,1304,31,2020-01-16,2020-02-06,2020-01-30,2026-08-12T13:29:33.699965,loans.csv
4133,1582,5,2024-01-10,2024-01-24,2024-01-13,2026-08-12T13:29:33.699965,loans.csv
9267,2242,2,2021-09-23,2021-10-07,2021-09-28,2026-08-12T13:29:33.699965,loans.csv
3710,2734,1,2022-12-21,2023-01-04,,2026-08-12T13:29:33.699965,loans.csv
7001,1052,32,2023-06-06,2023-06-20,2023-06-16,2026-08-12T13:29:33.699965,loans.csv
5421,1908,13,2021-01-20,2021-02-03,2021-01-30,2026-08-12T13:29:33.699965,loans.csv
8036,1862,12,2021-07-31,2021-08-14,2021-08-06,2026-08-12T13:29:33.699965,loans.csv
2583,43,55,2023-09-03,2023-09-17,2023-09-05,2026-08-12T13:29:33.699965,loans.csv
1843,2297,1,2024-03-19,2024-04-02,,2026-08-12T13:29:33.699965,loans.csv
3128,1190,1,2021-10-10,2021-10-24,,2026-08-12T13:29:33.699965,loans.csv
3826,1307,1,2022-09-23,2022-10-07,2022-10-07,2026-08-12T13:29:33.699965,loans.csv
1889,2324,1,2021-02-08,2021-02-22,2021-02-25,2026-08-12T13:29:33.699965,loans.csv
6033,459,1,2023-10-29,2023-11-12,2023-10-30,2026-08-12T13:29:33.699965,loans.csv
3281,1269,38,2021-06-30,2021-07-14,2021-07-17,2026-08-12T13:29:33.699965,loans.csv
845,1684,5,2024-08-25,2024-09-08,2024-09-02,2026-08-12T13:29:33.699965,loans.csv
8381,1427,1,2024-10-01,2024-10-15,2024-10-07,2026-08-12T13:29:33.699965,loans.csv
1885,1880,1,2021-07-16,2021-07-30,2021-07-27,2026-08-12T13:29:33.699965,loans.csv
3873,38,147,2024-08-05,2024-08-19,2024-08-16,2026-08-12T13:29:33.699965,loans.csv
1504,420,40,2022-02-08,2022-02-22,2022-02-15,2026-08-12T13:29:33.699965,loans.csv
943,459,1,2024-07-29,2024-08-12,2024-07-30,2026-08-12T13:29:33.699965,loans.csv
4116,1364,1,2024-12-17,2024-12-31,,2026-08-12T13:29:33.699965,loans.csv
1144,939,9,2024-11-08,2024-11-22,2024-11-14,2026-08-12T13:29:33.699965,loans.csv
4042,298,1,2023-05-16,2023-05-30,2023-06-04,2026-08-12T13:29:33.699965,loans.csv
2774,2572,40,2023-01-12,2023-01-26,2023-01-22,2026-08-12T13:29:33.699965,loans.csv
1380,2583,1,2022-05-06,2022-05-20,2022-05-27,2026-08-12T13:29:33.699965,loans.csv
2359,2224,2,2024-11-02,2024-11-16,2024-11-14,2026-08-12T13:29:33.699965,loans.csv
950,1468,9,2022-01-10,2022-01-24,2022-01-13,2026-08-12T13:29:33.699965,loans.csv
7113,1871,1,2022-06-24,2022-07-08,2022-07-08,2026-08-12T13:29:33.699965,loans.csv
2926,2697,3,2022-03-12,2022-03-26,,2026-08-12T13:29:33.699965,loans.csv
5058,1822,1,2024-11-12,2024-11-26,2024-11-22,2026-08-12T13:29:33.699965,loans.csv
1567,804,15,2024-10-25,2024-11-08,2024-11-05,2026-08-12T13:29:33.699965,loans.csv
3036,32,11,2024-06-08,2024-06-22,2024-06-22,2026-08-12T13:29:33.699965,loans.csv
9463,2153,1,2021-12-25,2022-01-08,2022-01-07,2026-08-12T13:29:33.699965,loans.csv
3883,1095,2,2023-03-08,2023-03-22,2023-03-29,2026-08-12T13:29:33.699965,loans.csv
815,2676,1,2023-02-15,2023-03-01,2023-02-24,2026-08-12T13:29:33.699965,loans.csv
7476,258,3,2024-07-07,2024-07-21,2024-07-11,2026-08-12T13:29:33.699965,loans.csv
1816,2774,3,2023-03-04,2023-03-18,2023-03-21,2026-08-12T13:29:33.699965,loans.csv
4296,2250,2,2024-06-16,2024-06-30,2024-06-18,2026-08-12T13:29:33.699965,loans.csv
5622,1389,1,2022-02-23,2022-03-09,2022-03-14,2026-08-12T13:29:33.699965,loans.csv
288,882,1,2022-08-27,2022-09-10,2022-09-12,2026-08-12T13:29:33.699965,loans.csv
5481,1836,1,2024-10-18,2024-11-01,2024-12-11,2026-08-12T13:29:33.699965,loans.csv
7269,1253,54,2024-07-24,2024-08-07,2024-08-07,2026-08-12T13:29:33.699965,loans.csv
8969,1673,9,2020-10-17,2020-10-31,2020-10-25,2026-08-12T13:29:33.699965,loans.csv
8238,1837,1,2023-05-31,2023-06-14,2023-06-15,2026-08-12T13:29:33.699965,loans.csv
2687,2544,2,2021-08-22,2021-09-05,2021-09-02,2026-08-12T13:29:33.699965,loans.csv
5837,39,1,2021-08-11,2021-09-01,2021-08-24,2026-08-12T13:29:33.699965,loans.csv
6408,2550,2,2023-08-06,2023-08-20,2023-08-10,2026-08-12T13:29:33.699965,loans.csv
222,1677,2,2024-08-22,2024-09-05,2024-08-27,2026-08-12T13:29:33.699965,loans.csv
9529,2679,1,2024-01-24,2024-02-07,,2026-08-12T13:29:33.699965,loans.csv
5530,611,1,2024-11-24,2024-12-08,2024-12-09,2026-08-12T13:29:33.699965,loans.csv
4851,1241,1,2022-07-21,2022-08-04,2022-07-25,2026-08-12T13:29:33.699965,loans.csv
1820,1010,40,2024-04-03,2024-04-17,2024-04-10,2026-08-12T13:29:33.699965,loans.csv
711,549,1,2024-11-22,2024-12-06,2024-12-05,2026-08-12T13:29:33.699965,loans.csv
1271,1624,25,2021-10-04,2021-10-18,2021-10-06,2026-08-12T13:29:33.699965,loans.csv
8536,963,4,2024-02-02,2024-02-16,2024-02-05,2026-08-12T13:29:33.699965,loans.csv
4336,92,6,2023-07-10,2023-07-24,2023-08-01,2026-08-12T13:29:33.699965,loans.csv
681,2110,1,2024-01-26,2024-02-09,2024-02-12,2026-08-12T13:29:33.699965,loans.csv
7567,2350,121,2024-06-11,2024-06-25,2024-06-29,2026-08-12T13:29:33.699965,loans.csv
5052,1118,1,2024-08-07,2024-08-28,2024-09-02,2026-08-12T13:29:33.699965,loans.csv
4595,2311,3,2024-11-18,2024-12-02,2024-12-02,2026-08-12T13:29:33.699965,loans.csv
618,1694,1,2022-05-03,2022-05-17,2022-05-22,2026-08-12T13:29:33.699965,loans.csv
2638,607,2,2021-12-27,2022-01-10,,2026-08-12T13:29:33.699965,loans.csv
8442,560,1,2024-12-06,2024-12-20,2024-12-13,2026-08-12T13:29:33.699965,loans.csv
6293,47,1,2021-05-27,2021-06-10,2021-06-04,2026-08-12T13:29:33.699965,loans.csv
4202,2083,1,2024-08-06,2024-08-20,2024-08-08,2026-08-12T13:29:33.699965,loans.csv
4878,2174,36,2023-05-05,2023-05-26,,2026-08-12T13:29:33.699965,loans.csv
7523,473,2,2024-10-26,2024-11-09,2024-12-21,2026-08-12T13:29:33.699965,loans.csv
7344,2285,7,2024-04-07,2024-04-21,2024-04-18,2026-08-12T13:29:33.699965,loans.csv
1592,2007,60,2020-04-28,2020-05-12,,2026-08-12T13:29:33.699965,loans.csv
7984,802,1,2023-01-24,2023-02-07,2023-02-06,2026-08-12T13:29:33.699965,loans.csv
689,1422,33,2024-07-24,2024-08-07,2024-08-14,2026-08-12T13:29:33.699965,loans.csv
1549,1118,16,2023-10-24,2023-11-07,2023-11-02,2026-08-12T13:29:33.699965,loans.csv
9317,2697,1,2023-07-28,2023-08-11,2023-08-16,2026-08-12T13:29:33.699965,loans.csv
148,973,23,2022-07-30,2022-08-20,2022-08-10,2026-08-12T13:29:33.699965,loans.csv
9246,1072,1,2022-01-30,2022-02-13,2022-02-15,2026-08-12T13:29:33.699965,loans.csv
8758,2419,1,2022-04-22,2022-05-06,,2026-08-12T13:29:33.699965,loans.csv
926,1889,5,2023-10-03,2023-10-17,2023-10-17,2026-08-12T13:29:33.699965,loans.csv
2698,2198,170,2023-11-03,2023-11-17,2023-11-08,2026-08-12T13:29:33.699965,loans.csv
8829,819,3,2024-05-16,2024-05-30,2024-05-28,2026-08-12T13:29:33.699965,loans.csv
9425,2511,1,2022-10-16,2022-10-30,2022-10-18,2026-08-12T13:29:33.699965,loans.csv
18,1988,1,2024-01-15,2024-01-29,2024-01-25,2026-08-12T13:29:33.699965,loans.csv
5496,1533,2,2023-01-29,2023-02-12,2023-03-28,2026-08-12T13:29:33.699965,loans.csv
2068,1513,74,2023-05-16,2023-05-30,2023-05-26,2026-08-12T13:29:33.699965,loans.csv
5151,2198,8,2021-02-17,2021-03-03,2021-02-18,2026-08-12T13:29:33.699965,loans.csv
7516,2106,1,2024-07-19,2024-08-02,2024-07-25,2026-08-12T13:29:33.699965,loans.csv
4602,2249,8,2021-06-29,2021-07-13,2021-07-20,2026-08-12T13:29:33.699965,loans.csv
231,36,55,2023-05-02,2023-05-16,2023-05-13,2026-08-12T13:29:33.699965,loans.csv
2700,1984,12,2023-12-27,2024-01-10,2023-12-29,2026-08-12T13:29:33.699965,loans.csv
1826,1727,2,2023-08-12,2023-08-26,2023-08-25,2026-08-12T13:29:33.699965,loans.csv
6634,277,1,2024-07-06,2024-07-20,2024-07-08,2026-08-12T13:29:33.699965,loans.csv
8971,2661,2,2022-08-01,2022-08-15,2022-08-19,2026-08-12T13:29:33.699965,loans.csv
6187,1703,2,2024-07-09,2024-07-23,2024-07-13,2026-08-12T13:29:33.699965,loans.csv
5911,1254,5,2022-11-10,2022-11-24,2022-11-18,2026-08-12T13:29:33.699965,loans.csv
8531,2584,1,2023-11-19,2023-12-03,2023-11-23,2026-08-12T13:29:33.699965,loans.csv
6867,2289,14,2023-11-14,2023-11-28,2023-11-23,2026-08-12T13:29:33.699965,loans.csv
2223,1652,110,2023-09-19,2023-10-03,2023-09-23,2026-08-12T13:29:33.699965,loans.csv
2840,528,1,2023-05-26,2023-06-09,2023-06-04,2026-08-12T13:29:33.699965,loans.csv
4974,2030,1,2024-01-19,2024-02-02,2024-01-28,2026-08-12T13:29:33.699965,loans.csv
7281,1605,1,2022-11-29,2022-12-13,2022-12-11,2026-08-12T13:29:33.699965,loans.csv
2763,2362,1,2023-07-09,2023-06-28,2023-07-17,2026-08-12T13:29:33.699965,loans.csv
3491,1743,8,2021-03-27,2021-04-10,2021-04-02,2026-08-12T13:29:33.699965,loans.csv
3585,1253,2,2021-04-06,2021-04-20,2021-04-14,2026-08-12T13:29:33.699965,loans.csv
2665,980,1,2024-03-23,2024-04-06,2024-04-12,2026-08-12T13:29:33.699965,loans.csv
1515,2786,1,2023-06-18,2023-07-02,2023-06-19,2026-08-12T13:29:33.699965,loans.csv
3180,476,1,2023-05-14,2023-05-28,2023-05-27,2026-08-12T13:29:33.699965,loans.csv
7242,1789,39,2021-09-11,2021-09-25,2021-09-30,2026-08-12T13:29:33.699965,loans.csv
2276,2659,2,2020-12-22,2021-01-05,2021-01-04,2026-08-12T13:29:33.699965,loans.csv
8857,2404,25,2024-10-23,2024-11-06,,2026-08-12T13:29:33.699965,loans.csv
6087,481,1,2024-06-09,2024-06-23,2024-06-27,2026-08-12T13:29:33.699965,loans.csv
7994,1030,23,2023-12-02,2023-12-16,,2026-08-12T13:29:33.699965,loans.csv
5723,1899,6,2021-12-08,2021-12-22,2021-12-09,2026-08-12T13:29:33.699965,loans.csv
4675,1619,1,2024-08-12,2024-09-02,2024-09-05,2026-08-12T13:29:33.699965,loans.csv
6445,417,15,2021-08-12,2021-08-26,2021-08-18,2026-08-12T13:29:33.699965,loans.csv
1320,1052,14,2023-10-24,2023-11-14,2023-10-31,2026-08-12T13:29:33.699965,loans.csv
790,2791,2,2023-09-25,2023-10-09,2023-10-01,2026-08-12T13:29:33.699965,loans.csv
5010,1789,127,2022-03-09,2022-03-23,2022-03-11,2026-08-12T13:29:33.699965,loans.csv
7334,2547,10,2021-07-17,2021-07-31,2021-08-04,2026-08-12T13:29:33.699965,loans.csv
8437,2367,12,2022-09-10,2022-09-24,2022-09-22,2026-08-12T13:29:33.699965,loans.csv
3252,233,1,2024-06-20,2024-07-11,2024-06-30,2026-08-12T13:29:33.699965,loans.csv
5956,2411,1,2022-10-18,2022-11-08,2022-11-07,2026-08-12T13:29:33.699965,loans.csv
2166,2311,1,2024-10-23,2024-11-06,2024-10-24,2026-08-12T13:29:33.699965,loans.csv
3689,231,1,2024-12-05,2024-12-19,,2026-08-12T13:29:33.699965,loans.csv
5531,2602,23,2024-11-18,2024-12-02,2024-11-20,2026-08-12T13:29:33.699965,loans.csv
7787,592,6,2021-03-29,2021-04-12,,2026-08-12T13:29:33.699965,loans.csv
8134,341,4,2024-01-28,2024-02-11,2024-02-05,2026-08-12T13:29:33.699965,loans.csv
1855,1452,14,2023-07-31,2023-08-14,2023-08-09,2026-08-12T13:29:33.699965,loans.csv
6284,784,1,2024-09-19,2024-10-03,2024-09-20,2026-08-12T13:29:33.699965,loans.csv
3940,2443,10,2024-05-18,2024-06-01,,2026-08-12T13:29:33.699965,loans.csv
7485,146,7,2024-10-27,2024-11-10,2024-11-08,2026-08-12T13:29:33.699965,loans.csv
89,1377,34,2023-05-29,2023-06-12,2023-06-03,2026-08-12T13:29:33.699965,loans.csv
1095,2294,4,2023-09-02,2023-09-16,,2026-08-12T13:29:33.699965,loans.csv
5018,888,11,2024-03-24,2024-04-07,2024-04-14,2026-08-12T13:29:33.699965,loans.csv
7086,1195,11,2022-01-12,2022-01-26,2022-01-20,2026-08-12T13:29:33.699965,loans.csv
9386,2190,4,2021-07-14,2021-07-28,2021-07-15,2026-08-12T13:29:33.699965,loans.csv
2285,867,18,2022-03-24,2022-04-07,2022-04-01,2026-08-12T13:29:33.699965,loans.csv
3882,223,1,2023-06-30,2023-07-14,2023-07-10,2026-08-12T13:29:33.699965,loans.csv
1042,743,4,2024-02-23,2024-03-08,2024-03-08,2026-08-12T13:29:33.699965,loans.csv
3140,1139,3,2023-05-19,2023-06-02,2023-06-04,2026-08-12T13:29:33.699965,loans.csv
6652,1834,1,2023-10-22,2023-11-05,2023-11-04,2026-08-12T13:29:33.699965,loans.csv
2059,2273,2,2024-10-11,2024-10-25,2024-10-13,2026-08-12T13:29:33.699965,loans.csv
8886,2099,1,2022-12-12,2022-12-26,2022-12-29,2026-08-12T13:29:33.699965,loans.csv
5642,2370,35,2024-11-09,2024-11-30,2024-12-11,2026-08-12T13:29:33.699965,loans.csv
5687,892,1,2024-08-18,2024-09-01,2024-08-22,2026-08-12T13:29:33.699965,loans.csv
6480,343,1,2023-02-19,2023-03-12,2023-02-20,2026-08-12T13:29:33.699965,loans.csv
6873,256,1,2022-11-25,2022-12-09,2022-12-08,2026-08-12T13:29:33.699965,loans.csv
5113,2542,3,2021-10-20,2021-11-03,2021-11-05,2026-08-12T13:29:33.699965,loans.csv
4924,91,2,2022-06-19,2022-07-03,2022-06-27,2026-08-12T13:29:33.699965,loans.csv
8278,924,29,2021-07-05,2021-07-19,2021-07-15,2026-08-12T13:29:33.699965,loans.csv
5330,2023,1,2023-11-23,2023-12-07,2023-12-12,2026-08-12T13:29:33.699965,loans.csv
4215,1386,2,2021-10-24,2021-11-07,2021-11-12,2026-08-12T13:29:33.699965,loans.csv
9485,2111,11,2024-10-10,2024-10-24,2024-10-18,2026-08-12T13:29:33.699965,loans.csv
5231,1301,1,2020-07-15,2020-07-29,2020-07-18,2026-08-12T13:29:33.699965,loans.csv
649,43,4,2024-03-08,2024-03-22,2024-03-29,2026-08-12T13:29:33.699965,loans.csv
17,2191,1,2023-04-28,2023-05-12,,2026-08-12T13:29:33.699965,loans.csv
1405,2137,149,2020-12-23,2021-01-06,,2026-08-12T13:29:33.699965,loans.csv
1426,1801,143,2024-03-09,2024-03-23,2024-03-27,2026-08-12T13:29:33.699965,loans.csv
8302,1210,19,2020-01-10,2020-01-24,2020-01-17,2026-08-12T13:29:33.699965,loans.csv
409,786,1,2024-01-13,2024-02-03,2024-01-26,2026-08-12T13:29:33.699965,loans.csv
2132,2671,4,2024-04-17,2024-05-01,2024-04-18,2026-08-12T13:29:33.699965,loans.csv
5250,342,1,2022-12-17,2022-12-31,2022-12-26,2026-08-12T13:29:33.699965,loans.csv
7028,1716,3,2020-08-08,2020-08-22,2020-08-17,2026-08-12T13:29:33.699965,loans.csv
6916,1696,1,2023-01-12,2023-01-26,2023-01-22,2026-08-12T13:29:33.699965,loans.csv
2797,2097,1,2024-08-25,2024-09-08,2024-08-27,2026-08-12T13:29:33.699965,loans.csv
8755,1610,1,2024-07-21,2024-08-04,2024-08-06,2026-08-12T13:29:33.699965,loans.csv
4710,115,37,2021-09-27,2021-10-11,,2026-08-12T13:29:33.699965,loans.csv
616,1704,4,2024-02-02,2024-02-16,2024-02-09,2026-08-12T13:29:33.699965,loans.csv
7546,700,1,2024-10-28,2024-11-11,2024-11-12,2026-08-12T13:29:33.699965,loans.csv
567,2701,1,2022-03-11,2022-03-25,2022-03-14,2026-08-12T13:29:33.699965,loans.csv
653,2651,1,2024-12-07,2024-12-21,,2026-08-12T13:29:33.699965,loans.csv
5277,2511,1,2021-10-14,2021-10-28,2021-10-21,2026-08-12T13:29:33.699965,loans.csv
3272,1707,68,2024-07-14,2024-07-28,2024-07-30,2026-08-12T13:29:33.699965,loans.csv
4523,1875,4,2023-09-12,2023-09-26,2023-09-25,2026-08-12T13:29:33.699965,loans.csv
5091,2206,23,2024-08-24,2024-09-07,2024-09-06,2026-08-12T13:29:33.699965,loans.csv
8126,874,1,2023-04-14,2023-04-28,2023-04-22,2026-08-12T13:29:33.699965,loans.csv
9591,920,1,2024-08-31,2024-09-14,,2026-08-12T13:29:33.699965,loans.csv
7687,1087,3,2024-11-12,2024-11-26,2024-11-30,2026-08-12T13:29:33.699965,loans.csv
730,1147,2,2024-08-14,2024-08-28,2024-08-24,2026-08-12T13:29:33.699965,loans.csv
8261,2057,1,2023-08-28,2023-09-11,2023-09-11,2026-08-12T13:29:33.699965,loans.csv
604,575,4,2021-12-07,2021-12-21,2021-12-15,2026-08-12T13:29:33.699965,loans.csv
8145,1631,1,2023-02-02,2023-02-16,2023-02-23,2026-08-12T13:29:33.699965,loans.csv
2677,1405,1,2024-02-02,2024-02-16,2024-02-14,2026-08-12T13:29:33.699965,loans.csv
7146,69,3,2024-03-29,2024-04-12,2024-04-11,2026-08-12T13:29:33.699965,loans.csv
4634,2774,1,2024-07-09,2024-07-23,2024-07-31,2026-08-12T13:29:33.699965,loans.csv
3095,2097,1,2024-10-20,2024-11-03,2024-11-01,2026-08-12T13:29:33.699965,loans.csv
5809,979,1,2022-05-23,2022-06-06,2022-05-31,2026-08-12T13:29:33.699965,loans.csv
4778,2115,1,2024-06-21,2024-07-05,2024-07-02,2026-08-12T13:29:33.699965,loans.csv
4673,960,1,2023-09-24,2023-10-08,2023-10-13,2026-08-12T13:29:33.699965,loans.csv
4925,66,4,2022-01-09,2022-01-23,2022-01-18,2026-08-12T13:29:33.699965,loans.csv
9086,59,2,2022-06-20,2022-07-04,2022-07-03,2026-08-12T13:29:33.699965,loans.csv
8792,334,1,2024-07-31,2024-08-14,2024-08-17,2026-08-12T13:29:33.699965,loans.csv
4927,1871,28,2021-09-25,2021-10-09,2021-10-01,2026-08-12T13:29:33.699965,loans.csv
8628,2189,2,2023-01-07,2023-01-21,2023-01-15,2026-08-12T13:29:33.699965,loans.csv
4472,614,2,2024-03-23,2024-04-06,2024-04-04,2026-08-12T13:29:33.699965,loans.csv
5573,2558,4,2021-09-18,2021-10-02,2021-10-01,2026-08-12T13:29:33.699965,loans.csv
7418,873,1,2023-06-18,2023-07-02,,2026-08-12T13:29:33.699965,loans.csv
8587,2311,1,2024-11-06,2024-11-27,2024-11-30,2026-08-12T13:29:33.699965,loans.csv
1614,1791,6,2024-11-02,2024-11-16,2024-11-18,2026-08-12T13:29:33.699965,loans.csv
3605,384,1,2024-07-12,2024-07-26,2024-07-28,2026-08-12T13:29:33.699965,loans.csv
7228,560,1,2024-10-31,2024-11-14,2024-11-21,2026-08-12T13:29:33.699965,loans.csv
4476,1142,1,2022-11-26,2022-11-14,2022-12-09,2026-08-12T13:29:33.699965,loans.csv
6893,544,4,2024-11-18,2024-12-02,2024-11-23,2026-08-12T13:29:33.699965,loans.csv
5741,1529,24,2023-06-29,2023-07-13,2023-07-12,2026-08-12T13:29:33.699965,loans.csv
3798,451,2,2023-07-06,2023-07-20,2023-07-26,2026-08-12T13:29:33.699965,loans.csv
3213,105,2,2024-08-29,2024-09-12,2024-09-19,2026-08-12T13:29:33.699965,loans.csv
3358,935,3,2022-11-30,2022-12-14,2022-12-12,2026-08-12T13:29:33.699965,loans.csv
6300,1236,2,2021-01-21,2021-02-04,2021-02-04,2026-08-12T13:29:33.699965,loans.csv
5638,1575,1,2023-07-10,2023-07-24,2023-07-11,2026-08-12T13:29:33.699965,loans.csv
914,1985,56,2022-08-01,2022-08-15,2022-08-02,2026-08-12T13:29:33.699965,loans.csv
1619,2637,3,2022-10-12,2022-10-26,,2026-08-12T13:29:33.699965,loans.csv
3059,615,45,2024-11-12,2024-11-26,2024-11-30,2026-08-12T13:29:33.699965,loans.csv
916,1113,1,2022-12-03,2022-12-17,2022-12-16,2026-08-12T13:29:33.699965,loans.csv
162,1263,3,2023-08-16,2023-08-30,,2026-08-12T13:29:33.699965,loans.csv
9371,2412,4,2022-10-18,2022-11-01,2022-11-07,2026-08-12T13:29:33.699965,loans.csv
3525,1350,2,2022-07-10,2022-07-31,2022-07-18,2026-08-12T13:29:33.699965,loans.csv
2232,1836,1,2024-10-14,2024-10-28,2024-10-31,2026-08-12T13:29:33.699965,loans.csv
5851,169,1,2021-03-31,2021-04-14,2021-04-16,2026-08-12T13:29:33.699965,loans.csv
2393,38,3,2024-12-22,2025-01-05,,2026-08-12T13:29:33.699965,loans.csv
562,43,4,2022-08-28,2022-09-11,2022-08-31,2026-08-12T13:29:33.699965,loans.csv
4942,1496,1,2023-07-03,2023-07-17,,2026-08-12T13:29:33.699965,loans.csv
1086,914,1,2022-01-28,2022-02-11,2022-02-11,2026-08-12T13:29:33.699965,loans.csv
8320,2250,1,2024-09-19,2024-10-03,2024-10-01,2026-08-12T13:29:33.699965,loans.csv
6211,391,3,2023-03-19,2023-04-09,2023-04-15,2026-08-12T13:29:33.699965,loans.csv
3308,924,5,2020-08-27,2020-09-10,2020-09-08,2026-08-12T13:29:33.699965,loans.csv
8732,2370,1,2024-05-26,2024-06-09,2024-06-04,2026-08-12T13:29:33.699965,loans.csv
7531,1279,2,2023-03-31,2023-04-14,2023-04-08,2026-08-12T13:29:33.699965,loans.csv
157,2712,9,2022-09-15,2022-10-06,2022-10-11,2026-08-12T13:29:33.699965,loans.csv
7831,2715,1,2024-07-16,2024-07-30,2024-08-20,2026-08-12T13:29:33.699965,loans.csv
8635,621,11,2023-09-10,2023-09-24,2023-09-15,2026-08-12T13:29:33.699965,loans.csv
5550,574,2,2022-09-14,2022-09-28,2022-09-29,2026-08-12T13:29:33.699965,loans.csv
937,1529,1,2024-10-16,2024-10-30,,2026-08-12T13:29:33.699965,loans.csv
4742,2324,1,2022-09-19,2022-10-03,2022-09-25,2026-08-12T13:29:33.699965,loans.csv
9161,2340,1,2023-02-25,2023-03-11,2023-03-01,2026-08-12T13:29:33.699965,loans.csv
1266,1661,1,2023-05-05,2023-05-19,2023-05-13,2026-08-12T13:29:33.699965,loans.csv
1008,437,1,2023-10-17,2023-11-07,2023-11-09,2026-08-12T13:29:33.699965,loans.csv
4461,2790,2,2024-01-01,2024-01-15,2024-01-16,2026-08-12T13:29:33.699965,loans.csv
1288,240,1,2022-09-15,2022-09-29,2022-09-20,2026-08-12T13:29:33.699965,loans.csv
4101,2600,94,2024-05-24,2024-06-07,2024-05-30,2026-08-12T13:29:33.699965,loans.csv
6655,13,1,2024-12-17,2024-12-31,,2026-08-12T13:29:33.699965,loans.csv
7596,1777,3,2024-07-11,2024-08-01,2024-09-05,2026-08-12T13:29:33.699965,loans.csv
7814,622,1,2024-10-03,2024-10-24,2024-10-07,2026-08-12T13:29:33.699965,loans.csv
4620,863,1,2022-05-29,2022-06-12,2022-05-30,2026-08-12T13:29:33.699965,loans.csv
8816,422,4,2024-10-07,2024-10-21,2024-10-27,2026-08-12T13:29:33.699965,loans.csv
3607,2305,2,2023-06-15,2023-06-29,2023-08-09,2026-08-12T13:29:33.699965,loans.csv
2772,587,1,2020-05-11,2020-05-25,2020-05-20,2026-08-12T13:29:33.699965,loans.csv
326,2152,2,2023-07-05,2023-07-19,2023-07-14,2026-08-12T13:29:33.699965,loans.csv
4674,2628,5,2021-11-06,2021-11-20,2021-12-21,2026-08-12T13:29:33.699965,loans.csv
8638,319,2,2023-12-28,2024-01-11,,2026-08-12T13:29:33.699965,loans.csv
4858,807,2,2023-12-10,2023-12-31,2023-12-21,2026-08-12T13:29:33.699965,loans.csv
2316,1767,1,2023-05-04,2023-05-18,2023-05-16,2026-08-12T13:29:33.699965,loans.csv
6783,1491,9,2024-11-19,2024-12-03,,2026-08-12T13:29:33.699965,loans.csv
2248,862,1,2023-09-06,2023-09-20,2023-09-17,2026-08-12T13:29:33.699965,loans.csv
2412,746,1,2022-04-07,2022-04-21,2022-04-18,2026-08-12T13:29:33.699965,loans.csv
7777,1640,1,2021-03-24,2021-04-07,2021-04-02,2026-08-12T13:29:33.699965,loans.csv
8415,1967,4,2024-04-25,2024-05-09,2024-04-27,2026-08-12T13:29:33.699965,loans.csv
42,1057,7,2024-02-04,2024-02-18,2024-02-07,2026-08-12T13:29:33.699965,loans.csv
8029,1896,2,2024-06-15,2024-06-29,2024-06-21,2026-08-12T13:29:33.699965,loans.csv
8280,933,1,2024-06-03,2024-06-17,2024-06-17,2026-08-12T13:29:33.699965,loans.csv
183,1632,1,2024-05-28,2024-06-18,2024-06-19,2026-08-12T13:29:33.699965,loans.csv
1623,2251,50,2024-01-12,2024-01-26,2024-01-21,2026-08-12T13:29:33.699965,loans.csv
4213,1253,1,2024-05-29,2024-06-12,,2026-08-12T13:29:33.699965,loans.csv
2646,1525,1,2023-06-01,2023-06-15,2023-06-02,2026-08-12T13:29:33.699965,loans.csv
9149,1790,7,2024-06-26,2024-07-17,2024-07-18,2026-08-12T13:29:33.699965,loans.csv
1280,2474,2,2023-12-16,2023-12-30,2024-01-05,2026-08-12T13:29:33.699965,loans.csv
1078,1095,10,2020-05-05,2020-05-19,2020-05-11,2026-08-12T13:29:33.699965,loans.csv
6975,852,1,2024-07-20,2024-08-03,2024-07-31,2026-08-12T13:29:33.699965,loans.csv
7766,1942,18,2024-08-30,2024-09-13,2024-09-05,2026-08-12T13:29:33.699965,loans.csv
1157,2043,1,2023-11-06,2023-11-20,,2026-08-12T13:29:33.699965,loans.csv
9488,1366,15,2023-03-31,2023-04-14,2023-04-06,2026-08-12T13:29:33.699965,loans.csv
2470,452,4,2023-04-06,2023-04-20,2023-04-07,2026-08-12T13:29:33.699965,loans.csv
7230,1437,1,2024-12-26,2025-01-09,,2026-08-12T13:29:33.699965,loans.csv
2605,211,2,2024-10-14,2024-10-28,2024-11-04,2026-08-12T13:29:33.699965,loans.csv
93,1771,2,2020-10-24,2020-11-07,2020-11-01,2026-08-12T13:29:33.699965,loans.csv
3809,549,1,2024-11-07,2024-11-21,2024-11-11,2026-08-12T13:29:33.699965,loans.csv
2458,319,2,2024-06-12,2024-06-26,2024-06-22,2026-08-12T13:29:33.699965,loans.csv
5285,355,1,2023-10-06,2023-10-20,2023-10-18,2026-08-12T13:29:33.699965,loans.csv
2994,2783,6,2024-12-22,2025-01-05,,2026-08-12T13:29:33.699965,loans.csv
5191,1485,1,2023-02-13,2023-02-27,2023-03-02,2026-08-12T13:29:33.699965,loans.csv
6092,1508,1,2021-05-06,2021-05-20,2021-05-16,2026-08-12T13:29:33.699965,loans.csv
9194,1905,1,2024-10-20,2024-11-03,2024-11-02,2026-08-12T13:29:33.699965,loans.csv
3998,675,26,2021-12-18,2022-01-01,2021-12-30,2026-08-12T13:29:33.699965,loans.csv
7751,1382,1,2023-02-11,2023-02-25,2023-02-25,2026-08-12T13:29:33.699965,loans.csv
6025,1939,12,2024-11-18,2024-12-09,,2026-08-12T13:29:33.699965,loans.csv
1604,191,1,2023-10-17,2023-10-31,2023-10-30,2026-08-12T13:29:33.699965,loans.csv
6449,542,9,2021-08-11,2021-08-25,2021-08-13,2026-08-12T13:29:33.699965,loans.csv
7143,2634,1,2023-03-29,2023-04-12,2023-03-30,2026-08-12T13:29:33.699965,loans.csv
8005,289,1,2022-05-05,2022-05-26,2022-05-27,2026-08-12T13:29:33.699965,loans.csv
899,1087,2,2024-10-18,2024-11-01,2024-10-26,2026-08-12T13:29:33.699965,loans.csv
299,2567,2,2024-09-16,2024-09-30,2024-09-26,2026-08-12T13:29:33.699965,loans.csv
9538,1030,9,2024-05-30,2024-06-20,2024-06-23,2026-08-12T13:29:33.699965,loans.csv
7396,2009,8,2023-11-13,2023-11-27,2023-11-23,2026-08-12T13:29:33.699965,loans.csv
246,1694,5,2021-06-28,2021-07-12,2021-06-29,2026-08-12T13:29:33.699965,loans.csv
2108,1620,20,2023-09-17,2023-10-01,2023-09-21,2026-08-12T13:29:33.699965,loans.csv
2455,943,25,2022-08-04,2022-08-18,,2026-08-12T13:29:33.699965,loans.csv
9379,1926,2,2024-10-15,2024-10-29,2024-11-01,2026-08-12T13:29:33.699965,loans.csv
5806,2478,3,2023-12-18,2024-01-01,2023-12-26,2026-08-12T13:29:33.699965,loans.csv
361,1400,1,2024-10-31,2024-11-14,2024-11-11,2026-08-12T13:29:33.699965,loans.csv
1729,1240,1,2022-09-20,2022-10-04,2022-10-03,2026-08-12T13:29:33.699965,loans.csv
4384,2597,2,2021-06-20,2021-07-04,2021-06-24,2026-08-12T13:29:33.699965,loans.csv
3258,1178,6,2024-07-03,2024-07-17,2024-07-05,2026-08-12T13:29:33.699965,loans.csv
7377,2728,1,2022-09-08,2022-09-22,2022-09-17,2026-08-12T13:29:33.699965,loans.csv
627,300,1,2024-10-22,2024-11-05,,2026-08-12T13:29:33.699965,loans.csv
8289,1938,9,2024-03-10,2024-03-24,2024-03-16,2026-08-12T13:29:33.699965,loans.csv
7573,1886,1,2024-10-02,2024-10-16,2024-10-17,2026-08-12T13:29:33.699965,loans.csv
3799,2052,20,2022-09-03,2022-09-17,2022-09-19,2026-08-12T13:29:33.699965,loans.csv
9462,552,5,2021-04-25,2021-05-09,2021-04-27,2026-08-12T13:29:33.699965,loans.csv
9412,1198,3,2024-07-25,2024-08-08,2024-08-03,2026-08-12T13:29:33.699965,loans.csv
7761,1690,1,2024-11-03,2024-11-17,2024-11-08,2026-08-12T13:29:33.699965,loans.csv
7225,2018,2,2024-08-14,2024-08-28,2024-08-30,2026-08-12T13:29:33.699965,loans.csv
5164,2101,8,2021-02-09,2021-02-23,2021-03-02,2026-08-12T13:29:33.699965,loans.csv
5486,728,1,2023-09-19,2023-10-03,2023-10-09,2026-08-12T13:29:33.699965,loans.csv
346,271,1,2022-01-03,2022-01-17,2022-01-12,2026-08-12T13:29:33.699965,loans.csv
1535,2633,2,2024-04-06,2024-04-20,,2026-08-12T13:29:33.699965,loans.csv
4244,1430,2,2024-09-09,2024-09-23,2024-09-20,2026-08-12T13:29:33.699965,loans.csv
5028,1264,1,2022-09-18,2022-10-02,,2026-08-12T13:29:33.699965,loans.csv
2488,1657,2,2024-08-09,2024-08-23,2024-08-15,2026-08-12T13:29:33.699965,loans.csv
234,1624,1,2021-11-06,2021-11-20,2021-11-07,2026-08-12T13:29:33.699965,loans.csv
1849,1478,1,2020-08-24,2020-09-14,2020-08-31,2026-08-12T13:29:33.699965,loans.csv
3380,223,1,2022-03-03,2022-03-17,2022-03-11,2026-08-12T13:29:33.699965,loans.csv
212,1033,1,2024-06-19,2024-07-03,2024-06-29,2026-08-12T13:29:33.699965,loans.csv
6540,729,7,2023-02-18,2023-03-04,2023-02-27,2026-08-12T13:29:33.699965,loans.csv
2491,756,2,2023-05-22,2023-06-05,2023-07-06,2026-08-12T13:29:33.699965,loans.csv
1713,1835,2,2023-10-02,2023-10-16,2023-10-19,2026-08-12T13:29:33.699965,loans.csv
2265,404,3,2024-12-26,2025-01-09,,2026-08-12T13:29:33.699965,loans.csv
6357,1380,23,2024-02-08,2024-02-29,,2026-08-12T13:29:33.699965,loans.csv
4398,1821,3,2024-11-26,2024-12-10,,2026-08-12T13:29:33.699965,loans.csv
9343,1688,1,2024-02-29,2024-03-14,,2026-08-12T13:29:33.699965,loans.csv
8272,937,1,2024-07-23,2024-08-13,2024-07-28,2026-08-12T13:29:33.699965,loans.csv
2116,829,1,2024-02-26,2024-03-11,,2026-08-12T13:29:33.699965,loans.csv
3204,1194,1,2024-12-05,2024-12-26,2024-12-15,2026-08-12T13:29:33.699965,loans.csv
9509,728,7,2023-05-27,2023-06-10,2023-06-03,2026-08-12T13:29:33.699965,loans.csv
6081,80,6,2022-10-20,2022-11-03,2022-11-06,2026-08-12T13:29:33.699965,loans.csv
2112,1810,2,2024-07-11,2024-07-25,2024-07-21,2026-08-12T13:29:33.699965,loans.csv
6887,1069,5,2024-05-31,2024-06-21,,2026-08-12T13:29:33.699965,loans.csv
4295,1828,1,2023-07-13,2023-07-27,2023-07-22,2026-08-12T13:29:33.699965,loans.csv
3210,223,5,2021-05-20,2021-06-03,2021-06-10,2026-08-12T13:29:33.699965,loans.csv
7652,1015,6,2021-05-28,2021-06-11,2021-06-16,2026-08-12T13:29:33.699965,loans.csv
8707,1382,4,2023-03-11,2023-03-25,2023-03-18,2026-08-12T13:29:33.699965,loans.csv
8722,2316,1,2023-08-19,2023-09-02,2023-08-24,2026-08-12T13:29:33.699965,loans.csv
1115,1899,4,2021-07-11,2021-07-25,2021-08-22,2026-08-12T13:29:33.699965,loans.csv
6789,1654,36,2021-09-07,2021-09-21,2021-09-20,2026-08-12T13:29:33.699965,loans.csv
6640,287,1,2024-02-10,2024-02-24,2024-03-02,2026-08-12T13:29:33.699965,loans.csv
6817,110,4,2024-11-28,2024-12-12,,2026-08-12T13:29:33.699965,loans.csv
442,882,5,2023-02-01,2023-02-22,,2026-08-12T13:29:33.699965,loans.csv
1480,254,3,2024-04-22,2024-05-06,2024-05-12,2026-08-12T13:29:33.699965,loans.csv
8309,788,2,2024-05-14,2024-05-28,2024-06-02,2026-08-12T13:29:33.699965,loans.csv
6145,2413,3,2024-12-10,2024-12-24,2024-12-18,2026-08-12T13:29:33.699965,loans.csv
339,1697,3,2023-07-30,2023-08-13,2023-08-01,2026-08-12T13:29:33.699965,loans.csv
8459,2039,9,2024-04-10,2024-04-24,2024-04-20,2026-08-12T13:29:33.699965,loans.csv
1162,2313,16,2023-06-12,2023-06-26,2023-07-01,2026-08-12T13:29:33.699965,loans.csv
7509,568,1,2022-08-23,2022-09-13,2022-08-25,2026-08-12T13:29:33.699965,loans.csv
7072,2659,4,2024-01-30,2024-02-13,2024-02-08,2026-08-12T13:29:33.699965,loans.csv
5402,831,12,2023-12-25,2024-01-08,2024-01-02,2026-08-12T13:29:33.699965,loans.csv
1368,551,5,2022-02-16,2022-03-02,2022-03-07,2026-08-12T13:29:33.699965,loans.csv
8636,2768,4,2024-12-26,2025-01-16,,2026-08-12T13:29:33.699965,loans.csv
2079,1776,1,2024-07-31,2024-08-14,,2026-08-12T13:29:33.699965,loans.csv
6052,469,2,2020-11-24,2020-12-08,,2026-08-12T13:29:33.699965,loans.csv
3634,2084,8,2022-10-22,2022-11-05,2022-11-08,2026-08-12T13:29:33.699965,loans.csv
3829,2558,20,2022-05-31,2022-06-14,2022-06-12,2026-08-12T13:29:33.699965,loans.csv
3144,1684,3,2024-10-05,2024-10-19,2024-10-29,2026-08-12T13:29:33.699965,loans.csv
771,714,27,2024-10-09,2024-10-23,2024-10-27,2026-08-12T13:29:33.699965,loans.csv
3391,2059,1,2021-01-10,2021-01-24,2021-01-28,2026-08-12T13:29:33.699965,loans.csv
2895,1563,32,2024-07-10,2024-07-24,2024-07-22,2026-08-12T13:29:33.699965,loans.csv
1828,2591,3,2022-05-27,2022-06-10,2022-06-07,2026-08-12T13:29:33.699965,loans.csv
7209,1631,1,2021-07-06,2021-07-20,2021-07-14,2026-08-12T13:29:33.699965,loans.csv
7620,542,2,2024-07-29,2024-08-12,2024-08-01,2026-08-12T13:29:33.699965,loans.csv
3017,2191,5,2020-04-21,2020-05-12,2020-05-16,2026-08-12T13:29:33.699965,loans.csv
1383,1992,1,2024-07-07,2024-07-21,2024-07-09,2026-08-12T13:29:33.699965,loans.csv
4203,1715,1,2023-08-28,2023-09-11,2023-10-05,2026-08-12T13:29:33.699965,loans.csv
5831,2491,8,2024-12-10,2024-12-24,2024-12-23,2026-08-12T13:29:33.699965,loans.csv
2921,1198,2,2024-12-10,2024-12-24,2024-12-20,2026-08-12T13:29:33.699965,loans.csv
8968,1696,3,2023-05-30,2023-06-13,2023-06-02,2026-08-12T13:29:33.699965,loans.csv
5087,2641,1,2023-12-08,2023-12-22,2024-01-05,2026-08-12T13:29:33.699965,loans.csv
4196,2641,5,2024-07-21,2024-08-04,2024-08-01,2026-08-12T13:29:33.699965,loans.csv
9082,2365,1,2024-06-20,2024-07-11,2024-07-12,2026-08-12T13:29:33.699965,loans.csv
4465,1491,1,2024-07-17,2024-07-31,2024-08-05,2026-08-12T13:29:33.699965,loans.csv
6974,1148,3,2024-04-09,2024-04-30,2024-05-06,2026-08-12T13:29:33.699965,loans.csv
1686,146,1,2024-10-21,2024-11-04,2024-11-02,2026-08-12T13:29:33.699965,loans.csv
5631,691,2,2022-09-29,2022-10-13,2022-10-09,2026-08-12T13:29:33.699965,loans.csv
4968,219,1,2024-06-13,2024-06-27,,2026-08-12T13:29:33.699965,loans.csv
7151,445,2,2024-06-30,2024-07-14,2024-07-20,2026-08-12T13:29:33.699965,loans.csv
7717,1082,1,2023-03-01,2023-03-15,2023-03-06,2026-08-12T13:29:33.699965,loans.csv
1560,1769,50,2022-04-20,2022-05-04,2022-04-23,2026-08-12T13:29:33.699965,loans.csv
3043,341,2,2024-04-17,2024-05-01,2024-04-21,2026-08-12T13:29:33.699965,loans.csv
8718,1991,1,2021-06-20,2021-07-04,2021-07-05,2026-08-12T13:29:33.699965,loans.csv
1098,2459,6,2024-09-02,2024-09-23,2024-09-25,2026-08-12T13:29:33.699965,loans.csv
2423,2692,40,2024-02-27,2024-03-12,,2026-08-12T13:29:33.699965,loans.csv
1315,1943,1,2023-08-30,2023-09-13,2023-09-18,2026-08-12T13:29:33.699965,loans.csv
2696,647,12,2022-12-26,2023-01-09,2023-01-19,2026-08-12T13:29:33.699965,loans.csv
1544,2057,2,2022-09-07,2022-09-28,2022-09-08,2026-08-12T13:29:33.699965,loans.csv
445,1064,1,2024-05-27,2024-06-10,2024-06-09,2026-08-12T13:29:33.699965,loans.csv
2120,28,1,2020-11-01,2020-11-15,2020-11-06,2026-08-12T13:29:33.699965,loans.csv
6571,2558,1,2023-03-22,2023-04-05,2023-04-02,2026-08-12T13:29:33.699965,loans.csv
4552,813,3,2024-10-20,2024-11-03,,2026-08-12T13:29:33.699965,loans.csv
846,676,1,2023-12-18,2024-01-01,2024-01-08,2026-08-12T13:29:33.699965,loans.csv
3369,175,36,2022-03-04,2022-03-18,2022-03-05,2026-08-12T13:29:33.699965,loans.csv
2097,231,1,2023-01-27,2023-02-10,2023-03-13,2026-08-12T13:29:33.699965,loans.csv
5597,661,1,2023-06-30,2023-07-14,,2026-08-12T13:29:33.699965,loans.csv
6551,2144,1,2024-08-07,2024-08-21,2024-08-14,2026-08-12T13:29:33.699965,loans.csv
4172,2204,1,2023-09-09,2023-09-23,2023-09-14,2026-08-12T13:29:33.699965,loans.csv
809,62,22,2023-04-06,2023-04-20,2023-04-08,2026-08-12T13:29:33.699965,loans.csv
6816,552,126,2022-10-10,2022-10-24,2022-10-19,2026-08-12T13:29:33.699965,loans.csv
9527,2391,11,2022-11-25,2022-12-09,2022-12-15,2026-08-12T13:29:33.699965,loans.csv
3780,1949,1,2024-05-09,2024-05-23,2024-05-14,2026-08-12T13:29:33.699965,loans.csv
2141,1364,121,2024-08-24,2024-09-14,2024-09-05,2026-08-12T13:29:33.699965,loans.csv
8481,2044,1,2024-06-02,2024-06-16,2024-06-10,2026-08-12T13:29:33.699965,loans.csv
4788,1942,34,2024-11-03,2024-11-17,2024-11-07,2026-08-12T13:29:33.699965,loans.csv
4821,1864,17,2023-10-22,2023-11-12,2023-11-07,2026-08-12T13:29:33.699965,loans.csv
6181,148,1,2022-07-20,2022-08-03,2022-07-22,2026-08-12T13:29:33.699965,loans.csv
9030,2227,1,2024-03-26,2024-04-09,2024-04-05,2026-08-12T13:29:33.699965,loans.csv
1384,2249,1,2023-05-19,2023-06-02,2023-07-06,2026-08-12T13:29:33.699965,loans.csv
7880,146,3,2024-10-06,2024-10-20,2024-10-19,2026-08-12T13:29:33.699965,loans.csv
2689,2086,3,2023-06-11,2023-06-25,2023-06-13,2026-08-12T13:29:33.699965,loans.csv
4833,169,7,2021-06-18,2021-07-09,2021-07-11,2026-08-12T13:29:33.699965,loans.csv
5691,2116,1,2023-03-11,2023-03-25,2023-04-01,2026-08-12T13:29:33.699965,loans.csv
9132,1632,5,2022-12-03,2022-12-17,2022-12-09,2026-08-12T13:29:33.699965,loans.csv
2313,1881,6,2023-02-02,2023-02-16,,2026-08-12T13:29:33.699965,loans.csv
6139,715,2,2021-06-14,2021-07-05,,2026-08-12T13:29:33.699965,loans.csv
9481,1846,1,2020-05-15,2020-06-05,2020-06-12,2026-08-12T13:29:33.699965,loans.csv
1029,2366,5,2024-11-02,2024-11-16,2024-11-21,2026-08-12T13:29:33.699965,loans.csv
2251,2004,54,2023-09-29,2023-10-20,2023-09-30,2026-08-12T13:29:33.699965,loans.csv
34,727,3,2022-12-26,2023-01-09,,2026-08-12T13:29:33.699965,loans.csv
7575,1345,1,2023-09-02,2023-09-23,,2026-08-12T13:29:33.699965,loans.csv
8711,680,65,2024-12-06,2024-12-20,2024-12-08,2026-08-12T13:29:33.699965,loans.csv
1753,2477,17,2023-02-04,2023-02-18,2023-02-15,2026-08-12T13:29:33.699965,loans.csv
5107,747,1,2023-06-30,2023-07-14,2023-07-01,2026-08-12T13:29:33.699965,loans.csv
8436,1221,1,2022-10-12,2022-10-26,2022-10-19,2026-08-12T13:29:33.699965,loans.csv
7591,1208,1,2024-12-15,2024-12-29,,2026-08-12T13:29:33.699965,loans.csv
9140,2268,43,2023-11-01,2023-11-22,2023-11-15,2026-08-12T13:29:33.699965,loans.csv
1208,2172,3,2023-10-07,2023-10-21,2023-10-18,2026-08-12T13:29:33.699965,loans.csv
7318,1647,1,2022-04-26,2022-05-10,2022-05-10,2026-08-12T13:29:33.699965,loans.csv
2302,2276,4,2023-01-12,2023-01-26,2023-01-30,2026-08-12T13:29:33.699965,loans.csv
7058,420,7,2022-12-13,2022-12-27,2022-12-19,2026-08-12T13:29:33.699965,loans.csv
3775,945,1,2024-08-15,2024-08-29,2024-08-20,2026-08-12T13:29:33.699965,loans.csv
1832,95,1,2020-05-04,2020-05-18,2020-05-07,2026-08-12T13:29:33.699965,loans.csv
9021,2271,2,2024-03-17,2024-03-31,2024-03-18,2026-08-12T13:29:33.699965,loans.csv
1640,2018,1,2024-01-03,2024-01-17,2024-01-15,2026-08-12T13:29:33.699965,loans.csv
7434,191,1,2020-10-08,2020-10-22,2020-10-15,2026-08-12T13:29:33.699965,loans.csv
4879,329,1,2024-05-23,2024-06-06,2024-05-26,2026-08-12T13:29:33.699965,loans.csv
911,2481,1,2024-10-20,2024-11-10,2024-10-22,2026-08-12T13:29:33.699965,loans.csv
7699,58,1,2022-12-25,2023-01-15,2023-01-05,2026-08-12T13:29:33.699965,loans.csv
7671,2204,10,2024-04-23,2024-05-07,2024-04-29,2026-08-12T13:29:33.699965,loans.csv
7607,831,8,2021-09-01,2021-09-15,2021-10-24,2026-08-12T13:29:33.699965,loans.csv
3359,1684,65,2022-01-18,2022-02-01,,2026-08-12T13:29:33.699965,loans.csv
1041,468,19,2024-04-14,2024-04-28,2024-04-16,2026-08-12T13:29:33.699965,loans.csv
3625,1982,9,2023-08-20,2023-09-03,2023-08-30,2026-08-12T13:29:33.699965,loans.csv
466,2640,2,2024-03-16,2024-03-30,2024-03-28,2026-08-12T13:29:33.699965,loans.csv
6869,4,55,2023-02-28,2023-03-14,,2026-08-12T13:29:33.699965,loans.csv
1583,1198,2,2024-08-07,2024-08-21,2024-08-14,2026-08-12T13:29:33.699965,loans.csv
6757,1740,2,2024-08-05,2024-08-19,2024-08-23,2026-08-12T13:29:33.699965,loans.csv
4059,2139,2,2024-11-10,2024-11-24,2024-11-17,2026-08-12T13:29:33.699965,loans.csv
5825,1219,1,2021-02-05,2021-02-19,2021-02-25,2026-08-12T13:29:33.699965,loans.csv
165,2568,2,2024-12-14,2024-12-28,,2026-08-12T13:29:33.699965,loans.csv
7884,2790,1,2024-03-06,2024-03-20,2024-03-18,2026-08-12T13:29:33.699965,loans.csv
9001,177,1,2022-05-26,2022-06-09,,2026-08-12T13:29:33.699965,loans.csv
6573,2279,1,2023-10-07,2023-10-21,2023-10-13,2026-08-12T13:29:33.699965,loans.csv
6158,363,2,2022-02-25,2022-03-11,2022-03-02,2026-08-12T13:29:33.699965,loans.csv
4359,1405,1,2024-04-02,2024-04-16,,2026-08-12T13:29:33.699965,loans.csv
7094,476,9,2022-04-17,2022-05-01,2022-04-26,2026-08-12T13:29:33.699965,loans.csv
39,107,24,2022-07-14,2022-08-04,2022-07-24,2026-08-12T13:29:33.699965,loans.csv
4733,1442,1,2024-03-27,2024-04-17,2024-04-16,2026-08-12T13:29:33.699965,loans.csv
6298,110,41,2024-12-18,2025-01-01,,2026-08-12T13:29:33.699965,loans.csv
2341,1632,3,2022-12-02,2022-12-16,2022-12-04,2026-08-12T13:29:33.699965,loans.csv
1928,950,19,2023-09-13,2023-09-27,2023-10-04,2026-08-12T13:29:33.699965,loans.csv
6463,2256,1,2023-03-07,2023-03-21,2023-03-08,2026-08-12T13:29:33.699965,loans.csv
4598,1895,15,2023-07-19,2023-08-02,,2026-08-12T13:29:33.699965,loans.csv
1847,2560,1,2024-09-17,2024-10-01,2024-09-21,2026-08-12T13:29:33.699965,loans.csv
5308,347,32,2024-07-20,2024-08-03,2024-07-29,2026-08-12T13:29:33.699965,loans.csv
8696,2079,1,2024-08-12,2024-08-26,,2026-08-12T13:29:33.699965,loans.csv
7112,1132,2,2022-07-07,2022-07-21,2022-07-11,2026-08-12T13:29:33.699965,loans.csv
8291,301,4,2024-11-13,2024-11-27,2024-11-22,2026-08-12T13:29:33.699965,loans.csv
7653,1715,1,2023-10-12,2023-10-26,2023-10-29,2026-08-12T13:29:33.699965,loans.csv
1031,1087,2,2024-07-23,2024-08-06,2024-08-05,2026-08-12T13:29:33.699965,loans.csv
5766,937,1,2024-08-14,2024-08-28,2024-08-23,2026-08-12T13:29:33.699965,loans.csv
1882,1629,1,2023-02-03,2023-02-17,2023-02-13,2026-08-12T13:29:33.699965,loans.csv
8507,1082,2,2020-09-26,2020-10-10,2020-09-28,2026-08-12T13:29:33.699965,loans.csv
270,572,7,2024-03-30,2024-04-13,2024-04-05,2026-08-12T13:29:33.699965,loans.csv
8794,2159,3,2024-02-02,2024-02-16,2024-02-28,2026-08-12T13:29:33.699965,loans.csv
1159,1807,15,2023-05-17,2023-06-07,2023-05-19,2026-08-12T13:29:33.699965,loans.csv
7900,2783,1,2024-10-07,2024-10-21,2024-10-16,2026-08-12T13:29:33.699965,loans.csv
3642,608,9,2023-11-18,2023-12-09,2023-12-01,2026-08-12T13:29:33.699965,loans.csv
6152,1415,3,2020-08-29,2020-09-12,2020-09-15,2026-08-12T13:29:33.699965,loans.csv
8299,1673,7,2021-10-05,2021-10-19,,2026-08-12T13:29:33.699965,loans.csv
5030,568,23,2023-12-27,2024-01-10,2023-12-31,2026-08-12T13:29:33.699965,loans.csv
4735,1277,1,2021-02-03,2021-02-17,2021-02-11,2026-08-12T13:29:33.699965,loans.csv
2064,831,5,2024-05-26,2024-06-09,2024-07-09,2026-08-12T13:29:33.699965,loans.csv
5066,1988,2,2021-08-27,2021-09-10,2021-09-10,2026-08-12T13:29:33.699965,loans.csv
1106,2232,3,2024-06-26,2024-07-10,2024-07-01,2026-08-12T13:29:33.699965,loans.csv
738,1096,1,2024-10-17,2024-10-31,2024-11-06,2026-08-12T13:29:33.699965,loans.csv
5577,960,6,2023-09-30,2023-10-14,2023-10-07,2026-08-12T13:29:33.699965,loans.csv
2529,429,4,2023-03-10,2023-03-31,2023-04-06,2026-08-12T13:29:33.699965,loans.csv
4261,226,6,2024-05-19,2024-06-02,2024-05-21,2026-08-12T13:29:33.699965,loans.csv
4508,1970,1,2024-11-20,2024-12-04,2024-12-11,2026-08-12T13:29:33.699965,loans.csv
9312,452,2,2023-10-28,2023-11-11,2023-11-11,2026-08-12T13:29:33.699965,loans.csv
1685,242,1,2020-08-04,2020-08-18,2020-08-08,2026-08-12T13:29:33.699965,loans.csv
167,2017,1,2024-04-05,2024-04-19,2024-04-23,2026-08-12T13:29:33.699965,loans.csv
3973,1109,1,2023-06-25,2023-07-09,2023-07-01,2026-08-12T13:29:33.699965,loans.csv
6371,1494,1,2024-10-21,2024-11-04,2024-10-29,2026-08-12T13:29:33.699965,loans.csv
6861,1240,1,2023-01-03,2023-01-17,2023-01-23,2026-08-12T13:29:33.699965,loans.csv
7046,1353,5,2022-05-05,2022-05-19,,2026-08-12T13:29:33.699965,loans.csv
2326,64,1,2023-02-23,2023-03-09,2023-02-27,2026-08-12T13:29:33.699965,loans.csv
7074,1621,71,2023-12-11,2023-12-25,2023-12-22,2026-08-12T13:29:33.699965,loans.csv
1548,1360,3,2024-03-05,2024-03-19,2024-03-25,2026-08-12T13:29:33.699965,loans.csv
4072,1098,17,2023-08-03,2023-08-17,2023-08-12,2026-08-12T13:29:33.699965,loans.csv
5946,481,1,2021-04-14,2021-04-28,2021-04-30,2026-08-12T13:29:33.699965,loans.csv
5386,452,5,2023-09-07,2023-09-28,2023-09-21,2026-08-12T13:29:33.699965,loans.csv
8887,1422,1,2024-03-19,2024-04-02,2024-03-24,2026-08-12T13:29:33.699965,loans.csv
7264,2788,2,2024-08-05,2024-08-26,2024-08-25,2026-08-12T13:29:33.699965,loans.csv
9135,651,5,2021-11-15,2021-11-29,2021-11-28,2026-08-12T13:29:33.699965,loans.csv
9496,242,5,2021-07-05,2021-07-19,2021-07-26,2026-08-12T13:29:33.699965,loans.csv
4311,1847,25,2024-05-06,2024-05-20,2024-05-11,2026-08-12T13:29:33.699965,loans.csv
5292,621,2,2023-10-15,2023-10-29,2023-11-01,2026-08-12T13:29:33.699965,loans.csv
1825,287,4,2023-11-04,2023-11-18,2023-11-16,2026-08-12T13:29:33.699965,loans.csv
1999,1478,3,2021-08-18,2021-09-01,2021-08-23,2026-08-12T13:29:33.699965,loans.csv
9388,1522,1,2024-12-21,2025-01-04,,2026-08-12T13:29:33.699965,loans.csv
3831,432,9,2024-12-20,2025-01-03,,2026-08-12T13:29:33.699965,loans.csv
6965,1255,15,2022-11-13,2022-12-04,2022-11-16,2026-08-12T13:29:33.699965,loans.csv
3462,1496,13,2024-05-03,2024-05-17,2024-05-13,2026-08-12T13:29:33.699965,loans.csv
2688,1522,1,2021-03-24,2021-04-07,2021-04-07,2026-08-12T13:29:33.699965,loans.csv
2839,2155,3,2023-09-21,2023-10-05,2023-10-02,2026-08-12T13:29:33.699965,loans.csv
8094,289,40,2023-02-04,2023-02-18,2023-02-17,2026-08-12T13:29:33.699965,loans.csv
6094,900,2,2021-02-01,2021-02-15,2021-03-08,2026-08-12T13:29:33.699965,loans.csv
4174,2318,3,2023-04-28,2023-05-12,2023-05-06,2026-08-12T13:29:33.699965,loans.csv
6217,2081,5,2020-09-21,2020-10-05,2020-10-11,2026-08-12T13:29:33.699965,loans.csv
1064,714,3,2023-11-28,2023-12-12,2023-12-03,2026-08-12T13:29:33.699965,loans.csv
3046,1532,2,2022-10-23,2022-11-06,2022-11-13,2026-08-12T13:29:33.699965,loans.csv
4130,907,1,2024-09-18,2024-10-02,2024-09-27,2026-08-12T13:29:33.699965,loans.csv
8201,721,75,2024-10-10,2024-10-24,2024-10-27,2026-08-12T13:29:33.699965,loans.csv
7091,2658,1,2024-04-24,2024-05-08,2024-05-04,2026-08-12T13:29:33.699965,loans.csv
1204,2325,1,2023-08-09,2023-08-23,2023-08-29,2026-08-12T13:29:33.699965,loans.csv
9158,509,1,2022-12-09,2022-12-23,2022-12-15,2026-08-12T13:29:33.699965,loans.csv
1297,2780,1,2023-11-22,2023-12-06,2023-12-10,2026-08-12T13:29:33.699965,loans.csv
2443,1991,6,2022-05-07,2022-05-21,2022-05-09,2026-08-12T13:29:33.699965,loans.csv
7339,2797,1,2020-12-01,2020-12-15,2020-12-11,2026-08-12T13:29:33.699965,loans.csv
636,2531,8,2024-11-26,2024-12-10,2024-11-27,2026-08-12T13:29:33.699965,loans.csv
6294,298,8,2021-12-17,2022-01-07,,2026-08-12T13:29:33.699965,loans.csv
5307,2494,2,2022-02-11,2022-02-25,2022-02-21,2026-08-12T13:29:33.699965,loans.csv
7952,911,85,2024-09-11,2024-10-02,2024-09-27,2026-08-12T13:29:33.699965,loans.csv
3011,738,2,2022-08-11,2022-09-01,2022-09-06,2026-08-12T13:29:33.699965,loans.csv
1006,1382,2,2022-10-06,2022-10-20,2022-10-19,2026-08-12T13:29:33.699965,loans.csv
8401,1585,71,2024-09-09,2024-09-23,2024-09-25,2026-08-12T13:29:33.699965,loans.csv
1830,2202,6,2024-11-18,2024-12-02,2024-11-25,2026-08-12T13:29:33.699965,loans.csv
7461,1991,4,2024-05-24,2024-06-07,2024-05-29,2026-08-12T13:29:33.699965,loans.csv
933,1782,4,2024-09-28,2024-10-12,2024-10-04,2026-08-12T13:29:33.699965,loans.csv
3020,2445,1,2024-12-24,2025-01-07,,2026-08-12T13:29:33.699965,loans.csv
8323,209,2,2024-09-25,2024-10-09,2024-10-08,2026-08-12T13:29:33.699965,loans.csv
2368,2721,1,2023-11-05,2023-11-26,2023-11-30,2026-08-12T13:29:33.699965,loans.csv
5782,2050,21,2023-06-10,2023-06-24,2023-06-21,2026-08-12T13:29:33.699965,loans.csv
7136,2344,14,2024-11-10,2024-11-24,,2026-08-12T13:29:33.699965,loans.csv
2128,1824,2,2024-08-11,2024-08-25,2024-08-22,2026-08-12T13:29:33.699965,loans.csv
6534,2793,3,2024-04-03,2024-04-17,2024-04-15,2026-08-12T13:29:33.699965,loans.csv
5418,700,24,2021-01-02,2021-01-16,2021-01-15,2026-08-12T13:29:33.699965,loans.csv
1993,1546,1,2023-04-17,2023-05-01,,2026-08-12T13:29:33.699965,loans.csv
8060,1835,5,2023-09-15,2023-09-29,2023-10-05,2026-08-12T13:29:33.699965,loans.csv
8091,2016,3,2021-05-07,2021-05-21,2021-05-08,2026-08-12T13:29:33.699965,loans.csv
294,2488,1,2022-11-21,2022-12-05,2022-11-25,2026-08-12T13:29:33.699965,loans.csv
3182,149,2,2023-05-31,2023-06-14,2023-06-30,2026-08-12T13:29:33.699965,loans.csv
7023,2015,3,2023-07-31,2023-08-14,2023-08-03,2026-08-12T13:29:33.699965,loans.csv
4407,2262,16,2024-08-16,2024-08-30,2024-09-03,2026-08-12T13:29:33.699965,loans.csv
1852,62,2,2024-02-18,2024-03-03,2024-02-25,2026-08-12T13:29:33.699965,loans.csv
4290,1092,1,2021-05-28,2021-06-11,2021-05-31,2026-08-12T13:29:33.699965,loans.csv
4089,2509,1,2022-03-10,2022-03-24,2022-03-23,2026-08-12T13:29:33.699965,loans.csv
8038,2248,3,2024-04-18,2024-05-02,2024-04-29,2026-08-12T13:29:33.699965,loans.csv
4692,311,1,2023-12-19,2024-01-02,2024-01-01,2026-08-12T13:29:33.699965,loans.csv
1608,1967,4,2023-04-21,2023-05-12,,2026-08-12T13:29:33.699965,loans.csv
660,1882,4,2024-02-04,2024-02-18,2024-02-06,2026-08-12T13:29:33.699965,loans.csv
605,1840,5,2022-11-11,2022-12-02,,2026-08-12T13:29:33.699965,loans.csv
6031,2594,12,2024-06-21,2024-07-05,2024-06-24,2026-08-12T13:29:33.699965,loans.csv
818,2220,1,2022-04-21,2022-05-05,2022-05-05,2026-08-12T13:29:33.699965,loans.csv
8486,1035,6,2020-10-02,2020-10-16,2020-10-16,2026-08-12T13:29:33.699965,loans.csv
469,94,11,2023-02-15,2023-03-01,2023-03-04,2026-08-12T13:29:33.699965,loans.csv
2982,933,5,2024-03-29,2024-04-12,2024-04-12,2026-08-12T13:29:33.699965,loans.csv
8989,421,8,2022-08-20,2022-09-03,2022-08-23,2026-08-12T13:29:33.699965,loans.csv
1177,1811,1,2020-10-15,2020-10-29,2020-10-29,2026-08-12T13:29:33.699965,loans.csv
1582,1735,1,2024-09-24,2024-10-08,2024-09-27,2026-08-12T13:29:33.699965,loans.csv
1694,1661,4,2023-01-11,2023-01-25,2023-01-13,2026-08-12T13:29:33.699965,loans.csv
2203,2658,1,2024-09-10,2024-09-24,2024-09-12,2026-08-12T13:29:33.699965,loans.csv
149,629,1,2024-08-25,2024-09-08,2024-09-02,2026-08-12T13:29:33.699965,loans.csv
5493,858,94,2024-04-30,2024-05-14,,2026-08-12T13:29:33.699965,loans.csv
2828,2401,23,2023-09-21,2023-10-12,2023-10-04,2026-08-12T13:29:33.699965,loans.csv
7522,422,1,2024-06-01,2024-06-15,2024-06-19,2026-08-12T13:29:33.699965,loans.csv
4438,2144,151,2023-09-18,2023-10-02,2023-09-24,2026-08-12T13:29:33.699965,loans.csv
4260,2693,1,2022-01-01,2022-01-15,2022-01-22,2026-08-12T13:29:33.699965,loans.csv
5464,863,108,2021-07-11,2021-07-25,2021-07-30,2026-08-12T13:29:33.699965,loans.csv
4642,1225,1,2023-08-03,2023-08-24,2023-08-13,2026-08-12T13:29:33.699965,loans.csv
5684,2671,1,2023-10-29,2023-11-12,,2026-08-12T13:29:33.699965,loans.csv
5869,668,3,2022-12-04,2022-12-18,2022-12-13,2026-08-12T13:29:33.699965,loans.csv
4689,1893,6,2022-11-08,2022-11-22,2022-11-23,2026-08-12T13:29:33.699965,loans.csv
3076,1582,1,2024-03-27,2024-04-10,2024-04-10,2026-08-12T13:29:33.699965,loans.csv
7404,528,5,2023-08-25,2023-09-15,2023-08-26,2026-08-12T13:29:33.699965,loans.csv
8621,2517,7,2023-10-22,2023-11-05,,2026-08-12T13:29:33.699965,loans.csv
264,1466,1,2022-12-03,2022-12-24,,2026-08-12T13:29:33.699965,loans.csv
5889,1992,2,2022-11-09,2022-11-23,2022-11-20,2026-08-12T13:29:33.699965,loans.csv
2827,2445,2,2024-10-26,2024-11-09,2024-11-22,2026-08-12T13:29:33.699965,loans.csv
1894,1472,3,2024-12-05,2024-12-19,2024-12-26,2026-08-12T13:29:33.699965,loans.csv
3657,2512,1,2024-03-08,2024-03-22,2024-03-12,2026-08-12T13:29:33.699965,loans.csv
6493,253,1,2023-12-24,2024-01-07,2024-01-06,2026-08-12T13:29:33.699965,loans.csv
9420,2759,4,2021-08-18,2021-09-01,2021-08-19,2026-08-12T13:29:33.699965,loans.csv
3271,1078,1,2023-08-23,2023-09-06,2023-09-09,2026-08-12T13:29:33.699965,loans.csv
6515,800,2,2023-08-04,2023-08-18,2023-08-18,2026-08-12T13:29:33.699965,loans.csv
7139,87,5,2021-10-21,2021-11-04,2021-11-01,2026-08-12T13:29:33.699965,loans.csv
526,2337,2,2020-12-26,2021-01-09,2021-01-15,2026-08-12T13:29:33.699965,loans.csv
3420,1523,1,2024-07-08,2024-07-22,2024-07-10,2026-08-12T13:29:33.699965,loans.csv
8117,1845,2,2024-05-07,2024-05-21,2024-05-14,2026-08-12T13:29:33.699965,loans.csv
5537,2272,1,2024-07-19,2024-08-02,2024-07-24,2026-08-12T13:29:33.699965,loans.csv
282,1683,154,2024-02-22,2024-03-07,2024-03-02,2026-08-12T13:29:33.699965,loans.csv
300,767,1,2024-12-17,2024-12-31,,2026-08-12T13:29:33.699965,loans.csv
5922,663,81,2024-07-22,2024-08-05,2024-07-23,2026-08-12T13:29:33.699965,loans.csv
9434,1156,1,2021-06-03,2021-06-17,2021-06-14,2026-08-12T13:29:33.699965,loans.csv
1083,1754,2,2024-09-24,2024-10-08,2024-10-07,2026-08-12T13:29:33.699965,loans.csv
1524,2735,26,2022-05-23,2022-06-06,2022-06-13,2026-08-12T13:29:33.699965,loans.csv
4091,2250,14,2024-03-10,2024-03-24,,2026-08-12T13:29:33.699965,loans.csv
8085,485,1,2024-05-20,2024-06-10,2024-06-02,2026-08-12T13:29:33.699965,loans.csv
2619,2675,2,2024-02-17,2024-03-09,2024-03-15,2026-08-12T13:29:33.699965,loans.csv
5201,1081,2,2024-10-26,2024-11-09,2024-11-29,2026-08-12T13:29:33.699965,loans.csv
5350,667,3,2024-06-26,2024-07-10,2024-06-27,2026-08-12T13:29:33.699965,loans.csv
3354,2645,2,2023-06-04,2023-06-18,2023-06-08,2026-08-12T13:29:33.699965,loans.csv
561,1299,9,2024-04-23,2024-05-07,2024-04-26,2026-08-12T13:29:33.699965,loans.csv
3173,1874,2,2024-05-28,2024-06-11,2024-07-10,2026-08-12T13:29:33.699965,loans.csv
688,488,16,2022-11-15,2022-11-29,2022-11-18,2026-08-12T13:29:33.699965,loans.csv
4414,240,3,2024-01-19,2024-02-02,,2026-08-12T13:29:33.699965,loans.csv
7749,1767,9,2022-09-19,2022-10-03,2022-10-06,2026-08-12T13:29:33.699965,loans.csv
223,2032,2,2023-12-25,2024-01-08,2024-01-07,2026-08-12T13:29:33.699965,loans.csv
4281,223,1,2024-12-25,2025-01-15,,2026-08-12T13:29:33.699965,loans.csv
4191,2545,6,2022-05-20,2022-06-03,2022-05-23,2026-08-12T13:29:33.699965,loans.csv
1445,1061,11,2024-07-26,2024-08-09,2024-08-09,2026-08-12T13:29:33.699965,loans.csv
3153,1914,34,2020-10-24,2020-11-07,2020-11-11,2026-08-12T13:29:33.699965,loans.csv
8304,300,3,2024-11-14,2024-11-06,2024-12-05,2026-08-12T13:29:33.699965,loans.csv
6121,1988,1,2023-01-09,2023-01-30,2023-02-06,2026-08-12T13:29:33.699965,loans.csv
3967,2198,3,2022-04-16,2022-04-30,2022-04-24,2026-08-12T13:29:33.699965,loans.csv
4033,290,1,2024-07-04,2024-07-18,2024-07-06,2026-08-12T13:29:33.699965,loans.csv
211,2600,1,2023-01-16,2023-01-30,2023-01-19,2026-08-12T13:29:33.699965,loans.csv
3067,2538,1,2022-01-11,2022-02-01,2022-01-29,2026-08-12T13:29:33.699965,loans.csv
8120,1383,1,2024-06-18,2024-07-02,2024-06-25,2026-08-12T13:29:33.699965,loans.csv
3743,1697,3,2024-03-22,2024-04-05,2024-04-04,2026-08-12T13:29:33.699965,loans.csv
5140,2336,5,2024-05-28,2024-06-11,2024-06-15,2026-08-12T13:29:33.699965,loans.csv
1510,1434,2,2024-09-28,2024-10-19,2024-10-09,2026-08-12T13:29:33.699965,loans.csv
9327,1750,2,2022-04-13,2022-04-27,2022-04-25,2026-08-12T13:29:33.699965,loans.csv
8799,473,2,2024-10-29,2024-11-12,2024-11-04,2026-08-12T13:29:33.699965,loans.csv
4730,2106,7,2023-10-28,2023-11-11,2023-10-30,2026-08-12T13:29:33.699965,loans.csv
8377,233,2,2024-10-06,2024-10-20,2024-10-12,2026-08-12T13:29:33.699965,loans.csv
4317,1197,3,2024-01-31,2024-02-14,2024-02-20,2026-08-12T13:29:33.699965,loans.csv
5184,2518,6,2024-01-29,2024-02-12,2024-02-02,2026-08-12T13:29:33.699965,loans.csv
2807,44,3,2022-11-08,2022-11-22,,2026-08-12T13:29:33.699965,loans.csv
7157,2476,1,2024-12-07,2024-12-28,2024-12-26,2026-08-12T13:29:33.699965,loans.csv
7114,2572,1,2020-10-28,2020-11-11,2020-11-08,2026-08-12T13:29:33.699965,loans.csv
2806,677,1,2024-02-28,2024-03-13,2024-03-02,2026-08-12T13:29:33.699965,loans.csv
1476,2229,1,2023-07-19,2023-08-02,2023-08-04,2026-08-12T13:29:33.699965,loans.csv
5361,2478,8,2021-10-31,2021-11-14,,2026-08-12T13:29:33.699965,loans.csv
1848,1562,1,2023-11-26,2023-12-10,2023-12-07,2026-08-12T13:29:33.699965,loans.csv
371,907,2,2023-06-22,2023-07-06,2023-06-25,2026-08-12T13:29:33.699965,loans.csv
551,2742,4,2024-04-26,2024-05-10,2024-04-27,2026-08-12T13:29:33.699965,loans.csv
1791,1942,1,2024-11-24,2024-12-08,2024-12-07,2026-08-12T13:29:33.699965,loans.csv
8371,2620,2,2024-09-14,2024-09-28,2024-09-30,2026-08-12T13:29:33.699965,loans.csv
3752,905,1,2024-12-11,2024-12-25,,2026-08-12T13:29:33.699965,loans.csv
2288,1549,3,2024-01-16,2024-01-30,2024-01-30,2026-08-12T13:29:33.699965,loans.csv
7341,481,15,2023-06-12,2023-06-26,2023-06-14,2026-08-12T13:29:33.699965,loans.csv
2679,2558,2,2024-03-31,2024-04-14,2024-04-08,2026-08-12T13:29:33.699965,loans.csv
8752,450,3,2023-02-23,2023-03-16,2023-03-13,2026-08-12T13:29:33.699965,loans.csv
5495,872,1,2024-04-16,2024-04-30,2024-04-17,2026-08-12T13:29:33.699965,loans.csv
6683,1306,2,2023-11-26,2023-12-17,2023-11-29,2026-08-12T13:29:33.699965,loans.csv
9144,2035,26,2022-12-12,2023-01-02,2022-12-27,2026-08-12T13:29:33.699965,loans.csv
158,1944,8,2022-03-30,2022-04-13,2022-04-16,2026-08-12T13:29:33.699965,loans.csv
3399,102,5,2023-01-05,2023-01-19,2023-01-31,2026-08-12T13:29:33.699965,loans.csv
8462,804,3,2024-08-18,2024-09-01,2024-08-27,2026-08-12T13:29:33.699965,loans.csv
3555,147,1,2023-03-14,2023-03-28,2023-04-09,2026-08-12T13:29:33.699965,loans.csv
6095,1118,1,2023-11-12,2023-11-26,,2026-08-12T13:29:33.699965,loans.csv
5373,347,3,2024-09-22,2024-10-06,2024-09-27,2026-08-12T13:29:33.699965,loans.csv
6001,2639,1,2024-11-21,2024-12-05,2024-12-11,2026-08-12T13:29:33.699965,loans.csv
6105,4,1,2023-09-30,2023-10-14,2023-10-13,2026-08-12T13:29:33.699965,loans.csv
8468,2686,1,2024-11-28,2024-12-19,2024-12-14,2026-08-12T13:29:33.699965,loans.csv
7635,1564,1,2023-05-31,2023-06-14,2023-06-14,2026-08-12T13:29:33.699965,loans.csv
1787,2380,3,2023-04-02,2023-04-16,2023-04-03,2026-08-12T13:29:33.699965,loans.csv
8129,904,9,2022-10-09,2022-10-23,2022-10-25,2026-08-12T13:29:33.699965,loans.csv
9185,1015,2,2024-01-22,2024-02-05,2024-01-29,2026-08-12T13:29:33.699965,loans.csv
3075,464,51,2021-05-11,2021-05-25,2021-05-18,2026-08-12T13:29:33.699965,loans.csv
2935,122,2,2023-12-03,2023-12-24,2023-12-24,2026-08-12T13:29:33.699965,loans.csv
7296,143,11,2024-11-04,2024-11-18,2024-11-18,2026-08-12T13:29:33.699965,loans.csv
1775,785,9,2024-06-30,2024-07-14,2024-07-04,2026-08-12T13:29:33.699965,loans.csv
5974,1141,2,2021-08-20,2021-09-03,2021-08-23,2026-08-12T13:29:33.699965,loans.csv
1980,35,2,2024-02-12,2024-02-26,,2026-08-12T13:29:33.699965,loans.csv
729,1392,5,2023-12-13,2023-12-27,2024-01-03,2026-08-12T13:29:33.699965,loans.csv
8394,454,1,2024-09-03,2024-09-24,2024-09-05,2026-08-12T13:29:33.699965,loans.csv
667,1649,3,2024-07-24,2024-08-07,2024-08-14,2026-08-12T13:29:33.699965,loans.csv
9256,1544,1,2024-09-08,2024-09-22,,2026-08-12T13:29:33.699965,loans.csv
3921,870,2,2024-04-03,2024-04-17,2024-04-05,2026-08-12T13:29:33.699965,loans.csv
9183,1944,7,2021-03-09,2021-03-23,2021-03-26,2026-08-12T13:29:33.699965,loans.csv
9336,1998,1,2024-09-03,2024-09-17,2024-09-16,2026-08-12T13:29:33.699965,loans.csv
261,1052,13,2023-08-07,2023-08-21,2023-08-18,2026-08-12T13:29:33.699965,loans.csv
985,2235,1,2023-09-11,2023-10-02,2023-10-08,2026-08-12T13:29:33.699965,loans.csv
704,1496,6,2023-09-06,2023-09-20,2023-09-22,2026-08-12T13:29:33.699965,loans.csv
6430,2400,1,2024-04-01,2024-04-15,2024-04-13,2026-08-12T13:29:33.699965,loans.csv
3888,2445,3,2024-09-03,2024-09-17,2024-09-16,2026-08-12T13:29:33.699965,loans.csv
2297,1147,60,2024-08-07,2024-08-21,2024-08-17,2026-08-12T13:29:33.699965,loans.csv
7790,1796,3,2023-06-23,2023-07-07,2023-06-24,2026-08-12T13:29:33.699965,loans.csv
2448,957,1,2022-12-15,2022-12-29,,2026-08-12T13:29:33.699965,loans.csv
6639,1994,2,2024-09-20,2024-10-04,2024-09-30,2026-08-12T13:29:33.699965,loans.csv
9572,979,76,2023-07-08,2023-07-22,2023-07-26,2026-08-12T13:29:33.699965,loans.csv
5621,1425,3,2024-07-16,2024-07-30,2024-08-01,2026-08-12T13:29:33.699965,loans.csv
5803,2525,1,2022-02-05,2022-02-19,2022-02-16,2026-08-12T13:29:33.699965,loans.csv
1744,1197,1,2022-11-14,2022-11-28,2022-11-16,2026-08-12T13:29:33.699965,loans.csv
6462,34,1,2024-12-06,2024-12-20,2024-12-10,2026-08-12T13:29:33.699965,loans.csv
7393,907,35,2024-11-25,2024-12-09,,2026-08-12T13:29:33.699965,loans.csv
4668,1154,10,2024-11-14,2024-12-05,2024-12-09,2026-08-12T13:29:33.699965,loans.csv
5390,1611,1,2023-05-02,2023-05-23,2023-05-05,2026-08-12T13:29:33.699965,loans.csv
2888,2692,2,2024-02-11,2024-02-25,2024-02-23,2026-08-12T13:29:33.699965,loans.csv
3167,38,1,2023-01-16,2023-01-30,,2026-08-12T13:29:33.699965,loans.csv
2971,1697,1,2021-06-04,2021-06-25,2021-06-22,2026-08-12T13:29:33.699965,loans.csv
14,450,1,2024-05-16,2024-05-30,2024-06-06,2026-08-12T13:29:33.699965,loans.csv
5286,1287,9,2023-06-27,2023-07-11,2023-07-12,2026-08-12T13:29:33.699965,loans.csv
6666,1304,4,2024-11-30,2024-12-14,2024-12-11,2026-08-12T13:29:33.699965,loans.csv
930,2067,4,2023-09-16,2023-09-30,2023-10-01,2026-08-12T13:29:33.699965,loans.csv
8146,984,2,2024-05-09,2024-05-23,2024-05-22,2026-08-12T13:29:33.699965,loans.csv
1956,1789,1,2024-06-01,2024-06-22,2024-06-18,2026-08-12T13:29:33.699965,loans.csv
8363,1304,29,2020-02-06,2020-02-20,2020-02-19,2026-08-12T13:29:33.699965,loans.csv
7979,2447,1,2024-11-14,2024-11-28,,2026-08-12T13:29:33.699965,loans.csv
883,2283,8,2024-07-19,2024-08-02,2024-07-30,2026-08-12T13:29:33.699965,loans.csv
2680,485,1,2024-04-26,2024-05-10,2024-05-09,2026-08-12T13:29:33.699965,loans.csv
8699,2229,56,2023-09-08,2023-09-22,2023-09-29,2026-08-12T13:29:33.699965,loans.csv
9298,378,165,2022-04-08,2022-04-22,2022-04-15,2026-08-12T13:29:33.699965,loans.csv
9567,402,1,2023-12-07,2023-12-21,2023-12-12,2026-08-12T13:29:33.699965,loans.csv
8137,529,1,2024-06-19,2024-07-03,2024-07-10,2026-08-12T13:29:33.699965,loans.csv
4312,1962,1,2023-01-13,2023-02-03,2023-01-25,2026-08-12T13:29:33.699965,loans.csv
7602,1115,1,2024-11-30,2024-12-14,,2026-08-12T13:29:33.699965,loans.csv
7458,1417,2,2023-11-21,2023-12-05,2023-12-04,2026-08-12T13:29:33.699965,loans.csv
8762,1959,5,2024-10-24,2024-11-07,,2026-08-12T13:29:33.699965,loans.csv
5842,105,1,2024-10-23,2024-11-06,,2026-08-12T13:29:33.699965,loans.csv
365,1414,16,2024-09-08,2024-09-29,2024-09-27,2026-08-12T13:29:33.699965,loans.csv
8230,1991,5,2024-04-16,2024-04-30,2024-04-30,2026-08-12T13:29:33.699965,loans.csv
6358,934,1,2021-01-20,2021-02-03,2021-01-28,2026-08-12T13:29:33.699965,loans.csv
4022,34,2,2024-09-30,2024-10-14,,2026-08-12T13:29:33.699965,loans.csv
6614,855,1,2020-11-05,2020-11-19,2020-11-26,2026-08-12T13:29:33.699965,loans.csv
3460,1139,3,2024-08-27,2024-09-10,,2026-08-12T13:29:33.699965,loans.csv
2294,2756,2,2024-04-20,2024-05-04,2024-05-06,2026-08-12T13:29:33.699965,loans.csv
6059,2741,1,2022-10-01,2022-10-15,2022-10-29,2026-08-12T13:29:33.699965,loans.csv
4046,2717,73,2024-03-22,2024-04-05,2024-04-01,2026-08-12T13:29:33.699965,loans.csv
931,1905,4,2024-01-27,2024-02-10,2024-01-30,2026-08-12T13:29:33.699965,loans.csv
7082,1423,1,2023-06-12,2023-06-26,2023-06-25,2026-08-12T13:29:33.699965,loans.csv
4162,1425,2,2020-02-26,2020-03-11,2020-03-10,2026-08-12T13:29:33.699965,loans.csv
462,973,14,2024-12-23,2025-01-06,,2026-08-12T13:29:33.699965,loans.csv
6591,123,79,2024-03-20,2024-04-03,2024-03-31,2026-08-12T13:29:33.699965,loans.csv
3609,712,1,2022-10-22,2022-11-05,,2026-08-12T13:29:33.699965,loans.csv
2222,1141,5,2024-11-30,2024-12-14,2024-12-21,2026-08-12T13:29:33.699965,loans.csv
8358,1344,1,2023-12-26,2024-01-09,2024-01-14,2026-08-12T13:29:33.699965,loans.csv
4894,1423,1,2024-08-24,2024-09-07,2024-09-09,2026-08-12T13:29:33.699965,loans.csv
3651,1471,1,2023-10-31,2023-11-14,2023-11-11,2026-08-12T13:29:33.699965,loans.csv
9582,2797,1,2022-02-01,2022-02-15,2022-02-15,2026-08-12T13:29:33.699965,loans.csv
3365,1775,1,2024-08-16,2024-08-30,2024-09-06,2026-08-12T13:29:33.699965,loans.csv
2228,2220,2,2024-03-06,2024-03-20,2024-03-25,2026-08-12T13:29:33.699965,loans.csv
431,2708,15,2022-05-07,2022-05-21,,2026-08-12T13:29:33.699965,loans.csv
7641,973,2,2022-08-23,2022-09-13,2022-09-09,2026-08-12T13:29:33.699965,loans.csv
3343,2116,1,2022-10-07,2022-10-21,2022-10-14,2026-08-12T13:29:33.699965,loans.csv
8410,2123,1,2023-12-23,2024-01-06,2024-01-04,2026-08-12T13:29:33.699965,loans.csv
3404,2457,1,2022-12-17,2022-12-31,,2026-08-12T13:29:33.699965,loans.csv
7688,1142,1,2023-02-09,2023-02-23,2023-02-12,2026-08-12T13:29:33.699965,loans.csv
2503,1255,3,2024-08-02,2024-08-16,,2026-08-12T13:29:33.699965,loans.csv
4613,1553,14,2024-02-05,2024-02-19,2024-03-17,2026-08-12T13:29:33.699965,loans.csv
8213,1067,4,2024-08-15,2024-08-29,2024-08-24,2026-08-12T13:29:33.699965,loans.csv
9112,1836,9,2022-09-07,2022-09-21,2022-09-21,2026-08-12T13:29:33.699965,loans.csv
6420,2436,5,2024-03-16,2024-03-30,2024-03-26,2026-08-12T13:29:33.699965,loans.csv
5845,2012,2,2022-07-14,2022-07-28,2022-07-28,2026-08-12T13:29:33.699965,loans.csv
1896,2072,2,2021-12-26,2022-01-09,2022-02-20,2026-08-12T13:29:33.699965,loans.csv
7556,1235,4,2024-08-13,2024-09-03,,2026-08-12T13:29:33.699965,loans.csv
1298,2587,5,2024-03-28,2024-04-18,2024-04-04,2026-08-12T13:29:33.699965,loans.csv
3981,1905,28,2024-11-14,2024-12-05,2024-11-29,2026-08-12T13:29:33.699965,loans.csv
5535,1196,14,2024-09-16,2024-09-30,2024-09-26,2026-08-12T13:29:33.699965,loans.csv
4708,2384,1,2024-03-18,2024-04-01,,2026-08-12T13:29:33.699965,loans.csv
8466,185,11,2022-12-14,2022-12-28,2022-12-26,2026-08-12T13:29:33.699965,loans.csv
8835,464,1,2021-07-06,2021-07-20,2021-07-25,2026-08-12T13:29:33.699965,loans.csv
8716,461,1,2023-10-27,2023-11-10,2023-10-28,2026-08-12T13:29:33.699965,loans.csv
4376,1606,1,2022-10-18,2022-11-01,2022-10-26,2026-08-12T13:29:33.699965,loans.csv
2764,1748,2,2024-11-03,2024-11-17,2024-11-14,2026-08-12T13:29:33.699965,loans.csv
608,244,2,2023-06-18,2023-07-02,2023-06-30,2026-08-12T13:29:33.699965,loans.csv
3924,2296,2,2024-06-11,2024-06-25,2024-06-25,2026-08-12T13:29:33.699965,loans.csv
5057,1139,2,2023-04-04,2023-04-18,,2026-08-12T13:29:33.699965,loans.csv
268,2618,2,2023-02-05,2023-02-19,2023-02-18,2026-08-12T13:29:33.699965,loans.csv
4758,1575,1,2023-12-26,2024-01-09,2024-01-04,2026-08-12T13:29:33.699965,loans.csv
6076,930,1,2024-10-04,2024-10-18,2024-10-17,2026-08-12T13:29:33.699965,loans.csv
4765,1828,1,2023-06-14,2023-06-28,2023-06-19,2026-08-12T13:29:33.699965,loans.csv
1094,1541,8,2024-01-01,2024-01-15,2024-01-15,2026-08-12T13:29:33.699965,loans.csv
4886,509,1,2023-01-20,2023-02-03,2023-01-30,2026-08-12T13:29:33.699965,loans.csv
9065,1896,1,2024-04-28,2024-05-12,2024-05-05,2026-08-12T13:29:33.699965,loans.csv
6067,933,19,2024-10-10,2024-10-31,2024-10-16,2026-08-12T13:29:33.699965,loans.csv
7763,2542,22,2023-11-17,2023-12-01,2023-12-07,2026-08-12T13:29:33.699965,loans.csv
6830,1925,46,2023-12-04,2023-12-18,2023-12-13,2026-08-12T13:29:33.699965,loans.csv
2607,2313,153,2021-07-07,2021-07-21,2021-07-12,2026-08-12T13:29:33.699965,loans.csv
8883,1121,5,2022-03-06,2022-03-20,2022-03-09,2026-08-12T13:29:33.699965,loans.csv
4495,2154,1,2022-04-25,2022-05-09,2022-05-10,2026-08-12T13:29:33.699965,loans.csv
6777,758,1,2023-05-27,2023-06-17,2023-07-25,2026-08-12T13:29:33.699965,loans.csv
1499,1684,1,2022-01-05,2022-01-19,2022-01-14,2026-08-12T13:29:33.699965,loans.csv
7109,1893,7,2021-07-25,2021-08-08,2021-08-12,2026-08-12T13:29:33.699965,loans.csv
8359,1364,1,2024-11-11,2024-11-25,2025-01-05,2026-08-12T13:29:33.699965,loans.csv
4590,128,1,2023-01-19,2023-02-02,2023-02-04,2026-08-12T13:29:33.699965,loans.csv
7743,1294,11,2023-09-25,2023-10-09,2023-09-29,2026-08-12T13:29:33.699965,loans.csv
4571,482,1,2024-07-31,2024-08-14,2024-08-12,2026-08-12T13:29:33.699965,loans.csv
5399,1392,2,2021-09-11,2021-10-02,2021-10-07,2026-08-12T13:29:33.699965,loans.csv
9363,1648,1,2024-10-02,2024-10-16,2024-10-22,2026-08-12T13:29:33.699965,loans.csv
8139,771,15,2022-11-13,2022-11-27,2022-11-17,2026-08-12T13:29:33.699965,loans.csv
3524,235,5,2020-10-02,2020-10-16,2020-10-16,2026-08-12T13:29:33.699965,loans.csv
6118,2719,6,2024-09-01,2024-09-22,2024-09-09,2026-08-12T13:29:33.699965,loans.csv
4253,661,1,2024-08-03,2024-08-24,2024-08-14,2026-08-12T13:29:33.699965,loans.csv
8335,2672,1,2021-06-25,2021-07-09,2021-07-07,2026-08-12T13:29:33.699965,loans.csv
5608,1255,22,2021-11-14,2021-11-28,2021-11-17,2026-08-12T13:29:33.699965,loans.csv
1461,1161,1,2023-05-21,2023-06-11,2023-05-23,2026-08-12T13:29:33.699965,loans.csv
2371,2704,3,2021-12-31,2022-01-14,2022-01-07,2026-08-12T13:29:33.699965,loans.csv
4687,1961,11,2024-09-15,2024-10-06,2024-10-13,2026-08-12T13:29:33.699965,loans.csv
9218,446,6,2024-05-08,2024-05-29,2024-05-10,2026-08-12T13:29:33.699965,loans.csv
2726,2278,8,2024-12-03,2024-11-21,2024-12-18,2026-08-12T13:29:33.699965,loans.csv
5054,1118,16,2023-10-05,2023-10-19,2023-10-17,2026-08-12T13:29:33.699965,loans.csv
4370,901,1,2022-03-11,2022-03-25,2022-03-13,2026-08-12T13:29:33.699965,loans.csv
8661,1360,61,2023-12-11,2023-12-25,2023-12-12,2026-08-12T13:29:33.699965,loans.csv
8285,2061,83,2024-05-09,2024-05-23,2024-05-15,2026-08-12T13:29:33.699965,loans.csv
4724,271,23,2024-10-27,2024-11-10,2024-10-31,2026-08-12T13:29:33.699965,loans.csv
748,406,1,2023-11-06,2023-11-20,,2026-08-12T13:29:33.699965,loans.csv
4549,2528,1,2024-04-23,2024-05-07,2024-04-25,2026-08-12T13:29:33.699965,loans.csv
4323,516,1,2024-09-20,2024-10-04,2024-09-27,2026-08-12T13:29:33.699965,loans.csv
9096,1582,3,2023-09-13,2023-09-27,2023-09-27,2026-08-12T13:29:33.699965,loans.csv
7873,629,1,2022-05-25,2022-06-15,2022-06-20,2026-08-12T13:29:33.699965,loans.csv
1591,2626,5,2024-05-25,2024-06-08,2024-05-26,2026-08-12T13:29:33.699965,loans.csv
8726,2418,15,2022-03-20,2022-04-03,2022-03-31,2026-08-12T13:29:33.699965,loans.csv
1257,2498,1,2023-03-23,2023-04-13,2023-04-13,2026-08-12T13:29:33.699965,loans.csv
5413,2199,1,2024-07-04,2024-07-18,2024-07-09,2026-08-12T13:29:33.699965,loans.csv
3821,1926,31,2023-02-09,2023-02-23,2023-02-11,2026-08-12T13:29:33.699965,loans.csv
5169,1345,1,2023-09-07,2023-09-28,2023-11-11,2026-08-12T13:29:33.699965,loans.csv
3862,2795,2,2020-05-31,2020-06-21,2020-06-18,2026-08-12T13:29:33.699965,loans.csv
2422,1161,1,2023-08-18,2023-09-01,2023-09-03,2026-08-12T13:29:33.699965,loans.csv
2753,2280,1,2024-07-26,2024-08-09,2024-08-06,2026-08-12T13:29:33.699965,loans.csv
5557,469,1,2020-12-19,2021-01-02,2021-01-30,2026-08-12T13:29:33.699965,loans.csv
1495,336,8,2023-07-01,2023-07-15,2023-07-12,2026-08-12T13:29:33.699965,loans.csv
4117,1632,1,2024-03-22,2024-04-05,2024-04-11,2026-08-12T13:29:33.699965,loans.csv
3206,1653,3,2024-02-06,2024-02-20,2024-02-07,2026-08-12T13:29:33.699965,loans.csv
8984,1740,71,2022-07-21,2022-08-11,2022-08-07,2026-08-12T13:29:33.699965,loans.csv
4761,960,1,2024-04-19,2024-05-03,2024-06-09,2026-08-12T13:29:33.699965,loans.csv
717,927,37,2024-11-24,2024-12-15,2024-12-10,2026-08-12T13:29:33.699965,loans.csv
7971,102,2,2023-08-24,2023-09-14,2023-09-01,2026-08-12T13:29:33.699965,loans.csv
7432,1787,1,2024-05-07,2024-05-21,2024-05-11,2026-08-12T13:29:33.699965,loans.csv
6324,2720,1,2024-02-27,2024-03-12,2024-02-29,2026-08-12T13:29:33.699965,loans.csv
4285,2106,4,2021-02-13,2021-02-27,2021-02-21,2026-08-12T13:29:33.699965,loans.csv
2911,1607,1,2024-05-21,2024-06-04,2024-06-09,2026-08-12T13:29:33.699965,loans.csv
3410,2571,3,2024-11-08,2024-11-29,2024-11-10,2026-08-12T13:29:33.699965,loans.csv
3581,2199,24,2024-03-06,2024-03-20,2024-03-14,2026-08-12T13:29:33.699965,loans.csv
1780,394,2,2022-08-26,2022-09-09,2022-09-07,2026-08-12T13:29:33.699965,loans.csv
6907,2782,1,2021-08-28,2021-09-11,2021-09-18,2026-08-12T13:29:33.699965,loans.csv
2145,1979,37,2023-06-05,2023-06-19,2023-07-28,2026-08-12T13:29:33.699965,loans.csv
5708,1627,19,2020-02-23,2020-03-08,2020-03-17,2026-08-12T13:29:33.699965,loans.csv
3416,848,71,2024-05-01,2024-05-15,2024-05-07,2026-08-12T13:29:33.699965,loans.csv
465,1006,14,2024-07-22,2024-08-05,2024-08-07,2026-08-12T13:29:33.699965,loans.csv
9075,1552,1,2023-11-30,2023-12-14,2023-12-05,2026-08-12T13:29:33.699965,loans.csv
3111,728,1,2023-01-23,2023-02-06,2023-01-31,2026-08-12T13:29:33.699965,loans.csv
1077,1348,1,2021-08-08,2021-08-22,2021-08-21,2026-08-12T13:29:33.699965,loans.csv
2039,1595,1,2024-10-24,2024-11-07,2024-11-11,2026-08-12T13:29:33.699965,loans.csv
5498,1979,1,2021-06-21,2021-07-12,2021-06-27,2026-08-12T13:29:33.699965,loans.csv
1988,2785,1,2023-08-30,2023-09-13,,2026-08-12T13:29:33.699965,loans.csv
3050,2155,1,2023-06-18,2023-07-02,2023-06-23,2026-08-12T13:29:33.699965,loans.csv
1422,590,1,2022-09-08,2022-09-22,2022-09-12,2026-08-12T13:29:33.699965,loans.csv
7064,886,1,2023-11-11,2023-11-25,2023-11-12,2026-08-12T13:29:33.699965,loans.csv
4348,1421,5,2021-01-12,2021-01-26,2021-02-09,2026-08-12T13:29:33.699965,loans.csv
7844,1109,2,2024-05-14,2024-05-28,2024-06-10,2026-08-12T13:29:33.699965,loans.csv
1992,960,1,2024-06-25,2024-07-09,2024-07-12,2026-08-12T13:29:33.699965,loans.csv
4801,1864,3,2024-08-20,2024-09-03,2024-09-08,2026-08-12T13:29:33.699965,loans.csv
4628,920,1,2024-11-20,2024-12-04,2024-11-23,2026-08-12T13:29:33.699965,loans.csv
5123,59,1,2023-01-05,2023-01-19,2023-01-24,2026-08-12T13:29:33.699965,loans.csv
7736,1498,41,2020-06-24,2020-07-08,2020-06-29,2026-08-12T13:29:33.699965,loans.csv
4626,546,4,2022-02-12,2022-02-26,2022-02-20,2026-08-12T13:29:33.699965,loans.csv
2565,1408,1,2024-02-20,2024-03-05,2024-03-04,2026-08-12T13:29:33.699965,loans.csv
8224,1052,1,2024-11-19,2024-12-03,2025-01-01,2026-08-12T13:29:33.699965,loans.csv
129,1653,1,2023-10-06,2023-10-20,2023-10-27,2026-08-12T13:29:33.699965,loans.csv
8686,812,2,2021-05-09,2021-05-23,2021-05-12,2026-08-12T13:29:33.699965,loans.csv
5084,2639,9,2020-10-01,2020-10-15,2020-10-04,2026-08-12T13:29:33.699965,loans.csv
6875,908,44,2022-08-26,2022-09-09,2022-09-12,2026-08-12T13:29:33.699965,loans.csv
1370,2756,12,2024-10-01,2024-10-22,2024-10-20,2026-08-12T13:29:33.699965,loans.csv
3541,1905,1,2024-06-23,2024-07-07,2024-06-27,2026-08-12T13:29:33.699965,loans.csv
6190,1816,1,2023-11-27,2023-12-11,2023-12-16,2026-08-12T13:29:33.699965,loans.csv
6517,1098,1,2022-10-14,2022-10-28,2022-11-25,2026-08-12T13:29:33.699965,loans.csv
2584,987,1,2021-04-19,2021-05-03,2021-04-21,2026-08-12T13:29:33.699965,loans.csv
2315,932,1,2024-02-19,2024-03-04,2024-02-26,2026-08-12T13:29:33.699965,loans.csv
3814,1299,1,2024-09-02,2024-09-16,2024-09-14,2026-08-12T13:29:33.699965,loans.csv
5977,470,1,2022-12-28,2023-01-11,2023-01-18,2026-08-12T13:29:33.699965,loans.csv
7939,335,186,2023-09-03,2023-09-17,,2026-08-12T13:29:33.699965,loans.csv
9450,2412,1,2024-12-02,2024-12-16,2024-12-10,2026-08-12T13:29:33.699965,loans.csv
6662,1378,1,2023-06-20,2023-07-04,2023-06-29,2026-08-12T13:29:33.699965,loans.csv
935,1161,3,2021-10-31,2021-11-14,2021-11-17,2026-08-12T13:29:33.699965,loans.csv
7837,2088,5,2024-05-17,2024-05-31,2024-05-28,2026-08-12T13:29:33.699965,loans.csv
5902,1855,1,2023-02-08,2023-02-22,2023-02-13,2026-08-12T13:29:33.699965,loans.csv
4010,1161,1,2024-03-10,2024-03-24,2024-03-16,2026-08-12T13:29:33.699965,loans.csv
6355,873,3,2024-09-20,2024-10-04,2024-10-01,2026-08-12T13:29:33.699965,loans.csv
5453,628,6,2024-01-02,2024-01-16,2024-01-24,2026-08-12T13:29:33.699965,loans.csv
2710,886,3,2021-08-31,2021-09-14,2021-09-09,2026-08-12T13:29:33.699965,loans.csv
28,823,93,2024-05-24,2024-06-07,,2026-08-12T13:29:33.699965,loans.csv
426,1537,17,2020-04-27,2020-05-11,2020-05-15,2026-08-12T13:29:33.699965,loans.csv
5623,1889,92,2022-02-22,2022-03-08,2022-03-07,2026-08-12T13:29:33.699965,loans.csv
8580,1338,1,2023-09-10,2023-09-24,2023-09-15,2026-08-12T13:29:33.699965,loans.csv
6346,2594,13,2024-04-16,2024-04-30,2024-04-30,2026-08-12T13:29:33.699965,loans.csv
401,2403,1,2023-08-28,2023-09-11,2023-09-09,2026-08-12T13:29:33.699965,loans.csv
2187,1258,3,2024-01-19,2024-02-09,2024-01-26,2026-08-12T13:29:33.699965,loans.csv
7168,1480,4,2024-05-05,2024-04-22,,2026-08-12T13:29:33.699965,loans.csv
9299,2280,3,2022-01-16,2022-01-30,2022-02-03,2026-08-12T13:29:33.699965,loans.csv
1678,1910,2,2023-10-09,2023-10-23,2023-10-21,2026-08-12T13:29:33.699965,loans.csv
9005,1227,3,2022-05-22,2022-06-05,2022-06-02,2026-08-12T13:29:33.699965,loans.csv
3680,1541,119,2024-02-01,2024-02-15,2024-02-10,2026-08-12T13:29:33.699965,loans.csv
5096,549,4,2024-11-16,2024-11-30,2024-11-20,2026-08-12T13:29:33.699965,loans.csv
9024,977,1,2023-07-06,2023-07-20,2023-07-15,2026-08-12T13:29:33.699965,loans.csv
6212,133,1,2023-07-11,2023-07-25,2023-07-23,2026-08-12T13:29:33.699965,loans.csv
2803,805,8,2020-09-24,2020-10-08,2020-09-26,2026-08-12T13:29:33.699965,loans.csv
4016,2646,2,2023-01-02,2023-01-23,,2026-08-12T13:29:33.699965,loans.csv
8021,2131,1,2024-11-26,2024-12-10,2024-12-18,2026-08-12T13:29:33.699965,loans.csv
1978,1995,5,2024-06-10,2024-06-24,2024-06-20,2026-08-12T13:29:33.699965,loans.csv
378,2375,2,2024-03-17,2024-03-31,2024-04-02,2026-08-12T13:29:33.699965,loans.csv
278,1910,2,2024-07-26,2024-08-09,2024-08-04,2026-08-12T13:29:33.699965,loans.csv
4750,1411,7,2021-03-04,2021-03-18,2021-03-06,2026-08-12T13:29:33.699965,loans.csv
4550,232,22,2022-11-17,2022-12-08,2022-12-05,2026-08-12T13:29:33.699965,loans.csv
4118,666,7,2024-11-04,2024-11-18,2024-11-07,2026-08-12T13:29:33.699965,loans.csv
6819,2164,1,2023-06-01,2023-06-15,2023-06-14,2026-08-12T13:29:33.699965,loans.csv
7262,392,3,2023-02-21,2023-03-07,2023-02-23,2026-08-12T13:29:33.699965,loans.csv
1033,2052,1,2022-02-09,2022-02-23,2022-02-12,2026-08-12T13:29:33.699965,loans.csv
8346,264,1,2024-09-01,2024-09-15,2024-09-22,2026-08-12T13:29:33.699965,loans.csv
4959,665,1,2024-03-25,2024-04-15,2024-04-20,2026-08-12T13:29:33.699965,loans.csv
6834,568,3,2023-07-16,2023-07-30,,2026-08-12T13:29:33.699965,loans.csv
918,2290,2,2023-05-17,2023-05-31,2023-05-22,2026-08-12T13:29:33.699965,loans.csv
1724,2610,1,2024-07-14,2024-07-28,2024-07-17,2026-08-12T13:29:33.699965,loans.csv
4322,1968,64,2022-11-15,2022-11-29,2022-12-03,2026-08-12T13:29:33.699965,loans.csv
971,2533,2,2024-12-02,2024-12-16,2024-12-14,2026-08-12T13:29:33.699965,loans.csv
1068,1092,1,2022-11-02,2022-11-16,2022-11-07,2026-08-12T13:29:33.699965,loans.csv
6821,2782,2,2020-09-28,2020-10-12,2020-10-09,2026-08-12T13:29:33.699965,loans.csv
5252,334,1,2024-10-30,2024-11-13,2024-11-12,2026-08-12T13:29:33.699965,loans.csv
6189,1310,1,2023-10-28,2023-11-11,,2026-08-12T13:29:33.699965,loans.csv
8406,657,1,2022-07-24,2022-08-14,2022-08-13,2026-08-12T13:29:33.699965,loans.csv
3736,1805,53,2023-05-08,2023-05-22,,2026-08-12T13:29:33.699965,loans.csv
1305,2701,10,2023-03-05,2023-03-19,2023-03-20,2026-08-12T13:29:33.699965,loans.csv
3126,1415,15,2024-05-01,2024-05-15,2024-05-13,2026-08-12T13:29:33.699965,loans.csv
2766,2165,3,2024-08-27,2024-09-10,2024-10-02,2026-08-12T13:29:33.699965,loans.csv
685,728,25,2023-06-19,2023-07-03,2023-06-28,2026-08-12T13:29:33.699965,loans.csv
9205,1628,1,2023-09-16,2023-09-30,,2026-08-12T13:29:33.699965,loans.csv
2549,2025,1,2024-09-13,2024-09-27,2024-09-17,2026-08-12T13:29:33.699965,loans.csv
9597,2614,25,2022-05-12,2022-05-26,2022-05-14,2026-08-12T13:29:33.699965,loans.csv
4358,421,38,2024-12-19,2025-01-02,,2026-08-12T13:29:33.699965,loans.csv
7,1748,4,2022-07-06,2022-07-20,2022-07-22,2026-08-12T13:29:33.699965,loans.csv
2542,2445,83,2024-05-03,2024-05-17,2024-05-06,2026-08-12T13:29:33.699965,loans.csv
8417,823,2,2024-11-02,2024-11-16,2024-11-12,2026-08-12T13:29:33.699965,loans.csv
4842,1241,3,2023-07-08,2023-07-22,,2026-08-12T13:29:33.699965,loans.csv
2832,2268,1,2020-08-10,2020-08-24,2020-08-23,2026-08-12T13:29:33.699965,loans.csv
8513,768,1,2024-01-23,2024-02-06,2024-02-13,2026-08-12T13:29:33.699965,loans.csv
9517,2591,4,2024-07-20,2024-08-03,2024-07-31,2026-08-12T13:29:33.699965,loans.csv
4304,2790,1,2024-03-09,2024-03-23,2024-03-28,2026-08-12T13:29:33.699965,loans.csv
4423,2249,3,2023-03-02,2023-03-16,2023-03-14,2026-08-12T13:29:33.699965,loans.csv
2897,2142,12,2024-04-14,2024-04-28,,2026-08-12T13:29:33.699965,loans.csv
2010,1835,1,2022-03-13,2022-03-27,2022-04-02,2026-08-12T13:29:33.699965,loans.csv
1245,536,4,2023-11-23,2023-12-14,2023-12-21,2026-08-12T13:29:33.699965,loans.csv
7285,2531,2,2024-07-13,2024-07-27,2024-07-23,2026-08-12T13:29:33.699965,loans.csv
2357,380,4,2024-04-11,2024-04-25,2024-04-20,2026-08-12T13:29:33.699965,loans.csv
3184,2458,143,2024-07-23,2024-08-06,2024-07-24,2026-08-12T13:29:33.699965,loans.csv
8826,1864,6,2024-02-11,2024-03-03,2024-02-20,2026-08-12T13:29:33.699965,loans.csv
5315,790,1,2024-11-08,2024-11-22,2024-11-21,2026-08-12T13:29:33.699965,loans.csv
1419,725,5,2024-10-23,2024-11-06,2024-10-28,2026-08-12T13:29:33.699965,loans.csv
4418,2030,1,2024-05-19,2024-06-02,2024-05-30,2026-08-12T13:29:33.699965,loans.csv
4057,14,20,2022-10-28,2022-11-11,2022-11-15,2026-08-12T13:29:33.699965,loans.csv
459,907,9,2024-02-01,2024-02-15,2024-02-22,2026-08-12T13:29:33.699965,loans.csv
4373,765,1,2024-09-15,2024-09-29,2024-09-17,2026-08-12T13:29:33.699965,loans.csv
2580,385,94,2020-11-12,2020-11-26,,2026-08-12T13:29:33.699965,loans.csv
3055,342,5,2024-02-28,2024-03-13,2024-02-29,2026-08-12T13:29:33.699965,loans.csv
6065,50,1,2023-05-31,2023-06-14,2023-06-17,2026-08-12T13:29:33.699965,loans.csv
4563,1485,1,2022-02-22,2022-03-15,2022-03-13,2026-08-12T13:29:33.699965,loans.csv
9543,403,2,2023-12-17,2023-12-31,2024-01-05,2026-08-12T13:29:33.699965,loans.csv
8439,691,3,2024-05-08,2024-05-22,2024-05-11,2026-08-12T13:29:33.699965,loans.csv
5156,2139,1,2024-09-20,2024-10-04,2024-09-29,2026-08-12T13:29:33.699965,loans.csv
2016,223,86,2021-10-18,2021-11-01,2021-10-26,2026-08-12T13:29:33.699965,loans.csv
1831,1382,2,2022-10-23,2022-11-06,,2026-08-12T13:29:33.699965,loans.csv
3751,2105,3,2022-06-14,2022-06-28,2022-06-20,2026-08-12T13:29:33.699965,loans.csv
5533,1023,1,2024-04-10,2024-04-24,,2026-08-12T13:29:33.699965,loans.csv
315,1415,10,2024-11-24,2024-12-08,2024-11-29,2026-08-12T13:29:33.699965,loans.csv
2220,1868,179,2024-04-07,2024-04-21,2024-04-16,2026-08-12T13:29:33.699965,loans.csv
4910,1991,1,2022-05-16,2022-05-30,2022-05-29,2026-08-12T13:29:33.699965,loans.csv
4835,1665,13,2020-07-29,2020-08-12,2020-08-12,2026-08-12T13:29:33.699965,loans.csv
3510,1206,1,2023-01-18,2023-02-08,2023-01-27,2026-08-12T13:29:33.699965,loans.csv
133,1339,3,2023-01-15,2023-01-29,2023-01-24,2026-08-12T13:29:33.699965,loans.csv
9346,657,1,2022-07-20,2022-08-03,2022-07-26,2026-08-12T13:29:33.699965,loans.csv
4333,2325,7,2024-02-03,2024-02-17,2024-02-09,2026-08-12T13:29:33.699965,loans.csv
1845,1243,2,2022-12-09,2022-12-23,2022-12-21,2026-08-12T13:29:33.699965,loans.csv
2346,1864,1,2024-02-20,2024-03-05,2024-03-05,2026-08-12T13:29:33.699965,loans.csv
4865,1041,1,2024-01-31,2024-02-21,2024-02-09,2026-08-12T13:29:33.699965,loans.csv
9044,1556,26,2024-07-22,2024-08-05,2024-08-05,2026-08-12T13:29:33.699965,loans.csv
3691,513,1,2020-08-25,2020-09-08,2020-08-27,2026-08-12T13:29:33.699965,loans.csv
4207,2061,2,2024-10-30,2024-11-13,2024-11-10,2026-08-12T13:29:33.699965,loans.csv
1624,23,3,2020-12-20,2021-01-03,,2026-08-12T13:29:33.699965,loans.csv
6199,1243,95,2023-09-06,2023-09-20,2023-10-07,2026-08-12T13:29:33.699965,loans.csv
2593,1131,1,2024-03-07,2024-03-21,,2026-08-12T13:29:33.699965,loans.csv
2032,1703,6,2024-10-09,2024-10-23,,2026-08-12T13:29:33.699965,loans.csv
1492,324,10,2023-06-26,2023-07-10,2023-07-08,2026-08-12T13:29:33.699965,loans.csv
172,1080,1,2022-09-03,2022-09-17,2022-10-18,2026-08-12T13:29:33.699965,loans.csv
7854,907,1,2023-05-31,2023-06-14,,2026-08-12T13:29:33.699965,loans.csv
341,2106,4,2021-12-03,2021-12-17,2021-12-12,2026-08-12T13:29:33.699965,loans.csv
521,2614,1,2023-12-12,2023-12-26,2023-12-22,2026-08-12T13:29:33.699965,loans.csv
2809,2071,3,2024-12-04,2024-12-18,2024-12-24,2026-08-12T13:29:33.699965,loans.csv
803,2179,1,2023-10-30,2023-11-13,2023-10-31,2026-08-12T13:29:33.699965,loans.csv
9038,2110,1,2023-07-10,2023-07-24,2023-07-20,2026-08-12T13:29:33.699965,loans.csv
3980,259,2,2023-02-04,2023-02-18,2023-02-07,2026-08-12T13:29:33.699965,loans.csv
2924,1985,3,2023-03-13,2023-03-27,2023-03-28,2026-08-12T13:29:33.699965,loans.csv
962,1167,2,2024-02-24,2024-03-09,2024-03-09,2026-08-12T13:29:33.699965,loans.csv
332,1680,1,2020-05-09,2020-05-23,2020-05-22,2026-08-12T13:29:33.699965,loans.csv
4396,1240,1,2024-03-20,2024-04-03,2024-05-08,2026-08-12T13:29:33.699965,loans.csv
318,1107,1,2023-06-12,2023-06-26,2023-06-13,2026-08-12T13:29:33.699965,loans.csv
8980,828,1,2024-01-26,2024-02-09,2024-01-30,2026-08-12T13:29:33.699965,loans.csv
6575,882,1,2024-12-17,2024-12-31,,2026-08-12T13:29:33.699965,loans.csv
568,351,3,2024-08-01,2024-08-15,,2026-08-12T13:29:33.699965,loans.csv
3758,1926,2,2024-07-30,2024-08-20,2024-08-24,2026-08-12T13:29:33.699965,loans.csv
4467,1343,2,2024-11-12,2024-12-03,2024-12-22,2026-08-12T13:29:33.699965,loans.csv
3408,146,2,2024-12-11,2024-12-25,,2026-08-12T13:29:33.699965,loans.csv
2233,2052,1,2024-01-30,2024-02-13,2024-02-07,2026-08-12T13:29:33.699965,loans.csv
7429,2758,27,2021-05-01,2021-05-15,2021-05-12,2026-08-12T13:29:33.699965,loans.csv
7807,2109,1,2022-08-23,2022-09-06,,2026-08-12T13:29:33.699965,loans.csv
7590,1942,4,2024-11-17,2024-12-01,2024-12-03,2026-08-12T13:29:33.699965,loans.csv
1125,384,20,2023-04-12,2023-04-26,2023-04-15,2026-08-12T13:29:33.699965,loans.csv
8186,205,4,2024-08-02,2024-08-16,2024-08-12,2026-08-12T13:29:33.699965,loans.csv
5108,29,57,2023-03-15,2023-03-29,2023-03-31,2026-08-12T13:29:33.699965,loans.csv
2366,2115,1,2024-09-03,2024-09-24,2024-10-01,2026-08-12T13:29:33.699965,loans.csv
2889,2367,7,2023-10-18,2023-11-01,,2026-08-12T13:29:33.699965,loans.csv
2978,833,1,2024-04-20,2024-05-04,2024-04-28,2026-08-12T13:29:33.699965,loans.csv
5826,531,1,2024-03-04,2024-03-18,2024-03-13,2026-08-12T13:29:33.699965,loans.csv
4606,2029,11,2023-04-14,2023-04-28,,2026-08-12T13:29:33.699965,loans.csv
247,259,3,2023-10-20,2023-11-03,2023-10-25,2026-08-12T13:29:33.699965,loans.csv
1067,70,53,2020-10-04,2020-10-18,2020-10-12,2026-08-12T13:29:33.699965,loans.csv
7130,973,5,2023-06-02,2023-06-16,2023-06-14,2026-08-12T13:29:33.699965,loans.csv
5334,1637,1,2024-04-19,2024-05-03,2024-04-22,2026-08-12T13:29:33.699965,loans.csv
4177,1242,2,2023-01-11,2023-01-25,2023-01-15,2026-08-12T13:29:33.699965,loans.csv
6424,439,1,2024-12-07,2024-12-21,2024-12-27,2026-08-12T13:29:33.699965,loans.csv
7068,1611,20,2020-09-08,2020-09-22,,2026-08-12T13:29:33.699965,loans.csv
530,391,15,2023-06-07,2023-06-28,2023-06-23,2026-08-12T13:29:33.699965,loans.csv
8223,2486,4,2024-10-22,2024-11-05,2024-10-24,2026-08-12T13:29:33.699965,loans.csv
198,2123,1,2024-02-17,2024-03-09,,2026-08-12T13:29:33.699965,loans.csv
3072,860,1,2023-10-24,2023-11-07,2023-11-13,2026-08-12T13:29:33.699965,loans.csv
8041,1988,1,2020-04-11,2020-04-25,,2026-08-12T13:29:33.699965,loans.csv
2956,470,1,2023-01-30,2023-02-13,2023-02-01,2026-08-12T13:29:33.699965,loans.csv
5245,242,2,2024-06-22,2024-07-06,2024-06-25,2026-08-12T13:29:33.699965,loans.csv
5764,217,4,2021-09-02,2021-09-16,2021-09-14,2026-08-12T13:29:33.699965,loans.csv
3836,2663,1,2023-03-07,2023-03-21,2023-03-12,2026-08-12T13:29:33.699965,loans.csv
4489,1103,4,2023-08-24,2023-09-07,2023-09-06,2026-08-12T13:29:33.699965,loans.csv
8169,979,3,2022-04-07,2022-04-21,2022-04-22,2026-08-12T13:29:33.699965,loans.csv
5808,1970,1,2024-10-07,2024-10-21,2024-10-27,2026-08-12T13:29:33.699965,loans.csv
9263,1455,1,2024-12-03,2024-12-17,,2026-08-12T13:29:33.699965,loans.csv
2096,1243,3,2024-05-02,2024-05-16,2024-05-22,2026-08-12T13:29:33.699965,loans.csv
946,872,8,2024-07-06,2024-07-20,2024-07-21,2026-08-12T13:29:33.699965,loans.csv
8981,1988,22,2021-04-09,2021-04-23,2021-04-15,2026-08-12T13:29:33.699965,loans.csv
4052,1675,3,2024-07-03,2024-07-17,2024-07-27,2026-08-12T13:29:33.699965,loans.csv
3519,1407,31,2023-06-07,2023-06-21,2023-07-06,2026-08-12T13:29:33.699965,loans.csv
8772,517,1,2024-10-11,2024-10-25,2024-10-19,2026-08-12T13:29:33.699965,loans.csv
6315,1997,2,2024-02-03,2024-02-17,2024-02-09,2026-08-12T13:29:33.699965,loans.csv
7299,133,36,2022-07-28,2022-08-11,2022-08-04,2026-08-12T13:29:33.699965,loans.csv
7217,828,2,2023-12-03,2023-12-17,2023-12-16,2026-08-12T13:29:33.699965,loans.csv
8860,1350,33,2023-06-11,2023-06-25,2023-06-25,2026-08-12T13:29:33.699965,loans.csv
4331,2593,5,2021-08-24,2021-09-07,2021-08-28,2026-08-12T13:29:33.699965,loans.csv
7701,1986,1,2023-11-10,2023-12-01,2023-12-07,2026-08-12T13:29:33.699965,loans.csv
5783,1018,1,2022-08-24,2022-09-07,2022-09-14,2026-08-12T13:29:33.699965,loans.csv
4086,1208,7,2024-06-05,2024-06-19,2024-06-09,2026-08-12T13:29:33.699965,loans.csv
3935,1977,11,2024-06-03,2024-06-17,2024-06-12,2026-08-12T13:29:33.699965,loans.csv
7295,2114,1,2022-08-26,2022-09-09,2022-09-13,2026-08-12T13:29:33.699965,loans.csv
5786,369,1,2024-03-29,2024-04-12,2024-05-01,2026-08-12T13:29:33.699965,loans.csv
5198,764,3,2021-12-14,2021-12-28,2021-12-23,2026-08-12T13:29:33.699965,loans.csv
4538,2511,1,2022-03-30,2022-04-13,2022-04-05,2026-08-12T13:29:33.699965,loans.csv
9465,1243,3,2023-11-02,2023-11-16,2023-11-18,2026-08-12T13:29:33.699965,loans.csv
6941,2743,1,2024-12-23,2025-01-06,,2026-08-12T13:29:33.699965,loans.csv
9553,1030,3,2023-05-13,2023-05-27,2023-05-23,2026-08-12T13:29:33.699965,loans.csv
1465,1947,16,2023-06-30,2023-07-14,2023-07-13,2026-08-12T13:29:33.699965,loans.csv
4785,432,1,2024-07-29,2024-08-19,2024-08-25,2026-08-12T13:29:33.699965,loans.csv
1281,2462,1,2024-11-25,2024-12-16,2024-11-30,2026-08-12T13:29:33.699965,loans.csv
4459,1826,2,2023-01-19,2023-02-09,2023-02-07,2026-08-12T13:29:33.699965,loans.csv
1244,2791,4,2024-09-01,2024-09-15,2024-09-06,2026-08-12T13:29:33.699965,loans.csv
6373,392,6,2022-08-17,2022-09-07,2022-09-03,2026-08-12T13:29:33.699965,loans.csv
3745,1104,11,2024-08-19,2024-09-02,,2026-08-12T13:29:33.699965,loans.csv
7462,1805,7,2024-02-01,2024-02-22,,2026-08-12T13:29:33.699965,loans.csv
5907,452,1,2023-04-01,2023-04-15,2023-04-18,2026-08-12T13:29:33.699965,loans.csv
539,2111,18,2024-09-17,2024-10-08,2024-10-04,2026-08-12T13:29:33.699965,loans.csv
5279,813,1,2024-09-21,2024-10-05,2024-10-01,2026-08-12T13:29:33.699965,loans.csv
7640,2120,48,2020-10-25,2020-11-08,2020-10-29,2026-08-12T13:29:33.699965,loans.csv
8839,852,17,2024-10-11,2024-10-25,,2026-08-12T13:29:33.699965,loans.csv
744,838,5,2021-04-08,2021-04-29,2021-04-26,2026-08-12T13:29:33.699965,loans.csv
6132,2415,2,2024-12-11,2024-12-25,,2026-08-12T13:29:33.699965,loans.csv
7302,2401,1,2023-11-24,2023-12-08,2023-11-27,2026-08-12T13:29:33.699965,loans.csv
6290,2562,10,2020-02-18,2020-03-03,2020-03-09,2026-08-12T13:29:33.699965,loans.csv
1979,2088,4,2023-10-03,2023-10-17,2023-10-10,2026-08-12T13:29:33.699965,loans.csv
7103,2261,2,2023-06-12,2023-06-26,2023-06-18,2026-08-12T13:29:33.699965,loans.csv
4662,1538,3,2022-12-18,2023-01-01,2022-12-31,2026-08-12T13:29:33.699965,loans.csv
9014,2010,1,2024-12-21,2025-01-04,,2026-08-12T13:29:33.699965,loans.csv
975,2110,1,2022-01-12,2022-01-26,2022-01-25,2026-08-12T13:29:33.699965,loans.csv
5303,1572,1,2024-11-02,2024-11-16,2024-12-19,2026-08-12T13:29:33.699965,loans.csv
6530,531,1,2023-05-30,2023-06-13,2023-06-04,2026-08-12T13:29:33.699965,loans.csv
3198,2169,1,2022-08-12,2022-08-26,,2026-08-12T13:29:33.699965,loans.csv
7253,884,1,2024-05-13,2024-05-27,2024-05-22,2026-08-12T13:29:33.699965,loans.csv
8149,2305,1,2023-10-30,2023-11-13,2023-11-14,2026-08-12T13:29:33.699965,loans.csv
5403,2704,34,2023-06-04,2023-06-18,2023-06-20,2026-08-12T13:29:33.699965,loans.csv
75,2403,2,2024-10-14,2024-10-28,2024-10-27,2026-08-12T13:29:33.699965,loans.csv
3512,1809,3,2023-10-14,2023-10-28,2023-10-28,2026-08-12T13:29:33.699965,loans.csv
7868,1370,1,2024-10-21,2024-11-04,2024-11-06,2026-08-12T13:29:33.699965,loans.csv
1487,1254,1,2023-08-16,2023-08-30,2023-08-20,2026-08-12T13:29:33.699965,loans.csv
5016,821,1,2023-10-04,2023-10-25,2023-10-08,2026-08-12T13:29:33.699965,loans.csv
3652,2240,1,2024-11-25,2024-12-09,2024-12-16,2026-08-12T13:29:33.699965,loans.csv
5477,1562,3,2020-11-02,2020-11-16,2020-11-23,2026-08-12T13:29:33.699965,loans.csv
1056,1323,27,2021-10-14,2021-10-28,2021-11-03,2026-08-12T13:29:33.699965,loans.csv
1964,945,1,2024-12-12,2024-12-26,,2026-08-12T13:29:33.699965,loans.csv
3322,655,1,2023-10-03,2023-10-17,2023-10-05,2026-08-12T13:29:33.699965,loans.csv
6874,169,1,2021-08-29,2021-09-19,2021-09-02,2026-08-12T13:29:33.699965,loans.csv
3081,848,178,2024-01-08,2024-01-22,2024-01-13,2026-08-12T13:29:33.699965,loans.csv
8959,1743,149,2023-05-25,2023-06-08,2023-05-27,2026-08-12T13:29:33.699965,loans.csv
3692,1392,1,2022-04-27,2022-05-11,2022-05-01,2026-08-12T13:29:33.699965,loans.csv
9069,2252,15,2024-06-19,2024-07-03,2024-07-08,2026-08-12T13:29:33.699965,loans.csv
920,1128,1,2023-01-23,2023-02-13,2023-02-09,2026-08-12T13:29:33.699965,loans.csv
6223,1485,1,2024-11-19,2024-12-03,2024-11-29,2026-08-12T13:29:33.699965,loans.csv
5234,1598,1,2024-07-19,2024-08-02,2024-07-24,2026-08-12T13:29:33.699965,loans.csv
5038,1021,7,2024-10-29,2024-11-12,2024-11-15,2026-08-12T13:29:33.699965,loans.csv
7342,1153,2,2022-09-06,2022-09-20,2022-09-25,2026-08-12T13:29:33.699965,loans.csv
5088,2758,18,2020-04-28,2020-05-12,2020-05-06,2026-08-12T13:29:33.699965,loans.csv
9134,1595,1,2024-11-16,2024-11-30,2024-11-27,2026-08-12T13:29:33.699965,loans.csv
5214,2718,1,2021-03-30,2021-04-13,2021-04-11,2026-08-12T13:29:33.699965,loans.csv
4161,1648,1,2024-08-21,2024-09-04,2024-09-07,2026-08-12T13:29:33.699965,loans.csv
2849,1648,1,2022-11-03,2022-11-17,2022-11-04,2026-08-12T13:29:33.699965,loans.csv
4150,2787,13,2020-12-03,2020-12-17,2020-12-15,2026-08-12T13:29:33.699965,loans.csv
7260,2743,4,2024-11-11,2024-11-25,2024-11-25,2026-08-12T13:29:33.699965,loans.csv
7501,1257,7,2023-09-23,2023-10-07,2023-09-27,2026-08-12T13:29:33.699965,loans.csv
5523,1484,1,2024-07-21,2024-08-04,2024-07-23,2026-08-12T13:29:33.699965,loans.csv
5193,1984,6,2024-03-29,2024-04-12,2024-04-13,2026-08-12T13:29:33.699965,loans.csv
4318,752,26,2023-10-01,2023-10-15,2023-10-11,2026-08-12T13:29:33.699965,loans.csv
9277,624,32,2024-07-28,2024-08-11,2024-08-18,2026-08-12T13:29:33.699965,loans.csv
5331,2210,1,2022-11-18,2022-12-02,2022-12-09,2026-08-12T13:29:33.699965,loans.csv
4952,1365,1,2024-05-03,2024-05-17,2024-05-10,2026-08-12T13:29:33.699965,loans.csv
9568,1363,7,2021-11-23,2021-12-14,2022-01-22,2026-08-12T13:29:33.699965,loans.csv
9203,828,1,2023-06-16,2023-06-30,2023-06-30,2026-08-12T13:29:33.699965,loans.csv
1328,2522,2,2024-10-21,2024-11-04,2024-10-23,2026-08-12T13:29:33.699965,loans.csv
6265,2123,1,2023-06-16,2023-06-30,2023-06-19,2026-08-12T13:29:33.699965,loans.csv
344,839,6,2024-12-15,2024-12-29,,2026-08-12T13:29:33.699965,loans.csv
4452,112,10,2022-09-22,2022-10-13,2022-09-24,2026-08-12T13:29:33.699965,loans.csv
9490,2379,18,2024-11-24,2024-12-08,2024-12-05,2026-08-12T13:29:33.699965,loans.csv
1571,2198,1,2024-10-03,2024-10-17,2024-10-11,2026-08-12T13:29:33.699965,loans.csv
3232,1338,5,2024-03-13,2024-03-27,2024-03-16,2026-08-12T13:29:33.699965,loans.csv
838,13,2,2024-04-11,2024-05-02,,2026-08-12T13:29:33.699965,loans.csv
2045,2233,59,2024-11-16,2024-11-30,2024-11-29,2026-08-12T13:29:33.699965,loans.csv
2871,2300,122,2023-08-23,2023-09-06,2023-09-05,2026-08-12T13:29:33.699965,loans.csv
1581,2739,1,2020-02-16,2020-03-01,2020-02-24,2026-08-12T13:29:33.699965,loans.csv
8777,1048,18,2024-07-31,2024-08-21,2024-08-17,2026-08-12T13:29:33.699965,loans.csv
3296,586,6,2024-06-09,2024-06-23,2024-06-17,2026-08-12T13:29:33.699965,loans.csv
7691,96,3,2024-02-02,2024-02-16,2024-02-17,2026-08-12T13:29:33.699965,loans.csv
3376,1886,6,2024-11-14,2024-11-28,2024-11-28,2026-08-12T13:29:33.699965,loans.csv
4460,970,2,2023-08-14,2023-08-28,2023-08-24,2026-08-12T13:29:33.699965,loans.csv
6888,1766,12,2024-02-06,2024-02-20,2024-02-09,2026-08-12T13:29:33.699965,loans.csv
4717,1682,1,2023-07-15,2023-07-29,2023-08-04,2026-08-12T13:29:33.699965,loans.csv
8646,1704,1,2024-10-13,2024-10-27,2024-10-28,2026-08-12T13:29:33.699965,loans.csv
8603,1250,12,2023-05-07,2023-05-21,2023-05-15,2026-08-12T13:29:33.699965,loans.csv
5973,2610,1,2021-11-18,2021-12-02,2021-12-03,2026-08-12T13:29:33.699965,loans.csv
2795,2233,139,2024-02-28,2024-03-13,2024-03-11,2026-08-12T13:29:33.699965,loans.csv
3559,802,1,2020-02-09,2020-03-01,,2026-08-12T13:29:33.699965,loans.csv
6363,2190,2,2020-12-06,2020-12-20,2020-12-25,2026-08-12T13:29:33.699965,loans.csv
2507,2313,13,2021-04-15,2021-04-29,2021-04-26,2026-08-12T13:29:33.699965,loans.csv
4442,1814,1,2024-01-28,2024-02-11,2024-02-09,2026-08-12T13:29:33.699965,loans.csv
3641,2126,1,2024-01-01,2024-01-22,2024-01-26,2026-08-12T13:29:33.699965,loans.csv
3551,1232,3,2024-03-09,2024-03-23,2024-05-03,2026-08-12T13:29:33.699965,loans.csv
9546,2280,1,2024-07-26,2024-08-09,2024-08-06,2026-08-12T13:29:33.699965,loans.csv
7908,1118,4,2024-12-14,2025-01-04,,2026-08-12T13:29:33.699965,loans.csv
4234,199,2,2024-11-01,2024-11-15,2024-11-04,2026-08-12T13:29:33.699965,loans.csv
369,36,16,2023-12-06,2023-12-20,2023-12-08,2026-08-12T13:29:33.699965,loans.csv
2606,346,8,2024-11-16,2024-12-07,2024-12-12,2026-08-12T13:29:33.699965,loans.csv
2675,2423,27,2024-11-29,2024-12-13,2024-12-01,2026-08-12T13:29:33.699965,loans.csv
3266,2537,2,2023-08-24,2023-09-07,2023-08-25,2026-08-12T13:29:33.699965,loans.csv
2563,673,1,2024-08-11,2024-09-01,2024-08-18,2026-08-12T13:29:33.699965,loans.csv
4040,1116,1,2023-08-24,2023-09-07,2023-08-25,2026-08-12T13:29:33.699965,loans.csv
3602,600,1,2021-01-02,2021-01-16,2021-01-12,2026-08-12T13:29:33.699965,loans.csv
6411,1828,2,2024-01-16,2024-01-30,2024-01-24,2026-08-12T13:29:33.699965,loans.csv
9318,159,1,2023-02-09,2023-02-23,2023-02-16,2026-08-12T13:29:33.699965,loans.csv
2588,86,6,2024-04-08,2024-04-22,2024-04-29,2026-08-12T13:29:33.699965,loans.csv
9437,583,21,2024-02-03,2024-02-17,2024-02-22,2026-08-12T13:29:33.699965,loans.csv
2641,2253,4,2024-12-26,2025-01-09,,2026-08-12T13:29:33.699965,loans.csv
1765,1471,1,2024-07-05,2024-07-26,2024-07-13,2026-08-12T13:29:33.699965,loans.csv
5784,940,1,2023-10-22,2023-11-05,2023-10-26,2026-08-12T13:29:33.699965,loans.csv
7973,2034,1,2020-05-23,2020-06-06,2020-06-08,2026-08-12T13:29:33.699965,loans.csv
1120,1753,1,2023-12-05,2023-12-19,2023-12-11,2026-08-12T13:29:33.699965,loans.csv
8903,2061,1,2024-11-27,2024-12-18,2025-01-31,2026-08-12T13:29:33.699965,loans.csv
1908,608,1,2024-09-13,2024-09-27,2024-09-27,2026-08-12T13:29:33.699965,loans.csv
1663,2472,1,2022-06-06,2022-06-20,2022-06-22,2026-08-12T13:29:33.699965,loans.csv
1631,1728,1,2023-10-11,2023-10-25,2023-10-19,2026-08-12T13:29:33.699965,loans.csv
7300,2676,50,2021-12-22,2022-01-05,2021-12-26,2026-08-12T13:29:33.699965,loans.csv
8962,1388,42,2021-10-02,2021-10-16,2021-10-21,2026-08-12T13:29:33.699965,loans.csv
2402,454,11,2021-10-09,2021-10-23,,2026-08-12T13:29:33.699965,loans.csv
1121,1493,11,2022-01-13,2022-01-27,2022-02-03,2026-08-12T13:29:33.699965,loans.csv
6194,31,35,2022-06-21,2022-07-05,2022-07-02,2026-08-12T13:29:33.699965,loans.csv
957,132,2,2023-04-17,2023-05-01,2023-05-08,2026-08-12T13:29:33.699965,loans.csv
7324,848,1,2024-08-22,2024-09-05,2024-08-23,2026-08-12T13:29:33.699965,loans.csv
3590,2130,4,2023-09-16,2023-09-30,,2026-08-12T13:29:33.699965,loans.csv
289,1426,1,2021-12-02,2021-12-23,,2026-08-12T13:29:33.699965,loans.csv
896,1522,21,2023-06-27,2023-07-11,2023-07-06,2026-08-12T13:29:33.699965,loans.csv
7153,1429,1,2024-11-21,2024-12-05,2024-11-25,2026-08-12T13:29:33.699965,loans.csv
1272,2330,3,2020-07-29,2020-08-12,,2026-08-12T13:29:33.699965,loans.csv
5263,2671,3,2024-08-25,2024-09-08,2024-09-04,2026-08-12T13:29:33.699965,loans.csv
723,2045,2,2023-09-08,2023-09-22,2023-09-29,2026-08-12T13:29:33.699965,loans.csv
5721,459,3,2024-09-09,2024-09-23,2024-09-22,2026-08-12T13:29:33.699965,loans.csv
7496,805,2,2022-03-15,2022-03-29,2022-05-04,2026-08-12T13:29:33.699965,loans.csv
976,1097,17,2023-09-10,2023-09-24,2023-09-22,2026-08-12T13:29:33.699965,loans.csv
9204,2708,2,2023-04-01,2023-04-15,2023-05-18,2026-08-12T13:29:33.699965,loans.csv
8353,657,1,2023-12-24,2024-01-07,2024-01-01,2026-08-12T13:29:33.699965,loans.csv
7808,464,1,2023-01-31,2023-02-14,2023-02-12,2026-08-12T13:29:33.699965,loans.csv
2703,2225,1,2022-06-16,2022-06-30,2022-07-01,2026-08-12T13:29:33.699965,loans.csv
7795,403,3,2024-06-17,2024-07-01,2024-06-25,2026-08-12T13:29:33.699965,loans.csv
2317,474,3,2024-12-02,2024-12-16,2024-12-13,2026-08-12T13:29:33.699965,loans.csv
7969,105,2,2024-11-08,2024-11-22,2024-11-20,2026-08-12T13:29:33.699965,loans.csv
477,2460,9,2024-11-04,2024-11-18,,2026-08-12T13:29:33.699965,loans.csv
2854,1739,2,2023-12-04,2023-12-25,,2026-08-12T13:29:33.699965,loans.csv
710,2344,13,2024-12-01,2024-12-15,2024-12-06,2026-08-12T13:29:33.699965,loans.csv
7914,342,12,2023-09-30,2023-10-14,2023-10-02,2026-08-12T13:29:33.699965,loans.csv
2104,481,4,2022-07-25,2022-08-08,2022-08-06,2026-08-12T13:29:33.699965,loans.csv
2818,721,8,2024-09-21,2024-10-05,2024-09-24,2026-08-12T13:29:33.699965,loans.csv
4784,814,2,2024-10-14,2024-10-28,2024-10-23,2026-08-12T13:29:33.699965,loans.csv
7195,2198,1,2020-03-07,2020-03-28,,2026-08-12T13:29:33.699965,loans.csv
8098,1095,2,2022-01-09,2022-01-23,2022-01-13,2026-08-12T13:29:33.699965,loans.csv
6577,804,81,2024-10-04,2024-10-18,2024-10-05,2026-08-12T13:29:33.699965,loans.csv
8892,1217,1,2024-11-25,2024-12-09,2024-12-14,2026-08-12T13:29:33.699965,loans.csv
9305,1587,3,2021-03-09,2021-03-23,2021-03-28,2026-08-12T13:29:33.699965,loans.csv
5773,768,2,2024-03-08,2024-03-29,2024-04-04,2026-08-12T13:29:33.699965,loans.csv
9461,1833,1,2022-08-31,2022-09-21,2022-09-13,2026-08-12T13:29:33.699965,loans.csv
6425,2175,1,2022-12-03,2022-12-17,2022-12-10,2026-08-12T13:29:33.699965,loans.csv
9180,2240,38,2024-10-17,2024-10-31,2024-10-23,2026-08-12T13:29:33.699965,loans.csv
992,552,2,2022-04-12,2022-05-03,2022-05-06,2026-08-12T13:29:33.699965,loans.csv
5220,508,38,2022-07-28,2022-08-11,2022-08-31,2026-08-12T13:29:33.699965,loans.csv
197,2794,7,2024-05-10,2024-05-24,2024-05-23,2026-08-12T13:29:33.699965,loans.csv
3635,1240,1,2022-09-22,2022-10-06,2022-09-28,2026-08-12T13:29:33.699965,loans.csv
3383,1667,1,2023-01-06,2023-01-20,2023-01-09,2026-08-12T13:29:33.699965,loans.csv
9306,717,3,2021-08-23,2021-09-06,2021-09-13,2026-08-12T13:29:33.699965,loans.csv
3326,86,2,2023-08-07,2023-08-21,2023-08-10,2026-08-12T13:29:33.699965,loans.csv
1543,598,1,2024-11-27,2024-12-11,2024-12-03,2026-08-12T13:29:33.699965,loans.csv
9348,774,5,2024-09-30,2024-10-14,2024-10-13,2026-08-12T13:29:33.699965,loans.csv
7102,966,3,2023-11-26,2023-12-10,2023-12-04,2026-08-12T13:29:33.699965,loans.csv
1097,2307,1,2020-10-03,2020-10-17,2020-10-13,2026-08-12T13:29:33.699965,loans.csv
5382,1965,1,2023-07-23,2023-08-06,2023-07-27,2026-08-12T13:29:33.699965,loans.csv
1131,549,1,2024-11-24,2024-12-08,2024-12-07,2026-08-12T13:29:33.699965,loans.csv
8585,736,8,2024-07-11,2024-07-25,,2026-08-12T13:29:33.699965,loans.csv
4818,2023,8,2023-03-04,2023-03-18,2023-03-21,2026-08-12T13:29:33.699965,loans.csv
8918,469,6,2023-01-29,2023-02-12,2023-02-05,2026-08-12T13:29:33.699965,loans.csv
4586,2268,4,2023-11-19,2023-12-03,2023-11-22,2026-08-12T13:29:33.699965,loans.csv
961,2557,1,2020-05-22,2020-06-05,,2026-08-12T13:29:33.699965,loans.csv
3733,2401,2,2024-09-12,2024-09-26,2024-09-26,2026-08-12T13:29:33.699965,loans.csv
3202,2741,2,2024-06-07,2024-06-21,2024-06-11,2026-08-12T13:29:33.699965,loans.csv
509,2538,3,2023-12-16,2023-12-30,2023-12-28,2026-08-12T13:29:33.699965,loans.csv
3905,2411,1,2022-10-13,2022-10-27,2022-10-19,2026-08-12T13:29:33.699965,loans.csv
829,2076,1,2024-06-19,2024-07-10,2024-06-20,2026-08-12T13:29:33.699965,loans.csv
2272,219,1,2022-02-08,2022-02-22,2022-02-12,2026-08-12T13:29:33.699965,loans.csv
1170,122,2,2022-11-14,2022-12-05,2022-11-27,2026-08-12T13:29:33.699965,loans.csv
3311,1928,4,2024-08-03,2024-08-17,2024-08-12,2026-08-12T13:29:33.699965,loans.csv
3177,1460,1,2022-06-20,2022-07-04,2022-06-26,2026-08-12T13:29:33.699965,loans.csv
1554,945,3,2024-07-08,2024-07-22,2024-07-18,2026-08-12T13:29:33.699965,loans.csv
7172,1257,2,2024-01-14,2024-01-28,2024-01-19,2026-08-12T13:29:33.699965,loans.csv
7465,2395,27,2024-09-26,2024-10-10,2024-10-11,2026-08-12T13:29:33.699965,loans.csv
2267,904,1,2023-03-27,2023-04-10,2023-04-04,2026-08-12T13:29:33.699965,loans.csv
8181,550,4,2024-04-13,2024-04-27,2024-04-25,2026-08-12T13:29:33.699965,loans.csv
5587,1592,1,2024-07-04,2024-07-18,2024-07-24,2026-08-12T13:29:33.699965,loans.csv
8130,1751,3,2022-08-25,2022-09-08,2022-08-27,2026-08-12T13:29:33.699965,loans.csv
4575,1735,17,2023-11-04,2023-11-18,,2026-08-12T13:29:33.699965,loans.csv
8264,1620,1,2023-12-26,2024-01-09,2024-01-01,2026-08-12T13:29:33.699965,loans.csv
3756,701,1,2023-07-27,2023-08-10,2023-09-06,2026-08-12T13:29:33.699965,loans.csv
8454,2600,2,2023-06-28,2023-07-12,2023-07-10,2026-08-12T13:29:33.699965,loans.csv
1842,608,1,2023-10-08,2023-10-22,2023-10-13,2026-08-12T13:29:33.699965,loans.csv
6950,342,1,2024-02-15,2024-02-29,2024-02-28,2026-08-12T13:29:33.699965,loans.csv
7732,945,1,2024-03-12,2024-03-26,2024-03-18,2026-08-12T13:29:33.699965,loans.csv
5282,628,79,2022-05-20,2022-06-10,2022-05-22,2026-08-12T13:29:33.699965,loans.csv
6239,615,1,2024-05-31,2024-06-14,2024-06-04,2026-08-12T13:29:33.699965,loans.csv
2546,1382,1,2023-08-06,2023-08-20,2023-08-24,2026-08-12T13:29:33.699965,loans.csv
8125,1977,1,2022-03-17,2022-03-31,,2026-08-12T13:29:33.699965,loans.csv
6039,295,1,2022-07-30,2022-08-13,,2026-08-12T13:29:33.699965,loans.csv
2627,2584,1,2023-12-23,2024-01-06,2023-12-25,2026-08-12T13:29:33.699965,loans.csv
407,498,2,2023-04-16,2023-04-30,2023-04-18,2026-08-12T13:29:33.699965,loans.csv
2115,2786,1,2021-10-05,2021-10-19,2021-10-23,2026-08-12T13:29:33.699965,loans.csv
2490,340,11,2024-07-17,2024-07-31,2024-07-21,2026-08-12T13:29:33.699965,loans.csv
1514,460,1,2024-07-02,2024-07-16,2024-07-04,2026-08-12T13:29:33.699965,loans.csv
4747,372,1,2021-07-07,2021-07-21,2021-07-12,2026-08-12T13:29:33.699965,loans.csv
1622,845,13,2023-05-02,2023-05-16,2023-05-21,2026-08-12T13:29:33.699965,loans.csv
3626,1048,3,2024-08-24,2024-09-07,2024-08-28,2026-08-12T13:29:33.699965,loans.csv
8318,750,3,2022-07-06,2022-06-25,2022-07-24,2026-08-12T13:29:33.699965,loans.csv
4543,133,98,2021-01-08,2021-01-22,2021-01-14,2026-08-12T13:29:33.699965,loans.csv
3666,1221,1,2023-10-01,2023-10-15,2023-10-20,2026-08-12T13:29:33.699965,loans.csv
2389,1941,9,2024-07-12,2024-07-26,2024-07-19,2026-08-12T13:29:33.699965,loans.csv
9404,1902,13,2024-01-13,2024-01-27,2024-01-29,2026-08-12T13:29:33.699965,loans.csv
8188,1685,5,2023-09-20,2023-10-04,2023-10-11,2026-08-12T13:29:33.699965,loans.csv
6852,151,1,2021-06-14,2021-06-28,2021-06-27,2026-08-12T13:29:33.699965,loans.csv
5910,1167,1,2023-09-24,2023-10-08,2023-10-13,2026-08-12T13:29:33.699965,loans.csv
3409,1339,5,2023-05-23,2023-06-06,2023-05-26,2026-08-12T13:29:33.699965,loans.csv
7121,575,2,2020-11-25,2020-12-09,,2026-08-12T13:29:33.699965,loans.csv
8983,673,1,2022-05-18,2022-06-01,2022-05-30,2026-08-12T13:29:33.699965,loans.csv
4338,513,2,2023-06-05,2023-06-19,2023-06-28,2026-08-12T13:29:33.699965,loans.csv
8823,1297,1,2023-01-04,2023-01-18,2023-01-21,2026-08-12T13:29:33.699965,loans.csv
9473,872,3,2022-01-14,2022-01-28,2022-01-21,2026-08-12T13:29:33.699965,loans.csv
3083,2009,11,2024-10-11,2024-11-01,,2026-08-12T13:29:33.699965,loans.csv
1915,388,3,2022-11-12,2022-11-26,,2026-08-12T13:29:33.699965,loans.csv
2035,2521,8,2024-03-08,2024-03-22,2024-03-24,2026-08-12T13:29:33.699965,loans.csv
4362,612,1,2021-07-29,2021-08-12,2021-08-09,2026-08-12T13:29:33.699965,loans.csv
1910,2252,178,2024-08-10,2024-08-24,2024-08-15,2026-08-12T13:29:33.699965,loans.csv
5379,814,1,2023-11-11,2023-11-25,,2026-08-12T13:29:33.699965,loans.csv
5211,439,1,2024-09-21,2024-10-05,2024-09-28,2026-08-12T13:29:33.699965,loans.csv
5990,417,3,2023-10-05,2023-10-19,2023-10-16,2026-08-12T13:29:33.699965,loans.csv
4077,1632,3,2023-06-16,2023-06-30,2023-06-26,2026-08-12T13:29:33.699965,loans.csv
4105,1027,1,2024-05-12,2024-05-26,2024-05-14,2026-08-12T13:29:33.699965,loans.csv
2514,1079,2,2024-10-19,2024-11-09,2024-11-07,2026-08-12T13:29:33.699965,loans.csv
1255,937,22,2022-11-27,2022-12-11,2022-12-15,2026-08-12T13:29:33.699965,loans.csv
9545,1582,9,2023-08-16,2023-08-30,2023-09-29,2026-08-12T13:29:33.699965,loans.csv
7883,1992,88,2024-08-19,2024-09-02,2024-09-01,2026-08-12T13:29:33.699965,loans.csv
8332,1785,1,2024-10-22,2024-11-05,2024-10-25,2026-08-12T13:29:33.699965,loans.csv
9505,1357,2,2024-01-29,2024-02-12,,2026-08-12T13:29:33.699965,loans.csv
7927,1907,2,2024-04-26,2024-05-10,2024-04-28,2026-08-12T13:29:33.699965,loans.csv
4884,1020,1,2022-04-30,2022-05-14,2022-05-18,2026-08-12T13:29:33.699965,loans.csv
3286,2247,1,2022-02-15,2022-03-01,2022-02-27,2026-08-12T13:29:33.699965,loans.csv
886,1996,7,2023-01-13,2023-01-27,2023-01-18,2026-08-12T13:29:33.699965,loans.csv
451,481,1,2022-03-04,2022-03-18,2022-04-29,2026-08-12T13:29:33.699965,loans.csv
7259,2100,2,2020-05-09,2020-05-23,2020-06-18,2026-08-12T13:29:33.699965,loans.csv
1003,880,2,2024-02-09,2024-02-23,2024-02-22,2026-08-12T13:29:33.699965,loans.csv
5167,2308,2,2023-12-16,2023-12-30,2024-01-03,2026-08-12T13:29:33.699965,loans.csv
4874,2061,1,2024-04-01,2024-04-15,2024-04-13,2026-08-12T13:29:33.699965,loans.csv
8116,482,2,2021-11-28,2021-12-12,2021-12-18,2026-08-12T13:29:33.699965,loans.csv
1364,2714,1,2024-08-11,2024-09-01,2024-08-26,2026-08-12T13:29:33.699965,loans.csv
7783,386,2,2024-12-24,2025-01-07,,2026-08-12T13:29:33.699965,loans.csv
4329,854,20,2020-09-11,2020-09-25,2020-09-15,2026-08-12T13:29:33.699965,loans.csv
1846,2643,6,2024-10-09,2024-10-23,2024-10-28,2026-08-12T13:29:33.699965,loans.csv
9210,2519,3,2024-03-08,2024-03-22,2024-04-07,2026-08-12T13:29:33.699965,loans.csv
9595,1706,3,2023-07-29,2023-08-12,2023-08-12,2026-08-12T13:29:33.699965,loans.csv
1646,2430,1,2024-05-25,2024-06-08,2024-06-05,2026-08-12T13:29:33.699965,loans.csv
460,2043,51,2022-09-27,2022-10-11,2022-10-14,2026-08-12T13:29:33.699965,loans.csv
4831,1710,1,2023-12-10,2023-12-24,2023-12-26,2026-08-12T13:29:33.699965,loans.csv
8233,43,2,2021-08-27,2021-09-10,2021-09-01,2026-08-12T13:29:33.699965,loans.csv
3284,2011,10,2023-07-06,2023-07-27,2023-07-09,2026-08-12T13:29:33.699965,loans.csv
4921,257,1,2022-04-02,2022-04-16,2022-04-17,2026-08-12T13:29:33.699965,loans.csv
6627,1305,11,2024-10-14,2024-11-04,2024-10-15,2026-08-12T13:29:33.699965,loans.csv
5805,1200,10,2023-10-22,2023-11-05,,2026-08-12T13:29:33.699965,loans.csv
7467,1446,3,2020-06-26,2020-07-10,2020-07-17,2026-08-12T13:29:33.699965,loans.csv
4200,1738,3,2022-04-06,2022-04-20,,2026-08-12T13:29:33.699965,loans.csv
654,2249,1,2021-10-22,2021-11-05,2021-11-04,2026-08-12T13:29:33.699965,loans.csv
142,538,2,2024-01-27,2024-02-10,2024-02-10,2026-08-12T13:29:33.699965,loans.csv
2622,663,2,2024-04-18,2024-05-02,2024-04-24,2026-08-12T13:29:33.699965,loans.csv
1580,1100,7,2024-11-03,2024-11-17,2024-11-22,2026-08-12T13:29:33.699965,loans.csv
3701,1781,19,2023-02-09,2023-02-23,2023-02-12,2026-08-12T13:29:33.699965,loans.csv
7643,289,1,2024-12-23,2025-01-06,,2026-08-12T13:29:33.699965,loans.csv
5617,646,6,2023-04-20,2023-05-04,2023-04-28,2026-08-12T13:29:33.699965,loans.csv
3576,86,1,2023-08-28,2023-09-11,2023-09-15,2026-08-12T13:29:33.699965,loans.csv
1776,901,3,2022-08-23,2022-09-13,2022-08-25,2026-08-12T13:29:33.699965,loans.csv
1010,2758,2,2021-08-08,2021-08-29,2021-09-27,2026-08-12T13:29:33.699965,loans.csv
3579,985,1,2023-07-15,2023-07-29,2023-07-21,2026-08-12T13:29:33.699965,loans.csv
7227,1198,1,2024-04-10,2024-04-24,2024-04-24,2026-08-12T13:29:33.699965,loans.csv
4654,1914,16,2024-08-23,2024-09-06,2024-09-06,2026-08-12T13:29:33.699965,loans.csv
2991,2289,1,2022-09-06,2022-09-20,,2026-08-12T13:29:33.699965,loans.csv
9148,2582,5,2023-03-20,2023-04-03,2023-04-10,2026-08-12T13:29:33.699965,loans.csv
5816,2610,1,2022-08-23,2022-09-06,2022-09-06,2026-08-12T13:29:33.699965,loans.csv
7120,657,1,2024-10-26,2024-11-09,2024-10-31,2026-08-12T13:29:33.699965,loans.csv
718,1508,16,2023-10-10,2023-10-24,2023-11-13,2026-08-12T13:29:33.699965,loans.csv
2609,694,100,2024-07-13,2024-07-27,2024-07-21,2026-08-12T13:29:33.699965,loans.csv
9262,831,8,2023-07-28,2023-08-11,2023-08-02,2026-08-12T13:29:33.699965,loans.csv
3830,2331,2,2024-06-27,2024-07-18,2024-07-15,2026-08-12T13:29:33.699965,loans.csv
200,1087,3,2024-09-20,2024-10-04,2024-10-01,2026-08-12T13:29:33.699965,loans.csv
7536,129,146,2023-09-11,2023-09-25,2023-10-02,2026-08-12T13:29:33.699965,loans.csv
2790,2485,6,2023-01-07,2023-01-21,,2026-08-12T13:29:33.699965,loans.csv
4639,18,1,2022-01-26,2022-02-16,2022-02-01,2026-08-12T13:29:33.699965,loans.csv
8525,1276,1,2024-03-18,2024-04-01,2024-04-12,2026-08-12T13:29:33.699965,loans.csv
7720,129,1,2024-07-30,2024-08-13,2024-09-01,2026-08-12T13:29:33.699965,loans.csv
7258,49,1,2023-10-31,2023-11-14,2023-11-10,2026-08-12T13:29:33.699965,loans.csv
6968,1139,1,2023-01-15,2023-02-05,2023-01-19,2026-08-12T13:29:33.699965,loans.csv
6657,1698,1,2024-11-10,2024-11-24,2024-11-12,2026-08-12T13:29:33.699965,loans.csv
2149,2739,131,2020-08-27,2020-09-10,2020-10-09,2026-08-12T13:29:33.699965,loans.csv
3262,1269,1,2021-03-14,2021-03-28,2021-03-21,2026-08-12T13:29:33.699965,loans.csv
1434,1785,1,2024-12-25,2025-01-08,,2026-08-12T13:29:33.699965,loans.csv
4519,2241,1,2022-05-12,2022-05-26,2022-05-29,2026-08-12T13:29:33.699965,loans.csv
2205,43,24,2020-03-08,2020-03-22,2020-03-15,2026-08-12T13:29:33.699965,loans.csv
8790,1354,1,2023-11-15,2023-11-29,2023-12-18,2026-08-12T13:29:33.699965,loans.csv
4611,1771,72,2022-05-20,2022-06-03,2022-05-22,2026-08-12T13:29:33.699965,loans.csv
592,1226,4,2021-10-09,2021-10-23,2021-10-12,2026-08-12T13:29:33.699965,loans.csv
1119,2367,1,2023-05-27,2023-06-17,2023-06-05,2026-08-12T13:29:33.699965,loans.csv
3784,2253,2,2021-08-07,2021-08-21,2021-08-25,2026-08-12T13:29:33.699965,loans.csv
9374,1489,5,2023-06-29,2023-07-13,2023-06-30,2026-08-12T13:29:33.699965,loans.csv
7386,1242,7,2022-12-15,2022-12-29,2022-12-29,2026-08-12T13:29:33.699965,loans.csv
5319,2469,1,2024-07-09,2024-07-23,2024-07-16,2026-08-12T13:29:33.699965,loans.csv
9237,2075,7,2022-03-10,2022-03-24,2022-03-18,2026-08-12T13:29:33.699965,loans.csv
742,2777,6,2024-04-30,2024-05-21,2024-05-28,2026-08-12T13:29:33.699965,loans.csv
8867,17,1,2022-09-30,2022-10-14,2022-10-10,2026-08-12T13:29:33.699965,loans.csv
3537,1602,1,2021-04-21,2021-05-05,2021-05-10,2026-08-12T13:29:33.699965,loans.csv
2217,827,2,2022-12-22,2023-01-12,2023-01-19,2026-08-12T13:29:33.699965,loans.csv
1719,271,1,2023-06-09,2023-06-23,,2026-08-12T13:29:33.699965,loans.csv
5209,698,4,2024-09-13,2024-09-27,2024-10-17,2026-08-12T13:29:33.699965,loans.csv
6048,978,5,2024-12-10,2024-12-24,,2026-08-12T13:29:33.699965,loans.csv
1942,2179,2,2024-03-16,2024-03-30,2024-04-03,2026-08-12T13:29:33.699965,loans.csv
3917,2522,2,2024-12-11,2024-12-25,,2026-08-12T13:29:33.699965,loans.csv
2271,1889,54,2021-02-24,2021-03-17,2021-03-06,2026-08-12T13:29:33.699965,loans.csv
8002,502,4,2024-11-05,2024-11-19,2024-11-22,2026-08-12T13:29:33.699965,loans.csv
4219,1061,33,2024-09-24,2024-10-08,2024-09-28,2026-08-12T13:29:33.699965,loans.csv
6138,1962,5,2024-09-11,2024-09-25,2024-10-04,2026-08-12T13:29:33.699965,loans.csv
6890,2477,14,2023-05-12,2023-05-26,2023-05-26,2026-08-12T13:29:33.699965,loans.csv
5593,2704,1,2023-01-03,2023-01-17,,2026-08-12T13:29:33.699965,loans.csv
2725,2092,1,2024-07-05,2024-07-19,,2026-08-12T13:29:33.699965,loans.csv
9227,1522,133,2020-08-11,2020-09-01,2020-08-17,2026-08-12T13:29:33.699965,loans.csv
9286,260,7,2024-03-29,2024-04-12,2024-04-17,2026-08-12T13:29:33.699965,loans.csv
7314,2449,1,2024-08-04,2024-08-18,2024-08-25,2026-08-12T13:29:33.699965,loans.csv
265,2265,1,2024-10-18,2024-11-01,,2026-08-12T13:29:33.699965,loans.csv
850,1067,15,2024-01-11,2024-01-25,2024-01-13,2026-08-12T13:29:33.699965,loans.csv
5225,1402,2,2021-02-24,2021-03-10,,2026-08-12T13:29:33.699965,loans.csv
5750,843,1,2020-03-31,2020-04-21,2020-04-22,2026-08-12T13:29:33.699965,loans.csv
9333,1553,4,2023-06-20,2023-07-04,2023-06-30,2026-08-12T13:29:33.699965,loans.csv
7238,1680,1,2020-11-13,2020-11-27,2020-11-15,2026-08-12T13:29:33.699965,loans.csv
1893,2423,1,2024-07-11,2024-07-25,2024-07-23,2026-08-12T13:29:33.699965,loans.csv
6787,1348,4,2024-12-10,2024-12-24,2024-12-21,2026-08-12T13:29:33.699965,loans.csv
5325,978,1,2024-07-30,2024-08-13,2024-08-02,2026-08-12T13:29:33.699965,loans.csv
2238,1554,1,2022-08-06,2022-08-20,2022-08-26,2026-08-12T13:29:33.699965,loans.csv
4402,2325,49,2023-10-01,2023-10-15,2023-10-04,2026-08-12T13:29:33.699965,loans.csv
2936,2409,4,2020-09-18,2020-10-02,2020-10-01,2026-08-12T13:29:33.699965,loans.csv
6705,2052,1,2024-02-22,2024-03-14,2024-03-06,2026-08-12T13:29:33.699965,loans.csv
8739,27,1,2024-08-17,2024-08-31,,2026-08-12T13:29:33.699965,loans.csv
8797,1291,3,2022-02-10,2022-02-24,,2026-08-12T13:29:33.699965,loans.csv
9085,103,28,2021-06-20,2021-07-04,2021-06-28,2026-08-12T13:29:33.699965,loans.csv
8218,1538,3,2024-08-07,2024-08-21,,2026-08-12T13:29:33.699965,loans.csv
5357,446,3,2023-10-24,2023-11-07,2023-11-04,2026-08-12T13:29:33.699965,loans.csv
7507,798,16,2022-11-23,2022-12-07,2022-12-11,2026-08-12T13:29:33.699965,loans.csv
3149,2505,2,2024-09-03,2024-09-17,,2026-08-12T13:29:33.699965,loans.csv
4967,2344,1,2023-11-29,2023-12-13,2023-12-15,2026-08-12T13:29:33.699965,loans.csv
7913,1260,12,2023-11-09,2023-11-23,,2026-08-12T13:29:33.699965,loans.csv
7021,2436,1,2024-05-10,2024-05-24,2024-05-23,2026-08-12T13:29:33.699965,loans.csv
8082,1460,3,2021-08-15,2021-08-29,2021-08-26,2026-08-12T13:29:33.699965,loans.csv
8561,1193,1,2023-12-06,2023-12-20,2023-12-24,2026-08-12T13:29:33.699965,loans.csv
6009,2068,18,2024-08-05,2024-08-19,2024-08-19,2026-08-12T13:29:33.699965,loans.csv
7081,1383,37,2024-03-16,2024-03-30,2024-03-30,2026-08-12T13:29:33.699965,loans.csv
8721,1067,38,2024-01-18,2024-02-01,2024-01-24,2026-08-12T13:29:33.699965,loans.csv
8,347,17,2024-04-20,2024-05-04,,2026-08-12T13:29:33.699965,loans.csv
5337,701,4,2023-08-11,2023-08-25,2023-08-31,2026-08-12T13:29:33.699965,loans.csv
9436,655,2,2022-10-08,2022-10-22,2022-10-29,2026-08-12T13:29:33.699965,loans.csv
4895,2121,1,2021-10-29,2021-11-12,2021-10-31,2026-08-12T13:29:33.699965,loans.csv
6320,1789,15,2022-08-11,2022-08-25,2022-08-30,2026-08-12T13:29:33.699965,loans.csv
4324,2701,128,2023-06-21,2023-07-05,2023-07-07,2026-08-12T13:29:33.699965,loans.csv
7173,213,2,2022-05-29,2022-06-19,2022-07-13,2026-08-12T13:29:33.699965,loans.csv
2,1556,6,2024-06-19,2024-07-10,2024-07-05,2026-08-12T13:29:33.699965,loans.csv
8220,289,1,2024-05-22,2024-06-05,2024-05-24,2026-08-12T13:29:33.699965,loans.csv
8906,646,4,2021-02-22,2021-03-08,2021-03-14,2026-08-12T13:29:33.699965,loans.csv
5955,663,117,2024-07-07,2024-07-21,2024-07-21,2026-08-12T13:29:33.699965,loans.csv
3277,2746,3,2021-07-03,2021-07-17,2021-07-10,2026-08-12T13:29:33.699965,loans.csv
2856,814,2,2024-07-03,2024-07-17,,2026-08-12T13:29:33.699965,loans.csv
2262,1423,1,2023-09-04,2023-09-18,2023-09-14,2026-08-12T13:29:33.699965,loans.csv
3592,2793,57,2024-08-02,2024-08-16,2024-08-07,2026-08-12T13:29:33.699965,loans.csv
1716,1766,21,2024-03-05,2024-03-19,2024-03-24,2026-08-12T13:29:33.699965,loans.csv
3401,1139,5,2024-01-05,2024-01-26,2024-01-15,2026-08-12T13:29:33.699965,loans.csv
4090,1456,2,2023-12-25,2024-01-08,2024-01-12,2026-08-12T13:29:33.699965,loans.csv
1141,591,5,2024-10-27,2024-11-10,2024-11-01,2026-08-12T13:29:33.699965,loans.csv
3031,2723,5,2024-09-21,2024-10-12,2024-10-02,2026-08-12T13:29:33.699965,loans.csv
1416,1267,1,2021-11-08,2021-11-22,2021-12-14,2026-08-12T13:29:33.699965,loans.csv
3357,1480,1,2023-06-12,2023-05-30,2023-06-24,2026-08-12T13:29:33.699965,loans.csv
8380,317,1,2021-02-10,2021-02-24,2021-02-28,2026-08-12T13:29:33.699965,loans.csv
1163,697,1,2022-03-23,2022-04-06,,2026-08-12T13:29:33.699965,loans.csv
8589,2110,3,2023-07-16,2023-07-30,2023-07-29,2026-08-12T13:29:33.699965,loans.csv
8723,2682,13,2023-02-06,2023-02-20,,2026-08-12T13:29:33.699965,loans.csv
6049,1629,2,2023-11-25,2023-12-09,2023-12-02,2026-08-12T13:29:33.699965,loans.csv
7644,1675,1,2024-06-10,2024-06-24,2024-06-20,2026-08-12T13:29:33.699965,loans.csv
9422,1134,1,2024-10-08,2024-10-22,2024-10-29,2026-08-12T13:29:33.699965,loans.csv
7672,1382,2,2024-12-21,2025-01-11,,2026-08-12T13:29:33.699965,loans.csv
2845,2305,12,2021-01-19,2021-02-02,2021-02-01,2026-08-12T13:29:33.699965,loans.csv
351,2772,5,2021-04-01,2021-04-22,,2026-08-12T13:29:33.699965,loans.csv
4237,1595,83,2024-12-07,2024-12-21,2024-12-14,2026-08-12T13:29:33.699965,loans.csv
434,1506,1,2024-10-02,2024-10-23,2024-10-08,2026-08-12T13:29:33.699965,loans.csv
7495,2791,1,2023-10-08,2023-10-22,2023-10-17,2026-08-12T13:29:33.699965,loans.csv
1469,1067,6,2024-08-14,2024-08-28,2024-08-16,2026-08-12T13:29:33.699965,loans.csv
876,2284,1,2024-09-24,2024-10-08,2024-10-09,2026-08-12T13:29:33.699965,loans.csv
7430,2039,46,2024-08-24,2024-09-07,2024-08-30,2026-08-12T13:29:33.699965,loans.csv
8132,1030,48,2024-10-03,2024-10-17,2024-10-21,2026-08-12T13:29:33.699965,loans.csv
3226,2511,3,2023-09-14,2023-09-28,2023-09-17,2026-08-12T13:29:33.699965,loans.csv
4429,2610,1,2023-02-27,2023-03-13,2023-03-08,2026-08-12T13:29:33.699965,loans.csv
9123,2366,1,2023-02-17,2023-03-03,2023-02-20,2026-08-12T13:29:33.699965,loans.csv
1513,2079,186,2024-11-24,2024-12-08,2024-11-25,2026-08-12T13:29:33.699965,loans.csv
2869,2518,78,2024-03-28,2024-04-11,2024-04-04,2026-08-12T13:29:33.699965,loans.csv
806,2164,45,2021-07-02,2021-07-23,2021-07-31,2026-08-12T13:29:33.699965,loans.csv
238,2783,2,2024-11-26,2024-12-10,2024-12-19,2026-08-12T13:29:33.699965,loans.csv
8461,897,1,2021-08-21,2021-09-04,2021-09-08,2026-08-12T13:29:33.699965,loans.csv
4273,528,1,2024-12-06,2024-12-20,2024-12-10,2026-08-12T13:29:33.699965,loans.csv
323,1882,5,2023-08-23,2023-09-13,2023-09-15,2026-08-12T13:29:33.699965,loans.csv
5435,94,1,2023-03-29,2023-04-12,,2026-08-12T13:29:33.699965,loans.csv
3776,1789,3,2022-07-09,2022-07-23,2022-07-17,2026-08-12T13:29:33.699965,loans.csv
1720,1891,1,2023-11-24,2023-12-08,,2026-08-12T13:29:33.699965,loans.csv
5256,2218,8,2023-12-30,2024-01-13,,2026-08-12T13:29:33.699965,loans.csv
4098,205,3,2024-07-07,2024-07-21,,2026-08-12T13:29:33.699965,loans.csv
4982,1638,4,2024-11-02,2024-11-16,2024-11-06,2026-08-12T13:29:33.699965,loans.csv
3908,137,32,2024-10-15,2024-10-29,,2026-08-12T13:29:33.699965,loans.csv
9322,2581,1,2023-06-15,2023-06-29,2023-08-02,2026-08-12T13:29:33.699965,loans.csv
4085,2382,1,2024-04-19,2024-05-03,2024-04-26,2026-08-12T13:29:33.699965,loans.csv
2408,1008,2,2024-04-01,2024-04-15,2024-05-07,2026-08-12T13:29:33.699965,loans.csv
6251,178,13,2020-12-25,2021-01-08,2021-01-12,2026-08-12T13:29:33.699965,loans.csv
2682,191,3,2023-03-19,2023-04-02,2023-03-31,2026-08-12T13:29:33.699965,loans.csv
3080,1715,1,2024-02-09,2024-02-23,,2026-08-12T13:29:33.699965,loans.csv
398,475,16,2024-10-07,2024-10-21,2024-10-13,2026-08-12T13:29:33.699965,loans.csv
656,714,3,2024-08-25,2024-09-08,2024-09-04,2026-08-12T13:29:33.699965,loans.csv
4817,1847,1,2024-05-14,2024-05-28,2024-05-25,2026-08-12T13:29:33.699965,loans.csv
9453,1977,3,2023-12-18,2024-01-01,,2026-08-12T13:29:33.699965,loans.csv
1783,12,20,2023-10-27,2023-11-10,2023-11-03,2026-08-12T13:29:33.699965,loans.csv
543,2760,2,2024-09-18,2024-10-09,2024-10-14,2026-08-12T13:29:33.699965,loans.csv
4819,2399,2,2023-06-04,2023-06-18,2023-06-05,2026-08-12T13:29:33.699965,loans.csv
9266,2139,19,2024-05-25,2024-06-08,,2026-08-12T13:29:33.699965,loans.csv
5097,1828,1,2024-07-14,2024-07-28,2024-07-24,2026-08-12T13:29:33.699965,loans.csv
4121,1365,1,2024-08-11,2024-08-25,2024-08-15,2026-08-12T13:29:33.699965,loans.csv
8250,574,1,2023-06-18,2023-07-02,,2026-08-12T13:29:33.699965,loans.csv
6487,2289,23,2022-10-26,2022-11-09,2022-11-01,2026-08-12T13:29:33.699965,loans.csv
3606,1048,5,2024-08-28,2024-09-18,2024-09-17,2026-08-12T13:29:33.699965,loans.csv
2505,1260,2,2024-03-16,2024-03-30,2024-04-02,2026-08-12T13:29:33.699965,loans.csv
5848,1371,3,2024-05-08,2024-05-22,2024-05-24,2026-08-12T13:29:33.699965,loans.csv
4658,2152,10,2024-08-17,2024-08-31,,2026-08-12T13:29:33.699965,loans.csv
1054,1854,6,2023-03-12,2023-04-02,2023-03-26,2026-08-12T13:29:33.699965,loans.csv
6042,1345,1,2024-02-03,2024-02-17,2024-02-24,2026-08-12T13:29:33.699965,loans.csv
1314,1074,5,2024-09-19,2024-10-03,,2026-08-12T13:29:33.699965,loans.csv
5499,2309,1,2024-09-08,2024-09-22,2024-09-11,2026-08-12T13:29:33.699965,loans.csv
6628,59,1,2021-07-13,2021-07-27,2021-08-02,2026-08-12T13:29:33.699965,loans.csv
8654,2704,3,2023-05-17,2023-05-31,2023-05-23,2026-08-12T13:29:33.699965,loans.csv
612,2165,14,2024-10-17,2024-11-07,2024-11-12,2026-08-12T13:29:33.699965,loans.csv
1673,2536,2,2022-01-05,2022-01-19,2022-02-06,2026-08-12T13:29:33.699965,loans.csv
4386,2331,7,2023-09-23,2023-10-07,2023-09-24,2026-08-12T13:29:33.699965,loans.csv
437,1087,1,2024-08-14,2024-08-28,2024-08-27,2026-08-12T13:29:33.699965,loans.csv
359,2147,67,2023-11-15,2023-11-29,2023-11-29,2026-08-12T13:29:33.699965,loans.csv
2755,1739,1,2024-08-20,2024-09-03,2024-09-01,2026-08-12T13:29:33.699965,loans.csv
3049,1167,2,2024-05-05,2024-05-19,2024-05-13,2026-08-12T13:29:33.699965,loans.csv
3979,1006,2,2024-07-08,2024-07-22,,2026-08-12T13:29:33.699965,loans.csv
5682,1408,1,2024-05-07,2024-05-21,,2026-08-12T13:29:33.699965,loans.csv
1675,2338,19,2023-06-30,2023-07-14,2023-07-04,2026-08-12T13:29:33.699965,loans.csv
3878,1756,3,2024-10-31,2024-11-21,2024-11-02,2026-08-12T13:29:33.699965,loans.csv
3227,1977,1,2023-04-16,2023-04-30,2023-05-21,2026-08-12T13:29:33.699965,loans.csv
1507,2219,3,2022-09-05,2022-09-19,2022-10-08,2026-08-12T13:29:33.699965,loans.csv
2299,1556,2,2024-10-20,2024-11-03,2024-10-24,2026-08-12T13:29:33.699965,loans.csv
7581,1357,9,2023-07-25,2023-08-08,2023-08-10,2026-08-12T13:29:33.699965,loans.csv
632,1653,1,2022-04-28,2022-05-12,2022-05-04,2026-08-12T13:29:33.699965,loans.csv
8422,2015,1,2024-08-31,2024-09-14,2024-09-03,2026-08-12T13:29:33.699965,loans.csv
6506,598,3,2023-09-29,2023-10-13,2023-10-08,2026-08-12T13:29:33.699965,loans.csv
3513,2272,3,2024-11-18,2024-12-02,2024-12-03,2026-08-12T13:29:33.699965,loans.csv
3648,2311,1,2024-10-25,2024-11-08,2024-10-27,2026-08-12T13:29:33.699965,loans.csv
2670,1211,1,2023-05-02,2023-05-16,2023-05-21,2026-08-12T13:29:33.699965,loans.csv
1526,1254,3,2024-04-14,2024-05-05,2024-04-15,2026-08-12T13:29:33.699965,loans.csv
5119,597,3,2023-08-23,2023-09-06,2023-08-25,2026-08-12T13:29:33.699965,loans.csv
2891,64,1,2022-10-02,2022-10-16,2022-10-06,2026-08-12T13:29:33.699965,loans.csv
1446,9,4,2021-03-07,2021-03-21,2021-03-11,2026-08-12T13:29:33.699965,loans.csv
8586,615,1,2024-07-05,2024-07-19,,2026-08-12T13:29:33.699965,loans.csv
9424,2509,11,2021-11-10,2021-11-24,2022-01-03,2026-08-12T13:29:33.699965,loans.csv
6903,1034,1,2022-05-19,2022-06-02,2022-06-09,2026-08-12T13:29:33.699965,loans.csv
5979,1329,1,2024-09-13,2024-09-27,2024-09-22,2026-08-12T13:29:33.699965,loans.csv
8955,828,10,2024-06-01,2024-06-15,2024-06-09,2026-08-12T13:29:33.699965,loans.csv
8115,276,1,2023-10-31,2023-11-14,2023-12-21,2026-08-12T13:29:33.699965,loans.csv
8940,2732,3,2024-10-20,2024-11-03,2024-11-02,2026-08-12T13:29:33.699965,loans.csv
5556,2206,10,2024-10-16,2024-10-30,2024-10-21,2026-08-12T13:29:33.699965,loans.csv
2178,2520,1,2022-02-03,2022-02-17,2022-02-17,2026-08-12T13:29:33.699965,loans.csv
7609,1112,2,2023-01-04,2023-01-18,2023-01-12,2026-08-12T13:29:33.699965,loans.csv
7722,685,4,2024-02-22,2024-03-07,2024-02-25,2026-08-12T13:29:33.699965,loans.csv
7475,1748,6,2021-12-08,2021-12-29,2021-12-27,2026-08-12T13:29:33.699965,loans.csv
6299,2197,1,2023-07-14,2023-08-04,2023-08-25,2026-08-12T13:29:33.699965,loans.csv
9113,1386,2,2024-04-06,2024-04-20,2024-04-11,2026-08-12T13:29:33.699965,loans.csv
5086,1037,5,2024-03-31,2024-04-21,,2026-08-12T13:29:33.699965,loans.csv
2940,2708,1,2024-04-18,2024-05-02,2024-04-27,2026-08-12T13:29:33.699965,loans.csv
7833,1752,55,2024-01-18,2024-02-01,2024-02-05,2026-08-12T13:29:33.699965,loans.csv
9324,72,2,2022-01-01,2022-01-15,2022-01-28,2026-08-12T13:29:33.699965,loans.csv
4810,805,7,2024-01-29,2024-02-12,2024-01-31,2026-08-12T13:29:33.699965,loans.csv
5439,1183,44,2022-06-21,2022-07-12,2022-07-16,2026-08-12T13:29:33.699965,loans.csv
2833,1814,4,2023-11-08,2023-11-22,2023-11-09,2026-08-12T13:29:33.699965,loans.csv
1043,1661,1,2022-11-08,2022-11-22,2022-11-18,2026-08-12T13:29:33.699965,loans.csv
1437,467,1,2022-10-23,2022-11-13,2022-11-19,2026-08-12T13:29:33.699965,loans.csv
1345,1383,3,2024-12-10,2024-12-24,2024-12-22,2026-08-12T13:29:33.699965,loans.csv
8748,2359,1,2023-06-07,2023-06-21,,2026-08-12T13:29:33.699965,loans.csv
7348,2267,3,2024-03-05,2024-03-19,2024-03-11,2026-08-12T13:29:33.699965,loans.csv
2391,333,2,2023-08-10,2023-08-24,,2026-08-12T13:29:33.699965,loans.csv
3493,2726,12,2021-07-26,2021-08-09,2021-08-12,2026-08-12T13:29:33.699965,loans.csv
3378,827,1,2023-01-08,2023-01-22,2023-01-14,2026-08-12T13:29:33.699965,loans.csv
8229,464,13,2021-11-03,2021-11-17,2021-11-20,2026-08-12T13:29:33.699965,loans.csv
8482,2686,3,2024-11-03,2024-11-17,,2026-08-12T13:29:33.699965,loans.csv
6230,1659,1,2020-11-14,2020-11-28,2020-12-04,2026-08-12T13:29:33.699965,loans.csv
5976,2344,15,2024-04-30,2024-05-14,2024-05-14,2026-08-12T13:29:33.699965,loans.csv
7039,137,165,2024-12-03,2024-12-17,,2026-08-12T13:29:33.699965,loans.csv
7825,2753,1,2024-01-04,2024-01-18,2024-01-13,2026-08-12T13:29:33.699965,loans.csv
5434,705,1,2022-06-03,2022-06-17,,2026-08-12T13:29:33.699965,loans.csv
3394,1340,1,2024-11-09,2024-11-23,2024-11-27,2026-08-12T13:29:33.699965,loans.csv
1771,2660,1,2021-09-15,2021-09-29,2021-09-20,2026-08-12T13:29:33.699965,loans.csv
4340,726,2,2024-05-22,2024-06-05,2024-06-07,2026-08-12T13:29:33.699965,loans.csv
1361,392,1,2022-04-03,2022-04-17,,2026-08-12T13:29:33.699965,loans.csv
6205,920,5,2024-01-06,2024-01-27,2024-01-22,2026-08-12T13:29:33.699965,loans.csv
1767,2562,2,2024-10-27,2024-11-10,2024-11-06,2026-08-12T13:29:33.699965,loans.csv
1216,1993,1,2023-07-30,2023-08-13,2023-08-03,2026-08-12T13:29:33.699965,loans.csv
5446,1961,17,2024-07-23,2024-08-06,2024-07-25,2026-08-12T13:29:33.699965,loans.csv
4266,1999,6,2024-02-22,2024-03-07,2024-04-20,2026-08-12T13:29:33.699965,loans.csv
3241,2745,1,2024-11-06,2024-11-20,,2026-08-12T13:29:33.699965,loans.csv
7731,2721,3,2023-12-12,2023-12-26,2023-12-24,2026-08-12T13:29:33.699965,loans.csv
2788,128,1,2022-03-04,2022-03-18,2022-03-09,2026-08-12T13:29:33.699965,loans.csv
2093,703,6,2024-09-18,2024-10-09,2024-11-21,2026-08-12T13:29:33.699965,loans.csv
8019,1243,5,2023-09-09,2023-09-23,2023-09-23,2026-08-12T13:29:33.699965,loans.csv
9477,2179,10,2024-08-26,2024-09-09,2024-09-08,2026-08-12T13:29:33.699965,loans.csv
6464,6,8,2022-09-27,2022-10-18,2022-10-15,2026-08-12T13:29:33.699965,loans.csv
293,2147,4,2021-10-27,2021-11-10,2021-11-16,2026-08-12T13:29:33.699965,loans.csv
4271,1108,1,2022-10-31,2022-11-14,2022-11-15,2026-08-12T13:29:33.699965,loans.csv
7389,1711,1,2024-10-26,2024-10-13,2024-11-10,2026-08-12T13:29:33.699965,loans.csv
7320,2001,1,2024-02-17,2024-03-02,2024-02-21,2026-08-12T13:29:33.699965,loans.csv
1731,2715,3,2024-05-01,2024-05-15,2024-05-18,2026-08-12T13:29:33.699965,loans.csv
3722,65,32,2024-07-08,2024-07-22,2024-07-21,2026-08-12T13:29:33.699965,loans.csv
9575,769,2,2024-10-31,2024-11-21,2024-11-12,2026-08-12T13:29:33.699965,loans.csv
7703,1727,1,2020-04-01,2020-04-22,,2026-08-12T13:29:33.699965,loans.csv
959,381,4,2024-12-16,2024-12-30,,2026-08-12T13:29:33.699965,loans.csv
733,2037,2,2023-03-10,2023-03-24,2023-03-18,2026-08-12T13:29:33.699965,loans.csv
3091,1428,1,2021-07-05,2021-07-19,2021-07-16,2026-08-12T13:29:33.699965,loans.csv
69,1942,2,2024-09-20,2024-10-04,2024-10-04,2026-08-12T13:29:33.699965,loans.csv
2551,2537,6,2024-01-21,2024-02-04,,2026-08-12T13:29:33.699965,loans.csv
6078,2675,9,2024-07-05,2024-07-19,2024-07-14,2026-08-12T13:29:33.699965,loans.csv
7835,2158,2,2022-01-03,2022-01-17,2022-01-20,2026-08-12T13:29:33.699965,loans.csv
2591,2255,1,2024-11-10,2024-11-24,2024-11-13,2026-08-12T13:29:33.699965,loans.csv
6969,225,34,2021-03-31,2021-04-14,2021-04-21,2026-08-12T13:29:33.699965,loans.csv
8148,336,35,2024-04-21,2024-05-05,2024-05-07,2026-08-12T13:29:33.699965,loans.csv
8012,445,1,2023-10-22,2023-11-05,2023-11-09,2026-08-12T13:29:33.699965,loans.csv
2945,2780,1,2024-11-29,2024-12-13,2024-12-09,2026-08-12T13:29:33.699965,loans.csv
5878,899,1,2024-07-14,2024-07-28,2024-08-03,2026-08-12T13:29:33.699965,loans.csv
9521,1847,1,2024-09-10,2024-09-24,2024-09-21,2026-08-12T13:29:33.699965,loans.csv
6050,1655,60,2024-02-15,2024-03-07,2024-02-25,2026-08-12T13:29:33.699965,loans.csv
4437,429,1,2024-02-23,2024-03-08,,2026-08-12T13:29:33.699965,loans.csv
3115,1826,1,2024-01-05,2024-01-26,2024-01-09,2026-08-12T13:29:33.699965,loans.csv
5076,637,5,2024-07-22,2024-08-05,2024-08-08,2026-08-12T13:29:33.699965,loans.csv
4436,2791,3,2024-11-10,2024-11-24,2024-11-28,2026-08-12T13:29:33.699965,loans.csv
3039,783,3,2021-07-03,2021-07-24,,2026-08-12T13:29:33.699965,loans.csv
9260,2790,3,2021-05-27,2021-06-10,2021-06-12,2026-08-12T13:29:33.699965,loans.csv
2060,1893,1,2022-06-25,2022-07-09,2022-07-07,2026-08-12T13:29:33.699965,loans.csv
3848,929,1,2021-03-13,2021-03-27,2021-03-19,2026-08-12T13:29:33.699965,loans.csv
4278,1175,1,2024-08-27,2024-09-10,2024-09-06,2026-08-12T13:29:33.699965,loans.csv
2783,2015,2,2023-08-09,2023-08-23,2023-08-23,2026-08-12T13:29:33.699965,loans.csv
536,1098,18,2021-05-27,2021-06-10,2021-05-29,2026-08-12T13:29:33.699965,loans.csv
7201,377,113,2022-08-08,2022-08-22,2022-08-19,2026-08-12T13:29:33.699965,loans.csv
6889,2493,45,2020-11-17,2020-12-01,2020-12-03,2026-08-12T13:29:33.699965,loans.csv
8743,1033,1,2024-08-03,2024-08-17,2024-08-17,2026-08-12T13:29:33.699965,loans.csv
3030,2041,1,2024-09-08,2024-09-22,2024-09-28,2026-08-12T13:29:33.699965,loans.csv
6007,24,1,2024-12-17,2024-12-31,,2026-08-12T13:29:33.699965,loans.csv
6995,2259,5,2024-03-31,2024-04-14,2024-04-12,2026-08-12T13:29:33.699965,loans.csv
2480,36,3,2022-07-19,2022-08-09,2022-08-07,2026-08-12T13:29:33.699965,loans.csv
3364,2148,1,2022-01-27,2022-02-10,2022-02-17,2026-08-12T13:29:33.699965,loans.csv
4756,2272,2,2024-06-08,2024-06-22,2024-06-11,2026-08-12T13:29:33.699965,loans.csv
478,57,5,2022-11-08,2022-11-22,2022-11-14,2026-08-12T13:29:33.699965,loans.csv
3092,1275,1,2020-12-23,2021-01-06,2021-01-02,2026-08-12T13:29:33.699965,loans.csv
30,2711,1,2024-05-25,2024-06-08,2024-06-05,2026-08-12T13:29:33.699965,loans.csv
7792,1108,55,2024-12-03,2024-12-17,2024-12-08,2026-08-12T13:29:33.699965,loans.csv
2610,1670,16,2024-03-06,2024-03-20,,2026-08-12T13:29:33.699965,loans.csv
1065,1048,4,2024-10-06,2024-10-20,2024-10-14,2026-08-12T13:29:33.699965,loans.csv
4501,588,1,2023-10-29,2023-11-12,2023-11-04,2026-08-12T13:29:33.699965,loans.csv
3618,1931,1,2024-11-23,2024-12-07,2024-11-27,2026-08-12T13:29:33.699965,loans.csv
8560,1523,3,2024-04-11,2024-04-25,2024-05-04,2026-08-12T13:29:33.699965,loans.csv
7187,1058,7,2024-07-21,2024-08-04,2024-07-27,2026-08-12T13:29:33.699965,loans.csv
3136,828,1,2023-12-11,2024-01-01,2023-12-15,2026-08-12T13:29:33.699965,loans.csv
6147,2169,2,2021-07-24,2021-08-07,2021-07-31,2026-08-12T13:29:33.699965,loans.csv
8046,131,1,2022-10-14,2022-10-28,2022-10-31,2026-08-12T13:29:33.699965,loans.csv
5034,1759,1,2024-07-15,2024-07-29,2024-07-17,2026-08-12T13:29:33.699965,loans.csv
2165,549,1,2024-11-13,2024-11-27,2024-11-28,2026-08-12T13:29:33.699965,loans.csv
4014,1254,14,2023-02-18,2023-03-04,2023-02-22,2026-08-12T13:29:33.699965,loans.csv
256,2394,4,2024-03-13,2024-03-27,2024-03-20,2026-08-12T13:29:33.699965,loans.csv
6336,1415,7,2023-09-12,2023-09-26,2023-09-16,2026-08-12T13:29:33.699965,loans.csv
4930,755,39,2022-03-12,2022-03-26,,2026-08-12T13:29:33.699965,loans.csv
8966,2675,1,2024-03-23,2024-04-06,2024-04-04,2026-08-12T13:29:33.699965,loans.csv
5224,1033,3,2021-01-04,2021-01-18,2021-01-05,2026-08-12T13:29:33.699965,loans.csv
3789,1773,18,2024-10-30,2024-11-13,2024-11-11,2026-08-12T13:29:33.699965,loans.csv
2868,1243,4,2024-08-06,2024-08-20,2024-08-15,2026-08-12T13:29:33.699965,loans.csv
2447,1874,10,2024-03-01,2024-03-15,2024-03-19,2026-08-12T13:29:33.699965,loans.csv
3324,2038,1,2024-06-24,2024-07-15,2024-07-10,2026-08-12T13:29:33.699965,loans.csv
8533,1150,48,2024-07-30,2024-08-20,2024-08-07,2026-08-12T13:29:33.699965,loans.csv
2527,432,1,2024-05-22,2024-06-05,2024-06-11,2026-08-12T13:29:33.699965,loans.csv
6197,1108,2,2024-09-19,2024-10-03,2024-10-07,2026-08-12T13:29:33.699965,loans.csv
1911,1414,24,2023-10-14,2023-10-28,,2026-08-12T13:29:33.699965,loans.csv
4941,2455,127,2023-08-17,2023-08-31,2023-09-03,2026-08-12T13:29:33.699965,loans.csv
2147,212,1,2024-02-18,2024-03-03,2024-02-24,2026-08-12T13:29:33.699965,loans.csv
6224,2582,1,2023-08-12,2023-08-26,2023-08-15,2026-08-12T13:29:33.699965,loans.csv
9201,2296,130,2024-02-02,2024-02-16,2024-02-18,2026-08-12T13:29:33.699965,loans.csv
3239,2552,6,2024-12-12,2024-12-26,,2026-08-12T13:29:33.699965,loans.csv
8820,1541,1,2024-03-17,2024-03-31,2024-04-05,2026-08-12T13:29:33.699965,loans.csv
6618,667,1,2024-01-30,2024-02-13,2024-01-31,2026-08-12T13:29:33.699965,loans.csv
6904,572,14,2022-08-22,2022-09-12,2022-10-09,2026-08-12T13:29:33.699965,loans.csv
8266,1722,71,2020-10-29,2020-11-12,2020-11-04,2026-08-12T13:29:33.699965,loans.csv
5954,152,5,2023-10-14,2023-10-28,2023-10-15,2026-08-12T13:29:33.699965,loans.csv
5522,1371,25,2024-08-04,2024-08-18,2024-08-11,2026-08-12T13:29:33.699965,loans.csv
9426,2110,8,2022-12-14,2022-12-28,2022-12-17,2026-08-12T13:29:33.699965,loans.csv
5672,812,4,2022-03-01,2022-03-22,2022-03-29,2026-08-12T13:29:33.699965,loans.csv
9110,693,11,2020-07-03,2020-07-24,,2026-08-12T13:29:33.699965,loans.csv
8809,630,1,2024-11-28,2024-12-12,2024-12-11,2026-08-12T13:29:33.699965,loans.csv
2201,2266,1,2024-10-02,2024-10-16,2024-10-13,2026-08-12T13:29:33.699965,loans.csv
6388,564,1,2024-01-08,2024-01-29,2024-01-15,2026-08-12T13:29:33.699965,loans.csv
2465,1711,1,2024-11-25,2024-12-09,2024-12-05,2026-08-12T13:29:33.699965,loans.csv
2634,376,16,2024-10-25,2024-11-08,2024-11-09,2026-08-12T13:29:33.699965,loans.csv
7649,973,3,2023-03-15,2023-03-29,2023-04-05,2026-08-12T13:29:33.699965,loans.csv
5626,128,1,2021-04-21,2021-05-05,2021-04-22,2026-08-12T13:29:33.699965,loans.csv
5776,2346,1,2024-08-16,2024-08-30,2024-08-31,2026-08-12T13:29:33.699965,loans.csv
7999,2305,1,2024-01-20,2024-02-03,2024-01-23,2026-08-12T13:29:33.699965,loans.csv
8231,1113,3,2021-03-30,2021-04-20,2021-04-15,2026-08-12T13:29:33.699965,loans.csv
2308,1828,1,2023-05-21,2023-05-13,2023-06-06,2026-08-12T13:29:33.699965,loans.csv
9097,110,14,2023-08-26,2023-09-09,2023-09-05,2026-08-12T13:29:33.699965,loans.csv
418,450,6,2024-09-13,2024-09-27,2024-09-30,2026-08-12T13:29:33.699965,loans.csv
4426,310,1,2024-12-10,2024-12-24,2024-12-23,2026-08-12T13:29:33.699965,loans.csv
6883,454,17,2023-04-18,2023-05-02,2023-05-23,2026-08-12T13:29:33.699965,loans.csv
2959,2574,3,2022-06-06,2022-06-20,2022-06-18,2026-08-12T13:29:33.699965,loans.csv
3216,1675,2,2024-07-09,2024-07-23,2024-07-10,2026-08-12T13:29:33.699965,loans.csv
1501,2791,1,2022-10-23,2022-11-06,2022-11-09,2026-08-12T13:29:33.699965,loans.csv
5122,2361,2,2024-10-11,2024-10-25,2024-10-21,2026-08-12T13:29:33.699965,loans.csv
4248,1722,39,2023-04-12,2023-04-26,,2026-08-12T13:29:33.699965,loans.csv
113,1818,2,2024-03-17,2024-03-31,2024-04-08,2026-08-12T13:29:33.699965,loans.csv
2853,69,6,2020-07-02,2020-07-16,2020-07-17,2026-08-12T13:29:33.699965,loans.csv
8255,2247,69,2022-08-30,2022-09-13,2022-09-06,2026-08-12T13:29:33.699965,loans.csv
2509,2588,1,2024-09-18,2024-10-02,2024-09-23,2026-08-12T13:29:33.699965,loans.csv
249,1254,3,2024-01-05,2024-01-26,2024-01-18,2026-08-12T13:29:33.699965,loans.csv
6605,2558,2,2021-02-12,2021-02-26,2021-03-05,2026-08-12T13:29:33.699965,loans.csv
8408,862,1,2024-02-24,2024-03-09,2024-03-02,2026-08-12T13:29:33.699965,loans.csv
3795,498,1,2023-08-23,2023-09-06,,2026-08-12T13:29:33.699965,loans.csv
4232,1739,3,2024-01-21,2024-02-04,2024-02-04,2026-08-12T13:29:33.699965,loans.csv
1761,862,1,2024-01-19,2024-02-09,,2026-08-12T13:29:33.699965,loans.csv
2907,1149,26,2024-09-13,2024-09-27,2024-09-19,2026-08-12T13:29:33.699965,loans.csv
757,2707,1,2024-02-12,2024-03-04,2024-03-09,2026-08-12T13:29:33.699965,loans.csv
857,2140,16,2024-02-05,2024-02-19,2024-02-17,2026-08-12T13:29:33.699965,loans.csv
95,446,29,2024-08-01,2024-08-15,2024-08-06,2026-08-12T13:29:33.699965,loans.csv
1534,516,1,2024-11-24,2024-12-08,2024-12-08,2026-08-12T13:29:33.699965,loans.csv
7846,855,1,2024-05-28,2024-06-11,2024-06-08,2026-08-12T13:29:33.699965,loans.csv
4262,2783,1,2024-07-29,2024-08-12,2024-07-31,2026-08-12T13:29:33.699965,loans.csv
1789,2496,1,2024-06-25,2024-07-09,2024-07-02,2026-08-12T13:29:33.699965,loans.csv
9292,2036,24,2020-05-26,2020-06-09,2020-06-06,2026-08-12T13:29:33.699965,loans.csv
7824,19,1,2023-04-23,2023-05-07,2023-05-10,2026-08-12T13:29:33.699965,loans.csv
5199,2377,18,2024-12-17,2024-12-31,,2026-08-12T13:29:33.699965,loans.csv
1376,1095,1,2021-10-02,2021-10-16,2021-10-08,2026-08-12T13:29:33.699965,loans.csv
1972,259,5,2024-05-18,2024-06-01,2024-06-06,2026-08-12T13:29:33.699965,loans.csv
6123,2084,1,2021-07-02,2021-07-16,2021-07-20,2026-08-12T13:29:33.699965,loans.csv
3770,756,2,2024-11-21,2024-12-05,2024-12-09,2026-08-12T13:29:33.699965,loans.csv
2266,200,1,2024-05-22,2024-06-05,2024-05-26,2026-08-12T13:29:33.699965,loans.csv
5414,2469,9,2022-07-08,2022-07-22,2022-08-08,2026-08-12T13:29:33.699965,loans.csv
7189,2518,2,2024-12-11,2024-12-25,,2026-08-12T13:29:33.699965,loans.csv
855,2331,1,2023-03-09,2023-03-23,2023-03-11,2026-08-12T13:29:33.699965,loans.csv
707,653,1,2024-11-01,2024-11-15,2024-11-15,2026-08-12T13:29:33.699965,loans.csv
2200,1744,2,2020-07-30,2020-08-13,2020-08-13,2026-08-12T13:29:33.699965,loans.csv
609,1569,1,2024-06-03,2024-06-24,,2026-08-12T13:29:33.699965,loans.csv
5268,2054,1,2021-07-17,2021-07-31,2021-08-07,2026-08-12T13:29:33.699965,loans.csv
1423,2639,1,2024-04-07,2024-04-21,2024-04-09,2026-08-12T13:29:33.699965,loans.csv
1179,2278,5,2024-12-04,2024-12-18,2024-12-11,2026-08-12T13:29:33.699965,loans.csv
9032,1250,11,2023-07-18,2023-08-01,2023-08-01,2026-08-12T13:29:33.699965,loans.csv
8899,682,4,2024-09-17,2024-10-01,2024-09-29,2026-08-12T13:29:33.699965,loans.csv
9578,2358,11,2021-05-14,2021-05-28,2021-06-01,2026-08-12T13:29:33.699965,loans.csv
1963,871,1,2024-08-19,2024-09-02,2024-08-25,2026-08-12T13:29:33.699965,loans.csv
2474,1707,2,2024-10-27,2024-11-10,,2026-08-12T13:29:33.699965,loans.csv
6259,1984,1,2024-06-09,2024-06-23,2024-06-13,2026-08-12T13:29:33.699965,loans.csv
6028,1517,60,2022-08-08,2022-08-22,2022-08-11,2026-08-12T13:29:33.699965,loans.csv
8668,2656,3,2023-07-07,2023-07-21,2023-07-14,2026-08-12T13:29:33.699965,loans.csv
4827,1455,1,2023-11-18,2023-12-02,2023-11-20,2026-08-12T13:29:33.699965,loans.csv
3946,832,1,2024-07-19,2024-08-02,2024-07-26,2026-08-12T13:29:33.699965,loans.csv
2800,638,59,2023-07-05,2023-07-19,2023-07-14,2026-08-12T13:29:33.699965,loans.csv
1062,821,1,2023-04-17,2023-05-01,2023-06-11,2026-08-12T13:29:33.699965,loans.csv
6130,2503,25,2024-03-06,2024-03-20,2024-03-11,2026-08-12T13:29:33.699965,loans.csv
7482,1711,3,2023-07-21,2023-08-04,2023-08-01,2026-08-12T13:29:33.699965,loans.csv
9332,171,2,2024-03-18,2024-04-01,,2026-08-12T13:29:33.699965,loans.csv
7654,369,1,2021-11-11,2021-11-25,2021-11-18,2026-08-12T13:29:33.699965,loans.csv
724,1056,2,2024-07-27,2024-08-17,2024-08-15,2026-08-12T13:29:33.699965,loans.csv
5702,251,3,2023-06-15,2023-06-29,2023-06-16,2026-08-12T13:29:33.699965,loans.csv
7895,534,3,2024-05-21,2024-06-04,2024-05-30,2026-08-12T13:29:33.699965,loans.csv
6734,516,2,2024-09-07,2024-09-21,2024-09-11,2026-08-12T13:29:33.699965,loans.csv
8143,588,7,2023-09-29,2023-10-20,2023-10-26,2026-08-12T13:29:33.699965,loans.csv
6053,86,1,2024-02-14,2024-02-28,2024-02-28,2026-08-12T13:29:33.699965,loans.csv
4805,1675,1,2024-05-08,2024-05-22,2024-05-10,2026-08-12T13:29:33.699965,loans.csv
5043,2123,1,2023-06-20,2023-07-04,2023-06-21,2026-08-12T13:29:33.699965,loans.csv
4792,1299,5,2022-10-31,2022-11-14,2022-11-08,2026-08-12T13:29:33.699965,loans.csv
7589,935,1,2024-08-28,2024-09-11,2024-09-04,2026-08-12T13:29:33.699965,loans.csv
7551,1910,8,2024-08-29,2024-09-19,2024-09-22,2026-08-12T13:29:33.699965,loans.csv
5836,645,1,2023-09-20,2023-10-04,2023-09-21,2026-08-12T13:29:33.699965,loans.csv
8660,757,2,2023-06-10,2023-06-24,2023-06-11,2026-08-12T13:29:33.699965,loans.csv
3620,2176,1,2024-10-06,2024-10-20,2024-10-10,2026-08-12T13:29:33.699965,loans.csv
3914,105,88,2024-07-09,2024-07-23,2024-07-21,2026-08-12T13:29:33.699965,loans.csv
2786,1147,1,2024-04-08,2024-04-29,2024-04-30,2026-08-12T13:29:33.699965,loans.csv
5665,1560,6,2023-06-15,2023-06-29,2023-06-27,2026-08-12T13:29:33.699965,loans.csv
1210,1377,1,2024-03-26,2024-04-09,2024-03-30,2026-08-12T13:29:33.699965,loans.csv
1091,565,1,2023-08-02,2023-08-16,2023-08-09,2026-08-12T13:29:33.699965,loans.csv
8905,2274,1,2020-11-14,2020-11-28,,2026-08-12T13:29:33.699965,loans.csv
8174,2147,1,2023-05-01,2023-05-15,2023-05-11,2026-08-12T13:29:33.699965,loans.csv
4316,960,3,2022-04-24,2022-05-08,2022-05-07,2026-08-12T13:29:33.699965,loans.csv
2535,2397,1,2024-06-27,2024-07-11,2024-07-13,2026-08-12T13:29:33.699965,loans.csv
5448,1846,3,2020-04-06,2020-04-20,2020-04-21,2026-08-12T13:29:33.699965,loans.csv
8295,641,7,2024-06-20,2024-07-04,2024-06-27,2026-08-12T13:29:33.699965,loans.csv
4027,2115,1,2024-06-26,2024-07-10,2024-06-29,2026-08-12T13:29:33.699965,loans.csv
5943,2463,1,2023-09-06,2023-09-20,2023-09-19,2026-08-12T13:29:33.699965,loans.csv
531,1005,2,2024-03-16,2024-03-30,2024-04-05,2026-08-12T13:29:33.699965,loans.csv
7934,2144,1,2023-04-12,2023-04-26,2023-04-24,2026-08-12T13:29:33.699965,loans.csv
824,2064,1,2024-02-17,2024-03-02,2024-03-05,2026-08-12T13:29:33.699965,loans.csv
7137,2039,109,2024-09-30,2024-10-14,2024-11-12,2026-08-12T13:29:33.699965,loans.csv
6030,499,1,2023-02-01,2023-02-15,2023-02-15,2026-08-12T13:29:33.699965,loans.csv
7864,2654,1,2024-10-10,2024-10-24,2024-10-23,2026-08-12T13:29:33.699965,loans.csv
9445,2423,1,2024-12-01,2024-12-15,2024-12-21,2026-08-12T13:29:33.699965,loans.csv
3880,2449,1,2024-09-11,2024-10-02,2024-09-25,2026-08-12T13:29:33.699965,loans.csv
8014,179,1,2023-07-26,2023-08-16,2023-08-28,2026-08-12T13:29:33.699965,loans.csv
6609,2657,61,2023-04-09,2023-04-23,2023-04-23,2026-08-12T13:29:33.699965,loans.csv
1903,2242,1,2024-08-09,2024-08-23,2024-08-12,2026-08-12T13:29:33.699965,loans.csv
1718,1914,4,2022-11-02,2022-11-16,2022-11-10,2026-08-12T13:29:33.699965,loans.csv
4518,587,6,2020-05-26,2020-06-16,2020-06-12,2026-08-12T13:29:33.699965,loans.csv
363,2783,11,2024-09-23,2024-10-07,2024-10-04,2026-08-12T13:29:33.699965,loans.csv
6594,1031,1,2024-05-28,2024-06-11,2024-06-09,2026-08-12T13:29:33.699965,loans.csv
4782,2304,1,2022-06-03,2022-06-17,2022-06-04,2026-08-12T13:29:33.699965,loans.csv
4889,1143,146,2024-10-05,2024-10-19,,2026-08-12T13:29:33.699965,loans.csv
4983,1623,1,2023-02-01,2023-02-22,2023-02-08,2026-08-12T13:29:33.699965,loans.csv
461,878,1,2024-10-06,2024-10-20,2024-10-14,2026-08-12T13:29:33.699965,loans.csv
2838,1485,2,2021-12-14,2021-12-28,2021-12-22,2026-08-12T13:29:33.699965,loans.csv
6360,1828,2,2023-05-05,2023-05-19,2023-05-25,2026-08-12T13:29:33.699965,loans.csv
8071,2319,86,2024-09-12,2024-10-03,,2026-08-12T13:29:33.699965,loans.csv
2879,2758,1,2021-02-27,2021-03-13,2021-03-05,2026-08-12T13:29:33.699965,loans.csv
963,1533,12,2022-09-11,2022-10-02,2022-09-21,2026-08-12T13:29:33.699965,loans.csv
7016,2119,1,2024-12-02,2024-12-16,2025-01-06,2026-08-12T13:29:33.699965,loans.csv
2196,1887,2,2024-09-30,2024-10-14,2024-10-04,2026-08-12T13:29:33.699965,loans.csv
9345,2365,1,2024-08-18,2024-09-01,2024-09-04,2026-08-12T13:29:33.699965,loans.csv
4574,2493,3,2022-10-25,2022-11-08,2022-10-26,2026-08-12T13:29:33.699965,loans.csv
3097,2639,8,2022-10-05,2022-10-19,2022-10-12,2026-08-12T13:29:33.699965,loans.csv
4486,169,1,2023-02-09,2023-02-23,2023-02-28,2026-08-12T13:29:33.699965,loans.csv
6841,2274,1,2021-10-04,2021-10-18,2021-10-09,2026-08-12T13:29:33.699965,loans.csv
4990,260,5,2024-01-28,2024-02-11,2024-02-03,2026-08-12T13:29:33.699965,loans.csv
4991,188,1,2022-08-23,2022-09-13,2022-09-14,2026-08-12T13:29:33.699965,loans.csv
1679,2122,1,2024-08-24,2024-09-14,2024-09-06,2026-08-12T13:29:33.699965,loans.csv
6566,2480,1,2023-05-25,2023-06-08,2023-06-01,2026-08-12T13:29:33.699965,loans.csv
2050,1976,2,2024-12-05,2024-12-19,2024-12-07,2026-08-12T13:29:33.699965,loans.csv
5047,1240,2,2023-02-21,2023-03-07,2023-03-12,2026-08-12T13:29:33.699965,loans.csv
3630,2366,1,2023-12-04,2023-12-25,2023-12-17,2026-08-12T13:29:33.699965,loans.csv
3984,226,2,2024-11-05,2024-11-19,2024-11-14,2026-08-12T13:29:33.699965,loans.csv
3564,2198,3,2021-01-08,2021-01-22,2021-01-17,2026-08-12T13:29:33.699965,loans.csv
6316,1214,5,2023-11-30,2023-12-14,2023-12-13,2026-08-12T13:29:33.699965,loans.csv
2286,1341,11,2021-10-09,2021-10-30,,2026-08-12T13:29:33.699965,loans.csv
3450,2081,40,2024-06-28,2024-07-12,2024-07-17,2026-08-12T13:29:33.699965,loans.csv
7714,289,3,2023-06-10,2023-06-24,2023-06-23,2026-08-12T13:29:33.699965,loans.csv
1916,1033,1,2022-11-14,2022-11-28,2022-11-18,2026-08-12T13:29:33.699965,loans.csv
3305,728,1,2023-08-07,2023-08-21,2023-08-14,2026-08-12T13:29:33.699965,loans.csv
2484,1142,1,2022-09-26,2022-10-10,2022-09-28,2026-08-12T13:29:33.699965,loans.csv
1139,683,1,2022-04-07,2022-04-21,2022-04-26,2026-08-12T13:29:33.699965,loans.csv
5849,1087,1,2024-12-25,2025-01-15,,2026-08-12T13:29:33.699965,loans.csv
5959,272,2,2023-05-14,2023-05-28,2023-05-20,2026-08-12T13:29:33.699965,loans.csv
5168,2762,44,2023-08-19,2023-09-02,2023-08-24,2026-08-12T13:29:33.699965,loans.csv
6235,2363,1,2023-01-24,2023-02-07,2023-01-29,2026-08-12T13:29:33.699965,loans.csv
7881,1716,5,2024-11-20,2024-12-04,2024-11-30,2026-08-12T13:29:33.699965,loans.csv
8402,1010,4,2023-02-08,2023-03-01,2023-03-03,2026-08-12T13:29:33.699965,loans.csv
5601,2037,2,2022-07-15,2022-07-29,,2026-08-12T13:29:33.699965,loans.csv
8528,2612,3,2024-05-01,2024-05-15,2024-05-09,2026-08-12T13:29:33.699965,loans.csv
3025,960,1,2024-06-28,2024-07-12,2024-06-30,2026-08-12T13:29:33.699965,loans.csv
528,1431,7,2023-07-13,2023-08-03,2023-07-31,2026-08-12T13:29:33.699965,loans.csv
7376,637,19,2024-09-29,2024-10-13,2024-10-17,2026-08-12T13:29:33.699965,loans.csv
7912,254,1,2024-01-05,2024-01-26,2024-01-26,2026-08-12T13:29:33.699965,loans.csv
548,1181,35,2022-09-29,2022-10-13,2022-09-30,2026-08-12T13:29:33.699965,loans.csv
3755,962,1,2021-10-07,2021-10-21,2021-10-23,2026-08-12T13:29:33.699965,loans.csv
1047,2688,4,2024-06-15,2024-06-29,2024-06-30,2026-08-12T13:29:33.699965,loans.csv
9511,2375,1,2024-01-20,2024-02-03,,2026-08-12T13:29:33.699965,loans.csv
1498,1661,1,2024-07-19,2024-08-02,,2026-08-12T13:29:33.699965,loans.csv
1082,1139,3,2024-09-20,2024-10-04,2024-09-29,2026-08-12T13:29:33.699965,loans.csv
2636,2572,1,2023-01-22,2023-02-05,2023-01-25,2026-08-12T13:29:33.699965,loans.csv
5341,2493,49,2024-05-27,2024-06-10,2024-06-01,2026-08-12T13:29:33.699965,loans.csv
7491,543,2,2023-07-26,2023-08-09,2023-07-27,2026-08-12T13:29:33.699965,loans.csv
7992,1090,1,2024-10-08,2024-10-22,2024-10-13,2026-08-12T13:29:33.699965,loans.csv
1875,352,15,2024-05-01,2024-05-15,2024-05-15,2026-08-12T13:29:33.699965,loans.csv
1116,1543,119,2024-11-23,2024-12-14,2024-12-17,2026-08-12T13:29:33.699965,loans.csv
1584,1245,2,2022-09-19,2022-10-03,,2026-08-12T13:29:33.699965,loans.csv
2235,2608,1,2023-08-14,2023-08-28,2023-08-27,2026-08-12T13:29:33.699965,loans.csv
1269,491,1,2024-09-14,2024-09-28,,2026-08-12T13:29:33.699965,loans.csv
9414,1569,1,2021-09-24,2021-10-08,2021-09-28,2026-08-12T13:29:33.699965,loans.csv
673,1982,13,2021-07-02,2021-07-16,2021-07-03,2026-08-12T13:29:33.699965,loans.csv
5130,759,9,2024-12-06,2024-12-20,2024-12-18,2026-08-12T13:29:33.699965,loans.csv
3096,1067,28,2024-08-25,2024-09-08,2024-09-07,2026-08-12T13:29:33.699965,loans.csv
6981,1243,1,2024-05-15,2024-05-29,2024-05-28,2026-08-12T13:29:33.699965,loans.csv
6940,1423,1,2023-11-28,2023-12-12,2023-12-15,2026-08-12T13:29:33.699965,loans.csv
2858,1022,5,2023-10-14,2023-10-28,2023-10-17,2026-08-12T13:29:33.699965,loans.csv
6532,107,48,2023-01-13,2023-01-27,,2026-08-12T13:29:33.699965,loans.csv
2424,2349,1,2023-12-31,2024-01-21,2024-01-22,2026-08-12T13:29:33.699965,loans.csv
3660,2472,4,2024-12-09,2024-12-23,2024-12-21,2026-08-12T13:29:33.699965,loans.csv
2768,1676,12,2023-11-06,2023-11-20,2023-11-26,2026-08-12T13:29:33.699965,loans.csv
4446,2383,2,2020-01-20,2020-02-03,2020-03-17,2026-08-12T13:29:33.699965,loans.csv
1241,1435,3,2022-06-22,2022-07-06,2022-06-26,2026-08-12T13:29:33.699965,loans.csv
7306,2796,1,2022-03-24,2022-04-14,2022-04-09,2026-08-12T13:29:33.699965,loans.csv
2385,2199,24,2021-07-29,2021-08-12,2021-08-11,2026-08-12T13:29:33.699965,loans.csv
9500,1095,1,2023-11-03,2023-11-17,2023-11-10,2026-08-12T13:29:33.699965,loans.csv
9008,2023,2,2021-08-27,2021-09-10,2021-10-16,2026-08-12T13:29:33.699965,loans.csv
7127,1550,1,2024-11-15,2024-11-29,2024-11-29,2026-08-12T13:29:33.699965,loans.csv
3560,2039,1,2024-10-12,2024-10-26,2024-10-22,2026-08-12T13:29:33.699965,loans.csv
1371,143,1,2024-10-18,2024-11-01,2024-10-20,2026-08-12T13:29:33.699965,loans.csv
440,812,7,2020-05-18,2020-06-01,2020-05-30,2026-08-12T13:29:33.699965,loans.csv
3112,1594,2,2024-11-12,2024-11-26,2024-11-17,2026-08-12T13:29:33.699965,loans.csv
5170,1704,1,2023-12-27,2024-01-10,2023-12-30,2026-08-12T13:29:33.699965,loans.csv
8909,289,11,2024-01-31,2024-02-14,2024-02-08,2026-08-12T13:29:33.699965,loans.csv
5500,410,9,2024-06-12,2024-06-26,2024-06-26,2026-08-12T13:29:33.699965,loans.csv
1103,621,2,2024-06-22,2024-07-13,2024-06-28,2026-08-12T13:29:33.699965,loans.csv
8502,2598,6,2023-06-02,2023-06-16,2023-06-19,2026-08-12T13:29:33.699965,loans.csv
5011,2379,66,2024-08-14,2024-08-28,2024-08-16,2026-08-12T13:29:33.699965,loans.csv
5109,2305,5,2024-12-06,2024-12-20,2024-12-11,2026-08-12T13:29:33.699965,loans.csv
9223,1178,18,2024-08-07,2024-08-28,2024-08-09,2026-08-12T13:29:33.699965,loans.csv
8680,2761,1,2024-03-25,2024-04-08,2024-04-05,2026-08-12T13:29:33.699965,loans.csv
2894,1015,1,2021-05-15,2021-06-05,2021-06-05,2026-08-12T13:29:33.699965,loans.csv
2765,2197,2,2023-09-26,2023-10-10,2023-10-05,2026-08-12T13:29:33.699965,loans.csv
214,69,115,2024-12-01,2024-12-15,2024-12-21,2026-08-12T13:29:33.699965,loans.csv
8235,2545,3,2024-05-27,2024-06-10,2024-06-17,2026-08-12T13:29:33.699965,loans.csv
5566,1759,1,2023-05-12,2023-05-26,2023-05-17,2026-08-12T13:29:33.699965,loans.csv
4099,2379,40,2024-12-09,2024-12-23,2024-12-26,2026-08-12T13:29:33.699965,loans.csv
3639,2295,1,2024-08-05,2024-08-19,2024-08-14,2026-08-12T13:29:33.699965,loans.csv
2189,384,3,2024-12-01,2024-12-15,,2026-08-12T13:29:33.699965,loans.csv
8064,1056,3,2023-04-16,2023-04-30,2023-04-28,2026-08-12T13:29:33.699965,loans.csv
7171,1942,1,2024-12-16,2024-12-30,,2026-08-12T13:29:33.699965,loans.csv
2837,66,2,2022-02-16,2022-03-02,2022-02-22,2026-08-12T13:29:33.699965,loans.csv
6668,2386,1,2023-06-05,2023-06-19,2023-06-23,2026-08-12T13:29:33.699965,loans.csv
1645,999,15,2024-11-17,2024-12-08,2024-12-12,2026-08-12T13:29:33.699965,loans.csv
647,729,27,2023-09-18,2023-10-02,2023-11-05,2026-08-12T13:29:33.699965,loans.csv
2743,1607,1,2023-08-23,2023-09-06,2023-08-24,2026-08-12T13:29:33.699965,loans.csv
5400,2080,20,2023-09-16,2023-09-30,2023-09-29,2026-08-12T13:29:33.699965,loans.csv
6088,237,1,2024-11-07,2024-11-21,2024-11-17,2026-08-12T13:29:33.699965,loans.csv
1918,444,1,2024-08-18,2024-09-01,2024-08-25,2026-08-12T13:29:33.699965,loans.csv
6004,533,1,2024-08-30,2024-09-13,,2026-08-12T13:29:33.699965,loans.csv
7301,2543,1,2021-09-30,2021-10-14,2021-10-17,2026-08-12T13:29:33.699965,loans.csv
8068,279,2,2021-04-17,2021-05-01,2021-04-18,2026-08-12T13:29:33.699965,loans.csv
86,2626,1,2024-04-01,2024-04-15,2024-04-15,2026-08-12T13:29:33.699965,loans.csv
3434,481,2,2020-12-15,2020-12-29,2020-12-16,2026-08-12T13:29:33.699965,loans.csv
8144,1344,1,2023-03-03,2023-03-17,2023-03-14,2026-08-12T13:29:33.699965,loans.csv
2378,290,1,2024-10-11,2024-10-25,2024-11-30,2026-08-12T13:29:33.699965,loans.csv
706,1400,1,2024-11-16,2024-11-30,2024-11-25,2026-08-12T13:29:33.699965,loans.csv
2202,1789,1,2023-04-16,2023-04-30,2023-04-19,2026-08-12T13:29:33.699965,loans.csv
7246,1563,1,2024-11-23,2024-12-07,2024-12-05,2026-08-12T13:29:33.699965,loans.csv
8861,117,1,2024-07-10,2024-07-24,2024-07-15,2026-08-12T13:29:33.699965,loans.csv
128,24,2,2024-02-12,2024-02-26,2024-02-17,2026-08-12T13:29:33.699965,loans.csv
9350,2316,1,2024-08-06,2024-08-20,2024-08-11,2026-08-12T13:29:33.699965,loans.csv
1081,931,1,2020-11-24,2020-12-08,2020-12-10,2026-08-12T13:29:33.699965,loans.csv
6035,2018,6,2023-11-04,2023-11-18,2023-11-12,2026-08-12T13:29:33.699965,loans.csv
4551,1393,2,2023-12-24,2024-01-07,2024-01-05,2026-08-12T13:29:33.699965,loans.csv
7995,1371,4,2024-06-07,2024-06-21,2024-06-12,2026-08-12T13:29:33.699965,loans.csv
1172,598,1,2023-03-27,2023-04-17,2023-03-30,2026-08-12T13:29:33.699965,loans.csv
1578,1095,1,2023-06-30,2023-07-14,2023-07-19,2026-08-12T13:29:33.699965,loans.csv
4103,552,1,2022-11-18,2022-12-09,2022-12-03,2026-08-12T13:29:33.699965,loans.csv
4464,133,3,2023-02-06,2023-02-20,2023-04-02,2026-08-12T13:29:33.699965,loans.csv
2872,1242,1,2021-10-20,2021-11-03,2021-12-15,2026-08-12T13:29:33.699965,loans.csv
3575,2568,1,2023-05-09,2023-05-23,2023-05-24,2026-08-12T13:29:33.699965,loans.csv
6822,2716,3,2020-12-11,2020-12-25,2020-12-29,2026-08-12T13:29:33.699965,loans.csv
5949,2423,1,2024-04-02,2024-04-16,2024-04-13,2026-08-12T13:29:33.699965,loans.csv
4282,1962,1,2024-03-26,2024-04-09,2024-03-31,2026-08-12T13:29:33.699965,loans.csv
8463,1422,1,2022-03-01,2022-03-15,,2026-08-12T13:29:33.699965,loans.csv
1294,445,7,2024-03-28,2024-04-11,2024-04-04,2026-08-12T13:29:33.699965,loans.csv
7357,2334,3,2024-08-30,2024-09-13,,2026-08-12T13:29:33.699965,loans.csv
5810,1940,3,2023-05-15,2023-05-29,2023-06-04,2026-08-12T13:29:33.699965,loans.csv
8178,488,1,2023-08-04,2023-08-18,2023-08-24,2026-08-12T13:29:33.699965,loans.csv
702,2777,20,2024-08-16,2024-08-30,2024-08-31,2026-08-12T13:29:33.699965,loans.csv
3820,707,1,2024-08-12,2024-08-26,2024-08-16,2026-08-12T13:29:33.699965,loans.csv
8615,1006,1,2024-10-29,2024-11-19,2024-10-31,2026-08-12T13:29:33.699965,loans.csv
4837,1811,2,2023-03-30,2023-04-20,2023-04-10,2026-08-12T13:29:33.699965,loans.csv
4652,1735,4,2024-11-10,2024-11-24,2024-11-30,2026-08-12T13:29:33.699965,loans.csv
6502,1700,1,2021-07-07,2021-07-21,2021-07-20,2026-08-12T13:29:33.699965,loans.csv
7600,1949,2,2022-02-19,2022-03-05,2022-02-23,2026-08-12T13:29:33.699965,loans.csv
3372,529,1,2024-10-10,2024-10-31,2024-10-17,2026-08-12T13:29:33.699965,loans.csv
1901,1718,63,2024-03-16,2024-03-30,2024-03-17,2026-08-12T13:29:33.699965,loans.csv
6047,882,2,2022-05-21,2022-06-04,2022-05-29,2026-08-12T13:29:33.699965,loans.csv
3063,1513,3,2023-09-16,2023-09-30,,2026-08-12T13:29:33.699965,loans.csv
1016,617,1,2024-01-16,2024-01-30,,2026-08-12T13:29:33.699965,loans.csv
259,1285,2,2024-08-10,2024-08-31,2024-08-21,2026-08-12T13:29:33.699965,loans.csv
2227,2303,1,2024-03-09,2024-03-23,2024-03-23,2026-08-12T13:29:33.699965,loans.csv
5886,465,3,2023-12-10,2023-12-24,2023-12-22,2026-08-12T13:29:33.699965,loans.csv
6266,517,8,2022-11-09,2022-11-23,2022-11-14,2026-08-12T13:29:33.699965,loans.csv
179,1596,2,2023-03-09,2023-03-23,2023-03-11,2026-08-12T13:29:33.699965,loans.csv
630,69,1,2021-11-30,2021-12-14,2021-12-24,2026-08-12T13:29:33.699965,loans.csv
8679,1191,1,2022-09-07,2022-09-21,2022-09-24,2026-08-12T13:29:33.699965,loans.csv
2816,1935,3,2021-12-01,2021-12-15,2021-12-13,2026-08-12T13:29:33.699965,loans.csv
139,2411,3,2021-07-09,2021-07-23,2021-07-23,2026-08-12T13:29:33.699965,loans.csv
3852,1147,19,2024-09-16,2024-09-30,2024-09-18,2026-08-12T13:29:33.699965,loans.csv
7665,520,6,2024-04-27,2024-05-11,2024-05-09,2026-08-12T13:29:33.699965,loans.csv
6249,2116,92,2024-07-31,2024-08-14,2024-08-03,2026-08-12T13:29:33.699965,loans.csv
8695,979,1,2022-06-06,2022-06-20,2022-06-19,2026-08-12T13:29:33.699965,loans.csv
8446,46,14,2022-03-27,2022-04-17,2022-05-31,2026-08-12T13:29:33.699965,loans.csv
4294,450,1,2021-02-06,2021-02-20,2021-02-14,2026-08-12T13:29:33.699965,loans.csv
9443,1118,1,2024-11-09,2024-11-23,2024-11-15,2026-08-12T13:29:33.699965,loans.csv
5461,1167,1,2023-08-09,2023-08-23,,2026-08-12T13:29:33.699965,loans.csv
4405,2520,6,2023-09-12,2023-09-26,2023-09-19,2026-08-12T13:29:33.699965,loans.csv
4309,1927,50,2024-11-19,2024-12-03,2024-12-01,2026-08-12T13:29:33.699965,loans.csv
6960,1260,1,2023-06-22,2023-07-06,2023-07-02,2026-08-12T13:29:33.699965,loans.csv
5215,795,4,2023-01-22,2023-02-05,2023-01-27,2026-08-12T13:29:33.699965,loans.csv
9022,2538,15,2020-12-15,2020-12-29,2020-12-24,2026-08-12T13:29:33.699965,loans.csv
7438,416,1,2023-05-04,2023-05-18,2023-05-06,2026-08-12T13:29:33.699965,loans.csv
301,1771,1,2023-10-04,2023-10-18,,2026-08-12T13:29:33.699965,loans.csv
377,1247,1,2021-09-08,2021-09-22,,2026-08-12T13:29:33.699965,loans.csv
2170,1283,1,2023-12-09,2023-12-23,2023-12-13,2026-08-12T13:29:33.699965,loans.csv
995,741,54,2024-10-18,2024-11-01,2024-10-30,2026-08-12T13:29:33.699965,loans.csv
619,2657,8,2022-08-03,2022-08-24,2022-08-17,2026-08-12T13:29:33.699965,loans.csv
8524,1922,1,2024-07-20,2024-08-03,2024-08-02,2026-08-12T13:29:33.699965,loans.csv
100,1748,5,2024-09-01,2024-09-15,2024-09-15,2026-08-12T13:29:33.699965,loans.csv
5139,96,1,2023-05-28,2023-06-11,2023-05-30,2026-08-12T13:29:33.699965,loans.csv
8037,1048,3,2024-07-08,2024-07-29,2024-07-11,2026-08-12T13:29:33.699965,loans.csv
3146,1350,7,2024-05-15,2024-05-29,2024-05-21,2026-08-12T13:29:33.699965,loans.csv
9498,2127,2,2024-01-05,2024-01-19,2024-01-15,2026-08-12T13:29:33.699965,loans.csv
413,891,1,2022-11-02,2022-11-16,2022-11-12,2026-08-12T13:29:33.699965,loans.csv
7879,2517,1,2024-02-04,2024-02-18,2024-02-25,2026-08-12T13:29:33.699965,loans.csv
7305,2687,52,2024-02-02,2024-02-16,2024-02-08,2026-08-12T13:29:33.699965,loans.csv
8825,818,52,2024-12-15,2025-01-05,,2026-08-12T13:29:33.699965,loans.csv
2543,257,1,2023-12-15,2024-01-05,2023-12-21,2026-08-12T13:29:33.699965,loans.csv
2966,1034,6,2022-12-21,2023-01-04,2022-12-25,2026-08-12T13:29:33.699965,loans.csv
5143,1258,11,2023-09-25,2023-10-16,2023-09-30,2026-08-12T13:29:33.699965,loans.csv
5564,528,2,2024-07-29,2024-08-12,2024-08-02,2026-08-12T13:29:33.699965,loans.csv
1519,1760,55,2021-04-02,2021-04-16,2021-04-16,2026-08-12T13:29:33.699965,loans.csv
2884,709,20,2023-04-27,2023-05-11,2023-05-14,2026-08-12T13:29:33.699965,loans.csv
7472,90,6,2022-03-16,2022-03-30,2022-03-20,2026-08-12T13:29:33.699965,loans.csv
7882,116,1,2024-09-07,2024-09-21,2024-09-24,2026-08-12T13:29:33.699965,loans.csv
6486,1424,4,2023-12-13,2024-01-03,2024-01-04,2026-08-12T13:29:33.699965,loans.csv
2351,969,1,2024-12-23,2025-01-06,,2026-08-12T13:29:33.699965,loans.csv
8166,116,1,2024-12-14,2024-12-28,,2026-08-12T13:29:33.699965,loans.csv
5072,796,1,2024-08-31,2024-09-14,2024-09-06,2026-08-12T13:29:33.699965,loans.csv
499,2136,2,2024-06-08,2024-06-22,2024-06-18,2026-08-12T13:29:33.699965,loans.csv
5299,1325,1,2022-01-11,2022-01-25,2022-01-25,2026-08-12T13:29:33.699965,loans.csv
3267,2578,3,2021-04-14,2021-04-28,,2026-08-12T13:29:33.699965,loans.csv
4034,2281,2,2022-11-09,2022-11-30,2022-12-03,2026-08-12T13:29:33.699965,loans.csv
5475,716,2,2023-07-11,2023-07-25,2023-07-23,2026-08-12T13:29:33.699965,loans.csv
331,239,3,2022-06-20,2022-07-04,2022-06-28,2026-08-12T13:29:33.699965,loans.csv
6115,767,1,2023-08-03,2023-08-17,2023-08-12,2026-08-12T13:29:33.699965,loans.csv
8010,410,3,2024-02-13,2024-02-27,2024-02-26,2026-08-12T13:29:33.699965,loans.csv
1404,1099,1,2024-05-05,2024-05-19,2024-05-23,2026-08-12T13:29:33.699965,loans.csv
890,862,1,2023-07-07,2023-07-28,,2026-08-12T13:29:33.699965,loans.csv
1650,2337,1,2021-03-25,2021-04-08,2021-04-15,2026-08-12T13:29:33.699965,loans.csv
3659,901,1,2024-03-28,2024-03-19,2024-04-09,2026-08-12T13:29:33.699965,loans.csv
1232,2144,2,2023-11-06,2023-11-20,2023-12-09,2026-08-12T13:29:33.699965,loans.csv
610,1556,14,2024-11-05,2024-11-19,2024-11-22,2026-08-12T13:29:33.699965,loans.csv
1049,1728,25,2024-08-12,2024-08-26,2024-10-09,2026-08-12T13:29:33.699965,loans.csv
6243,2341,3,2021-12-31,2022-01-14,2022-01-14,2026-08-12T13:29:33.699965,loans.csv
5213,2362,10,2024-12-14,2025-01-04,,2026-08-12T13:29:33.699965,loans.csv
1662,621,1,2024-07-21,2024-08-04,2024-07-30,2026-08-12T13:29:33.699965,loans.csv
8870,319,1,2024-02-03,2024-02-17,2024-02-14,2026-08-12T13:29:33.699965,loans.csv
4869,1456,2,2024-06-16,2024-06-30,2024-07-02,2026-08-12T13:29:33.699965,loans.csv
9531,2028,7,2024-04-24,2024-05-08,2024-05-06,2026-08-12T13:29:33.699965,loans.csv
2558,105,45,2024-12-16,2024-12-30,,2026-08-12T13:29:33.699965,loans.csv
8985,2765,1,2023-09-20,2023-10-04,2023-09-22,2026-08-12T13:29:33.699965,loans.csv
3086,1773,154,2022-11-08,2022-11-22,2022-11-12,2026-08-12T13:29:33.699965,loans.csv
8050,1949,2,2022-06-07,2022-06-21,2022-06-13,2026-08-12T13:29:33.699965,loans.csv
606,2057,2,2021-01-10,2021-01-24,2021-02-28,2026-08-12T13:29:33.699965,loans.csv
1927,2301,76,2024-07-20,2024-08-03,2024-07-29,2026-08-12T13:29:33.699965,loans.csv
3788,2340,1,2023-05-24,2023-06-07,2023-05-25,2026-08-12T13:29:33.699965,loans.csv
5562,646,52,2022-10-05,2022-10-19,2022-10-07,2026-08-12T13:29:33.699965,loans.csv
79,289,4,2023-01-26,2023-02-09,2023-02-06,2026-08-12T13:29:33.699965,loans.csv
7292,1949,1,2024-11-05,2024-11-19,2024-11-18,2026-08-12T13:29:33.699965,loans.csv
3554,2377,1,2023-11-18,2023-12-02,2023-11-28,2026-08-12T13:29:33.699965,loans.csv
7894,1141,71,2022-12-09,2022-12-23,2022-12-14,2026-08-12T13:29:33.699965,loans.csv
4701,201,8,2023-10-17,2023-10-31,2023-10-29,2026-08-12T13:29:33.699965,loans.csv
2179,1595,5,2024-12-11,2025-01-01,,2026-08-12T13:29:33.699965,loans.csv
4736,112,1,2020-06-22,2020-07-06,2020-07-08,2026-08-12T13:29:33.699965,loans.csv
8837,1492,1,2024-04-16,2024-04-30,2024-05-02,2026-08-12T13:29:33.699965,loans.csv
8572,1259,1,2024-07-03,2024-07-17,,2026-08-12T13:29:33.699965,loans.csv
4568,520,1,2022-10-16,2022-10-30,2022-10-21,2026-08-12T13:29:33.699965,loans.csv
7954,572,8,2023-11-02,2023-11-16,2023-11-15,2026-08-12T13:29:33.699965,loans.csv
8770,2468,3,2024-05-10,2024-05-24,2024-06-14,2026-08-12T13:29:33.699965,loans.csv
123,270,5,2022-11-03,2022-11-17,2022-11-16,2026-08-12T13:29:33.699965,loans.csv
1841,444,1,2022-09-04,2022-09-18,2022-09-20,2026-08-12T13:29:33.699965,loans.csv
5823,1104,1,2024-10-07,2024-10-21,2024-10-08,2026-08-12T13:29:33.699965,loans.csv
8066,1814,5,2024-03-04,2024-03-18,2024-04-30,2026-08-12T13:29:33.699965,loans.csv
9219,1997,20,2023-06-29,2023-07-13,2023-07-10,2026-08-12T13:29:33.699965,loans.csv
4390,814,13,2020-05-25,2020-06-08,2020-06-02,2026-08-12T13:29:33.699965,loans.csv
1536,128,3,2022-04-03,2022-04-17,2022-04-24,2026-08-12T13:29:33.699965,loans.csv
8147,1697,178,2022-03-31,2022-04-14,2022-04-17,2026-08-12T13:29:33.699965,loans.csv
307,2790,1,2023-03-17,2023-03-31,2023-03-28,2026-08-12T13:29:33.699965,loans.csv
1936,2081,4,2020-04-20,2020-05-04,2020-04-30,2026-08-12T13:29:33.699965,loans.csv
3540,1656,1,2023-12-02,2023-12-16,2023-12-08,2026-08-12T13:29:33.699965,loans.csv
5540,169,4,2022-05-27,2022-06-10,2022-06-06,2026-08-12T13:29:33.699965,loans.csv
5817,1993,1,2021-11-17,2021-12-01,2021-11-18,2026-08-12T13:29:33.699965,loans.csv
5559,2443,1,2024-12-17,2024-12-31,,2026-08-12T13:29:33.699965,loans.csv
4074,1614,5,2024-08-09,2024-08-23,,2026-08-12T13:29:33.699965,loans.csv
8783,101,32,2023-07-01,2023-07-22,2023-07-23,2026-08-12T13:29:33.699965,loans.csv
4054,657,55,2024-03-08,2024-03-22,2024-03-17,2026-08-12T13:29:33.699965,loans.csv
1313,1676,1,2023-11-25,2023-12-09,2023-12-14,2026-08-12T13:29:33.699965,loans.csv
6407,1431,2,2024-12-25,2025-01-08,,2026-08-12T13:29:33.699965,loans.csv
1058,2344,111,2024-06-24,2024-07-08,2024-07-15,2026-08-12T13:29:33.699965,loans.csv
202,2715,3,2024-03-05,2024-03-19,2024-03-09,2026-08-12T13:29:33.699965,loans.csv
7645,1119,2,2023-06-10,2023-06-24,2023-06-28,2026-08-12T13:29:33.699965,loans.csv
2599,1191,7,2022-09-25,2022-10-09,2022-10-04,2026-08-12T13:29:33.699965,loans.csv
8709,2001,1,2024-08-05,2024-08-19,2024-08-20,2026-08-12T13:29:33.699965,loans.csv
8564,1998,1,2024-01-01,2024-01-15,2024-01-08,2026-08-12T13:29:33.699965,loans.csv
9192,1381,12,2023-07-11,2023-07-25,2023-07-24,2026-08-12T13:29:33.699965,loans.csv
9307,1973,38,2023-07-29,2023-08-12,2023-08-16,2026-08-12T13:29:33.699965,loans.csv
486,1031,2,2022-06-02,2022-06-23,,2026-08-12T13:29:33.699965,loans.csv
7479,1909,31,2024-10-24,2024-11-07,2024-11-03,2026-08-12T13:29:33.699965,loans.csv
4947,1888,1,2024-12-03,2024-12-24,2024-12-13,2026-08-12T13:29:33.699965,loans.csv
1642,1810,3,2024-03-23,2024-04-06,,2026-08-12T13:29:33.699965,loans.csv
1184,664,3,2024-05-13,2024-05-27,2024-05-29,2026-08-12T13:29:33.699965,loans.csv
3116,137,3,2024-10-30,2024-11-13,2024-11-15,2026-08-12T13:29:33.699965,loans.csv
4997,1901,1,2022-10-10,2022-10-24,,2026-08-12T13:29:33.699965,loans.csv
7038,1626,6,2024-09-02,2024-09-16,2024-09-04,2026-08-12T13:29:33.699965,loans.csv
3473,2349,1,2023-02-06,2023-02-27,,2026-08-12T13:29:33.699965,loans.csv
6043,172,1,2023-06-27,2023-07-11,2023-07-09,2026-08-12T13:29:33.699965,loans.csv
1004,452,17,2024-07-02,2024-07-16,2024-07-07,2026-08-12T13:29:33.699965,loans.csv
6127,199,6,2024-10-09,2024-10-23,2024-10-21,2026-08-12T13:29:33.699965,loans.csv
3254,1556,5,2024-01-28,2024-02-11,2024-02-14,2026-08-12T13:29:33.699965,loans.csv
5791,2430,3,2023-11-28,2023-12-12,2023-12-06,2026-08-12T13:29:33.699965,loans.csv
3131,1781,1,2021-07-21,2021-08-04,,2026-08-12T13:29:33.699965,loans.csv
5698,2087,7,2024-09-06,2024-09-20,2024-09-13,2026-08-12T13:29:33.699965,loans.csv
2405,2084,5,2023-11-15,2023-11-29,2023-11-29,2026-08-12T13:29:33.699965,loans.csv
6216,1017,7,2024-09-21,2024-10-05,2024-09-28,2026-08-12T13:29:33.699965,loans.csv
6378,898,1,2024-07-03,2024-07-17,,2026-08-12T13:29:33.699965,loans.csv
7975,1738,15,2024-06-17,2024-07-01,2024-06-19,2026-08-12T13:29:33.699965,loans.csv
6582,388,6,2024-02-17,2024-03-02,2024-02-23,2026-08-12T13:29:33.699965,loans.csv
4946,132,1,2024-08-17,2024-08-31,2024-09-03,2026-08-12T13:29:33.699965,loans.csv
8500,1287,2,2024-01-25,2024-02-08,2024-01-30,2026-08-12T13:29:33.699965,loans.csv
4597,1087,1,2024-10-10,2024-10-24,2024-10-14,2026-08-12T13:29:33.699965,loans.csv
7106,599,15,2024-08-26,2024-09-09,,2026-08-12T13:29:33.699965,loans.csv
5118,1773,5,2023-10-08,2023-10-22,2023-10-14,2026-08-12T13:29:33.699965,loans.csv
9433,1781,1,2023-11-03,2023-11-17,2023-11-13,2026-08-12T13:29:33.699965,loans.csv
8388,796,76,2024-10-29,2024-11-12,2024-11-03,2026-08-12T13:29:33.699965,loans.csv
3200,1290,9,2024-11-01,2024-11-15,2024-11-08,2026-08-12T13:29:33.699965,loans.csv
2241,1856,1,2024-09-18,2024-10-02,2024-09-22,2026-08-12T13:29:33.699965,loans.csv
2651,1675,1,2024-05-22,2024-06-05,2024-05-28,2026-08-12T13:29:33.699965,loans.csv
2040,353,39,2023-02-24,2023-03-10,2023-03-20,2026-08-12T13:29:33.699965,loans.csv
8878,1360,1,2024-12-12,2024-12-26,,2026-08-12T13:29:33.699965,loans.csv
9007,2358,3,2023-06-20,2023-07-04,2023-07-02,2026-08-12T13:29:33.699965,loans.csv
6238,1140,1,2024-09-22,2024-10-06,2024-09-24,2026-08-12T13:29:33.699965,loans.csv
7035,2411,1,2021-01-28,2021-02-18,2021-02-23,2026-08-12T13:29:33.699965,loans.csv
8519,1620,1,2023-04-17,2023-05-01,2023-05-03,2026-08-12T13:29:33.699965,loans.csv
984,882,3,2023-03-21,2023-04-04,2023-04-02,2026-08-12T13:29:33.699965,loans.csv
2643,609,7,2024-11-17,2024-12-01,2024-11-24,2026-08-12T13:29:33.699965,loans.csv
4315,2705,8,2023-10-16,2023-10-30,2023-10-18,2026-08-12T13:29:33.699965,loans.csv
6718,1836,1,2021-05-16,2021-05-30,2021-07-03,2026-08-12T13:29:33.699965,loans.csv
2533,1146,9,2022-12-19,2023-01-02,,2026-08-12T13:29:33.699965,loans.csv
575,2115,9,2024-09-22,2024-09-17,2024-10-10,2026-08-12T13:29:33.699965,loans.csv
9325,457,11,2024-02-04,2024-02-18,,2026-08-12T13:29:33.699965,loans.csv
2344,147,3,2023-04-19,2023-05-03,2023-04-21,2026-08-12T13:29:33.699965,loans.csv
4415,1194,15,2022-09-06,2022-09-20,2022-09-08,2026-08-12T13:29:33.699965,loans.csv
6344,2290,2,2024-09-03,2024-09-17,2024-10-09,2026-08-12T13:29:33.699965,loans.csv
602,930,20,2024-06-18,2024-07-02,,2026-08-12T13:29:33.699965,loans.csv
945,804,1,2024-03-10,2024-03-24,2024-03-16,2026-08-12T13:29:33.699965,loans.csv
1475,2350,1,2024-04-01,2024-04-15,2024-04-19,2026-08-12T13:29:33.699965,loans.csv
8404,2088,2,2024-02-05,2024-02-19,2024-03-29,2026-08-12T13:29:33.699965,loans.csv
3485,1614,1,2024-09-07,2024-09-21,,2026-08-12T13:29:33.699965,loans.csv
1040,1061,1,2023-10-17,2023-10-31,2023-10-28,2026-08-12T13:29:33.699965,loans.csv
9342,2084,16,2023-03-08,2023-03-22,2023-03-24,2026-08-12T13:29:33.699965,loans.csv
7888,2417,1,2024-12-16,2024-12-30,,2026-08-12T13:29:33.699965,loans.csv
960,1926,3,2024-07-29,2024-08-12,2024-08-10,2026-08-12T13:29:33.699965,loans.csv
4720,1108,6,2021-12-22,2022-01-05,2021-12-31,2026-08-12T13:29:33.699965,loans.csv
6765,2383,2,2020-10-11,2020-11-01,2020-10-31,2026-08-12T13:29:33.699965,loans.csv
6046,2791,2,2022-09-25,2022-10-16,2022-10-15,2026-08-12T13:29:33.699965,loans.csv
7616,1839,1,2023-09-23,2023-10-07,2023-10-13,2026-08-12T13:29:33.699965,loans.csv
1799,2123,1,2024-04-01,2024-04-15,2024-04-18,2026-08-12T13:29:33.699965,loans.csv
9074,795,2,2023-07-09,2023-07-23,2023-07-19,2026-08-12T13:29:33.699965,loans.csv
1876,994,1,2021-07-12,2021-07-26,2021-07-16,2026-08-12T13:29:33.699965,loans.csv
6840,719,1,2024-02-15,2024-03-07,2024-02-24,2026-08-12T13:29:33.699965,loans.csv
8197,1372,1,2020-07-06,2020-07-20,2020-07-26,2026-08-12T13:29:33.699965,loans.csv
354,1679,1,2024-10-08,2024-10-22,2024-10-09,2026-08-12T13:29:33.699965,loans.csv
9339,1977,16,2022-11-18,2022-12-02,2022-11-26,2026-08-12T13:29:33.699965,loans.csv
4573,1178,7,2024-06-15,2024-06-29,2024-06-26,2026-08-12T13:29:33.699965,loans.csv
9121,195,2,2024-03-29,2024-04-19,2024-04-13,2026-08-12T13:29:33.699965,loans.csv
4964,1765,8,2024-10-22,2024-11-05,2024-11-09,2026-08-12T13:29:33.699965,loans.csv
812,1015,1,2021-02-17,2021-03-03,2021-02-27,2026-08-12T13:29:33.699965,loans.csv
4665,831,9,2021-01-08,2021-01-22,2021-02-02,2026-08-12T13:29:33.699965,loans.csv
7408,1449,1,2023-11-01,2023-11-15,2023-11-10,2026-08-12T13:29:33.699965,loans.csv
2428,1715,3,2023-10-14,2023-10-28,2023-10-17,2026-08-12T13:29:33.699965,loans.csv
6125,872,1,2023-07-21,2023-08-04,2023-08-10,2026-08-12T13:29:33.699965,loans.csv
3964,2684,4,2023-06-11,2023-06-25,2023-06-18,2026-08-12T13:29:33.699965,loans.csv
9409,472,2,2024-08-05,2024-08-19,,2026-08-12T13:29:33.699965,loans.csv
5996,1397,3,2024-10-20,2024-11-03,2024-10-29,2026-08-12T13:29:33.699965,loans.csv
2866,854,9,2020-04-16,2020-04-30,2020-05-01,2026-08-12T13:29:33.699965,loans.csv
1833,303,1,2024-10-05,2024-10-19,,2026-08-12T13:29:33.699965,loans.csv
9458,1415,3,2022-02-10,2022-02-24,2022-02-18,2026-08-12T13:29:33.699965,loans.csv
6262,1068,2,2024-04-06,2024-04-20,2024-04-10,2026-08-12T13:29:33.699965,loans.csv
5179,2123,2,2023-08-26,2023-09-09,2023-08-27,2026-08-12T13:29:33.699965,loans.csv
3546,2779,4,2024-05-03,2024-05-17,2024-05-19,2026-08-12T13:29:33.699965,loans.csv
2990,343,11,2023-03-24,2023-04-07,2023-03-26,2026-08-12T13:29:33.699965,loans.csv
4301,2413,3,2023-04-17,2023-05-01,2023-04-23,2026-08-12T13:29:33.699965,loans.csv
2938,264,1,2024-08-17,2024-08-31,2024-08-27,2026-08-12T13:29:33.699965,loans.csv
1651,1685,2,2021-01-02,2021-01-16,,2026-08-12T13:29:33.699965,loans.csv
105,981,4,2024-04-29,2024-05-20,2024-05-15,2026-08-12T13:29:33.699965,loans.csv
3502,421,1,2023-12-04,2023-12-18,2023-12-06,2026-08-12T13:29:33.699965,loans.csv
3168,2331,1,2023-10-05,2023-10-19,2023-10-27,2026-08-12T13:29:33.699965,loans.csv
751,674,1,2024-07-01,2024-07-15,2024-07-07,2026-08-12T13:29:33.699965,loans.csv
1626,2374,37,2024-09-26,2024-10-17,2024-10-10,2026-08-12T13:29:33.699965,loans.csv
4176,1942,1,2024-10-29,2024-11-19,2024-11-02,2026-08-12T13:29:33.699965,loans.csv
8988,2704,1,2023-12-29,2024-01-12,2023-12-31,2026-08-12T13:29:33.699965,loans.csv
9401,1060,177,2023-10-24,2023-11-14,2023-11-04,2026-08-12T13:29:33.699965,loans.csv
4035,1502,1,2024-09-30,2024-10-14,2024-10-08,2026-08-12T13:29:33.699965,loans.csv
7354,1609,95,2024-06-09,2024-06-23,,2026-08-12T13:29:33.699965,loans.csv
6660,2043,1,2023-12-04,2023-12-25,2023-12-29,2026-08-12T13:29:33.699965,loans.csv
3374,2562,1,2023-08-03,2023-08-17,2023-08-08,2026-08-12T13:29:33.699965,loans.csv
360,1680,11,2021-03-30,2021-04-13,2021-04-03,2026-08-12T13:29:33.699965,loans.csv
1374,302,3,2024-11-09,2024-11-23,2024-11-20,2026-08-12T13:29:33.699965,loans.csv
508,2148,4,2023-02-23,2023-03-09,2023-03-08,2026-08-12T13:29:33.699965,loans.csv
3991,1391,1,2023-12-21,2024-01-04,2023-12-25,2026-08-12T13:29:33.699965,loans.csv
5987,2023,1,2023-08-26,2023-09-09,2023-09-07,2026-08-12T13:29:33.699965,loans.csv
7044,441,2,2024-03-05,2024-03-19,2024-03-25,2026-08-12T13:29:33.699965,loans.csv
3558,78,1,2021-07-06,2021-07-20,2021-07-12,2026-08-12T13:29:33.699965,loans.csv
5371,2199,4,2023-01-30,2023-02-13,2023-02-11,2026-08-12T13:29:33.699965,loans.csv
3335,564,1,2022-10-26,2022-11-09,2022-11-06,2026-08-12T13:29:33.699965,loans.csv
8457,1260,1,2023-12-11,2023-12-25,2023-12-31,2026-08-12T13:29:33.699965,loans.csv
6234,2004,45,2020-09-09,2020-09-30,2020-10-03,2026-08-12T13:29:33.699965,loans.csv
7964,2685,2,2022-04-12,2022-04-26,2022-04-25,2026-08-12T13:29:33.699965,loans.csv
9190,826,9,2024-05-20,2024-06-03,2024-05-21,2026-08-12T13:29:33.699965,loans.csv
8785,715,1,2022-05-30,2022-06-13,2022-05-31,2026-08-12T13:29:33.699965,loans.csv
4003,2153,19,2024-10-19,2024-11-09,2024-11-08,2026-08-12T13:29:33.699965,loans.csv
9222,1785,1,2024-12-24,2025-01-14,,2026-08-12T13:29:33.699965,loans.csv
8840,1499,2,2022-03-31,2022-04-14,2022-04-06,2026-08-12T13:29:33.699965,loans.csv
5476,276,20,2024-07-21,2024-08-04,2024-08-05,2026-08-12T13:29:33.699965,loans.csv
2919,195,1,2024-01-27,2024-02-10,2024-02-15,2026-08-12T13:29:33.699965,loans.csv
7933,199,1,2024-10-28,2024-11-11,2024-11-15,2026-08-12T13:29:33.699965,loans.csv
334,1816,3,2024-02-13,2024-03-05,2024-02-16,2026-08-12T13:29:33.699965,loans.csv
6778,2403,70,2023-07-02,2023-07-16,,2026-08-12T13:29:33.699965,loans.csv
2559,1648,1,2022-11-09,2022-11-30,2022-12-07,2026-08-12T13:29:33.699965,loans.csv
4541,2148,3,2021-03-17,2021-03-31,2021-05-01,2026-08-12T13:29:33.699965,loans.csv
7769,86,1,2023-07-25,2023-08-08,2023-09-20,2026-08-12T13:29:33.699965,loans.csv
6376,1229,1,2024-12-10,2024-12-24,2024-12-19,2026-08-12T13:29:33.699965,loans.csv
2579,586,1,2023-12-22,2024-01-05,,2026-08-12T13:29:33.699965,loans.csv
661,715,10,2022-11-23,2022-12-07,2022-12-05,2026-08-12T13:29:33.699965,loans.csv
7510,1108,1,2023-05-15,2023-05-29,2023-05-17,2026-08-12T13:29:33.699965,loans.csv
4773,1864,15,2022-08-16,2022-08-30,2022-08-19,2026-08-12T13:29:33.699965,loans.csv
7922,1544,7,2024-11-25,2024-12-09,2024-11-29,2026-08-12T13:29:33.699965,loans.csv
9029,1767,3,2023-03-31,2023-04-14,2023-04-12,2026-08-12T13:29:33.699965,loans.csv
5586,1308,14,2024-03-16,2024-03-30,2024-03-22,2026-08-12T13:29:33.699965,loans.csv
3481,1545,1,2024-10-28,2024-11-11,,2026-08-12T13:29:33.699965,loans.csv
8434,629,6,2023-04-28,2023-05-12,2023-05-06,2026-08-12T13:29:33.699965,loans.csv
2283,2533,7,2024-11-15,2024-11-29,2024-11-17,2026-08-12T13:29:33.699965,loans.csv
140,901,7,2024-07-20,2024-08-03,2024-08-02,2026-08-12T13:29:33.699965,loans.csv
2653,1870,1,2022-02-20,2022-03-06,2022-04-20,2026-08-12T13:29:33.699965,loans.csv
7494,1205,4,2023-10-13,2023-10-27,2023-10-27,2026-08-12T13:29:33.699965,loans.csv
1528,601,1,2023-01-30,2023-02-13,2023-02-01,2026-08-12T13:29:33.699965,loans.csv
57,2227,10,2023-04-26,2023-05-10,,2026-08-12T13:29:33.699965,loans.csv
8912,2325,1,2024-03-27,2024-04-10,2024-04-03,2026-08-12T13:29:33.699965,loans.csv
922,2170,1,2024-12-25,2025-01-08,,2026-08-12T13:29:33.699965,loans.csv
5195,2775,12,2023-06-13,2023-07-04,2023-07-11,2026-08-12T13:29:33.699965,loans.csv
382,1748,29,2022-12-05,2022-12-19,2022-12-16,2026-08-12T13:29:33.699965,loans.csv
8642,1185,4,2023-09-16,2023-09-30,2023-09-27,2026-08-12T13:29:33.699965,loans.csv
7455,1219,3,2020-01-10,2020-01-31,2020-01-27,2026-08-12T13:29:33.699965,loans.csv
2916,1240,11,2023-04-22,2023-05-06,2023-04-25,2026-08-12T13:29:33.699965,loans.csv
5995,960,1,2022-03-26,2022-04-09,2022-04-12,2026-08-12T13:29:33.699965,loans.csv
1385,65,2,2024-05-23,2024-06-06,2024-05-25,2026-08-12T13:29:33.699965,loans.csv
4830,1229,1,2023-09-23,2023-10-07,2023-09-29,2026-08-12T13:29:33.699965,loans.csv
5141,637,20,2022-03-17,2022-03-31,2022-04-09,2026-08-12T13:29:33.699965,loans.csv
5103,1522,1,2021-07-06,2021-07-20,2021-07-12,2026-08-12T13:29:33.699965,loans.csv
3045,1819,2,2022-09-11,2022-09-25,2022-09-20,2026-08-12T13:29:33.699965,loans.csv
1774,416,1,2023-09-26,2023-10-10,2023-10-16,2026-08-12T13:29:33.699965,loans.csv
3713,1210,2,2023-01-20,2023-02-03,2023-02-03,2026-08-12T13:29:33.699965,loans.csv
3839,2044,1,2024-05-14,2024-05-28,2024-05-17,2026-08-12T13:29:33.699965,loans.csv
6041,752,170,2023-10-29,2023-11-12,2023-11-18,2026-08-12T13:29:33.699965,loans.csv
1427,2489,7,2024-05-01,2024-05-22,2024-05-17,2026-08-12T13:29:33.699965,loans.csv
3815,2489,1,2024-08-13,2024-08-27,2024-09-03,2026-08-12T13:29:33.699965,loans.csv
3992,2549,1,2023-04-01,2023-04-15,2023-04-20,2026-08-12T13:29:33.699965,loans.csv
5551,1062,2,2024-03-27,2024-04-10,2024-04-16,2026-08-12T13:29:33.699965,loans.csv
4922,2163,2,2024-09-25,2024-10-09,2024-10-06,2026-08-12T13:29:33.699965,loans.csv
9118,1775,1,2024-03-14,2024-03-28,2024-03-28,2026-08-12T13:29:33.699965,loans.csv
1093,476,16,2022-11-19,2022-12-03,2022-12-06,2026-08-12T13:29:33.699965,loans.csv
6447,231,1,2023-03-13,2023-03-27,2023-04-21,2026-08-12T13:29:33.699965,loans.csv
7564,878,2,2023-12-22,2024-01-05,2023-12-26,2026-08-12T13:29:33.699965,loans.csv
2852,1547,2,2024-05-22,2024-06-05,,2026-08-12T13:29:33.699965,loans.csv
7885,2572,4,2023-10-30,2023-11-13,2023-11-07,2026-08-12T13:29:33.699965,loans.csv
5405,821,63,2024-07-25,2024-08-08,2024-07-26,2026-08-12T13:29:33.699965,loans.csv
8441,92,12,2023-05-21,2023-06-04,2023-06-04,2026-08-12T13:29:33.699965,loans.csv
5546,761,5,2020-12-08,2020-12-22,2020-12-17,2026-08-12T13:29:33.699965,loans.csv
8856,2248,1,2024-08-14,2024-09-04,2024-09-10,2026-08-12T13:29:33.699965,loans.csv
9383,2520,22,2023-09-04,2023-09-18,2023-09-18,2026-08-12T13:29:33.699965,loans.csv
5044,1663,2,2022-03-10,2022-03-24,2022-03-26,2026-08-12T13:29:33.699965,loans.csv
1683,1774,60,2024-02-20,2024-03-05,2024-03-01,2026-08-12T13:29:33.699965,loans.csv
8292,152,3,2024-02-18,2024-03-03,2024-02-29,2026-08-12T13:29:33.699965,loans.csv
9010,1976,47,2022-06-23,2022-07-07,2022-06-28,2026-08-12T13:29:33.699965,loans.csv
463,2106,1,2020-02-20,2020-03-05,2020-03-09,2026-08-12T13:29:33.699965,loans.csv
9392,17,1,2022-06-18,2022-07-09,,2026-08-12T13:29:33.699965,loans.csv
3503,819,4,2023-05-05,2023-05-19,,2026-08-12T13:29:33.699965,loans.csv
6763,1338,1,2024-03-09,2024-03-23,2024-03-28,2026-08-12T13:29:33.699965,loans.csv
4066,802,2,2024-07-21,2024-08-04,2024-07-30,2026-08-12T13:29:33.699965,loans.csv
2939,940,1,2020-11-24,2020-12-08,2020-12-08,2026-08-12T13:29:33.699965,loans.csv
8555,1680,2,2023-02-26,2023-03-12,2023-03-12,2026-08-12T13:29:33.699965,loans.csv
9464,714,1,2024-12-16,2024-12-30,,2026-08-12T13:29:33.699965,loans.csv
2469,402,1,2023-12-07,2023-12-21,2023-12-12,2026-08-12T13:29:33.699965,loans.csv
7065,643,3,2024-05-13,2024-05-27,2024-05-26,2026-08-12T13:29:33.699965,loans.csv
3709,2774,3,2023-01-09,2023-01-23,2023-01-12,2026-08-12T13:29:33.699965,loans.csv
1295,165,1,2024-08-06,2024-08-20,,2026-08-12T13:29:33.699965,loans.csv
9073,1030,9,2024-05-30,2024-06-20,2024-06-23,2026-08-12T13:29:33.699965,loans.csv
629,1984,1,2024-06-26,2024-07-10,,2026-08-12T13:29:33.699965,loans.csv
3452,677,1,2023-06-22,2023-07-06,2023-07-08,2026-08-12T13:29:33.699965,loans.csv
9413,1045,1,2023-07-02,2023-07-16,2023-07-23,2026-08-12T13:29:33.699965,loans.csv
9564,651,5,2021-11-15,2021-11-29,2021-11-28,2026-08-12T13:29:33.699965,loans.csv
3285,2781,12,2023-08-15,2023-08-29,2023-08-28,2026-08-12T13:29:33.699965,loans.csv
3670,176,48,2021-10-29,2021-11-12,2021-11-06,2026-08-12T13:29:33.699965,loans.csv
7917,380,2,2023-11-25,2023-12-16,2023-12-12,2026-08-12T13:29:33.699965,loans.csv
6939,1308,22,2024-11-14,2024-11-28,2024-11-24,2026-08-12T13:29:33.699965,loans.csv
1537,2317,1,2023-07-01,2023-07-15,2023-07-08,2026-08-12T13:29:33.699965,loans.csv
6084,1028,3,2022-03-05,2022-03-19,,2026-08-12T13:29:33.699965,loans.csv
178,2086,1,2024-05-12,2024-05-26,2024-05-21,2026-08-12T13:29:33.699965,loans.csv
5870,1349,2,2024-06-08,2024-06-22,2024-06-18,2026-08-12T13:29:33.699965,loans.csv
6461,1528,1,2024-07-22,2024-08-05,,2026-08-12T13:29:33.699965,loans.csv
1107,105,4,2024-07-14,2024-07-28,2024-07-19,2026-08-12T13:29:33.699965,loans.csv
9604,528,1,2023-05-26,2023-06-09,2023-06-04,2026-08-12T13:29:33.699965,loans.csv
6444,612,61,2021-04-11,2021-04-25,2021-04-14,2026-08-12T13:29:33.699965,loans.csv
7134,2253,12,2024-12-04,2024-12-18,2024-12-16,2026-08-12T13:29:33.699965,loans.csv
1261,657,1,2024-11-22,2024-12-06,2024-12-07,2026-08-12T13:29:33.699965,loans.csv
1865,676,1,2024-02-24,2024-03-09,2024-03-06,2026-08-12T13:29:33.699965,loans.csv
5693,960,4,2021-06-10,2021-06-24,,2026-08-12T13:29:33.699965,loans.csv
7164,2445,1,2024-06-11,2024-06-25,2024-06-18,2026-08-12T13:29:33.699965,loans.csv
9349,1153,1,2023-04-08,2023-04-22,2023-04-17,2026-08-12T13:29:33.699965,loans.csv
4347,814,1,2023-05-31,2023-06-14,2023-06-04,2026-08-12T13:29:33.699965,loans.csv
2748,2572,1,2024-05-21,2024-06-11,2024-06-12,2026-08-12T13:29:33.699965,loans.csv
7980,1231,63,2020-12-01,2020-12-15,2020-12-09,2026-08-12T13:29:33.699965,loans.csv
6829,802,4,2020-10-11,2020-10-25,2020-10-24,2026-08-12T13:29:33.699965,loans.csv
2993,975,2,2024-05-21,2024-06-04,,2026-08-12T13:29:33.699965,loans.csv
4544,1372,1,2021-03-10,2021-03-24,2021-03-23,2026-08-12T13:29:33.699965,loans.csv
210,2311,1,2024-11-23,2024-12-07,2024-12-07,2026-08-12T13:29:33.699965,loans.csv
9235,593,18,2024-07-14,2024-07-28,2024-07-22,2026-08-12T13:29:33.699965,loans.csv
9253,2159,2,2022-04-23,2022-05-14,2022-05-18,2026-08-12T13:29:33.699965,loans.csv
5363,1991,10,2023-07-22,2023-08-12,2023-07-30,2026-08-12T13:29:33.699965,loans.csv
337,680,1,2024-01-26,2024-02-09,2024-01-29,2026-08-12T13:29:33.699965,loans.csv
1684,2015,1,2024-10-15,2024-10-29,2024-10-27,2026-08-12T13:29:33.699965,loans.csv
6003,2358,3,2023-08-23,2023-09-06,2023-09-23,2026-08-12T13:29:33.699965,loans.csv
4631,38,2,2023-09-21,2023-10-05,2023-09-29,2026-08-12T13:29:33.699965,loans.csv
3841,1582,6,2024-02-15,2024-02-29,2024-02-17,2026-08-12T13:29:33.699965,loans.csv
6270,1034,5,2024-02-10,2024-02-24,2024-02-12,2026-08-12T13:29:33.699965,loans.csv
8626,1845,1,2024-09-29,2024-10-13,2024-10-06,2026-08-12T13:29:33.699965,loans.csv
8368,2254,16,2024-06-05,2024-06-19,2024-06-24,2026-08-12T13:29:33.699965,loans.csv
5332,2018,1,2024-06-11,2024-06-25,2024-06-29,2026-08-12T13:29:33.699965,loans.csv
4540,2256,2,2024-08-17,2024-08-31,2024-08-28,2026-08-12T13:29:33.699965,loans.csv
7963,438,1,2022-10-29,2022-11-12,,2026-08-12T13:29:33.699965,loans.csv
6208,2177,2,2024-06-13,2024-06-27,,2026-08-12T13:29:33.699965,loans.csv
6795,1050,26,2024-09-04,2024-09-18,2024-09-15,2026-08-12T13:29:33.699965,loans.csv
3649,1510,47,2022-12-16,2022-12-11,2023-01-05,2026-08-12T13:29:33.699965,loans.csv
1749,1403,1,2021-05-10,2021-05-31,,2026-08-12T13:29:33.699965,loans.csv
1246,1853,1,2024-05-28,2024-06-11,2024-06-14,2026-08-12T13:29:33.699965,loans.csv
2851,1150,3,2024-01-09,2024-01-23,2024-01-18,2026-08-12T13:29:33.699965,loans.csv
777,1582,1,2023-11-16,2023-12-07,2023-12-14,2026-08-12T13:29:33.699965,loans.csv
6999,2004,2,2021-12-17,2021-12-31,2021-12-19,2026-08-12T13:29:33.699965,loans.csv
8364,246,7,2023-02-17,2023-03-03,2023-03-03,2026-08-12T13:29:33.699965,loans.csv
6151,2012,8,2023-12-16,2023-12-30,2023-12-17,2026-08-12T13:29:33.699965,loans.csv
7049,662,152,2022-03-13,2022-03-27,2022-03-29,2026-08-12T13:29:33.699965,loans.csv
2182,1962,3,2022-09-21,2022-10-05,2022-09-30,2026-08-12T13:29:33.699965,loans.csv
7332,2066,5,2024-10-25,2024-10-22,2024-11-05,2026-08-12T13:29:33.699965,loans.csv
8895,2050,1,2023-10-11,2023-10-25,2023-10-20,2026-08-12T13:29:33.699965,loans.csv
3291,1467,3,2024-10-18,2024-11-01,2024-11-08,2026-08-12T13:29:33.699965,loans.csv
8102,1562,3,2021-11-17,2021-12-01,2021-11-28,2026-08-12T13:29:33.699965,loans.csv
3603,1112,7,2024-04-20,2024-05-04,2024-05-17,2026-08-12T13:29:33.699965,loans.csv
5274,2737,1,2023-06-17,2023-07-01,2023-06-23,2026-08-12T13:29:33.699965,loans.csv
9537,201,2,2022-01-27,2022-02-10,2022-02-12,2026-08-12T13:29:33.699965,loans.csv
106,2027,51,2023-12-28,2024-01-11,2024-01-03,2026-08-12T13:29:33.699965,loans.csv
1924,415,1,2024-05-23,2024-06-06,,2026-08-12T13:29:33.699965,loans.csv
949,600,4,2022-07-24,2022-08-07,2022-08-05,2026-08-12T13:29:33.699965,loans.csv
2343,2743,92,2024-11-22,2024-12-06,2024-11-27,2026-08-12T13:29:33.699965,loans.csv
4908,680,1,2024-11-24,2024-12-08,2024-12-01,2026-08-12T13:29:33.699965,loans.csv
5970,169,1,2021-08-30,2021-09-13,2021-09-02,2026-08-12T13:29:33.699965,loans.csv
3805,1712,2,2024-08-30,2024-09-13,,2026-08-12T13:29:33.699965,loans.csv
3849,2001,1,2024-03-19,2024-04-09,2024-04-10,2026-08-12T13:29:33.699965,loans.csv
7493,2386,184,2021-11-06,2021-11-27,2022-01-09,2026-08-12T13:29:33.699965,loans.csv
828,2362,9,2024-01-26,2024-02-09,2024-02-16,2026-08-12T13:29:33.699965,loans.csv
8326,536,11,2024-07-30,2024-08-13,2024-08-08,2026-08-12T13:29:33.699965,loans.csv
414,2594,8,2024-07-06,2024-07-20,2024-07-22,2026-08-12T13:29:33.699965,loans.csv
2117,2574,1,2024-03-03,2024-03-17,2024-03-04,2026-08-12T13:29:33.699965,loans.csv
5380,2274,1,2021-10-26,2021-11-09,2021-10-28,2026-08-12T13:29:33.699965,loans.csv
1610,179,6,2024-05-31,2024-06-14,2024-07-05,2026-08-12T13:29:33.699965,loans.csv
7042,1566,1,2024-07-05,2024-07-19,2024-07-06,2026-08-12T13:29:33.699965,loans.csv
7031,360,2,2023-12-23,2024-01-13,2024-01-18,2026-08-12T13:29:33.699965,loans.csv
3896,379,6,2024-10-24,2024-11-07,2024-10-26,2026-08-12T13:29:33.699965,loans.csv
2506,1250,3,2023-11-18,2023-12-02,2023-12-04,2026-08-12T13:29:33.699965,loans.csv
5095,2377,6,2023-09-24,2023-10-08,2023-10-10,2026-08-12T13:29:33.699965,loans.csv
7811,1156,2,2021-05-17,2021-05-31,2021-05-28,2026-08-12T13:29:33.699965,loans.csv
3716,2746,1,2023-06-28,2023-07-12,2023-06-29,2026-08-12T13:29:33.699965,loans.csv
7142,828,2,2023-11-03,2023-11-17,2023-11-13,2026-08-12T13:29:33.699965,loans.csv
9338,881,1,2024-09-25,2024-10-09,,2026-08-12T13:29:33.699965,loans.csv
4168,2696,1,2023-09-20,2023-10-04,2023-10-03,2026-08-12T13:29:33.699965,loans.csv
5663,1280,1,2024-10-29,2024-11-12,,2026-08-12T13:29:33.699965,loans.csv
607,2192,2,2020-04-12,2020-04-26,2020-04-14,2026-08-12T13:29:33.699965,loans.csv
1566,714,1,2024-04-17,2024-05-08,2024-04-22,2026-08-12T13:29:33.699965,loans.csv
4111,2421,1,2022-09-28,2022-10-12,2022-10-12,2026-08-12T13:29:33.699965,loans.csv
8119,646,2,2021-04-22,2021-05-06,2021-06-03,2026-08-12T13:29:33.699965,loans.csv
3678,1390,1,2020-07-09,2020-07-23,2020-07-15,2026-08-12T13:29:33.699965,loans.csv
5802,1803,1,2024-02-19,2024-03-04,2024-02-27,2026-08-12T13:29:33.699965,loans.csv
44,1998,3,2024-08-13,2024-08-27,2024-08-16,2026-08-12T13:29:33.699965,loans.csv
260,2268,4,2020-08-09,2020-08-23,2020-08-16,2026-08-12T13:29:33.699965,loans.csv
6288,2473,7,2024-03-11,2024-03-25,2024-03-20,2026-08-12T13:29:33.699965,loans.csv
9331,924,1,2024-08-07,2024-08-21,2024-08-16,2026-08-12T13:29:33.699965,loans.csv
8251,820,3,2024-07-21,2024-08-04,2024-07-25,2026-08-12T13:29:33.699965,loans.csv
4151,2039,7,2024-08-10,2024-08-24,2024-08-17,2026-08-12T13:29:33.699965,loans.csv
5891,767,2,2024-03-11,2024-03-25,2024-03-15,2026-08-12T13:29:33.699965,loans.csv
4856,2248,6,2024-03-14,2024-03-28,2024-03-28,2026-08-12T13:29:33.699965,loans.csv
1173,2676,5,2021-03-05,2021-03-19,2021-03-26,2026-08-12T13:29:33.699965,loans.csv
3185,682,1,2024-10-04,2024-10-18,2024-10-13,2026-08-12T13:29:33.699965,loans.csv
7744,380,1,2023-02-14,2023-02-28,2023-02-26,2026-08-12T13:29:33.699965,loans.csv
3197,657,1,2022-11-28,2022-12-12,2022-12-01,2026-08-12T13:29:33.699965,loans.csv
8742,2762,1,2024-03-06,2024-03-20,2024-03-13,2026-08-12T13:29:33.699965,loans.csv
7208,57,26,2024-06-05,2024-06-19,2024-07-12,2026-08-12T13:29:33.699965,loans.csv
8639,525,2,2024-08-25,2024-09-08,2024-09-08,2026-08-12T13:29:33.699965,loans.csv
4988,1694,1,2021-03-19,2021-04-02,2021-05-17,2026-08-12T13:29:33.699965,loans.csv
4811,1075,8,2022-12-04,2022-12-18,2022-12-08,2026-08-12T13:29:33.699965,loans.csv
4242,2253,1,2024-06-08,2024-06-22,2024-06-18,2026-08-12T13:29:33.699965,loans.csv
1617,2743,2,2024-12-04,2024-12-18,2024-12-11,2026-08-12T13:29:33.699965,loans.csv
2721,1967,2,2022-08-15,2022-08-29,2022-08-18,2026-08-12T13:29:33.699965,loans.csv
389,1042,2,2024-05-28,2024-06-11,2024-07-21,2026-08-12T13:29:33.699965,loans.csv
5726,2735,1,2024-07-08,2024-07-22,2024-07-10,2026-08-12T13:29:33.699965,loans.csv
3727,124,2,2023-12-18,2024-01-01,2024-01-03,2026-08-12T13:29:33.699965,loans.csv
8756,661,1,2023-05-30,2023-06-13,2023-06-03,2026-08-12T13:29:33.699965,loans.csv
719,564,5,2020-02-21,2020-03-06,2020-02-28,2026-08-12T13:29:33.699965,loans.csv
7428,1094,43,2024-09-28,2024-09-22,2024-10-16,2026-08-12T13:29:33.699965,loans.csv
9368,898,1,2024-11-13,2024-11-27,2024-11-30,2026-08-12T13:29:33.699965,loans.csv
6489,1015,1,2024-06-12,2024-06-26,2024-07-03,2026-08-12T13:29:33.699965,loans.csv
8079,1595,1,2024-10-08,2024-10-29,2024-10-31,2026-08-12T13:29:33.699965,loans.csv
1231,1739,6,2024-03-13,2024-03-27,2024-04-01,2026-08-12T13:29:33.699965,loans.csv
1764,1229,2,2024-07-20,2024-08-10,2024-07-28,2026-08-12T13:29:33.699965,loans.csv
5283,2183,2,2022-09-12,2022-09-26,2022-09-30,2026-08-12T13:29:33.699965,loans.csv
4173,107,54,2023-02-19,2023-03-05,,2026-08-12T13:29:33.699965,loans.csv
2777,1648,36,2024-05-14,2024-05-28,2024-06-03,2026-08-12T13:29:33.699965,loans.csv
3329,2386,3,2024-06-06,2024-06-20,2024-06-07,2026-08-12T13:29:33.699965,loans.csv
5814,1199,1,2024-12-10,2024-12-24,2024-12-20,2026-08-12T13:29:33.699965,loans.csv
8195,1339,6,2023-05-25,2023-06-08,2023-05-31,2026-08-12T13:29:33.699965,loans.csv
3486,244,1,2024-08-08,2024-08-22,2024-08-20,2026-08-12T13:29:33.699965,loans.csv
1459,2090,11,2020-09-10,2020-09-24,2020-09-21,2026-08-12T13:29:33.699965,loans.csv
5455,1301,12,2023-02-02,2023-02-16,2023-02-12,2026-08-12T13:29:33.699965,loans.csv
358,1838,1,2024-06-18,2024-07-02,,2026-08-12T13:29:33.699965,loans.csv
4342,188,17,2023-07-05,2023-07-26,2023-07-08,2026-08-12T13:29:33.699965,loans.csv
2372,2757,1,2023-06-25,2023-07-09,2023-07-13,2026-08-12T13:29:33.699965,loans.csv
8506,1592,3,2024-11-14,2024-11-28,2024-11-16,2026-08-12T13:29:33.699965,loans.csv
8031,398,2,2024-02-24,2024-03-09,2024-03-28,2026-08-12T13:29:33.699965,loans.csv
1378,638,3,2024-11-22,2024-12-06,2025-01-16,2026-08-12T13:29:33.699965,loans.csv
1017,1299,3,2023-11-23,2023-12-07,2023-11-29,2026-08-12T13:29:33.699965,loans.csv
5606,1675,1,2024-07-02,2024-07-23,2024-07-06,2026-08-12T13:29:33.699965,loans.csv
7414,1071,1,2024-06-05,2024-06-26,2024-06-20,2026-08-12T13:29:33.699965,loans.csv
5516,655,18,2022-05-22,2022-06-05,2022-06-10,2026-08-12T13:29:33.699965,loans.csv
535,1803,2,2023-09-18,2023-10-02,,2026-08-12T13:29:33.699965,loans.csv
153,1988,2,2021-08-14,2021-08-28,2021-08-24,2026-08-12T13:29:33.699965,loans.csv
5428,327,43,2023-02-02,2023-02-16,2023-02-16,2026-08-12T13:29:33.699965,loans.csv
7011,432,1,2024-07-03,2024-07-17,2024-07-11,2026-08-12T13:29:33.699965,loans.csv
4137,960,54,2023-09-15,2023-09-29,2023-09-28,2026-08-12T13:29:33.699965,loans.csv
1940,1412,4,2024-09-12,2024-09-26,2024-09-18,2026-08-12T13:29:33.699965,loans.csv
6458,1087,1,2024-08-28,2024-09-11,2024-09-17,2026-08-12T13:29:33.699965,loans.csv
6510,1629,1,2024-05-28,2024-06-11,2024-06-11,2026-08-12T13:29:33.699965,loans.csv
1191,2004,15,2021-12-18,2022-01-01,2021-12-29,2026-08-12T13:29:33.699965,loans.csv
7212,614,81,2024-10-03,2024-10-17,2024-10-08,2026-08-12T13:29:33.699965,loans.csv
8100,229,1,2022-07-30,2022-08-13,2022-08-09,2026-08-12T13:29:33.699965,loans.csv
8306,820,1,2022-10-23,2022-11-06,2022-12-11,2026-08-12T13:29:33.699965,loans.csv
4183,225,22,2023-07-16,2023-07-30,2023-07-25,2026-08-12T13:29:33.699965,loans.csv
1670,536,1,2024-07-28,2024-08-11,2024-07-30,2026-08-12T13:29:33.699965,loans.csv
970,1926,13,2023-08-06,2023-08-20,2023-08-19,2026-08-12T13:29:33.699965,loans.csv
7317,672,5,2023-09-10,2023-09-24,2023-09-30,2026-08-12T13:29:33.699965,loans.csv
3825,1423,57,2024-05-18,2024-06-08,2024-05-28,2026-08-12T13:29:33.699965,loans.csv
966,971,9,2024-07-02,2024-07-16,2024-07-14,2026-08-12T13:29:33.699965,loans.csv
8375,1031,1,2023-08-19,2023-09-02,2023-08-20,2026-08-12T13:29:33.699965,loans.csv
5221,481,1,2024-03-05,2024-03-19,2024-03-22,2026-08-12T13:29:33.699965,loans.csv
9088,544,1,2024-10-23,2024-11-06,2024-11-09,2026-08-12T13:29:33.699965,loans.csv
2148,86,1,2023-07-25,2023-08-08,2023-08-13,2026-08-12T13:29:33.699965,loans.csv
3073,1826,22,2024-03-26,2024-04-09,2024-04-08,2026-08-12T13:29:33.699965,loans.csv
135,793,1,2023-11-11,2023-11-25,2023-11-25,2026-08-12T13:29:33.699965,loans.csv
4954,2665,4,2021-08-12,2021-08-26,2021-08-24,2026-08-12T13:29:33.699965,loans.csv
2374,1399,1,2021-06-01,2021-06-15,2021-06-09,2026-08-12T13:29:33.699965,loans.csv
7915,814,1,2021-08-06,2021-08-20,2021-08-23,2026-08-12T13:29:33.699965,loans.csv
1382,2434,1,2024-07-09,2024-07-30,2024-07-24,2026-08-12T13:29:33.699965,loans.csv
5505,331,1,2022-03-31,2022-04-14,2022-04-10,2026-08-12T13:29:33.699965,loans.csv
9281,1657,190,2024-01-30,2024-02-13,2024-02-08,2026-08-12T13:29:33.699965,loans.csv
9124,767,1,2023-11-06,2023-11-20,2023-11-19,2026-08-12T13:29:33.699965,loans.csv
3582,1985,29,2022-03-29,2022-04-12,2022-04-10,2026-08-12T13:29:33.699965,loans.csv
8430,2279,20,2024-03-01,2024-03-15,2024-03-15,2026-08-12T13:29:33.699965,loans.csv
7682,2696,2,2024-04-18,2024-05-02,2024-05-04,2026-08-12T13:29:33.699965,loans.csv
2473,857,1,2024-11-22,2024-12-06,2025-01-12,2026-08-12T13:29:33.699965,loans.csv
3976,510,1,2021-09-27,2021-10-11,2021-10-03,2026-08-12T13:29:33.699965,loans.csv
4703,1350,4,2023-03-29,2023-04-12,2023-05-12,2026-08-12T13:29:33.699965,loans.csv
3569,1253,2,2022-04-13,2022-04-27,2022-04-16,2026-08-12T13:29:33.699965,loans.csv
3061,869,179,2023-12-12,2023-12-26,2023-12-23,2026-08-12T13:29:33.699965,loans.csv
8294,2470,11,2024-06-22,2024-07-06,2024-06-28,2026-08-12T13:29:33.699965,loans.csv
2912,2319,1,2024-04-14,2024-04-28,2024-04-24,2026-08-12T13:29:33.699965,loans.csv
4482,1785,7,2024-10-04,2024-10-18,2024-10-13,2026-08-12T13:29:33.699965,loans.csv
2328,2025,2,2024-02-15,2024-02-29,2024-02-22,2026-08-12T13:29:33.699965,loans.csv
7747,1249,2,2020-08-12,2020-08-26,2020-08-29,2026-08-12T13:29:33.699965,loans.csv
8049,2090,20,2024-11-08,2024-11-22,2024-11-13,2026-08-12T13:29:33.699965,loans.csv
3650,1344,2,2023-02-16,2023-03-09,2023-03-16,2026-08-12T13:29:33.699965,loans.csv
6716,2695,51,2024-08-28,2024-09-18,2024-09-25,2026-08-12T13:29:33.699965,loans.csv
3506,1737,6,2020-03-08,2020-03-22,2020-03-12,2026-08-12T13:29:33.699965,loans.csv
4617,901,20,2024-12-12,2025-01-02,,2026-08-12T13:29:33.699965,loans.csv
3902,1498,4,2023-11-30,2023-12-14,2023-12-18,2026-08-12T13:29:33.699965,loans.csv
3413,1428,19,2022-07-21,2022-08-04,2022-08-02,2026-08-12T13:29:33.699965,loans.csv
3166,800,12,2022-01-25,2022-02-15,2022-02-18,2026-08-12T13:29:33.699965,loans.csv
7502,1025,16,2024-06-20,2024-06-19,2024-07-07,2026-08-12T13:29:33.699965,loans.csv
5032,1215,3,2022-01-11,2022-01-25,2022-01-15,2026-08-12T13:29:33.699965,loans.csv
8995,873,33,2023-10-28,2023-11-11,2023-11-05,2026-08-12T13:29:33.699965,loans.csv
1989,2155,1,2022-11-08,2022-11-22,2022-11-28,2026-08-12T13:29:33.699965,loans.csv
4007,1485,1,2023-09-01,2023-09-15,2023-09-03,2026-08-12T13:29:33.699965,loans.csv
9117,1708,11,2021-09-07,2021-09-21,2021-09-18,2026-08-12T13:29:33.699965,loans.csv
443,28,4,2021-08-24,2021-09-07,2021-09-10,2026-08-12T13:29:33.699965,loans.csv
7765,1847,1,2024-07-26,2024-08-09,2024-07-31,2026-08-12T13:29:33.699965,loans.csv
1755,1471,1,2023-08-23,2023-09-06,2023-09-16,2026-08-12T13:29:33.699965,loans.csv
3212,270,2,2021-08-24,2021-09-07,2021-09-13,2026-08-12T13:29:33.699965,loans.csv
9566,2480,1,2023-05-25,2023-06-08,2023-06-01,2026-08-12T13:29:33.699965,loans.csv
5637,1201,1,2021-05-07,2021-05-21,2021-05-23,2026-08-12T13:29:33.699965,loans.csv
9526,2746,1,2022-03-11,2022-03-25,2022-03-29,2026-08-12T13:29:33.699965,loans.csv
7735,1862,2,2024-01-29,2024-02-12,2024-02-04,2026-08-12T13:29:33.699965,loans.csv
2107,1227,123,2021-03-29,2021-04-12,2021-04-11,2026-08-12T13:29:33.699965,loans.csv
5997,552,63,2022-11-04,2022-11-18,2022-11-10,2026-08-12T13:29:33.699965,loans.csv
6922,1859,2,2022-01-19,2022-02-02,,2026-08-12T13:29:33.699965,loans.csv
8745,2631,1,2024-01-19,2024-02-02,2024-02-06,2026-08-12T13:29:33.699965,loans.csv
1838,459,1,2022-07-14,2022-07-28,2022-07-18,2026-08-12T13:29:33.699965,loans.csv
124,1214,1,2024-10-25,2024-11-08,2024-11-01,2026-08-12T13:29:33.699965,loans.csv
495,769,2,2024-10-31,2024-11-21,2024-11-12,2026-08-12T13:29:33.699965,loans.csv
3926,2084,8,2022-06-17,2022-07-01,2022-06-22,2026-08-12T13:29:33.699965,loans.csv
3616,882,1,2022-07-20,2022-08-03,2022-08-26,2026-08-12T13:29:33.699965,loans.csv
1570,496,1,2020-10-11,2020-11-01,2020-10-12,2026-08-12T13:29:33.699965,loans.csv
1101,2790,1,2020-10-18,2020-11-01,2020-10-29,2026-08-12T13:29:33.699965,loans.csv
6058,2482,4,2024-06-27,2024-07-11,2024-07-02,2026-08-12T13:29:33.699965,loans.csv
5006,384,2,2023-04-23,2023-05-07,2023-04-29,2026-08-12T13:29:33.699965,loans.csv
6702,1862,2,2022-11-08,2022-11-22,2022-11-26,2026-08-12T13:29:33.699965,loans.csv
527,1624,1,2023-05-09,2023-05-23,2023-05-24,2026-08-12T13:29:33.699965,loans.csv
7366,187,1,2023-07-26,2023-08-09,2023-08-13,2026-08-12T13:29:33.699965,loans.csv
5467,1356,35,2022-06-20,2022-07-04,2022-06-24,2026-08-12T13:29:33.699965,loans.csv
2878,1988,1,2022-03-13,2022-03-27,2022-03-18,2026-08-12T13:29:33.699965,loans.csv
6329,2115,17,2024-07-27,2024-08-10,2024-08-04,2026-08-12T13:29:33.699965,loans.csv
1217,19,21,2024-08-23,2024-09-06,2024-09-03,2026-08-12T13:29:33.699965,loans.csv
4553,679,1,2024-08-17,2024-08-31,2024-08-19,2026-08-12T13:29:33.699965,loans.csv
5524,1329,1,2023-04-26,2023-05-10,,2026-08-12T13:29:33.699965,loans.csv
2694,920,1,2024-10-21,2024-11-04,2024-10-24,2026-08-12T13:29:33.699965,loans.csv
8700,2759,2,2021-01-29,2021-02-12,2021-02-05,2026-08-12T13:29:33.699965,loans.csv
232,1366,3,2024-06-13,2024-06-27,2024-07-13,2026-08-12T13:29:33.699965,loans.csv
3995,209,2,2022-12-15,2022-12-29,2023-01-04,2026-08-12T13:29:33.699965,loans.csv
2215,1426,1,2024-08-29,2024-09-12,2024-09-03,2026-08-12T13:29:33.699965,loans.csv
8915,845,2,2024-09-11,2024-09-25,2024-09-22,2026-08-12T13:29:33.699965,loans.csv
5147,1198,1,2024-12-06,2024-12-20,2024-12-18,2026-08-12T13:29:33.699965,loans.csv
8811,880,1,2023-09-20,2023-10-04,2023-10-17,2026-08-12T13:29:33.699965,loans.csv
6585,114,2,2022-08-14,2022-08-28,,2026-08-12T13:29:33.699965,loans.csv
6635,2093,1,2023-03-15,2023-03-29,2023-03-23,2026-08-12T13:29:33.699965,loans.csv
6856,1608,1,2023-12-15,2023-12-29,2023-12-25,2026-08-12T13:29:33.699965,loans.csv
5873,2147,9,2022-08-10,2022-08-24,2022-08-13,2026-08-12T13:29:33.699965,loans.csv
7544,2496,1,2024-01-02,2024-01-16,2024-01-23,2026-08-12T13:29:33.699965,loans.csv
3250,1073,1,2024-12-25,2025-01-08,,2026-08-12T13:29:33.699965,loans.csv
7375,1562,2,2024-05-19,2024-06-09,2024-05-27,2026-08-12T13:29:33.699965,loans.csv
2596,373,2,2024-11-15,2024-11-29,2024-11-24,2026-08-12T13:29:33.699965,loans.csv
7025,1108,5,2020-09-12,2020-09-26,,2026-08-12T13:29:33.699965,loans.csv
3587,1689,1,2021-06-11,2021-06-25,2021-06-18,2026-08-12T13:29:33.699965,loans.csv
5951,2106,16,2020-12-01,2020-12-15,2020-12-22,2026-08-12T13:29:33.699965,loans.csv
2123,850,1,2024-01-08,2024-01-29,2024-01-20,2026-08-12T13:29:33.699965,loans.csv
6512,2278,2,2024-10-26,2024-11-09,2024-11-11,2026-08-12T13:29:33.699965,loans.csv
7397,1715,1,2023-04-30,2023-05-14,2023-05-10,2026-08-12T13:29:33.699965,loans.csv
4360,2644,5,2023-06-23,2023-07-14,,2026-08-12T13:29:33.699965,loans.csv
8022,642,1,2024-10-26,2024-11-09,2024-11-13,2026-08-12T13:29:33.699965,loans.csv
1985,1499,2,2021-10-23,2021-11-06,2021-10-30,2026-08-12T13:29:33.699965,loans.csv
7559,1270,3,2023-02-19,2023-03-05,2023-03-09,2026-08-12T13:29:33.699965,loans.csv
8007,1231,1,2022-10-02,2022-10-16,2022-11-19,2026-08-12T13:29:33.699965,loans.csv
8939,1704,3,2023-12-11,2023-12-25,2023-12-15,2026-08-12T13:29:33.699965,loans.csv
6518,80,1,2023-08-22,2023-09-12,2023-08-31,2026-08-12T13:29:33.699965,loans.csv
8314,1549,1,2024-08-23,2024-09-06,2024-09-09,2026-08-12T13:29:33.699965,loans.csv
5692,415,2,2024-03-05,2024-03-19,2024-03-23,2026-08-12T13:29:33.699965,loans.csv
1971,814,1,2022-12-06,2022-12-20,2022-12-12,2026-08-12T13:29:33.699965,loans.csv
9361,2296,1,2023-11-04,2023-11-18,2023-11-29,2026-08-12T13:29:33.699965,loans.csv
7279,2223,1,2024-02-03,2024-02-17,2024-02-05,2026-08-12T13:29:33.699965,loans.csv
7610,1501,44,2023-01-26,2023-02-16,2023-02-19,2026-08-12T13:29:33.699965,loans.csv
774,66,23,2022-09-12,2022-09-26,2022-09-23,2026-08-12T13:29:33.699965,loans.csv
5778,1600,4,2024-02-23,2024-03-08,,2026-08-12T13:29:33.699965,loans.csv
8051,827,1,2020-10-15,2020-10-29,2020-10-16,2026-08-12T13:29:33.699965,loans.csv
338,1185,58,2024-05-03,2024-05-17,2024-05-22,2026-08-12T13:29:33.699965,loans.csv
4585,1629,1,2024-02-13,2024-02-27,2024-03-08,2026-08-12T13:29:33.699965,loans.csv
5433,1623,1,2024-08-22,2024-09-12,2024-09-04,2026-08-12T13:29:33.699965,loans.csv
2320,2331,1,2024-02-24,2024-03-09,2024-03-01,2026-08-12T13:29:33.699965,loans.csv
8645,57,25,2024-02-09,2024-02-23,2024-02-12,2026-08-12T13:29:33.699965,loans.csv
3664,1058,2,2024-08-18,2024-09-01,2024-08-22,2026-08-12T13:29:33.699965,loans.csv
7199,1079,1,2022-10-14,2022-10-28,2022-10-18,2026-08-12T13:29:33.699965,loans.csv
1075,384,138,2022-01-05,2022-01-26,2022-01-21,2026-08-12T13:29:33.699965,loans.csv
8672,1450,2,2024-02-29,2024-03-14,2024-03-18,2026-08-12T13:29:33.699965,loans.csv
6811,115,1,2023-09-11,2023-09-25,,2026-08-12T13:29:33.699965,loans.csv
7780,2119,1,2023-11-24,2023-12-08,2023-12-14,2026-08-12T13:29:33.699965,loans.csv
6362,2366,2,2023-03-17,2023-03-31,,2026-08-12T13:29:33.699965,loans.csv
4156,1989,5,2024-11-15,2024-11-29,2024-11-23,2026-08-12T13:29:33.699965,loans.csv
7525,1005,5,2024-07-28,2024-08-11,2024-08-05,2026-08-12T13:29:33.699965,loans.csv
3923,2263,1,2023-10-31,2023-11-14,2023-11-06,2026-08-12T13:29:33.699965,loans.csv
3057,1932,1,2024-01-28,2024-02-11,2024-02-08,2026-08-12T13:29:33.699965,loans.csv
601,1243,84,2024-08-19,2024-09-02,2024-08-31,2026-08-12T13:29:33.699965,loans.csv
8945,2468,1,2024-11-14,2024-11-28,2024-11-25,2026-08-12T13:29:33.699965,loans.csv
4686,467,1,2023-09-11,2023-09-25,2023-09-22,2026-08-12T13:29:33.699965,loans.csv
2954,770,1,2024-09-11,2024-09-25,2024-09-18,2026-08-12T13:29:33.699965,loans.csv
3110,1533,4,2021-03-25,2021-04-15,2021-04-21,2026-08-12T13:29:33.699965,loans.csv
5599,1948,103,2024-08-09,2024-08-23,,2026-08-12T13:29:33.699965,loans.csv
2290,2301,1,2023-09-30,2023-10-14,2023-10-04,2026-08-12T13:29:33.699965,loans.csv
9532,2658,1,2024-04-24,2024-05-08,2024-05-04,2026-08-12T13:29:33.699965,loans.csv
3208,723,1,2023-10-21,2023-11-04,,2026-08-12T13:29:33.699965,loans.csv
2504,652,10,2024-05-05,2024-05-19,2024-05-09,2026-08-12T13:29:33.699965,loans.csv
5964,363,91,2021-05-10,2021-05-24,2021-05-22,2026-08-12T13:29:33.699965,loans.csv
9006,57,3,2022-11-25,2022-12-09,2022-12-02,2026-08-12T13:29:33.699965,loans.csv
8009,1846,1,2020-01-13,2020-01-27,2020-01-29,2026-08-12T13:29:33.699965,loans.csv
5451,2799,1,2022-03-01,2022-03-15,2022-03-04,2026-08-12T13:29:33.699965,loans.csv
7726,209,1,2022-06-09,2022-06-23,2022-06-23,2026-08-12T13:29:33.699965,loans.csv
6802,365,52,2023-12-09,2023-12-23,2023-12-11,2026-08-12T13:29:33.699965,loans.csv
8725,1062,1,2023-12-22,2024-01-05,2024-01-02,2026-08-12T13:29:33.699965,loans.csv
2578,460,1,2024-11-19,2024-12-10,,2026-08-12T13:29:33.699965,loans.csv
1615,2183,4,2023-01-27,2023-01-14,,2026-08-12T13:29:33.699965,loans.csv
9198,252,1,2024-07-15,2024-07-29,2024-07-28,2026-08-12T13:29:33.699965,loans.csv
4274,243,2,2023-10-01,2023-10-15,2023-10-08,2026-08-12T13:29:33.699965,loans.csv
3464,871,38,2024-04-12,2024-04-26,,2026-08-12T13:29:33.699965,loans.csv
3104,2623,2,2020-06-25,2020-07-09,2020-07-07,2026-08-12T13:29:33.699965,loans.csv
2209,80,5,2024-03-15,2024-04-05,2024-03-26,2026-08-12T13:29:33.699965,loans.csv
588,1854,1,2023-05-15,2023-05-08,2023-05-26,2026-08-12T13:29:33.699965,loans.csv
8708,701,63,2023-12-22,2024-01-05,,2026-08-12T13:29:33.699965,loans.csv
2049,979,4,2023-10-13,2023-10-27,2023-10-29,2026-08-12T13:29:33.699965,loans.csv
6641,455,5,2024-09-24,2024-10-08,2024-09-29,2026-08-12T13:29:33.699965,loans.csv
2685,2302,8,2024-11-27,2024-12-11,,2026-08-12T13:29:33.699965,loans.csv
3066,1694,23,2020-07-02,2020-07-16,2020-07-11,2026-08-12T13:29:33.699965,loans.csv
4420,677,7,2023-01-20,2023-02-10,2023-02-01,2026-08-12T13:29:33.699965,loans.csv
1573,2528,4,2022-06-03,2022-06-17,2022-06-10,2026-08-12T13:29:33.699965,loans.csv
5971,470,2,2023-07-21,2023-08-04,2023-07-22,2026-08-12T13:29:33.699965,loans.csv
7284,1630,1,2021-10-01,2021-10-22,2021-10-09,2026-08-12T13:29:33.699965,loans.csv
3124,2614,42,2024-04-09,2024-04-23,2024-04-13,2026-08-12T13:29:33.699965,loans.csv
9608,1267,5,2024-03-28,2024-04-11,2024-04-05,2026-08-12T13:29:33.699965,loans.csv
5089,966,1,2023-06-14,2023-06-28,,2026-08-12T13:29:33.699965,loans.csv
9504,727,11,2023-06-18,2023-07-02,2023-07-04,2026-08-12T13:29:33.699965,loans.csv
7845,592,1,2022-02-27,2022-03-13,2022-03-05,2026-08-12T13:29:33.699965,loans.csv
591,2362,2,2023-10-30,2023-11-13,,2026-08-12T13:29:33.699965,loans.csv
2981,2783,3,2024-09-24,2024-10-08,2024-10-01,2026-08-12T13:29:33.699965,loans.csv
2102,2157,6,2021-10-10,2021-10-24,2021-10-14,2026-08-12T13:29:33.699965,loans.csv
9066,342,12,2022-10-10,2022-10-31,2022-10-29,2026-08-12T13:29:33.699965,loans.csv
7666,2214,4,2024-06-25,2024-07-09,2024-07-12,2026-08-12T13:29:33.699965,loans.csv
5897,2799,1,2020-01-13,2020-01-27,2020-01-19,2026-08-12T13:29:33.699965,loans.csv
5189,846,15,2023-01-21,2023-02-04,2023-02-07,2026-08-12T13:29:33.699965,loans.csv
6885,2756,1,2024-12-18,2025-01-01,,2026-08-12T13:29:33.699965,loans.csv
3244,2511,1,2023-11-08,2023-11-22,,2026-08-12T13:29:33.699965,loans.csv
9525,2781,12,2023-08-15,2023-08-29,2023-08-28,2026-08-12T13:29:33.699965,loans.csv
6107,1886,4,2024-11-22,2024-12-06,2024-11-25,2026-08-12T13:29:33.699965,loans.csv
6596,758,1,2022-06-11,2022-06-25,2022-06-12,2026-08-12T13:29:33.699965,loans.csv
624,2678,1,2024-11-04,2024-11-01,2024-11-07,2026-08-12T13:29:33.699965,loans.csv
3807,835,2,2024-10-12,2024-10-26,2024-11-04,2026-08-12T13:29:33.699965,loans.csv
2236,1114,1,2024-01-17,2024-01-31,,2026-08-12T13:29:33.699965,loans.csv
9259,1545,2,2024-04-23,2024-05-07,2024-05-14,2026-08-12T13:29:33.699965,loans.csv
8142,1742,6,2024-10-19,2024-11-02,2024-11-07,2026-08-12T13:29:33.699965,loans.csv
4604,209,2,2022-07-27,2022-08-10,2022-08-10,2026-08-12T13:29:33.699965,loans.csv
7936,458,1,2024-08-17,2024-08-31,2024-08-22,2026-08-12T13:29:33.699965,loans.csv
6849,576,32,2023-09-26,2023-10-10,2023-10-02,2026-08-12T13:29:33.699965,loans.csv
641,2138,1,2024-08-08,2024-08-22,,2026-08-12T13:29:33.699965,loans.csv
7161,731,5,2022-10-14,2022-10-28,2022-11-03,2026-08-12T13:29:33.699965,loans.csv
9089,1811,1,2022-07-08,2022-07-22,2022-07-29,2026-08-12T13:29:33.699965,loans.csv
4345,969,6,2024-04-22,2024-05-06,2024-05-09,2026-08-12T13:29:33.699965,loans.csv
2552,1152,2,2022-08-23,2022-09-06,2022-09-02,2026-08-12T13:29:33.699965,loans.csv
5985,1506,1,2024-07-14,2024-07-28,2024-07-21,2026-08-12T13:29:33.699965,loans.csv
4129,2261,14,2023-03-19,2023-04-02,2023-03-29,2026-08-12T13:29:33.699965,loans.csv
4205,1754,20,2024-07-08,2024-06-26,2024-07-13,2026-08-12T13:29:33.699965,loans.csv
9274,373,46,2024-05-25,2024-06-08,2024-06-03,2026-08-12T13:29:33.699965,loans.csv
2019,338,1,2024-10-08,2024-10-22,2024-10-19,2026-08-12T13:29:33.699965,loans.csv
3989,921,1,2024-07-25,2024-08-08,2024-08-09,2026-08-12T13:29:33.699965,loans.csv
6154,682,1,2024-03-31,2024-04-14,2024-04-14,2026-08-12T13:29:33.699965,loans.csv
1227,1031,1,2024-12-23,2025-01-06,,2026-08-12T13:29:33.699965,loans.csv
4049,1488,2,2024-10-05,2024-10-19,2024-10-09,2026-08-12T13:29:33.699965,loans.csv
825,2209,1,2024-12-16,2024-12-30,,2026-08-12T13:29:33.699965,loans.csv
7169,667,48,2024-06-28,2024-07-19,2024-06-29,2026-08-12T13:29:33.699965,loans.csv
6597,1041,2,2024-05-29,2024-06-12,2024-06-10,2026-08-12T13:29:33.699965,loans.csv
4883,2311,19,2024-08-29,2024-09-19,2024-09-26,2026-08-12T13:29:33.699965,loans.csv
2498,283,1,2023-07-19,2023-08-02,2023-07-25,2026-08-12T13:29:33.699965,loans.csv
6936,1292,1,2024-05-14,2024-05-28,2024-05-25,2026-08-12T13:29:33.699965,loans.csv
7145,1339,1,2024-01-26,2024-02-09,2024-02-07,2026-08-12T13:29:33.699965,loans.csv
7702,1491,1,2024-08-09,2024-08-23,2024-08-19,2026-08-12T13:29:33.699965,loans.csv
4164,2724,1,2024-07-12,2024-07-26,2024-08-01,2026-08-12T13:29:33.699965,loans.csv
7898,2291,1,2024-04-23,2024-05-14,2024-05-01,2026-08-12T13:29:33.699965,loans.csv
8663,422,1,2024-05-23,2024-06-06,2024-05-25,2026-08-12T13:29:33.699965,loans.csv
7974,1981,2,2021-01-31,2021-02-14,2021-02-08,2026-08-12T13:29:33.699965,loans.csv
5484,1361,22,2024-06-15,2024-06-29,2024-07-05,2026-08-12T13:29:33.699965,loans.csv
8977,1568,5,2023-05-22,2023-06-05,,2026-08-12T13:29:33.699965,loans.csv
8877,140,2,2023-08-10,2023-08-24,2023-08-21,2026-08-12T13:29:33.699965,loans.csv
3790,2591,1,2022-09-14,2022-10-05,2022-09-26,2026-08-12T13:29:33.699965,loans.csv
8972,715,9,2022-12-03,2022-12-17,2022-12-10,2026-08-12T13:29:33.699965,loans.csv
2226,1204,1,2022-10-09,2022-10-23,2022-10-29,2026-08-12T13:29:33.699965,loans.csv
7338,467,11,2022-09-21,2022-10-05,2022-10-01,2026-08-12T13:29:33.699965,loans.csv
7993,502,1,2023-09-03,2023-09-17,2023-09-26,2026-08-12T13:29:33.699965,loans.csv
6267,1968,1,2023-03-24,2023-04-07,,2026-08-12T13:29:33.699965,loans.csv
3323,1911,15,2023-04-09,2023-04-30,2023-04-20,2026-08-12T13:29:33.699965,loans.csv
3060,1248,1,2022-06-27,2022-07-11,2022-07-01,2026-08-12T13:29:33.699965,loans.csv
8058,1796,14,2023-12-01,2023-12-15,2023-12-10,2026-08-12T13:29:33.699965,loans.csv
2381,2373,1,2023-01-29,2023-02-19,2023-02-26,2026-08-12T13:29:33.699965,loans.csv
7149,1141,1,2024-06-01,2024-06-15,2024-06-15,2026-08-12T13:29:33.699965,loans.csv
7773,191,3,2020-03-16,2020-04-06,2020-03-22,2026-08-12T13:29:33.699965,loans.csv
4206,2268,14,2024-06-16,2024-06-30,2024-06-22,2026-08-12T13:29:33.699965,loans.csv
2525,2298,1,2021-10-24,2021-10-14,2021-10-27,2026-08-12T13:29:33.699965,loans.csv
1365,872,1,2024-01-04,2024-01-18,2024-01-10,2026-08-12T13:29:33.699965,loans.csv
1229,1515,1,2022-02-16,2022-03-02,2022-03-26,2026-08-12T13:29:33.699965,loans.csv
5501,2183,1,2023-08-25,2023-09-08,2023-09-02,2026-08-12T13:29:33.699965,loans.csv
8283,2331,1,2023-09-03,2023-09-17,2023-09-06,2026-08-12T13:29:33.699965,loans.csv
4128,1839,11,2021-11-09,2021-11-30,,2026-08-12T13:29:33.699965,loans.csv
7982,1789,41,2020-12-28,2021-01-11,2021-01-01,2026-08-12T13:29:33.699965,loans.csv
1389,1738,1,2023-12-29,2024-01-12,2024-01-05,2026-08-12T13:29:33.699965,loans.csv
3580,2483,1,2024-09-07,2024-08-31,2024-10-11,2026-08-12T13:29:33.699965,loans.csv
5709,1626,4,2023-03-05,2023-03-19,2023-03-14,2026-08-12T13:29:33.699965,loans.csv
1034,2379,2,2024-11-07,2024-11-21,2024-11-21,2026-08-12T13:29:33.699965,loans.csv
8943,1835,1,2022-06-18,2022-07-02,2022-06-24,2026-08-12T13:29:33.699965,loans.csv
7985,1523,1,2024-02-20,2024-02-17,2024-02-22,2026-08-12T13:29:33.699965,loans.csv
741,1136,1,2022-10-22,2022-11-05,2022-11-03,2026-08-12T13:29:33.699965,loans.csv
6663,403,2,2022-03-22,2022-04-05,2022-05-08,2026-08-12T13:29:33.699965,loans.csv
5146,1118,1,2024-04-05,2024-04-19,2024-04-19,2026-08-12T13:29:33.699965,loans.csv
5942,2571,2,2023-08-22,2023-09-05,2023-09-12,2026-08-12T13:29:33.699965,loans.csv
308,552,8,2021-09-12,2021-09-26,2021-09-16,2026-08-12T13:29:33.699965,loans.csv
384,2148,1,2024-01-02,2024-01-16,,2026-08-12T13:29:33.699965,loans.csv
7460,637,1,2024-03-01,2024-03-15,2024-03-02,2026-08-12T13:29:33.699965,loans.csv
8925,1430,38,2023-02-15,2023-03-01,2023-03-05,2026-08-12T13:29:33.699965,loans.csv
676,2359,1,2022-10-22,2022-11-05,2022-10-30,2026-08-12T13:29:33.699965,loans.csv
2156,1112,3,2024-12-14,2024-12-28,,2026-08-12T13:29:33.699965,loans.csv
4255,1950,112,2024-08-13,2024-08-02,2024-08-22,2026-08-12T13:29:33.699965,loans.csv
5157,2638,2,2022-05-10,2022-05-24,2022-05-20,2026-08-12T13:29:33.699965,loans.csv
6110,560,1,2024-09-02,2024-09-16,2024-09-18,2026-08-12T13:29:33.699965,loans.csv
6109,2023,1,2023-03-05,2023-03-26,2023-03-17,2026-08-12T13:29:33.699965,loans.csv
2309,232,1,2020-08-22,2020-09-05,2020-08-30,2026-08-12T13:29:33.699965,loans.csv
2282,2397,4,2024-10-28,2024-11-11,2024-11-14,2026-08-12T13:29:33.699965,loans.csv
1150,199,2,2024-10-06,2024-10-20,2024-10-09,2026-08-12T13:29:33.699965,loans.csv
7104,439,1,2023-09-15,2023-09-29,,2026-08-12T13:29:33.699965,loans.csv
3530,320,27,2023-09-03,2023-09-17,,2026-08-12T13:29:33.699965,loans.csv
4716,1178,2,2024-10-14,2024-10-28,2024-10-25,2026-08-12T13:29:33.699965,loans.csv
7431,2155,1,2022-08-25,2022-09-08,2022-09-06,2026-08-12T13:29:33.699965,loans.csv
888,591,8,2024-10-14,2024-10-28,2024-10-31,2026-08-12T13:29:33.699965,loans.csv
1402,467,184,2021-09-23,2021-10-07,,2026-08-12T13:29:33.699965,loans.csv
3280,36,12,2022-08-29,2022-09-12,2022-09-11,2026-08-12T13:29:33.699965,loans.csv
1760,2617,4,2024-05-24,2024-06-07,2024-05-30,2026-08-12T13:29:33.699965,loans.csv
5411,1377,8,2023-07-13,2023-07-27,2023-07-16,2026-08-12T13:29:33.699965,loans.csv
5775,2182,1,2024-08-13,2024-08-27,2024-08-14,2026-08-12T13:29:33.699965,loans.csv
